experiment_id,subject_id,college,consent_granted,consent_version,deletion_requested,withdrawn_from_experiment,eligible,assigned_at,variant,exposed,application_started_7d,application_submitted_7d,interview_completed_14d,offer_received_21d,event_count
exp_offer_nudge_v1,subj_00001,PES University,True,v2.1,False,True,False,2026-09-12T09:00:00+05:30,excluded,False,False,False,False,False,0
exp_offer_nudge_v1,subj_00002,RV College of Engineering,True,v2.1,False,False,True,2026-09-12T09:00:00+05:30,treatment,True,True,False,False,False,2
exp_offer_nudge_v1,subj_00003,CMR Institute of Technology,True,v2.1,False,False,True,2026-09-12T09:00:00+05:30,control,True,False,False,False,False,1
exp_offer_nudge_v1,subj_00004,New Horizon College of Engineering,True,v2.1,False,False,True,2026-09-12T09:00:00+05:30,treatment,True,False,False,False,False,1
exp_offer_nudge_v1,subj_00005,Dayananda Sagar College of Engineering,True,v2.1,False,False,False,2026-09-12T09:00:00+05:30,excluded,False,False,False,False,False,0
exp_offer_nudge_v1,subj_00006,BMS Institute of Technology,True,v2.1,False,False,True,2026-09-12T09:00:00+05:30,treatment,True,True,False,False,False,2
exp_offer_nudge_v1,subj_00007,PES University,True,v2.1,False,False,True,2026-09-12T09:00:00+05:30,control,True,False,True,True,True,4
exp_offer_nudge_v1,subj_00008,RV College of Engineering,True,v2.1,False,False,True,2026-09-12T09:00:00+05:30,control,True,False,False,False,False,1
exp_offer_nudge_v1,subj_00009,CMR Institute of Technology,True,v2.1,False,False,True,2026-09-12T09:00:00+05:30,control,True,True,False,False,False,2
exp_offer_nudge_v1,subj_00010,New Horizon College of Engineering,True,v2.1,False,False,True,2026-09-12T09:00:00+05:30,treatment,True,True,False,False,False,2
exp_offer_nudge_v1,subj_00011,Dayananda Sagar College of Engineering,True,v2.1,False,False,True,2026-09-12T09:00:00+05:30,control,True,False,True,True,False,3
exp_offer_nudge_v1,subj_00012,BMS Institute of Technology,True,v2.1,False,False,True,2026-09-12T09:00:00+05:30,treatment,True,False,False,False,False,1
exp_offer_nudge_v1,subj_00013,PES University,True,v2.1,False,False,True,2026-09-12T09:00:00+05:30,control,True,False,False,False,False,1
exp_offer_nudge_v1,subj_00014,RV College of Engineering,True,v2.1,False,False,True,2026-09-12T09:00:00+05:30,treatment,True,True,False,False,False,2
exp_offer_nudge_v1,subj_00015,CMR Institute of Technology,True,v2.1,False,False,True,2026-09-12T09:00:00+05:30,treatment,True,True,False,False,False,2
exp_offer_nudge_v1,subj_00016,New Horizon College of Engineering,True,v2.1,False,False,True,2026-09-12T09:00:00+05:30,treatment,True,True,False,False,False,2
exp_offer_nudge_v1,subj_00017,Dayananda Sagar College of Engineering,True,v2.1,False,False,True,2026-09-12T09:00:00+05:30,control,True,False,False,False,False,1
exp_offer_nudge_v1,subj_00018,BMS Institute of Technology,True,v2.1,False,False,True,2026-09-12T09:00:00+05:30,treatment,True,True,False,False,False,2
exp_offer_nudge_v1,subj_00019,PES University,True,v2.1,False,False,True,2026-09-12T09:00:00+05:30,treatment,True,False,False,False,False,1
exp_offer_nudge_v1,subj_00020,RV College of Engineering,True,v2.1,False,False,False,2026-09-12T09:00:00+05:30,excluded,False,False,False,False,False,0
exp_offer_nudge_v1,subj_00021,CMR Institute of Technology,True,v2.1,False,False,True,2026-09-12T09:00:00+05:30,treatment,True,False,False,False,False,1
exp_offer_nudge_v1,subj_00022,New Horizon College of Engineering,True,v2.1,False,False,True,2026-09-12T09:00:00+05:30,treatment,True,True,False,False,False,2
exp_offer_nudge_v1,subj_00023,Dayananda Sagar College of Engineering,True,v2.1,False,False,True,2026-09-12T09:00:00+05:30,control,True,False,False,False,False,1
exp_offer_nudge_v1,subj_00024,BMS Institute of Technology,True,v2.1,False,False,True,2026-09-12T09:00:00+05:30,treatment,True,True,False,False,False,2
exp_offer_nudge_v1,subj_00025,PES University,True,v2.1,False,False,True,2026-09-12T09:00:00+05:30,treatment,True,True,False,False,False,2
exp_offer_nudge_v1,subj_00026,RV College of Engineering,True,v2.1,False,False,False,2026-09-12T09:00:00+05:30,excluded,False,False,False,False,False,0
exp_offer_nudge_v1,subj_00027,CMR Institute of Technology,True,v2.1,False,False,True,2026-09-12T09:00:00+05:30,control,True,False,False,False,False,1
exp_offer_nudge_v1,subj_00028,New Horizon College of Engineering,True,v2.1,False,False,True,2026-09-12T09:00:00+05:30,control,True,True,False,False,False,2
exp_offer_nudge_v1,subj_00029,Dayananda Sagar College of Engineering,True,v2.1,False,False,True,2026-09-12T09:00:00+05:30,control,True,False,False,False,False,1
exp_offer_nudge_v1,subj_00030,BMS Institute of Technology,True,v2.1,False,False,False,2026-09-12T09:00:00+05:30,excluded,False,False,False,False,False,0
exp_offer_nudge_v1,subj_00031,PES University,True,v2.1,False,False,True,2026-09-12T09:00:00+05:30,control,True,False,True,True,False,3
exp_offer_nudge_v1,subj_00032,RV College of Engineering,True,v2.1,False,False,True,2026-09-12T09:00:00+05:30,treatment,True,False,False,False,False,1
exp_offer_nudge_v1,subj_00033,CMR Institute of Technology,True,v2.1,False,False,True,2026-09-12T09:00:00+05:30,treatment,True,True,False,False,False,2
exp_offer_nudge_v1,subj_00034,New Horizon College of Engineering,True,v2.1,False,False,False,2026-09-12T09:00:00+05:30,excluded,False,False,False,False,False,0
exp_offer_nudge_v1,subj_00035,Dayananda Sagar College of Engineering,True,v2.1,False,False,True,2026-09-12T09:00:00+05:30,treatment,True,False,False,False,False,1
exp_offer_nudge_v1,subj_00036,BMS Institute of Technology,True,v2.1,False,False,True,2026-09-12T09:00:00+05:30,control,True,True,False,False,False,2
exp_offer_nudge_v1,subj_00037,PES University,True,v2.1,False,False,True,2026-09-12T09:00:00+05:30,control,True,False,False,False,False,1
exp_offer_nudge_v1,subj_00038,RV College of Engineering,True,v2.1,False,False,True,2026-09-12T09:00:00+05:30,treatment,True,False,False,False,False,1
exp_offer_nudge_v1,subj_00039,CMR Institute of Technology,True,v2.1,False,False,True,2026-09-12T09:00:00+05:30,treatment,True,True,False,False,False,2
exp_offer_nudge_v1,subj_00040,New Horizon College of Engineering,True,v2.1,False,False,True,2026-09-12T09:00:00+05:30,control,True,False,True,True,False,3
exp_offer_nudge_v1,subj_00041,Dayananda Sagar College of Engineering,True,v2.1,False,False,False,2026-09-12T09:00:00+05:30,excluded,False,False,False,False,False,0
exp_offer_nudge_v1,subj_00042,BMS Institute of Technology,True,v2.1,False,False,True,2026-09-12T09:00:00+05:30,control,True,False,True,False,False,2
exp_offer_nudge_v1,subj_00043,PES University,True,v2.1,False,True,False,2026-09-12T09:00:00+05:30,excluded,False,False,False,False,False,0
exp_offer_nudge_v1,subj_00044,RV College of Engineering,True,v2.1,False,False,False,2026-09-12T09:00:00+05:30,excluded,False,False,False,False,False,0
exp_offer_nudge_v1,subj_00045,CMR Institute of Technology,True,v2.1,False,False,True,2026-09-12T09:00:00+05:30,control,True,False,True,False,False,2
exp_offer_nudge_v1,subj_00046,New Horizon College of Engineering,True,v2.1,False,False,True,2026-09-12T09:00:00+05:30,excluded,False,False,False,False,False,0
exp_offer_nudge_v1,subj_00047,Dayananda Sagar College of Engineering,True,v2.1,False,False,True,2026-09-12T09:00:00+05:30,control,True,True,False,False,False,2
exp_offer_nudge_v1,subj_00048,BMS Institute of Technology,True,v2.1,False,False,True,2026-09-12T09:00:00+05:30,treatment,True,True,False,False,False,2
exp_offer_nudge_v1,subj_00049,PES University,True,v2.1,False,False,True,2026-09-12T09:00:00+05:30,treatment,True,True,False,False,False,2
exp_offer_nudge_v1,subj_00050,RV College of Engineering,True,v2.1,False,False,True,2026-09-12T09:00:00+05:30,treatment,True,True,False,False,False,2
exp_offer_nudge_v1,subj_00051,CMR Institute of Technology,True,v2.1,False,False,True,2026-09-12T09:00:00+05:30,excluded,False,False,False,False,False,0
exp_offer_nudge_v1,subj_00052,New Horizon College of Engineering,True,v2.1,False,False,True,2026-09-12T09:00:00+05:30,treatment,True,False,False,False,False,1
exp_offer_nudge_v1,subj_00053,Dayananda Sagar College of Engineering,True,v2.1,False,False,True,2026-09-12T09:00:00+05:30,treatment,True,False,False,False,False,1
exp_offer_nudge_v1,subj_00054,BMS Institute of Technology,True,v2.1,False,False,True,2026-09-12T09:00:00+05:30,control,True,False,False,False,False,1
exp_offer_nudge_v1,subj_00055,PES University,True,v2.1,False,False,True,2026-09-12T09:00:00+05:30,treatment,True,False,False,False,False,1
exp_offer_nudge_v1,subj_00056,RV College of Engineering,True,v2.1,False,False,False,2026-09-12T09:00:00+05:30,excluded,False,False,False,False,False,0
exp_offer_nudge_v1,subj_00057,CMR Institute of Technology,True,v2.1,False,False,True,2026-09-12T09:00:00+05:30,treatment,True,False,False,False,False,1
exp_offer_nudge_v1,subj_00058,New Horizon College of Engineering,True,v2.1,False,False,True,2026-09-12T09:00:00+05:30,treatment,True,False,False,False,False,1
exp_offer_nudge_v1,subj_00059,Dayananda Sagar College of Engineering,True,v2.1,False,False,True,2026-09-12T09:00:00+05:30,treatment,True,False,True,True,True,4
exp_offer_nudge_v1,subj_00060,BMS Institute of Technology,True,v2.1,False,False,True,2026-09-12T09:00:00+05:30,control,True,True,True,False,False,3
exp_offer_nudge_v1,subj_00061,PES University,True,v2.1,False,False,True,2026-09-12T09:00:00+05:30,treatment,True,False,False,False,False,1
exp_offer_nudge_v1,subj_00062,RV College of Engineering,True,v2.1,False,False,True,2026-09-12T09:00:00+05:30,treatment,True,True,True,True,False,4
exp_offer_nudge_v1,subj_00063,CMR Institute of Technology,True,v2.1,False,False,True,2026-09-12T09:00:00+05:30,control,True,False,False,False,False,1
exp_offer_nudge_v1,subj_00064,New Horizon College of Engineering,True,v2.1,False,False,True,2026-09-12T09:00:00+05:30,control,True,False,False,False,False,1
exp_offer_nudge_v1,subj_00065,Dayananda Sagar College of Engineering,True,v2.1,False,False,True,2026-09-12T09:00:00+05:30,excluded,False,False,False,False,False,0
exp_offer_nudge_v1,subj_00066,BMS Institute of Technology,True,v2.1,False,False,True,2026-09-12T09:00:00+05:30,control,True,False,True,True,True,4
exp_offer_nudge_v1,subj_00067,PES University,True,v2.1,False,False,True,2026-09-12T09:00:00+05:30,treatment,True,False,False,False,False,1
exp_offer_nudge_v1,subj_00068,RV College of Engineering,True,v2.1,False,False,False,2026-09-12T09:00:00+05:30,excluded,False,False,False,False,False,0
exp_offer_nudge_v1,subj_00069,CMR Institute of Technology,True,v2.1,True,False,False,2026-09-12T09:00:00+05:30,excluded,False,False,False,False,False,0
exp_offer_nudge_v1,subj_00070,New Horizon College of Engineering,True,v2.1,False,False,False,2026-09-12T09:00:00+05:30,excluded,False,False,False,False,False,0
exp_offer_nudge_v1,subj_00071,Dayananda Sagar College of Engineering,True,v2.1,False,False,False,2026-09-12T09:00:00+05:30,excluded,False,False,False,False,False,0
exp_offer_nudge_v1,subj_00072,BMS Institute of Technology,True,v2.1,False,False,True,2026-09-12T09:00:00+05:30,control,True,False,False,False,False,1
exp_offer_nudge_v1,subj_00073,PES University,True,v2.1,False,False,True,2026-09-12T09:00:00+05:30,control,True,True,False,False,False,2
exp_offer_nudge_v1,subj_00074,RV College of Engineering,True,v2.1,False,False,True,2026-09-12T09:00:00+05:30,control,True,False,False,False,False,1
exp_offer_nudge_v1,subj_00075,CMR Institute of Technology,True,v2.1,False,False,True,2026-09-12T09:00:00+05:30,treatment,True,False,False,False,False,1
exp_offer_nudge_v1,subj_00076,New Horizon College of Engineering,True,v2.1,False,False,True,2026-09-12T09:00:00+05:30,treatment,True,True,True,True,True,5
exp_offer_nudge_v1,subj_00077,Dayananda Sagar College of Engineering,True,v2.1,False,False,True,2026-09-12T09:00:00+05:30,treatment,True,False,False,False,False,1
exp_offer_nudge_v1,subj_00078,BMS Institute of Technology,True,v2.1,False,False,False,2026-09-12T09:00:00+05:30,excluded,False,False,False,False,False,0
exp_offer_nudge_v1,subj_00079,PES University,True,v2.1,False,False,True,2026-09-12T09:00:00+05:30,control,True,False,True,False,False,2
exp_offer_nudge_v1,subj_00080,RV College of Engineering,True,v2.1,False,False,True,2026-09-12T09:00:00+05:30,control,True,False,True,False,False,2
exp_offer_nudge_v1,subj_00081,CMR Institute of Technology,True,v2.1,False,False,True,2026-09-12T09:00:00+05:30,control,True,False,False,False,False,1
exp_offer_nudge_v1,subj_00082,New Horizon College of Engineering,True,v2.1,False,False,True,2026-09-12T09:00:00+05:30,control,True,False,False,False,False,1
exp_offer_nudge_v1,subj_00083,Dayananda Sagar College of Engineering,True,v2.1,False,False,True,2026-09-12T09:00:00+05:30,treatment,True,False,False,False,False,1
exp_offer_nudge_v1,subj_00084,BMS Institute of Technology,True,v2.1,False,False,True,2026-09-12T09:00:00+05:30,control,True,True,False,False,False,2
exp_offer_nudge_v1,subj_00085,PES University,True,v2.1,False,False,False,2026-09-12T09:00:00+05:30,excluded,False,False,False,False,False,0
exp_offer_nudge_v1,subj_00086,RV College of Engineering,True,v2.1,False,False,True,2026-09-12T09:00:00+05:30,treatment,True,True,False,False,False,2
exp_offer_nudge_v1,subj_00087,CMR Institute of Technology,True,v2.1,False,False,False,2026-09-12T09:00:00+05:30,excluded,False,False,False,False,False,0
exp_offer_nudge_v1,subj_00088,New Horizon College of Engineering,True,v2.1,False,False,True,2026-09-12T09:00:00+05:30,treatment,True,True,False,False,False,2
exp_offer_nudge_v1,subj_00089,Dayananda Sagar College of Engineering,True,v2.1,False,False,True,2026-09-12T09:00:00+05:30,treatment,True,False,False,False,False,1
exp_offer_nudge_v1,subj_00090,BMS Institute of Technology,True,v2.1,False,False,True,2026-09-12T09:00:00+05:30,treatment,True,False,False,False,False,1
exp_offer_nudge_v1,subj_00091,PES University,True,v2.1,False,False,True,2026-09-12T09:00:00+05:30,treatment,True,False,True,False,False,2
exp_offer_nudge_v1,subj_00092,RV College of Engineering,True,v2.1,False,False,True,2026-09-12T09:00:00+05:30,control,True,True,True,True,True,5
exp_offer_nudge_v1,subj_00093,CMR Institute of Technology,True,v2.1,False,False,True,2026-09-12T09:00:00+05:30,treatment,True,False,False,False,False,1
exp_offer_nudge_v1,subj_00094,New Horizon College of Engineering,True,v2.1,False,False,False,2026-09-12T09:00:00+05:30,excluded,False,False,False,False,False,0
exp_offer_nudge_v1,subj_00095,Dayananda Sagar College of Engineering,False,,False,False,False,2026-09-12T09:00:00+05:30,excluded,False,False,False,False,False,0
exp_offer_nudge_v1,subj_00096,BMS Institute of Technology,True,v2.1,True,False,False,2026-09-12T09:00:00+05:30,excluded,False,False,False,False,False,0
exp_offer_nudge_v1,subj_00097,PES University,True,v2.1,False,False,True,2026-09-12T09:00:00+05:30,treatment,True,False,False,False,False,1
exp_offer_nudge_v1,subj_00098,RV College of Engineering,True,v2.1,False,False,True,2026-09-12T09:00:00+05:30,control,True,True,False,False,False,2
exp_offer_nudge_v1,subj_00099,CMR Institute of Technology,True,v2.1,False,False,True,2026-09-12T09:00:00+05:30,control,True,False,False,False,False,1
exp_offer_nudge_v1,subj_00100,New Horizon College of Engineering,True,v2.1,False,False,True,2026-09-12T09:00:00+05:30,treatment,True,False,False,False,False,1
exp_offer_nudge_v1,subj_00101,Dayananda Sagar College of Engineering,True,v2.1,False,False,True,2026-09-12T09:00:00+05:30,treatment,True,False,False,False,False,1
exp_offer_nudge_v1,subj_00102,BMS Institute of Technology,True,v2.1,False,False,True,2026-09-12T09:00:00+05:30,control,True,False,False,False,False,1
exp_offer_nudge_v1,subj_00103,PES University,True,v2.1,False,False,True,2026-09-12T09:00:00+05:30,treatment,True,True,False,False,False,2
exp_offer_nudge_v1,subj_00104,RV College of Engineering,True,v2.1,False,False,True,2026-09-12T09:00:00+05:30,treatment,True,False,False,False,False,1
exp_offer_nudge_v1,subj_00105,CMR Institute of Technology,True,v2.1,False,False,True,2026-09-12T09:00:00+05:30,control,True,False,False,False,False,1
exp_offer_nudge_v1,subj_00106,New Horizon College of Engineering,True,v2.1,False,False,False,2026-09-12T09:00:00+05:30,excluded,False,False,False,False,False,0
exp_offer_nudge_v1,subj_00107,Dayananda Sagar College of Engineering,True,v2.1,False,False,True,2026-09-12T09:00:00+05:30,treatment,True,False,False,False,False,1
exp_offer_nudge_v1,subj_00108,BMS Institute of Technology,False,,False,False,False,2026-09-12T09:00:00+05:30,excluded,False,False,False,False,False,0
exp_offer_nudge_v1,subj_00109,PES University,True,v2.1,False,False,True,2026-09-12T09:00:00+05:30,control,True,True,False,False,False,2
exp_offer_nudge_v1,subj_00110,RV College of Engineering,True,v2.1,False,False,True,2026-09-12T09:00:00+05:30,treatment,True,True,False,False,False,2
exp_offer_nudge_v1,subj_00111,CMR Institute of Technology,True,v2.1,False,False,False,2026-09-12T09:00:00+05:30,excluded,False,False,False,False,False,0
exp_offer_nudge_v1,subj_00112,New Horizon College of Engineering,True,v2.1,False,False,False,2026-09-12T09:00:00+05:30,excluded,False,False,False,False,False,0
exp_offer_nudge_v1,subj_00113,Dayananda Sagar College of Engineering,True,v2.1,False,False,True,2026-09-12T09:00:00+05:30,treatment,True,True,False,False,False,2
exp_offer_nudge_v1,subj_00114,BMS Institute of Technology,True,v2.1,False,False,True,2026-09-12T09:00:00+05:30,treatment,True,False,False,False,False,1
exp_offer_nudge_v1,subj_00115,PES University,True,v2.1,False,False,True,2026-09-12T09:00:00+05:30,treatment,True,False,False,False,False,1
exp_offer_nudge_v1,subj_00116,RV College of Engineering,True,v2.1,False,False,False,2026-09-12T09:00:00+05:30,excluded,False,False,False,False,False,0
exp_offer_nudge_v1,subj_00117,CMR Institute of Technology,True,v2.1,False,False,False,2026-09-12T09:00:00+05:30,excluded,False,False,False,False,False,0
exp_offer_nudge_v1,subj_00118,New Horizon College of Engineering,True,v2.1,False,False,True,2026-09-12T09:00:00+05:30,control,True,True,False,False,False,2
exp_offer_nudge_v1,subj_00119,Dayananda Sagar College of Engineering,True,v2.1,False,False,True,2026-09-12T09:00:00+05:30,treatment,True,False,False,False,False,1
exp_offer_nudge_v1,subj_00120,BMS Institute of Technology,True,v2.1,False,False,False,2026-09-12T09:00:00+05:30,excluded,False,False,False,False,False,0
exp_offer_nudge_v1,subj_00121,PES University,True,v2.1,False,False,True,2026-09-12T09:00:00+05:30,treatment,True,False,True,True,False,3
exp_offer_nudge_v1,subj_00122,RV College of Engineering,True,v2.1,False,False,True,2026-09-12T09:00:00+05:30,control,True,False,True,True,True,4
exp_offer_nudge_v1,subj_00123,CMR Institute of Technology,True,v2.1,False,False,True,2026-09-12T09:00:00+05:30,treatment,True,False,False,False,False,1
exp_offer_nudge_v1,subj_00124,New Horizon College of Engineering,True,v2.1,False,False,True,2026-09-12T09:00:00+05:30,treatment,True,False,False,False,False,1
exp_offer_nudge_v1,subj_00125,Dayananda Sagar College of Engineering,True,v2.1,False,False,True,2026-09-12T09:00:00+05:30,control,True,False,False,False,False,1
exp_offer_nudge_v1,subj_00126,BMS Institute of Technology,True,v2.1,False,False,True,2026-09-12T09:00:00+05:30,treatment,True,False,False,False,False,1
exp_offer_nudge_v1,subj_00127,PES University,True,v2.1,False,False,True,2026-09-12T09:00:00+05:30,treatment,True,False,False,False,False,1
exp_offer_nudge_v1,subj_00128,RV College of Engineering,True,v2.1,False,False,False,2026-09-12T09:00:00+05:30,excluded,False,False,False,False,False,0
exp_offer_nudge_v1,subj_00129,CMR Institute of Technology,True,v2.1,False,False,True,2026-09-12T09:00:00+05:30,treatment,True,False,True,True,True,4
exp_offer_nudge_v1,subj_00130,New Horizon College of Engineering,True,v2.1,False,False,True,2026-09-12T09:00:00+05:30,treatment,True,False,True,True,False,3
exp_offer_nudge_v1,subj_00131,Dayananda Sagar College of Engineering,True,v2.1,False,False,True,2026-09-12T09:00:00+05:30,control,True,True,True,True,False,4
exp_offer_nudge_v1,subj_00132,BMS Institute of Technology,True,v2.1,False,False,False,2026-09-12T09:00:00+05:30,excluded,False,False,False,False,False,0
exp_offer_nudge_v1,subj_00133,PES University,True,v2.1,False,False,False,2026-09-12T09:00:00+05:30,excluded,False,False,False,False,False,0
exp_offer_nudge_v1,subj_00134,RV College of Engineering,True,v2.1,False,False,True,2026-09-12T09:00:00+05:30,control,True,False,False,False,False,1
exp_offer_nudge_v1,subj_00135,CMR Institute of Technology,True,v2.1,False,False,True,2026-09-12T09:00:00+05:30,treatment,True,False,False,False,False,1
exp_offer_nudge_v1,subj_00136,New Horizon College of Engineering,True,v2.1,False,False,True,2026-09-12T09:00:00+05:30,treatment,True,False,True,False,False,2
exp_offer_nudge_v1,subj_00137,Dayananda Sagar College of Engineering,True,v2.1,False,False,True,2026-09-12T09:00:00+05:30,control,True,True,True,False,False,3
exp_offer_nudge_v1,subj_00138,BMS Institute of Technology,True,v2.1,False,False,False,2026-09-12T09:00:00+05:30,excluded,False,False,False,False,False,0
exp_offer_nudge_v1,subj_00139,PES University,True,v2.1,False,False,False,2026-09-12T09:00:00+05:30,excluded,False,False,False,False,False,0
exp_offer_nudge_v1,subj_00140,RV College of Engineering,True,v2.1,False,False,False,2026-09-12T09:00:00+05:30,excluded,False,False,False,False,False,0
exp_offer_nudge_v1,subj_00141,CMR Institute of Technology,True,v2.1,False,False,True,2026-09-12T09:00:00+05:30,control,True,False,False,False,False,1
exp_offer_nudge_v1,subj_00142,New Horizon College of Engineering,True,v2.1,False,False,True,2026-09-12T09:00:00+05:30,treatment,True,False,True,True,True,4
exp_offer_nudge_v1,subj_00143,Dayananda Sagar College of Engineering,True,v2.1,False,False,True,2026-09-12T09:00:00+05:30,control,True,False,False,False,False,1
exp_offer_nudge_v1,subj_00144,BMS Institute of Technology,True,v2.1,False,False,True,2026-09-12T09:00:00+05:30,control,True,False,False,False,False,1
exp_offer_nudge_v1,subj_00145,PES University,True,v2.1,False,False,True,2026-09-12T09:00:00+05:30,control,True,False,True,False,False,2
exp_offer_nudge_v1,subj_00146,RV College of Engineering,True,v2.1,False,False,False,2026-09-12T09:00:00+05:30,excluded,False,False,False,False,False,0
exp_offer_nudge_v1,subj_00147,CMR Institute of Technology,True,v2.1,False,False,False,2026-09-12T09:00:00+05:30,excluded,False,False,False,False,False,0
exp_offer_nudge_v1,subj_00148,New Horizon College of Engineering,True,v2.1,False,False,True,2026-09-12T09:00:00+05:30,treatment,True,False,False,False,False,1
exp_offer_nudge_v1,subj_00149,Dayananda Sagar College of Engineering,True,v2.1,False,False,True,2026-09-12T09:00:00+05:30,control,True,True,True,True,True,5
exp_offer_nudge_v1,subj_00150,BMS Institute of Technology,False,,False,False,False,2026-09-12T09:00:00+05:30,excluded,False,False,False,False,False,0
exp_offer_nudge_v1,subj_00151,PES University,True,v2.1,False,True,False,2026-09-12T09:00:00+05:30,excluded,False,False,False,False,False,0
exp_offer_nudge_v1,subj_00152,RV College of Engineering,False,,False,False,False,2026-09-12T09:00:00+05:30,excluded,False,False,False,False,False,0
exp_offer_nudge_v1,subj_00153,CMR Institute of Technology,True,v2.1,False,False,True,2026-09-12T09:00:00+05:30,treatment,True,False,False,False,False,1
exp_offer_nudge_v1,subj_00154,New Horizon College of Engineering,True,v2.1,False,False,True,2026-09-12T09:00:00+05:30,excluded,False,False,False,False,False,0
exp_offer_nudge_v1,subj_00155,Dayananda Sagar College of Engineering,True,v2.1,False,False,True,2026-09-12T09:00:00+05:30,treatment,True,False,False,False,False,1
exp_offer_nudge_v1,subj_00156,BMS Institute of Technology,True,v2.1,False,True,False,2026-09-12T09:00:00+05:30,excluded,False,False,False,False,False,0
exp_offer_nudge_v1,subj_00157,PES University,True,v2.1,False,False,True,2026-09-12T09:00:00+05:30,control,True,False,False,False,False,1
exp_offer_nudge_v1,subj_00158,RV College of Engineering,True,v2.1,False,False,True,2026-09-12T09:00:00+05:30,control,True,True,False,False,False,2
exp_offer_nudge_v1,subj_00159,CMR Institute of Technology,True,v2.1,False,False,True,2026-09-12T09:00:00+05:30,control,True,True,False,False,False,2
exp_offer_nudge_v1,subj_00160,New Horizon College of Engineering,True,v2.1,False,False,True,2026-09-12T09:00:00+05:30,treatment,True,True,False,False,False,2
exp_offer_nudge_v1,subj_00161,Dayananda Sagar College of Engineering,True,v2.1,False,False,True,2026-09-12T09:00:00+05:30,control,True,False,False,False,False,1
exp_offer_nudge_v1,subj_00162,BMS Institute of Technology,True,v2.1,False,False,True,2026-09-12T09:00:00+05:30,treatment,True,False,True,True,True,4
exp_offer_nudge_v1,subj_00163,PES University,True,v2.1,False,False,True,2026-09-12T09:00:00+05:30,treatment,True,True,True,True,True,5
exp_offer_nudge_v1,subj_00164,RV College of Engineering,True,v2.1,False,False,True,2026-09-12T09:00:00+05:30,control,True,False,False,False,False,1
exp_offer_nudge_v1,subj_00165,CMR Institute of Technology,True,v2.1,False,False,True,2026-09-12T09:00:00+05:30,control,True,False,False,False,False,1
exp_offer_nudge_v1,subj_00166,New Horizon College of Engineering,True,v2.1,False,False,True,2026-09-12T09:00:00+05:30,control,True,True,False,False,False,2
exp_offer_nudge_v1,subj_00167,Dayananda Sagar College of Engineering,True,v2.1,False,False,True,2026-09-12T09:00:00+05:30,control,True,False,False,False,False,1
exp_offer_nudge_v1,subj_00168,BMS Institute of Technology,True,v2.1,False,False,True,2026-09-12T09:00:00+05:30,control,True,True,False,False,False,2
exp_offer_nudge_v1,subj_00169,PES University,True,v2.1,False,True,False,2026-09-12T09:00:00+05:30,excluded,False,False,False,False,False,0
exp_offer_nudge_v1,subj_00170,RV College of Engineering,True,v2.1,False,False,True,2026-09-12T09:00:00+05:30,treatment,True,True,False,False,False,2
exp_offer_nudge_v1,subj_00171,CMR Institute of Technology,True,v2.1,False,False,True,2026-09-12T09:00:00+05:30,control,True,False,False,False,False,1
exp_offer_nudge_v1,subj_00172,New Horizon College of Engineering,True,v2.1,False,False,True,2026-09-12T09:00:00+05:30,control,True,False,False,False,False,1
exp_offer_nudge_v1,subj_00173,Dayananda Sagar College of Engineering,False,,False,False,False,2026-09-12T09:00:00+05:30,excluded,False,False,False,False,False,0
exp_offer_nudge_v1,subj_00174,BMS Institute of Technology,True,v2.1,False,False,True,2026-09-12T09:00:00+05:30,control,True,False,False,False,False,1
exp_offer_nudge_v1,subj_00175,PES University,True,v2.1,False,False,True,2026-09-12T09:00:00+05:30,treatment,True,True,False,False,False,2
exp_offer_nudge_v1,subj_00176,RV College of Engineering,True,v2.1,False,False,True,2026-09-12T09:00:00+05:30,treatment,True,False,True,True,True,4
exp_offer_nudge_v1,subj_00177,CMR Institute of Technology,True,v2.1,False,False,True,2026-09-12T09:00:00+05:30,treatment,True,False,False,False,False,1
exp_offer_nudge_v1,subj_00178,New Horizon College of Engineering,True,v2.1,False,False,True,2026-09-12T09:00:00+05:30,control,True,False,False,False,False,1
exp_offer_nudge_v1,subj_00179,Dayananda Sagar College of Engineering,True,v2.1,False,False,True,2026-09-12T09:00:00+05:30,control,True,False,False,False,False,1
exp_offer_nudge_v1,subj_00180,BMS Institute of Technology,True,v2.1,False,False,True,2026-09-12T09:00:00+05:30,control,True,False,False,False,False,1
exp_offer_nudge_v1,subj_00181,PES University,True,v2.1,False,False,True,2026-09-12T09:00:00+05:30,treatment,True,True,False,False,False,2
exp_offer_nudge_v1,subj_00182,RV College of Engineering,True,v2.1,False,False,True,2026-09-12T09:00:00+05:30,treatment,True,False,True,False,False,2
exp_offer_nudge_v1,subj_00183,CMR Institute of Technology,True,v2.1,False,False,True,2026-09-12T09:00:00+05:30,treatment,True,True,False,False,False,2
exp_offer_nudge_v1,subj_00184,New Horizon College of Engineering,True,v2.1,False,False,True,2026-09-12T09:00:00+05:30,control,True,False,False,False,False,1
exp_offer_nudge_v1,subj_00185,Dayananda Sagar College of Engineering,True,v2.1,False,False,True,2026-09-12T09:00:00+05:30,treatment,True,False,False,False,False,1
exp_offer_nudge_v1,subj_00186,BMS Institute of Technology,True,v2.1,False,False,True,2026-09-12T09:00:00+05:30,control,True,True,False,False,False,2
exp_offer_nudge_v1,subj_00187,PES University,True,v2.1,False,False,False,2026-09-12T09:00:00+05:30,excluded,False,False,False,False,False,0
exp_offer_nudge_v1,subj_00188,RV College of Engineering,True,v2.1,False,False,True,2026-09-12T09:00:00+05:30,treatment,True,True,False,False,False,2
exp_offer_nudge_v1,subj_00189,CMR Institute of Technology,True,v2.1,False,False,True,2026-09-12T09:00:00+05:30,control,True,False,False,False,False,1
exp_offer_nudge_v1,subj_00190,New Horizon College of Engineering,False,,False,False,False,2026-09-12T09:00:00+05:30,excluded,False,False,False,False,False,0
exp_offer_nudge_v1,subj_00191,Dayananda Sagar College of Engineering,True,v2.1,False,False,True,2026-09-12T09:00:00+05:30,treatment,True,True,True,False,False,3
exp_offer_nudge_v1,subj_00192,BMS Institute of Technology,True,v2.1,False,False,True,2026-09-12T09:00:00+05:30,control,True,False,False,False,False,1
exp_offer_nudge_v1,subj_00193,PES University,True,v2.1,False,False,True,2026-09-12T09:00:00+05:30,control,True,False,False,False,False,1
exp_offer_nudge_v1,subj_00194,RV College of Engineering,True,v2.1,False,False,True,2026-09-12T09:00:00+05:30,treatment,True,True,True,True,False,4
exp_offer_nudge_v1,subj_00195,CMR Institute of Technology,True,v2.1,False,False,True,2026-09-12T09:00:00+05:30,control,True,False,False,False,False,1
exp_offer_nudge_v1,subj_00196,New Horizon College of Engineering,True,v2.1,False,False,True,2026-09-12T09:00:00+05:30,control,True,False,False,False,False,1
exp_offer_nudge_v1,subj_00197,Dayananda Sagar College of Engineering,True,v2.1,False,False,True,2026-09-12T09:00:00+05:30,control,True,True,False,False,False,2
exp_offer_nudge_v1,subj_00198,BMS Institute of Technology,True,v2.1,False,False,True,2026-09-12T09:00:00+05:30,control,True,False,False,False,False,1
exp_offer_nudge_v1,subj_00199,PES University,True,v2.1,False,False,False,2026-09-12T09:00:00+05:30,excluded,False,False,False,False,False,0
exp_offer_nudge_v1,subj_00200,RV College of Engineering,True,v2.1,False,False,True,2026-09-12T09:00:00+05:30,excluded,False,False,False,False,False,0
exp_offer_nudge_v1,subj_00201,CMR Institute of Technology,True,v2.1,False,False,True,2026-09-12T09:00:00+05:30,control,True,False,False,False,False,1
exp_offer_nudge_v1,subj_00202,New Horizon College of Engineering,True,v2.1,False,False,True,2026-09-12T09:00:00+05:30,control,True,False,False,False,False,1
exp_offer_nudge_v1,subj_00203,Dayananda Sagar College of Engineering,True,v2.1,False,False,True,2026-09-12T09:00:00+05:30,control,True,False,False,False,False,1
exp_offer_nudge_v1,subj_00204,BMS Institute of Technology,True,v2.1,False,False,True,2026-09-12T09:00:00+05:30,treatment,True,False,False,False,False,1
exp_offer_nudge_v1,subj_00205,PES University,True,v2.1,False,False,True,2026-09-12T09:00:00+05:30,control,True,False,False,False,False,1
exp_offer_nudge_v1,subj_00206,RV College of Engineering,True,v2.1,False,False,True,2026-09-12T09:00:00+05:30,control,True,True,False,False,False,2
exp_offer_nudge_v1,subj_00207,CMR Institute of Technology,True,v2.1,False,False,True,2026-09-12T09:00:00+05:30,control,True,True,True,False,False,3
exp_offer_nudge_v1,subj_00208,New Horizon College of Engineering,True,v2.1,False,False,True,2026-09-12T09:00:00+05:30,control,True,True,False,False,False,2
exp_offer_nudge_v1,subj_00209,Dayananda Sagar College of Engineering,True,v2.1,False,False,True,2026-09-12T09:00:00+05:30,treatment,True,True,False,False,False,2
exp_offer_nudge_v1,subj_00210,BMS Institute of Technology,True,v2.1,False,False,False,2026-09-12T09:00:00+05:30,excluded,False,False,False,False,False,0
exp_offer_nudge_v1,subj_00211,PES University,True,v2.1,False,False,True,2026-09-12T09:00:00+05:30,excluded,False,False,False,False,False,0
exp_offer_nudge_v1,subj_00212,RV College of Engineering,False,,False,False,False,2026-09-12T09:00:00+05:30,excluded,False,False,False,False,False,0
exp_offer_nudge_v1,subj_00213,CMR Institute of Technology,True,v2.1,False,False,True,2026-09-12T09:00:00+05:30,control,True,True,False,False,False,2
exp_offer_nudge_v1,subj_00214,New Horizon College of Engineering,True,v2.1,False,False,True,2026-09-12T09:00:00+05:30,treatment,True,False,False,False,False,1
exp_offer_nudge_v1,subj_00215,Dayananda Sagar College of Engineering,True,v2.1,False,False,True,2026-09-12T09:00:00+05:30,control,True,False,False,False,False,1
exp_offer_nudge_v1,subj_00216,BMS Institute of Technology,True,v2.1,False,False,True,2026-09-12T09:00:00+05:30,control,True,False,True,True,False,3
exp_offer_nudge_v1,subj_00217,PES University,True,v2.1,False,False,True,2026-09-12T09:00:00+05:30,treatment,True,False,True,False,False,2
exp_offer_nudge_v1,subj_00218,RV College of Engineering,True,v2.1,False,False,True,2026-09-12T09:00:00+05:30,treatment,True,False,False,False,False,1
exp_offer_nudge_v1,subj_00219,CMR Institute of Technology,True,v2.1,False,False,True,2026-09-12T09:00:00+05:30,treatment,True,True,False,False,False,2
exp_offer_nudge_v1,subj_00220,New Horizon College of Engineering,True,v2.1,False,False,False,2026-09-12T09:00:00+05:30,excluded,False,False,False,False,False,0
exp_offer_nudge_v1,subj_00221,Dayananda Sagar College of Engineering,True,v2.1,False,False,False,2026-09-12T09:00:00+05:30,excluded,False,False,False,False,False,0
exp_offer_nudge_v1,subj_00222,BMS Institute of Technology,True,v2.1,False,False,True,2026-09-12T09:00:00+05:30,control,True,True,False,False,False,2
exp_offer_nudge_v1,subj_00223,PES University,True,v2.1,False,False,True,2026-09-12T09:00:00+05:30,control,True,False,False,False,False,1
exp_offer_nudge_v1,subj_00224,RV College of Engineering,True,v2.1,False,False,True,2026-09-12T09:00:00+05:30,control,True,True,False,False,False,2
exp_offer_nudge_v1,subj_00225,CMR Institute of Technology,True,v2.1,False,False,False,2026-09-12T09:00:00+05:30,excluded,False,False,False,False,False,0
exp_offer_nudge_v1,subj_00226,New Horizon College of Engineering,True,v2.1,False,False,True,2026-09-12T09:00:00+05:30,treatment,True,True,False,False,False,2
exp_offer_nudge_v1,subj_00227,Dayananda Sagar College of Engineering,True,v2.1,False,False,True,2026-09-12T09:00:00+05:30,control,True,False,False,False,False,1
exp_offer_nudge_v1,subj_00228,BMS Institute of Technology,True,v2.1,False,False,True,2026-09-12T09:00:00+05:30,treatment,True,True,False,False,False,2
exp_offer_nudge_v1,subj_00229,PES University,True,v2.1,False,False,True,2026-09-12T09:00:00+05:30,control,True,False,False,False,False,1
exp_offer_nudge_v1,subj_00230,RV College of Engineering,True,v2.1,False,False,False,2026-09-12T09:00:00+05:30,excluded,False,False,False,False,False,0
exp_offer_nudge_v1,subj_00231,CMR Institute of Technology,True,v2.1,False,False,True,2026-09-12T09:00:00+05:30,treatment,True,False,False,False,False,1
exp_offer_nudge_v1,subj_00232,New Horizon College of Engineering,True,v2.1,True,False,False,2026-09-12T09:00:00+05:30,excluded,False,False,False,False,False,0
exp_offer_nudge_v1,subj_00233,Dayananda Sagar College of Engineering,True,v2.1,False,False,True,2026-09-12T09:00:00+05:30,control,True,False,False,False,False,1
exp_offer_nudge_v1,subj_00234,BMS Institute of Technology,True,v2.1,False,False,True,2026-09-12T09:00:00+05:30,treatment,True,False,True,True,False,3
exp_offer_nudge_v1,subj_00235,PES University,True,v2.1,False,False,True,2026-09-12T09:00:00+05:30,treatment,True,False,False,False,False,1
exp_offer_nudge_v1,subj_00236,RV College of Engineering,True,v2.1,False,False,True,2026-09-12T09:00:00+05:30,treatment,True,False,False,False,False,1
exp_offer_nudge_v1,subj_00237,CMR Institute of Technology,True,v2.1,False,False,True,2026-09-12T09:00:00+05:30,treatment,True,False,False,False,False,1
exp_offer_nudge_v1,subj_00238,New Horizon College of Engineering,True,v2.1,False,False,True,2026-09-12T09:00:00+05:30,treatment,True,False,False,False,False,1
exp_offer_nudge_v1,subj_00239,Dayananda Sagar College of Engineering,True,v2.1,False,False,True,2026-09-12T09:00:00+05:30,control,True,True,False,False,False,2
exp_offer_nudge_v1,subj_00240,BMS Institute of Technology,True,v2.1,False,False,True,2026-09-12T09:00:00+05:30,control,True,False,True,False,False,2
exp_offer_nudge_v1,subj_00241,PES University,True,v2.1,False,False,True,2026-09-12T09:00:00+05:30,control,True,False,False,False,False,1
exp_offer_nudge_v1,subj_00242,RV College of Engineering,True,v2.1,False,False,True,2026-09-12T09:00:00+05:30,control,True,False,False,False,False,1
exp_offer_nudge_v1,subj_00243,CMR Institute of Technology,True,v2.1,False,False,True,2026-09-12T09:00:00+05:30,treatment,True,False,True,False,False,2
exp_offer_nudge_v1,subj_00244,New Horizon College of Engineering,True,v2.1,False,False,True,2026-09-12T09:00:00+05:30,control,True,True,False,False,False,2
exp_offer_nudge_v1,subj_00245,Dayananda Sagar College of Engineering,True,v2.1,False,False,True,2026-09-12T09:00:00+05:30,treatment,True,True,False,False,False,2
exp_offer_nudge_v1,subj_00246,BMS Institute of Technology,True,v2.1,False,False,True,2026-09-12T09:00:00+05:30,treatment,True,True,True,False,False,3
exp_offer_nudge_v1,subj_00247,PES University,True,v2.1,False,False,True,2026-09-12T09:00:00+05:30,treatment,True,False,False,False,False,1
exp_offer_nudge_v1,subj_00248,RV College of Engineering,True,v2.1,False,False,True,2026-09-12T09:00:00+05:30,treatment,True,False,False,False,False,1
exp_offer_nudge_v1,subj_00249,CMR Institute of Technology,True,v2.1,False,False,False,2026-09-12T09:00:00+05:30,excluded,False,False,False,False,False,0
exp_offer_nudge_v1,subj_00250,New Horizon College of Engineering,False,,False,False,False,2026-09-12T09:00:00+05:30,excluded,False,False,False,False,False,0
exp_offer_nudge_v1,subj_00251,Dayananda Sagar College of Engineering,True,v2.1,False,False,True,2026-09-12T09:00:00+05:30,control,True,False,False,False,False,1
exp_offer_nudge_v1,subj_00252,BMS Institute of Technology,True,v2.1,False,False,True,2026-09-12T09:00:00+05:30,control,True,False,True,False,False,2
exp_offer_nudge_v1,subj_00253,PES University,True,v2.1,False,True,False,2026-09-12T09:00:00+05:30,excluded,False,False,False,False,False,0
exp_offer_nudge_v1,subj_00254,RV College of Engineering,True,v2.1,False,False,True,2026-09-12T09:00:00+05:30,treatment,True,False,False,False,False,1
exp_offer_nudge_v1,subj_00255,CMR Institute of Technology,True,v2.1,False,False,True,2026-09-12T09:00:00+05:30,control,True,False,False,False,False,1
exp_offer_nudge_v1,subj_00256,New Horizon College of Engineering,True,v2.1,False,False,True,2026-09-12T09:00:00+05:30,control,True,False,False,False,False,1
exp_offer_nudge_v1,subj_00257,Dayananda Sagar College of Engineering,True,v2.1,False,False,True,2026-09-12T09:00:00+05:30,treatment,True,False,False,False,False,1
exp_offer_nudge_v1,subj_00258,BMS Institute of Technology,True,v2.1,False,False,False,2026-09-12T09:00:00+05:30,excluded,False,False,False,False,False,0
exp_offer_nudge_v1,subj_00259,PES University,True,v2.1,False,False,True,2026-09-12T09:00:00+05:30,treatment,True,False,True,False,False,2
exp_offer_nudge_v1,subj_00260,RV College of Engineering,True,v2.1,False,False,True,2026-09-12T09:00:00+05:30,control,True,False,False,False,False,1
exp_offer_nudge_v1,subj_00261,CMR Institute of Technology,True,v2.1,False,False,True,2026-09-12T09:00:00+05:30,control,True,False,True,False,False,2
exp_offer_nudge_v1,subj_00262,New Horizon College of Engineering,True,v2.1,False,False,True,2026-09-12T09:00:00+05:30,treatment,True,False,False,False,False,1
exp_offer_nudge_v1,subj_00263,Dayananda Sagar College of Engineering,True,v2.1,False,False,True,2026-09-12T09:00:00+05:30,control,True,True,False,False,False,2
exp_offer_nudge_v1,subj_00264,BMS Institute of Technology,True,v2.1,False,False,True,2026-09-12T09:00:00+05:30,control,True,True,False,False,False,2
exp_offer_nudge_v1,subj_00265,PES University,True,v2.1,False,True,False,2026-09-12T09:00:00+05:30,excluded,False,False,False,False,False,0
exp_offer_nudge_v1,subj_00266,RV College of Engineering,True,v2.1,False,False,True,2026-09-12T09:00:00+05:30,treatment,True,False,False,False,False,1
exp_offer_nudge_v1,subj_00267,CMR Institute of Technology,True,v2.1,False,False,True,2026-09-12T09:00:00+05:30,control,True,False,True,True,False,3
exp_offer_nudge_v1,subj_00268,New Horizon College of Engineering,True,v2.1,False,False,True,2026-09-12T09:00:00+05:30,treatment,True,False,False,False,False,1
exp_offer_nudge_v1,subj_00269,Dayananda Sagar College of Engineering,False,,False,False,False,2026-09-12T09:00:00+05:30,excluded,False,False,False,False,False,0
exp_offer_nudge_v1,subj_00270,BMS Institute of Technology,True,v2.1,False,False,True,2026-09-12T09:00:00+05:30,treatment,True,False,False,False,False,1
exp_offer_nudge_v1,subj_00271,PES University,True,v2.1,False,False,True,2026-09-12T09:00:00+05:30,control,True,False,False,False,False,1
exp_offer_nudge_v1,subj_00272,RV College of Engineering,False,,False,False,False,2026-09-12T09:00:00+05:30,excluded,False,False,False,False,False,0
exp_offer_nudge_v1,subj_00273,CMR Institute of Technology,True,v2.1,False,False,True,2026-09-12T09:00:00+05:30,control,True,False,True,True,True,4
exp_offer_nudge_v1,subj_00274,New Horizon College of Engineering,True,v2.1,False,False,True,2026-09-12T09:00:00+05:30,treatment,True,True,False,False,False,2
exp_offer_nudge_v1,subj_00275,Dayananda Sagar College of Engineering,True,v2.1,False,False,True,2026-09-12T09:00:00+05:30,control,True,True,False,False,False,2
exp_offer_nudge_v1,subj_00276,BMS Institute of Technology,True,v2.1,False,False,False,2026-09-12T09:00:00+05:30,excluded,False,False,False,False,False,0
exp_offer_nudge_v1,subj_00277,PES University,True,v2.1,False,False,True,2026-09-12T09:00:00+05:30,treatment,True,False,False,False,False,1
exp_offer_nudge_v1,subj_00278,RV College of Engineering,True,v2.1,False,False,True,2026-09-12T09:00:00+05:30,treatment,True,True,False,False,False,2
exp_offer_nudge_v1,subj_00279,CMR Institute of Technology,True,v2.1,False,False,True,2026-09-12T09:00:00+05:30,control,True,False,False,False,False,1
exp_offer_nudge_v1,subj_00280,New Horizon College of Engineering,True,v2.1,False,False,True,2026-09-12T09:00:00+05:30,treatment,True,False,False,False,False,1
exp_offer_nudge_v1,subj_00281,Dayananda Sagar College of Engineering,True,v2.1,False,False,True,2026-09-12T09:00:00+05:30,treatment,True,False,False,False,False,1
exp_offer_nudge_v1,subj_00282,BMS Institute of Technology,True,v2.1,False,False,True,2026-09-12T09:00:00+05:30,control,True,False,False,False,False,1
exp_offer_nudge_v1,subj_00283,PES University,True,v2.1,False,False,True,2026-09-12T09:00:00+05:30,control,True,True,False,False,False,2
exp_offer_nudge_v1,subj_00284,RV College of Engineering,True,v2.1,False,False,True,2026-09-12T09:00:00+05:30,treatment,True,False,False,False,False,1
exp_offer_nudge_v1,subj_00285,CMR Institute of Technology,True,v2.1,False,False,True,2026-09-12T09:00:00+05:30,control,True,False,False,False,False,1
exp_offer_nudge_v1,subj_00286,New Horizon College of Engineering,True,v2.1,False,False,True,2026-09-12T09:00:00+05:30,control,True,True,False,False,False,2
exp_offer_nudge_v1,subj_00287,Dayananda Sagar College of Engineering,True,v2.1,False,False,True,2026-09-12T09:00:00+05:30,treatment,True,True,False,False,False,2
exp_offer_nudge_v1,subj_00288,BMS Institute of Technology,True,v2.1,False,False,True,2026-09-12T09:00:00+05:30,treatment,True,True,False,False,False,2
exp_offer_nudge_v1,subj_00289,PES University,True,v2.1,False,False,True,2026-09-12T09:00:00+05:30,treatment,True,True,False,False,False,2
exp_offer_nudge_v1,subj_00290,RV College of Engineering,True,v2.1,False,False,True,2026-09-12T09:00:00+05:30,control,True,False,True,False,False,2
exp_offer_nudge_v1,subj_00291,CMR Institute of Technology,True,v2.1,False,False,True,2026-09-12T09:00:00+05:30,treatment,True,False,False,False,False,1
exp_offer_nudge_v1,subj_00292,New Horizon College of Engineering,True,v2.1,False,False,True,2026-09-12T09:00:00+05:30,control,True,False,False,False,False,1
exp_offer_nudge_v1,subj_00293,Dayananda Sagar College of Engineering,True,v2.1,False,False,True,2026-09-12T09:00:00+05:30,treatment,True,False,True,True,True,4
exp_offer_nudge_v1,subj_00294,BMS Institute of Technology,True,v2.1,False,False,True,2026-09-12T09:00:00+05:30,treatment,True,True,True,True,True,5
exp_offer_nudge_v1,subj_00295,PES University,True,v2.1,False,False,False,2026-09-12T09:00:00+05:30,excluded,False,False,False,False,False,0
exp_offer_nudge_v1,subj_00296,RV College of Engineering,True,v2.1,False,False,True,2026-09-12T09:00:00+05:30,control,True,True,False,False,False,2
exp_offer_nudge_v1,subj_00297,CMR Institute of Technology,True,v2.1,False,False,True,2026-09-12T09:00:00+05:30,control,True,False,False,False,False,1
exp_offer_nudge_v1,subj_00298,New Horizon College of Engineering,True,v2.1,False,False,True,2026-09-12T09:00:00+05:30,treatment,True,False,False,False,False,1
exp_offer_nudge_v1,subj_00299,Dayananda Sagar College of Engineering,True,v2.1,False,False,True,2026-09-12T09:00:00+05:30,control,True,True,False,False,False,2
exp_offer_nudge_v1,subj_00300,BMS Institute of Technology,True,v2.1,False,False,False,2026-09-12T09:00:00+05:30,excluded,False,False,False,False,False,0
exp_offer_nudge_v1,subj_00301,PES University,True,v2.1,False,False,False,2026-09-12T09:00:00+05:30,excluded,False,False,False,False,False,0
exp_offer_nudge_v1,subj_00302,RV College of Engineering,True,v2.1,False,False,True,2026-09-12T09:00:00+05:30,treatment,True,False,False,False,False,1
exp_offer_nudge_v1,subj_00303,CMR Institute of Technology,True,v2.1,False,False,True,2026-09-12T09:00:00+05:30,treatment,True,False,False,False,False,1
exp_offer_nudge_v1,subj_00304,New Horizon College of Engineering,True,v2.1,False,False,False,2026-09-12T09:00:00+05:30,excluded,False,False,False,False,False,0
exp_offer_nudge_v1,subj_00305,Dayananda Sagar College of Engineering,True,v2.1,False,False,True,2026-09-12T09:00:00+05:30,control,True,False,False,False,False,1
exp_offer_nudge_v1,subj_00306,BMS Institute of Technology,True,v2.1,False,False,True,2026-09-12T09:00:00+05:30,control,True,False,True,True,False,3
exp_offer_nudge_v1,subj_00307,PES University,True,v2.1,False,False,True,2026-09-12T09:00:00+05:30,control,True,False,False,False,False,1
exp_offer_nudge_v1,subj_00308,RV College of Engineering,True,v2.1,False,False,True,2026-09-12T09:00:00+05:30,excluded,False,False,False,False,False,0
exp_offer_nudge_v1,subj_00309,CMR Institute of Technology,True,v2.1,False,False,True,2026-09-12T09:00:00+05:30,treatment,True,False,True,True,True,4
exp_offer_nudge_v1,subj_00310,New Horizon College of Engineering,True,v2.1,False,False,True,2026-09-12T09:00:00+05:30,treatment,True,True,True,False,False,3
exp_offer_nudge_v1,subj_00311,Dayananda Sagar College of Engineering,True,v2.1,False,False,True,2026-09-12T09:00:00+05:30,control,True,False,False,False,False,1
exp_offer_nudge_v1,subj_00312,BMS Institute of Technology,True,v2.1,True,False,False,2026-09-12T09:00:00+05:30,excluded,False,False,False,False,False,0
exp_offer_nudge_v1,subj_00313,PES University,True,v2.1,False,True,False,2026-09-12T09:00:00+05:30,excluded,False,False,False,False,False,0
exp_offer_nudge_v1,subj_00314,RV College of Engineering,True,v2.1,False,False,True,2026-09-12T09:00:00+05:30,treatment,True,False,False,False,False,1
exp_offer_nudge_v1,subj_00315,CMR Institute of Technology,True,v2.1,False,False,True,2026-09-12T09:00:00+05:30,control,True,True,False,False,False,2
exp_offer_nudge_v1,subj_00316,New Horizon College of Engineering,True,v2.1,False,False,True,2026-09-12T09:00:00+05:30,treatment,True,False,True,True,False,3
exp_offer_nudge_v1,subj_00317,Dayananda Sagar College of Engineering,True,v2.1,False,False,True,2026-09-12T09:00:00+05:30,treatment,True,False,False,False,False,1
exp_offer_nudge_v1,subj_00318,BMS Institute of Technology,True,v2.1,False,False,True,2026-09-12T09:00:00+05:30,control,True,True,False,False,False,2
exp_offer_nudge_v1,subj_00319,PES University,True,v2.1,False,False,True,2026-09-12T09:00:00+05:30,treatment,True,False,False,False,False,1
exp_offer_nudge_v1,subj_00320,RV College of Engineering,True,v2.1,False,False,True,2026-09-12T09:00:00+05:30,treatment,True,False,False,False,False,1
exp_offer_nudge_v1,subj_00321,CMR Institute of Technology,True,v2.1,False,False,False,2026-09-12T09:00:00+05:30,excluded,False,False,False,False,False,0
exp_offer_nudge_v1,subj_00322,New Horizon College of Engineering,True,v2.1,False,False,True,2026-09-12T09:00:00+05:30,treatment,True,True,False,False,False,2
exp_offer_nudge_v1,subj_00323,Dayananda Sagar College of Engineering,True,v2.1,False,False,True,2026-09-12T09:00:00+05:30,treatment,True,True,False,False,False,2
exp_offer_nudge_v1,subj_00324,BMS Institute of Technology,True,v2.1,False,False,False,2026-09-12T09:00:00+05:30,excluded,False,False,False,False,False,0
exp_offer_nudge_v1,subj_00325,PES University,True,v2.1,False,False,True,2026-09-12T09:00:00+05:30,control,True,False,False,False,False,1
exp_offer_nudge_v1,subj_00326,RV College of Engineering,True,v2.1,False,True,False,2026-09-12T09:00:00+05:30,excluded,False,False,False,False,False,0
exp_offer_nudge_v1,subj_00327,CMR Institute of Technology,True,v2.1,False,False,True,2026-09-12T09:00:00+05:30,treatment,True,False,False,False,False,1
exp_offer_nudge_v1,subj_00328,New Horizon College of Engineering,True,v2.1,False,False,True,2026-09-12T09:00:00+05:30,control,True,False,False,False,False,1
exp_offer_nudge_v1,subj_00329,Dayananda Sagar College of Engineering,True,v2.1,False,False,True,2026-09-12T09:00:00+05:30,treatment,True,False,False,False,False,1
exp_offer_nudge_v1,subj_00330,BMS Institute of Technology,True,v2.1,False,False,True,2026-09-12T09:00:00+05:30,control,True,True,True,True,False,4
exp_offer_nudge_v1,subj_00331,PES University,True,v2.1,False,False,False,2026-09-12T09:00:00+05:30,excluded,False,False,False,False,False,0
exp_offer_nudge_v1,subj_00332,RV College of Engineering,True,v2.1,False,False,True,2026-09-12T09:00:00+05:30,control,True,False,True,True,True,4
exp_offer_nudge_v1,subj_00333,CMR Institute of Technology,True,v2.1,False,False,False,2026-09-12T09:00:00+05:30,excluded,False,False,False,False,False,0
exp_offer_nudge_v1,subj_00334,New Horizon College of Engineering,True,v2.1,False,False,False,2026-09-12T09:00:00+05:30,excluded,False,False,False,False,False,0
exp_offer_nudge_v1,subj_00335,Dayananda Sagar College of Engineering,True,v2.1,False,False,False,2026-09-12T09:00:00+05:30,excluded,False,False,False,False,False,0
exp_offer_nudge_v1,subj_00336,BMS Institute of Technology,True,v2.1,False,False,True,2026-09-12T09:00:00+05:30,control,True,False,True,True,False,3
exp_offer_nudge_v1,subj_00337,PES University,True,v2.1,False,False,True,2026-09-12T09:00:00+05:30,control,True,False,False,False,False,1
exp_offer_nudge_v1,subj_00338,RV College of Engineering,True,v2.1,False,False,False,2026-09-12T09:00:00+05:30,excluded,False,False,False,False,False,0
exp_offer_nudge_v1,subj_00339,CMR Institute of Technology,True,v2.1,False,False,False,2026-09-12T09:00:00+05:30,excluded,False,False,False,False,False,0
exp_offer_nudge_v1,subj_00340,New Horizon College of Engineering,True,v2.1,False,False,False,2026-09-12T09:00:00+05:30,excluded,False,False,False,False,False,0
exp_offer_nudge_v1,subj_00341,Dayananda Sagar College of Engineering,True,v2.1,False,False,False,2026-09-12T09:00:00+05:30,excluded,False,False,False,False,False,0
exp_offer_nudge_v1,subj_00342,BMS Institute of Technology,True,v2.1,False,False,True,2026-09-12T09:00:00+05:30,treatment,True,False,False,False,False,1
exp_offer_nudge_v1,subj_00343,PES University,True,v2.1,False,False,True,2026-09-12T09:00:00+05:30,treatment,True,True,False,False,False,2
exp_offer_nudge_v1,subj_00344,RV College of Engineering,True,v2.1,False,False,True,2026-09-12T09:00:00+05:30,treatment,True,False,False,False,False,1
exp_offer_nudge_v1,subj_00345,CMR Institute of Technology,True,v2.1,False,False,True,2026-09-12T09:00:00+05:30,control,True,True,False,False,False,2
exp_offer_nudge_v1,subj_00346,New Horizon College of Engineering,True,v2.1,False,False,True,2026-09-12T09:00:00+05:30,treatment,True,True,False,False,False,2
exp_offer_nudge_v1,subj_00347,Dayananda Sagar College of Engineering,True,v2.1,False,False,True,2026-09-12T09:00:00+05:30,control,True,False,False,False,False,1
exp_offer_nudge_v1,subj_00348,BMS Institute of Technology,True,v2.1,False,False,False,2026-09-12T09:00:00+05:30,excluded,False,False,False,False,False,0
exp_offer_nudge_v1,subj_00349,PES University,True,v2.1,False,False,True,2026-09-12T09:00:00+05:30,treatment,True,False,False,False,False,1
exp_offer_nudge_v1,subj_00350,RV College of Engineering,True,v2.1,False,False,True,2026-09-12T09:00:00+05:30,treatment,True,True,False,False,False,2
exp_offer_nudge_v1,subj_00351,CMR Institute of Technology,True,v2.1,False,False,True,2026-09-12T09:00:00+05:30,control,True,False,False,False,False,1
exp_offer_nudge_v1,subj_00352,New Horizon College of Engineering,True,v2.1,False,False,True,2026-09-12T09:00:00+05:30,treatment,True,True,False,False,False,2
exp_offer_nudge_v1,subj_00353,Dayananda Sagar College of Engineering,True,v2.1,False,False,True,2026-09-12T09:00:00+05:30,control,True,False,False,False,False,1
exp_offer_nudge_v1,subj_00354,BMS Institute of Technology,True,v2.1,False,False,True,2026-09-12T09:00:00+05:30,control,True,False,False,False,False,1
exp_offer_nudge_v1,subj_00355,PES University,True,v2.1,False,False,True,2026-09-12T09:00:00+05:30,control,True,False,False,False,False,1
exp_offer_nudge_v1,subj_00356,RV College of Engineering,True,v2.1,False,False,False,2026-09-12T09:00:00+05:30,excluded,False,False,False,False,False,0
exp_offer_nudge_v1,subj_00357,CMR Institute of Technology,True,v2.1,False,False,True,2026-09-12T09:00:00+05:30,control,True,False,False,False,False,1
exp_offer_nudge_v1,subj_00358,New Horizon College of Engineering,True,v2.1,False,False,True,2026-09-12T09:00:00+05:30,control,True,False,False,False,False,1
exp_offer_nudge_v1,subj_00359,Dayananda Sagar College of Engineering,True,v2.1,False,False,True,2026-09-12T09:00:00+05:30,control,True,True,False,False,False,2
exp_offer_nudge_v1,subj_00360,BMS Institute of Technology,True,v2.1,False,False,True,2026-09-12T09:00:00+05:30,treatment,True,True,False,False,False,2
exp_offer_nudge_v1,subj_00361,PES University,True,v2.1,False,False,True,2026-09-12T09:00:00+05:30,treatment,True,False,False,False,False,1
exp_offer_nudge_v1,subj_00362,RV College of Engineering,True,v2.1,False,False,True,2026-09-12T09:00:00+05:30,treatment,True,False,False,False,False,1
exp_offer_nudge_v1,subj_00363,CMR Institute of Technology,True,v2.1,False,False,True,2026-09-12T09:00:00+05:30,control,True,False,False,False,False,1
exp_offer_nudge_v1,subj_00364,New Horizon College of Engineering,True,v2.1,False,True,False,2026-09-12T09:00:00+05:30,excluded,False,False,False,False,False,0
exp_offer_nudge_v1,subj_00365,Dayananda Sagar College of Engineering,True,v2.1,False,False,False,2026-09-12T09:00:00+05:30,excluded,False,False,False,False,False,0
exp_offer_nudge_v1,subj_00366,BMS Institute of Technology,True,v2.1,False,False,True,2026-09-12T09:00:00+05:30,treatment,True,False,False,False,False,1
exp_offer_nudge_v1,subj_00367,PES University,True,v2.1,False,False,True,2026-09-12T09:00:00+05:30,control,True,False,False,False,False,1
exp_offer_nudge_v1,subj_00368,RV College of Engineering,True,v2.1,False,False,False,2026-09-12T09:00:00+05:30,excluded,False,False,False,False,False,0
exp_offer_nudge_v1,subj_00369,CMR Institute of Technology,True,v2.1,False,False,True,2026-09-12T09:00:00+05:30,treatment,True,True,False,False,False,2
exp_offer_nudge_v1,subj_00370,New Horizon College of Engineering,True,v2.1,False,False,True,2026-09-12T09:00:00+05:30,treatment,True,False,False,False,False,1
exp_offer_nudge_v1,subj_00371,Dayananda Sagar College of Engineering,True,v2.1,False,False,True,2026-09-12T09:00:00+05:30,treatment,True,False,False,False,False,1
exp_offer_nudge_v1,subj_00372,BMS Institute of Technology,True,v2.1,False,False,True,2026-09-12T09:00:00+05:30,control,True,True,False,False,False,2
exp_offer_nudge_v1,subj_00373,PES University,True,v2.1,False,False,True,2026-09-12T09:00:00+05:30,treatment,True,False,True,True,True,4
exp_offer_nudge_v1,subj_00374,RV College of Engineering,True,v2.1,False,False,True,2026-09-12T09:00:00+05:30,control,True,False,False,False,False,1
exp_offer_nudge_v1,subj_00375,CMR Institute of Technology,True,v2.1,False,False,True,2026-09-12T09:00:00+05:30,treatment,True,True,False,False,False,2
exp_offer_nudge_v1,subj_00376,New Horizon College of Engineering,True,v2.1,False,False,True,2026-09-12T09:00:00+05:30,treatment,True,False,True,False,False,2
exp_offer_nudge_v1,subj_00377,Dayananda Sagar College of Engineering,True,v2.1,False,False,False,2026-09-12T09:00:00+05:30,excluded,False,False,False,False,False,0
exp_offer_nudge_v1,subj_00378,BMS Institute of Technology,True,v2.1,False,False,True,2026-09-12T09:00:00+05:30,control,True,False,False,False,False,1
exp_offer_nudge_v1,subj_00379,PES University,True,v2.1,False,False,True,2026-09-12T09:00:00+05:30,control,True,False,False,False,False,1
exp_offer_nudge_v1,subj_00380,RV College of Engineering,True,v2.1,False,False,True,2026-09-12T09:00:00+05:30,control,True,False,True,True,False,3
exp_offer_nudge_v1,subj_00381,CMR Institute of Technology,True,v2.1,False,False,True,2026-09-12T09:00:00+05:30,control,True,False,False,False,False,1
exp_offer_nudge_v1,subj_00382,New Horizon College of Engineering,True,v2.1,False,False,True,2026-09-12T09:00:00+05:30,treatment,True,True,False,False,False,2
exp_offer_nudge_v1,subj_00383,Dayananda Sagar College of Engineering,True,v2.1,False,False,True,2026-09-12T09:00:00+05:30,treatment,True,False,False,False,False,1
exp_offer_nudge_v1,subj_00384,BMS Institute of Technology,True,v2.1,False,False,True,2026-09-12T09:00:00+05:30,treatment,True,True,False,False,False,2
exp_offer_nudge_v1,subj_00385,PES University,True,v2.1,False,False,True,2026-09-12T09:00:00+05:30,control,True,False,True,True,False,3
exp_offer_nudge_v1,subj_00386,RV College of Engineering,True,v2.1,False,False,True,2026-09-12T09:00:00+05:30,control,True,False,True,False,False,2
exp_offer_nudge_v1,subj_00387,CMR Institute of Technology,True,v2.1,False,False,True,2026-09-12T09:00:00+05:30,treatment,True,False,True,False,False,2
exp_offer_nudge_v1,subj_00388,New Horizon College of Engineering,True,v2.1,False,False,True,2026-09-12T09:00:00+05:30,treatment,True,False,True,False,False,2
exp_offer_nudge_v1,subj_00389,Dayananda Sagar College of Engineering,True,v2.1,False,False,True,2026-09-12T09:00:00+05:30,control,True,False,False,False,False,1
exp_offer_nudge_v1,subj_00390,BMS Institute of Technology,True,v2.1,False,False,True,2026-09-12T09:00:00+05:30,treatment,True,False,False,False,False,1
exp_offer_nudge_v1,subj_00391,PES University,True,v2.1,False,False,True,2026-09-12T09:00:00+05:30,control,True,False,False,False,False,1
exp_offer_nudge_v1,subj_00392,RV College of Engineering,True,v2.1,False,False,True,2026-09-12T09:00:00+05:30,control,True,False,False,False,False,1
exp_offer_nudge_v1,subj_00393,CMR Institute of Technology,True,v2.1,False,False,True,2026-09-12T09:00:00+05:30,treatment,True,False,False,False,False,1
exp_offer_nudge_v1,subj_00394,New Horizon College of Engineering,True,v2.1,False,False,True,2026-09-12T09:00:00+05:30,control,True,False,False,False,False,1
exp_offer_nudge_v1,subj_00395,Dayananda Sagar College of Engineering,True,v2.1,False,False,True,2026-09-12T09:00:00+05:30,treatment,True,False,False,False,False,1
exp_offer_nudge_v1,subj_00396,BMS Institute of Technology,True,v2.1,False,False,True,2026-09-12T09:00:00+05:30,treatment,True,False,False,False,False,1
exp_offer_nudge_v1,subj_00397,PES University,True,v2.1,False,False,True,2026-09-12T09:00:00+05:30,treatment,True,False,False,False,False,1
exp_offer_nudge_v1,subj_00398,RV College of Engineering,True,v2.1,False,False,True,2026-09-12T09:00:00+05:30,treatment,True,False,False,False,False,1
exp_offer_nudge_v1,subj_00399,CMR Institute of Technology,True,v2.1,False,False,True,2026-09-12T09:00:00+05:30,control,True,False,False,False,False,1
exp_offer_nudge_v1,subj_00400,New Horizon College of Engineering,True,v2.1,False,False,True,2026-09-12T09:00:00+05:30,control,True,False,False,False,False,1
exp_offer_nudge_v1,subj_00401,Dayananda Sagar College of Engineering,True,v2.1,False,False,True,2026-09-12T09:00:00+05:30,treatment,True,True,True,False,False,3
exp_offer_nudge_v1,subj_00402,BMS Institute of Technology,True,v2.1,False,False,True,2026-09-12T09:00:00+05:30,treatment,True,False,False,False,False,1
exp_offer_nudge_v1,subj_00403,PES University,True,v2.1,False,False,True,2026-09-12T09:00:00+05:30,control,True,True,True,True,False,4
exp_offer_nudge_v1,subj_00404,RV College of Engineering,True,v2.1,False,False,True,2026-09-12T09:00:00+05:30,treatment,True,False,False,False,False,1
exp_offer_nudge_v1,subj_00405,CMR Institute of Technology,True,v2.1,False,False,True,2026-09-12T09:00:00+05:30,control,True,False,False,False,False,1
exp_offer_nudge_v1,subj_00406,New Horizon College of Engineering,True,v2.1,False,False,True,2026-09-12T09:00:00+05:30,treatment,True,False,False,False,False,1
exp_offer_nudge_v1,subj_00407,Dayananda Sagar College of Engineering,True,v2.1,False,False,True,2026-09-12T09:00:00+05:30,control,True,False,True,False,False,2
exp_offer_nudge_v1,subj_00408,BMS Institute of Technology,True,v2.1,False,False,True,2026-09-12T09:00:00+05:30,treatment,True,True,False,False,False,2
exp_offer_nudge_v1,subj_00409,PES University,True,v2.1,False,False,True,2026-09-12T09:00:00+05:30,control,True,True,True,False,False,3
exp_offer_nudge_v1,subj_00410,RV College of Engineering,True,v2.1,False,False,True,2026-09-12T09:00:00+05:30,control,True,False,False,False,False,1
exp_offer_nudge_v1,subj_00411,CMR Institute of Technology,True,v2.1,False,False,True,2026-09-12T09:00:00+05:30,treatment,True,True,False,False,False,2
exp_offer_nudge_v1,subj_00412,New Horizon College of Engineering,True,v2.1,False,False,True,2026-09-12T09:00:00+05:30,treatment,True,True,False,False,False,2
exp_offer_nudge_v1,subj_00413,Dayananda Sagar College of Engineering,True,v2.1,False,False,True,2026-09-12T09:00:00+05:30,treatment,True,True,False,False,False,2
exp_offer_nudge_v1,subj_00414,BMS Institute of Technology,True,v2.1,False,False,True,2026-09-12T09:00:00+05:30,treatment,True,False,False,False,False,1
exp_offer_nudge_v1,subj_00415,PES University,True,v2.1,False,False,True,2026-09-12T09:00:00+05:30,control,True,False,False,False,False,1
exp_offer_nudge_v1,subj_00416,RV College of Engineering,True,v2.1,False,False,True,2026-09-12T09:00:00+05:30,control,True,False,False,False,False,1
exp_offer_nudge_v1,subj_00417,CMR Institute of Technology,True,v2.1,False,False,True,2026-09-12T09:00:00+05:30,control,True,True,True,True,False,4
exp_offer_nudge_v1,subj_00418,New Horizon College of Engineering,True,v2.1,False,True,False,2026-09-12T09:00:00+05:30,excluded,False,False,False,False,False,0
exp_offer_nudge_v1,subj_00419,Dayananda Sagar College of Engineering,True,v2.1,False,False,True,2026-09-12T09:00:00+05:30,treatment,True,True,False,False,False,2
exp_offer_nudge_v1,subj_00420,BMS Institute of Technology,True,v2.1,False,False,False,2026-09-12T09:00:00+05:30,excluded,False,False,False,False,False,0
exp_offer_nudge_v1,subj_00421,PES University,False,,False,False,False,2026-09-12T09:00:00+05:30,excluded,False,False,False,False,False,0
exp_offer_nudge_v1,subj_00422,RV College of Engineering,True,v2.1,False,False,True,2026-09-12T09:00:00+05:30,treatment,True,True,False,False,False,2
exp_offer_nudge_v1,subj_00423,CMR Institute of Technology,True,v2.1,False,False,True,2026-09-12T09:00:00+05:30,control,True,False,False,False,False,1
exp_offer_nudge_v1,subj_00424,New Horizon College of Engineering,True,v2.1,False,False,True,2026-09-12T09:00:00+05:30,treatment,True,True,False,False,False,2
exp_offer_nudge_v1,subj_00425,Dayananda Sagar College of Engineering,True,v2.1,False,False,False,2026-09-12T09:00:00+05:30,excluded,False,False,False,False,False,0
exp_offer_nudge_v1,subj_00426,BMS Institute of Technology,True,v2.1,False,False,True,2026-09-12T09:00:00+05:30,treatment,True,False,False,False,False,1
exp_offer_nudge_v1,subj_00427,PES University,True,v2.1,False,False,True,2026-09-12T09:00:00+05:30,control,True,False,False,False,False,1
exp_offer_nudge_v1,subj_00428,RV College of Engineering,True,v2.1,False,False,True,2026-09-12T09:00:00+05:30,control,True,False,False,False,False,1
exp_offer_nudge_v1,subj_00429,CMR Institute of Technology,True,v2.1,False,False,True,2026-09-12T09:00:00+05:30,treatment,True,False,True,True,True,4
exp_offer_nudge_v1,subj_00430,New Horizon College of Engineering,True,v2.1,False,False,True,2026-09-12T09:00:00+05:30,treatment,True,False,True,True,True,4
exp_offer_nudge_v1,subj_00431,Dayananda Sagar College of Engineering,True,v2.1,False,False,True,2026-09-12T09:00:00+05:30,treatment,True,False,True,False,False,2
exp_offer_nudge_v1,subj_00432,BMS Institute of Technology,True,v2.1,False,False,True,2026-09-12T09:00:00+05:30,control,True,True,False,False,False,2
exp_offer_nudge_v1,subj_00433,PES University,True,v2.1,False,False,True,2026-09-12T09:00:00+05:30,treatment,True,False,False,False,False,1
exp_offer_nudge_v1,subj_00434,RV College of Engineering,False,,False,False,False,2026-09-12T09:00:00+05:30,excluded,False,False,False,False,False,0
exp_offer_nudge_v1,subj_00435,CMR Institute of Technology,True,v2.1,False,False,False,2026-09-12T09:00:00+05:30,excluded,False,False,False,False,False,0
exp_offer_nudge_v1,subj_00436,New Horizon College of Engineering,True,v2.1,False,False,True,2026-09-12T09:00:00+05:30,control,True,False,False,False,False,1
exp_offer_nudge_v1,subj_00437,Dayananda Sagar College of Engineering,True,v2.1,True,False,False,2026-09-12T09:00:00+05:30,excluded,False,False,False,False,False,0
exp_offer_nudge_v1,subj_00438,BMS Institute of Technology,True,v2.1,False,False,True,2026-09-12T09:00:00+05:30,treatment,True,False,False,False,False,1
exp_offer_nudge_v1,subj_00439,PES University,True,v2.1,False,False,True,2026-09-12T09:00:00+05:30,control,True,False,False,False,False,1
exp_offer_nudge_v1,subj_00440,RV College of Engineering,True,v2.1,False,False,True,2026-09-12T09:00:00+05:30,treatment,True,True,True,False,False,3
exp_offer_nudge_v1,subj_00441,CMR Institute of Technology,True,v2.1,False,False,False,2026-09-12T09:00:00+05:30,excluded,False,False,False,False,False,0
exp_offer_nudge_v1,subj_00442,New Horizon College of Engineering,True,v2.1,False,False,True,2026-09-12T09:00:00+05:30,treatment,True,False,False,False,False,1
exp_offer_nudge_v1,subj_00443,Dayananda Sagar College of Engineering,True,v2.1,False,False,True,2026-09-12T09:00:00+05:30,control,True,True,False,False,False,2
exp_offer_nudge_v1,subj_00444,BMS Institute of Technology,True,v2.1,False,False,True,2026-09-12T09:00:00+05:30,treatment,True,False,True,False,False,2
exp_offer_nudge_v1,subj_00445,PES University,True,v2.1,False,False,True,2026-09-12T09:00:00+05:30,control,True,True,False,False,False,2
exp_offer_nudge_v1,subj_00446,RV College of Engineering,True,v2.1,False,False,True,2026-09-12T09:00:00+05:30,excluded,False,False,False,False,False,0
exp_offer_nudge_v1,subj_00447,CMR Institute of Technology,True,v2.1,False,False,False,2026-09-12T09:00:00+05:30,excluded,False,False,False,False,False,0
exp_offer_nudge_v1,subj_00448,New Horizon College of Engineering,True,v2.1,False,False,True,2026-09-12T09:00:00+05:30,control,True,False,False,False,False,1
exp_offer_nudge_v1,subj_00449,Dayananda Sagar College of Engineering,True,v2.1,False,False,True,2026-09-12T09:00:00+05:30,control,True,True,False,False,False,2
exp_offer_nudge_v1,subj_00450,BMS Institute of Technology,True,v2.1,False,False,True,2026-09-12T09:00:00+05:30,treatment,True,False,False,False,False,1
exp_offer_nudge_v1,subj_00451,PES University,True,v2.1,False,False,True,2026-09-12T09:00:00+05:30,treatment,True,True,True,True,True,5
exp_offer_nudge_v1,subj_00452,RV College of Engineering,True,v2.1,False,False,True,2026-09-12T09:00:00+05:30,control,True,False,False,False,False,1
exp_offer_nudge_v1,subj_00453,CMR Institute of Technology,True,v2.1,False,False,True,2026-09-12T09:00:00+05:30,control,True,False,False,False,False,1
exp_offer_nudge_v1,subj_00454,New Horizon College of Engineering,True,v2.1,False,False,True,2026-09-12T09:00:00+05:30,control,True,False,False,False,False,1
exp_offer_nudge_v1,subj_00455,Dayananda Sagar College of Engineering,True,v2.1,False,False,False,2026-09-12T09:00:00+05:30,excluded,False,False,False,False,False,0
exp_offer_nudge_v1,subj_00456,BMS Institute of Technology,True,v2.1,False,False,True,2026-09-12T09:00:00+05:30,control,True,False,False,False,False,1
exp_offer_nudge_v1,subj_00457,PES University,True,v2.1,False,False,True,2026-09-12T09:00:00+05:30,treatment,True,False,False,False,False,1
exp_offer_nudge_v1,subj_00458,RV College of Engineering,True,v2.1,False,False,True,2026-09-12T09:00:00+05:30,treatment,True,False,False,False,False,1
exp_offer_nudge_v1,subj_00459,CMR Institute of Technology,True,v2.1,False,False,True,2026-09-12T09:00:00+05:30,treatment,True,False,False,False,False,1
exp_offer_nudge_v1,subj_00460,New Horizon College of Engineering,True,v2.1,False,False,True,2026-09-12T09:00:00+05:30,control,True,False,False,False,False,1
exp_offer_nudge_v1,subj_00461,Dayananda Sagar College of Engineering,True,v2.1,False,False,True,2026-09-12T09:00:00+05:30,treatment,True,False,False,False,False,1
exp_offer_nudge_v1,subj_00462,BMS Institute of Technology,True,v2.1,False,False,True,2026-09-12T09:00:00+05:30,treatment,True,False,False,False,False,1
exp_offer_nudge_v1,subj_00463,PES University,True,v2.1,False,False,True,2026-09-12T09:00:00+05:30,treatment,True,False,False,False,False,1
exp_offer_nudge_v1,subj_00464,RV College of Engineering,True,v2.1,False,False,True,2026-09-12T09:00:00+05:30,control,True,False,False,False,False,1
exp_offer_nudge_v1,subj_00465,CMR Institute of Technology,True,v2.1,False,False,True,2026-09-12T09:00:00+05:30,treatment,True,True,False,False,False,2
exp_offer_nudge_v1,subj_00466,New Horizon College of Engineering,True,v2.1,False,False,True,2026-09-12T09:00:00+05:30,control,True,False,False,False,False,1
exp_offer_nudge_v1,subj_00467,Dayananda Sagar College of Engineering,True,v2.1,False,False,True,2026-09-12T09:00:00+05:30,treatment,True,False,True,True,False,3
exp_offer_nudge_v1,subj_00468,BMS Institute of Technology,True,v2.1,False,False,True,2026-09-12T09:00:00+05:30,control,True,True,False,False,False,2
exp_offer_nudge_v1,subj_00469,PES University,True,v2.1,False,False,True,2026-09-12T09:00:00+05:30,control,True,True,False,False,False,2
exp_offer_nudge_v1,subj_00470,RV College of Engineering,True,v2.1,False,False,True,2026-09-12T09:00:00+05:30,control,True,False,False,False,False,1
exp_offer_nudge_v1,subj_00471,CMR Institute of Technology,True,v2.1,False,False,True,2026-09-12T09:00:00+05:30,treatment,True,False,False,False,False,1
exp_offer_nudge_v1,subj_00472,New Horizon College of Engineering,True,v2.1,False,False,True,2026-09-12T09:00:00+05:30,treatment,True,True,False,False,False,2
exp_offer_nudge_v1,subj_00473,Dayananda Sagar College of Engineering,True,v2.1,False,False,True,2026-09-12T09:00:00+05:30,control,True,True,True,True,False,4
exp_offer_nudge_v1,subj_00474,BMS Institute of Technology,True,v2.1,False,False,True,2026-09-12T09:00:00+05:30,control,True,False,False,False,False,1
exp_offer_nudge_v1,subj_00475,PES University,True,v2.1,False,False,True,2026-09-12T09:00:00+05:30,treatment,True,False,False,False,False,1
exp_offer_nudge_v1,subj_00476,RV College of Engineering,True,v2.1,False,False,False,2026-09-12T09:00:00+05:30,excluded,False,False,False,False,False,0
exp_offer_nudge_v1,subj_00477,CMR Institute of Technology,True,v2.1,False,False,True,2026-09-12T09:00:00+05:30,treatment,True,True,True,True,False,4
exp_offer_nudge_v1,subj_00478,New Horizon College of Engineering,True,v2.1,False,False,False,2026-09-12T09:00:00+05:30,excluded,False,False,False,False,False,0
exp_offer_nudge_v1,subj_00479,Dayananda Sagar College of Engineering,True,v2.1,False,False,False,2026-09-12T09:00:00+05:30,excluded,False,False,False,False,False,0
exp_offer_nudge_v1,subj_00480,BMS Institute of Technology,True,v2.1,False,False,True,2026-09-12T09:00:00+05:30,treatment,True,False,False,False,False,1
exp_offer_nudge_v1,subj_00481,PES University,True,v2.1,False,False,True,2026-09-12T09:00:00+05:30,control,True,False,True,True,True,4
exp_offer_nudge_v1,subj_00482,RV College of Engineering,True,v2.1,False,False,True,2026-09-12T09:00:00+05:30,control,True,False,True,False,False,2
exp_offer_nudge_v1,subj_00483,CMR Institute of Technology,True,v2.1,False,False,False,2026-09-12T09:00:00+05:30,excluded,False,False,False,False,False,0
exp_offer_nudge_v1,subj_00484,New Horizon College of Engineering,True,v2.1,False,False,True,2026-09-12T09:00:00+05:30,control,True,False,True,False,False,2
exp_offer_nudge_v1,subj_00485,Dayananda Sagar College of Engineering,True,v2.1,False,False,True,2026-09-12T09:00:00+05:30,treatment,True,False,False,False,False,1
exp_offer_nudge_v1,subj_00486,BMS Institute of Technology,True,v2.1,False,False,True,2026-09-12T09:00:00+05:30,treatment,True,False,False,False,False,1
exp_offer_nudge_v1,subj_00487,PES University,True,v2.1,False,False,True,2026-09-12T09:00:00+05:30,control,True,True,False,False,False,2
exp_offer_nudge_v1,subj_00488,RV College of Engineering,True,v2.1,False,False,True,2026-09-12T09:00:00+05:30,control,True,False,True,False,False,2
exp_offer_nudge_v1,subj_00489,CMR Institute of Technology,True,v2.1,False,False,True,2026-09-12T09:00:00+05:30,control,True,False,False,False,False,1
exp_offer_nudge_v1,subj_00490,New Horizon College of Engineering,True,v2.1,False,False,True,2026-09-12T09:00:00+05:30,treatment,True,False,False,False,False,1
exp_offer_nudge_v1,subj_00491,Dayananda Sagar College of Engineering,True,v2.1,False,False,True,2026-09-12T09:00:00+05:30,control,True,True,True,True,False,4
exp_offer_nudge_v1,subj_00492,BMS Institute of Technology,True,v2.1,False,False,True,2026-09-12T09:00:00+05:30,control,True,False,False,False,False,1
exp_offer_nudge_v1,subj_00493,PES University,True,v2.1,False,False,True,2026-09-12T09:00:00+05:30,control,True,True,False,False,False,2
exp_offer_nudge_v1,subj_00494,RV College of Engineering,True,v2.1,False,False,True,2026-09-12T09:00:00+05:30,treatment,True,False,False,False,False,1
exp_offer_nudge_v1,subj_00495,CMR Institute of Technology,False,,False,False,False,2026-09-12T09:00:00+05:30,excluded,False,False,False,False,False,0
exp_offer_nudge_v1,subj_00496,New Horizon College of Engineering,True,v2.1,False,False,True,2026-09-12T09:00:00+05:30,control,True,False,False,False,False,1
exp_offer_nudge_v1,subj_00497,Dayananda Sagar College of Engineering,True,v2.1,False,False,True,2026-09-12T09:00:00+05:30,control,True,False,False,False,False,1
exp_offer_nudge_v1,subj_00498,BMS Institute of Technology,True,v2.1,False,False,True,2026-09-12T09:00:00+05:30,control,True,True,True,True,False,4
exp_offer_nudge_v1,subj_00499,PES University,True,v2.1,False,False,False,2026-09-12T09:00:00+05:30,excluded,False,False,False,False,False,0
exp_offer_nudge_v1,subj_00500,RV College of Engineering,True,v2.1,False,False,True,2026-09-12T09:00:00+05:30,control,True,True,False,False,False,2
exp_offer_nudge_v1,subj_00501,CMR Institute of Technology,True,v2.1,False,False,True,2026-09-12T09:00:00+05:30,control,True,False,False,False,False,1
exp_offer_nudge_v1,subj_00502,New Horizon College of Engineering,True,v2.1,False,False,True,2026-09-12T09:00:00+05:30,control,True,False,False,False,False,1
exp_offer_nudge_v1,subj_00503,Dayananda Sagar College of Engineering,True,v2.1,False,False,True,2026-09-12T09:00:00+05:30,control,True,True,False,False,False,2
exp_offer_nudge_v1,subj_00504,BMS Institute of Technology,True,v2.1,False,False,True,2026-09-12T09:00:00+05:30,control,True,True,True,False,False,3
exp_offer_nudge_v1,subj_00505,PES University,True,v2.1,False,False,True,2026-09-12T09:00:00+05:30,treatment,True,True,True,False,False,3
exp_offer_nudge_v1,subj_00506,RV College of Engineering,True,v2.1,False,False,True,2026-09-12T09:00:00+05:30,control,True,False,True,True,True,4
exp_offer_nudge_v1,subj_00507,CMR Institute of Technology,True,v2.1,False,False,True,2026-09-12T09:00:00+05:30,control,True,False,False,False,False,1
exp_offer_nudge_v1,subj_00508,New Horizon College of Engineering,True,v2.1,False,False,True,2026-09-12T09:00:00+05:30,control,True,False,False,False,False,1
exp_offer_nudge_v1,subj_00509,Dayananda Sagar College of Engineering,True,v2.1,False,False,True,2026-09-12T09:00:00+05:30,control,True,False,False,False,False,1
exp_offer_nudge_v1,subj_00510,BMS Institute of Technology,True,v2.1,False,False,False,2026-09-12T09:00:00+05:30,excluded,False,False,False,False,False,0
exp_offer_nudge_v1,subj_00511,PES University,True,v2.1,False,False,True,2026-09-12T09:00:00+05:30,treatment,True,False,True,False,False,2
exp_offer_nudge_v1,subj_00512,RV College of Engineering,True,v2.1,False,False,True,2026-09-12T09:00:00+05:30,treatment,True,True,True,True,True,5
exp_offer_nudge_v1,subj_00513,CMR Institute of Technology,True,v2.1,False,False,False,2026-09-12T09:00:00+05:30,excluded,False,False,False,False,False,0
exp_offer_nudge_v1,subj_00514,New Horizon College of Engineering,True,v2.1,False,False,True,2026-09-12T09:00:00+05:30,control,True,True,True,True,False,4
exp_offer_nudge_v1,subj_00515,Dayananda Sagar College of Engineering,True,v2.1,False,False,True,2026-09-12T09:00:00+05:30,control,True,False,False,False,False,1
exp_offer_nudge_v1,subj_00516,BMS Institute of Technology,True,v2.1,False,False,True,2026-09-12T09:00:00+05:30,treatment,True,False,True,True,False,3
exp_offer_nudge_v1,subj_00517,PES University,True,v2.1,False,False,True,2026-09-12T09:00:00+05:30,treatment,True,False,False,False,False,1
exp_offer_nudge_v1,subj_00518,RV College of Engineering,True,v2.1,False,False,True,2026-09-12T09:00:00+05:30,control,True,False,False,False,False,1
exp_offer_nudge_v1,subj_00519,CMR Institute of Technology,True,v2.1,False,False,True,2026-09-12T09:00:00+05:30,control,True,True,False,False,False,2
exp_offer_nudge_v1,subj_00520,New Horizon College of Engineering,True,v2.1,False,False,False,2026-09-12T09:00:00+05:30,excluded,False,False,False,False,False,0
exp_offer_nudge_v1,subj_00521,Dayananda Sagar College of Engineering,True,v2.1,False,False,True,2026-09-12T09:00:00+05:30,treatment,True,True,False,False,False,2
exp_offer_nudge_v1,subj_00522,BMS Institute of Technology,True,v2.1,False,False,True,2026-09-12T09:00:00+05:30,treatment,True,False,True,False,False,2
exp_offer_nudge_v1,subj_00523,PES University,True,v2.1,False,False,False,2026-09-12T09:00:00+05:30,excluded,False,False,False,False,False,0
exp_offer_nudge_v1,subj_00524,RV College of Engineering,True,v2.1,False,False,True,2026-09-12T09:00:00+05:30,control,True,False,False,False,False,1
exp_offer_nudge_v1,subj_00525,CMR Institute of Technology,True,v2.1,False,False,True,2026-09-12T09:00:00+05:30,control,True,False,False,False,False,1
exp_offer_nudge_v1,subj_00526,New Horizon College of Engineering,True,v2.1,False,False,True,2026-09-12T09:00:00+05:30,excluded,False,False,False,False,False,0
exp_offer_nudge_v1,subj_00527,Dayananda Sagar College of Engineering,True,v2.1,False,False,True,2026-09-12T09:00:00+05:30,treatment,True,False,True,False,False,2
exp_offer_nudge_v1,subj_00528,BMS Institute of Technology,True,v2.1,False,False,False,2026-09-12T09:00:00+05:30,excluded,False,False,False,False,False,0
exp_offer_nudge_v1,subj_00529,PES University,True,v2.1,False,False,True,2026-09-12T09:00:00+05:30,treatment,True,False,False,False,False,1
exp_offer_nudge_v1,subj_00530,RV College of Engineering,True,v2.1,False,False,True,2026-09-12T09:00:00+05:30,treatment,True,False,True,True,False,3
exp_offer_nudge_v1,subj_00531,CMR Institute of Technology,True,v2.1,False,False,True,2026-09-12T09:00:00+05:30,treatment,True,False,False,False,False,1
exp_offer_nudge_v1,subj_00532,New Horizon College of Engineering,True,v2.1,False,False,True,2026-09-12T09:00:00+05:30,treatment,True,False,False,False,False,1
exp_offer_nudge_v1,subj_00533,Dayananda Sagar College of Engineering,True,v2.1,False,False,True,2026-09-12T09:00:00+05:30,treatment,True,False,True,True,False,3
exp_offer_nudge_v1,subj_00534,BMS Institute of Technology,True,v2.1,False,False,True,2026-09-12T09:00:00+05:30,treatment,True,False,False,False,False,1
exp_offer_nudge_v1,subj_00535,PES University,True,v2.1,False,False,True,2026-09-12T09:00:00+05:30,control,True,False,False,False,False,1
exp_offer_nudge_v1,subj_00536,RV College of Engineering,True,v2.1,False,False,True,2026-09-12T09:00:00+05:30,treatment,True,False,False,False,False,1
exp_offer_nudge_v1,subj_00537,CMR Institute of Technology,True,v2.1,False,False,True,2026-09-12T09:00:00+05:30,control,True,True,True,True,False,4
exp_offer_nudge_v1,subj_00538,New Horizon College of Engineering,True,v2.1,False,False,True,2026-09-12T09:00:00+05:30,treatment,True,False,False,False,False,1
exp_offer_nudge_v1,subj_00539,Dayananda Sagar College of Engineering,True,v2.1,False,False,True,2026-09-12T09:00:00+05:30,control,True,False,True,False,False,2
exp_offer_nudge_v1,subj_00540,BMS Institute of Technology,True,v2.1,False,False,False,2026-09-12T09:00:00+05:30,excluded,False,False,False,False,False,0
exp_offer_nudge_v1,subj_00541,PES University,True,v2.1,False,False,True,2026-09-12T09:00:00+05:30,treatment,True,False,True,True,False,3
exp_offer_nudge_v1,subj_00542,RV College of Engineering,True,v2.1,False,False,False,2026-09-12T09:00:00+05:30,excluded,False,False,False,False,False,0
exp_offer_nudge_v1,subj_00543,CMR Institute of Technology,False,,False,False,False,2026-09-12T09:00:00+05:30,excluded,False,False,False,False,False,0
exp_offer_nudge_v1,subj_00544,New Horizon College of Engineering,True,v2.1,False,False,True,2026-09-12T09:00:00+05:30,control,True,False,False,False,False,1
exp_offer_nudge_v1,subj_00545,Dayananda Sagar College of Engineering,True,v2.1,False,False,True,2026-09-12T09:00:00+05:30,control,True,False,False,False,False,1
exp_offer_nudge_v1,subj_00546,BMS Institute of Technology,True,v2.1,False,False,True,2026-09-12T09:00:00+05:30,control,True,False,False,False,False,1
exp_offer_nudge_v1,subj_00547,PES University,True,v2.1,False,False,True,2026-09-12T09:00:00+05:30,control,True,False,False,False,False,1
exp_offer_nudge_v1,subj_00548,RV College of Engineering,True,v2.1,False,False,True,2026-09-12T09:00:00+05:30,treatment,True,False,False,False,False,1
exp_offer_nudge_v1,subj_00549,CMR Institute of Technology,True,v2.1,False,False,True,2026-09-12T09:00:00+05:30,treatment,True,False,False,False,False,1
exp_offer_nudge_v1,subj_00550,New Horizon College of Engineering,True,v2.1,False,False,True,2026-09-12T09:00:00+05:30,control,True,False,True,True,True,4
exp_offer_nudge_v1,subj_00551,Dayananda Sagar College of Engineering,True,v2.1,False,False,True,2026-09-12T09:00:00+05:30,control,True,True,False,False,False,2
exp_offer_nudge_v1,subj_00552,BMS Institute of Technology,True,v2.1,False,False,True,2026-09-12T09:00:00+05:30,control,True,False,False,False,False,1
exp_offer_nudge_v1,subj_00553,PES University,True,v2.1,False,True,False,2026-09-12T09:00:00+05:30,excluded,False,False,False,False,False,0
exp_offer_nudge_v1,subj_00554,RV College of Engineering,True,v2.1,False,False,True,2026-09-12T09:00:00+05:30,treatment,True,True,True,False,False,3
exp_offer_nudge_v1,subj_00555,CMR Institute of Technology,True,v2.1,False,False,False,2026-09-12T09:00:00+05:30,excluded,False,False,False,False,False,0
exp_offer_nudge_v1,subj_00556,New Horizon College of Engineering,True,v2.1,False,False,True,2026-09-12T09:00:00+05:30,control,True,True,False,False,False,2
exp_offer_nudge_v1,subj_00557,Dayananda Sagar College of Engineering,True,v2.1,True,False,False,2026-09-12T09:00:00+05:30,excluded,False,False,False,False,False,0
exp_offer_nudge_v1,subj_00558,BMS Institute of Technology,True,v2.1,False,False,True,2026-09-12T09:00:00+05:30,control,True,False,False,False,False,1
exp_offer_nudge_v1,subj_00559,PES University,True,v2.1,False,False,True,2026-09-12T09:00:00+05:30,control,True,False,False,False,False,1
exp_offer_nudge_v1,subj_00560,RV College of Engineering,True,v2.1,False,False,True,2026-09-12T09:00:00+05:30,control,True,True,False,False,False,2
exp_offer_nudge_v1,subj_00561,CMR Institute of Technology,True,v2.1,False,False,True,2026-09-12T09:00:00+05:30,control,True,False,False,False,False,1
exp_offer_nudge_v1,subj_00562,New Horizon College of Engineering,True,v2.1,False,False,True,2026-09-12T09:00:00+05:30,treatment,True,False,False,False,False,1
exp_offer_nudge_v1,subj_00563,Dayananda Sagar College of Engineering,True,v2.1,False,False,True,2026-09-12T09:00:00+05:30,control,True,False,False,False,False,1
exp_offer_nudge_v1,subj_00564,BMS Institute of Technology,True,v2.1,False,False,True,2026-09-12T09:00:00+05:30,treatment,True,False,False,False,False,1
exp_offer_nudge_v1,subj_00565,PES University,True,v2.1,False,False,True,2026-09-12T09:00:00+05:30,treatment,True,True,True,False,False,3
exp_offer_nudge_v1,subj_00566,RV College of Engineering,True,v2.1,False,False,True,2026-09-12T09:00:00+05:30,control,True,True,False,False,False,2
exp_offer_nudge_v1,subj_00567,CMR Institute of Technology,True,v2.1,False,False,True,2026-09-12T09:00:00+05:30,control,True,False,False,False,False,1
exp_offer_nudge_v1,subj_00568,New Horizon College of Engineering,True,v2.1,False,False,True,2026-09-12T09:00:00+05:30,control,True,False,False,False,False,1
exp_offer_nudge_v1,subj_00569,Dayananda Sagar College of Engineering,True,v2.1,False,False,True,2026-09-12T09:00:00+05:30,treatment,True,False,False,False,False,1
exp_offer_nudge_v1,subj_00570,BMS Institute of Technology,True,v2.1,False,False,True,2026-09-12T09:00:00+05:30,treatment,True,False,False,False,False,1
exp_offer_nudge_v1,subj_00571,PES University,True,v2.1,False,False,True,2026-09-12T09:00:00+05:30,treatment,True,False,True,False,False,2
exp_offer_nudge_v1,subj_00572,RV College of Engineering,True,v2.1,False,False,True,2026-09-12T09:00:00+05:30,control,True,False,True,False,False,2
exp_offer_nudge_v1,subj_00573,CMR Institute of Technology,True,v2.1,False,False,True,2026-09-12T09:00:00+05:30,treatment,True,False,True,False,False,2
exp_offer_nudge_v1,subj_00574,New Horizon College of Engineering,True,v2.1,False,False,True,2026-09-12T09:00:00+05:30,control,True,True,False,False,False,2
exp_offer_nudge_v1,subj_00575,Dayananda Sagar College of Engineering,False,,False,False,False,2026-09-12T09:00:00+05:30,excluded,False,False,False,False,False,0
exp_offer_nudge_v1,subj_00576,BMS Institute of Technology,True,v2.1,False,False,True,2026-09-12T09:00:00+05:30,treatment,True,False,False,False,False,1
exp_offer_nudge_v1,subj_00577,PES University,True,v2.1,False,False,True,2026-09-12T09:00:00+05:30,treatment,True,True,False,False,False,2
exp_offer_nudge_v1,subj_00578,RV College of Engineering,True,v2.1,False,False,False,2026-09-12T09:00:00+05:30,excluded,False,False,False,False,False,0
exp_offer_nudge_v1,subj_00579,CMR Institute of Technology,True,v2.1,False,False,True,2026-09-12T09:00:00+05:30,control,True,False,False,False,False,1
exp_offer_nudge_v1,subj_00580,New Horizon College of Engineering,True,v2.1,False,False,True,2026-09-12T09:00:00+05:30,control,True,False,False,False,False,1
exp_offer_nudge_v1,subj_00581,Dayananda Sagar College of Engineering,True,v2.1,False,False,True,2026-09-12T09:00:00+05:30,control,True,True,False,False,False,2
exp_offer_nudge_v1,subj_00582,BMS Institute of Technology,True,v2.1,False,False,True,2026-09-12T09:00:00+05:30,treatment,True,True,False,False,False,2
exp_offer_nudge_v1,subj_00583,PES University,True,v2.1,False,False,True,2026-09-12T09:00:00+05:30,control,True,False,True,True,True,4
exp_offer_nudge_v1,subj_00584,RV College of Engineering,True,v2.1,False,False,True,2026-09-12T09:00:00+05:30,treatment,True,True,False,False,False,2
exp_offer_nudge_v1,subj_00585,CMR Institute of Technology,False,,True,True,False,2026-09-12T09:00:00+05:30,excluded,False,False,False,False,False,0
exp_offer_nudge_v1,subj_00586,New Horizon College of Engineering,True,v2.1,False,False,True,2026-09-12T09:00:00+05:30,treatment,True,True,True,False,False,3
exp_offer_nudge_v1,subj_00587,Dayananda Sagar College of Engineering,True,v2.1,False,False,True,2026-09-12T09:00:00+05:30,control,True,True,False,False,False,2
exp_offer_nudge_v1,subj_00588,BMS Institute of Technology,True,v2.1,False,False,True,2026-09-12T09:00:00+05:30,treatment,True,False,False,False,False,1
exp_offer_nudge_v1,subj_00589,PES University,True,v2.1,False,False,False,2026-09-12T09:00:00+05:30,excluded,False,False,False,False,False,0
exp_offer_nudge_v1,subj_00590,RV College of Engineering,True,v2.1,False,False,True,2026-09-12T09:00:00+05:30,control,True,False,True,False,False,2
exp_offer_nudge_v1,subj_00591,CMR Institute of Technology,True,v2.1,False,False,True,2026-09-12T09:00:00+05:30,control,True,False,False,False,False,1
exp_offer_nudge_v1,subj_00592,New Horizon College of Engineering,True,v2.1,False,False,True,2026-09-12T09:00:00+05:30,control,True,True,False,False,False,2
exp_offer_nudge_v1,subj_00593,Dayananda Sagar College of Engineering,True,v2.1,False,False,True,2026-09-12T09:00:00+05:30,control,True,False,False,False,False,1
exp_offer_nudge_v1,subj_00594,BMS Institute of Technology,True,v2.1,False,False,True,2026-09-12T09:00:00+05:30,treatment,True,True,False,False,False,2
exp_offer_nudge_v1,subj_00595,PES University,True,v2.1,False,False,True,2026-09-12T09:00:00+05:30,treatment,True,False,True,True,False,3
exp_offer_nudge_v1,subj_00596,RV College of Engineering,True,v2.1,False,False,True,2026-09-12T09:00:00+05:30,treatment,True,False,False,False,False,1
exp_offer_nudge_v1,subj_00597,CMR Institute of Technology,True,v2.1,False,False,False,2026-09-12T09:00:00+05:30,excluded,False,False,False,False,False,0
exp_offer_nudge_v1,subj_00598,New Horizon College of Engineering,True,v2.1,False,False,True,2026-09-12T09:00:00+05:30,control,True,True,False,False,False,2
exp_offer_nudge_v1,subj_00599,Dayananda Sagar College of Engineering,True,v2.1,False,False,True,2026-09-12T09:00:00+05:30,treatment,True,False,False,False,False,1
exp_offer_nudge_v1,subj_00600,BMS Institute of Technology,True,v2.1,False,False,True,2026-09-12T09:00:00+05:30,treatment,True,True,False,False,False,2
exp_offer_nudge_v1,subj_00601,PES University,True,v2.1,False,False,True,2026-09-12T09:00:00+05:30,control,True,True,False,False,False,2
exp_offer_nudge_v1,subj_00602,RV College of Engineering,True,v2.1,False,False,True,2026-09-12T09:00:00+05:30,control,True,False,False,False,False,1
exp_offer_nudge_v1,subj_00603,CMR Institute of Technology,False,,False,False,False,2026-09-12T09:00:00+05:30,excluded,False,False,False,False,False,0
exp_offer_nudge_v1,subj_00604,New Horizon College of Engineering,True,v2.1,False,False,True,2026-09-12T09:00:00+05:30,treatment,True,True,False,False,False,2
exp_offer_nudge_v1,subj_00605,Dayananda Sagar College of Engineering,True,v2.1,False,False,True,2026-09-12T09:00:00+05:30,control,True,False,False,False,False,1
exp_offer_nudge_v1,subj_00606,BMS Institute of Technology,True,v2.1,False,False,True,2026-09-12T09:00:00+05:30,control,True,False,True,False,False,2
exp_offer_nudge_v1,subj_00607,PES University,True,v2.1,False,False,True,2026-09-12T09:00:00+05:30,control,True,False,True,True,False,3
exp_offer_nudge_v1,subj_00608,RV College of Engineering,True,v2.1,False,False,True,2026-09-12T09:00:00+05:30,treatment,True,False,False,False,False,1
exp_offer_nudge_v1,subj_00609,CMR Institute of Technology,True,v2.1,False,False,True,2026-09-12T09:00:00+05:30,treatment,True,False,False,False,False,1
exp_offer_nudge_v1,subj_00610,New Horizon College of Engineering,True,v2.1,False,False,True,2026-09-12T09:00:00+05:30,treatment,True,True,True,True,True,5
exp_offer_nudge_v1,subj_00611,Dayananda Sagar College of Engineering,True,v2.1,False,False,True,2026-09-12T09:00:00+05:30,treatment,True,True,False,False,False,2
exp_offer_nudge_v1,subj_00612,BMS Institute of Technology,True,v2.1,False,False,True,2026-09-12T09:00:00+05:30,control,True,True,False,False,False,2
exp_offer_nudge_v1,subj_00613,PES University,True,v2.1,False,False,True,2026-09-12T09:00:00+05:30,treatment,True,False,False,False,False,1
exp_offer_nudge_v1,subj_00614,RV College of Engineering,True,v2.1,False,False,True,2026-09-12T09:00:00+05:30,control,True,True,False,False,False,2
exp_offer_nudge_v1,subj_00615,CMR Institute of Technology,True,v2.1,False,False,True,2026-09-12T09:00:00+05:30,treatment,True,False,True,False,False,2
exp_offer_nudge_v1,subj_00616,New Horizon College of Engineering,True,v2.1,False,False,True,2026-09-12T09:00:00+05:30,treatment,True,False,True,True,True,4
exp_offer_nudge_v1,subj_00617,Dayananda Sagar College of Engineering,True,v2.1,False,False,True,2026-09-12T09:00:00+05:30,treatment,True,False,False,False,False,1
exp_offer_nudge_v1,subj_00618,BMS Institute of Technology,True,v2.1,False,False,True,2026-09-12T09:00:00+05:30,treatment,True,False,False,False,False,1
exp_offer_nudge_v1,subj_00619,PES University,True,v2.1,False,False,True,2026-09-12T09:00:00+05:30,treatment,True,True,False,False,False,2
exp_offer_nudge_v1,subj_00620,RV College of Engineering,True,v2.1,False,False,True,2026-09-12T09:00:00+05:30,treatment,True,False,False,False,False,1
exp_offer_nudge_v1,subj_00621,CMR Institute of Technology,True,v2.1,False,False,True,2026-09-12T09:00:00+05:30,excluded,False,False,False,False,False,0
exp_offer_nudge_v1,subj_00622,New Horizon College of Engineering,True,v2.1,False,False,True,2026-09-12T09:00:00+05:30,treatment,True,False,False,False,False,1
exp_offer_nudge_v1,subj_00623,Dayananda Sagar College of Engineering,True,v2.1,False,False,False,2026-09-12T09:00:00+05:30,excluded,False,False,False,False,False,0
exp_offer_nudge_v1,subj_00624,BMS Institute of Technology,True,v2.1,False,False,True,2026-09-12T09:00:00+05:30,treatment,True,False,True,True,True,4
exp_offer_nudge_v1,subj_00625,PES University,True,v2.1,False,False,True,2026-09-12T09:00:00+05:30,treatment,True,False,False,False,False,1
exp_offer_nudge_v1,subj_00626,RV College of Engineering,True,v2.1,False,False,True,2026-09-12T09:00:00+05:30,treatment,True,True,False,False,False,2
exp_offer_nudge_v1,subj_00627,CMR Institute of Technology,True,v2.1,False,False,True,2026-09-12T09:00:00+05:30,control,True,False,True,True,False,3
exp_offer_nudge_v1,subj_00628,New Horizon College of Engineering,True,v2.1,False,False,True,2026-09-12T09:00:00+05:30,control,True,False,False,False,False,1
exp_offer_nudge_v1,subj_00629,Dayananda Sagar College of Engineering,True,v2.1,False,False,False,2026-09-12T09:00:00+05:30,excluded,False,False,False,False,False,0
exp_offer_nudge_v1,subj_00630,BMS Institute of Technology,True,v2.1,False,False,True,2026-09-12T09:00:00+05:30,treatment,True,False,False,False,False,1
exp_offer_nudge_v1,subj_00631,PES University,True,v2.1,False,False,True,2026-09-12T09:00:00+05:30,control,True,False,False,False,False,1
exp_offer_nudge_v1,subj_00632,RV College of Engineering,True,v2.1,False,False,True,2026-09-12T09:00:00+05:30,control,True,False,True,True,True,4
exp_offer_nudge_v1,subj_00633,CMR Institute of Technology,True,v2.1,False,False,True,2026-09-12T09:00:00+05:30,control,True,False,False,False,False,1
exp_offer_nudge_v1,subj_00634,New Horizon College of Engineering,True,v2.1,False,False,True,2026-09-12T09:00:00+05:30,control,True,True,False,False,False,2
exp_offer_nudge_v1,subj_00635,Dayananda Sagar College of Engineering,True,v2.1,False,False,True,2026-09-12T09:00:00+05:30,treatment,True,True,True,False,False,3
exp_offer_nudge_v1,subj_00636,BMS Institute of Technology,True,v2.1,False,False,True,2026-09-12T09:00:00+05:30,treatment,True,False,False,False,False,1
exp_offer_nudge_v1,subj_00637,PES University,True,v2.1,False,False,True,2026-09-12T09:00:00+05:30,treatment,True,False,False,False,False,1
exp_offer_nudge_v1,subj_00638,RV College of Engineering,True,v2.1,False,True,False,2026-09-12T09:00:00+05:30,excluded,False,False,False,False,False,0
exp_offer_nudge_v1,subj_00639,CMR Institute of Technology,True,v2.1,False,False,True,2026-09-12T09:00:00+05:30,treatment,True,False,False,False,False,1
exp_offer_nudge_v1,subj_00640,New Horizon College of Engineering,True,v2.1,False,False,True,2026-09-12T09:00:00+05:30,control,True,True,False,False,False,2
exp_offer_nudge_v1,subj_00641,Dayananda Sagar College of Engineering,True,v2.1,False,False,True,2026-09-12T09:00:00+05:30,treatment,True,True,False,False,False,2
exp_offer_nudge_v1,subj_00642,BMS Institute of Technology,True,v2.1,False,False,True,2026-09-12T09:00:00+05:30,treatment,True,True,False,False,False,2
exp_offer_nudge_v1,subj_00643,PES University,True,v2.1,False,False,True,2026-09-12T09:00:00+05:30,control,True,False,False,False,False,1
exp_offer_nudge_v1,subj_00644,RV College of Engineering,True,v2.1,False,False,True,2026-09-12T09:00:00+05:30,treatment,True,False,False,False,False,1
exp_offer_nudge_v1,subj_00645,CMR Institute of Technology,True,v2.1,False,False,True,2026-09-12T09:00:00+05:30,control,True,False,True,True,False,3
exp_offer_nudge_v1,subj_00646,New Horizon College of Engineering,True,v2.1,False,False,True,2026-09-12T09:00:00+05:30,treatment,True,False,False,False,False,1
exp_offer_nudge_v1,subj_00647,Dayananda Sagar College of Engineering,True,v2.1,False,False,True,2026-09-12T09:00:00+05:30,control,True,True,False,False,False,2
exp_offer_nudge_v1,subj_00648,BMS Institute of Technology,True,v2.1,False,False,True,2026-09-12T09:00:00+05:30,treatment,True,False,False,False,False,1
exp_offer_nudge_v1,subj_00649,PES University,True,v2.1,False,False,True,2026-09-12T09:00:00+05:30,control,True,False,True,True,False,3
exp_offer_nudge_v1,subj_00650,RV College of Engineering,True,v2.1,False,False,True,2026-09-12T09:00:00+05:30,control,True,True,False,False,False,2
exp_offer_nudge_v1,subj_00651,CMR Institute of Technology,False,,False,False,False,2026-09-12T09:00:00+05:30,excluded,False,False,False,False,False,0
exp_offer_nudge_v1,subj_00652,New Horizon College of Engineering,True,v2.1,False,False,True,2026-09-12T09:00:00+05:30,treatment,True,True,True,False,False,3
exp_offer_nudge_v1,subj_00653,Dayananda Sagar College of Engineering,True,v2.1,False,False,False,2026-09-12T09:00:00+05:30,excluded,False,False,False,False,False,0
exp_offer_nudge_v1,subj_00654,BMS Institute of Technology,True,v2.1,False,False,True,2026-09-12T09:00:00+05:30,control,True,False,True,False,False,2
exp_offer_nudge_v1,subj_00655,PES University,True,v2.1,False,False,True,2026-09-12T09:00:00+05:30,control,True,True,False,False,False,2
exp_offer_nudge_v1,subj_00656,RV College of Engineering,True,v2.1,False,False,False,2026-09-12T09:00:00+05:30,excluded,False,False,False,False,False,0
exp_offer_nudge_v1,subj_00657,CMR Institute of Technology,True,v2.1,False,False,True,2026-09-12T09:00:00+05:30,control,True,False,False,False,False,1
exp_offer_nudge_v1,subj_00658,New Horizon College of Engineering,True,v2.1,False,False,True,2026-09-12T09:00:00+05:30,treatment,True,False,True,False,False,2
exp_offer_nudge_v1,subj_00659,Dayananda Sagar College of Engineering,True,v2.1,False,False,True,2026-09-12T09:00:00+05:30,treatment,True,True,False,False,False,2
exp_offer_nudge_v1,subj_00660,BMS Institute of Technology,True,v2.1,False,False,False,2026-09-12T09:00:00+05:30,excluded,False,False,False,False,False,0
exp_offer_nudge_v1,subj_00661,PES University,True,v2.1,False,False,True,2026-09-12T09:00:00+05:30,treatment,True,False,False,False,False,1
exp_offer_nudge_v1,subj_00662,RV College of Engineering,True,v2.1,False,False,True,2026-09-12T09:00:00+05:30,treatment,True,False,True,True,True,4
exp_offer_nudge_v1,subj_00663,CMR Institute of Technology,True,v2.1,False,False,True,2026-09-12T09:00:00+05:30,treatment,True,True,False,False,False,2
exp_offer_nudge_v1,subj_00664,New Horizon College of Engineering,True,v2.1,False,False,True,2026-09-12T09:00:00+05:30,treatment,True,False,False,False,False,1
exp_offer_nudge_v1,subj_00665,Dayananda Sagar College of Engineering,True,v2.1,False,False,True,2026-09-12T09:00:00+05:30,control,True,False,True,True,False,3
exp_offer_nudge_v1,subj_00666,BMS Institute of Technology,True,v2.1,False,False,True,2026-09-12T09:00:00+05:30,control,True,False,False,False,False,1
exp_offer_nudge_v1,subj_00667,PES University,True,v2.1,False,False,False,2026-09-12T09:00:00+05:30,excluded,False,False,False,False,False,0
exp_offer_nudge_v1,subj_00668,RV College of Engineering,True,v2.1,False,False,True,2026-09-12T09:00:00+05:30,control,True,False,True,True,False,3
exp_offer_nudge_v1,subj_00669,CMR Institute of Technology,True,v2.1,False,False,True,2026-09-12T09:00:00+05:30,treatment,True,True,False,False,False,2
exp_offer_nudge_v1,subj_00670,New Horizon College of Engineering,True,v2.1,False,False,False,2026-09-12T09:00:00+05:30,excluded,False,False,False,False,False,0
exp_offer_nudge_v1,subj_00671,Dayananda Sagar College of Engineering,True,v2.1,False,False,True,2026-09-12T09:00:00+05:30,treatment,True,False,False,False,False,1
exp_offer_nudge_v1,subj_00672,BMS Institute of Technology,True,v2.1,False,False,False,2026-09-12T09:00:00+05:30,excluded,False,False,False,False,False,0
exp_offer_nudge_v1,subj_00673,PES University,True,v2.1,False,False,True,2026-09-12T09:00:00+05:30,treatment,True,False,False,False,False,1
exp_offer_nudge_v1,subj_00674,RV College of Engineering,True,v2.1,False,False,True,2026-09-12T09:00:00+05:30,treatment,True,False,False,False,False,1
exp_offer_nudge_v1,subj_00675,CMR Institute of Technology,True,v2.1,False,False,True,2026-09-12T09:00:00+05:30,control,True,False,False,False,False,1
exp_offer_nudge_v1,subj_00676,New Horizon College of Engineering,True,v2.1,False,False,True,2026-09-12T09:00:00+05:30,control,True,False,True,True,False,3
exp_offer_nudge_v1,subj_00677,Dayananda Sagar College of Engineering,True,v2.1,False,False,True,2026-09-12T09:00:00+05:30,treatment,True,True,False,False,False,2
exp_offer_nudge_v1,subj_00678,BMS Institute of Technology,True,v2.1,False,False,False,2026-09-12T09:00:00+05:30,excluded,False,False,False,False,False,0
exp_offer_nudge_v1,subj_00679,PES University,True,v2.1,False,False,False,2026-09-12T09:00:00+05:30,excluded,False,False,False,False,False,0
exp_offer_nudge_v1,subj_00680,RV College of Engineering,True,v2.1,False,False,True,2026-09-12T09:00:00+05:30,treatment,True,False,True,True,False,3
exp_offer_nudge_v1,subj_00681,CMR Institute of Technology,True,v2.1,False,False,True,2026-09-12T09:00:00+05:30,control,True,True,False,False,False,2
exp_offer_nudge_v1,subj_00682,New Horizon College of Engineering,True,v2.1,False,False,True,2026-09-12T09:00:00+05:30,treatment,True,False,False,False,False,1
exp_offer_nudge_v1,subj_00683,Dayananda Sagar College of Engineering,True,v2.1,False,False,True,2026-09-12T09:00:00+05:30,treatment,True,False,False,False,False,1
exp_offer_nudge_v1,subj_00684,BMS Institute of Technology,True,v2.1,False,False,False,2026-09-12T09:00:00+05:30,excluded,False,False,False,False,False,0
exp_offer_nudge_v1,subj_00685,PES University,True,v2.1,False,False,True,2026-09-12T09:00:00+05:30,treatment,True,False,True,True,False,3
exp_offer_nudge_v1,subj_00686,RV College of Engineering,True,v2.1,False,False,True,2026-09-12T09:00:00+05:30,control,True,False,True,False,False,2
exp_offer_nudge_v1,subj_00687,CMR Institute of Technology,True,v2.1,False,False,True,2026-09-12T09:00:00+05:30,treatment,True,False,False,False,False,1
exp_offer_nudge_v1,subj_00688,New Horizon College of Engineering,True,v2.1,False,False,True,2026-09-12T09:00:00+05:30,control,True,False,False,False,False,1
exp_offer_nudge_v1,subj_00689,Dayananda Sagar College of Engineering,True,v2.1,False,False,True,2026-09-12T09:00:00+05:30,treatment,True,False,False,False,False,1
exp_offer_nudge_v1,subj_00690,BMS Institute of Technology,True,v2.1,False,False,True,2026-09-12T09:00:00+05:30,treatment,True,False,True,False,False,2
exp_offer_nudge_v1,subj_00691,PES University,True,v2.1,False,False,True,2026-09-12T09:00:00+05:30,control,True,False,False,False,False,1
exp_offer_nudge_v1,subj_00692,RV College of Engineering,True,v2.1,False,False,True,2026-09-12T09:00:00+05:30,control,True,False,False,False,False,1
exp_offer_nudge_v1,subj_00693,CMR Institute of Technology,True,v2.1,False,False,True,2026-09-12T09:00:00+05:30,excluded,False,False,False,False,False,0
exp_offer_nudge_v1,subj_00694,New Horizon College of Engineering,True,v2.1,False,False,True,2026-09-12T09:00:00+05:30,control,True,True,False,False,False,2
exp_offer_nudge_v1,subj_00695,Dayananda Sagar College of Engineering,True,v2.1,False,False,False,2026-09-12T09:00:00+05:30,excluded,False,False,False,False,False,0
exp_offer_nudge_v1,subj_00696,BMS Institute of Technology,True,v2.1,False,False,True,2026-09-12T09:00:00+05:30,control,True,True,False,False,False,2
exp_offer_nudge_v1,subj_00697,PES University,True,v2.1,False,False,True,2026-09-12T09:00:00+05:30,treatment,True,False,False,False,False,1
exp_offer_nudge_v1,subj_00698,RV College of Engineering,True,v2.1,False,False,True,2026-09-12T09:00:00+05:30,control,True,False,True,False,False,2
exp_offer_nudge_v1,subj_00699,CMR Institute of Technology,True,v2.1,False,False,True,2026-09-12T09:00:00+05:30,control,True,False,False,False,False,1
exp_offer_nudge_v1,subj_00700,New Horizon College of Engineering,True,v2.1,False,False,False,2026-09-12T09:00:00+05:30,excluded,False,False,False,False,False,0
exp_offer_nudge_v1,subj_00701,Dayananda Sagar College of Engineering,True,v2.1,False,False,True,2026-09-12T09:00:00+05:30,treatment,True,False,True,False,False,2
exp_offer_nudge_v1,subj_00702,BMS Institute of Technology,True,v2.1,False,False,True,2026-09-12T09:00:00+05:30,control,True,False,False,False,False,1
exp_offer_nudge_v1,subj_00703,PES University,True,v2.1,False,False,True,2026-09-12T09:00:00+05:30,treatment,True,True,False,False,False,2
exp_offer_nudge_v1,subj_00704,RV College of Engineering,True,v2.1,False,False,False,2026-09-12T09:00:00+05:30,excluded,False,False,False,False,False,0
exp_offer_nudge_v1,subj_00705,CMR Institute of Technology,True,v2.1,False,False,True,2026-09-12T09:00:00+05:30,treatment,True,False,False,False,False,1
exp_offer_nudge_v1,subj_00706,New Horizon College of Engineering,True,v2.1,False,False,True,2026-09-12T09:00:00+05:30,control,True,False,False,False,False,1
exp_offer_nudge_v1,subj_00707,Dayananda Sagar College of Engineering,True,v2.1,False,False,True,2026-09-12T09:00:00+05:30,treatment,True,True,False,False,False,2
exp_offer_nudge_v1,subj_00708,BMS Institute of Technology,True,v2.1,True,False,False,2026-09-12T09:00:00+05:30,excluded,False,False,False,False,False,0
exp_offer_nudge_v1,subj_00709,PES University,True,v2.1,False,False,True,2026-09-12T09:00:00+05:30,control,True,False,False,False,False,1
exp_offer_nudge_v1,subj_00710,RV College of Engineering,True,v2.1,False,False,True,2026-09-12T09:00:00+05:30,treatment,True,True,False,False,False,2
exp_offer_nudge_v1,subj_00711,CMR Institute of Technology,True,v2.1,False,False,True,2026-09-12T09:00:00+05:30,control,True,True,False,False,False,2
exp_offer_nudge_v1,subj_00712,New Horizon College of Engineering,True,v2.1,False,False,True,2026-09-12T09:00:00+05:30,treatment,True,True,False,False,False,2
exp_offer_nudge_v1,subj_00713,Dayananda Sagar College of Engineering,True,v2.1,False,False,True,2026-09-12T09:00:00+05:30,treatment,True,False,False,False,False,1
exp_offer_nudge_v1,subj_00714,BMS Institute of Technology,True,v2.1,False,False,True,2026-09-12T09:00:00+05:30,treatment,True,True,False,False,False,2
exp_offer_nudge_v1,subj_00715,PES University,True,v2.1,False,False,True,2026-09-12T09:00:00+05:30,treatment,True,True,False,False,False,2
exp_offer_nudge_v1,subj_00716,RV College of Engineering,True,v2.1,False,False,True,2026-09-12T09:00:00+05:30,control,True,True,False,False,False,2
exp_offer_nudge_v1,subj_00717,CMR Institute of Technology,True,v2.1,False,False,True,2026-09-12T09:00:00+05:30,control,True,False,False,False,False,1
exp_offer_nudge_v1,subj_00718,New Horizon College of Engineering,True,v2.1,False,False,True,2026-09-12T09:00:00+05:30,control,True,True,True,True,False,4
exp_offer_nudge_v1,subj_00719,Dayananda Sagar College of Engineering,True,v2.1,False,False,True,2026-09-12T09:00:00+05:30,treatment,True,True,False,False,False,2
exp_offer_nudge_v1,subj_00720,BMS Institute of Technology,True,v2.1,False,False,True,2026-09-12T09:00:00+05:30,control,True,False,True,False,False,2
exp_offer_nudge_v1,subj_00721,PES University,True,v2.1,False,True,False,2026-09-12T09:00:00+05:30,excluded,False,False,False,False,False,0
exp_offer_nudge_v1,subj_00722,RV College of Engineering,True,v2.1,False,False,True,2026-09-12T09:00:00+05:30,control,True,False,False,False,False,1
exp_offer_nudge_v1,subj_00723,CMR Institute of Technology,False,,False,False,False,2026-09-12T09:00:00+05:30,excluded,False,False,False,False,False,0
exp_offer_nudge_v1,subj_00724,New Horizon College of Engineering,True,v2.1,False,False,False,2026-09-12T09:00:00+05:30,excluded,False,False,False,False,False,0
exp_offer_nudge_v1,subj_00725,Dayananda Sagar College of Engineering,True,v2.1,False,False,True,2026-09-12T09:00:00+05:30,treatment,True,True,False,False,False,2
exp_offer_nudge_v1,subj_00726,BMS Institute of Technology,True,v2.1,False,False,True,2026-09-12T09:00:00+05:30,treatment,True,True,False,False,False,2
exp_offer_nudge_v1,subj_00727,PES University,True,v2.1,False,False,True,2026-09-12T09:00:00+05:30,control,True,False,False,False,False,1
exp_offer_nudge_v1,subj_00728,RV College of Engineering,True,v2.1,False,False,True,2026-09-12T09:00:00+05:30,treatment,True,False,False,False,False,1
exp_offer_nudge_v1,subj_00729,CMR Institute of Technology,True,v2.1,False,False,True,2026-09-12T09:00:00+05:30,treatment,True,True,False,False,False,2
exp_offer_nudge_v1,subj_00730,New Horizon College of Engineering,True,v2.1,False,False,True,2026-09-12T09:00:00+05:30,control,True,False,False,False,False,1
exp_offer_nudge_v1,subj_00731,Dayananda Sagar College of Engineering,True,v2.1,False,False,False,2026-09-12T09:00:00+05:30,excluded,False,False,False,False,False,0
exp_offer_nudge_v1,subj_00732,BMS Institute of Technology,False,,False,False,False,2026-09-12T09:00:00+05:30,excluded,False,False,False,False,False,0
exp_offer_nudge_v1,subj_00733,PES University,True,v2.1,False,False,True,2026-09-12T09:00:00+05:30,control,True,False,True,False,False,2
exp_offer_nudge_v1,subj_00734,RV College of Engineering,True,v2.1,False,False,True,2026-09-12T09:00:00+05:30,treatment,True,False,False,False,False,1
exp_offer_nudge_v1,subj_00735,CMR Institute of Technology,True,v2.1,False,False,True,2026-09-12T09:00:00+05:30,treatment,True,False,False,False,False,1
exp_offer_nudge_v1,subj_00736,New Horizon College of Engineering,True,v2.1,False,False,True,2026-09-12T09:00:00+05:30,treatment,True,True,False,False,False,2
exp_offer_nudge_v1,subj_00737,Dayananda Sagar College of Engineering,True,v2.1,False,False,False,2026-09-12T09:00:00+05:30,excluded,False,False,False,False,False,0
exp_offer_nudge_v1,subj_00738,BMS Institute of Technology,True,v2.1,True,False,False,2026-09-12T09:00:00+05:30,excluded,False,False,False,False,False,0
exp_offer_nudge_v1,subj_00739,PES University,True,v2.1,False,False,True,2026-09-12T09:00:00+05:30,control,True,False,False,False,False,1
exp_offer_nudge_v1,subj_00740,RV College of Engineering,True,v2.1,False,False,True,2026-09-12T09:00:00+05:30,treatment,True,True,False,False,False,2
exp_offer_nudge_v1,subj_00741,CMR Institute of Technology,True,v2.1,False,False,True,2026-09-12T09:00:00+05:30,control,True,False,True,True,True,4
exp_offer_nudge_v1,subj_00742,New Horizon College of Engineering,True,v2.1,False,False,True,2026-09-12T09:00:00+05:30,excluded,False,False,False,False,False,0
exp_offer_nudge_v1,subj_00743,Dayananda Sagar College of Engineering,True,v2.1,False,False,True,2026-09-12T09:00:00+05:30,excluded,False,False,False,False,False,0
exp_offer_nudge_v1,subj_00744,BMS Institute of Technology,True,v2.1,False,False,True,2026-09-12T09:00:00+05:30,treatment,True,False,False,False,False,1
exp_offer_nudge_v1,subj_00745,PES University,True,v2.1,False,False,True,2026-09-12T09:00:00+05:30,treatment,True,False,True,True,False,3
exp_offer_nudge_v1,subj_00746,RV College of Engineering,True,v2.1,False,False,True,2026-09-12T09:00:00+05:30,control,True,False,False,False,False,1
exp_offer_nudge_v1,subj_00747,CMR Institute of Technology,True,v2.1,False,False,True,2026-09-12T09:00:00+05:30,control,True,False,False,False,False,1
exp_offer_nudge_v1,subj_00748,New Horizon College of Engineering,True,v2.1,False,False,False,2026-09-12T09:00:00+05:30,excluded,False,False,False,False,False,0
exp_offer_nudge_v1,subj_00749,Dayananda Sagar College of Engineering,True,v2.1,False,False,True,2026-09-12T09:00:00+05:30,treatment,True,False,True,True,False,3
exp_offer_nudge_v1,subj_00750,BMS Institute of Technology,True,v2.1,False,False,True,2026-09-12T09:00:00+05:30,control,True,False,False,False,False,1
exp_offer_nudge_v1,subj_00751,PES University,True,v2.1,False,False,True,2026-09-12T09:00:00+05:30,treatment,True,False,False,False,False,1
exp_offer_nudge_v1,subj_00752,RV College of Engineering,True,v2.1,False,False,True,2026-09-12T09:00:00+05:30,control,True,False,False,False,False,1
exp_offer_nudge_v1,subj_00753,CMR Institute of Technology,True,v2.1,False,False,True,2026-09-12T09:00:00+05:30,treatment,True,True,False,False,False,2
exp_offer_nudge_v1,subj_00754,New Horizon College of Engineering,True,v2.1,False,False,True,2026-09-12T09:00:00+05:30,treatment,True,False,False,False,False,1
exp_offer_nudge_v1,subj_00755,Dayananda Sagar College of Engineering,True,v2.1,False,False,True,2026-09-12T09:00:00+05:30,treatment,True,False,False,False,False,1
exp_offer_nudge_v1,subj_00756,BMS Institute of Technology,True,v2.1,False,False,True,2026-09-12T09:00:00+05:30,control,True,False,False,False,False,1
exp_offer_nudge_v1,subj_00757,PES University,False,,False,False,False,2026-09-12T09:00:00+05:30,excluded,False,False,False,False,False,0
exp_offer_nudge_v1,subj_00758,RV College of Engineering,True,v2.1,False,False,False,2026-09-12T09:00:00+05:30,excluded,False,False,False,False,False,0
exp_offer_nudge_v1,subj_00759,CMR Institute of Technology,True,v2.1,False,False,True,2026-09-12T09:00:00+05:30,treatment,True,False,False,False,False,1
exp_offer_nudge_v1,subj_00760,New Horizon College of Engineering,True,v2.1,False,False,True,2026-09-12T09:00:00+05:30,treatment,True,False,True,False,False,2
exp_offer_nudge_v1,subj_00761,Dayananda Sagar College of Engineering,True,v2.1,False,False,False,2026-09-12T09:00:00+05:30,excluded,False,False,False,False,False,0
exp_offer_nudge_v1,subj_00762,BMS Institute of Technology,True,v2.1,False,False,True,2026-09-12T09:00:00+05:30,control,True,True,False,False,False,2
exp_offer_nudge_v1,subj_00763,PES University,True,v2.1,False,False,True,2026-09-12T09:00:00+05:30,treatment,True,False,False,False,False,1
exp_offer_nudge_v1,subj_00764,RV College of Engineering,True,v2.1,False,False,False,2026-09-12T09:00:00+05:30,excluded,False,False,False,False,False,0
exp_offer_nudge_v1,subj_00765,CMR Institute of Technology,True,v2.1,True,False,False,2026-09-12T09:00:00+05:30,excluded,False,False,False,False,False,0
exp_offer_nudge_v1,subj_00766,New Horizon College of Engineering,True,v2.1,False,False,True,2026-09-12T09:00:00+05:30,control,True,False,True,True,False,3
exp_offer_nudge_v1,subj_00767,Dayananda Sagar College of Engineering,True,v2.1,False,False,True,2026-09-12T09:00:00+05:30,treatment,True,True,True,False,False,3
exp_offer_nudge_v1,subj_00768,BMS Institute of Technology,True,v2.1,False,False,True,2026-09-12T09:00:00+05:30,treatment,True,False,False,False,False,1
exp_offer_nudge_v1,subj_00769,PES University,True,v2.1,False,False,True,2026-09-12T09:00:00+05:30,control,True,True,False,False,False,2
exp_offer_nudge_v1,subj_00770,RV College of Engineering,True,v2.1,False,False,True,2026-09-12T09:00:00+05:30,treatment,True,True,True,False,False,3
exp_offer_nudge_v1,subj_00771,CMR Institute of Technology,True,v2.1,False,False,True,2026-09-12T09:00:00+05:30,control,True,False,False,False,False,1
exp_offer_nudge_v1,subj_00772,New Horizon College of Engineering,True,v2.1,False,False,False,2026-09-12T09:00:00+05:30,excluded,False,False,False,False,False,0
exp_offer_nudge_v1,subj_00773,Dayananda Sagar College of Engineering,True,v2.1,False,False,True,2026-09-12T09:00:00+05:30,control,True,True,False,False,False,2
exp_offer_nudge_v1,subj_00774,BMS Institute of Technology,True,v2.1,False,True,False,2026-09-12T09:00:00+05:30,excluded,False,False,False,False,False,0
exp_offer_nudge_v1,subj_00775,PES University,True,v2.1,False,False,True,2026-09-12T09:00:00+05:30,control,True,False,False,False,False,1
exp_offer_nudge_v1,subj_00776,RV College of Engineering,False,,False,False,False,2026-09-12T09:00:00+05:30,excluded,False,False,False,False,False,0
exp_offer_nudge_v1,subj_00777,CMR Institute of Technology,True,v2.1,False,False,True,2026-09-12T09:00:00+05:30,control,True,False,False,False,False,1
exp_offer_nudge_v1,subj_00778,New Horizon College of Engineering,True,v2.1,False,False,True,2026-09-12T09:00:00+05:30,treatment,True,True,False,False,False,2
exp_offer_nudge_v1,subj_00779,Dayananda Sagar College of Engineering,True,v2.1,False,False,True,2026-09-12T09:00:00+05:30,control,True,False,False,False,False,1
exp_offer_nudge_v1,subj_00780,BMS Institute of Technology,True,v2.1,False,False,True,2026-09-12T09:00:00+05:30,treatment,True,True,False,False,False,2
exp_offer_nudge_v1,subj_00781,PES University,True,v2.1,False,False,True,2026-09-12T09:00:00+05:30,treatment,True,False,False,False,False,1
exp_offer_nudge_v1,subj_00782,RV College of Engineering,True,v2.1,False,False,True,2026-09-12T09:00:00+05:30,treatment,True,False,False,False,False,1
exp_offer_nudge_v1,subj_00783,CMR Institute of Technology,True,v2.1,False,False,True,2026-09-12T09:00:00+05:30,treatment,True,True,False,False,False,2
exp_offer_nudge_v1,subj_00784,New Horizon College of Engineering,True,v2.1,False,False,True,2026-09-12T09:00:00+05:30,control,True,False,False,False,False,1
exp_offer_nudge_v1,subj_00785,Dayananda Sagar College of Engineering,False,,False,False,False,2026-09-12T09:00:00+05:30,excluded,False,False,False,False,False,0
exp_offer_nudge_v1,subj_00786,BMS Institute of Technology,True,v2.1,False,False,True,2026-09-12T09:00:00+05:30,control,True,False,False,False,False,1
exp_offer_nudge_v1,subj_00787,PES University,True,v2.1,False,False,True,2026-09-12T09:00:00+05:30,treatment,True,False,False,False,False,1
exp_offer_nudge_v1,subj_00788,RV College of Engineering,True,v2.1,False,False,True,2026-09-12T09:00:00+05:30,control,True,False,False,False,False,1
exp_offer_nudge_v1,subj_00789,CMR Institute of Technology,True,v2.1,False,False,True,2026-09-12T09:00:00+05:30,control,True,False,False,False,False,1
exp_offer_nudge_v1,subj_00790,New Horizon College of Engineering,True,v2.1,False,False,True,2026-09-12T09:00:00+05:30,treatment,True,False,True,True,False,3
exp_offer_nudge_v1,subj_00791,Dayananda Sagar College of Engineering,True,v2.1,False,False,True,2026-09-12T09:00:00+05:30,control,True,False,False,False,False,1
exp_offer_nudge_v1,subj_00792,BMS Institute of Technology,True,v2.1,False,False,True,2026-09-12T09:00:00+05:30,control,True,True,False,False,False,2
exp_offer_nudge_v1,subj_00793,PES University,True,v2.1,False,False,True,2026-09-12T09:00:00+05:30,treatment,True,False,False,False,False,1
exp_offer_nudge_v1,subj_00794,RV College of Engineering,True,v2.1,False,False,True,2026-09-12T09:00:00+05:30,treatment,True,False,False,False,False,1
exp_offer_nudge_v1,subj_00795,CMR Institute of Technology,True,v2.1,False,False,True,2026-09-12T09:00:00+05:30,control,True,False,True,False,False,2
exp_offer_nudge_v1,subj_00796,New Horizon College of Engineering,True,v2.1,False,False,False,2026-09-12T09:00:00+05:30,excluded,False,False,False,False,False,0
exp_offer_nudge_v1,subj_00797,Dayananda Sagar College of Engineering,True,v2.1,False,False,True,2026-09-12T09:00:00+05:30,control,True,True,False,False,False,2
exp_offer_nudge_v1,subj_00798,BMS Institute of Technology,True,v2.1,False,False,True,2026-09-12T09:00:00+05:30,treatment,True,False,False,False,False,1
exp_offer_nudge_v1,subj_00799,PES University,True,v2.1,False,False,True,2026-09-12T09:00:00+05:30,control,True,False,False,False,False,1
exp_offer_nudge_v1,subj_00800,RV College of Engineering,True,v2.1,False,False,True,2026-09-12T09:00:00+05:30,treatment,True,True,False,False,False,2
exp_offer_nudge_v1,subj_00801,CMR Institute of Technology,True,v2.1,False,False,True,2026-09-12T09:00:00+05:30,treatment,True,True,False,False,False,2
exp_offer_nudge_v1,subj_00802,New Horizon College of Engineering,True,v2.1,True,False,False,2026-09-12T09:00:00+05:30,excluded,False,False,False,False,False,0
exp_offer_nudge_v1,subj_00803,Dayananda Sagar College of Engineering,True,v2.1,False,False,True,2026-09-12T09:00:00+05:30,treatment,True,False,False,False,False,1
exp_offer_nudge_v1,subj_00804,BMS Institute of Technology,True,v2.1,False,False,True,2026-09-12T09:00:00+05:30,control,True,False,True,True,False,3
exp_offer_nudge_v1,subj_00805,PES University,True,v2.1,False,False,True,2026-09-12T09:00:00+05:30,treatment,True,False,False,False,False,1
exp_offer_nudge_v1,subj_00806,RV College of Engineering,True,v2.1,False,False,True,2026-09-12T09:00:00+05:30,control,True,False,False,False,False,1
exp_offer_nudge_v1,subj_00807,CMR Institute of Technology,True,v2.1,False,False,True,2026-09-12T09:00:00+05:30,control,True,True,True,True,False,4
exp_offer_nudge_v1,subj_00808,New Horizon College of Engineering,True,v2.1,False,False,True,2026-09-12T09:00:00+05:30,control,True,False,False,False,False,1
exp_offer_nudge_v1,subj_00809,Dayananda Sagar College of Engineering,True,v2.1,False,False,True,2026-09-12T09:00:00+05:30,treatment,True,True,True,True,False,4
exp_offer_nudge_v1,subj_00810,BMS Institute of Technology,True,v2.1,False,False,True,2026-09-12T09:00:00+05:30,control,True,False,True,True,False,3
exp_offer_nudge_v1,subj_00811,PES University,True,v2.1,False,False,True,2026-09-12T09:00:00+05:30,control,True,False,False,False,False,1
exp_offer_nudge_v1,subj_00812,RV College of Engineering,True,v2.1,False,False,True,2026-09-12T09:00:00+05:30,control,True,False,True,True,False,3
exp_offer_nudge_v1,subj_00813,CMR Institute of Technology,True,v2.1,False,False,True,2026-09-12T09:00:00+05:30,treatment,True,False,False,False,False,1
exp_offer_nudge_v1,subj_00814,New Horizon College of Engineering,True,v2.1,False,False,True,2026-09-12T09:00:00+05:30,treatment,True,False,False,False,False,1
exp_offer_nudge_v1,subj_00815,Dayananda Sagar College of Engineering,True,v2.1,False,False,True,2026-09-12T09:00:00+05:30,control,True,False,False,False,False,1
exp_offer_nudge_v1,subj_00816,BMS Institute of Technology,True,v2.1,False,False,False,2026-09-12T09:00:00+05:30,excluded,False,False,False,False,False,0
exp_offer_nudge_v1,subj_00817,PES University,True,v2.1,True,False,False,2026-09-12T09:00:00+05:30,excluded,False,False,False,False,False,0
exp_offer_nudge_v1,subj_00818,RV College of Engineering,True,v2.1,False,False,True,2026-09-12T09:00:00+05:30,control,True,False,False,False,False,1
exp_offer_nudge_v1,subj_00819,CMR Institute of Technology,True,v2.1,False,False,True,2026-09-12T09:00:00+05:30,treatment,True,False,True,False,False,2
exp_offer_nudge_v1,subj_00820,New Horizon College of Engineering,False,,False,False,False,2026-09-12T09:00:00+05:30,excluded,False,False,False,False,False,0
exp_offer_nudge_v1,subj_00821,Dayananda Sagar College of Engineering,True,v2.1,False,False,True,2026-09-12T09:00:00+05:30,excluded,False,False,False,False,False,0
exp_offer_nudge_v1,subj_00822,BMS Institute of Technology,True,v2.1,False,False,True,2026-09-12T09:00:00+05:30,treatment,True,False,False,False,False,1
exp_offer_nudge_v1,subj_00823,PES University,True,v2.1,False,False,True,2026-09-12T09:00:00+05:30,treatment,True,False,False,False,False,1
exp_offer_nudge_v1,subj_00824,RV College of Engineering,True,v2.1,False,False,True,2026-09-12T09:00:00+05:30,control,True,True,False,False,False,2
exp_offer_nudge_v1,subj_00825,CMR Institute of Technology,True,v2.1,False,False,True,2026-09-12T09:00:00+05:30,treatment,True,False,False,False,False,1
exp_offer_nudge_v1,subj_00826,New Horizon College of Engineering,True,v2.1,False,False,False,2026-09-12T09:00:00+05:30,excluded,False,False,False,False,False,0
exp_offer_nudge_v1,subj_00827,Dayananda Sagar College of Engineering,True,v2.1,False,False,True,2026-09-12T09:00:00+05:30,treatment,True,False,False,False,False,1
exp_offer_nudge_v1,subj_00828,BMS Institute of Technology,True,v2.1,False,False,True,2026-09-12T09:00:00+05:30,control,True,True,False,False,False,2
exp_offer_nudge_v1,subj_00829,PES University,True,v2.1,False,False,True,2026-09-12T09:00:00+05:30,control,True,True,True,True,True,5
exp_offer_nudge_v1,subj_00830,RV College of Engineering,True,v2.1,False,False,True,2026-09-12T09:00:00+05:30,control,True,False,True,False,False,2
exp_offer_nudge_v1,subj_00831,CMR Institute of Technology,True,v2.1,True,False,False,2026-09-12T09:00:00+05:30,excluded,False,False,False,False,False,0
exp_offer_nudge_v1,subj_00832,New Horizon College of Engineering,True,v2.1,False,False,True,2026-09-12T09:00:00+05:30,control,True,True,True,False,False,3
exp_offer_nudge_v1,subj_00833,Dayananda Sagar College of Engineering,True,v2.1,False,False,True,2026-09-12T09:00:00+05:30,treatment,True,False,False,False,False,1
exp_offer_nudge_v1,subj_00834,BMS Institute of Technology,True,v2.1,False,False,True,2026-09-12T09:00:00+05:30,control,True,False,True,True,False,3
exp_offer_nudge_v1,subj_00835,PES University,True,v2.1,False,False,True,2026-09-12T09:00:00+05:30,control,True,True,False,False,False,2
exp_offer_nudge_v1,subj_00836,RV College of Engineering,True,v2.1,False,False,True,2026-09-12T09:00:00+05:30,control,True,False,False,False,False,1
exp_offer_nudge_v1,subj_00837,CMR Institute of Technology,True,v2.1,False,False,True,2026-09-12T09:00:00+05:30,control,True,True,False,False,False,2
exp_offer_nudge_v1,subj_00838,New Horizon College of Engineering,True,v2.1,False,False,True,2026-09-12T09:00:00+05:30,control,True,False,False,False,False,1
exp_offer_nudge_v1,subj_00839,Dayananda Sagar College of Engineering,True,v2.1,False,False,True,2026-09-12T09:00:00+05:30,treatment,True,True,False,False,False,2
exp_offer_nudge_v1,subj_00840,BMS Institute of Technology,False,,False,False,False,2026-09-12T09:00:00+05:30,excluded,False,False,False,False,False,0
exp_offer_nudge_v1,subj_00841,PES University,True,v2.1,False,False,True,2026-09-12T09:00:00+05:30,treatment,True,False,False,False,False,1
exp_offer_nudge_v1,subj_00842,RV College of Engineering,True,v2.1,False,False,True,2026-09-12T09:00:00+05:30,treatment,True,False,False,False,False,1
exp_offer_nudge_v1,subj_00843,CMR Institute of Technology,True,v2.1,False,False,True,2026-09-12T09:00:00+05:30,treatment,True,True,False,False,False,2
exp_offer_nudge_v1,subj_00844,New Horizon College of Engineering,True,v2.1,False,False,True,2026-09-12T09:00:00+05:30,control,True,False,False,False,False,1
exp_offer_nudge_v1,subj_00845,Dayananda Sagar College of Engineering,True,v2.1,False,False,True,2026-09-12T09:00:00+05:30,control,True,False,False,False,False,1
exp_offer_nudge_v1,subj_00846,BMS Institute of Technology,True,v2.1,False,False,True,2026-09-12T09:00:00+05:30,treatment,True,False,False,False,False,1
exp_offer_nudge_v1,subj_00847,PES University,True,v2.1,False,False,True,2026-09-12T09:00:00+05:30,treatment,True,False,False,False,False,1
exp_offer_nudge_v1,subj_00848,RV College of Engineering,True,v2.1,False,False,True,2026-09-12T09:00:00+05:30,control,True,False,False,False,False,1
exp_offer_nudge_v1,subj_00849,CMR Institute of Technology,False,,False,False,False,2026-09-12T09:00:00+05:30,excluded,False,False,False,False,False,0
exp_offer_nudge_v1,subj_00850,New Horizon College of Engineering,False,,False,False,False,2026-09-12T09:00:00+05:30,excluded,False,False,False,False,False,0
exp_offer_nudge_v1,subj_00851,Dayananda Sagar College of Engineering,True,v2.1,False,False,True,2026-09-12T09:00:00+05:30,treatment,True,False,True,True,False,3
exp_offer_nudge_v1,subj_00852,BMS Institute of Technology,True,v2.1,False,False,True,2026-09-12T09:00:00+05:30,treatment,True,False,False,False,False,1
exp_offer_nudge_v1,subj_00853,PES University,True,v2.1,False,False,False,2026-09-12T09:00:00+05:30,excluded,False,False,False,False,False,0
exp_offer_nudge_v1,subj_00854,RV College of Engineering,True,v2.1,False,False,True,2026-09-12T09:00:00+05:30,treatment,True,True,False,False,False,2
exp_offer_nudge_v1,subj_00855,CMR Institute of Technology,True,v2.1,False,False,True,2026-09-12T09:00:00+05:30,treatment,True,False,False,False,False,1
exp_offer_nudge_v1,subj_00856,New Horizon College of Engineering,True,v2.1,False,False,True,2026-09-12T09:00:00+05:30,control,True,True,False,False,False,2
exp_offer_nudge_v1,subj_00857,Dayananda Sagar College of Engineering,True,v2.1,False,False,True,2026-09-12T09:00:00+05:30,treatment,True,True,False,False,False,2
exp_offer_nudge_v1,subj_00858,BMS Institute of Technology,True,v2.1,False,False,True,2026-09-12T09:00:00+05:30,excluded,False,False,False,False,False,0
exp_offer_nudge_v1,subj_00859,PES University,True,v2.1,False,False,True,2026-09-12T09:00:00+05:30,treatment,True,False,False,False,False,1
exp_offer_nudge_v1,subj_00860,RV College of Engineering,True,v2.1,False,False,True,2026-09-12T09:00:00+05:30,control,True,False,False,False,False,1
exp_offer_nudge_v1,subj_00861,CMR Institute of Technology,True,v2.1,False,False,True,2026-09-12T09:00:00+05:30,treatment,True,True,False,False,False,2
exp_offer_nudge_v1,subj_00862,New Horizon College of Engineering,True,v2.1,False,False,True,2026-09-12T09:00:00+05:30,control,True,False,False,False,False,1
exp_offer_nudge_v1,subj_00863,Dayananda Sagar College of Engineering,True,v2.1,False,False,True,2026-09-12T09:00:00+05:30,treatment,True,True,False,False,False,2
exp_offer_nudge_v1,subj_00864,BMS Institute of Technology,True,v2.1,False,False,True,2026-09-12T09:00:00+05:30,control,True,False,False,False,False,1
exp_offer_nudge_v1,subj_00865,PES University,True,v2.1,False,False,False,2026-09-12T09:00:00+05:30,excluded,False,False,False,False,False,0
exp_offer_nudge_v1,subj_00866,RV College of Engineering,True,v2.1,False,False,True,2026-09-12T09:00:00+05:30,control,True,False,True,True,False,3
exp_offer_nudge_v1,subj_00867,CMR Institute of Technology,True,v2.1,False,False,True,2026-09-12T09:00:00+05:30,control,True,True,True,True,True,5
exp_offer_nudge_v1,subj_00868,New Horizon College of Engineering,True,v2.1,False,False,True,2026-09-12T09:00:00+05:30,control,True,False,False,False,False,1
exp_offer_nudge_v1,subj_00869,Dayananda Sagar College of Engineering,True,v2.1,True,False,False,2026-09-12T09:00:00+05:30,excluded,False,False,False,False,False,0
exp_offer_nudge_v1,subj_00870,BMS Institute of Technology,True,v2.1,False,False,False,2026-09-12T09:00:00+05:30,excluded,False,False,False,False,False,0
exp_offer_nudge_v1,subj_00871,PES University,True,v2.1,False,False,True,2026-09-12T09:00:00+05:30,treatment,True,False,False,False,False,1
exp_offer_nudge_v1,subj_00872,RV College of Engineering,True,v2.1,False,False,True,2026-09-12T09:00:00+05:30,control,True,True,True,True,True,5
exp_offer_nudge_v1,subj_00873,CMR Institute of Technology,True,v2.1,False,False,True,2026-09-12T09:00:00+05:30,treatment,True,True,False,False,False,2
exp_offer_nudge_v1,subj_00874,New Horizon College of Engineering,True,v2.1,False,False,True,2026-09-12T09:00:00+05:30,treatment,True,True,False,False,False,2
exp_offer_nudge_v1,subj_00875,Dayananda Sagar College of Engineering,True,v2.1,False,False,True,2026-09-12T09:00:00+05:30,control,True,False,False,False,False,1
exp_offer_nudge_v1,subj_00876,BMS Institute of Technology,True,v2.1,False,False,True,2026-09-12T09:00:00+05:30,treatment,True,False,False,False,False,1
exp_offer_nudge_v1,subj_00877,PES University,True,v2.1,False,False,True,2026-09-12T09:00:00+05:30,treatment,True,True,True,True,False,4
exp_offer_nudge_v1,subj_00878,RV College of Engineering,True,v2.1,False,False,False,2026-09-12T09:00:00+05:30,excluded,False,False,False,False,False,0
exp_offer_nudge_v1,subj_00879,CMR Institute of Technology,True,v2.1,False,False,True,2026-09-12T09:00:00+05:30,treatment,True,False,False,False,False,1
exp_offer_nudge_v1,subj_00880,New Horizon College of Engineering,True,v2.1,False,True,False,2026-09-12T09:00:00+05:30,excluded,False,False,False,False,False,0
exp_offer_nudge_v1,subj_00881,Dayananda Sagar College of Engineering,True,v2.1,False,False,True,2026-09-12T09:00:00+05:30,treatment,True,False,False,False,False,1
exp_offer_nudge_v1,subj_00882,BMS Institute of Technology,True,v2.1,False,False,True,2026-09-12T09:00:00+05:30,treatment,True,True,False,False,False,2
exp_offer_nudge_v1,subj_00883,PES University,True,v2.1,False,False,True,2026-09-12T09:00:00+05:30,control,True,True,False,False,False,2
exp_offer_nudge_v1,subj_00884,RV College of Engineering,True,v2.1,False,False,True,2026-09-12T09:00:00+05:30,treatment,True,True,False,False,False,2
exp_offer_nudge_v1,subj_00885,CMR Institute of Technology,True,v2.1,False,False,True,2026-09-12T09:00:00+05:30,treatment,True,True,False,False,False,2
exp_offer_nudge_v1,subj_00886,New Horizon College of Engineering,True,v2.1,False,False,True,2026-09-12T09:00:00+05:30,treatment,True,False,False,False,False,1
exp_offer_nudge_v1,subj_00887,Dayananda Sagar College of Engineering,True,v2.1,False,False,True,2026-09-12T09:00:00+05:30,control,True,False,False,False,False,1
exp_offer_nudge_v1,subj_00888,BMS Institute of Technology,True,v2.1,False,False,True,2026-09-12T09:00:00+05:30,treatment,True,True,False,False,False,2
exp_offer_nudge_v1,subj_00889,PES University,True,v2.1,False,False,True,2026-09-12T09:00:00+05:30,treatment,True,True,False,False,False,2
exp_offer_nudge_v1,subj_00890,RV College of Engineering,True,v2.1,False,False,True,2026-09-12T09:00:00+05:30,control,True,False,False,False,False,1
exp_offer_nudge_v1,subj_00891,CMR Institute of Technology,True,v2.1,False,True,False,2026-09-12T09:00:00+05:30,excluded,False,False,False,False,False,0
exp_offer_nudge_v1,subj_00892,New Horizon College of Engineering,True,v2.1,False,False,True,2026-09-12T09:00:00+05:30,control,True,True,False,False,False,2
exp_offer_nudge_v1,subj_00893,Dayananda Sagar College of Engineering,True,v2.1,False,False,True,2026-09-12T09:00:00+05:30,control,True,False,False,False,False,1
exp_offer_nudge_v1,subj_00894,BMS Institute of Technology,True,v2.1,False,False,True,2026-09-12T09:00:00+05:30,control,True,False,False,False,False,1
exp_offer_nudge_v1,subj_00895,PES University,True,v2.1,False,False,True,2026-09-12T09:00:00+05:30,control,True,False,False,False,False,1
exp_offer_nudge_v1,subj_00896,RV College of Engineering,True,v2.1,False,False,True,2026-09-12T09:00:00+05:30,treatment,True,False,False,False,False,1
exp_offer_nudge_v1,subj_00897,CMR Institute of Technology,True,v2.1,False,False,False,2026-09-12T09:00:00+05:30,excluded,False,False,False,False,False,0
exp_offer_nudge_v1,subj_00898,New Horizon College of Engineering,True,v2.1,False,False,True,2026-09-12T09:00:00+05:30,treatment,True,True,False,False,False,2
exp_offer_nudge_v1,subj_00899,Dayananda Sagar College of Engineering,True,v2.1,False,False,True,2026-09-12T09:00:00+05:30,control,True,False,False,False,False,1
exp_offer_nudge_v1,subj_00900,BMS Institute of Technology,True,v2.1,False,False,False,2026-09-12T09:00:00+05:30,excluded,False,False,False,False,False,0
exp_offer_nudge_v1,subj_00901,PES University,True,v2.1,False,False,True,2026-09-12T09:00:00+05:30,control,True,True,False,False,False,2
exp_offer_nudge_v1,subj_00902,RV College of Engineering,True,v2.1,False,False,True,2026-09-12T09:00:00+05:30,treatment,True,False,False,False,False,1
exp_offer_nudge_v1,subj_00903,CMR Institute of Technology,True,v2.1,False,False,True,2026-09-12T09:00:00+05:30,treatment,True,True,False,False,False,2
exp_offer_nudge_v1,subj_00904,New Horizon College of Engineering,True,v2.1,False,False,False,2026-09-12T09:00:00+05:30,excluded,False,False,False,False,False,0
exp_offer_nudge_v1,subj_00905,Dayananda Sagar College of Engineering,True,v2.1,False,False,True,2026-09-12T09:00:00+05:30,control,True,False,False,False,False,1
exp_offer_nudge_v1,subj_00906,BMS Institute of Technology,True,v2.1,False,False,True,2026-09-12T09:00:00+05:30,treatment,True,False,False,False,False,1
exp_offer_nudge_v1,subj_00907,PES University,True,v2.1,False,False,True,2026-09-12T09:00:00+05:30,treatment,True,False,False,False,False,1
exp_offer_nudge_v1,subj_00908,RV College of Engineering,True,v2.1,False,False,True,2026-09-12T09:00:00+05:30,control,True,False,True,True,False,3
exp_offer_nudge_v1,subj_00909,CMR Institute of Technology,True,v2.1,False,False,True,2026-09-12T09:00:00+05:30,treatment,True,False,False,False,False,1
exp_offer_nudge_v1,subj_00910,New Horizon College of Engineering,True,v2.1,False,False,True,2026-09-12T09:00:00+05:30,control,True,False,False,False,False,1
exp_offer_nudge_v1,subj_00911,Dayananda Sagar College of Engineering,True,v2.1,False,False,True,2026-09-12T09:00:00+05:30,treatment,True,True,False,False,False,2
exp_offer_nudge_v1,subj_00912,BMS Institute of Technology,True,v2.1,False,False,True,2026-09-12T09:00:00+05:30,control,True,False,False,False,False,1
exp_offer_nudge_v1,subj_00913,PES University,True,v2.1,False,False,True,2026-09-12T09:00:00+05:30,treatment,True,False,False,False,False,1
exp_offer_nudge_v1,subj_00914,RV College of Engineering,True,v2.1,False,False,True,2026-09-12T09:00:00+05:30,control,True,True,True,True,False,4
exp_offer_nudge_v1,subj_00915,CMR Institute of Technology,True,v2.1,False,False,True,2026-09-12T09:00:00+05:30,control,True,False,False,False,False,1
exp_offer_nudge_v1,subj_00916,New Horizon College of Engineering,True,v2.1,False,False,True,2026-09-12T09:00:00+05:30,treatment,True,True,False,False,False,2
exp_offer_nudge_v1,subj_00917,Dayananda Sagar College of Engineering,True,v2.1,False,False,True,2026-09-12T09:00:00+05:30,control,True,True,False,False,False,2
exp_offer_nudge_v1,subj_00918,BMS Institute of Technology,True,v2.1,False,False,False,2026-09-12T09:00:00+05:30,excluded,False,False,False,False,False,0
exp_offer_nudge_v1,subj_00919,PES University,True,v2.1,False,False,True,2026-09-12T09:00:00+05:30,treatment,True,True,False,False,False,2
exp_offer_nudge_v1,subj_00920,RV College of Engineering,True,v2.1,False,False,True,2026-09-12T09:00:00+05:30,treatment,True,True,False,False,False,2
exp_offer_nudge_v1,subj_00921,CMR Institute of Technology,True,v2.1,False,False,True,2026-09-12T09:00:00+05:30,treatment,True,False,False,False,False,1
exp_offer_nudge_v1,subj_00922,New Horizon College of Engineering,True,v2.1,False,False,True,2026-09-12T09:00:00+05:30,control,True,False,False,False,False,1
exp_offer_nudge_v1,subj_00923,Dayananda Sagar College of Engineering,True,v2.1,False,False,True,2026-09-12T09:00:00+05:30,control,True,False,False,False,False,1
exp_offer_nudge_v1,subj_00924,BMS Institute of Technology,True,v2.1,False,False,True,2026-09-12T09:00:00+05:30,control,True,False,False,False,False,1
exp_offer_nudge_v1,subj_00925,PES University,True,v2.1,False,False,True,2026-09-12T09:00:00+05:30,treatment,True,True,False,False,False,2
exp_offer_nudge_v1,subj_00926,RV College of Engineering,True,v2.1,False,False,True,2026-09-12T09:00:00+05:30,control,True,False,True,True,False,3
exp_offer_nudge_v1,subj_00927,CMR Institute of Technology,True,v2.1,False,False,True,2026-09-12T09:00:00+05:30,control,True,False,False,False,False,1
exp_offer_nudge_v1,subj_00928,New Horizon College of Engineering,True,v2.1,False,False,False,2026-09-12T09:00:00+05:30,excluded,False,False,False,False,False,0
exp_offer_nudge_v1,subj_00929,Dayananda Sagar College of Engineering,True,v2.1,False,False,True,2026-09-12T09:00:00+05:30,control,True,False,False,False,False,1
exp_offer_nudge_v1,subj_00930,BMS Institute of Technology,True,v2.1,False,False,True,2026-09-12T09:00:00+05:30,treatment,True,True,False,False,False,2
exp_offer_nudge_v1,subj_00931,PES University,True,v2.1,False,False,True,2026-09-12T09:00:00+05:30,treatment,True,False,False,False,False,1
exp_offer_nudge_v1,subj_00932,RV College of Engineering,True,v2.1,False,False,False,2026-09-12T09:00:00+05:30,excluded,False,False,False,False,False,0
exp_offer_nudge_v1,subj_00933,CMR Institute of Technology,True,v2.1,False,False,True,2026-09-12T09:00:00+05:30,control,True,False,True,True,False,3
exp_offer_nudge_v1,subj_00934,New Horizon College of Engineering,True,v2.1,False,False,True,2026-09-12T09:00:00+05:30,control,True,False,False,False,False,1
exp_offer_nudge_v1,subj_00935,Dayananda Sagar College of Engineering,True,v2.1,False,False,False,2026-09-12T09:00:00+05:30,excluded,False,False,False,False,False,0
exp_offer_nudge_v1,subj_00936,BMS Institute of Technology,True,v2.1,False,False,True,2026-09-12T09:00:00+05:30,treatment,True,False,False,False,False,1
exp_offer_nudge_v1,subj_00937,PES University,True,v2.1,False,False,True,2026-09-12T09:00:00+05:30,control,True,False,False,False,False,1
exp_offer_nudge_v1,subj_00938,RV College of Engineering,True,v2.1,False,False,True,2026-09-12T09:00:00+05:30,control,True,False,False,False,False,1
exp_offer_nudge_v1,subj_00939,CMR Institute of Technology,True,v2.1,False,False,True,2026-09-12T09:00:00+05:30,control,True,False,False,False,False,1
exp_offer_nudge_v1,subj_00940,New Horizon College of Engineering,True,v2.1,False,False,True,2026-09-12T09:00:00+05:30,control,True,True,False,False,False,2
exp_offer_nudge_v1,subj_00941,Dayananda Sagar College of Engineering,True,v2.1,False,False,True,2026-09-12T09:00:00+05:30,treatment,True,True,True,False,False,3
exp_offer_nudge_v1,subj_00942,BMS Institute of Technology,True,v2.1,False,False,True,2026-09-12T09:00:00+05:30,control,True,False,False,False,False,1
exp_offer_nudge_v1,subj_00943,PES University,True,v2.1,True,False,False,2026-09-12T09:00:00+05:30,excluded,False,False,False,False,False,0
exp_offer_nudge_v1,subj_00944,RV College of Engineering,True,v2.1,False,False,True,2026-09-12T09:00:00+05:30,treatment,True,False,False,False,False,1
exp_offer_nudge_v1,subj_00945,CMR Institute of Technology,True,v2.1,False,False,True,2026-09-12T09:00:00+05:30,control,True,False,False,False,False,1
exp_offer_nudge_v1,subj_00946,New Horizon College of Engineering,True,v2.1,False,False,True,2026-09-12T09:00:00+05:30,control,True,True,False,False,False,2
exp_offer_nudge_v1,subj_00947,Dayananda Sagar College of Engineering,True,v2.1,False,False,True,2026-09-12T09:00:00+05:30,control,True,False,True,True,False,3
exp_offer_nudge_v1,subj_00948,BMS Institute of Technology,True,v2.1,True,False,False,2026-09-12T09:00:00+05:30,excluded,False,False,False,False,False,0
exp_offer_nudge_v1,subj_00949,PES University,True,v2.1,False,False,True,2026-09-12T09:00:00+05:30,treatment,True,False,False,False,False,1
exp_offer_nudge_v1,subj_00950,RV College of Engineering,True,v2.1,False,False,True,2026-09-12T09:00:00+05:30,control,True,False,False,False,False,1
exp_offer_nudge_v1,subj_00951,CMR Institute of Technology,False,,False,False,False,2026-09-12T09:00:00+05:30,excluded,False,False,False,False,False,0
exp_offer_nudge_v1,subj_00952,New Horizon College of Engineering,True,v2.1,False,False,False,2026-09-12T09:00:00+05:30,excluded,False,False,False,False,False,0
exp_offer_nudge_v1,subj_00953,Dayananda Sagar College of Engineering,True,v2.1,False,False,True,2026-09-12T09:00:00+05:30,control,True,True,False,False,False,2
exp_offer_nudge_v1,subj_00954,BMS Institute of Technology,True,v2.1,False,False,True,2026-09-12T09:00:00+05:30,treatment,True,True,False,False,False,2
exp_offer_nudge_v1,subj_00955,PES University,True,v2.1,False,False,True,2026-09-12T09:00:00+05:30,control,True,True,True,True,True,5
exp_offer_nudge_v1,subj_00956,RV College of Engineering,True,v2.1,False,False,True,2026-09-12T09:00:00+05:30,control,True,False,False,False,False,1
exp_offer_nudge_v1,subj_00957,CMR Institute of Technology,True,v2.1,False,False,False,2026-09-12T09:00:00+05:30,excluded,False,False,False,False,False,0
exp_offer_nudge_v1,subj_00958,New Horizon College of Engineering,True,v2.1,False,False,True,2026-09-12T09:00:00+05:30,control,True,True,False,False,False,2
exp_offer_nudge_v1,subj_00959,Dayananda Sagar College of Engineering,True,v2.1,False,False,True,2026-09-12T09:00:00+05:30,treatment,True,False,False,False,False,1
exp_offer_nudge_v1,subj_00960,BMS Institute of Technology,True,v2.1,False,False,True,2026-09-12T09:00:00+05:30,treatment,True,True,False,False,False,2
exp_offer_nudge_v1,subj_00961,PES University,True,v2.1,False,False,True,2026-09-12T09:00:00+05:30,control,True,False,False,False,False,1
exp_offer_nudge_v1,subj_00962,RV College of Engineering,True,v2.1,False,False,True,2026-09-12T09:00:00+05:30,control,True,False,True,False,False,2
exp_offer_nudge_v1,subj_00963,CMR Institute of Technology,True,v2.1,False,False,True,2026-09-12T09:00:00+05:30,treatment,True,True,False,False,False,2
exp_offer_nudge_v1,subj_00964,New Horizon College of Engineering,True,v2.1,False,False,True,2026-09-12T09:00:00+05:30,treatment,True,False,False,False,False,1
exp_offer_nudge_v1,subj_00965,Dayananda Sagar College of Engineering,True,v2.1,False,False,True,2026-09-12T09:00:00+05:30,treatment,True,False,False,False,False,1
exp_offer_nudge_v1,subj_00966,BMS Institute of Technology,True,v2.1,False,False,True,2026-09-12T09:00:00+05:30,treatment,True,True,False,False,False,2
exp_offer_nudge_v1,subj_00967,PES University,True,v2.1,False,False,True,2026-09-12T09:00:00+05:30,treatment,True,False,False,False,False,1
exp_offer_nudge_v1,subj_00968,RV College of Engineering,True,v2.1,False,False,True,2026-09-12T09:00:00+05:30,treatment,True,False,True,True,False,3
exp_offer_nudge_v1,subj_00969,CMR Institute of Technology,True,v2.1,False,False,False,2026-09-12T09:00:00+05:30,excluded,False,False,False,False,False,0
exp_offer_nudge_v1,subj_00970,New Horizon College of Engineering,True,v2.1,False,False,True,2026-09-12T09:00:00+05:30,treatment,True,False,False,False,False,1
exp_offer_nudge_v1,subj_00971,Dayananda Sagar College of Engineering,True,v2.1,False,False,True,2026-09-12T09:00:00+05:30,control,True,False,False,False,False,1
exp_offer_nudge_v1,subj_00972,BMS Institute of Technology,True,v2.1,False,False,True,2026-09-12T09:00:00+05:30,treatment,True,False,True,False,False,2
exp_offer_nudge_v1,subj_00973,PES University,False,,False,False,False,2026-09-12T09:00:00+05:30,excluded,False,False,False,False,False,0
exp_offer_nudge_v1,subj_00974,RV College of Engineering,True,v2.1,False,False,False,2026-09-12T09:00:00+05:30,excluded,False,False,False,False,False,0
exp_offer_nudge_v1,subj_00975,CMR Institute of Technology,True,v2.1,False,False,True,2026-09-12T09:00:00+05:30,control,True,False,False,False,False,1
exp_offer_nudge_v1,subj_00976,New Horizon College of Engineering,True,v2.1,False,False,True,2026-09-12T09:00:00+05:30,treatment,True,True,False,False,False,2
exp_offer_nudge_v1,subj_00977,Dayananda Sagar College of Engineering,True,v2.1,False,False,True,2026-09-12T09:00:00+05:30,control,True,False,False,False,False,1
exp_offer_nudge_v1,subj_00978,BMS Institute of Technology,True,v2.1,False,False,True,2026-09-12T09:00:00+05:30,treatment,True,False,True,False,False,2
exp_offer_nudge_v1,subj_00979,PES University,True,v2.1,False,False,True,2026-09-12T09:00:00+05:30,control,True,True,True,False,False,3
exp_offer_nudge_v1,subj_00980,RV College of Engineering,True,v2.1,False,False,True,2026-09-12T09:00:00+05:30,treatment,True,True,False,False,False,2
exp_offer_nudge_v1,subj_00981,CMR Institute of Technology,True,v2.1,False,False,True,2026-09-12T09:00:00+05:30,control,True,False,False,False,False,1
exp_offer_nudge_v1,subj_00982,New Horizon College of Engineering,True,v2.1,False,False,True,2026-09-12T09:00:00+05:30,control,True,True,False,False,False,2
exp_offer_nudge_v1,subj_00983,Dayananda Sagar College of Engineering,True,v2.1,False,False,True,2026-09-12T09:00:00+05:30,treatment,True,False,False,False,False,1
exp_offer_nudge_v1,subj_00984,BMS Institute of Technology,True,v2.1,False,False,True,2026-09-12T09:00:00+05:30,control,True,True,False,False,False,2
exp_offer_nudge_v1,subj_00985,PES University,True,v2.1,False,False,True,2026-09-12T09:00:00+05:30,control,True,True,False,False,False,2
exp_offer_nudge_v1,subj_00986,RV College of Engineering,True,v2.1,False,False,True,2026-09-12T09:00:00+05:30,treatment,True,False,False,False,False,1
exp_offer_nudge_v1,subj_00987,CMR Institute of Technology,True,v2.1,False,False,True,2026-09-12T09:00:00+05:30,treatment,True,True,False,False,False,2
exp_offer_nudge_v1,subj_00988,New Horizon College of Engineering,True,v2.1,False,False,True,2026-09-12T09:00:00+05:30,control,True,True,False,False,False,2
exp_offer_nudge_v1,subj_00989,Dayananda Sagar College of Engineering,True,v2.1,False,False,True,2026-09-12T09:00:00+05:30,treatment,True,True,False,False,False,2
exp_offer_nudge_v1,subj_00990,BMS Institute of Technology,True,v2.1,False,False,True,2026-09-12T09:00:00+05:30,control,True,False,True,True,True,4
exp_offer_nudge_v1,subj_00991,PES University,True,v2.1,False,False,True,2026-09-12T09:00:00+05:30,control,True,False,False,False,False,1
exp_offer_nudge_v1,subj_00992,RV College of Engineering,True,v2.1,False,False,True,2026-09-12T09:00:00+05:30,control,True,True,False,False,False,2
exp_offer_nudge_v1,subj_00993,CMR Institute of Technology,True,v2.1,False,False,True,2026-09-12T09:00:00+05:30,treatment,True,False,False,False,False,1
exp_offer_nudge_v1,subj_00994,New Horizon College of Engineering,True,v2.1,False,False,True,2026-09-12T09:00:00+05:30,treatment,True,False,False,False,False,1
exp_offer_nudge_v1,subj_00995,Dayananda Sagar College of Engineering,True,v2.1,False,False,True,2026-09-12T09:00:00+05:30,treatment,True,False,True,False,False,2
exp_offer_nudge_v1,subj_00996,BMS Institute of Technology,True,v2.1,False,False,True,2026-09-12T09:00:00+05:30,treatment,True,False,True,True,False,3
exp_offer_nudge_v1,subj_00997,PES University,True,v2.1,False,False,True,2026-09-12T09:00:00+05:30,treatment,True,False,False,False,False,1
exp_offer_nudge_v1,subj_00998,RV College of Engineering,True,v2.1,False,False,True,2026-09-12T09:00:00+05:30,control,True,False,False,False,False,1
exp_offer_nudge_v1,subj_00999,CMR Institute of Technology,True,v2.1,False,False,True,2026-09-12T09:00:00+05:30,treatment,True,True,False,False,False,2
exp_offer_nudge_v1,subj_01000,New Horizon College of Engineering,True,v2.1,False,False,True,2026-09-12T09:00:00+05:30,treatment,True,False,False,False,False,1
exp_offer_nudge_v1,subj_01001,Dayananda Sagar College of Engineering,True,v2.1,False,False,True,2026-09-12T09:00:00+05:30,control,True,False,False,False,False,1
exp_offer_nudge_v1,subj_01002,BMS Institute of Technology,True,v2.1,False,False,True,2026-09-12T09:00:00+05:30,control,True,False,False,False,False,1
exp_offer_nudge_v1,subj_01003,PES University,True,v2.1,False,False,True,2026-09-12T09:00:00+05:30,control,True,True,True,False,False,3
exp_offer_nudge_v1,subj_01004,RV College of Engineering,True,v2.1,False,False,True,2026-09-12T09:00:00+05:30,treatment,True,True,False,False,False,2
exp_offer_nudge_v1,subj_01005,CMR Institute of Technology,True,v2.1,False,False,True,2026-09-12T09:00:00+05:30,control,True,True,True,True,False,4
exp_offer_nudge_v1,subj_01006,New Horizon College of Engineering,True,v2.1,False,False,False,2026-09-12T09:00:00+05:30,excluded,False,False,False,False,False,0
exp_offer_nudge_v1,subj_01007,Dayananda Sagar College of Engineering,True,v2.1,False,False,True,2026-09-12T09:00:00+05:30,control,True,True,False,False,False,2
exp_offer_nudge_v1,subj_01008,BMS Institute of Technology,True,v2.1,False,False,True,2026-09-12T09:00:00+05:30,treatment,True,False,False,False,False,1
exp_offer_nudge_v1,subj_01009,PES University,True,v2.1,False,False,True,2026-09-12T09:00:00+05:30,treatment,True,False,True,True,False,3
exp_offer_nudge_v1,subj_01010,RV College of Engineering,True,v2.1,False,False,True,2026-09-12T09:00:00+05:30,treatment,True,True,True,True,False,4
exp_offer_nudge_v1,subj_01011,CMR Institute of Technology,True,v2.1,False,False,True,2026-09-12T09:00:00+05:30,treatment,True,True,False,False,False,2
exp_offer_nudge_v1,subj_01012,New Horizon College of Engineering,True,v2.1,False,False,True,2026-09-12T09:00:00+05:30,treatment,True,True,False,False,False,2
exp_offer_nudge_v1,subj_01013,Dayananda Sagar College of Engineering,True,v2.1,False,False,True,2026-09-12T09:00:00+05:30,treatment,True,True,False,False,False,2
exp_offer_nudge_v1,subj_01014,BMS Institute of Technology,True,v2.1,False,False,True,2026-09-12T09:00:00+05:30,control,True,False,False,False,False,1
exp_offer_nudge_v1,subj_01015,PES University,True,v2.1,False,False,True,2026-09-12T09:00:00+05:30,control,True,False,False,False,False,1
exp_offer_nudge_v1,subj_01016,RV College of Engineering,True,v2.1,False,False,True,2026-09-12T09:00:00+05:30,control,True,True,False,False,False,2
exp_offer_nudge_v1,subj_01017,CMR Institute of Technology,True,v2.1,False,False,False,2026-09-12T09:00:00+05:30,excluded,False,False,False,False,False,0
exp_offer_nudge_v1,subj_01018,New Horizon College of Engineering,True,v2.1,False,False,True,2026-09-12T09:00:00+05:30,control,True,True,True,True,False,4
exp_offer_nudge_v1,subj_01019,Dayananda Sagar College of Engineering,True,v2.1,False,False,True,2026-09-12T09:00:00+05:30,control,True,False,False,False,False,1
exp_offer_nudge_v1,subj_01020,BMS Institute of Technology,True,v2.1,False,False,True,2026-09-12T09:00:00+05:30,treatment,True,True,False,False,False,2
exp_offer_nudge_v1,subj_01021,PES University,True,v2.1,False,False,True,2026-09-12T09:00:00+05:30,excluded,False,False,False,False,False,0
exp_offer_nudge_v1,subj_01022,RV College of Engineering,True,v2.1,False,False,True,2026-09-12T09:00:00+05:30,control,True,False,True,True,False,3
exp_offer_nudge_v1,subj_01023,CMR Institute of Technology,True,v2.1,False,False,True,2026-09-12T09:00:00+05:30,treatment,True,False,False,False,False,1
exp_offer_nudge_v1,subj_01024,New Horizon College of Engineering,True,v2.1,False,False,True,2026-09-12T09:00:00+05:30,treatment,True,False,False,False,False,1
exp_offer_nudge_v1,subj_01025,Dayananda Sagar College of Engineering,True,v2.1,False,False,True,2026-09-12T09:00:00+05:30,treatment,True,False,True,True,True,4
exp_offer_nudge_v1,subj_01026,BMS Institute of Technology,True,v2.1,False,False,True,2026-09-12T09:00:00+05:30,control,True,True,False,False,False,2
exp_offer_nudge_v1,subj_01027,PES University,True,v2.1,False,False,True,2026-09-12T09:00:00+05:30,treatment,True,False,False,False,False,1
exp_offer_nudge_v1,subj_01028,RV College of Engineering,True,v2.1,False,False,True,2026-09-12T09:00:00+05:30,treatment,True,True,False,False,False,2
exp_offer_nudge_v1,subj_01029,CMR Institute of Technology,True,v2.1,False,False,False,2026-09-12T09:00:00+05:30,excluded,False,False,False,False,False,0
exp_offer_nudge_v1,subj_01030,New Horizon College of Engineering,True,v2.1,False,False,True,2026-09-12T09:00:00+05:30,treatment,True,False,True,False,False,2
exp_offer_nudge_v1,subj_01031,Dayananda Sagar College of Engineering,True,v2.1,False,False,True,2026-09-12T09:00:00+05:30,control,True,False,False,False,False,1
exp_offer_nudge_v1,subj_01032,BMS Institute of Technology,True,v2.1,False,False,True,2026-09-12T09:00:00+05:30,control,True,False,False,False,False,1
exp_offer_nudge_v1,subj_01033,PES University,True,v2.1,False,False,True,2026-09-12T09:00:00+05:30,control,True,False,False,False,False,1
exp_offer_nudge_v1,subj_01034,RV College of Engineering,True,v2.1,False,False,True,2026-09-12T09:00:00+05:30,treatment,True,False,False,False,False,1
exp_offer_nudge_v1,subj_01035,CMR Institute of Technology,True,v2.1,False,False,True,2026-09-12T09:00:00+05:30,treatment,True,False,False,False,False,1
exp_offer_nudge_v1,subj_01036,New Horizon College of Engineering,True,v2.1,False,False,True,2026-09-12T09:00:00+05:30,excluded,False,False,False,False,False,0
exp_offer_nudge_v1,subj_01037,Dayananda Sagar College of Engineering,True,v2.1,False,False,True,2026-09-12T09:00:00+05:30,control,True,False,False,False,False,1
exp_offer_nudge_v1,subj_01038,BMS Institute of Technology,True,v2.1,False,False,True,2026-09-12T09:00:00+05:30,control,True,True,True,True,False,4
exp_offer_nudge_v1,subj_01039,PES University,True,v2.1,False,False,False,2026-09-12T09:00:00+05:30,excluded,False,False,False,False,False,0
exp_offer_nudge_v1,subj_01040,RV College of Engineering,True,v2.1,False,False,False,2026-09-12T09:00:00+05:30,excluded,False,False,False,False,False,0
exp_offer_nudge_v1,subj_01041,CMR Institute of Technology,True,v2.1,False,False,True,2026-09-12T09:00:00+05:30,control,True,True,False,False,False,2
exp_offer_nudge_v1,subj_01042,New Horizon College of Engineering,True,v2.1,False,False,False,2026-09-12T09:00:00+05:30,excluded,False,False,False,False,False,0
exp_offer_nudge_v1,subj_01043,Dayananda Sagar College of Engineering,True,v2.1,False,False,True,2026-09-12T09:00:00+05:30,treatment,True,False,False,False,False,1
exp_offer_nudge_v1,subj_01044,BMS Institute of Technology,True,v2.1,False,False,True,2026-09-12T09:00:00+05:30,treatment,True,True,True,True,False,4
exp_offer_nudge_v1,subj_01045,PES University,True,v2.1,False,False,True,2026-09-12T09:00:00+05:30,control,True,True,True,False,False,3
exp_offer_nudge_v1,subj_01046,RV College of Engineering,True,v2.1,False,False,True,2026-09-12T09:00:00+05:30,treatment,True,True,False,False,False,2
exp_offer_nudge_v1,subj_01047,CMR Institute of Technology,True,v2.1,False,False,True,2026-09-12T09:00:00+05:30,control,True,False,False,False,False,1
exp_offer_nudge_v1,subj_01048,New Horizon College of Engineering,True,v2.1,False,False,True,2026-09-12T09:00:00+05:30,control,True,False,False,False,False,1
exp_offer_nudge_v1,subj_01049,Dayananda Sagar College of Engineering,True,v2.1,False,False,True,2026-09-12T09:00:00+05:30,treatment,True,True,False,False,False,2
exp_offer_nudge_v1,subj_01050,BMS Institute of Technology,True,v2.1,False,False,True,2026-09-12T09:00:00+05:30,control,True,False,False,False,False,1
exp_offer_nudge_v1,subj_01051,PES University,True,v2.1,False,False,True,2026-09-12T09:00:00+05:30,control,True,False,False,False,False,1
exp_offer_nudge_v1,subj_01052,RV College of Engineering,True,v2.1,False,False,True,2026-09-12T09:00:00+05:30,treatment,True,False,False,False,False,1
exp_offer_nudge_v1,subj_01053,CMR Institute of Technology,True,v2.1,False,False,True,2026-09-12T09:00:00+05:30,control,True,False,True,True,False,3
exp_offer_nudge_v1,subj_01054,New Horizon College of Engineering,True,v2.1,False,False,True,2026-09-12T09:00:00+05:30,treatment,True,False,False,False,False,1
exp_offer_nudge_v1,subj_01055,Dayananda Sagar College of Engineering,True,v2.1,False,False,True,2026-09-12T09:00:00+05:30,treatment,True,False,False,False,False,1
exp_offer_nudge_v1,subj_01056,BMS Institute of Technology,True,v2.1,False,False,True,2026-09-12T09:00:00+05:30,treatment,True,False,True,False,False,2
exp_offer_nudge_v1,subj_01057,PES University,True,v2.1,False,False,True,2026-09-12T09:00:00+05:30,control,True,False,True,False,False,2
exp_offer_nudge_v1,subj_01058,RV College of Engineering,True,v2.1,False,False,True,2026-09-12T09:00:00+05:30,treatment,True,False,False,False,False,1
exp_offer_nudge_v1,subj_01059,CMR Institute of Technology,True,v2.1,False,False,True,2026-09-12T09:00:00+05:30,control,True,False,False,False,False,1
exp_offer_nudge_v1,subj_01060,New Horizon College of Engineering,True,v2.1,False,False,False,2026-09-12T09:00:00+05:30,excluded,False,False,False,False,False,0
exp_offer_nudge_v1,subj_01061,Dayananda Sagar College of Engineering,True,v2.1,False,False,True,2026-09-12T09:00:00+05:30,treatment,True,False,False,False,False,1
exp_offer_nudge_v1,subj_01062,BMS Institute of Technology,True,v2.1,False,False,True,2026-09-12T09:00:00+05:30,control,True,False,False,False,False,1
exp_offer_nudge_v1,subj_01063,PES University,True,v2.1,False,False,True,2026-09-12T09:00:00+05:30,treatment,True,False,False,False,False,1
exp_offer_nudge_v1,subj_01064,RV College of Engineering,True,v2.1,False,False,True,2026-09-12T09:00:00+05:30,control,True,False,False,False,False,1
exp_offer_nudge_v1,subj_01065,CMR Institute of Technology,True,v2.1,False,False,True,2026-09-12T09:00:00+05:30,treatment,True,False,False,False,False,1
exp_offer_nudge_v1,subj_01066,New Horizon College of Engineering,True,v2.1,False,True,False,2026-09-12T09:00:00+05:30,excluded,False,False,False,False,False,0
exp_offer_nudge_v1,subj_01067,Dayananda Sagar College of Engineering,True,v2.1,False,False,True,2026-09-12T09:00:00+05:30,treatment,True,False,False,False,False,1
exp_offer_nudge_v1,subj_01068,BMS Institute of Technology,True,v2.1,False,False,True,2026-09-12T09:00:00+05:30,control,True,False,False,False,False,1
exp_offer_nudge_v1,subj_01069,PES University,True,v2.1,False,False,True,2026-09-12T09:00:00+05:30,control,True,False,False,False,False,1
exp_offer_nudge_v1,subj_01070,RV College of Engineering,True,v2.1,False,False,True,2026-09-12T09:00:00+05:30,treatment,True,False,False,False,False,1
exp_offer_nudge_v1,subj_01071,CMR Institute of Technology,True,v2.1,False,False,False,2026-09-12T09:00:00+05:30,excluded,False,False,False,False,False,0
exp_offer_nudge_v1,subj_01072,New Horizon College of Engineering,True,v2.1,False,False,True,2026-09-12T09:00:00+05:30,treatment,True,True,False,False,False,2
exp_offer_nudge_v1,subj_01073,Dayananda Sagar College of Engineering,True,v2.1,False,False,True,2026-09-12T09:00:00+05:30,control,True,True,False,False,False,2
exp_offer_nudge_v1,subj_01074,BMS Institute of Technology,True,v2.1,False,False,True,2026-09-12T09:00:00+05:30,treatment,True,False,False,False,False,1
exp_offer_nudge_v1,subj_01075,PES University,True,v2.1,False,False,True,2026-09-12T09:00:00+05:30,control,True,False,True,False,False,2
exp_offer_nudge_v1,subj_01076,RV College of Engineering,True,v2.1,False,False,True,2026-09-12T09:00:00+05:30,treatment,True,True,False,False,False,2
exp_offer_nudge_v1,subj_01077,CMR Institute of Technology,True,v2.1,False,False,True,2026-09-12T09:00:00+05:30,control,True,False,False,False,False,1
exp_offer_nudge_v1,subj_01078,New Horizon College of Engineering,True,v2.1,False,False,True,2026-09-12T09:00:00+05:30,treatment,True,True,False,False,False,2
exp_offer_nudge_v1,subj_01079,Dayananda Sagar College of Engineering,True,v2.1,False,False,True,2026-09-12T09:00:00+05:30,treatment,True,False,True,False,False,2
exp_offer_nudge_v1,subj_01080,BMS Institute of Technology,True,v2.1,False,False,True,2026-09-12T09:00:00+05:30,control,True,False,False,False,False,1
exp_offer_nudge_v1,subj_01081,PES University,False,,False,False,False,2026-09-12T09:00:00+05:30,excluded,False,False,False,False,False,0
exp_offer_nudge_v1,subj_01082,RV College of Engineering,True,v2.1,False,False,True,2026-09-12T09:00:00+05:30,excluded,False,False,False,False,False,0
exp_offer_nudge_v1,subj_01083,CMR Institute of Technology,True,v2.1,False,False,True,2026-09-12T09:00:00+05:30,control,True,False,False,False,False,1
exp_offer_nudge_v1,subj_01084,New Horizon College of Engineering,True,v2.1,False,True,False,2026-09-12T09:00:00+05:30,excluded,False,False,False,False,False,0
exp_offer_nudge_v1,subj_01085,Dayananda Sagar College of Engineering,True,v2.1,False,False,True,2026-09-12T09:00:00+05:30,control,True,False,False,False,False,1
exp_offer_nudge_v1,subj_01086,BMS Institute of Technology,True,v2.1,False,False,True,2026-09-12T09:00:00+05:30,treatment,True,False,False,False,False,1
exp_offer_nudge_v1,subj_01087,PES University,True,v2.1,False,False,True,2026-09-12T09:00:00+05:30,treatment,True,False,False,False,False,1
exp_offer_nudge_v1,subj_01088,RV College of Engineering,True,v2.1,False,False,True,2026-09-12T09:00:00+05:30,control,True,False,False,False,False,1
exp_offer_nudge_v1,subj_01089,CMR Institute of Technology,True,v2.1,False,False,True,2026-09-12T09:00:00+05:30,treatment,True,True,False,False,False,2
exp_offer_nudge_v1,subj_01090,New Horizon College of Engineering,True,v2.1,False,False,True,2026-09-12T09:00:00+05:30,control,True,False,False,False,False,1
exp_offer_nudge_v1,subj_01091,Dayananda Sagar College of Engineering,True,v2.1,False,False,False,2026-09-12T09:00:00+05:30,excluded,False,False,False,False,False,0
exp_offer_nudge_v1,subj_01092,BMS Institute of Technology,False,,False,False,False,2026-09-12T09:00:00+05:30,excluded,False,False,False,False,False,0
exp_offer_nudge_v1,subj_01093,PES University,True,v2.1,False,False,True,2026-09-12T09:00:00+05:30,control,True,True,False,False,False,2
exp_offer_nudge_v1,subj_01094,RV College of Engineering,True,v2.1,False,False,True,2026-09-12T09:00:00+05:30,control,True,False,False,False,False,1
exp_offer_nudge_v1,subj_01095,CMR Institute of Technology,True,v2.1,True,False,False,2026-09-12T09:00:00+05:30,excluded,False,False,False,False,False,0
exp_offer_nudge_v1,subj_01096,New Horizon College of Engineering,True,v2.1,False,False,True,2026-09-12T09:00:00+05:30,treatment,True,False,False,False,False,1
exp_offer_nudge_v1,subj_01097,Dayananda Sagar College of Engineering,True,v2.1,False,False,False,2026-09-12T09:00:00+05:30,excluded,False,False,False,False,False,0
exp_offer_nudge_v1,subj_01098,BMS Institute of Technology,True,v2.1,False,False,True,2026-09-12T09:00:00+05:30,treatment,True,True,False,False,False,2
exp_offer_nudge_v1,subj_01099,PES University,True,v2.1,False,False,False,2026-09-12T09:00:00+05:30,excluded,False,False,False,False,False,0
exp_offer_nudge_v1,subj_01100,RV College of Engineering,True,v2.1,True,False,False,2026-09-12T09:00:00+05:30,excluded,False,False,False,False,False,0
exp_offer_nudge_v1,subj_01101,CMR Institute of Technology,True,v2.1,True,False,False,2026-09-12T09:00:00+05:30,excluded,False,False,False,False,False,0
exp_offer_nudge_v1,subj_01102,New Horizon College of Engineering,True,v2.1,False,False,True,2026-09-12T09:00:00+05:30,treatment,True,False,True,False,False,2
exp_offer_nudge_v1,subj_01103,Dayananda Sagar College of Engineering,True,v2.1,False,False,False,2026-09-12T09:00:00+05:30,excluded,False,False,False,False,False,0
exp_offer_nudge_v1,subj_01104,BMS Institute of Technology,True,v2.1,False,False,True,2026-09-12T09:00:00+05:30,control,True,False,False,False,False,1
exp_offer_nudge_v1,subj_01105,PES University,True,v2.1,False,False,True,2026-09-12T09:00:00+05:30,control,True,False,False,False,False,1
exp_offer_nudge_v1,subj_01106,RV College of Engineering,True,v2.1,False,False,True,2026-09-12T09:00:00+05:30,control,True,False,True,True,False,3
exp_offer_nudge_v1,subj_01107,CMR Institute of Technology,True,v2.1,False,False,True,2026-09-12T09:00:00+05:30,treatment,True,True,True,False,False,3
exp_offer_nudge_v1,subj_01108,New Horizon College of Engineering,True,v2.1,False,False,True,2026-09-12T09:00:00+05:30,treatment,True,True,True,False,False,3
exp_offer_nudge_v1,subj_01109,Dayananda Sagar College of Engineering,True,v2.1,False,False,True,2026-09-12T09:00:00+05:30,control,True,False,False,False,False,1
exp_offer_nudge_v1,subj_01110,BMS Institute of Technology,True,v2.1,False,False,True,2026-09-12T09:00:00+05:30,control,True,False,False,False,False,1
exp_offer_nudge_v1,subj_01111,PES University,True,v2.1,False,False,True,2026-09-12T09:00:00+05:30,control,True,True,False,False,False,2
exp_offer_nudge_v1,subj_01112,RV College of Engineering,True,v2.1,False,False,True,2026-09-12T09:00:00+05:30,treatment,True,True,False,False,False,2
exp_offer_nudge_v1,subj_01113,CMR Institute of Technology,True,v2.1,False,False,True,2026-09-12T09:00:00+05:30,treatment,True,False,True,False,False,2
exp_offer_nudge_v1,subj_01114,New Horizon College of Engineering,True,v2.1,False,False,True,2026-09-12T09:00:00+05:30,control,True,False,False,False,False,1
exp_offer_nudge_v1,subj_01115,Dayananda Sagar College of Engineering,True,v2.1,False,False,True,2026-09-12T09:00:00+05:30,control,True,True,False,False,False,2
exp_offer_nudge_v1,subj_01116,BMS Institute of Technology,True,v2.1,False,False,True,2026-09-12T09:00:00+05:30,control,True,False,False,False,False,1
exp_offer_nudge_v1,subj_01117,PES University,True,v2.1,False,False,True,2026-09-12T09:00:00+05:30,treatment,True,False,False,False,False,1
exp_offer_nudge_v1,subj_01118,RV College of Engineering,True,v2.1,False,False,True,2026-09-12T09:00:00+05:30,treatment,True,False,False,False,False,1
exp_offer_nudge_v1,subj_01119,CMR Institute of Technology,True,v2.1,False,False,True,2026-09-12T09:00:00+05:30,control,True,False,False,False,False,1
exp_offer_nudge_v1,subj_01120,New Horizon College of Engineering,True,v2.1,False,False,True,2026-09-12T09:00:00+05:30,control,True,True,False,False,False,2
exp_offer_nudge_v1,subj_01121,Dayananda Sagar College of Engineering,True,v2.1,False,False,True,2026-09-12T09:00:00+05:30,treatment,True,True,False,False,False,2
exp_offer_nudge_v1,subj_01122,BMS Institute of Technology,False,,False,False,False,2026-09-12T09:00:00+05:30,excluded,False,False,False,False,False,0
exp_offer_nudge_v1,subj_01123,PES University,True,v2.1,False,False,True,2026-09-12T09:00:00+05:30,control,True,False,False,False,False,1
exp_offer_nudge_v1,subj_01124,RV College of Engineering,True,v2.1,False,False,True,2026-09-12T09:00:00+05:30,treatment,True,False,True,True,False,3
exp_offer_nudge_v1,subj_01125,CMR Institute of Technology,True,v2.1,False,False,True,2026-09-12T09:00:00+05:30,treatment,True,True,True,True,False,4
exp_offer_nudge_v1,subj_01126,New Horizon College of Engineering,True,v2.1,False,False,True,2026-09-12T09:00:00+05:30,treatment,True,False,False,False,False,1
exp_offer_nudge_v1,subj_01127,Dayananda Sagar College of Engineering,True,v2.1,False,False,True,2026-09-12T09:00:00+05:30,control,True,False,False,False,False,1
exp_offer_nudge_v1,subj_01128,BMS Institute of Technology,True,v2.1,False,False,False,2026-09-12T09:00:00+05:30,excluded,False,False,False,False,False,0
exp_offer_nudge_v1,subj_01129,PES University,True,v2.1,False,False,True,2026-09-12T09:00:00+05:30,control,True,False,False,False,False,1
exp_offer_nudge_v1,subj_01130,RV College of Engineering,True,v2.1,False,False,True,2026-09-12T09:00:00+05:30,treatment,True,False,False,False,False,1
exp_offer_nudge_v1,subj_01131,CMR Institute of Technology,True,v2.1,False,False,False,2026-09-12T09:00:00+05:30,excluded,False,False,False,False,False,0
exp_offer_nudge_v1,subj_01132,New Horizon College of Engineering,True,v2.1,False,False,True,2026-09-12T09:00:00+05:30,treatment,True,False,False,False,False,1
exp_offer_nudge_v1,subj_01133,Dayananda Sagar College of Engineering,True,v2.1,True,False,False,2026-09-12T09:00:00+05:30,excluded,False,False,False,False,False,0
exp_offer_nudge_v1,subj_01134,BMS Institute of Technology,True,v2.1,False,False,True,2026-09-12T09:00:00+05:30,control,True,False,False,False,False,1
exp_offer_nudge_v1,subj_01135,PES University,True,v2.1,False,False,True,2026-09-12T09:00:00+05:30,control,True,True,False,False,False,2
exp_offer_nudge_v1,subj_01136,RV College of Engineering,True,v2.1,False,False,True,2026-09-12T09:00:00+05:30,control,True,True,False,False,False,2
exp_offer_nudge_v1,subj_01137,CMR Institute of Technology,True,v2.1,False,False,True,2026-09-12T09:00:00+05:30,control,True,False,True,False,False,2
exp_offer_nudge_v1,subj_01138,New Horizon College of Engineering,False,,False,False,False,2026-09-12T09:00:00+05:30,excluded,False,False,False,False,False,0
exp_offer_nudge_v1,subj_01139,Dayananda Sagar College of Engineering,True,v2.1,True,False,False,2026-09-12T09:00:00+05:30,excluded,False,False,False,False,False,0
exp_offer_nudge_v1,subj_01140,BMS Institute of Technology,True,v2.1,False,False,True,2026-09-12T09:00:00+05:30,treatment,True,True,False,False,False,2
exp_offer_nudge_v1,subj_01141,PES University,True,v2.1,False,False,True,2026-09-12T09:00:00+05:30,control,True,False,False,False,False,1
exp_offer_nudge_v1,subj_01142,RV College of Engineering,True,v2.1,False,False,True,2026-09-12T09:00:00+05:30,control,True,False,False,False,False,1
exp_offer_nudge_v1,subj_01143,CMR Institute of Technology,True,v2.1,False,False,True,2026-09-12T09:00:00+05:30,control,True,False,False,False,False,1
exp_offer_nudge_v1,subj_01144,New Horizon College of Engineering,False,,False,False,False,2026-09-12T09:00:00+05:30,excluded,False,False,False,False,False,0
exp_offer_nudge_v1,subj_01145,Dayananda Sagar College of Engineering,True,v2.1,False,False,True,2026-09-12T09:00:00+05:30,treatment,True,False,False,False,False,1
exp_offer_nudge_v1,subj_01146,BMS Institute of Technology,True,v2.1,False,False,False,2026-09-12T09:00:00+05:30,excluded,False,False,False,False,False,0
exp_offer_nudge_v1,subj_01147,PES University,True,v2.1,True,False,False,2026-09-12T09:00:00+05:30,excluded,False,False,False,False,False,0
exp_offer_nudge_v1,subj_01148,RV College of Engineering,True,v2.1,False,False,True,2026-09-12T09:00:00+05:30,control,True,False,False,False,False,1
exp_offer_nudge_v1,subj_01149,CMR Institute of Technology,True,v2.1,True,False,False,2026-09-12T09:00:00+05:30,excluded,False,False,False,False,False,0
exp_offer_nudge_v1,subj_01150,New Horizon College of Engineering,True,v2.1,False,False,True,2026-09-12T09:00:00+05:30,control,True,False,False,False,False,1
exp_offer_nudge_v1,subj_01151,Dayananda Sagar College of Engineering,True,v2.1,False,False,True,2026-09-12T09:00:00+05:30,treatment,True,True,True,False,False,3
exp_offer_nudge_v1,subj_01152,BMS Institute of Technology,True,v2.1,False,False,False,2026-09-12T09:00:00+05:30,excluded,False,False,False,False,False,0
exp_offer_nudge_v1,subj_01153,PES University,True,v2.1,False,False,True,2026-09-12T09:00:00+05:30,treatment,True,False,False,False,False,1
exp_offer_nudge_v1,subj_01154,RV College of Engineering,True,v2.1,False,False,True,2026-09-12T09:00:00+05:30,control,True,False,False,False,False,1
exp_offer_nudge_v1,subj_01155,CMR Institute of Technology,True,v2.1,True,False,False,2026-09-12T09:00:00+05:30,excluded,False,False,False,False,False,0
exp_offer_nudge_v1,subj_01156,New Horizon College of Engineering,True,v2.1,False,False,False,2026-09-12T09:00:00+05:30,excluded,False,False,False,False,False,0
exp_offer_nudge_v1,subj_01157,Dayananda Sagar College of Engineering,True,v2.1,False,False,True,2026-09-12T09:00:00+05:30,treatment,True,False,False,False,False,1
exp_offer_nudge_v1,subj_01158,BMS Institute of Technology,True,v2.1,False,False,True,2026-09-12T09:00:00+05:30,treatment,True,False,False,False,False,1
exp_offer_nudge_v1,subj_01159,PES University,True,v2.1,False,False,True,2026-09-12T09:00:00+05:30,control,True,False,False,False,False,1
exp_offer_nudge_v1,subj_01160,RV College of Engineering,True,v2.1,False,False,True,2026-09-12T09:00:00+05:30,control,True,False,False,False,False,1
exp_offer_nudge_v1,subj_01161,CMR Institute of Technology,True,v2.1,False,False,True,2026-09-12T09:00:00+05:30,treatment,True,False,True,True,True,4
exp_offer_nudge_v1,subj_01162,New Horizon College of Engineering,True,v2.1,False,False,True,2026-09-12T09:00:00+05:30,treatment,True,False,False,False,False,1
exp_offer_nudge_v1,subj_01163,Dayananda Sagar College of Engineering,True,v2.1,False,False,True,2026-09-12T09:00:00+05:30,treatment,True,False,False,False,False,1
exp_offer_nudge_v1,subj_01164,BMS Institute of Technology,True,v2.1,False,False,True,2026-09-12T09:00:00+05:30,excluded,False,False,False,False,False,0
exp_offer_nudge_v1,subj_01165,PES University,True,v2.1,False,False,True,2026-09-12T09:00:00+05:30,treatment,True,True,False,False,False,2
exp_offer_nudge_v1,subj_01166,RV College of Engineering,True,v2.1,False,False,True,2026-09-12T09:00:00+05:30,control,True,True,False,False,False,2
exp_offer_nudge_v1,subj_01167,CMR Institute of Technology,True,v2.1,False,False,False,2026-09-12T09:00:00+05:30,excluded,False,False,False,False,False,0
exp_offer_nudge_v1,subj_01168,New Horizon College of Engineering,True,v2.1,False,False,True,2026-09-12T09:00:00+05:30,control,True,True,False,False,False,2
exp_offer_nudge_v1,subj_01169,Dayananda Sagar College of Engineering,True,v2.1,False,False,True,2026-09-12T09:00:00+05:30,treatment,True,False,True,False,False,2
exp_offer_nudge_v1,subj_01170,BMS Institute of Technology,True,v2.1,False,False,True,2026-09-12T09:00:00+05:30,treatment,True,False,False,False,False,1
exp_offer_nudge_v1,subj_01171,PES University,False,,False,False,False,2026-09-12T09:00:00+05:30,excluded,False,False,False,False,False,0
exp_offer_nudge_v1,subj_01172,RV College of Engineering,True,v2.1,False,False,True,2026-09-12T09:00:00+05:30,treatment,True,False,False,False,False,1
exp_offer_nudge_v1,subj_01173,CMR Institute of Technology,True,v2.1,False,False,True,2026-09-12T09:00:00+05:30,treatment,True,False,False,False,False,1
exp_offer_nudge_v1,subj_01174,New Horizon College of Engineering,True,v2.1,False,False,True,2026-09-12T09:00:00+05:30,control,True,False,False,False,False,1
exp_offer_nudge_v1,subj_01175,Dayananda Sagar College of Engineering,True,v2.1,False,False,False,2026-09-12T09:00:00+05:30,excluded,False,False,False,False,False,0
exp_offer_nudge_v1,subj_01176,BMS Institute of Technology,True,v2.1,False,False,True,2026-09-12T09:00:00+05:30,treatment,True,True,False,False,False,2
exp_offer_nudge_v1,subj_01177,PES University,True,v2.1,False,False,True,2026-09-12T09:00:00+05:30,control,True,False,False,False,False,1
exp_offer_nudge_v1,subj_01178,RV College of Engineering,True,v2.1,False,False,True,2026-09-12T09:00:00+05:30,treatment,True,False,False,False,False,1
exp_offer_nudge_v1,subj_01179,CMR Institute of Technology,True,v2.1,False,False,True,2026-09-12T09:00:00+05:30,treatment,True,False,False,False,False,1
exp_offer_nudge_v1,subj_01180,New Horizon College of Engineering,True,v2.1,False,False,True,2026-09-12T09:00:00+05:30,treatment,True,True,False,False,False,2
exp_offer_nudge_v1,subj_01181,Dayananda Sagar College of Engineering,True,v2.1,False,False,True,2026-09-12T09:00:00+05:30,treatment,True,False,True,False,False,2
exp_offer_nudge_v1,subj_01182,BMS Institute of Technology,True,v2.1,False,False,True,2026-09-12T09:00:00+05:30,control,True,False,False,False,False,1
exp_offer_nudge_v1,subj_01183,PES University,True,v2.1,True,False,False,2026-09-12T09:00:00+05:30,excluded,False,False,False,False,False,0
exp_offer_nudge_v1,subj_01184,RV College of Engineering,True,v2.1,False,False,True,2026-09-12T09:00:00+05:30,control,True,False,False,False,False,1
exp_offer_nudge_v1,subj_01185,CMR Institute of Technology,True,v2.1,False,False,True,2026-09-12T09:00:00+05:30,treatment,True,True,False,False,False,2
exp_offer_nudge_v1,subj_01186,New Horizon College of Engineering,True,v2.1,False,False,False,2026-09-12T09:00:00+05:30,excluded,False,False,False,False,False,0
exp_offer_nudge_v1,subj_01187,Dayananda Sagar College of Engineering,True,v2.1,False,False,True,2026-09-12T09:00:00+05:30,treatment,True,False,True,True,True,4
exp_offer_nudge_v1,subj_01188,BMS Institute of Technology,True,v2.1,False,False,False,2026-09-12T09:00:00+05:30,excluded,False,False,False,False,False,0
exp_offer_nudge_v1,subj_01189,PES University,True,v2.1,False,False,True,2026-09-12T09:00:00+05:30,control,True,False,False,False,False,1
exp_offer_nudge_v1,subj_01190,RV College of Engineering,True,v2.1,False,False,True,2026-09-12T09:00:00+05:30,control,True,False,True,True,True,4
exp_offer_nudge_v1,subj_01191,CMR Institute of Technology,True,v2.1,False,False,True,2026-09-12T09:00:00+05:30,control,True,True,False,False,False,2
exp_offer_nudge_v1,subj_01192,New Horizon College of Engineering,True,v2.1,False,False,True,2026-09-12T09:00:00+05:30,treatment,True,False,False,False,False,1
exp_offer_nudge_v1,subj_01193,Dayananda Sagar College of Engineering,True,v2.1,False,False,True,2026-09-12T09:00:00+05:30,treatment,True,False,False,False,False,1
exp_offer_nudge_v1,subj_01194,BMS Institute of Technology,True,v2.1,False,False,True,2026-09-12T09:00:00+05:30,treatment,True,False,False,False,False,1
exp_offer_nudge_v1,subj_01195,PES University,True,v2.1,False,False,True,2026-09-12T09:00:00+05:30,treatment,True,False,False,False,False,1
exp_offer_nudge_v1,subj_01196,RV College of Engineering,True,v2.1,False,False,True,2026-09-12T09:00:00+05:30,treatment,True,False,False,False,False,1
exp_offer_nudge_v1,subj_01197,CMR Institute of Technology,True,v2.1,False,False,True,2026-09-12T09:00:00+05:30,treatment,True,True,True,False,False,3
exp_offer_nudge_v1,subj_01198,New Horizon College of Engineering,True,v2.1,False,False,True,2026-09-12T09:00:00+05:30,treatment,True,False,False,False,False,1
exp_offer_nudge_v1,subj_01199,Dayananda Sagar College of Engineering,True,v2.1,False,False,True,2026-09-12T09:00:00+05:30,control,True,False,False,False,False,1
exp_offer_nudge_v1,subj_01200,BMS Institute of Technology,True,v2.1,False,False,True,2026-09-12T09:00:00+05:30,control,True,False,True,False,False,2
exp_offer_nudge_v1,subj_01201,PES University,True,v2.1,False,False,True,2026-09-12T09:00:00+05:30,control,True,False,True,False,False,2
exp_offer_nudge_v1,subj_01202,RV College of Engineering,True,v2.1,False,False,True,2026-09-12T09:00:00+05:30,treatment,True,False,False,False,False,1
exp_offer_nudge_v1,subj_01203,CMR Institute of Technology,True,v2.1,False,False,False,2026-09-12T09:00:00+05:30,excluded,False,False,False,False,False,0
exp_offer_nudge_v1,subj_01204,New Horizon College of Engineering,True,v2.1,False,False,True,2026-09-12T09:00:00+05:30,control,True,False,True,False,False,2
exp_offer_nudge_v1,subj_01205,Dayananda Sagar College of Engineering,True,v2.1,False,False,True,2026-09-12T09:00:00+05:30,control,True,False,False,False,False,1
exp_offer_nudge_v1,subj_01206,BMS Institute of Technology,True,v2.1,False,False,True,2026-09-12T09:00:00+05:30,control,True,False,False,False,False,1
exp_offer_nudge_v1,subj_01207,PES University,True,v2.1,False,False,True,2026-09-12T09:00:00+05:30,control,True,False,False,False,False,1
exp_offer_nudge_v1,subj_01208,RV College of Engineering,True,v2.1,False,False,True,2026-09-12T09:00:00+05:30,treatment,True,True,False,False,False,2
exp_offer_nudge_v1,subj_01209,CMR Institute of Technology,True,v2.1,False,False,True,2026-09-12T09:00:00+05:30,treatment,True,False,True,True,False,3
exp_offer_nudge_v1,subj_01210,New Horizon College of Engineering,True,v2.1,False,False,False,2026-09-12T09:00:00+05:30,excluded,False,False,False,False,False,0
exp_offer_nudge_v1,subj_01211,Dayananda Sagar College of Engineering,True,v2.1,False,False,True,2026-09-12T09:00:00+05:30,control,True,True,False,False,False,2
exp_offer_nudge_v1,subj_01212,BMS Institute of Technology,True,v2.1,False,False,False,2026-09-12T09:00:00+05:30,excluded,False,False,False,False,False,0
exp_offer_nudge_v1,subj_01213,PES University,True,v2.1,False,False,True,2026-09-12T09:00:00+05:30,treatment,True,True,True,False,False,3
exp_offer_nudge_v1,subj_01214,RV College of Engineering,True,v2.1,False,False,True,2026-09-12T09:00:00+05:30,control,True,False,False,False,False,1
exp_offer_nudge_v1,subj_01215,CMR Institute of Technology,True,v2.1,False,False,True,2026-09-12T09:00:00+05:30,control,True,False,False,False,False,1
exp_offer_nudge_v1,subj_01216,New Horizon College of Engineering,True,v2.1,False,False,True,2026-09-12T09:00:00+05:30,treatment,True,False,False,False,False,1
exp_offer_nudge_v1,subj_01217,Dayananda Sagar College of Engineering,True,v2.1,False,False,True,2026-09-12T09:00:00+05:30,treatment,True,False,False,False,False,1
exp_offer_nudge_v1,subj_01218,BMS Institute of Technology,True,v2.1,False,False,True,2026-09-12T09:00:00+05:30,control,True,False,False,False,False,1
exp_offer_nudge_v1,subj_01219,PES University,True,v2.1,False,False,True,2026-09-12T09:00:00+05:30,treatment,True,False,False,False,False,1
exp_offer_nudge_v1,subj_01220,RV College of Engineering,True,v2.1,False,False,True,2026-09-12T09:00:00+05:30,control,True,False,True,False,False,2
exp_offer_nudge_v1,subj_01221,CMR Institute of Technology,True,v2.1,False,False,True,2026-09-12T09:00:00+05:30,treatment,True,True,False,False,False,2
exp_offer_nudge_v1,subj_01222,New Horizon College of Engineering,True,v2.1,False,False,False,2026-09-12T09:00:00+05:30,excluded,False,False,False,False,False,0
exp_offer_nudge_v1,subj_01223,Dayananda Sagar College of Engineering,True,v2.1,False,False,True,2026-09-12T09:00:00+05:30,treatment,True,False,False,False,False,1
exp_offer_nudge_v1,subj_01224,BMS Institute of Technology,True,v2.1,False,False,True,2026-09-12T09:00:00+05:30,control,True,False,False,False,False,1
exp_offer_nudge_v1,subj_01225,PES University,True,v2.1,False,False,True,2026-09-12T09:00:00+05:30,control,True,False,False,False,False,1
exp_offer_nudge_v1,subj_01226,RV College of Engineering,True,v2.1,False,False,True,2026-09-12T09:00:00+05:30,control,True,False,True,True,True,4
exp_offer_nudge_v1,subj_01227,CMR Institute of Technology,True,v2.1,False,False,True,2026-09-12T09:00:00+05:30,treatment,True,True,True,False,False,3
exp_offer_nudge_v1,subj_01228,New Horizon College of Engineering,True,v2.1,False,False,True,2026-09-12T09:00:00+05:30,treatment,True,False,True,True,False,3
exp_offer_nudge_v1,subj_01229,Dayananda Sagar College of Engineering,True,v2.1,False,False,False,2026-09-12T09:00:00+05:30,excluded,False,False,False,False,False,0
exp_offer_nudge_v1,subj_01230,BMS Institute of Technology,True,v2.1,False,False,False,2026-09-12T09:00:00+05:30,excluded,False,False,False,False,False,0
exp_offer_nudge_v1,subj_01231,PES University,True,v2.1,False,False,True,2026-09-12T09:00:00+05:30,treatment,True,False,False,False,False,1
exp_offer_nudge_v1,subj_01232,RV College of Engineering,True,v2.1,False,False,True,2026-09-12T09:00:00+05:30,control,True,True,False,False,False,2
exp_offer_nudge_v1,subj_01233,CMR Institute of Technology,True,v2.1,False,False,True,2026-09-12T09:00:00+05:30,control,True,True,False,False,False,2
exp_offer_nudge_v1,subj_01234,New Horizon College of Engineering,True,v2.1,False,False,True,2026-09-12T09:00:00+05:30,control,True,False,False,False,False,1
exp_offer_nudge_v1,subj_01235,Dayananda Sagar College of Engineering,True,v2.1,False,False,True,2026-09-12T09:00:00+05:30,control,True,False,True,True,True,4
exp_offer_nudge_v1,subj_01236,BMS Institute of Technology,True,v2.1,False,False,True,2026-09-12T09:00:00+05:30,treatment,True,True,False,False,False,2
exp_offer_nudge_v1,subj_01237,PES University,True,v2.1,False,False,True,2026-09-12T09:00:00+05:30,treatment,True,False,False,False,False,1
exp_offer_nudge_v1,subj_01238,RV College of Engineering,True,v2.1,False,False,True,2026-09-12T09:00:00+05:30,treatment,True,True,True,True,False,4
exp_offer_nudge_v1,subj_01239,CMR Institute of Technology,True,v2.1,False,False,False,2026-09-12T09:00:00+05:30,excluded,False,False,False,False,False,0
exp_offer_nudge_v1,subj_01240,New Horizon College of Engineering,True,v2.1,False,False,False,2026-09-12T09:00:00+05:30,excluded,False,False,False,False,False,0
exp_offer_nudge_v1,subj_01241,Dayananda Sagar College of Engineering,True,v2.1,False,False,True,2026-09-12T09:00:00+05:30,control,True,True,False,False,False,2
exp_offer_nudge_v1,subj_01242,BMS Institute of Technology,True,v2.1,False,False,True,2026-09-12T09:00:00+05:30,control,True,False,False,False,False,1
exp_offer_nudge_v1,subj_01243,PES University,True,v2.1,False,False,True,2026-09-12T09:00:00+05:30,treatment,True,True,False,False,False,2
exp_offer_nudge_v1,subj_01244,RV College of Engineering,True,v2.1,False,False,True,2026-09-12T09:00:00+05:30,treatment,True,True,False,False,False,2
exp_offer_nudge_v1,subj_01245,CMR Institute of Technology,True,v2.1,False,False,True,2026-09-12T09:00:00+05:30,treatment,True,True,False,False,False,2
exp_offer_nudge_v1,subj_01246,New Horizon College of Engineering,True,v2.1,False,False,True,2026-09-12T09:00:00+05:30,control,True,False,True,True,True,4
exp_offer_nudge_v1,subj_01247,Dayananda Sagar College of Engineering,True,v2.1,False,False,False,2026-09-12T09:00:00+05:30,excluded,False,False,False,False,False,0
exp_offer_nudge_v1,subj_01248,BMS Institute of Technology,True,v2.1,False,False,True,2026-09-12T09:00:00+05:30,control,True,True,False,False,False,2
exp_offer_nudge_v1,subj_01249,PES University,True,v2.1,False,False,True,2026-09-12T09:00:00+05:30,treatment,True,False,False,False,False,1
exp_offer_nudge_v1,subj_01250,RV College of Engineering,True,v2.1,False,False,True,2026-09-12T09:00:00+05:30,treatment,True,False,False,False,False,1
exp_offer_nudge_v1,subj_01251,CMR Institute of Technology,True,v2.1,False,False,True,2026-09-12T09:00:00+05:30,control,True,False,False,False,False,1
exp_offer_nudge_v1,subj_01252,New Horizon College of Engineering,True,v2.1,False,False,True,2026-09-12T09:00:00+05:30,treatment,True,False,True,True,True,4
exp_offer_nudge_v1,subj_01253,Dayananda Sagar College of Engineering,True,v2.1,False,False,True,2026-09-12T09:00:00+05:30,control,True,False,False,False,False,1
exp_offer_nudge_v1,subj_01254,BMS Institute of Technology,True,v2.1,False,False,True,2026-09-12T09:00:00+05:30,control,True,False,False,False,False,1
exp_offer_nudge_v1,subj_01255,PES University,True,v2.1,False,False,True,2026-09-12T09:00:00+05:30,control,True,False,False,False,False,1
exp_offer_nudge_v1,subj_01256,RV College of Engineering,True,v2.1,False,False,True,2026-09-12T09:00:00+05:30,treatment,True,False,True,True,False,3
exp_offer_nudge_v1,subj_01257,CMR Institute of Technology,True,v2.1,False,False,True,2026-09-12T09:00:00+05:30,treatment,True,False,True,False,False,2
exp_offer_nudge_v1,subj_01258,New Horizon College of Engineering,False,,False,False,False,2026-09-12T09:00:00+05:30,excluded,False,False,False,False,False,0
exp_offer_nudge_v1,subj_01259,Dayananda Sagar College of Engineering,True,v2.1,True,False,False,2026-09-12T09:00:00+05:30,excluded,False,False,False,False,False,0
exp_offer_nudge_v1,subj_01260,BMS Institute of Technology,True,v2.1,False,False,True,2026-09-12T09:00:00+05:30,control,True,False,False,False,False,1
exp_offer_nudge_v1,subj_01261,PES University,True,v2.1,False,False,True,2026-09-12T09:00:00+05:30,control,True,False,False,False,False,1
exp_offer_nudge_v1,subj_01262,RV College of Engineering,True,v2.1,False,False,True,2026-09-12T09:00:00+05:30,control,True,False,False,False,False,1
exp_offer_nudge_v1,subj_01263,CMR Institute of Technology,True,v2.1,False,False,True,2026-09-12T09:00:00+05:30,treatment,True,True,False,False,False,2
exp_offer_nudge_v1,subj_01264,New Horizon College of Engineering,True,v2.1,False,False,True,2026-09-12T09:00:00+05:30,control,True,False,False,False,False,1
exp_offer_nudge_v1,subj_01265,Dayananda Sagar College of Engineering,True,v2.1,True,False,False,2026-09-12T09:00:00+05:30,excluded,False,False,False,False,False,0
exp_offer_nudge_v1,subj_01266,BMS Institute of Technology,True,v2.1,False,False,True,2026-09-12T09:00:00+05:30,control,True,True,False,False,False,2
exp_offer_nudge_v1,subj_01267,PES University,True,v2.1,False,False,True,2026-09-12T09:00:00+05:30,treatment,True,True,False,False,False,2
exp_offer_nudge_v1,subj_01268,RV College of Engineering,True,v2.1,False,False,True,2026-09-12T09:00:00+05:30,treatment,True,True,False,False,False,2
exp_offer_nudge_v1,subj_01269,CMR Institute of Technology,True,v2.1,False,False,True,2026-09-12T09:00:00+05:30,treatment,True,True,False,False,False,2
exp_offer_nudge_v1,subj_01270,New Horizon College of Engineering,True,v2.1,False,False,True,2026-09-12T09:00:00+05:30,control,True,False,False,False,False,1
exp_offer_nudge_v1,subj_01271,Dayananda Sagar College of Engineering,True,v2.1,False,False,True,2026-09-12T09:00:00+05:30,control,True,False,False,False,False,1
exp_offer_nudge_v1,subj_01272,BMS Institute of Technology,True,v2.1,False,False,True,2026-09-12T09:00:00+05:30,treatment,True,False,True,False,False,2
exp_offer_nudge_v1,subj_01273,PES University,True,v2.1,False,False,True,2026-09-12T09:00:00+05:30,control,True,False,False,False,False,1
exp_offer_nudge_v1,subj_01274,RV College of Engineering,True,v2.1,False,False,False,2026-09-12T09:00:00+05:30,excluded,False,False,False,False,False,0
exp_offer_nudge_v1,subj_01275,CMR Institute of Technology,True,v2.1,False,False,False,2026-09-12T09:00:00+05:30,excluded,False,False,False,False,False,0
exp_offer_nudge_v1,subj_01276,New Horizon College of Engineering,True,v2.1,False,False,True,2026-09-12T09:00:00+05:30,control,True,True,False,False,False,2
exp_offer_nudge_v1,subj_01277,Dayananda Sagar College of Engineering,True,v2.1,False,False,True,2026-09-12T09:00:00+05:30,control,True,False,False,False,False,1
exp_offer_nudge_v1,subj_01278,BMS Institute of Technology,True,v2.1,False,False,True,2026-09-12T09:00:00+05:30,control,True,False,False,False,False,1
exp_offer_nudge_v1,subj_01279,PES University,True,v2.1,False,False,False,2026-09-12T09:00:00+05:30,excluded,False,False,False,False,False,0
exp_offer_nudge_v1,subj_01280,RV College of Engineering,True,v2.1,False,False,True,2026-09-12T09:00:00+05:30,treatment,True,False,False,False,False,1
exp_offer_nudge_v1,subj_01281,CMR Institute of Technology,True,v2.1,False,False,True,2026-09-12T09:00:00+05:30,treatment,True,True,False,False,False,2
exp_offer_nudge_v1,subj_01282,New Horizon College of Engineering,True,v2.1,False,False,True,2026-09-12T09:00:00+05:30,treatment,True,False,False,False,False,1
exp_offer_nudge_v1,subj_01283,Dayananda Sagar College of Engineering,True,v2.1,False,False,True,2026-09-12T09:00:00+05:30,treatment,True,False,False,False,False,1
exp_offer_nudge_v1,subj_01284,BMS Institute of Technology,True,v2.1,False,False,True,2026-09-12T09:00:00+05:30,control,True,True,False,False,False,2
exp_offer_nudge_v1,subj_01285,PES University,True,v2.1,False,False,True,2026-09-12T09:00:00+05:30,treatment,True,False,True,False,False,2
exp_offer_nudge_v1,subj_01286,RV College of Engineering,True,v2.1,False,False,True,2026-09-12T09:00:00+05:30,control,True,False,True,False,False,2
exp_offer_nudge_v1,subj_01287,CMR Institute of Technology,True,v2.1,False,False,True,2026-09-12T09:00:00+05:30,control,True,False,True,False,False,2
exp_offer_nudge_v1,subj_01288,New Horizon College of Engineering,True,v2.1,False,False,True,2026-09-12T09:00:00+05:30,control,True,False,False,False,False,1
exp_offer_nudge_v1,subj_01289,Dayananda Sagar College of Engineering,True,v2.1,False,False,True,2026-09-12T09:00:00+05:30,treatment,True,True,False,False,False,2
exp_offer_nudge_v1,subj_01290,BMS Institute of Technology,True,v2.1,False,False,True,2026-09-12T09:00:00+05:30,treatment,True,True,True,True,True,5
exp_offer_nudge_v1,subj_01291,PES University,True,v2.1,False,False,True,2026-09-12T09:00:00+05:30,treatment,True,False,True,False,False,2
exp_offer_nudge_v1,subj_01292,RV College of Engineering,True,v2.1,False,True,False,2026-09-12T09:00:00+05:30,excluded,False,False,False,False,False,0
exp_offer_nudge_v1,subj_01293,CMR Institute of Technology,True,v2.1,False,False,True,2026-09-12T09:00:00+05:30,treatment,True,False,True,False,False,2
exp_offer_nudge_v1,subj_01294,New Horizon College of Engineering,True,v2.1,False,False,True,2026-09-12T09:00:00+05:30,treatment,True,False,False,False,False,1
exp_offer_nudge_v1,subj_01295,Dayananda Sagar College of Engineering,True,v2.1,False,False,True,2026-09-12T09:00:00+05:30,treatment,True,False,False,False,False,1
exp_offer_nudge_v1,subj_01296,BMS Institute of Technology,True,v2.1,False,False,True,2026-09-12T09:00:00+05:30,control,True,False,False,False,False,1
exp_offer_nudge_v1,subj_01297,PES University,True,v2.1,False,False,True,2026-09-12T09:00:00+05:30,treatment,True,True,False,False,False,2
exp_offer_nudge_v1,subj_01298,RV College of Engineering,False,,False,False,False,2026-09-12T09:00:00+05:30,excluded,False,False,False,False,False,0
exp_offer_nudge_v1,subj_01299,CMR Institute of Technology,True,v2.1,False,False,True,2026-09-12T09:00:00+05:30,control,True,False,False,False,False,1
exp_offer_nudge_v1,subj_01300,New Horizon College of Engineering,True,v2.1,False,False,True,2026-09-12T09:00:00+05:30,treatment,True,True,False,False,False,2
exp_offer_nudge_v1,subj_01301,Dayananda Sagar College of Engineering,True,v2.1,False,False,True,2026-09-12T09:00:00+05:30,treatment,True,False,True,True,True,4
exp_offer_nudge_v1,subj_01302,BMS Institute of Technology,True,v2.1,False,False,True,2026-09-12T09:00:00+05:30,control,True,True,False,False,False,2
exp_offer_nudge_v1,subj_01303,PES University,True,v2.1,False,False,True,2026-09-12T09:00:00+05:30,control,True,False,False,False,False,1
exp_offer_nudge_v1,subj_01304,RV College of Engineering,True,v2.1,False,False,False,2026-09-12T09:00:00+05:30,excluded,False,False,False,False,False,0
exp_offer_nudge_v1,subj_01305,CMR Institute of Technology,True,v2.1,False,False,True,2026-09-12T09:00:00+05:30,treatment,True,False,True,True,True,4
exp_offer_nudge_v1,subj_01306,New Horizon College of Engineering,True,v2.1,True,False,False,2026-09-12T09:00:00+05:30,excluded,False,False,False,False,False,0
exp_offer_nudge_v1,subj_01307,Dayananda Sagar College of Engineering,True,v2.1,False,False,True,2026-09-12T09:00:00+05:30,treatment,True,False,False,False,False,1
exp_offer_nudge_v1,subj_01308,BMS Institute of Technology,True,v2.1,False,False,True,2026-09-12T09:00:00+05:30,treatment,True,False,False,False,False,1
exp_offer_nudge_v1,subj_01309,PES University,True,v2.1,False,False,True,2026-09-12T09:00:00+05:30,treatment,True,False,False,False,False,1
exp_offer_nudge_v1,subj_01310,RV College of Engineering,True,v2.1,False,False,True,2026-09-12T09:00:00+05:30,control,True,False,False,False,False,1
exp_offer_nudge_v1,subj_01311,CMR Institute of Technology,True,v2.1,False,False,True,2026-09-12T09:00:00+05:30,treatment,True,False,False,False,False,1
exp_offer_nudge_v1,subj_01312,New Horizon College of Engineering,True,v2.1,False,False,True,2026-09-12T09:00:00+05:30,treatment,True,True,False,False,False,2
exp_offer_nudge_v1,subj_01313,Dayananda Sagar College of Engineering,True,v2.1,False,False,True,2026-09-12T09:00:00+05:30,control,True,True,True,False,False,3
exp_offer_nudge_v1,subj_01314,BMS Institute of Technology,True,v2.1,False,False,True,2026-09-12T09:00:00+05:30,treatment,True,False,False,False,False,1
exp_offer_nudge_v1,subj_01315,PES University,True,v2.1,False,False,True,2026-09-12T09:00:00+05:30,control,True,False,True,False,False,2
exp_offer_nudge_v1,subj_01316,RV College of Engineering,True,v2.1,False,False,True,2026-09-12T09:00:00+05:30,control,True,False,False,False,False,1
exp_offer_nudge_v1,subj_01317,CMR Institute of Technology,True,v2.1,False,False,True,2026-09-12T09:00:00+05:30,control,True,True,False,False,False,2
exp_offer_nudge_v1,subj_01318,New Horizon College of Engineering,True,v2.1,False,False,True,2026-09-12T09:00:00+05:30,treatment,True,True,False,False,False,2
exp_offer_nudge_v1,subj_01319,Dayananda Sagar College of Engineering,True,v2.1,False,False,True,2026-09-12T09:00:00+05:30,control,True,True,True,False,False,3
exp_offer_nudge_v1,subj_01320,BMS Institute of Technology,True,v2.1,False,False,False,2026-09-12T09:00:00+05:30,excluded,False,False,False,False,False,0
exp_offer_nudge_v1,subj_01321,PES University,True,v2.1,False,False,True,2026-09-12T09:00:00+05:30,treatment,True,True,False,False,False,2
exp_offer_nudge_v1,subj_01322,RV College of Engineering,True,v2.1,False,False,True,2026-09-12T09:00:00+05:30,treatment,True,False,False,False,False,1
exp_offer_nudge_v1,subj_01323,CMR Institute of Technology,True,v2.1,False,False,True,2026-09-12T09:00:00+05:30,control,True,False,False,False,False,1
exp_offer_nudge_v1,subj_01324,New Horizon College of Engineering,True,v2.1,False,False,True,2026-09-12T09:00:00+05:30,control,True,True,True,True,True,5
exp_offer_nudge_v1,subj_01325,Dayananda Sagar College of Engineering,True,v2.1,False,False,True,2026-09-12T09:00:00+05:30,control,True,True,False,False,False,2
exp_offer_nudge_v1,subj_01326,BMS Institute of Technology,True,v2.1,False,False,True,2026-09-12T09:00:00+05:30,control,True,False,False,False,False,1
exp_offer_nudge_v1,subj_01327,PES University,True,v2.1,False,False,True,2026-09-12T09:00:00+05:30,control,True,True,False,False,False,2
exp_offer_nudge_v1,subj_01328,RV College of Engineering,True,v2.1,False,False,True,2026-09-12T09:00:00+05:30,control,True,False,False,False,False,1
exp_offer_nudge_v1,subj_01329,CMR Institute of Technology,True,v2.1,False,False,True,2026-09-12T09:00:00+05:30,control,True,True,True,False,False,3
exp_offer_nudge_v1,subj_01330,New Horizon College of Engineering,True,v2.1,False,False,True,2026-09-12T09:00:00+05:30,treatment,True,True,False,False,False,2
exp_offer_nudge_v1,subj_01331,Dayananda Sagar College of Engineering,True,v2.1,False,False,True,2026-09-12T09:00:00+05:30,treatment,True,True,False,False,False,2
exp_offer_nudge_v1,subj_01332,BMS Institute of Technology,True,v2.1,False,False,True,2026-09-12T09:00:00+05:30,treatment,True,True,False,False,False,2
exp_offer_nudge_v1,subj_01333,PES University,True,v2.1,False,False,True,2026-09-12T09:00:00+05:30,treatment,True,False,False,False,False,1
exp_offer_nudge_v1,subj_01334,RV College of Engineering,True,v2.1,False,False,True,2026-09-12T09:00:00+05:30,treatment,True,False,False,False,False,1
exp_offer_nudge_v1,subj_01335,CMR Institute of Technology,True,v2.1,False,False,True,2026-09-12T09:00:00+05:30,control,True,False,False,False,False,1
exp_offer_nudge_v1,subj_01336,New Horizon College of Engineering,True,v2.1,False,False,True,2026-09-12T09:00:00+05:30,control,True,False,False,False,False,1
exp_offer_nudge_v1,subj_01337,Dayananda Sagar College of Engineering,True,v2.1,False,False,True,2026-09-12T09:00:00+05:30,treatment,True,False,False,False,False,1
exp_offer_nudge_v1,subj_01338,BMS Institute of Technology,True,v2.1,False,False,True,2026-09-12T09:00:00+05:30,treatment,True,True,True,True,False,4
exp_offer_nudge_v1,subj_01339,PES University,True,v2.1,False,False,True,2026-09-12T09:00:00+05:30,control,True,False,False,False,False,1
exp_offer_nudge_v1,subj_01340,RV College of Engineering,True,v2.1,False,False,True,2026-09-12T09:00:00+05:30,treatment,True,False,False,False,False,1
exp_offer_nudge_v1,subj_01341,CMR Institute of Technology,True,v2.1,False,False,False,2026-09-12T09:00:00+05:30,excluded,False,False,False,False,False,0
exp_offer_nudge_v1,subj_01342,New Horizon College of Engineering,True,v2.1,False,False,True,2026-09-12T09:00:00+05:30,treatment,True,False,False,False,False,1
exp_offer_nudge_v1,subj_01343,Dayananda Sagar College of Engineering,True,v2.1,False,False,True,2026-09-12T09:00:00+05:30,treatment,True,False,True,False,False,2
exp_offer_nudge_v1,subj_01344,BMS Institute of Technology,True,v2.1,False,False,True,2026-09-12T09:00:00+05:30,control,True,False,False,False,False,1
exp_offer_nudge_v1,subj_01345,PES University,True,v2.1,False,False,True,2026-09-12T09:00:00+05:30,treatment,True,False,False,False,False,1
exp_offer_nudge_v1,subj_01346,RV College of Engineering,True,v2.1,False,False,True,2026-09-12T09:00:00+05:30,treatment,True,True,False,False,False,2
exp_offer_nudge_v1,subj_01347,CMR Institute of Technology,True,v2.1,False,False,False,2026-09-12T09:00:00+05:30,excluded,False,False,False,False,False,0
exp_offer_nudge_v1,subj_01348,New Horizon College of Engineering,True,v2.1,False,False,True,2026-09-12T09:00:00+05:30,control,True,False,False,False,False,1
exp_offer_nudge_v1,subj_01349,Dayananda Sagar College of Engineering,True,v2.1,False,False,True,2026-09-12T09:00:00+05:30,control,True,False,False,False,False,1
exp_offer_nudge_v1,subj_01350,BMS Institute of Technology,True,v2.1,False,False,True,2026-09-12T09:00:00+05:30,treatment,True,False,False,False,False,1
exp_offer_nudge_v1,subj_01351,PES University,True,v2.1,False,False,True,2026-09-12T09:00:00+05:30,treatment,True,True,False,False,False,2
exp_offer_nudge_v1,subj_01352,RV College of Engineering,False,,False,False,False,2026-09-12T09:00:00+05:30,excluded,False,False,False,False,False,0
exp_offer_nudge_v1,subj_01353,CMR Institute of Technology,True,v2.1,False,False,True,2026-09-12T09:00:00+05:30,control,True,False,False,False,False,1
exp_offer_nudge_v1,subj_01354,New Horizon College of Engineering,True,v2.1,False,False,True,2026-09-12T09:00:00+05:30,treatment,True,False,False,False,False,1
exp_offer_nudge_v1,subj_01355,Dayananda Sagar College of Engineering,True,v2.1,False,False,True,2026-09-12T09:00:00+05:30,treatment,True,False,True,False,False,2
exp_offer_nudge_v1,subj_01356,BMS Institute of Technology,True,v2.1,False,False,True,2026-09-12T09:00:00+05:30,control,True,False,False,False,False,1
exp_offer_nudge_v1,subj_01357,PES University,True,v2.1,False,False,True,2026-09-12T09:00:00+05:30,treatment,True,False,False,False,False,1
exp_offer_nudge_v1,subj_01358,RV College of Engineering,True,v2.1,False,False,False,2026-09-12T09:00:00+05:30,excluded,False,False,False,False,False,0
exp_offer_nudge_v1,subj_01359,CMR Institute of Technology,True,v2.1,False,False,True,2026-09-12T09:00:00+05:30,treatment,True,False,True,True,False,3
exp_offer_nudge_v1,subj_01360,New Horizon College of Engineering,True,v2.1,False,False,True,2026-09-12T09:00:00+05:30,treatment,True,False,False,False,False,1
exp_offer_nudge_v1,subj_01361,Dayananda Sagar College of Engineering,True,v2.1,False,False,True,2026-09-12T09:00:00+05:30,treatment,True,False,False,False,False,1
exp_offer_nudge_v1,subj_01362,BMS Institute of Technology,True,v2.1,False,False,True,2026-09-12T09:00:00+05:30,treatment,True,True,False,False,False,2
exp_offer_nudge_v1,subj_01363,PES University,True,v2.1,False,False,True,2026-09-12T09:00:00+05:30,control,True,True,False,False,False,2
exp_offer_nudge_v1,subj_01364,RV College of Engineering,True,v2.1,False,False,True,2026-09-12T09:00:00+05:30,treatment,True,True,False,False,False,2
exp_offer_nudge_v1,subj_01365,CMR Institute of Technology,True,v2.1,False,False,True,2026-09-12T09:00:00+05:30,treatment,True,False,False,False,False,1
exp_offer_nudge_v1,subj_01366,New Horizon College of Engineering,True,v2.1,True,False,False,2026-09-12T09:00:00+05:30,excluded,False,False,False,False,False,0
exp_offer_nudge_v1,subj_01367,Dayananda Sagar College of Engineering,True,v2.1,False,False,True,2026-09-12T09:00:00+05:30,control,True,False,False,False,False,1
exp_offer_nudge_v1,subj_01368,BMS Institute of Technology,False,,False,False,False,2026-09-12T09:00:00+05:30,excluded,False,False,False,False,False,0
exp_offer_nudge_v1,subj_01369,PES University,True,v2.1,False,False,True,2026-09-12T09:00:00+05:30,treatment,True,True,False,False,False,2
exp_offer_nudge_v1,subj_01370,RV College of Engineering,True,v2.1,False,False,True,2026-09-12T09:00:00+05:30,control,True,False,True,False,False,2
exp_offer_nudge_v1,subj_01371,CMR Institute of Technology,True,v2.1,False,False,False,2026-09-12T09:00:00+05:30,excluded,False,False,False,False,False,0
exp_offer_nudge_v1,subj_01372,New Horizon College of Engineering,True,v2.1,False,False,True,2026-09-12T09:00:00+05:30,treatment,True,False,False,False,False,1
exp_offer_nudge_v1,subj_01373,Dayananda Sagar College of Engineering,False,,False,False,False,2026-09-12T09:00:00+05:30,excluded,False,False,False,False,False,0
exp_offer_nudge_v1,subj_01374,BMS Institute of Technology,True,v2.1,False,False,True,2026-09-12T09:00:00+05:30,control,True,False,False,False,False,1
exp_offer_nudge_v1,subj_01375,PES University,True,v2.1,False,False,True,2026-09-12T09:00:00+05:30,treatment,True,False,False,False,False,1
exp_offer_nudge_v1,subj_01376,RV College of Engineering,True,v2.1,False,False,False,2026-09-12T09:00:00+05:30,excluded,False,False,False,False,False,0
exp_offer_nudge_v1,subj_01377,CMR Institute of Technology,True,v2.1,False,False,True,2026-09-12T09:00:00+05:30,control,True,False,True,True,True,4
exp_offer_nudge_v1,subj_01378,New Horizon College of Engineering,True,v2.1,False,False,True,2026-09-12T09:00:00+05:30,control,True,False,False,False,False,1
exp_offer_nudge_v1,subj_01379,Dayananda Sagar College of Engineering,True,v2.1,False,False,True,2026-09-12T09:00:00+05:30,treatment,True,True,True,True,True,5
exp_offer_nudge_v1,subj_01380,BMS Institute of Technology,True,v2.1,False,False,True,2026-09-12T09:00:00+05:30,treatment,True,False,False,False,False,1
exp_offer_nudge_v1,subj_01381,PES University,True,v2.1,False,False,False,2026-09-12T09:00:00+05:30,excluded,False,False,False,False,False,0
exp_offer_nudge_v1,subj_01382,RV College of Engineering,True,v2.1,False,False,False,2026-09-12T09:00:00+05:30,excluded,False,False,False,False,False,0
exp_offer_nudge_v1,subj_01383,CMR Institute of Technology,True,v2.1,False,False,True,2026-09-12T09:00:00+05:30,control,True,True,False,False,False,2
exp_offer_nudge_v1,subj_01384,New Horizon College of Engineering,True,v2.1,False,False,True,2026-09-12T09:00:00+05:30,treatment,True,False,False,False,False,1
exp_offer_nudge_v1,subj_01385,Dayananda Sagar College of Engineering,True,v2.1,True,True,False,2026-09-12T09:00:00+05:30,excluded,False,False,False,False,False,0
exp_offer_nudge_v1,subj_01386,BMS Institute of Technology,True,v2.1,False,False,True,2026-09-12T09:00:00+05:30,control,True,True,False,False,False,2
exp_offer_nudge_v1,subj_01387,PES University,True,v2.1,False,False,True,2026-09-12T09:00:00+05:30,control,True,True,False,False,False,2
exp_offer_nudge_v1,subj_01388,RV College of Engineering,True,v2.1,False,False,True,2026-09-12T09:00:00+05:30,treatment,True,False,False,False,False,1
exp_offer_nudge_v1,subj_01389,CMR Institute of Technology,True,v2.1,False,False,True,2026-09-12T09:00:00+05:30,control,True,False,False,False,False,1
exp_offer_nudge_v1,subj_01390,New Horizon College of Engineering,True,v2.1,False,False,True,2026-09-12T09:00:00+05:30,treatment,True,True,False,False,False,2
exp_offer_nudge_v1,subj_01391,Dayananda Sagar College of Engineering,True,v2.1,False,False,True,2026-09-12T09:00:00+05:30,treatment,True,False,True,False,False,2
exp_offer_nudge_v1,subj_01392,BMS Institute of Technology,True,v2.1,False,False,True,2026-09-12T09:00:00+05:30,treatment,True,False,False,False,False,1
exp_offer_nudge_v1,subj_01393,PES University,True,v2.1,False,False,True,2026-09-12T09:00:00+05:30,control,True,False,False,False,False,1
exp_offer_nudge_v1,subj_01394,RV College of Engineering,True,v2.1,False,False,False,2026-09-12T09:00:00+05:30,excluded,False,False,False,False,False,0
exp_offer_nudge_v1,subj_01395,CMR Institute of Technology,True,v2.1,False,False,True,2026-09-12T09:00:00+05:30,control,True,True,False,False,False,2
exp_offer_nudge_v1,subj_01396,New Horizon College of Engineering,True,v2.1,False,False,True,2026-09-12T09:00:00+05:30,control,True,False,False,False,False,1
exp_offer_nudge_v1,subj_01397,Dayananda Sagar College of Engineering,True,v2.1,False,False,True,2026-09-12T09:00:00+05:30,control,True,True,True,False,False,3
exp_offer_nudge_v1,subj_01398,BMS Institute of Technology,True,v2.1,False,False,True,2026-09-12T09:00:00+05:30,treatment,True,True,False,False,False,2
exp_offer_nudge_v1,subj_01399,PES University,True,v2.1,False,False,False,2026-09-12T09:00:00+05:30,excluded,False,False,False,False,False,0
exp_offer_nudge_v1,subj_01400,RV College of Engineering,True,v2.1,False,False,True,2026-09-12T09:00:00+05:30,treatment,True,True,False,False,False,2
exp_offer_nudge_v1,subj_01401,CMR Institute of Technology,True,v2.1,False,False,False,2026-09-12T09:00:00+05:30,excluded,False,False,False,False,False,0
exp_offer_nudge_v1,subj_01402,New Horizon College of Engineering,False,,False,False,False,2026-09-12T09:00:00+05:30,excluded,False,False,False,False,False,0
exp_offer_nudge_v1,subj_01403,Dayananda Sagar College of Engineering,True,v2.1,False,False,True,2026-09-12T09:00:00+05:30,treatment,True,False,True,False,False,2
exp_offer_nudge_v1,subj_01404,BMS Institute of Technology,True,v2.1,False,False,True,2026-09-12T09:00:00+05:30,control,True,False,True,True,False,3
exp_offer_nudge_v1,subj_01405,PES University,True,v2.1,False,False,True,2026-09-12T09:00:00+05:30,treatment,True,False,False,False,False,1
exp_offer_nudge_v1,subj_01406,RV College of Engineering,True,v2.1,False,False,True,2026-09-12T09:00:00+05:30,treatment,True,False,False,False,False,1
exp_offer_nudge_v1,subj_01407,CMR Institute of Technology,True,v2.1,False,False,True,2026-09-12T09:00:00+05:30,treatment,True,True,False,False,False,2
exp_offer_nudge_v1,subj_01408,New Horizon College of Engineering,True,v2.1,False,False,True,2026-09-12T09:00:00+05:30,control,True,False,False,False,False,1
exp_offer_nudge_v1,subj_01409,Dayananda Sagar College of Engineering,True,v2.1,False,False,True,2026-09-12T09:00:00+05:30,treatment,True,True,True,True,True,5
exp_offer_nudge_v1,subj_01410,BMS Institute of Technology,True,v2.1,False,False,True,2026-09-12T09:00:00+05:30,control,True,False,False,False,False,1
exp_offer_nudge_v1,subj_01411,PES University,True,v2.1,False,False,False,2026-09-12T09:00:00+05:30,excluded,False,False,False,False,False,0
exp_offer_nudge_v1,subj_01412,RV College of Engineering,True,v2.1,False,False,True,2026-09-12T09:00:00+05:30,treatment,True,False,False,False,False,1
exp_offer_nudge_v1,subj_01413,CMR Institute of Technology,True,v2.1,False,False,False,2026-09-12T09:00:00+05:30,excluded,False,False,False,False,False,0
exp_offer_nudge_v1,subj_01414,New Horizon College of Engineering,True,v2.1,False,False,True,2026-09-12T09:00:00+05:30,control,True,False,False,False,False,1
exp_offer_nudge_v1,subj_01415,Dayananda Sagar College of Engineering,True,v2.1,False,False,True,2026-09-12T09:00:00+05:30,control,True,False,False,False,False,1
exp_offer_nudge_v1,subj_01416,BMS Institute of Technology,True,v2.1,False,False,True,2026-09-12T09:00:00+05:30,control,True,False,False,False,False,1
exp_offer_nudge_v1,subj_01417,PES University,True,v2.1,False,False,True,2026-09-12T09:00:00+05:30,control,True,False,False,False,False,1
exp_offer_nudge_v1,subj_01418,RV College of Engineering,True,v2.1,False,False,True,2026-09-12T09:00:00+05:30,control,True,True,True,True,True,5
exp_offer_nudge_v1,subj_01419,CMR Institute of Technology,True,v2.1,False,False,True,2026-09-12T09:00:00+05:30,control,True,False,False,False,False,1
exp_offer_nudge_v1,subj_01420,New Horizon College of Engineering,True,v2.1,False,False,True,2026-09-12T09:00:00+05:30,control,True,False,False,False,False,1
exp_offer_nudge_v1,subj_01421,Dayananda Sagar College of Engineering,True,v2.1,False,False,False,2026-09-12T09:00:00+05:30,excluded,False,False,False,False,False,0
exp_offer_nudge_v1,subj_01422,BMS Institute of Technology,True,v2.1,False,False,True,2026-09-12T09:00:00+05:30,treatment,True,False,False,False,False,1
exp_offer_nudge_v1,subj_01423,PES University,False,,False,False,False,2026-09-12T09:00:00+05:30,excluded,False,False,False,False,False,0
exp_offer_nudge_v1,subj_01424,RV College of Engineering,True,v2.1,False,False,True,2026-09-12T09:00:00+05:30,control,True,True,False,False,False,2
exp_offer_nudge_v1,subj_01425,CMR Institute of Technology,True,v2.1,False,False,True,2026-09-12T09:00:00+05:30,treatment,True,False,False,False,False,1
exp_offer_nudge_v1,subj_01426,New Horizon College of Engineering,True,v2.1,False,False,False,2026-09-12T09:00:00+05:30,excluded,False,False,False,False,False,0
exp_offer_nudge_v1,subj_01427,Dayananda Sagar College of Engineering,False,,False,False,False,2026-09-12T09:00:00+05:30,excluded,False,False,False,False,False,0
exp_offer_nudge_v1,subj_01428,BMS Institute of Technology,True,v2.1,False,False,True,2026-09-12T09:00:00+05:30,control,True,False,False,False,False,1
exp_offer_nudge_v1,subj_01429,PES University,True,v2.1,False,False,True,2026-09-12T09:00:00+05:30,treatment,True,False,False,False,False,1
exp_offer_nudge_v1,subj_01430,RV College of Engineering,True,v2.1,False,False,True,2026-09-12T09:00:00+05:30,treatment,True,False,True,True,False,3
exp_offer_nudge_v1,subj_01431,CMR Institute of Technology,True,v2.1,False,False,True,2026-09-12T09:00:00+05:30,control,True,False,False,False,False,1
exp_offer_nudge_v1,subj_01432,New Horizon College of Engineering,True,v2.1,False,False,True,2026-09-12T09:00:00+05:30,treatment,True,False,False,False,False,1
exp_offer_nudge_v1,subj_01433,Dayananda Sagar College of Engineering,True,v2.1,False,False,True,2026-09-12T09:00:00+05:30,control,True,True,True,True,True,5
exp_offer_nudge_v1,subj_01434,BMS Institute of Technology,True,v2.1,False,False,True,2026-09-12T09:00:00+05:30,control,True,False,True,False,False,2
exp_offer_nudge_v1,subj_01435,PES University,True,v2.1,False,False,True,2026-09-12T09:00:00+05:30,treatment,True,True,False,False,False,2
exp_offer_nudge_v1,subj_01436,RV College of Engineering,True,v2.1,False,False,True,2026-09-12T09:00:00+05:30,treatment,True,True,False,False,False,2
exp_offer_nudge_v1,subj_01437,CMR Institute of Technology,True,v2.1,False,False,True,2026-09-12T09:00:00+05:30,treatment,True,True,False,False,False,2
exp_offer_nudge_v1,subj_01438,New Horizon College of Engineering,True,v2.1,False,False,True,2026-09-12T09:00:00+05:30,control,True,False,False,False,False,1
exp_offer_nudge_v1,subj_01439,Dayananda Sagar College of Engineering,True,v2.1,False,False,True,2026-09-12T09:00:00+05:30,treatment,True,False,True,True,True,4
exp_offer_nudge_v1,subj_01440,BMS Institute of Technology,True,v2.1,False,False,True,2026-09-12T09:00:00+05:30,treatment,True,True,False,False,False,2
exp_offer_nudge_v1,subj_01441,PES University,True,v2.1,False,False,True,2026-09-12T09:00:00+05:30,control,True,False,False,False,False,1
exp_offer_nudge_v1,subj_01442,RV College of Engineering,True,v2.1,False,False,True,2026-09-12T09:00:00+05:30,treatment,True,False,False,False,False,1
exp_offer_nudge_v1,subj_01443,CMR Institute of Technology,True,v2.1,False,False,False,2026-09-12T09:00:00+05:30,excluded,False,False,False,False,False,0
exp_offer_nudge_v1,subj_01444,New Horizon College of Engineering,False,,False,False,False,2026-09-12T09:00:00+05:30,excluded,False,False,False,False,False,0
exp_offer_nudge_v1,subj_01445,Dayananda Sagar College of Engineering,True,v2.1,False,False,True,2026-09-12T09:00:00+05:30,treatment,True,True,False,False,False,2
exp_offer_nudge_v1,subj_01446,BMS Institute of Technology,True,v2.1,False,False,True,2026-09-12T09:00:00+05:30,control,True,False,False,False,False,1
exp_offer_nudge_v1,subj_01447,PES University,True,v2.1,False,False,True,2026-09-12T09:00:00+05:30,treatment,True,False,True,False,False,2
exp_offer_nudge_v1,subj_01448,RV College of Engineering,True,v2.1,False,False,True,2026-09-12T09:00:00+05:30,treatment,True,False,False,False,False,1
exp_offer_nudge_v1,subj_01449,CMR Institute of Technology,True,v2.1,False,False,False,2026-09-12T09:00:00+05:30,excluded,False,False,False,False,False,0
exp_offer_nudge_v1,subj_01450,New Horizon College of Engineering,True,v2.1,False,False,True,2026-09-12T09:00:00+05:30,control,True,True,True,False,False,3
exp_offer_nudge_v1,subj_01451,Dayananda Sagar College of Engineering,True,v2.1,False,False,False,2026-09-12T09:00:00+05:30,excluded,False,False,False,False,False,0
exp_offer_nudge_v1,subj_01452,BMS Institute of Technology,True,v2.1,False,False,True,2026-09-12T09:00:00+05:30,treatment,True,False,False,False,False,1
exp_offer_nudge_v1,subj_01453,PES University,True,v2.1,False,False,True,2026-09-12T09:00:00+05:30,control,True,False,False,False,False,1
exp_offer_nudge_v1,subj_01454,RV College of Engineering,True,v2.1,False,False,False,2026-09-12T09:00:00+05:30,excluded,False,False,False,False,False,0
exp_offer_nudge_v1,subj_01455,CMR Institute of Technology,False,,False,False,False,2026-09-12T09:00:00+05:30,excluded,False,False,False,False,False,0
exp_offer_nudge_v1,subj_01456,New Horizon College of Engineering,False,,False,False,False,2026-09-12T09:00:00+05:30,excluded,False,False,False,False,False,0
exp_offer_nudge_v1,subj_01457,Dayananda Sagar College of Engineering,True,v2.1,False,False,True,2026-09-12T09:00:00+05:30,control,True,False,False,False,False,1
exp_offer_nudge_v1,subj_01458,BMS Institute of Technology,True,v2.1,False,False,True,2026-09-12T09:00:00+05:30,treatment,True,False,False,False,False,1
exp_offer_nudge_v1,subj_01459,PES University,True,v2.1,False,False,True,2026-09-12T09:00:00+05:30,control,True,True,True,False,False,3
exp_offer_nudge_v1,subj_01460,RV College of Engineering,True,v2.1,False,False,False,2026-09-12T09:00:00+05:30,excluded,False,False,False,False,False,0
exp_offer_nudge_v1,subj_01461,CMR Institute of Technology,True,v2.1,False,False,True,2026-09-12T09:00:00+05:30,treatment,True,True,False,False,False,2
exp_offer_nudge_v1,subj_01462,New Horizon College of Engineering,True,v2.1,False,False,True,2026-09-12T09:00:00+05:30,control,True,False,True,False,False,2
exp_offer_nudge_v1,subj_01463,Dayananda Sagar College of Engineering,True,v2.1,False,False,True,2026-09-12T09:00:00+05:30,control,True,False,False,False,False,1
exp_offer_nudge_v1,subj_01464,BMS Institute of Technology,True,v2.1,False,False,True,2026-09-12T09:00:00+05:30,control,True,False,False,False,False,1
exp_offer_nudge_v1,subj_01465,PES University,True,v2.1,False,False,True,2026-09-12T09:00:00+05:30,treatment,True,True,False,False,False,2
exp_offer_nudge_v1,subj_01466,RV College of Engineering,True,v2.1,False,False,True,2026-09-12T09:00:00+05:30,control,True,False,False,False,False,1
exp_offer_nudge_v1,subj_01467,CMR Institute of Technology,True,v2.1,False,False,True,2026-09-12T09:00:00+05:30,control,True,False,False,False,False,1
exp_offer_nudge_v1,subj_01468,New Horizon College of Engineering,True,v2.1,False,False,True,2026-09-12T09:00:00+05:30,treatment,True,False,False,False,False,1
exp_offer_nudge_v1,subj_01469,Dayananda Sagar College of Engineering,True,v2.1,False,False,True,2026-09-12T09:00:00+05:30,control,True,False,False,False,False,1
exp_offer_nudge_v1,subj_01470,BMS Institute of Technology,True,v2.1,False,False,True,2026-09-12T09:00:00+05:30,control,True,True,False,False,False,2
exp_offer_nudge_v1,subj_01471,PES University,True,v2.1,False,False,True,2026-09-12T09:00:00+05:30,treatment,True,True,False,False,False,2
exp_offer_nudge_v1,subj_01472,RV College of Engineering,True,v2.1,False,False,True,2026-09-12T09:00:00+05:30,treatment,True,False,False,False,False,1
exp_offer_nudge_v1,subj_01473,CMR Institute of Technology,True,v2.1,False,False,True,2026-09-12T09:00:00+05:30,treatment,True,True,False,False,False,2
exp_offer_nudge_v1,subj_01474,New Horizon College of Engineering,True,v2.1,False,False,True,2026-09-12T09:00:00+05:30,control,True,False,False,False,False,1
exp_offer_nudge_v1,subj_01475,Dayananda Sagar College of Engineering,True,v2.1,False,False,True,2026-09-12T09:00:00+05:30,control,True,False,False,False,False,1
exp_offer_nudge_v1,subj_01476,BMS Institute of Technology,True,v2.1,False,False,True,2026-09-12T09:00:00+05:30,control,True,False,False,False,False,1
exp_offer_nudge_v1,subj_01477,PES University,False,,False,False,False,2026-09-12T09:00:00+05:30,excluded,False,False,False,False,False,0
exp_offer_nudge_v1,subj_01478,RV College of Engineering,True,v2.1,False,False,True,2026-09-12T09:00:00+05:30,control,True,False,True,True,False,3
exp_offer_nudge_v1,subj_01479,CMR Institute of Technology,True,v2.1,False,False,True,2026-09-12T09:00:00+05:30,treatment,True,False,False,False,False,1
exp_offer_nudge_v1,subj_01480,New Horizon College of Engineering,True,v2.1,False,False,True,2026-09-12T09:00:00+05:30,treatment,True,True,True,False,False,3
exp_offer_nudge_v1,subj_01481,Dayananda Sagar College of Engineering,True,v2.1,False,False,False,2026-09-12T09:00:00+05:30,excluded,False,False,False,False,False,0
exp_offer_nudge_v1,subj_01482,BMS Institute of Technology,True,v2.1,False,False,True,2026-09-12T09:00:00+05:30,treatment,True,True,True,False,False,3
exp_offer_nudge_v1,subj_01483,PES University,True,v2.1,False,False,True,2026-09-12T09:00:00+05:30,control,True,False,True,False,False,2
exp_offer_nudge_v1,subj_01484,RV College of Engineering,True,v2.1,False,False,True,2026-09-12T09:00:00+05:30,control,True,False,False,False,False,1
exp_offer_nudge_v1,subj_01485,CMR Institute of Technology,True,v2.1,False,False,True,2026-09-12T09:00:00+05:30,control,True,True,False,False,False,2
exp_offer_nudge_v1,subj_01486,New Horizon College of Engineering,True,v2.1,False,False,True,2026-09-12T09:00:00+05:30,control,True,True,False,False,False,2
exp_offer_nudge_v1,subj_01487,Dayananda Sagar College of Engineering,True,v2.1,False,False,True,2026-09-12T09:00:00+05:30,treatment,True,False,False,False,False,1
exp_offer_nudge_v1,subj_01488,BMS Institute of Technology,True,v2.1,False,False,True,2026-09-12T09:00:00+05:30,treatment,True,False,False,False,False,1
exp_offer_nudge_v1,subj_01489,PES University,True,v2.1,False,False,True,2026-09-12T09:00:00+05:30,treatment,True,True,False,False,False,2
exp_offer_nudge_v1,subj_01490,RV College of Engineering,True,v2.1,False,False,True,2026-09-12T09:00:00+05:30,control,True,False,False,False,False,1
exp_offer_nudge_v1,subj_01491,CMR Institute of Technology,True,v2.1,False,False,True,2026-09-12T09:00:00+05:30,control,True,False,False,False,False,1
exp_offer_nudge_v1,subj_01492,New Horizon College of Engineering,True,v2.1,False,False,True,2026-09-12T09:00:00+05:30,control,True,False,True,False,False,2
exp_offer_nudge_v1,subj_01493,Dayananda Sagar College of Engineering,True,v2.1,False,False,False,2026-09-12T09:00:00+05:30,excluded,False,False,False,False,False,0
exp_offer_nudge_v1,subj_01494,BMS Institute of Technology,True,v2.1,False,False,True,2026-09-12T09:00:00+05:30,treatment,True,False,False,False,False,1
exp_offer_nudge_v1,subj_01495,PES University,True,v2.1,False,False,True,2026-09-12T09:00:00+05:30,control,True,False,False,False,False,1
exp_offer_nudge_v1,subj_01496,RV College of Engineering,True,v2.1,False,False,False,2026-09-12T09:00:00+05:30,excluded,False,False,False,False,False,0
exp_offer_nudge_v1,subj_01497,CMR Institute of Technology,True,v2.1,False,False,True,2026-09-12T09:00:00+05:30,treatment,True,False,True,False,False,2
exp_offer_nudge_v1,subj_01498,New Horizon College of Engineering,True,v2.1,False,False,True,2026-09-12T09:00:00+05:30,treatment,True,False,True,True,False,3
exp_offer_nudge_v1,subj_01499,Dayananda Sagar College of Engineering,True,v2.1,False,False,False,2026-09-12T09:00:00+05:30,excluded,False,False,False,False,False,0
exp_offer_nudge_v1,subj_01500,BMS Institute of Technology,True,v2.1,False,False,True,2026-09-12T09:00:00+05:30,treatment,True,True,False,False,False,2
exp_offer_nudge_v1,subj_01501,PES University,True,v2.1,True,False,False,2026-09-12T09:00:00+05:30,excluded,False,False,False,False,False,0
exp_offer_nudge_v1,subj_01502,RV College of Engineering,True,v2.1,False,False,True,2026-09-12T09:00:00+05:30,treatment,True,False,False,False,False,1
exp_offer_nudge_v1,subj_01503,CMR Institute of Technology,True,v2.1,False,False,False,2026-09-12T09:00:00+05:30,excluded,False,False,False,False,False,0
exp_offer_nudge_v1,subj_01504,New Horizon College of Engineering,True,v2.1,False,False,True,2026-09-12T09:00:00+05:30,treatment,True,False,False,False,False,1
exp_offer_nudge_v1,subj_01505,Dayananda Sagar College of Engineering,True,v2.1,False,False,False,2026-09-12T09:00:00+05:30,excluded,False,False,False,False,False,0
exp_offer_nudge_v1,subj_01506,BMS Institute of Technology,False,,False,False,False,2026-09-12T09:00:00+05:30,excluded,False,False,False,False,False,0
exp_offer_nudge_v1,subj_01507,PES University,True,v2.1,False,False,True,2026-09-12T09:00:00+05:30,control,True,True,False,False,False,2
exp_offer_nudge_v1,subj_01508,RV College of Engineering,True,v2.1,False,False,True,2026-09-12T09:00:00+05:30,treatment,True,True,False,False,False,2
exp_offer_nudge_v1,subj_01509,CMR Institute of Technology,False,,False,False,False,2026-09-12T09:00:00+05:30,excluded,False,False,False,False,False,0
exp_offer_nudge_v1,subj_01510,New Horizon College of Engineering,True,v2.1,True,False,False,2026-09-12T09:00:00+05:30,excluded,False,False,False,False,False,0
exp_offer_nudge_v1,subj_01511,Dayananda Sagar College of Engineering,True,v2.1,False,False,True,2026-09-12T09:00:00+05:30,treatment,True,False,False,False,False,1
exp_offer_nudge_v1,subj_01512,BMS Institute of Technology,True,v2.1,False,False,True,2026-09-12T09:00:00+05:30,treatment,True,False,False,False,False,1
exp_offer_nudge_v1,subj_01513,PES University,True,v2.1,False,False,True,2026-09-12T09:00:00+05:30,treatment,True,False,False,False,False,1
exp_offer_nudge_v1,subj_01514,RV College of Engineering,True,v2.1,False,False,False,2026-09-12T09:00:00+05:30,excluded,False,False,False,False,False,0
exp_offer_nudge_v1,subj_01515,CMR Institute of Technology,True,v2.1,False,False,True,2026-09-12T09:00:00+05:30,treatment,True,False,False,False,False,1
exp_offer_nudge_v1,subj_01516,New Horizon College of Engineering,True,v2.1,False,False,True,2026-09-12T09:00:00+05:30,treatment,True,False,False,False,False,1
exp_offer_nudge_v1,subj_01517,Dayananda Sagar College of Engineering,True,v2.1,False,False,True,2026-09-12T09:00:00+05:30,treatment,True,True,False,False,False,2
exp_offer_nudge_v1,subj_01518,BMS Institute of Technology,True,v2.1,False,False,True,2026-09-12T09:00:00+05:30,treatment,True,True,True,True,True,5
exp_offer_nudge_v1,subj_01519,PES University,True,v2.1,False,False,True,2026-09-12T09:00:00+05:30,treatment,True,True,False,False,False,2
exp_offer_nudge_v1,subj_01520,RV College of Engineering,True,v2.1,True,False,False,2026-09-12T09:00:00+05:30,excluded,False,False,False,False,False,0
exp_offer_nudge_v1,subj_01521,CMR Institute of Technology,True,v2.1,False,False,True,2026-09-12T09:00:00+05:30,treatment,True,True,False,False,False,2
exp_offer_nudge_v1,subj_01522,New Horizon College of Engineering,True,v2.1,False,False,True,2026-09-12T09:00:00+05:30,control,True,False,False,False,False,1
exp_offer_nudge_v1,subj_01523,Dayananda Sagar College of Engineering,True,v2.1,False,False,True,2026-09-12T09:00:00+05:30,treatment,True,False,False,False,False,1
exp_offer_nudge_v1,subj_01524,BMS Institute of Technology,True,v2.1,False,False,False,2026-09-12T09:00:00+05:30,excluded,False,False,False,False,False,0
exp_offer_nudge_v1,subj_01525,PES University,True,v2.1,True,False,False,2026-09-12T09:00:00+05:30,excluded,False,False,False,False,False,0
exp_offer_nudge_v1,subj_01526,RV College of Engineering,True,v2.1,False,False,True,2026-09-12T09:00:00+05:30,control,True,True,False,False,False,2
exp_offer_nudge_v1,subj_01527,CMR Institute of Technology,True,v2.1,False,False,True,2026-09-12T09:00:00+05:30,control,True,True,False,False,False,2
exp_offer_nudge_v1,subj_01528,New Horizon College of Engineering,True,v2.1,False,False,True,2026-09-12T09:00:00+05:30,control,True,True,False,False,False,2
exp_offer_nudge_v1,subj_01529,Dayananda Sagar College of Engineering,True,v2.1,False,False,True,2026-09-12T09:00:00+05:30,treatment,True,False,False,False,False,1
exp_offer_nudge_v1,subj_01530,BMS Institute of Technology,True,v2.1,False,False,True,2026-09-12T09:00:00+05:30,control,True,True,False,False,False,2
exp_offer_nudge_v1,subj_01531,PES University,True,v2.1,False,False,False,2026-09-12T09:00:00+05:30,excluded,False,False,False,False,False,0
exp_offer_nudge_v1,subj_01532,RV College of Engineering,True,v2.1,True,False,False,2026-09-12T09:00:00+05:30,excluded,False,False,False,False,False,0
exp_offer_nudge_v1,subj_01533,CMR Institute of Technology,True,v2.1,False,False,False,2026-09-12T09:00:00+05:30,excluded,False,False,False,False,False,0
exp_offer_nudge_v1,subj_01534,New Horizon College of Engineering,True,v2.1,False,False,False,2026-09-12T09:00:00+05:30,excluded,False,False,False,False,False,0
exp_offer_nudge_v1,subj_01535,Dayananda Sagar College of Engineering,True,v2.1,False,False,True,2026-09-12T09:00:00+05:30,treatment,True,True,False,False,False,2
exp_offer_nudge_v1,subj_01536,BMS Institute of Technology,True,v2.1,False,False,True,2026-09-12T09:00:00+05:30,treatment,True,False,False,False,False,1
exp_offer_nudge_v1,subj_01537,PES University,True,v2.1,False,False,True,2026-09-12T09:00:00+05:30,treatment,True,False,False,False,False,1
exp_offer_nudge_v1,subj_01538,RV College of Engineering,True,v2.1,False,False,True,2026-09-12T09:00:00+05:30,control,True,True,False,False,False,2
exp_offer_nudge_v1,subj_01539,CMR Institute of Technology,True,v2.1,False,False,True,2026-09-12T09:00:00+05:30,treatment,True,True,False,False,False,2
exp_offer_nudge_v1,subj_01540,New Horizon College of Engineering,True,v2.1,False,False,True,2026-09-12T09:00:00+05:30,treatment,True,True,False,False,False,2
exp_offer_nudge_v1,subj_01541,Dayananda Sagar College of Engineering,True,v2.1,False,False,True,2026-09-12T09:00:00+05:30,control,True,False,False,False,False,1
exp_offer_nudge_v1,subj_01542,BMS Institute of Technology,True,v2.1,False,False,True,2026-09-12T09:00:00+05:30,treatment,True,False,False,False,False,1
exp_offer_nudge_v1,subj_01543,PES University,True,v2.1,False,False,True,2026-09-12T09:00:00+05:30,treatment,True,True,False,False,False,2
exp_offer_nudge_v1,subj_01544,RV College of Engineering,True,v2.1,False,False,True,2026-09-12T09:00:00+05:30,control,True,False,True,False,False,2
exp_offer_nudge_v1,subj_01545,CMR Institute of Technology,True,v2.1,False,False,True,2026-09-12T09:00:00+05:30,treatment,True,True,True,True,False,4
exp_offer_nudge_v1,subj_01546,New Horizon College of Engineering,True,v2.1,False,False,True,2026-09-12T09:00:00+05:30,treatment,True,False,False,False,False,1
exp_offer_nudge_v1,subj_01547,Dayananda Sagar College of Engineering,False,,True,False,False,2026-09-12T09:00:00+05:30,excluded,False,False,False,False,False,0
exp_offer_nudge_v1,subj_01548,BMS Institute of Technology,True,v2.1,False,False,True,2026-09-12T09:00:00+05:30,treatment,True,False,False,False,False,1
exp_offer_nudge_v1,subj_01549,PES University,True,v2.1,False,False,True,2026-09-12T09:00:00+05:30,control,True,True,False,False,False,2
exp_offer_nudge_v1,subj_01550,RV College of Engineering,True,v2.1,False,False,True,2026-09-12T09:00:00+05:30,treatment,True,False,False,False,False,1
exp_offer_nudge_v1,subj_01551,CMR Institute of Technology,True,v2.1,False,False,True,2026-09-12T09:00:00+05:30,control,True,False,False,False,False,1
exp_offer_nudge_v1,subj_01552,New Horizon College of Engineering,False,,False,False,False,2026-09-12T09:00:00+05:30,excluded,False,False,False,False,False,0
exp_offer_nudge_v1,subj_01553,Dayananda Sagar College of Engineering,True,v2.1,False,False,True,2026-09-12T09:00:00+05:30,treatment,True,True,False,False,False,2
exp_offer_nudge_v1,subj_01554,BMS Institute of Technology,True,v2.1,False,False,True,2026-09-12T09:00:00+05:30,treatment,True,False,True,False,False,2
exp_offer_nudge_v1,subj_01555,PES University,True,v2.1,False,False,True,2026-09-12T09:00:00+05:30,treatment,True,False,False,False,False,1
exp_offer_nudge_v1,subj_01556,RV College of Engineering,True,v2.1,False,False,True,2026-09-12T09:00:00+05:30,treatment,True,True,False,False,False,2
exp_offer_nudge_v1,subj_01557,CMR Institute of Technology,True,v2.1,False,False,True,2026-09-12T09:00:00+05:30,treatment,True,True,False,False,False,2
exp_offer_nudge_v1,subj_01558,New Horizon College of Engineering,True,v2.1,False,False,True,2026-09-12T09:00:00+05:30,treatment,True,False,False,False,False,1
exp_offer_nudge_v1,subj_01559,Dayananda Sagar College of Engineering,True,v2.1,True,False,False,2026-09-12T09:00:00+05:30,excluded,False,False,False,False,False,0
exp_offer_nudge_v1,subj_01560,BMS Institute of Technology,True,v2.1,False,False,True,2026-09-12T09:00:00+05:30,treatment,True,False,False,False,False,1
exp_offer_nudge_v1,subj_01561,PES University,True,v2.1,False,False,False,2026-09-12T09:00:00+05:30,excluded,False,False,False,False,False,0
exp_offer_nudge_v1,subj_01562,RV College of Engineering,True,v2.1,False,False,True,2026-09-12T09:00:00+05:30,treatment,True,True,False,False,False,2
exp_offer_nudge_v1,subj_01563,CMR Institute of Technology,True,v2.1,False,False,True,2026-09-12T09:00:00+05:30,treatment,True,True,False,False,False,2
exp_offer_nudge_v1,subj_01564,New Horizon College of Engineering,True,v2.1,False,False,True,2026-09-12T09:00:00+05:30,control,True,False,False,False,False,1
exp_offer_nudge_v1,subj_01565,Dayananda Sagar College of Engineering,True,v2.1,False,False,False,2026-09-12T09:00:00+05:30,excluded,False,False,False,False,False,0
exp_offer_nudge_v1,subj_01566,BMS Institute of Technology,True,v2.1,False,False,True,2026-09-12T09:00:00+05:30,control,True,False,False,False,False,1
exp_offer_nudge_v1,subj_01567,PES University,True,v2.1,False,False,True,2026-09-12T09:00:00+05:30,control,True,False,False,False,False,1
exp_offer_nudge_v1,subj_01568,RV College of Engineering,True,v2.1,False,False,True,2026-09-12T09:00:00+05:30,control,True,False,True,True,True,4
exp_offer_nudge_v1,subj_01569,CMR Institute of Technology,True,v2.1,False,False,True,2026-09-12T09:00:00+05:30,treatment,True,True,False,False,False,2
exp_offer_nudge_v1,subj_01570,New Horizon College of Engineering,True,v2.1,False,False,True,2026-09-12T09:00:00+05:30,treatment,True,False,False,False,False,1
exp_offer_nudge_v1,subj_01571,Dayananda Sagar College of Engineering,True,v2.1,False,False,True,2026-09-12T09:00:00+05:30,treatment,True,False,False,False,False,1
exp_offer_nudge_v1,subj_01572,BMS Institute of Technology,True,v2.1,False,False,True,2026-09-12T09:00:00+05:30,treatment,True,True,False,False,False,2
exp_offer_nudge_v1,subj_01573,PES University,True,v2.1,False,False,True,2026-09-12T09:00:00+05:30,control,True,False,False,False,False,1
exp_offer_nudge_v1,subj_01574,RV College of Engineering,False,,False,False,False,2026-09-12T09:00:00+05:30,excluded,False,False,False,False,False,0
exp_offer_nudge_v1,subj_01575,CMR Institute of Technology,True,v2.1,False,False,True,2026-09-12T09:00:00+05:30,treatment,True,True,False,False,False,2
exp_offer_nudge_v1,subj_01576,New Horizon College of Engineering,True,v2.1,False,False,True,2026-09-12T09:00:00+05:30,treatment,True,False,False,False,False,1
exp_offer_nudge_v1,subj_01577,Dayananda Sagar College of Engineering,True,v2.1,False,False,True,2026-09-12T09:00:00+05:30,treatment,True,True,True,True,False,4
exp_offer_nudge_v1,subj_01578,BMS Institute of Technology,True,v2.1,False,False,True,2026-09-12T09:00:00+05:30,treatment,True,False,False,False,False,1
exp_offer_nudge_v1,subj_01579,PES University,True,v2.1,False,False,False,2026-09-12T09:00:00+05:30,excluded,False,False,False,False,False,0
exp_offer_nudge_v1,subj_01580,RV College of Engineering,True,v2.1,False,False,True,2026-09-12T09:00:00+05:30,control,True,False,False,False,False,1
exp_offer_nudge_v1,subj_01581,CMR Institute of Technology,True,v2.1,False,False,True,2026-09-12T09:00:00+05:30,treatment,True,False,False,False,False,1
exp_offer_nudge_v1,subj_01582,New Horizon College of Engineering,True,v2.1,False,False,True,2026-09-12T09:00:00+05:30,treatment,True,False,True,True,False,3
exp_offer_nudge_v1,subj_01583,Dayananda Sagar College of Engineering,True,v2.1,False,False,True,2026-09-12T09:00:00+05:30,control,True,False,False,False,False,1
exp_offer_nudge_v1,subj_01584,BMS Institute of Technology,True,v2.1,False,False,True,2026-09-12T09:00:00+05:30,control,True,False,False,False,False,1
exp_offer_nudge_v1,subj_01585,PES University,True,v2.1,False,False,True,2026-09-12T09:00:00+05:30,control,True,True,False,False,False,2
exp_offer_nudge_v1,subj_01586,RV College of Engineering,True,v2.1,False,False,True,2026-09-12T09:00:00+05:30,control,True,False,False,False,False,1
exp_offer_nudge_v1,subj_01587,CMR Institute of Technology,True,v2.1,False,False,True,2026-09-12T09:00:00+05:30,treatment,True,False,False,False,False,1
exp_offer_nudge_v1,subj_01588,New Horizon College of Engineering,True,v2.1,False,False,True,2026-09-12T09:00:00+05:30,control,True,False,False,False,False,1
exp_offer_nudge_v1,subj_01589,Dayananda Sagar College of Engineering,True,v2.1,False,False,False,2026-09-12T09:00:00+05:30,excluded,False,False,False,False,False,0
exp_offer_nudge_v1,subj_01590,BMS Institute of Technology,True,v2.1,False,False,True,2026-09-12T09:00:00+05:30,control,True,False,True,False,False,2
exp_offer_nudge_v1,subj_01591,PES University,True,v2.1,True,False,False,2026-09-12T09:00:00+05:30,excluded,False,False,False,False,False,0
exp_offer_nudge_v1,subj_01592,RV College of Engineering,True,v2.1,False,False,True,2026-09-12T09:00:00+05:30,control,True,True,False,False,False,2
exp_offer_nudge_v1,subj_01593,CMR Institute of Technology,True,v2.1,False,False,True,2026-09-12T09:00:00+05:30,control,True,True,False,False,False,2
exp_offer_nudge_v1,subj_01594,New Horizon College of Engineering,True,v2.1,False,False,True,2026-09-12T09:00:00+05:30,excluded,False,False,False,False,False,0
exp_offer_nudge_v1,subj_01595,Dayananda Sagar College of Engineering,True,v2.1,False,False,True,2026-09-12T09:00:00+05:30,control,True,True,False,False,False,2
exp_offer_nudge_v1,subj_01596,BMS Institute of Technology,True,v2.1,False,False,True,2026-09-12T09:00:00+05:30,excluded,False,False,False,False,False,0
exp_offer_nudge_v1,subj_01597,PES University,True,v2.1,False,False,True,2026-09-12T09:00:00+05:30,control,True,False,False,False,False,1
exp_offer_nudge_v1,subj_01598,RV College of Engineering,True,v2.1,False,False,True,2026-09-12T09:00:00+05:30,treatment,True,False,False,False,False,1
exp_offer_nudge_v1,subj_01599,CMR Institute of Technology,True,v2.1,False,False,True,2026-09-12T09:00:00+05:30,treatment,True,False,False,False,False,1
exp_offer_nudge_v1,subj_01600,New Horizon College of Engineering,True,v2.1,False,False,False,2026-09-12T09:00:00+05:30,excluded,False,False,False,False,False,0
exp_offer_nudge_v1,subj_01601,Dayananda Sagar College of Engineering,True,v2.1,False,False,True,2026-09-12T09:00:00+05:30,treatment,True,False,True,True,False,3
exp_offer_nudge_v1,subj_01602,BMS Institute of Technology,True,v2.1,False,False,True,2026-09-12T09:00:00+05:30,treatment,True,True,False,False,False,2
exp_offer_nudge_v1,subj_01603,PES University,True,v2.1,False,False,True,2026-09-12T09:00:00+05:30,control,True,False,False,False,False,1
exp_offer_nudge_v1,subj_01604,RV College of Engineering,True,v2.1,False,False,True,2026-09-12T09:00:00+05:30,treatment,True,False,False,False,False,1
exp_offer_nudge_v1,subj_01605,CMR Institute of Technology,True,v2.1,False,False,False,2026-09-12T09:00:00+05:30,excluded,False,False,False,False,False,0
exp_offer_nudge_v1,subj_01606,New Horizon College of Engineering,True,v2.1,False,True,False,2026-09-12T09:00:00+05:30,excluded,False,False,False,False,False,0
exp_offer_nudge_v1,subj_01607,Dayananda Sagar College of Engineering,True,v2.1,False,False,True,2026-09-12T09:00:00+05:30,control,True,False,False,False,False,1
exp_offer_nudge_v1,subj_01608,BMS Institute of Technology,True,v2.1,False,False,True,2026-09-12T09:00:00+05:30,treatment,True,True,True,True,False,4
exp_offer_nudge_v1,subj_01609,PES University,True,v2.1,False,False,True,2026-09-12T09:00:00+05:30,excluded,False,False,False,False,False,0
exp_offer_nudge_v1,subj_01610,RV College of Engineering,True,v2.1,False,False,False,2026-09-12T09:00:00+05:30,excluded,False,False,False,False,False,0
exp_offer_nudge_v1,subj_01611,CMR Institute of Technology,True,v2.1,False,False,True,2026-09-12T09:00:00+05:30,excluded,False,False,False,False,False,0
exp_offer_nudge_v1,subj_01612,New Horizon College of Engineering,True,v2.1,False,False,True,2026-09-12T09:00:00+05:30,treatment,True,False,False,False,False,1
exp_offer_nudge_v1,subj_01613,Dayananda Sagar College of Engineering,True,v2.1,False,False,True,2026-09-12T09:00:00+05:30,control,True,False,False,False,False,1
exp_offer_nudge_v1,subj_01614,BMS Institute of Technology,True,v2.1,False,False,True,2026-09-12T09:00:00+05:30,treatment,True,False,False,False,False,1
exp_offer_nudge_v1,subj_01615,PES University,True,v2.1,False,False,True,2026-09-12T09:00:00+05:30,treatment,True,False,True,False,False,2
exp_offer_nudge_v1,subj_01616,RV College of Engineering,True,v2.1,False,False,True,2026-09-12T09:00:00+05:30,treatment,True,True,True,True,False,4
exp_offer_nudge_v1,subj_01617,CMR Institute of Technology,True,v2.1,False,False,True,2026-09-12T09:00:00+05:30,control,True,True,False,False,False,2
exp_offer_nudge_v1,subj_01618,New Horizon College of Engineering,True,v2.1,False,False,False,2026-09-12T09:00:00+05:30,excluded,False,False,False,False,False,0
exp_offer_nudge_v1,subj_01619,Dayananda Sagar College of Engineering,True,v2.1,False,False,True,2026-09-12T09:00:00+05:30,treatment,True,False,False,False,False,1
exp_offer_nudge_v1,subj_01620,BMS Institute of Technology,True,v2.1,True,False,False,2026-09-12T09:00:00+05:30,excluded,False,False,False,False,False,0
exp_offer_nudge_v1,subj_01621,PES University,False,,False,False,False,2026-09-12T09:00:00+05:30,excluded,False,False,False,False,False,0
exp_offer_nudge_v1,subj_01622,RV College of Engineering,True,v2.1,False,False,True,2026-09-12T09:00:00+05:30,treatment,True,False,False,False,False,1
exp_offer_nudge_v1,subj_01623,CMR Institute of Technology,True,v2.1,False,False,True,2026-09-12T09:00:00+05:30,treatment,True,False,False,False,False,1
exp_offer_nudge_v1,subj_01624,New Horizon College of Engineering,True,v2.1,False,False,True,2026-09-12T09:00:00+05:30,treatment,True,False,False,False,False,1
exp_offer_nudge_v1,subj_01625,Dayananda Sagar College of Engineering,True,v2.1,False,False,True,2026-09-12T09:00:00+05:30,treatment,True,True,True,True,True,5
exp_offer_nudge_v1,subj_01626,BMS Institute of Technology,True,v2.1,False,False,True,2026-09-12T09:00:00+05:30,control,True,False,False,False,False,1
exp_offer_nudge_v1,subj_01627,PES University,True,v2.1,False,False,True,2026-09-12T09:00:00+05:30,treatment,True,True,False,False,False,2
exp_offer_nudge_v1,subj_01628,RV College of Engineering,True,v2.1,False,False,True,2026-09-12T09:00:00+05:30,control,True,True,True,False,False,3
exp_offer_nudge_v1,subj_01629,CMR Institute of Technology,True,v2.1,False,False,True,2026-09-12T09:00:00+05:30,treatment,True,True,False,False,False,2
exp_offer_nudge_v1,subj_01630,New Horizon College of Engineering,True,v2.1,False,False,True,2026-09-12T09:00:00+05:30,treatment,True,False,False,False,False,1
exp_offer_nudge_v1,subj_01631,Dayananda Sagar College of Engineering,True,v2.1,False,False,True,2026-09-12T09:00:00+05:30,treatment,True,False,False,False,False,1
exp_offer_nudge_v1,subj_01632,BMS Institute of Technology,True,v2.1,False,False,True,2026-09-12T09:00:00+05:30,treatment,True,False,False,False,False,1
exp_offer_nudge_v1,subj_01633,PES University,True,v2.1,False,False,False,2026-09-12T09:00:00+05:30,excluded,False,False,False,False,False,0
exp_offer_nudge_v1,subj_01634,RV College of Engineering,True,v2.1,False,False,True,2026-09-12T09:00:00+05:30,treatment,True,True,True,True,False,4
exp_offer_nudge_v1,subj_01635,CMR Institute of Technology,True,v2.1,False,False,True,2026-09-12T09:00:00+05:30,treatment,True,True,False,False,False,2
exp_offer_nudge_v1,subj_01636,New Horizon College of Engineering,True,v2.1,False,False,True,2026-09-12T09:00:00+05:30,control,True,True,True,True,True,5
exp_offer_nudge_v1,subj_01637,Dayananda Sagar College of Engineering,True,v2.1,False,False,True,2026-09-12T09:00:00+05:30,control,True,False,False,False,False,1
exp_offer_nudge_v1,subj_01638,BMS Institute of Technology,True,v2.1,False,False,False,2026-09-12T09:00:00+05:30,excluded,False,False,False,False,False,0
exp_offer_nudge_v1,subj_01639,PES University,True,v2.1,False,False,True,2026-09-12T09:00:00+05:30,control,True,True,False,False,False,2
exp_offer_nudge_v1,subj_01640,RV College of Engineering,True,v2.1,False,False,False,2026-09-12T09:00:00+05:30,excluded,False,False,False,False,False,0
exp_offer_nudge_v1,subj_01641,CMR Institute of Technology,False,,False,False,False,2026-09-12T09:00:00+05:30,excluded,False,False,False,False,False,0
exp_offer_nudge_v1,subj_01642,New Horizon College of Engineering,True,v2.1,False,False,True,2026-09-12T09:00:00+05:30,control,True,False,True,True,False,3
exp_offer_nudge_v1,subj_01643,Dayananda Sagar College of Engineering,True,v2.1,False,False,False,2026-09-12T09:00:00+05:30,excluded,False,False,False,False,False,0
exp_offer_nudge_v1,subj_01644,BMS Institute of Technology,False,,False,False,False,2026-09-12T09:00:00+05:30,excluded,False,False,False,False,False,0
exp_offer_nudge_v1,subj_01645,PES University,True,v2.1,False,False,True,2026-09-12T09:00:00+05:30,control,True,False,False,False,False,1
exp_offer_nudge_v1,subj_01646,RV College of Engineering,True,v2.1,False,False,True,2026-09-12T09:00:00+05:30,treatment,True,False,False,False,False,1
exp_offer_nudge_v1,subj_01647,CMR Institute of Technology,True,v2.1,False,False,True,2026-09-12T09:00:00+05:30,control,True,False,False,False,False,1
exp_offer_nudge_v1,subj_01648,New Horizon College of Engineering,True,v2.1,False,False,True,2026-09-12T09:00:00+05:30,treatment,True,True,False,False,False,2
exp_offer_nudge_v1,subj_01649,Dayananda Sagar College of Engineering,True,v2.1,False,False,True,2026-09-12T09:00:00+05:30,control,True,True,False,False,False,2
exp_offer_nudge_v1,subj_01650,BMS Institute of Technology,True,v2.1,False,False,True,2026-09-12T09:00:00+05:30,control,True,True,False,False,False,2
exp_offer_nudge_v1,subj_01651,PES University,True,v2.1,False,False,True,2026-09-12T09:00:00+05:30,treatment,True,False,False,False,False,1
exp_offer_nudge_v1,subj_01652,RV College of Engineering,True,v2.1,False,False,True,2026-09-12T09:00:00+05:30,treatment,True,True,True,False,False,3
exp_offer_nudge_v1,subj_01653,CMR Institute of Technology,True,v2.1,False,False,True,2026-09-12T09:00:00+05:30,control,True,False,False,False,False,1
exp_offer_nudge_v1,subj_01654,New Horizon College of Engineering,True,v2.1,False,False,True,2026-09-12T09:00:00+05:30,treatment,True,True,False,False,False,2
exp_offer_nudge_v1,subj_01655,Dayananda Sagar College of Engineering,True,v2.1,False,False,True,2026-09-12T09:00:00+05:30,treatment,True,False,False,False,False,1
exp_offer_nudge_v1,subj_01656,BMS Institute of Technology,True,v2.1,False,False,True,2026-09-12T09:00:00+05:30,control,True,True,False,False,False,2
exp_offer_nudge_v1,subj_01657,PES University,True,v2.1,False,False,True,2026-09-12T09:00:00+05:30,treatment,True,True,False,False,False,2
exp_offer_nudge_v1,subj_01658,RV College of Engineering,True,v2.1,False,False,True,2026-09-12T09:00:00+05:30,control,True,False,True,False,False,2
exp_offer_nudge_v1,subj_01659,CMR Institute of Technology,True,v2.1,False,False,True,2026-09-12T09:00:00+05:30,treatment,True,False,False,False,False,1
exp_offer_nudge_v1,subj_01660,New Horizon College of Engineering,True,v2.1,False,False,True,2026-09-12T09:00:00+05:30,control,True,True,False,False,False,2
exp_offer_nudge_v1,subj_01661,Dayananda Sagar College of Engineering,True,v2.1,False,False,True,2026-09-12T09:00:00+05:30,treatment,True,False,False,False,False,1
exp_offer_nudge_v1,subj_01662,BMS Institute of Technology,True,v2.1,False,False,True,2026-09-12T09:00:00+05:30,treatment,True,True,False,False,False,2
exp_offer_nudge_v1,subj_01663,PES University,True,v2.1,False,False,True,2026-09-12T09:00:00+05:30,control,True,False,False,False,False,1
exp_offer_nudge_v1,subj_01664,RV College of Engineering,True,v2.1,False,False,True,2026-09-12T09:00:00+05:30,treatment,True,True,False,False,False,2
exp_offer_nudge_v1,subj_01665,CMR Institute of Technology,True,v2.1,False,False,True,2026-09-12T09:00:00+05:30,control,True,False,False,False,False,1
exp_offer_nudge_v1,subj_01666,New Horizon College of Engineering,True,v2.1,False,False,True,2026-09-12T09:00:00+05:30,control,True,False,False,False,False,1
exp_offer_nudge_v1,subj_01667,Dayananda Sagar College of Engineering,True,v2.1,False,False,True,2026-09-12T09:00:00+05:30,treatment,True,False,True,True,True,4
exp_offer_nudge_v1,subj_01668,BMS Institute of Technology,True,v2.1,False,False,False,2026-09-12T09:00:00+05:30,excluded,False,False,False,False,False,0
exp_offer_nudge_v1,subj_01669,PES University,True,v2.1,False,False,True,2026-09-12T09:00:00+05:30,control,True,False,False,False,False,1
exp_offer_nudge_v1,subj_01670,RV College of Engineering,True,v2.1,False,False,True,2026-09-12T09:00:00+05:30,control,True,False,False,False,False,1
exp_offer_nudge_v1,subj_01671,CMR Institute of Technology,True,v2.1,False,False,True,2026-09-12T09:00:00+05:30,control,True,False,False,False,False,1
exp_offer_nudge_v1,subj_01672,New Horizon College of Engineering,True,v2.1,False,False,False,2026-09-12T09:00:00+05:30,excluded,False,False,False,False,False,0
exp_offer_nudge_v1,subj_01673,Dayananda Sagar College of Engineering,True,v2.1,False,False,True,2026-09-12T09:00:00+05:30,control,True,False,False,False,False,1
exp_offer_nudge_v1,subj_01674,BMS Institute of Technology,True,v2.1,False,False,True,2026-09-12T09:00:00+05:30,treatment,True,False,False,False,False,1
exp_offer_nudge_v1,subj_01675,PES University,True,v2.1,False,False,True,2026-09-12T09:00:00+05:30,treatment,True,False,False,False,False,1
exp_offer_nudge_v1,subj_01676,RV College of Engineering,True,v2.1,False,False,True,2026-09-12T09:00:00+05:30,treatment,True,False,False,False,False,1
exp_offer_nudge_v1,subj_01677,CMR Institute of Technology,True,v2.1,False,False,True,2026-09-12T09:00:00+05:30,control,True,True,False,False,False,2
exp_offer_nudge_v1,subj_01678,New Horizon College of Engineering,False,,False,False,False,2026-09-12T09:00:00+05:30,excluded,False,False,False,False,False,0
exp_offer_nudge_v1,subj_01679,Dayananda Sagar College of Engineering,True,v2.1,False,False,True,2026-09-12T09:00:00+05:30,treatment,True,False,False,False,False,1
exp_offer_nudge_v1,subj_01680,BMS Institute of Technology,True,v2.1,False,False,True,2026-09-12T09:00:00+05:30,treatment,True,True,True,True,True,5
exp_offer_nudge_v1,subj_01681,PES University,True,v2.1,False,False,True,2026-09-12T09:00:00+05:30,treatment,True,False,True,False,False,2
exp_offer_nudge_v1,subj_01682,RV College of Engineering,True,v2.1,False,False,True,2026-09-12T09:00:00+05:30,control,True,False,True,False,False,2
exp_offer_nudge_v1,subj_01683,CMR Institute of Technology,True,v2.1,False,False,True,2026-09-12T09:00:00+05:30,treatment,True,False,False,False,False,1
exp_offer_nudge_v1,subj_01684,New Horizon College of Engineering,True,v2.1,False,False,True,2026-09-12T09:00:00+05:30,control,True,False,True,True,False,3
exp_offer_nudge_v1,subj_01685,Dayananda Sagar College of Engineering,True,v2.1,False,False,True,2026-09-12T09:00:00+05:30,control,True,True,False,False,False,2
exp_offer_nudge_v1,subj_01686,BMS Institute of Technology,True,v2.1,False,False,True,2026-09-12T09:00:00+05:30,treatment,True,False,False,False,False,1
exp_offer_nudge_v1,subj_01687,PES University,True,v2.1,False,False,True,2026-09-12T09:00:00+05:30,treatment,True,False,False,False,False,1
exp_offer_nudge_v1,subj_01688,RV College of Engineering,True,v2.1,False,False,False,2026-09-12T09:00:00+05:30,excluded,False,False,False,False,False,0
exp_offer_nudge_v1,subj_01689,CMR Institute of Technology,True,v2.1,False,False,True,2026-09-12T09:00:00+05:30,treatment,True,True,False,False,False,2
exp_offer_nudge_v1,subj_01690,New Horizon College of Engineering,True,v2.1,False,False,True,2026-09-12T09:00:00+05:30,control,True,False,False,False,False,1
exp_offer_nudge_v1,subj_01691,Dayananda Sagar College of Engineering,True,v2.1,False,False,True,2026-09-12T09:00:00+05:30,control,True,True,False,False,False,2
exp_offer_nudge_v1,subj_01692,BMS Institute of Technology,False,,False,False,False,2026-09-12T09:00:00+05:30,excluded,False,False,False,False,False,0
exp_offer_nudge_v1,subj_01693,PES University,True,v2.1,False,False,True,2026-09-12T09:00:00+05:30,control,True,False,True,True,False,3
exp_offer_nudge_v1,subj_01694,RV College of Engineering,True,v2.1,False,False,True,2026-09-12T09:00:00+05:30,control,True,False,False,False,False,1
exp_offer_nudge_v1,subj_01695,CMR Institute of Technology,True,v2.1,False,False,True,2026-09-12T09:00:00+05:30,treatment,True,False,True,True,False,3
exp_offer_nudge_v1,subj_01696,New Horizon College of Engineering,True,v2.1,False,False,True,2026-09-12T09:00:00+05:30,treatment,True,False,False,False,False,1
exp_offer_nudge_v1,subj_01697,Dayananda Sagar College of Engineering,True,v2.1,False,False,False,2026-09-12T09:00:00+05:30,excluded,False,False,False,False,False,0
exp_offer_nudge_v1,subj_01698,BMS Institute of Technology,True,v2.1,False,False,True,2026-09-12T09:00:00+05:30,treatment,True,False,False,False,False,1
exp_offer_nudge_v1,subj_01699,PES University,True,v2.1,True,False,False,2026-09-12T09:00:00+05:30,excluded,False,False,False,False,False,0
exp_offer_nudge_v1,subj_01700,RV College of Engineering,True,v2.1,False,False,True,2026-09-12T09:00:00+05:30,control,True,False,False,False,False,1
exp_offer_nudge_v1,subj_01701,CMR Institute of Technology,True,v2.1,False,True,False,2026-09-12T09:00:00+05:30,excluded,False,False,False,False,False,0
exp_offer_nudge_v1,subj_01702,New Horizon College of Engineering,True,v2.1,False,False,True,2026-09-12T09:00:00+05:30,treatment,True,True,False,False,False,2
exp_offer_nudge_v1,subj_01703,Dayananda Sagar College of Engineering,True,v2.1,False,False,True,2026-09-12T09:00:00+05:30,treatment,True,True,True,True,False,4
exp_offer_nudge_v1,subj_01704,BMS Institute of Technology,True,v2.1,False,False,True,2026-09-12T09:00:00+05:30,control,True,False,False,False,False,1
exp_offer_nudge_v1,subj_01705,PES University,True,v2.1,False,False,True,2026-09-12T09:00:00+05:30,treatment,True,False,False,False,False,1
exp_offer_nudge_v1,subj_01706,RV College of Engineering,True,v2.1,False,False,True,2026-09-12T09:00:00+05:30,treatment,True,False,True,False,False,2
exp_offer_nudge_v1,subj_01707,CMR Institute of Technology,True,v2.1,False,False,True,2026-09-12T09:00:00+05:30,control,True,True,False,False,False,2
exp_offer_nudge_v1,subj_01708,New Horizon College of Engineering,True,v2.1,False,False,True,2026-09-12T09:00:00+05:30,control,True,True,False,False,False,2
exp_offer_nudge_v1,subj_01709,Dayananda Sagar College of Engineering,True,v2.1,False,False,True,2026-09-12T09:00:00+05:30,treatment,True,False,True,True,False,3
exp_offer_nudge_v1,subj_01710,BMS Institute of Technology,True,v2.1,False,False,False,2026-09-12T09:00:00+05:30,excluded,False,False,False,False,False,0
exp_offer_nudge_v1,subj_01711,PES University,True,v2.1,False,False,True,2026-09-12T09:00:00+05:30,treatment,True,False,False,False,False,1
exp_offer_nudge_v1,subj_01712,RV College of Engineering,True,v2.1,False,False,True,2026-09-12T09:00:00+05:30,treatment,True,False,False,False,False,1
exp_offer_nudge_v1,subj_01713,CMR Institute of Technology,True,v2.1,False,False,False,2026-09-12T09:00:00+05:30,excluded,False,False,False,False,False,0
exp_offer_nudge_v1,subj_01714,New Horizon College of Engineering,True,v2.1,False,False,True,2026-09-12T09:00:00+05:30,treatment,True,True,True,False,False,3
exp_offer_nudge_v1,subj_01715,Dayananda Sagar College of Engineering,True,v2.1,False,False,True,2026-09-12T09:00:00+05:30,control,True,True,False,False,False,2
exp_offer_nudge_v1,subj_01716,BMS Institute of Technology,True,v2.1,False,False,True,2026-09-12T09:00:00+05:30,treatment,True,False,False,False,False,1
exp_offer_nudge_v1,subj_01717,PES University,True,v2.1,False,False,True,2026-09-12T09:00:00+05:30,control,True,False,True,True,True,4
exp_offer_nudge_v1,subj_01718,RV College of Engineering,True,v2.1,False,False,True,2026-09-12T09:00:00+05:30,treatment,True,True,True,False,False,3
exp_offer_nudge_v1,subj_01719,CMR Institute of Technology,True,v2.1,False,False,True,2026-09-12T09:00:00+05:30,control,True,False,False,False,False,1
exp_offer_nudge_v1,subj_01720,New Horizon College of Engineering,True,v2.1,False,False,True,2026-09-12T09:00:00+05:30,treatment,True,False,False,False,False,1
exp_offer_nudge_v1,subj_01721,Dayananda Sagar College of Engineering,True,v2.1,False,False,True,2026-09-12T09:00:00+05:30,control,True,False,False,False,False,1
exp_offer_nudge_v1,subj_01722,BMS Institute of Technology,False,,False,False,False,2026-09-12T09:00:00+05:30,excluded,False,False,False,False,False,0
exp_offer_nudge_v1,subj_01723,PES University,True,v2.1,False,False,True,2026-09-12T09:00:00+05:30,treatment,True,False,False,False,False,1
exp_offer_nudge_v1,subj_01724,RV College of Engineering,True,v2.1,False,False,True,2026-09-12T09:00:00+05:30,control,True,False,False,False,False,1
exp_offer_nudge_v1,subj_01725,CMR Institute of Technology,True,v2.1,False,False,True,2026-09-12T09:00:00+05:30,treatment,True,False,False,False,False,1
exp_offer_nudge_v1,subj_01726,New Horizon College of Engineering,True,v2.1,False,False,True,2026-09-12T09:00:00+05:30,treatment,True,False,False,False,False,1
exp_offer_nudge_v1,subj_01727,Dayananda Sagar College of Engineering,True,v2.1,False,False,True,2026-09-12T09:00:00+05:30,treatment,True,True,False,False,False,2
exp_offer_nudge_v1,subj_01728,BMS Institute of Technology,True,v2.1,False,False,False,2026-09-12T09:00:00+05:30,excluded,False,False,False,False,False,0
exp_offer_nudge_v1,subj_01729,PES University,True,v2.1,False,False,True,2026-09-12T09:00:00+05:30,treatment,True,True,False,False,False,2
exp_offer_nudge_v1,subj_01730,RV College of Engineering,True,v2.1,False,False,True,2026-09-12T09:00:00+05:30,treatment,True,True,False,False,False,2
exp_offer_nudge_v1,subj_01731,CMR Institute of Technology,True,v2.1,False,False,True,2026-09-12T09:00:00+05:30,control,True,False,False,False,False,1
exp_offer_nudge_v1,subj_01732,New Horizon College of Engineering,True,v2.1,False,False,False,2026-09-12T09:00:00+05:30,excluded,False,False,False,False,False,0
exp_offer_nudge_v1,subj_01733,Dayananda Sagar College of Engineering,True,v2.1,False,False,True,2026-09-12T09:00:00+05:30,control,True,False,False,False,False,1
exp_offer_nudge_v1,subj_01734,BMS Institute of Technology,True,v2.1,False,False,True,2026-09-12T09:00:00+05:30,control,True,False,False,False,False,1
exp_offer_nudge_v1,subj_01735,PES University,True,v2.1,False,False,True,2026-09-12T09:00:00+05:30,treatment,True,False,True,False,False,2
exp_offer_nudge_v1,subj_01736,RV College of Engineering,True,v2.1,False,False,True,2026-09-12T09:00:00+05:30,treatment,True,True,True,False,False,3
exp_offer_nudge_v1,subj_01737,CMR Institute of Technology,True,v2.1,False,False,True,2026-09-12T09:00:00+05:30,treatment,True,False,False,False,False,1
exp_offer_nudge_v1,subj_01738,New Horizon College of Engineering,True,v2.1,False,False,True,2026-09-12T09:00:00+05:30,treatment,True,False,True,True,False,3
exp_offer_nudge_v1,subj_01739,Dayananda Sagar College of Engineering,True,v2.1,False,False,True,2026-09-12T09:00:00+05:30,control,True,False,False,False,False,1
exp_offer_nudge_v1,subj_01740,BMS Institute of Technology,True,v2.1,False,True,False,2026-09-12T09:00:00+05:30,excluded,False,False,False,False,False,0
exp_offer_nudge_v1,subj_01741,PES University,True,v2.1,False,False,True,2026-09-12T09:00:00+05:30,control,True,True,False,False,False,2
exp_offer_nudge_v1,subj_01742,RV College of Engineering,True,v2.1,False,False,True,2026-09-12T09:00:00+05:30,control,True,True,False,False,False,2
exp_offer_nudge_v1,subj_01743,CMR Institute of Technology,True,v2.1,False,False,True,2026-09-12T09:00:00+05:30,control,True,True,False,False,False,2
exp_offer_nudge_v1,subj_01744,New Horizon College of Engineering,True,v2.1,False,False,True,2026-09-12T09:00:00+05:30,control,True,True,True,True,False,4
exp_offer_nudge_v1,subj_01745,Dayananda Sagar College of Engineering,True,v2.1,False,False,True,2026-09-12T09:00:00+05:30,control,True,False,False,False,False,1
exp_offer_nudge_v1,subj_01746,BMS Institute of Technology,True,v2.1,False,False,True,2026-09-12T09:00:00+05:30,treatment,True,False,False,False,False,1
exp_offer_nudge_v1,subj_01747,PES University,True,v2.1,False,False,True,2026-09-12T09:00:00+05:30,treatment,True,False,False,False,False,1
exp_offer_nudge_v1,subj_01748,RV College of Engineering,True,v2.1,False,False,True,2026-09-12T09:00:00+05:30,treatment,True,True,False,False,False,2
exp_offer_nudge_v1,subj_01749,CMR Institute of Technology,True,v2.1,False,False,True,2026-09-12T09:00:00+05:30,control,True,True,False,False,False,2
exp_offer_nudge_v1,subj_01750,New Horizon College of Engineering,True,v2.1,False,False,True,2026-09-12T09:00:00+05:30,treatment,True,False,False,False,False,1
exp_offer_nudge_v1,subj_01751,Dayananda Sagar College of Engineering,True,v2.1,False,False,True,2026-09-12T09:00:00+05:30,control,True,False,False,False,False,1
exp_offer_nudge_v1,subj_01752,BMS Institute of Technology,True,v2.1,False,False,True,2026-09-12T09:00:00+05:30,control,True,False,False,False,False,1
exp_offer_nudge_v1,subj_01753,PES University,True,v2.1,False,False,False,2026-09-12T09:00:00+05:30,excluded,False,False,False,False,False,0
exp_offer_nudge_v1,subj_01754,RV College of Engineering,True,v2.1,False,False,True,2026-09-12T09:00:00+05:30,treatment,True,True,True,True,False,4
exp_offer_nudge_v1,subj_01755,CMR Institute of Technology,True,v2.1,False,False,True,2026-09-12T09:00:00+05:30,treatment,True,False,False,False,False,1
exp_offer_nudge_v1,subj_01756,New Horizon College of Engineering,True,v2.1,False,False,True,2026-09-12T09:00:00+05:30,treatment,True,True,False,False,False,2
exp_offer_nudge_v1,subj_01757,Dayananda Sagar College of Engineering,True,v2.1,False,False,True,2026-09-12T09:00:00+05:30,treatment,True,True,True,True,True,5
exp_offer_nudge_v1,subj_01758,BMS Institute of Technology,False,,False,False,False,2026-09-12T09:00:00+05:30,excluded,False,False,False,False,False,0
exp_offer_nudge_v1,subj_01759,PES University,True,v2.1,False,False,True,2026-09-12T09:00:00+05:30,treatment,True,False,False,False,False,1
exp_offer_nudge_v1,subj_01760,RV College of Engineering,True,v2.1,False,False,True,2026-09-12T09:00:00+05:30,control,True,True,False,False,False,2
exp_offer_nudge_v1,subj_01761,CMR Institute of Technology,True,v2.1,False,False,True,2026-09-12T09:00:00+05:30,control,True,False,False,False,False,1
exp_offer_nudge_v1,subj_01762,New Horizon College of Engineering,True,v2.1,False,False,True,2026-09-12T09:00:00+05:30,control,True,False,False,False,False,1
exp_offer_nudge_v1,subj_01763,Dayananda Sagar College of Engineering,True,v2.1,False,False,True,2026-09-12T09:00:00+05:30,control,True,True,False,False,False,2
exp_offer_nudge_v1,subj_01764,BMS Institute of Technology,True,v2.1,False,False,True,2026-09-12T09:00:00+05:30,control,True,False,False,False,False,1
exp_offer_nudge_v1,subj_01765,PES University,True,v2.1,False,False,False,2026-09-12T09:00:00+05:30,excluded,False,False,False,False,False,0
exp_offer_nudge_v1,subj_01766,RV College of Engineering,True,v2.1,False,False,False,2026-09-12T09:00:00+05:30,excluded,False,False,False,False,False,0
exp_offer_nudge_v1,subj_01767,CMR Institute of Technology,True,v2.1,False,True,False,2026-09-12T09:00:00+05:30,excluded,False,False,False,False,False,0
exp_offer_nudge_v1,subj_01768,New Horizon College of Engineering,True,v2.1,False,False,True,2026-09-12T09:00:00+05:30,treatment,True,False,False,False,False,1
exp_offer_nudge_v1,subj_01769,Dayananda Sagar College of Engineering,True,v2.1,True,False,False,2026-09-12T09:00:00+05:30,excluded,False,False,False,False,False,0
exp_offer_nudge_v1,subj_01770,BMS Institute of Technology,True,v2.1,False,False,True,2026-09-12T09:00:00+05:30,control,True,True,False,False,False,2
exp_offer_nudge_v1,subj_01771,PES University,True,v2.1,False,False,True,2026-09-12T09:00:00+05:30,treatment,True,False,False,False,False,1
exp_offer_nudge_v1,subj_01772,RV College of Engineering,True,v2.1,False,False,True,2026-09-12T09:00:00+05:30,control,True,False,True,True,False,3
exp_offer_nudge_v1,subj_01773,CMR Institute of Technology,True,v2.1,False,False,True,2026-09-12T09:00:00+05:30,treatment,True,True,False,False,False,2
exp_offer_nudge_v1,subj_01774,New Horizon College of Engineering,True,v2.1,False,False,True,2026-09-12T09:00:00+05:30,control,True,False,False,False,False,1
exp_offer_nudge_v1,subj_01775,Dayananda Sagar College of Engineering,True,v2.1,False,False,True,2026-09-12T09:00:00+05:30,control,True,False,True,True,False,3
exp_offer_nudge_v1,subj_01776,BMS Institute of Technology,False,,False,True,False,2026-09-12T09:00:00+05:30,excluded,False,False,False,False,False,0
exp_offer_nudge_v1,subj_01777,PES University,True,v2.1,False,False,True,2026-09-12T09:00:00+05:30,control,True,False,False,False,False,1
exp_offer_nudge_v1,subj_01778,RV College of Engineering,True,v2.1,False,False,True,2026-09-12T09:00:00+05:30,treatment,True,False,False,False,False,1
exp_offer_nudge_v1,subj_01779,CMR Institute of Technology,True,v2.1,True,False,False,2026-09-12T09:00:00+05:30,excluded,False,False,False,False,False,0
exp_offer_nudge_v1,subj_01780,New Horizon College of Engineering,True,v2.1,False,False,True,2026-09-12T09:00:00+05:30,control,True,True,False,False,False,2
exp_offer_nudge_v1,subj_01781,Dayananda Sagar College of Engineering,True,v2.1,False,False,True,2026-09-12T09:00:00+05:30,treatment,True,True,False,False,False,2
exp_offer_nudge_v1,subj_01782,BMS Institute of Technology,True,v2.1,False,False,True,2026-09-12T09:00:00+05:30,control,True,False,False,False,False,1
exp_offer_nudge_v1,subj_01783,PES University,True,v2.1,False,False,False,2026-09-12T09:00:00+05:30,excluded,False,False,False,False,False,0
exp_offer_nudge_v1,subj_01784,RV College of Engineering,True,v2.1,False,False,True,2026-09-12T09:00:00+05:30,treatment,True,True,False,False,False,2
exp_offer_nudge_v1,subj_01785,CMR Institute of Technology,True,v2.1,False,False,True,2026-09-12T09:00:00+05:30,treatment,True,True,False,False,False,2
exp_offer_nudge_v1,subj_01786,New Horizon College of Engineering,True,v2.1,False,False,True,2026-09-12T09:00:00+05:30,control,True,False,False,False,False,1
exp_offer_nudge_v1,subj_01787,Dayananda Sagar College of Engineering,False,,False,False,False,2026-09-12T09:00:00+05:30,excluded,False,False,False,False,False,0
exp_offer_nudge_v1,subj_01788,BMS Institute of Technology,True,v2.1,False,False,True,2026-09-12T09:00:00+05:30,treatment,True,False,False,False,False,1
exp_offer_nudge_v1,subj_01789,PES University,True,v2.1,False,False,True,2026-09-12T09:00:00+05:30,treatment,True,False,True,False,False,2
exp_offer_nudge_v1,subj_01790,RV College of Engineering,True,v2.1,False,False,True,2026-09-12T09:00:00+05:30,treatment,True,False,False,False,False,1
exp_offer_nudge_v1,subj_01791,CMR Institute of Technology,True,v2.1,False,False,True,2026-09-12T09:00:00+05:30,control,True,True,False,False,False,2
exp_offer_nudge_v1,subj_01792,New Horizon College of Engineering,True,v2.1,False,False,True,2026-09-12T09:00:00+05:30,treatment,True,False,False,False,False,1
exp_offer_nudge_v1,subj_01793,Dayananda Sagar College of Engineering,True,v2.1,False,False,True,2026-09-12T09:00:00+05:30,control,True,False,False,False,False,1
exp_offer_nudge_v1,subj_01794,BMS Institute of Technology,True,v2.1,False,False,True,2026-09-12T09:00:00+05:30,control,True,False,False,False,False,1
exp_offer_nudge_v1,subj_01795,PES University,True,v2.1,False,False,True,2026-09-12T09:00:00+05:30,treatment,True,True,True,False,False,3
exp_offer_nudge_v1,subj_01796,RV College of Engineering,True,v2.1,False,False,True,2026-09-12T09:00:00+05:30,control,True,True,False,False,False,2
exp_offer_nudge_v1,subj_01797,CMR Institute of Technology,True,v2.1,False,False,False,2026-09-12T09:00:00+05:30,excluded,False,False,False,False,False,0
exp_offer_nudge_v1,subj_01798,New Horizon College of Engineering,True,v2.1,False,False,True,2026-09-12T09:00:00+05:30,treatment,True,False,False,False,False,1
exp_offer_nudge_v1,subj_01799,Dayananda Sagar College of Engineering,True,v2.1,False,False,True,2026-09-12T09:00:00+05:30,control,True,False,False,False,False,1
exp_offer_nudge_v1,subj_01800,BMS Institute of Technology,True,v2.1,False,False,True,2026-09-12T09:00:00+05:30,treatment,True,False,True,True,True,4
exp_offer_nudge_v1,subj_01801,PES University,True,v2.1,False,False,False,2026-09-12T09:00:00+05:30,excluded,False,False,False,False,False,0
exp_offer_nudge_v1,subj_01802,RV College of Engineering,True,v2.1,False,False,True,2026-09-12T09:00:00+05:30,control,True,False,False,False,False,1
exp_offer_nudge_v1,subj_01803,CMR Institute of Technology,True,v2.1,False,False,True,2026-09-12T09:00:00+05:30,control,True,True,True,False,False,3
exp_offer_nudge_v1,subj_01804,New Horizon College of Engineering,True,v2.1,False,False,True,2026-09-12T09:00:00+05:30,control,True,True,True,True,False,4
exp_offer_nudge_v1,subj_01805,Dayananda Sagar College of Engineering,True,v2.1,False,False,True,2026-09-12T09:00:00+05:30,control,True,False,True,True,True,4
exp_offer_nudge_v1,subj_01806,BMS Institute of Technology,True,v2.1,False,False,False,2026-09-12T09:00:00+05:30,excluded,False,False,False,False,False,0
exp_offer_nudge_v1,subj_01807,PES University,True,v2.1,False,False,True,2026-09-12T09:00:00+05:30,control,True,False,True,True,False,3
exp_offer_nudge_v1,subj_01808,RV College of Engineering,True,v2.1,False,False,False,2026-09-12T09:00:00+05:30,excluded,False,False,False,False,False,0
exp_offer_nudge_v1,subj_01809,CMR Institute of Technology,True,v2.1,False,False,True,2026-09-12T09:00:00+05:30,control,True,False,False,False,False,1
exp_offer_nudge_v1,subj_01810,New Horizon College of Engineering,True,v2.1,False,False,False,2026-09-12T09:00:00+05:30,excluded,False,False,False,False,False,0
exp_offer_nudge_v1,subj_01811,Dayananda Sagar College of Engineering,True,v2.1,False,False,True,2026-09-12T09:00:00+05:30,treatment,True,True,False,False,False,2
exp_offer_nudge_v1,subj_01812,BMS Institute of Technology,True,v2.1,False,False,True,2026-09-12T09:00:00+05:30,treatment,True,False,False,False,False,1
exp_offer_nudge_v1,subj_01813,PES University,True,v2.1,False,False,False,2026-09-12T09:00:00+05:30,excluded,False,False,False,False,False,0
exp_offer_nudge_v1,subj_01814,RV College of Engineering,False,,False,False,False,2026-09-12T09:00:00+05:30,excluded,False,False,False,False,False,0
exp_offer_nudge_v1,subj_01815,CMR Institute of Technology,True,v2.1,False,False,True,2026-09-12T09:00:00+05:30,treatment,True,True,False,False,False,2
exp_offer_nudge_v1,subj_01816,New Horizon College of Engineering,True,v2.1,True,False,False,2026-09-12T09:00:00+05:30,excluded,False,False,False,False,False,0
exp_offer_nudge_v1,subj_01817,Dayananda Sagar College of Engineering,True,v2.1,False,False,True,2026-09-12T09:00:00+05:30,treatment,True,True,True,True,False,4
exp_offer_nudge_v1,subj_01818,BMS Institute of Technology,True,v2.1,False,False,False,2026-09-12T09:00:00+05:30,excluded,False,False,False,False,False,0
exp_offer_nudge_v1,subj_01819,PES University,True,v2.1,False,False,True,2026-09-12T09:00:00+05:30,treatment,True,False,False,False,False,1
exp_offer_nudge_v1,subj_01820,RV College of Engineering,True,v2.1,False,False,True,2026-09-12T09:00:00+05:30,treatment,True,False,False,False,False,1
exp_offer_nudge_v1,subj_01821,CMR Institute of Technology,True,v2.1,False,False,True,2026-09-12T09:00:00+05:30,control,True,False,True,True,True,4
exp_offer_nudge_v1,subj_01822,New Horizon College of Engineering,True,v2.1,False,False,True,2026-09-12T09:00:00+05:30,control,True,False,False,False,False,1
exp_offer_nudge_v1,subj_01823,Dayananda Sagar College of Engineering,True,v2.1,False,False,True,2026-09-12T09:00:00+05:30,control,True,True,False,False,False,2
exp_offer_nudge_v1,subj_01824,BMS Institute of Technology,True,v2.1,False,False,True,2026-09-12T09:00:00+05:30,control,True,False,False,False,False,1
exp_offer_nudge_v1,subj_01825,PES University,True,v2.1,False,False,True,2026-09-12T09:00:00+05:30,treatment,True,False,False,False,False,1
exp_offer_nudge_v1,subj_01826,RV College of Engineering,True,v2.1,False,False,True,2026-09-12T09:00:00+05:30,treatment,True,False,False,False,False,1
exp_offer_nudge_v1,subj_01827,CMR Institute of Technology,True,v2.1,False,False,True,2026-09-12T09:00:00+05:30,control,True,False,False,False,False,1
exp_offer_nudge_v1,subj_01828,New Horizon College of Engineering,True,v2.1,False,False,True,2026-09-12T09:00:00+05:30,treatment,True,False,True,False,False,2
exp_offer_nudge_v1,subj_01829,Dayananda Sagar College of Engineering,True,v2.1,False,False,True,2026-09-12T09:00:00+05:30,control,True,False,False,False,False,1
exp_offer_nudge_v1,subj_01830,BMS Institute of Technology,True,v2.1,False,False,True,2026-09-12T09:00:00+05:30,treatment,True,False,True,False,False,2
exp_offer_nudge_v1,subj_01831,PES University,True,v2.1,True,False,False,2026-09-12T09:00:00+05:30,excluded,False,False,False,False,False,0
exp_offer_nudge_v1,subj_01832,RV College of Engineering,True,v2.1,False,False,False,2026-09-12T09:00:00+05:30,excluded,False,False,False,False,False,0
exp_offer_nudge_v1,subj_01833,CMR Institute of Technology,True,v2.1,False,False,True,2026-09-12T09:00:00+05:30,treatment,True,True,False,False,False,2
exp_offer_nudge_v1,subj_01834,New Horizon College of Engineering,True,v2.1,False,False,True,2026-09-12T09:00:00+05:30,control,True,False,False,False,False,1
exp_offer_nudge_v1,subj_01835,Dayananda Sagar College of Engineering,True,v2.1,False,False,True,2026-09-12T09:00:00+05:30,treatment,True,False,True,True,True,4
exp_offer_nudge_v1,subj_01836,BMS Institute of Technology,True,v2.1,False,False,True,2026-09-12T09:00:00+05:30,control,True,False,False,False,False,1
exp_offer_nudge_v1,subj_01837,PES University,True,v2.1,False,False,True,2026-09-12T09:00:00+05:30,treatment,True,False,False,False,False,1
exp_offer_nudge_v1,subj_01838,RV College of Engineering,True,v2.1,False,False,True,2026-09-12T09:00:00+05:30,control,True,False,False,False,False,1
exp_offer_nudge_v1,subj_01839,CMR Institute of Technology,True,v2.1,False,False,True,2026-09-12T09:00:00+05:30,treatment,True,False,False,False,False,1
exp_offer_nudge_v1,subj_01840,New Horizon College of Engineering,True,v2.1,False,False,True,2026-09-12T09:00:00+05:30,treatment,True,False,False,False,False,1
exp_offer_nudge_v1,subj_01841,Dayananda Sagar College of Engineering,True,v2.1,False,False,False,2026-09-12T09:00:00+05:30,excluded,False,False,False,False,False,0
exp_offer_nudge_v1,subj_01842,BMS Institute of Technology,True,v2.1,False,False,True,2026-09-12T09:00:00+05:30,control,True,True,False,False,False,2
exp_offer_nudge_v1,subj_01843,PES University,False,,False,False,False,2026-09-12T09:00:00+05:30,excluded,False,False,False,False,False,0
exp_offer_nudge_v1,subj_01844,RV College of Engineering,True,v2.1,False,False,False,2026-09-12T09:00:00+05:30,excluded,False,False,False,False,False,0
exp_offer_nudge_v1,subj_01845,CMR Institute of Technology,True,v2.1,True,False,False,2026-09-12T09:00:00+05:30,excluded,False,False,False,False,False,0
exp_offer_nudge_v1,subj_01846,New Horizon College of Engineering,True,v2.1,False,False,True,2026-09-12T09:00:00+05:30,control,True,True,False,False,False,2
exp_offer_nudge_v1,subj_01847,Dayananda Sagar College of Engineering,True,v2.1,False,False,True,2026-09-12T09:00:00+05:30,control,True,False,True,False,False,2
exp_offer_nudge_v1,subj_01848,BMS Institute of Technology,True,v2.1,False,False,True,2026-09-12T09:00:00+05:30,control,True,False,False,False,False,1
exp_offer_nudge_v1,subj_01849,PES University,True,v2.1,False,False,False,2026-09-12T09:00:00+05:30,excluded,False,False,False,False,False,0
exp_offer_nudge_v1,subj_01850,RV College of Engineering,True,v2.1,False,False,True,2026-09-12T09:00:00+05:30,treatment,True,False,False,False,False,1
exp_offer_nudge_v1,subj_01851,CMR Institute of Technology,True,v2.1,False,False,True,2026-09-12T09:00:00+05:30,control,True,False,False,False,False,1
exp_offer_nudge_v1,subj_01852,New Horizon College of Engineering,True,v2.1,False,False,True,2026-09-12T09:00:00+05:30,control,True,False,True,True,False,3
exp_offer_nudge_v1,subj_01853,Dayananda Sagar College of Engineering,True,v2.1,False,False,True,2026-09-12T09:00:00+05:30,treatment,True,False,False,False,False,1
exp_offer_nudge_v1,subj_01854,BMS Institute of Technology,True,v2.1,False,False,True,2026-09-12T09:00:00+05:30,treatment,True,False,False,False,False,1
exp_offer_nudge_v1,subj_01855,PES University,True,v2.1,False,False,True,2026-09-12T09:00:00+05:30,control,True,False,False,False,False,1
exp_offer_nudge_v1,subj_01856,RV College of Engineering,True,v2.1,False,False,True,2026-09-12T09:00:00+05:30,treatment,True,True,False,False,False,2
exp_offer_nudge_v1,subj_01857,CMR Institute of Technology,True,v2.1,False,False,True,2026-09-12T09:00:00+05:30,control,True,False,True,True,False,3
exp_offer_nudge_v1,subj_01858,New Horizon College of Engineering,True,v2.1,False,False,True,2026-09-12T09:00:00+05:30,control,True,False,False,False,False,1
exp_offer_nudge_v1,subj_01859,Dayananda Sagar College of Engineering,True,v2.1,False,False,True,2026-09-12T09:00:00+05:30,control,True,False,True,False,False,2
exp_offer_nudge_v1,subj_01860,BMS Institute of Technology,True,v2.1,False,False,True,2026-09-12T09:00:00+05:30,control,True,True,True,False,False,3
exp_offer_nudge_v1,subj_01861,PES University,True,v2.1,False,False,True,2026-09-12T09:00:00+05:30,control,True,True,False,False,False,2
exp_offer_nudge_v1,subj_01862,RV College of Engineering,True,v2.1,False,False,True,2026-09-12T09:00:00+05:30,treatment,True,False,True,False,False,2
exp_offer_nudge_v1,subj_01863,CMR Institute of Technology,True,v2.1,False,False,True,2026-09-12T09:00:00+05:30,control,True,False,False,False,False,1
exp_offer_nudge_v1,subj_01864,New Horizon College of Engineering,True,v2.1,False,False,True,2026-09-12T09:00:00+05:30,control,True,True,True,True,True,5
exp_offer_nudge_v1,subj_01865,Dayananda Sagar College of Engineering,True,v2.1,True,False,False,2026-09-12T09:00:00+05:30,excluded,False,False,False,False,False,0
exp_offer_nudge_v1,subj_01866,BMS Institute of Technology,True,v2.1,False,False,True,2026-09-12T09:00:00+05:30,control,True,False,False,False,False,1
exp_offer_nudge_v1,subj_01867,PES University,True,v2.1,False,False,True,2026-09-12T09:00:00+05:30,treatment,True,False,True,False,False,2
exp_offer_nudge_v1,subj_01868,RV College of Engineering,True,v2.1,False,False,True,2026-09-12T09:00:00+05:30,control,True,False,False,False,False,1
exp_offer_nudge_v1,subj_01869,CMR Institute of Technology,True,v2.1,False,False,True,2026-09-12T09:00:00+05:30,control,True,False,False,False,False,1
exp_offer_nudge_v1,subj_01870,New Horizon College of Engineering,True,v2.1,False,False,True,2026-09-12T09:00:00+05:30,control,True,False,False,False,False,1
exp_offer_nudge_v1,subj_01871,Dayananda Sagar College of Engineering,True,v2.1,False,False,False,2026-09-12T09:00:00+05:30,excluded,False,False,False,False,False,0
exp_offer_nudge_v1,subj_01872,BMS Institute of Technology,False,,False,False,False,2026-09-12T09:00:00+05:30,excluded,False,False,False,False,False,0
exp_offer_nudge_v1,subj_01873,PES University,True,v2.1,False,False,True,2026-09-12T09:00:00+05:30,treatment,True,False,False,False,False,1
exp_offer_nudge_v1,subj_01874,RV College of Engineering,True,v2.1,False,False,True,2026-09-12T09:00:00+05:30,treatment,True,False,True,True,True,4
exp_offer_nudge_v1,subj_01875,CMR Institute of Technology,True,v2.1,False,False,True,2026-09-12T09:00:00+05:30,treatment,True,False,False,False,False,1
exp_offer_nudge_v1,subj_01876,New Horizon College of Engineering,True,v2.1,False,False,True,2026-09-12T09:00:00+05:30,control,True,False,False,False,False,1
exp_offer_nudge_v1,subj_01877,Dayananda Sagar College of Engineering,True,v2.1,False,False,False,2026-09-12T09:00:00+05:30,excluded,False,False,False,False,False,0
exp_offer_nudge_v1,subj_01878,BMS Institute of Technology,False,,False,False,False,2026-09-12T09:00:00+05:30,excluded,False,False,False,False,False,0
exp_offer_nudge_v1,subj_01879,PES University,True,v2.1,False,False,True,2026-09-12T09:00:00+05:30,control,True,True,False,False,False,2
exp_offer_nudge_v1,subj_01880,RV College of Engineering,True,v2.1,False,False,False,2026-09-12T09:00:00+05:30,excluded,False,False,False,False,False,0
exp_offer_nudge_v1,subj_01881,CMR Institute of Technology,True,v2.1,False,False,False,2026-09-12T09:00:00+05:30,excluded,False,False,False,False,False,0
exp_offer_nudge_v1,subj_01882,New Horizon College of Engineering,True,v2.1,False,True,False,2026-09-12T09:00:00+05:30,excluded,False,False,False,False,False,0
exp_offer_nudge_v1,subj_01883,Dayananda Sagar College of Engineering,True,v2.1,False,False,True,2026-09-12T09:00:00+05:30,control,True,True,False,False,False,2
exp_offer_nudge_v1,subj_01884,BMS Institute of Technology,True,v2.1,False,False,True,2026-09-12T09:00:00+05:30,treatment,True,True,False,False,False,2
exp_offer_nudge_v1,subj_01885,PES University,True,v2.1,False,False,True,2026-09-12T09:00:00+05:30,control,True,False,False,False,False,1
exp_offer_nudge_v1,subj_01886,RV College of Engineering,False,,False,False,False,2026-09-12T09:00:00+05:30,excluded,False,False,False,False,False,0
exp_offer_nudge_v1,subj_01887,CMR Institute of Technology,True,v2.1,False,False,True,2026-09-12T09:00:00+05:30,treatment,True,False,True,True,False,3
exp_offer_nudge_v1,subj_01888,New Horizon College of Engineering,True,v2.1,False,False,True,2026-09-12T09:00:00+05:30,control,True,True,False,False,False,2
exp_offer_nudge_v1,subj_01889,Dayananda Sagar College of Engineering,True,v2.1,False,False,True,2026-09-12T09:00:00+05:30,treatment,True,False,False,False,False,1
exp_offer_nudge_v1,subj_01890,BMS Institute of Technology,True,v2.1,False,False,True,2026-09-12T09:00:00+05:30,treatment,True,True,False,False,False,2
exp_offer_nudge_v1,subj_01891,PES University,True,v2.1,False,False,True,2026-09-12T09:00:00+05:30,control,True,False,False,False,False,1
exp_offer_nudge_v1,subj_01892,RV College of Engineering,True,v2.1,False,False,False,2026-09-12T09:00:00+05:30,excluded,False,False,False,False,False,0
exp_offer_nudge_v1,subj_01893,CMR Institute of Technology,True,v2.1,False,False,True,2026-09-12T09:00:00+05:30,treatment,True,False,False,False,False,1
exp_offer_nudge_v1,subj_01894,New Horizon College of Engineering,True,v2.1,False,False,True,2026-09-12T09:00:00+05:30,control,True,False,True,False,False,2
exp_offer_nudge_v1,subj_01895,Dayananda Sagar College of Engineering,True,v2.1,False,False,False,2026-09-12T09:00:00+05:30,excluded,False,False,False,False,False,0
exp_offer_nudge_v1,subj_01896,BMS Institute of Technology,True,v2.1,False,False,True,2026-09-12T09:00:00+05:30,treatment,True,False,True,True,False,3
exp_offer_nudge_v1,subj_01897,PES University,True,v2.1,False,False,True,2026-09-12T09:00:00+05:30,treatment,True,False,True,True,False,3
exp_offer_nudge_v1,subj_01898,RV College of Engineering,False,,False,False,False,2026-09-12T09:00:00+05:30,excluded,False,False,False,False,False,0
exp_offer_nudge_v1,subj_01899,CMR Institute of Technology,True,v2.1,False,False,False,2026-09-12T09:00:00+05:30,excluded,False,False,False,False,False,0
exp_offer_nudge_v1,subj_01900,New Horizon College of Engineering,True,v2.1,False,False,True,2026-09-12T09:00:00+05:30,treatment,True,False,False,False,False,1
exp_offer_nudge_v1,subj_01901,Dayananda Sagar College of Engineering,True,v2.1,False,False,True,2026-09-12T09:00:00+05:30,treatment,True,False,False,False,False,1
exp_offer_nudge_v1,subj_01902,BMS Institute of Technology,True,v2.1,False,True,False,2026-09-12T09:00:00+05:30,excluded,False,False,False,False,False,0
exp_offer_nudge_v1,subj_01903,PES University,True,v2.1,False,False,True,2026-09-12T09:00:00+05:30,treatment,True,False,False,False,False,1
exp_offer_nudge_v1,subj_01904,RV College of Engineering,True,v2.1,False,False,True,2026-09-12T09:00:00+05:30,control,True,True,False,False,False,2
exp_offer_nudge_v1,subj_01905,CMR Institute of Technology,True,v2.1,False,False,False,2026-09-12T09:00:00+05:30,excluded,False,False,False,False,False,0
exp_offer_nudge_v1,subj_01906,New Horizon College of Engineering,True,v2.1,False,False,True,2026-09-12T09:00:00+05:30,control,True,True,False,False,False,2
exp_offer_nudge_v1,subj_01907,Dayananda Sagar College of Engineering,True,v2.1,False,False,True,2026-09-12T09:00:00+05:30,treatment,True,False,False,False,False,1
exp_offer_nudge_v1,subj_01908,BMS Institute of Technology,True,v2.1,False,False,False,2026-09-12T09:00:00+05:30,excluded,False,False,False,False,False,0
exp_offer_nudge_v1,subj_01909,PES University,True,v2.1,False,False,True,2026-09-12T09:00:00+05:30,control,True,True,True,True,True,5
exp_offer_nudge_v1,subj_01910,RV College of Engineering,True,v2.1,False,False,True,2026-09-12T09:00:00+05:30,control,True,False,False,False,False,1
exp_offer_nudge_v1,subj_01911,CMR Institute of Technology,True,v2.1,False,False,True,2026-09-12T09:00:00+05:30,control,True,False,False,False,False,1
exp_offer_nudge_v1,subj_01912,New Horizon College of Engineering,True,v2.1,False,False,True,2026-09-12T09:00:00+05:30,control,True,False,False,False,False,1
exp_offer_nudge_v1,subj_01913,Dayananda Sagar College of Engineering,True,v2.1,False,False,True,2026-09-12T09:00:00+05:30,treatment,True,False,True,True,False,3
exp_offer_nudge_v1,subj_01914,BMS Institute of Technology,True,v2.1,False,False,True,2026-09-12T09:00:00+05:30,control,True,True,False,False,False,2
exp_offer_nudge_v1,subj_01915,PES University,True,v2.1,False,False,False,2026-09-12T09:00:00+05:30,excluded,False,False,False,False,False,0
exp_offer_nudge_v1,subj_01916,RV College of Engineering,True,v2.1,False,False,True,2026-09-12T09:00:00+05:30,treatment,True,True,False,False,False,2
exp_offer_nudge_v1,subj_01917,CMR Institute of Technology,True,v2.1,False,False,True,2026-09-12T09:00:00+05:30,control,True,False,False,False,False,1
exp_offer_nudge_v1,subj_01918,New Horizon College of Engineering,True,v2.1,False,False,True,2026-09-12T09:00:00+05:30,treatment,True,True,False,False,False,2
exp_offer_nudge_v1,subj_01919,Dayananda Sagar College of Engineering,True,v2.1,False,False,False,2026-09-12T09:00:00+05:30,excluded,False,False,False,False,False,0
exp_offer_nudge_v1,subj_01920,BMS Institute of Technology,True,v2.1,False,False,True,2026-09-12T09:00:00+05:30,control,True,True,False,False,False,2
exp_offer_nudge_v1,subj_01921,PES University,True,v2.1,False,False,True,2026-09-12T09:00:00+05:30,control,True,True,False,False,False,2
exp_offer_nudge_v1,subj_01922,RV College of Engineering,True,v2.1,False,False,True,2026-09-12T09:00:00+05:30,excluded,False,False,False,False,False,0
exp_offer_nudge_v1,subj_01923,CMR Institute of Technology,True,v2.1,False,False,True,2026-09-12T09:00:00+05:30,treatment,True,False,False,False,False,1
exp_offer_nudge_v1,subj_01924,New Horizon College of Engineering,True,v2.1,False,False,True,2026-09-12T09:00:00+05:30,control,True,True,False,False,False,2
exp_offer_nudge_v1,subj_01925,Dayananda Sagar College of Engineering,True,v2.1,False,False,True,2026-09-12T09:00:00+05:30,control,True,False,False,False,False,1
exp_offer_nudge_v1,subj_01926,BMS Institute of Technology,True,v2.1,False,False,True,2026-09-12T09:00:00+05:30,control,True,False,False,False,False,1
exp_offer_nudge_v1,subj_01927,PES University,True,v2.1,False,False,True,2026-09-12T09:00:00+05:30,control,True,False,False,False,False,1
exp_offer_nudge_v1,subj_01928,RV College of Engineering,True,v2.1,False,False,True,2026-09-12T09:00:00+05:30,control,True,True,False,False,False,2
exp_offer_nudge_v1,subj_01929,CMR Institute of Technology,True,v2.1,False,False,False,2026-09-12T09:00:00+05:30,excluded,False,False,False,False,False,0
exp_offer_nudge_v1,subj_01930,New Horizon College of Engineering,True,v2.1,False,False,True,2026-09-12T09:00:00+05:30,control,True,False,False,False,False,1
exp_offer_nudge_v1,subj_01931,Dayananda Sagar College of Engineering,True,v2.1,False,False,True,2026-09-12T09:00:00+05:30,control,True,True,False,False,False,2
exp_offer_nudge_v1,subj_01932,BMS Institute of Technology,True,v2.1,False,False,False,2026-09-12T09:00:00+05:30,excluded,False,False,False,False,False,0
exp_offer_nudge_v1,subj_01933,PES University,True,v2.1,False,False,True,2026-09-12T09:00:00+05:30,treatment,True,False,False,False,False,1
exp_offer_nudge_v1,subj_01934,RV College of Engineering,True,v2.1,False,False,True,2026-09-12T09:00:00+05:30,control,True,True,False,False,False,2
exp_offer_nudge_v1,subj_01935,CMR Institute of Technology,False,,False,False,False,2026-09-12T09:00:00+05:30,excluded,False,False,False,False,False,0
exp_offer_nudge_v1,subj_01936,New Horizon College of Engineering,True,v2.1,False,False,True,2026-09-12T09:00:00+05:30,treatment,True,False,False,False,False,1
exp_offer_nudge_v1,subj_01937,Dayananda Sagar College of Engineering,True,v2.1,False,True,False,2026-09-12T09:00:00+05:30,excluded,False,False,False,False,False,0
exp_offer_nudge_v1,subj_01938,BMS Institute of Technology,True,v2.1,True,False,False,2026-09-12T09:00:00+05:30,excluded,False,False,False,False,False,0
exp_offer_nudge_v1,subj_01939,PES University,True,v2.1,False,False,True,2026-09-12T09:00:00+05:30,treatment,True,True,False,False,False,2
exp_offer_nudge_v1,subj_01940,RV College of Engineering,True,v2.1,False,False,True,2026-09-12T09:00:00+05:30,treatment,True,False,False,False,False,1
exp_offer_nudge_v1,subj_01941,CMR Institute of Technology,True,v2.1,False,False,True,2026-09-12T09:00:00+05:30,control,True,True,False,False,False,2
exp_offer_nudge_v1,subj_01942,New Horizon College of Engineering,True,v2.1,False,False,True,2026-09-12T09:00:00+05:30,treatment,True,False,False,False,False,1
exp_offer_nudge_v1,subj_01943,Dayananda Sagar College of Engineering,True,v2.1,False,False,True,2026-09-12T09:00:00+05:30,treatment,True,True,False,False,False,2
exp_offer_nudge_v1,subj_01944,BMS Institute of Technology,True,v2.1,False,False,True,2026-09-12T09:00:00+05:30,treatment,True,True,False,False,False,2
exp_offer_nudge_v1,subj_01945,PES University,True,v2.1,False,False,True,2026-09-12T09:00:00+05:30,control,True,True,True,True,True,5
exp_offer_nudge_v1,subj_01946,RV College of Engineering,True,v2.1,False,False,True,2026-09-12T09:00:00+05:30,treatment,True,False,False,False,False,1
exp_offer_nudge_v1,subj_01947,CMR Institute of Technology,True,v2.1,False,False,True,2026-09-12T09:00:00+05:30,control,True,False,False,False,False,1
exp_offer_nudge_v1,subj_01948,New Horizon College of Engineering,True,v2.1,False,False,True,2026-09-12T09:00:00+05:30,control,True,False,False,False,False,1
exp_offer_nudge_v1,subj_01949,Dayananda Sagar College of Engineering,True,v2.1,False,False,True,2026-09-12T09:00:00+05:30,control,True,False,True,True,False,3
exp_offer_nudge_v1,subj_01950,BMS Institute of Technology,False,,False,False,False,2026-09-12T09:00:00+05:30,excluded,False,False,False,False,False,0
exp_offer_nudge_v1,subj_01951,PES University,True,v2.1,False,False,True,2026-09-12T09:00:00+05:30,treatment,True,False,False,False,False,1
exp_offer_nudge_v1,subj_01952,RV College of Engineering,True,v2.1,False,False,True,2026-09-12T09:00:00+05:30,treatment,True,False,False,False,False,1
exp_offer_nudge_v1,subj_01953,CMR Institute of Technology,True,v2.1,False,True,False,2026-09-12T09:00:00+05:30,excluded,False,False,False,False,False,0
exp_offer_nudge_v1,subj_01954,New Horizon College of Engineering,True,v2.1,False,False,True,2026-09-12T09:00:00+05:30,treatment,True,True,True,False,False,3
exp_offer_nudge_v1,subj_01955,Dayananda Sagar College of Engineering,True,v2.1,False,False,True,2026-09-12T09:00:00+05:30,treatment,True,False,False,False,False,1
exp_offer_nudge_v1,subj_01956,BMS Institute of Technology,True,v2.1,False,False,True,2026-09-12T09:00:00+05:30,control,True,False,True,True,False,3
exp_offer_nudge_v1,subj_01957,PES University,True,v2.1,False,False,True,2026-09-12T09:00:00+05:30,control,True,True,False,False,False,2
exp_offer_nudge_v1,subj_01958,RV College of Engineering,True,v2.1,False,False,True,2026-09-12T09:00:00+05:30,control,True,True,True,True,True,5
exp_offer_nudge_v1,subj_01959,CMR Institute of Technology,True,v2.1,False,False,False,2026-09-12T09:00:00+05:30,excluded,False,False,False,False,False,0
exp_offer_nudge_v1,subj_01960,New Horizon College of Engineering,True,v2.1,False,False,True,2026-09-12T09:00:00+05:30,treatment,True,True,False,False,False,2
exp_offer_nudge_v1,subj_01961,Dayananda Sagar College of Engineering,True,v2.1,False,True,False,2026-09-12T09:00:00+05:30,excluded,False,False,False,False,False,0
exp_offer_nudge_v1,subj_01962,BMS Institute of Technology,True,v2.1,False,False,True,2026-09-12T09:00:00+05:30,treatment,True,True,False,False,False,2
exp_offer_nudge_v1,subj_01963,PES University,True,v2.1,False,False,True,2026-09-12T09:00:00+05:30,treatment,True,False,True,True,True,4
exp_offer_nudge_v1,subj_01964,RV College of Engineering,False,,False,False,False,2026-09-12T09:00:00+05:30,excluded,False,False,False,False,False,0
exp_offer_nudge_v1,subj_01965,CMR Institute of Technology,True,v2.1,False,False,True,2026-09-12T09:00:00+05:30,treatment,True,False,False,False,False,1
exp_offer_nudge_v1,subj_01966,New Horizon College of Engineering,False,,False,False,False,2026-09-12T09:00:00+05:30,excluded,False,False,False,False,False,0
exp_offer_nudge_v1,subj_01967,Dayananda Sagar College of Engineering,True,v2.1,False,False,True,2026-09-12T09:00:00+05:30,control,True,False,False,False,False,1
exp_offer_nudge_v1,subj_01968,BMS Institute of Technology,True,v2.1,False,False,True,2026-09-12T09:00:00+05:30,control,True,False,False,False,False,1
exp_offer_nudge_v1,subj_01969,PES University,True,v2.1,False,False,True,2026-09-12T09:00:00+05:30,control,True,False,False,False,False,1
exp_offer_nudge_v1,subj_01970,RV College of Engineering,True,v2.1,False,False,True,2026-09-12T09:00:00+05:30,control,True,True,False,False,False,2
exp_offer_nudge_v1,subj_01971,CMR Institute of Technology,True,v2.1,False,False,True,2026-09-12T09:00:00+05:30,treatment,True,False,False,False,False,1
exp_offer_nudge_v1,subj_01972,New Horizon College of Engineering,True,v2.1,False,False,False,2026-09-12T09:00:00+05:30,excluded,False,False,False,False,False,0
exp_offer_nudge_v1,subj_01973,Dayananda Sagar College of Engineering,True,v2.1,False,False,True,2026-09-12T09:00:00+05:30,treatment,True,False,True,False,False,2
exp_offer_nudge_v1,subj_01974,BMS Institute of Technology,True,v2.1,False,False,True,2026-09-12T09:00:00+05:30,control,True,False,True,False,False,2
exp_offer_nudge_v1,subj_01975,PES University,True,v2.1,False,False,True,2026-09-12T09:00:00+05:30,treatment,True,False,False,False,False,1
exp_offer_nudge_v1,subj_01976,RV College of Engineering,True,v2.1,False,False,True,2026-09-12T09:00:00+05:30,treatment,True,False,False,False,False,1
exp_offer_nudge_v1,subj_01977,CMR Institute of Technology,True,v2.1,False,False,True,2026-09-12T09:00:00+05:30,control,True,False,True,True,False,3
exp_offer_nudge_v1,subj_01978,New Horizon College of Engineering,True,v2.1,False,False,True,2026-09-12T09:00:00+05:30,treatment,True,True,True,True,True,5
exp_offer_nudge_v1,subj_01979,Dayananda Sagar College of Engineering,True,v2.1,False,False,True,2026-09-12T09:00:00+05:30,treatment,True,False,False,False,False,1
exp_offer_nudge_v1,subj_01980,BMS Institute of Technology,True,v2.1,False,False,True,2026-09-12T09:00:00+05:30,treatment,True,True,False,False,False,2
exp_offer_nudge_v1,subj_01981,PES University,True,v2.1,True,False,False,2026-09-12T09:00:00+05:30,excluded,False,False,False,False,False,0
exp_offer_nudge_v1,subj_01982,RV College of Engineering,True,v2.1,False,False,True,2026-09-12T09:00:00+05:30,control,True,False,False,False,False,1
exp_offer_nudge_v1,subj_01983,CMR Institute of Technology,True,v2.1,False,False,True,2026-09-12T09:00:00+05:30,treatment,True,False,False,False,False,1
exp_offer_nudge_v1,subj_01984,New Horizon College of Engineering,True,v2.1,False,False,False,2026-09-12T09:00:00+05:30,excluded,False,False,False,False,False,0
exp_offer_nudge_v1,subj_01985,Dayananda Sagar College of Engineering,True,v2.1,False,False,True,2026-09-12T09:00:00+05:30,treatment,True,False,False,False,False,1
exp_offer_nudge_v1,subj_01986,BMS Institute of Technology,True,v2.1,False,False,True,2026-09-12T09:00:00+05:30,treatment,True,False,False,False,False,1
exp_offer_nudge_v1,subj_01987,PES University,True,v2.1,False,False,True,2026-09-12T09:00:00+05:30,control,True,False,False,False,False,1
exp_offer_nudge_v1,subj_01988,RV College of Engineering,True,v2.1,False,False,True,2026-09-12T09:00:00+05:30,control,True,False,False,False,False,1
exp_offer_nudge_v1,subj_01989,CMR Institute of Technology,True,v2.1,False,False,False,2026-09-12T09:00:00+05:30,excluded,False,False,False,False,False,0
exp_offer_nudge_v1,subj_01990,New Horizon College of Engineering,True,v2.1,False,False,True,2026-09-12T09:00:00+05:30,treatment,True,False,False,False,False,1
exp_offer_nudge_v1,subj_01991,Dayananda Sagar College of Engineering,True,v2.1,False,False,True,2026-09-12T09:00:00+05:30,treatment,True,False,False,False,False,1
exp_offer_nudge_v1,subj_01992,BMS Institute of Technology,True,v2.1,True,False,False,2026-09-12T09:00:00+05:30,excluded,False,False,False,False,False,0
exp_offer_nudge_v1,subj_01993,PES University,True,v2.1,False,False,True,2026-09-12T09:00:00+05:30,treatment,True,True,False,False,False,2
exp_offer_nudge_v1,subj_01994,RV College of Engineering,True,v2.1,False,False,True,2026-09-12T09:00:00+05:30,control,True,False,True,True,False,3
exp_offer_nudge_v1,subj_01995,CMR Institute of Technology,True,v2.1,False,False,True,2026-09-12T09:00:00+05:30,treatment,True,False,False,False,False,1
exp_offer_nudge_v1,subj_01996,New Horizon College of Engineering,True,v2.1,False,False,False,2026-09-12T09:00:00+05:30,excluded,False,False,False,False,False,0
exp_offer_nudge_v1,subj_01997,Dayananda Sagar College of Engineering,True,v2.1,False,False,True,2026-09-12T09:00:00+05:30,treatment,True,True,False,False,False,2
exp_offer_nudge_v1,subj_01998,BMS Institute of Technology,True,v2.1,False,False,True,2026-09-12T09:00:00+05:30,control,True,False,False,False,False,1
exp_offer_nudge_v1,subj_01999,PES University,True,v2.1,False,False,True,2026-09-12T09:00:00+05:30,treatment,True,False,True,False,False,2
exp_offer_nudge_v1,subj_02000,RV College of Engineering,True,v2.1,False,False,True,2026-09-12T09:00:00+05:30,treatment,True,False,False,False,False,1
exp_offer_nudge_v1,subj_02001,CMR Institute of Technology,True,v2.1,False,False,True,2026-09-12T09:00:00+05:30,treatment,True,True,False,False,False,2
exp_offer_nudge_v1,subj_02002,New Horizon College of Engineering,True,v2.1,False,False,True,2026-09-12T09:00:00+05:30,control,True,True,False,False,False,2
exp_offer_nudge_v1,subj_02003,Dayananda Sagar College of Engineering,True,v2.1,False,False,True,2026-09-12T09:00:00+05:30,treatment,True,False,False,False,False,1
exp_offer_nudge_v1,subj_02004,BMS Institute of Technology,True,v2.1,False,False,True,2026-09-12T09:00:00+05:30,treatment,True,False,False,False,False,1
exp_offer_nudge_v1,subj_02005,PES University,True,v2.1,False,False,True,2026-09-12T09:00:00+05:30,control,True,False,False,False,False,1
exp_offer_nudge_v1,subj_02006,RV College of Engineering,True,v2.1,False,False,True,2026-09-12T09:00:00+05:30,control,True,False,False,False,False,1
exp_offer_nudge_v1,subj_02007,CMR Institute of Technology,True,v2.1,False,False,True,2026-09-12T09:00:00+05:30,treatment,True,False,True,True,True,4
exp_offer_nudge_v1,subj_02008,New Horizon College of Engineering,True,v2.1,False,False,True,2026-09-12T09:00:00+05:30,control,True,False,True,False,False,2
exp_offer_nudge_v1,subj_02009,Dayananda Sagar College of Engineering,True,v2.1,False,False,True,2026-09-12T09:00:00+05:30,control,True,False,False,False,False,1
exp_offer_nudge_v1,subj_02010,BMS Institute of Technology,True,v2.1,False,False,True,2026-09-12T09:00:00+05:30,treatment,True,False,False,False,False,1
exp_offer_nudge_v1,subj_02011,PES University,True,v2.1,False,False,True,2026-09-12T09:00:00+05:30,treatment,True,False,False,False,False,1
exp_offer_nudge_v1,subj_02012,RV College of Engineering,True,v2.1,False,False,True,2026-09-12T09:00:00+05:30,control,True,True,False,False,False,2
exp_offer_nudge_v1,subj_02013,CMR Institute of Technology,True,v2.1,False,False,True,2026-09-12T09:00:00+05:30,treatment,True,False,False,False,False,1
exp_offer_nudge_v1,subj_02014,New Horizon College of Engineering,True,v2.1,False,False,True,2026-09-12T09:00:00+05:30,treatment,True,True,False,False,False,2
exp_offer_nudge_v1,subj_02015,Dayananda Sagar College of Engineering,True,v2.1,False,False,True,2026-09-12T09:00:00+05:30,control,True,False,False,False,False,1
exp_offer_nudge_v1,subj_02016,BMS Institute of Technology,True,v2.1,False,False,True,2026-09-12T09:00:00+05:30,treatment,True,False,False,False,False,1
exp_offer_nudge_v1,subj_02017,PES University,True,v2.1,False,False,True,2026-09-12T09:00:00+05:30,treatment,True,False,False,False,False,1
exp_offer_nudge_v1,subj_02018,RV College of Engineering,True,v2.1,False,False,True,2026-09-12T09:00:00+05:30,control,True,True,False,False,False,2
exp_offer_nudge_v1,subj_02019,CMR Institute of Technology,True,v2.1,False,False,True,2026-09-12T09:00:00+05:30,control,True,False,False,False,False,1
exp_offer_nudge_v1,subj_02020,New Horizon College of Engineering,True,v2.1,False,False,True,2026-09-12T09:00:00+05:30,treatment,True,False,True,False,False,2
exp_offer_nudge_v1,subj_02021,Dayananda Sagar College of Engineering,True,v2.1,False,False,True,2026-09-12T09:00:00+05:30,treatment,True,False,False,False,False,1
exp_offer_nudge_v1,subj_02022,BMS Institute of Technology,True,v2.1,False,False,True,2026-09-12T09:00:00+05:30,control,True,True,True,False,False,3
exp_offer_nudge_v1,subj_02023,PES University,True,v2.1,False,False,False,2026-09-12T09:00:00+05:30,excluded,False,False,False,False,False,0
exp_offer_nudge_v1,subj_02024,RV College of Engineering,True,v2.1,False,False,True,2026-09-12T09:00:00+05:30,treatment,True,True,True,False,False,3
exp_offer_nudge_v1,subj_02025,CMR Institute of Technology,True,v2.1,False,False,True,2026-09-12T09:00:00+05:30,control,True,False,False,False,False,1
exp_offer_nudge_v1,subj_02026,New Horizon College of Engineering,True,v2.1,False,False,True,2026-09-12T09:00:00+05:30,control,True,True,False,False,False,2
exp_offer_nudge_v1,subj_02027,Dayananda Sagar College of Engineering,True,v2.1,False,False,True,2026-09-12T09:00:00+05:30,control,True,False,True,False,False,2
exp_offer_nudge_v1,subj_02028,BMS Institute of Technology,True,v2.1,False,False,True,2026-09-12T09:00:00+05:30,treatment,True,False,True,True,False,3
exp_offer_nudge_v1,subj_02029,PES University,True,v2.1,False,False,False,2026-09-12T09:00:00+05:30,excluded,False,False,False,False,False,0
exp_offer_nudge_v1,subj_02030,RV College of Engineering,True,v2.1,False,False,True,2026-09-12T09:00:00+05:30,treatment,True,False,True,False,False,2
exp_offer_nudge_v1,subj_02031,CMR Institute of Technology,True,v2.1,False,False,True,2026-09-12T09:00:00+05:30,treatment,True,True,False,False,False,2
exp_offer_nudge_v1,subj_02032,New Horizon College of Engineering,True,v2.1,False,False,True,2026-09-12T09:00:00+05:30,control,True,False,False,False,False,1
exp_offer_nudge_v1,subj_02033,Dayananda Sagar College of Engineering,True,v2.1,False,False,True,2026-09-12T09:00:00+05:30,treatment,True,False,False,False,False,1
exp_offer_nudge_v1,subj_02034,BMS Institute of Technology,True,v2.1,False,False,False,2026-09-12T09:00:00+05:30,excluded,False,False,False,False,False,0
exp_offer_nudge_v1,subj_02035,PES University,True,v2.1,False,False,True,2026-09-12T09:00:00+05:30,treatment,True,True,True,False,False,3
exp_offer_nudge_v1,subj_02036,RV College of Engineering,False,,False,False,False,2026-09-12T09:00:00+05:30,excluded,False,False,False,False,False,0
exp_offer_nudge_v1,subj_02037,CMR Institute of Technology,True,v2.1,False,False,True,2026-09-12T09:00:00+05:30,control,True,False,False,False,False,1
exp_offer_nudge_v1,subj_02038,New Horizon College of Engineering,True,v2.1,False,False,True,2026-09-12T09:00:00+05:30,treatment,True,False,False,False,False,1
exp_offer_nudge_v1,subj_02039,Dayananda Sagar College of Engineering,False,,False,False,False,2026-09-12T09:00:00+05:30,excluded,False,False,False,False,False,0
exp_offer_nudge_v1,subj_02040,BMS Institute of Technology,True,v2.1,False,False,False,2026-09-12T09:00:00+05:30,excluded,False,False,False,False,False,0
exp_offer_nudge_v1,subj_02041,PES University,True,v2.1,True,False,False,2026-09-12T09:00:00+05:30,excluded,False,False,False,False,False,0
exp_offer_nudge_v1,subj_02042,RV College of Engineering,True,v2.1,False,False,False,2026-09-12T09:00:00+05:30,excluded,False,False,False,False,False,0
exp_offer_nudge_v1,subj_02043,CMR Institute of Technology,True,v2.1,False,False,True,2026-09-12T09:00:00+05:30,control,True,False,False,False,False,1
exp_offer_nudge_v1,subj_02044,New Horizon College of Engineering,True,v2.1,False,False,True,2026-09-12T09:00:00+05:30,control,True,False,True,True,True,4
exp_offer_nudge_v1,subj_02045,Dayananda Sagar College of Engineering,True,v2.1,False,False,True,2026-09-12T09:00:00+05:30,control,True,False,False,False,False,1
exp_offer_nudge_v1,subj_02046,BMS Institute of Technology,False,,False,False,False,2026-09-12T09:00:00+05:30,excluded,False,False,False,False,False,0
exp_offer_nudge_v1,subj_02047,PES University,True,v2.1,False,False,False,2026-09-12T09:00:00+05:30,excluded,False,False,False,False,False,0
exp_offer_nudge_v1,subj_02048,RV College of Engineering,True,v2.1,False,False,True,2026-09-12T09:00:00+05:30,treatment,True,True,False,False,False,2
exp_offer_nudge_v1,subj_02049,CMR Institute of Technology,True,v2.1,False,False,True,2026-09-12T09:00:00+05:30,treatment,True,False,False,False,False,1
exp_offer_nudge_v1,subj_02050,New Horizon College of Engineering,True,v2.1,False,False,True,2026-09-12T09:00:00+05:30,treatment,True,True,False,False,False,2
exp_offer_nudge_v1,subj_02051,Dayananda Sagar College of Engineering,True,v2.1,False,False,True,2026-09-12T09:00:00+05:30,control,True,False,False,False,False,1
exp_offer_nudge_v1,subj_02052,BMS Institute of Technology,True,v2.1,False,False,True,2026-09-12T09:00:00+05:30,control,True,True,True,False,False,3
exp_offer_nudge_v1,subj_02053,PES University,True,v2.1,False,False,True,2026-09-12T09:00:00+05:30,control,True,True,False,False,False,2
exp_offer_nudge_v1,subj_02054,RV College of Engineering,True,v2.1,False,False,True,2026-09-12T09:00:00+05:30,control,True,False,False,False,False,1
exp_offer_nudge_v1,subj_02055,CMR Institute of Technology,True,v2.1,False,False,True,2026-09-12T09:00:00+05:30,control,True,False,False,False,False,1
exp_offer_nudge_v1,subj_02056,New Horizon College of Engineering,True,v2.1,False,False,True,2026-09-12T09:00:00+05:30,treatment,True,True,False,False,False,2
exp_offer_nudge_v1,subj_02057,Dayananda Sagar College of Engineering,True,v2.1,False,False,True,2026-09-12T09:00:00+05:30,treatment,True,True,False,False,False,2
exp_offer_nudge_v1,subj_02058,BMS Institute of Technology,True,v2.1,False,False,True,2026-09-12T09:00:00+05:30,control,True,True,False,False,False,2
exp_offer_nudge_v1,subj_02059,PES University,True,v2.1,False,False,True,2026-09-12T09:00:00+05:30,treatment,True,True,False,False,False,2
exp_offer_nudge_v1,subj_02060,RV College of Engineering,True,v2.1,True,False,False,2026-09-12T09:00:00+05:30,excluded,False,False,False,False,False,0
exp_offer_nudge_v1,subj_02061,CMR Institute of Technology,True,v2.1,False,False,True,2026-09-12T09:00:00+05:30,treatment,True,False,False,False,False,1
exp_offer_nudge_v1,subj_02062,New Horizon College of Engineering,True,v2.1,False,False,True,2026-09-12T09:00:00+05:30,control,True,True,False,False,False,2
exp_offer_nudge_v1,subj_02063,Dayananda Sagar College of Engineering,True,v2.1,False,False,True,2026-09-12T09:00:00+05:30,treatment,True,False,False,False,False,1
exp_offer_nudge_v1,subj_02064,BMS Institute of Technology,True,v2.1,False,False,False,2026-09-12T09:00:00+05:30,excluded,False,False,False,False,False,0
exp_offer_nudge_v1,subj_02065,PES University,True,v2.1,False,False,True,2026-09-12T09:00:00+05:30,control,True,False,False,False,False,1
exp_offer_nudge_v1,subj_02066,RV College of Engineering,True,v2.1,False,False,True,2026-09-12T09:00:00+05:30,control,True,False,True,False,False,2
exp_offer_nudge_v1,subj_02067,CMR Institute of Technology,True,v2.1,False,False,True,2026-09-12T09:00:00+05:30,control,True,True,True,True,False,4
exp_offer_nudge_v1,subj_02068,New Horizon College of Engineering,True,v2.1,False,False,True,2026-09-12T09:00:00+05:30,control,True,False,False,False,False,1
exp_offer_nudge_v1,subj_02069,Dayananda Sagar College of Engineering,True,v2.1,False,False,True,2026-09-12T09:00:00+05:30,treatment,True,True,False,False,False,2
exp_offer_nudge_v1,subj_02070,BMS Institute of Technology,True,v2.1,False,False,True,2026-09-12T09:00:00+05:30,treatment,True,False,False,False,False,1
exp_offer_nudge_v1,subj_02071,PES University,True,v2.1,False,False,True,2026-09-12T09:00:00+05:30,treatment,True,False,False,False,False,1
exp_offer_nudge_v1,subj_02072,RV College of Engineering,True,v2.1,False,False,True,2026-09-12T09:00:00+05:30,control,True,True,False,False,False,2
exp_offer_nudge_v1,subj_02073,CMR Institute of Technology,False,,False,True,False,2026-09-12T09:00:00+05:30,excluded,False,False,False,False,False,0
exp_offer_nudge_v1,subj_02074,New Horizon College of Engineering,True,v2.1,False,False,True,2026-09-12T09:00:00+05:30,control,True,False,False,False,False,1
exp_offer_nudge_v1,subj_02075,Dayananda Sagar College of Engineering,True,v2.1,False,False,True,2026-09-12T09:00:00+05:30,treatment,True,False,False,False,False,1
exp_offer_nudge_v1,subj_02076,BMS Institute of Technology,True,v2.1,False,True,False,2026-09-12T09:00:00+05:30,excluded,False,False,False,False,False,0
exp_offer_nudge_v1,subj_02077,PES University,True,v2.1,False,False,True,2026-09-12T09:00:00+05:30,control,True,True,False,False,False,2
exp_offer_nudge_v1,subj_02078,RV College of Engineering,True,v2.1,False,False,True,2026-09-12T09:00:00+05:30,control,True,True,False,False,False,2
exp_offer_nudge_v1,subj_02079,CMR Institute of Technology,True,v2.1,False,False,True,2026-09-12T09:00:00+05:30,treatment,True,False,False,False,False,1
exp_offer_nudge_v1,subj_02080,New Horizon College of Engineering,True,v2.1,False,False,True,2026-09-12T09:00:00+05:30,treatment,True,False,False,False,False,1
exp_offer_nudge_v1,subj_02081,Dayananda Sagar College of Engineering,True,v2.1,False,False,True,2026-09-12T09:00:00+05:30,treatment,True,False,False,False,False,1
exp_offer_nudge_v1,subj_02082,BMS Institute of Technology,True,v2.1,False,False,False,2026-09-12T09:00:00+05:30,excluded,False,False,False,False,False,0
exp_offer_nudge_v1,subj_02083,PES University,True,v2.1,False,False,True,2026-09-12T09:00:00+05:30,treatment,True,True,True,False,False,3
exp_offer_nudge_v1,subj_02084,RV College of Engineering,True,v2.1,False,False,False,2026-09-12T09:00:00+05:30,excluded,False,False,False,False,False,0
exp_offer_nudge_v1,subj_02085,CMR Institute of Technology,True,v2.1,False,False,False,2026-09-12T09:00:00+05:30,excluded,False,False,False,False,False,0
exp_offer_nudge_v1,subj_02086,New Horizon College of Engineering,True,v2.1,False,False,True,2026-09-12T09:00:00+05:30,control,True,False,False,False,False,1
exp_offer_nudge_v1,subj_02087,Dayananda Sagar College of Engineering,True,v2.1,False,False,True,2026-09-12T09:00:00+05:30,treatment,True,False,False,False,False,1
exp_offer_nudge_v1,subj_02088,BMS Institute of Technology,True,v2.1,False,False,True,2026-09-12T09:00:00+05:30,treatment,True,False,True,False,False,2
exp_offer_nudge_v1,subj_02089,PES University,True,v2.1,False,False,True,2026-09-12T09:00:00+05:30,control,True,False,False,False,False,1
exp_offer_nudge_v1,subj_02090,RV College of Engineering,True,v2.1,False,False,True,2026-09-12T09:00:00+05:30,treatment,True,False,False,False,False,1
exp_offer_nudge_v1,subj_02091,CMR Institute of Technology,False,,False,False,False,2026-09-12T09:00:00+05:30,excluded,False,False,False,False,False,0
exp_offer_nudge_v1,subj_02092,New Horizon College of Engineering,True,v2.1,False,False,True,2026-09-12T09:00:00+05:30,treatment,True,False,False,False,False,1
exp_offer_nudge_v1,subj_02093,Dayananda Sagar College of Engineering,True,v2.1,False,False,True,2026-09-12T09:00:00+05:30,control,True,False,True,True,False,3
exp_offer_nudge_v1,subj_02094,BMS Institute of Technology,True,v2.1,False,False,True,2026-09-12T09:00:00+05:30,treatment,True,False,False,False,False,1
exp_offer_nudge_v1,subj_02095,PES University,True,v2.1,False,False,True,2026-09-12T09:00:00+05:30,control,True,True,False,False,False,2
exp_offer_nudge_v1,subj_02096,RV College of Engineering,True,v2.1,False,False,False,2026-09-12T09:00:00+05:30,excluded,False,False,False,False,False,0
exp_offer_nudge_v1,subj_02097,CMR Institute of Technology,True,v2.1,False,False,True,2026-09-12T09:00:00+05:30,treatment,True,True,False,False,False,2
exp_offer_nudge_v1,subj_02098,New Horizon College of Engineering,True,v2.1,False,False,True,2026-09-12T09:00:00+05:30,excluded,False,False,False,False,False,0
exp_offer_nudge_v1,subj_02099,Dayananda Sagar College of Engineering,True,v2.1,False,False,True,2026-09-12T09:00:00+05:30,control,True,True,False,False,False,2
exp_offer_nudge_v1,subj_02100,BMS Institute of Technology,True,v2.1,False,False,False,2026-09-12T09:00:00+05:30,excluded,False,False,False,False,False,0
exp_offer_nudge_v1,subj_02101,PES University,True,v2.1,False,False,False,2026-09-12T09:00:00+05:30,excluded,False,False,False,False,False,0
exp_offer_nudge_v1,subj_02102,RV College of Engineering,False,,False,False,False,2026-09-12T09:00:00+05:30,excluded,False,False,False,False,False,0
exp_offer_nudge_v1,subj_02103,CMR Institute of Technology,True,v2.1,False,False,True,2026-09-12T09:00:00+05:30,control,True,True,False,False,False,2
exp_offer_nudge_v1,subj_02104,New Horizon College of Engineering,True,v2.1,False,False,True,2026-09-12T09:00:00+05:30,control,True,False,False,False,False,1
exp_offer_nudge_v1,subj_02105,Dayananda Sagar College of Engineering,True,v2.1,False,False,True,2026-09-12T09:00:00+05:30,treatment,True,True,True,False,False,3
exp_offer_nudge_v1,subj_02106,BMS Institute of Technology,True,v2.1,False,False,True,2026-09-12T09:00:00+05:30,control,True,False,False,False,False,1
exp_offer_nudge_v1,subj_02107,PES University,True,v2.1,False,False,True,2026-09-12T09:00:00+05:30,treatment,True,False,False,False,False,1
exp_offer_nudge_v1,subj_02108,RV College of Engineering,True,v2.1,False,False,False,2026-09-12T09:00:00+05:30,excluded,False,False,False,False,False,0
exp_offer_nudge_v1,subj_02109,CMR Institute of Technology,True,v2.1,False,False,False,2026-09-12T09:00:00+05:30,excluded,False,False,False,False,False,0
exp_offer_nudge_v1,subj_02110,New Horizon College of Engineering,True,v2.1,False,False,True,2026-09-12T09:00:00+05:30,treatment,True,False,True,True,False,3
exp_offer_nudge_v1,subj_02111,Dayananda Sagar College of Engineering,True,v2.1,False,False,True,2026-09-12T09:00:00+05:30,treatment,True,True,False,False,False,2
exp_offer_nudge_v1,subj_02112,BMS Institute of Technology,True,v2.1,False,False,True,2026-09-12T09:00:00+05:30,treatment,True,False,False,False,False,1
exp_offer_nudge_v1,subj_02113,PES University,True,v2.1,False,False,True,2026-09-12T09:00:00+05:30,treatment,True,False,False,False,False,1
exp_offer_nudge_v1,subj_02114,RV College of Engineering,True,v2.1,False,False,True,2026-09-12T09:00:00+05:30,treatment,True,False,False,False,False,1
exp_offer_nudge_v1,subj_02115,CMR Institute of Technology,True,v2.1,False,False,True,2026-09-12T09:00:00+05:30,treatment,True,False,False,False,False,1
exp_offer_nudge_v1,subj_02116,New Horizon College of Engineering,True,v2.1,False,False,True,2026-09-12T09:00:00+05:30,treatment,True,False,False,False,False,1
exp_offer_nudge_v1,subj_02117,Dayananda Sagar College of Engineering,True,v2.1,False,False,True,2026-09-12T09:00:00+05:30,control,True,False,False,False,False,1
exp_offer_nudge_v1,subj_02118,BMS Institute of Technology,True,v2.1,False,False,True,2026-09-12T09:00:00+05:30,treatment,True,False,False,False,False,1
exp_offer_nudge_v1,subj_02119,PES University,True,v2.1,False,False,True,2026-09-12T09:00:00+05:30,control,True,True,True,True,False,4
exp_offer_nudge_v1,subj_02120,RV College of Engineering,True,v2.1,False,False,True,2026-09-12T09:00:00+05:30,control,True,False,False,False,False,1
exp_offer_nudge_v1,subj_02121,CMR Institute of Technology,True,v2.1,False,False,True,2026-09-12T09:00:00+05:30,control,True,False,False,False,False,1
exp_offer_nudge_v1,subj_02122,New Horizon College of Engineering,True,v2.1,False,False,True,2026-09-12T09:00:00+05:30,control,True,False,False,False,False,1
exp_offer_nudge_v1,subj_02123,Dayananda Sagar College of Engineering,True,v2.1,False,False,True,2026-09-12T09:00:00+05:30,control,True,True,False,False,False,2
exp_offer_nudge_v1,subj_02124,BMS Institute of Technology,True,v2.1,False,False,True,2026-09-12T09:00:00+05:30,treatment,True,True,False,False,False,2
exp_offer_nudge_v1,subj_02125,PES University,True,v2.1,False,False,True,2026-09-12T09:00:00+05:30,treatment,True,True,True,False,False,3
exp_offer_nudge_v1,subj_02126,RV College of Engineering,True,v2.1,False,False,True,2026-09-12T09:00:00+05:30,control,True,False,False,False,False,1
exp_offer_nudge_v1,subj_02127,CMR Institute of Technology,True,v2.1,False,False,True,2026-09-12T09:00:00+05:30,treatment,True,False,False,False,False,1
exp_offer_nudge_v1,subj_02128,New Horizon College of Engineering,True,v2.1,False,False,True,2026-09-12T09:00:00+05:30,treatment,True,False,True,True,True,4
exp_offer_nudge_v1,subj_02129,Dayananda Sagar College of Engineering,True,v2.1,False,False,True,2026-09-12T09:00:00+05:30,treatment,True,True,False,False,False,2
exp_offer_nudge_v1,subj_02130,BMS Institute of Technology,True,v2.1,False,False,True,2026-09-12T09:00:00+05:30,treatment,True,False,True,False,False,2
exp_offer_nudge_v1,subj_02131,PES University,True,v2.1,False,False,True,2026-09-12T09:00:00+05:30,control,True,False,False,False,False,1
exp_offer_nudge_v1,subj_02132,RV College of Engineering,True,v2.1,False,False,True,2026-09-12T09:00:00+05:30,control,True,False,True,False,False,2
exp_offer_nudge_v1,subj_02133,CMR Institute of Technology,True,v2.1,False,False,True,2026-09-12T09:00:00+05:30,treatment,True,False,False,False,False,1
exp_offer_nudge_v1,subj_02134,New Horizon College of Engineering,True,v2.1,False,False,True,2026-09-12T09:00:00+05:30,control,True,False,True,False,False,2
exp_offer_nudge_v1,subj_02135,Dayananda Sagar College of Engineering,True,v2.1,False,False,True,2026-09-12T09:00:00+05:30,treatment,True,True,False,False,False,2
exp_offer_nudge_v1,subj_02136,BMS Institute of Technology,True,v2.1,False,False,True,2026-09-12T09:00:00+05:30,treatment,True,True,False,False,False,2
exp_offer_nudge_v1,subj_02137,PES University,True,v2.1,False,False,True,2026-09-12T09:00:00+05:30,treatment,True,True,False,False,False,2
exp_offer_nudge_v1,subj_02138,RV College of Engineering,True,v2.1,False,False,True,2026-09-12T09:00:00+05:30,treatment,True,False,False,False,False,1
exp_offer_nudge_v1,subj_02139,CMR Institute of Technology,True,v2.1,False,False,True,2026-09-12T09:00:00+05:30,control,True,False,False,False,False,1
exp_offer_nudge_v1,subj_02140,New Horizon College of Engineering,True,v2.1,False,False,False,2026-09-12T09:00:00+05:30,excluded,False,False,False,False,False,0
exp_offer_nudge_v1,subj_02141,Dayananda Sagar College of Engineering,True,v2.1,False,False,True,2026-09-12T09:00:00+05:30,control,True,False,False,False,False,1
exp_offer_nudge_v1,subj_02142,BMS Institute of Technology,True,v2.1,False,False,True,2026-09-12T09:00:00+05:30,treatment,True,False,False,False,False,1
exp_offer_nudge_v1,subj_02143,PES University,True,v2.1,False,False,True,2026-09-12T09:00:00+05:30,control,True,False,False,False,False,1
exp_offer_nudge_v1,subj_02144,RV College of Engineering,True,v2.1,False,False,False,2026-09-12T09:00:00+05:30,excluded,False,False,False,False,False,0
exp_offer_nudge_v1,subj_02145,CMR Institute of Technology,False,,False,False,False,2026-09-12T09:00:00+05:30,excluded,False,False,False,False,False,0
exp_offer_nudge_v1,subj_02146,New Horizon College of Engineering,True,v2.1,False,False,True,2026-09-12T09:00:00+05:30,control,True,False,False,False,False,1
exp_offer_nudge_v1,subj_02147,Dayananda Sagar College of Engineering,True,v2.1,False,False,True,2026-09-12T09:00:00+05:30,treatment,True,False,False,False,False,1
exp_offer_nudge_v1,subj_02148,BMS Institute of Technology,True,v2.1,False,False,True,2026-09-12T09:00:00+05:30,control,True,False,False,False,False,1
exp_offer_nudge_v1,subj_02149,PES University,True,v2.1,False,False,True,2026-09-12T09:00:00+05:30,control,True,False,False,False,False,1
exp_offer_nudge_v1,subj_02150,RV College of Engineering,True,v2.1,False,False,True,2026-09-12T09:00:00+05:30,treatment,True,True,False,False,False,2
exp_offer_nudge_v1,subj_02151,CMR Institute of Technology,True,v2.1,False,False,True,2026-09-12T09:00:00+05:30,control,True,False,False,False,False,1
exp_offer_nudge_v1,subj_02152,New Horizon College of Engineering,True,v2.1,False,False,True,2026-09-12T09:00:00+05:30,control,True,False,False,False,False,1
exp_offer_nudge_v1,subj_02153,Dayananda Sagar College of Engineering,False,,False,False,False,2026-09-12T09:00:00+05:30,excluded,False,False,False,False,False,0
exp_offer_nudge_v1,subj_02154,BMS Institute of Technology,True,v2.1,False,False,False,2026-09-12T09:00:00+05:30,excluded,False,False,False,False,False,0
exp_offer_nudge_v1,subj_02155,PES University,True,v2.1,False,False,True,2026-09-12T09:00:00+05:30,treatment,True,False,False,False,False,1
exp_offer_nudge_v1,subj_02156,RV College of Engineering,True,v2.1,False,False,True,2026-09-12T09:00:00+05:30,control,True,False,False,False,False,1
exp_offer_nudge_v1,subj_02157,CMR Institute of Technology,True,v2.1,False,False,True,2026-09-12T09:00:00+05:30,control,True,False,False,False,False,1
exp_offer_nudge_v1,subj_02158,New Horizon College of Engineering,True,v2.1,False,False,True,2026-09-12T09:00:00+05:30,treatment,True,False,True,False,False,2
exp_offer_nudge_v1,subj_02159,Dayananda Sagar College of Engineering,True,v2.1,False,False,True,2026-09-12T09:00:00+05:30,treatment,True,False,False,False,False,1
exp_offer_nudge_v1,subj_02160,BMS Institute of Technology,True,v2.1,False,False,True,2026-09-12T09:00:00+05:30,control,True,True,False,False,False,2
exp_offer_nudge_v1,subj_02161,PES University,True,v2.1,False,False,True,2026-09-12T09:00:00+05:30,control,True,False,False,False,False,1
exp_offer_nudge_v1,subj_02162,RV College of Engineering,True,v2.1,False,False,True,2026-09-12T09:00:00+05:30,control,True,False,True,True,False,3
exp_offer_nudge_v1,subj_02163,CMR Institute of Technology,True,v2.1,False,False,True,2026-09-12T09:00:00+05:30,control,True,True,False,False,False,2
exp_offer_nudge_v1,subj_02164,New Horizon College of Engineering,True,v2.1,False,False,True,2026-09-12T09:00:00+05:30,treatment,True,False,False,False,False,1
exp_offer_nudge_v1,subj_02165,Dayananda Sagar College of Engineering,True,v2.1,False,False,True,2026-09-12T09:00:00+05:30,treatment,True,True,False,False,False,2
exp_offer_nudge_v1,subj_02166,BMS Institute of Technology,True,v2.1,False,False,True,2026-09-12T09:00:00+05:30,treatment,True,False,False,False,False,1
exp_offer_nudge_v1,subj_02167,PES University,True,v2.1,False,False,True,2026-09-12T09:00:00+05:30,control,True,False,False,False,False,1
exp_offer_nudge_v1,subj_02168,RV College of Engineering,True,v2.1,False,False,False,2026-09-12T09:00:00+05:30,excluded,False,False,False,False,False,0
exp_offer_nudge_v1,subj_02169,CMR Institute of Technology,True,v2.1,False,False,True,2026-09-12T09:00:00+05:30,treatment,True,False,False,False,False,1
exp_offer_nudge_v1,subj_02170,New Horizon College of Engineering,True,v2.1,False,False,False,2026-09-12T09:00:00+05:30,excluded,False,False,False,False,False,0
exp_offer_nudge_v1,subj_02171,Dayananda Sagar College of Engineering,True,v2.1,True,False,False,2026-09-12T09:00:00+05:30,excluded,False,False,False,False,False,0
exp_offer_nudge_v1,subj_02172,BMS Institute of Technology,True,v2.1,True,False,False,2026-09-12T09:00:00+05:30,excluded,False,False,False,False,False,0
exp_offer_nudge_v1,subj_02173,PES University,True,v2.1,False,False,True,2026-09-12T09:00:00+05:30,treatment,True,False,False,False,False,1
exp_offer_nudge_v1,subj_02174,RV College of Engineering,True,v2.1,False,False,True,2026-09-12T09:00:00+05:30,control,True,False,True,True,False,3
exp_offer_nudge_v1,subj_02175,CMR Institute of Technology,True,v2.1,False,False,True,2026-09-12T09:00:00+05:30,treatment,True,True,False,False,False,2
exp_offer_nudge_v1,subj_02176,New Horizon College of Engineering,True,v2.1,False,False,True,2026-09-12T09:00:00+05:30,control,True,True,False,False,False,2
exp_offer_nudge_v1,subj_02177,Dayananda Sagar College of Engineering,True,v2.1,False,False,True,2026-09-12T09:00:00+05:30,control,True,False,False,False,False,1
exp_offer_nudge_v1,subj_02178,BMS Institute of Technology,True,v2.1,False,False,True,2026-09-12T09:00:00+05:30,treatment,True,False,False,False,False,1
exp_offer_nudge_v1,subj_02179,PES University,True,v2.1,False,False,True,2026-09-12T09:00:00+05:30,treatment,True,True,True,True,False,4
exp_offer_nudge_v1,subj_02180,RV College of Engineering,True,v2.1,False,False,True,2026-09-12T09:00:00+05:30,treatment,True,False,False,False,False,1
exp_offer_nudge_v1,subj_02181,CMR Institute of Technology,True,v2.1,False,False,True,2026-09-12T09:00:00+05:30,treatment,True,True,False,False,False,2
exp_offer_nudge_v1,subj_02182,New Horizon College of Engineering,True,v2.1,False,False,True,2026-09-12T09:00:00+05:30,control,True,False,False,False,False,1
exp_offer_nudge_v1,subj_02183,Dayananda Sagar College of Engineering,True,v2.1,False,False,True,2026-09-12T09:00:00+05:30,control,True,False,True,False,False,2
exp_offer_nudge_v1,subj_02184,BMS Institute of Technology,True,v2.1,False,False,False,2026-09-12T09:00:00+05:30,excluded,False,False,False,False,False,0
exp_offer_nudge_v1,subj_02185,PES University,True,v2.1,False,False,True,2026-09-12T09:00:00+05:30,control,True,False,False,False,False,1
exp_offer_nudge_v1,subj_02186,RV College of Engineering,True,v2.1,False,False,True,2026-09-12T09:00:00+05:30,treatment,True,False,True,True,True,4
exp_offer_nudge_v1,subj_02187,CMR Institute of Technology,True,v2.1,False,False,True,2026-09-12T09:00:00+05:30,control,True,False,True,True,True,4
exp_offer_nudge_v1,subj_02188,New Horizon College of Engineering,True,v2.1,False,False,True,2026-09-12T09:00:00+05:30,control,True,True,True,False,False,3
exp_offer_nudge_v1,subj_02189,Dayananda Sagar College of Engineering,True,v2.1,False,False,True,2026-09-12T09:00:00+05:30,control,True,False,False,False,False,1
exp_offer_nudge_v1,subj_02190,BMS Institute of Technology,True,v2.1,False,False,True,2026-09-12T09:00:00+05:30,treatment,True,False,True,False,False,2
exp_offer_nudge_v1,subj_02191,PES University,True,v2.1,False,False,True,2026-09-12T09:00:00+05:30,control,True,False,False,False,False,1
exp_offer_nudge_v1,subj_02192,RV College of Engineering,True,v2.1,False,False,False,2026-09-12T09:00:00+05:30,excluded,False,False,False,False,False,0
exp_offer_nudge_v1,subj_02193,CMR Institute of Technology,True,v2.1,False,False,True,2026-09-12T09:00:00+05:30,control,True,False,False,False,False,1
exp_offer_nudge_v1,subj_02194,New Horizon College of Engineering,True,v2.1,False,False,True,2026-09-12T09:00:00+05:30,control,True,False,False,False,False,1
exp_offer_nudge_v1,subj_02195,Dayananda Sagar College of Engineering,True,v2.1,False,False,True,2026-09-12T09:00:00+05:30,treatment,True,True,False,False,False,2
exp_offer_nudge_v1,subj_02196,BMS Institute of Technology,True,v2.1,False,False,True,2026-09-12T09:00:00+05:30,treatment,True,False,False,False,False,1
exp_offer_nudge_v1,subj_02197,PES University,True,v2.1,False,False,True,2026-09-12T09:00:00+05:30,treatment,True,True,False,False,False,2
exp_offer_nudge_v1,subj_02198,RV College of Engineering,True,v2.1,False,False,True,2026-09-12T09:00:00+05:30,treatment,True,False,False,False,False,1
exp_offer_nudge_v1,subj_02199,CMR Institute of Technology,True,v2.1,False,False,True,2026-09-12T09:00:00+05:30,treatment,True,True,False,False,False,2
exp_offer_nudge_v1,subj_02200,New Horizon College of Engineering,True,v2.1,False,False,False,2026-09-12T09:00:00+05:30,excluded,False,False,False,False,False,0
exp_offer_nudge_v1,subj_02201,Dayananda Sagar College of Engineering,True,v2.1,False,False,True,2026-09-12T09:00:00+05:30,treatment,True,False,False,False,False,1
exp_offer_nudge_v1,subj_02202,BMS Institute of Technology,True,v2.1,False,False,True,2026-09-12T09:00:00+05:30,control,True,False,True,True,True,4
exp_offer_nudge_v1,subj_02203,PES University,True,v2.1,False,False,True,2026-09-12T09:00:00+05:30,treatment,True,False,False,False,False,1
exp_offer_nudge_v1,subj_02204,RV College of Engineering,True,v2.1,False,False,True,2026-09-12T09:00:00+05:30,treatment,True,True,False,False,False,2
exp_offer_nudge_v1,subj_02205,CMR Institute of Technology,True,v2.1,False,False,True,2026-09-12T09:00:00+05:30,control,True,False,False,False,False,1
exp_offer_nudge_v1,subj_02206,New Horizon College of Engineering,True,v2.1,False,False,True,2026-09-12T09:00:00+05:30,treatment,True,True,False,False,False,2
exp_offer_nudge_v1,subj_02207,Dayananda Sagar College of Engineering,False,,False,False,False,2026-09-12T09:00:00+05:30,excluded,False,False,False,False,False,0
exp_offer_nudge_v1,subj_02208,BMS Institute of Technology,True,v2.1,False,False,True,2026-09-12T09:00:00+05:30,control,True,False,False,False,False,1
exp_offer_nudge_v1,subj_02209,PES University,True,v2.1,False,False,True,2026-09-12T09:00:00+05:30,treatment,True,True,False,False,False,2
exp_offer_nudge_v1,subj_02210,RV College of Engineering,True,v2.1,False,False,True,2026-09-12T09:00:00+05:30,control,True,True,False,False,False,2
exp_offer_nudge_v1,subj_02211,CMR Institute of Technology,True,v2.1,False,False,False,2026-09-12T09:00:00+05:30,excluded,False,False,False,False,False,0
exp_offer_nudge_v1,subj_02212,New Horizon College of Engineering,True,v2.1,False,False,True,2026-09-12T09:00:00+05:30,control,True,True,False,False,False,2
exp_offer_nudge_v1,subj_02213,Dayananda Sagar College of Engineering,True,v2.1,False,False,True,2026-09-12T09:00:00+05:30,control,True,False,False,False,False,1
exp_offer_nudge_v1,subj_02214,BMS Institute of Technology,True,v2.1,False,False,True,2026-09-12T09:00:00+05:30,treatment,True,True,True,True,False,4
exp_offer_nudge_v1,subj_02215,PES University,True,v2.1,False,False,True,2026-09-12T09:00:00+05:30,treatment,True,False,False,False,False,1
exp_offer_nudge_v1,subj_02216,RV College of Engineering,True,v2.1,False,False,True,2026-09-12T09:00:00+05:30,control,True,False,True,True,False,3
exp_offer_nudge_v1,subj_02217,CMR Institute of Technology,True,v2.1,True,False,False,2026-09-12T09:00:00+05:30,excluded,False,False,False,False,False,0
exp_offer_nudge_v1,subj_02218,New Horizon College of Engineering,True,v2.1,False,False,True,2026-09-12T09:00:00+05:30,treatment,True,False,False,False,False,1
exp_offer_nudge_v1,subj_02219,Dayananda Sagar College of Engineering,True,v2.1,True,False,False,2026-09-12T09:00:00+05:30,excluded,False,False,False,False,False,0
exp_offer_nudge_v1,subj_02220,BMS Institute of Technology,True,v2.1,False,False,True,2026-09-12T09:00:00+05:30,control,True,False,True,False,False,2
exp_offer_nudge_v1,subj_02221,PES University,True,v2.1,False,False,True,2026-09-12T09:00:00+05:30,control,True,False,True,True,False,3
exp_offer_nudge_v1,subj_02222,RV College of Engineering,True,v2.1,False,False,True,2026-09-12T09:00:00+05:30,treatment,True,False,True,False,False,2
exp_offer_nudge_v1,subj_02223,CMR Institute of Technology,True,v2.1,False,True,False,2026-09-12T09:00:00+05:30,excluded,False,False,False,False,False,0
exp_offer_nudge_v1,subj_02224,New Horizon College of Engineering,True,v2.1,False,False,True,2026-09-12T09:00:00+05:30,control,True,False,False,False,False,1
exp_offer_nudge_v1,subj_02225,Dayananda Sagar College of Engineering,True,v2.1,False,False,True,2026-09-12T09:00:00+05:30,control,True,False,False,False,False,1
exp_offer_nudge_v1,subj_02226,BMS Institute of Technology,False,,False,False,False,2026-09-12T09:00:00+05:30,excluded,False,False,False,False,False,0
exp_offer_nudge_v1,subj_02227,PES University,True,v2.1,True,False,False,2026-09-12T09:00:00+05:30,excluded,False,False,False,False,False,0
exp_offer_nudge_v1,subj_02228,RV College of Engineering,True,v2.1,False,False,True,2026-09-12T09:00:00+05:30,treatment,True,False,False,False,False,1
exp_offer_nudge_v1,subj_02229,CMR Institute of Technology,False,,False,False,False,2026-09-12T09:00:00+05:30,excluded,False,False,False,False,False,0
exp_offer_nudge_v1,subj_02230,New Horizon College of Engineering,True,v2.1,False,False,True,2026-09-12T09:00:00+05:30,treatment,True,False,False,False,False,1
exp_offer_nudge_v1,subj_02231,Dayananda Sagar College of Engineering,True,v2.1,True,False,False,2026-09-12T09:00:00+05:30,excluded,False,False,False,False,False,0
exp_offer_nudge_v1,subj_02232,BMS Institute of Technology,True,v2.1,False,False,True,2026-09-12T09:00:00+05:30,control,True,True,False,False,False,2
exp_offer_nudge_v1,subj_02233,PES University,True,v2.1,False,False,True,2026-09-12T09:00:00+05:30,treatment,True,False,True,True,True,4
exp_offer_nudge_v1,subj_02234,RV College of Engineering,True,v2.1,True,False,False,2026-09-12T09:00:00+05:30,excluded,False,False,False,False,False,0
exp_offer_nudge_v1,subj_02235,CMR Institute of Technology,True,v2.1,False,False,True,2026-09-12T09:00:00+05:30,treatment,True,False,False,False,False,1
exp_offer_nudge_v1,subj_02236,New Horizon College of Engineering,True,v2.1,False,False,True,2026-09-12T09:00:00+05:30,control,True,False,False,False,False,1
exp_offer_nudge_v1,subj_02237,Dayananda Sagar College of Engineering,True,v2.1,False,False,True,2026-09-12T09:00:00+05:30,control,True,True,False,False,False,2
exp_offer_nudge_v1,subj_02238,BMS Institute of Technology,True,v2.1,False,False,True,2026-09-12T09:00:00+05:30,treatment,True,False,False,False,False,1
exp_offer_nudge_v1,subj_02239,PES University,True,v2.1,False,False,True,2026-09-12T09:00:00+05:30,control,True,False,False,False,False,1
exp_offer_nudge_v1,subj_02240,RV College of Engineering,True,v2.1,False,False,False,2026-09-12T09:00:00+05:30,excluded,False,False,False,False,False,0
exp_offer_nudge_v1,subj_02241,CMR Institute of Technology,True,v2.1,False,False,True,2026-09-12T09:00:00+05:30,control,True,True,False,False,False,2
exp_offer_nudge_v1,subj_02242,New Horizon College of Engineering,True,v2.1,False,False,True,2026-09-12T09:00:00+05:30,treatment,True,False,False,False,False,1
exp_offer_nudge_v1,subj_02243,Dayananda Sagar College of Engineering,True,v2.1,False,False,True,2026-09-12T09:00:00+05:30,control,True,False,False,False,False,1
exp_offer_nudge_v1,subj_02244,BMS Institute of Technology,True,v2.1,False,False,True,2026-09-12T09:00:00+05:30,treatment,True,False,True,False,False,2
exp_offer_nudge_v1,subj_02245,PES University,True,v2.1,False,False,True,2026-09-12T09:00:00+05:30,control,True,False,False,False,False,1
exp_offer_nudge_v1,subj_02246,RV College of Engineering,True,v2.1,False,False,True,2026-09-12T09:00:00+05:30,treatment,True,False,True,True,True,4
exp_offer_nudge_v1,subj_02247,CMR Institute of Technology,True,v2.1,False,False,True,2026-09-12T09:00:00+05:30,treatment,True,True,True,False,False,3
exp_offer_nudge_v1,subj_02248,New Horizon College of Engineering,True,v2.1,False,False,True,2026-09-12T09:00:00+05:30,treatment,True,False,True,True,False,3
exp_offer_nudge_v1,subj_02249,Dayananda Sagar College of Engineering,True,v2.1,False,False,True,2026-09-12T09:00:00+05:30,control,True,True,True,True,False,4
exp_offer_nudge_v1,subj_02250,BMS Institute of Technology,True,v2.1,False,False,True,2026-09-12T09:00:00+05:30,treatment,True,False,False,False,False,1
exp_offer_nudge_v1,subj_02251,PES University,True,v2.1,False,False,False,2026-09-12T09:00:00+05:30,excluded,False,False,False,False,False,0
exp_offer_nudge_v1,subj_02252,RV College of Engineering,True,v2.1,False,False,True,2026-09-12T09:00:00+05:30,control,True,False,False,False,False,1
exp_offer_nudge_v1,subj_02253,CMR Institute of Technology,True,v2.1,False,False,True,2026-09-12T09:00:00+05:30,treatment,True,False,False,False,False,1
exp_offer_nudge_v1,subj_02254,New Horizon College of Engineering,True,v2.1,False,False,True,2026-09-12T09:00:00+05:30,control,True,False,True,True,True,4
exp_offer_nudge_v1,subj_02255,Dayananda Sagar College of Engineering,True,v2.1,False,False,True,2026-09-12T09:00:00+05:30,control,True,False,False,False,False,1
exp_offer_nudge_v1,subj_02256,BMS Institute of Technology,True,v2.1,False,False,True,2026-09-12T09:00:00+05:30,treatment,True,True,False,False,False,2
exp_offer_nudge_v1,subj_02257,PES University,True,v2.1,False,False,True,2026-09-12T09:00:00+05:30,control,True,False,False,False,False,1
exp_offer_nudge_v1,subj_02258,RV College of Engineering,True,v2.1,False,False,True,2026-09-12T09:00:00+05:30,treatment,True,False,False,False,False,1
exp_offer_nudge_v1,subj_02259,CMR Institute of Technology,True,v2.1,False,False,True,2026-09-12T09:00:00+05:30,treatment,True,False,True,False,False,2
exp_offer_nudge_v1,subj_02260,New Horizon College of Engineering,True,v2.1,False,False,False,2026-09-12T09:00:00+05:30,excluded,False,False,False,False,False,0
exp_offer_nudge_v1,subj_02261,Dayananda Sagar College of Engineering,True,v2.1,False,False,True,2026-09-12T09:00:00+05:30,control,True,True,False,False,False,2
exp_offer_nudge_v1,subj_02262,BMS Institute of Technology,True,v2.1,False,False,True,2026-09-12T09:00:00+05:30,control,True,False,False,False,False,1
exp_offer_nudge_v1,subj_02263,PES University,True,v2.1,False,False,True,2026-09-12T09:00:00+05:30,treatment,True,False,False,False,False,1
exp_offer_nudge_v1,subj_02264,RV College of Engineering,True,v2.1,False,False,True,2026-09-12T09:00:00+05:30,control,True,True,False,False,False,2
exp_offer_nudge_v1,subj_02265,CMR Institute of Technology,True,v2.1,False,False,True,2026-09-12T09:00:00+05:30,control,True,False,False,False,False,1
exp_offer_nudge_v1,subj_02266,New Horizon College of Engineering,True,v2.1,False,False,True,2026-09-12T09:00:00+05:30,control,True,False,False,False,False,1
exp_offer_nudge_v1,subj_02267,Dayananda Sagar College of Engineering,True,v2.1,False,False,True,2026-09-12T09:00:00+05:30,control,True,False,False,False,False,1
exp_offer_nudge_v1,subj_02268,BMS Institute of Technology,True,v2.1,False,False,True,2026-09-12T09:00:00+05:30,treatment,True,True,False,False,False,2
exp_offer_nudge_v1,subj_02269,PES University,True,v2.1,False,False,True,2026-09-12T09:00:00+05:30,control,True,True,False,False,False,2
exp_offer_nudge_v1,subj_02270,RV College of Engineering,True,v2.1,False,False,True,2026-09-12T09:00:00+05:30,treatment,True,True,False,False,False,2
exp_offer_nudge_v1,subj_02271,CMR Institute of Technology,True,v2.1,False,False,True,2026-09-12T09:00:00+05:30,treatment,True,False,True,True,True,4
exp_offer_nudge_v1,subj_02272,New Horizon College of Engineering,True,v2.1,False,False,True,2026-09-12T09:00:00+05:30,treatment,True,False,False,False,False,1
exp_offer_nudge_v1,subj_02273,Dayananda Sagar College of Engineering,True,v2.1,False,False,True,2026-09-12T09:00:00+05:30,control,True,False,False,False,False,1
exp_offer_nudge_v1,subj_02274,BMS Institute of Technology,True,v2.1,True,False,False,2026-09-12T09:00:00+05:30,excluded,False,False,False,False,False,0
exp_offer_nudge_v1,subj_02275,PES University,True,v2.1,False,False,True,2026-09-12T09:00:00+05:30,control,True,True,False,False,False,2
exp_offer_nudge_v1,subj_02276,RV College of Engineering,True,v2.1,False,False,True,2026-09-12T09:00:00+05:30,treatment,True,False,False,False,False,1
exp_offer_nudge_v1,subj_02277,CMR Institute of Technology,True,v2.1,False,True,False,2026-09-12T09:00:00+05:30,excluded,False,False,False,False,False,0
exp_offer_nudge_v1,subj_02278,New Horizon College of Engineering,True,v2.1,False,False,False,2026-09-12T09:00:00+05:30,excluded,False,False,False,False,False,0
exp_offer_nudge_v1,subj_02279,Dayananda Sagar College of Engineering,True,v2.1,False,False,True,2026-09-12T09:00:00+05:30,control,True,False,False,False,False,1
exp_offer_nudge_v1,subj_02280,BMS Institute of Technology,True,v2.1,False,False,False,2026-09-12T09:00:00+05:30,excluded,False,False,False,False,False,0
exp_offer_nudge_v1,subj_02281,PES University,True,v2.1,False,False,True,2026-09-12T09:00:00+05:30,control,True,False,False,False,False,1
exp_offer_nudge_v1,subj_02282,RV College of Engineering,True,v2.1,False,False,True,2026-09-12T09:00:00+05:30,treatment,True,True,False,False,False,2
exp_offer_nudge_v1,subj_02283,CMR Institute of Technology,True,v2.1,False,False,False,2026-09-12T09:00:00+05:30,excluded,False,False,False,False,False,0
exp_offer_nudge_v1,subj_02284,New Horizon College of Engineering,True,v2.1,False,False,True,2026-09-12T09:00:00+05:30,treatment,True,False,True,False,False,2
exp_offer_nudge_v1,subj_02285,Dayananda Sagar College of Engineering,True,v2.1,False,False,True,2026-09-12T09:00:00+05:30,treatment,True,True,True,True,True,5
exp_offer_nudge_v1,subj_02286,BMS Institute of Technology,True,v2.1,False,False,True,2026-09-12T09:00:00+05:30,control,True,False,False,False,False,1
exp_offer_nudge_v1,subj_02287,PES University,True,v2.1,False,False,True,2026-09-12T09:00:00+05:30,treatment,True,False,False,False,False,1
exp_offer_nudge_v1,subj_02288,RV College of Engineering,False,,False,False,False,2026-09-12T09:00:00+05:30,excluded,False,False,False,False,False,0
exp_offer_nudge_v1,subj_02289,CMR Institute of Technology,True,v2.1,False,False,True,2026-09-12T09:00:00+05:30,control,True,False,False,False,False,1
exp_offer_nudge_v1,subj_02290,New Horizon College of Engineering,True,v2.1,False,False,True,2026-09-12T09:00:00+05:30,treatment,True,True,False,False,False,2
exp_offer_nudge_v1,subj_02291,Dayananda Sagar College of Engineering,True,v2.1,False,False,True,2026-09-12T09:00:00+05:30,control,True,False,False,False,False,1
exp_offer_nudge_v1,subj_02292,BMS Institute of Technology,True,v2.1,False,False,True,2026-09-12T09:00:00+05:30,control,True,False,False,False,False,1
exp_offer_nudge_v1,subj_02293,PES University,True,v2.1,False,False,True,2026-09-12T09:00:00+05:30,treatment,True,False,False,False,False,1
exp_offer_nudge_v1,subj_02294,RV College of Engineering,True,v2.1,False,False,True,2026-09-12T09:00:00+05:30,control,True,True,False,False,False,2
exp_offer_nudge_v1,subj_02295,CMR Institute of Technology,True,v2.1,False,False,True,2026-09-12T09:00:00+05:30,treatment,True,False,False,False,False,1
exp_offer_nudge_v1,subj_02296,New Horizon College of Engineering,True,v2.1,False,False,True,2026-09-12T09:00:00+05:30,control,True,True,False,False,False,2
exp_offer_nudge_v1,subj_02297,Dayananda Sagar College of Engineering,True,v2.1,False,False,False,2026-09-12T09:00:00+05:30,excluded,False,False,False,False,False,0
exp_offer_nudge_v1,subj_02298,BMS Institute of Technology,True,v2.1,False,False,True,2026-09-12T09:00:00+05:30,treatment,True,False,False,False,False,1
exp_offer_nudge_v1,subj_02299,PES University,True,v2.1,False,False,False,2026-09-12T09:00:00+05:30,excluded,False,False,False,False,False,0
exp_offer_nudge_v1,subj_02300,RV College of Engineering,True,v2.1,False,False,True,2026-09-12T09:00:00+05:30,control,True,True,False,False,False,2
exp_offer_nudge_v1,subj_02301,CMR Institute of Technology,True,v2.1,False,False,True,2026-09-12T09:00:00+05:30,treatment,True,True,False,False,False,2
exp_offer_nudge_v1,subj_02302,New Horizon College of Engineering,True,v2.1,False,False,True,2026-09-12T09:00:00+05:30,treatment,True,True,True,True,False,4
exp_offer_nudge_v1,subj_02303,Dayananda Sagar College of Engineering,True,v2.1,False,False,True,2026-09-12T09:00:00+05:30,control,True,False,False,False,False,1
exp_offer_nudge_v1,subj_02304,BMS Institute of Technology,True,v2.1,False,False,True,2026-09-12T09:00:00+05:30,treatment,True,True,False,False,False,2
exp_offer_nudge_v1,subj_02305,PES University,True,v2.1,False,False,True,2026-09-12T09:00:00+05:30,treatment,True,False,False,False,False,1
exp_offer_nudge_v1,subj_02306,RV College of Engineering,True,v2.1,False,False,True,2026-09-12T09:00:00+05:30,control,True,False,True,False,False,2
exp_offer_nudge_v1,subj_02307,CMR Institute of Technology,True,v2.1,False,False,True,2026-09-12T09:00:00+05:30,treatment,True,False,True,False,False,2
exp_offer_nudge_v1,subj_02308,New Horizon College of Engineering,True,v2.1,False,False,True,2026-09-12T09:00:00+05:30,treatment,True,False,False,False,False,1
exp_offer_nudge_v1,subj_02309,Dayananda Sagar College of Engineering,True,v2.1,False,False,True,2026-09-12T09:00:00+05:30,control,True,False,False,False,False,1
exp_offer_nudge_v1,subj_02310,BMS Institute of Technology,True,v2.1,False,False,True,2026-09-12T09:00:00+05:30,treatment,True,False,False,False,False,1
exp_offer_nudge_v1,subj_02311,PES University,True,v2.1,False,False,True,2026-09-12T09:00:00+05:30,treatment,True,True,False,False,False,2
exp_offer_nudge_v1,subj_02312,RV College of Engineering,False,,False,False,False,2026-09-12T09:00:00+05:30,excluded,False,False,False,False,False,0
exp_offer_nudge_v1,subj_02313,CMR Institute of Technology,True,v2.1,False,False,True,2026-09-12T09:00:00+05:30,control,True,False,True,False,False,2
exp_offer_nudge_v1,subj_02314,New Horizon College of Engineering,True,v2.1,False,False,True,2026-09-12T09:00:00+05:30,treatment,True,True,False,False,False,2
exp_offer_nudge_v1,subj_02315,Dayananda Sagar College of Engineering,True,v2.1,False,False,True,2026-09-12T09:00:00+05:30,treatment,True,True,False,False,False,2
exp_offer_nudge_v1,subj_02316,BMS Institute of Technology,True,v2.1,False,False,True,2026-09-12T09:00:00+05:30,control,True,False,False,False,False,1
exp_offer_nudge_v1,subj_02317,PES University,True,v2.1,False,False,True,2026-09-12T09:00:00+05:30,treatment,True,False,False,False,False,1
exp_offer_nudge_v1,subj_02318,RV College of Engineering,True,v2.1,False,False,True,2026-09-12T09:00:00+05:30,treatment,True,False,False,False,False,1
exp_offer_nudge_v1,subj_02319,CMR Institute of Technology,True,v2.1,False,False,True,2026-09-12T09:00:00+05:30,treatment,True,True,False,False,False,2
exp_offer_nudge_v1,subj_02320,New Horizon College of Engineering,True,v2.1,False,False,True,2026-09-12T09:00:00+05:30,control,True,False,False,False,False,1
exp_offer_nudge_v1,subj_02321,Dayananda Sagar College of Engineering,True,v2.1,False,False,True,2026-09-12T09:00:00+05:30,control,True,False,False,False,False,1
exp_offer_nudge_v1,subj_02322,BMS Institute of Technology,True,v2.1,False,False,True,2026-09-12T09:00:00+05:30,control,True,False,True,True,False,3
exp_offer_nudge_v1,subj_02323,PES University,True,v2.1,False,False,False,2026-09-12T09:00:00+05:30,excluded,False,False,False,False,False,0
exp_offer_nudge_v1,subj_02324,RV College of Engineering,False,,False,False,False,2026-09-12T09:00:00+05:30,excluded,False,False,False,False,False,0
exp_offer_nudge_v1,subj_02325,CMR Institute of Technology,True,v2.1,False,False,True,2026-09-12T09:00:00+05:30,control,True,False,False,False,False,1
exp_offer_nudge_v1,subj_02326,New Horizon College of Engineering,True,v2.1,False,False,True,2026-09-12T09:00:00+05:30,treatment,True,False,False,False,False,1
exp_offer_nudge_v1,subj_02327,Dayananda Sagar College of Engineering,True,v2.1,False,False,True,2026-09-12T09:00:00+05:30,control,True,False,True,False,False,2
exp_offer_nudge_v1,subj_02328,BMS Institute of Technology,True,v2.1,False,False,True,2026-09-12T09:00:00+05:30,control,True,True,True,False,False,3
exp_offer_nudge_v1,subj_02329,PES University,False,,False,False,False,2026-09-12T09:00:00+05:30,excluded,False,False,False,False,False,0
exp_offer_nudge_v1,subj_02330,RV College of Engineering,True,v2.1,False,False,True,2026-09-12T09:00:00+05:30,treatment,True,True,True,True,True,5
exp_offer_nudge_v1,subj_02331,CMR Institute of Technology,True,v2.1,False,True,False,2026-09-12T09:00:00+05:30,excluded,False,False,False,False,False,0
exp_offer_nudge_v1,subj_02332,New Horizon College of Engineering,True,v2.1,False,False,True,2026-09-12T09:00:00+05:30,treatment,True,False,False,False,False,1
exp_offer_nudge_v1,subj_02333,Dayananda Sagar College of Engineering,True,v2.1,False,False,True,2026-09-12T09:00:00+05:30,control,True,True,True,False,False,3
exp_offer_nudge_v1,subj_02334,BMS Institute of Technology,True,v2.1,False,False,True,2026-09-12T09:00:00+05:30,treatment,True,False,False,False,False,1
exp_offer_nudge_v1,subj_02335,PES University,False,,False,False,False,2026-09-12T09:00:00+05:30,excluded,False,False,False,False,False,0
exp_offer_nudge_v1,subj_02336,RV College of Engineering,True,v2.1,True,False,False,2026-09-12T09:00:00+05:30,excluded,False,False,False,False,False,0
exp_offer_nudge_v1,subj_02337,CMR Institute of Technology,True,v2.1,False,False,True,2026-09-12T09:00:00+05:30,treatment,True,True,False,False,False,2
exp_offer_nudge_v1,subj_02338,New Horizon College of Engineering,True,v2.1,False,False,True,2026-09-12T09:00:00+05:30,treatment,True,False,False,False,False,1
exp_offer_nudge_v1,subj_02339,Dayananda Sagar College of Engineering,True,v2.1,False,False,True,2026-09-12T09:00:00+05:30,control,True,False,False,False,False,1
exp_offer_nudge_v1,subj_02340,BMS Institute of Technology,True,v2.1,False,False,True,2026-09-12T09:00:00+05:30,control,True,True,False,False,False,2
exp_offer_nudge_v1,subj_02341,PES University,True,v2.1,False,False,True,2026-09-12T09:00:00+05:30,control,True,False,False,False,False,1
exp_offer_nudge_v1,subj_02342,RV College of Engineering,True,v2.1,False,False,True,2026-09-12T09:00:00+05:30,control,True,False,False,False,False,1
exp_offer_nudge_v1,subj_02343,CMR Institute of Technology,True,v2.1,False,False,True,2026-09-12T09:00:00+05:30,control,True,False,False,False,False,1
exp_offer_nudge_v1,subj_02344,New Horizon College of Engineering,True,v2.1,False,False,False,2026-09-12T09:00:00+05:30,excluded,False,False,False,False,False,0
exp_offer_nudge_v1,subj_02345,Dayananda Sagar College of Engineering,False,,False,False,False,2026-09-12T09:00:00+05:30,excluded,False,False,False,False,False,0
exp_offer_nudge_v1,subj_02346,BMS Institute of Technology,True,v2.1,False,False,True,2026-09-12T09:00:00+05:30,control,True,True,False,False,False,2
exp_offer_nudge_v1,subj_02347,PES University,True,v2.1,False,False,True,2026-09-12T09:00:00+05:30,control,True,True,False,False,False,2
exp_offer_nudge_v1,subj_02348,RV College of Engineering,True,v2.1,False,False,True,2026-09-12T09:00:00+05:30,control,True,False,False,False,False,1
exp_offer_nudge_v1,subj_02349,CMR Institute of Technology,True,v2.1,False,False,True,2026-09-12T09:00:00+05:30,control,True,False,False,False,False,1
exp_offer_nudge_v1,subj_02350,New Horizon College of Engineering,True,v2.1,False,False,True,2026-09-12T09:00:00+05:30,treatment,True,True,False,False,False,2
exp_offer_nudge_v1,subj_02351,Dayananda Sagar College of Engineering,True,v2.1,False,False,True,2026-09-12T09:00:00+05:30,control,True,True,False,False,False,2
exp_offer_nudge_v1,subj_02352,BMS Institute of Technology,True,v2.1,False,False,False,2026-09-12T09:00:00+05:30,excluded,False,False,False,False,False,0
exp_offer_nudge_v1,subj_02353,PES University,True,v2.1,False,False,False,2026-09-12T09:00:00+05:30,excluded,False,False,False,False,False,0
exp_offer_nudge_v1,subj_02354,RV College of Engineering,True,v2.1,False,False,True,2026-09-12T09:00:00+05:30,treatment,True,False,False,False,False,1
exp_offer_nudge_v1,subj_02355,CMR Institute of Technology,True,v2.1,False,False,True,2026-09-12T09:00:00+05:30,control,True,False,True,True,True,4
exp_offer_nudge_v1,subj_02356,New Horizon College of Engineering,True,v2.1,False,False,True,2026-09-12T09:00:00+05:30,control,True,True,True,False,False,3
exp_offer_nudge_v1,subj_02357,Dayananda Sagar College of Engineering,True,v2.1,False,False,True,2026-09-12T09:00:00+05:30,treatment,True,True,False,False,False,2
exp_offer_nudge_v1,subj_02358,BMS Institute of Technology,True,v2.1,False,False,True,2026-09-12T09:00:00+05:30,treatment,True,True,False,False,False,2
exp_offer_nudge_v1,subj_02359,PES University,True,v2.1,False,False,True,2026-09-12T09:00:00+05:30,treatment,True,True,False,False,False,2
exp_offer_nudge_v1,subj_02360,RV College of Engineering,True,v2.1,False,False,True,2026-09-12T09:00:00+05:30,control,True,True,False,False,False,2
exp_offer_nudge_v1,subj_02361,CMR Institute of Technology,True,v2.1,False,False,True,2026-09-12T09:00:00+05:30,control,True,False,False,False,False,1
exp_offer_nudge_v1,subj_02362,New Horizon College of Engineering,True,v2.1,False,False,True,2026-09-12T09:00:00+05:30,treatment,True,False,False,False,False,1
exp_offer_nudge_v1,subj_02363,Dayananda Sagar College of Engineering,True,v2.1,False,False,False,2026-09-12T09:00:00+05:30,excluded,False,False,False,False,False,0
exp_offer_nudge_v1,subj_02364,BMS Institute of Technology,True,v2.1,False,False,True,2026-09-12T09:00:00+05:30,control,True,False,True,True,False,3
exp_offer_nudge_v1,subj_02365,PES University,True,v2.1,False,False,True,2026-09-12T09:00:00+05:30,treatment,True,False,False,False,False,1
exp_offer_nudge_v1,subj_02366,RV College of Engineering,True,v2.1,False,False,False,2026-09-12T09:00:00+05:30,excluded,False,False,False,False,False,0
exp_offer_nudge_v1,subj_02367,CMR Institute of Technology,True,v2.1,False,False,True,2026-09-12T09:00:00+05:30,control,True,False,True,True,True,4
exp_offer_nudge_v1,subj_02368,New Horizon College of Engineering,True,v2.1,False,False,True,2026-09-12T09:00:00+05:30,treatment,True,False,True,False,False,2
exp_offer_nudge_v1,subj_02369,Dayananda Sagar College of Engineering,True,v2.1,False,False,True,2026-09-12T09:00:00+05:30,control,True,False,False,False,False,1
exp_offer_nudge_v1,subj_02370,BMS Institute of Technology,True,v2.1,False,False,True,2026-09-12T09:00:00+05:30,control,True,True,False,False,False,2
exp_offer_nudge_v1,subj_02371,PES University,True,v2.1,False,False,True,2026-09-12T09:00:00+05:30,control,True,True,False,False,False,2
exp_offer_nudge_v1,subj_02372,RV College of Engineering,True,v2.1,False,False,False,2026-09-12T09:00:00+05:30,excluded,False,False,False,False,False,0
exp_offer_nudge_v1,subj_02373,CMR Institute of Technology,True,v2.1,False,False,True,2026-09-12T09:00:00+05:30,control,True,False,False,False,False,1
exp_offer_nudge_v1,subj_02374,New Horizon College of Engineering,True,v2.1,False,False,False,2026-09-12T09:00:00+05:30,excluded,False,False,False,False,False,0
exp_offer_nudge_v1,subj_02375,Dayananda Sagar College of Engineering,True,v2.1,False,False,True,2026-09-12T09:00:00+05:30,control,True,False,False,False,False,1
exp_offer_nudge_v1,subj_02376,BMS Institute of Technology,True,v2.1,False,False,True,2026-09-12T09:00:00+05:30,treatment,True,False,True,False,False,2
exp_offer_nudge_v1,subj_02377,PES University,True,v2.1,False,False,True,2026-09-12T09:00:00+05:30,control,True,False,False,False,False,1
exp_offer_nudge_v1,subj_02378,RV College of Engineering,True,v2.1,False,False,True,2026-09-12T09:00:00+05:30,treatment,True,False,False,False,False,1
exp_offer_nudge_v1,subj_02379,CMR Institute of Technology,True,v2.1,False,False,True,2026-09-12T09:00:00+05:30,control,True,False,True,False,False,2
exp_offer_nudge_v1,subj_02380,New Horizon College of Engineering,True,v2.1,False,False,True,2026-09-12T09:00:00+05:30,control,True,False,False,False,False,1
exp_offer_nudge_v1,subj_02381,Dayananda Sagar College of Engineering,True,v2.1,True,False,False,2026-09-12T09:00:00+05:30,excluded,False,False,False,False,False,0
exp_offer_nudge_v1,subj_02382,BMS Institute of Technology,True,v2.1,False,False,True,2026-09-12T09:00:00+05:30,control,True,False,False,False,False,1
exp_offer_nudge_v1,subj_02383,PES University,True,v2.1,False,False,True,2026-09-12T09:00:00+05:30,control,True,False,False,False,False,1
exp_offer_nudge_v1,subj_02384,RV College of Engineering,True,v2.1,False,False,True,2026-09-12T09:00:00+05:30,treatment,True,True,False,False,False,2
exp_offer_nudge_v1,subj_02385,CMR Institute of Technology,True,v2.1,False,False,True,2026-09-12T09:00:00+05:30,treatment,True,False,True,True,False,3
exp_offer_nudge_v1,subj_02386,New Horizon College of Engineering,True,v2.1,False,False,True,2026-09-12T09:00:00+05:30,treatment,True,True,False,False,False,2
exp_offer_nudge_v1,subj_02387,Dayananda Sagar College of Engineering,True,v2.1,False,False,True,2026-09-12T09:00:00+05:30,treatment,True,True,True,False,False,3
exp_offer_nudge_v1,subj_02388,BMS Institute of Technology,True,v2.1,False,False,True,2026-09-12T09:00:00+05:30,treatment,True,False,False,False,False,1
exp_offer_nudge_v1,subj_02389,PES University,True,v2.1,False,False,True,2026-09-12T09:00:00+05:30,treatment,True,True,False,False,False,2
exp_offer_nudge_v1,subj_02390,RV College of Engineering,True,v2.1,False,False,False,2026-09-12T09:00:00+05:30,excluded,False,False,False,False,False,0
exp_offer_nudge_v1,subj_02391,CMR Institute of Technology,True,v2.1,False,False,True,2026-09-12T09:00:00+05:30,excluded,False,False,False,False,False,0
exp_offer_nudge_v1,subj_02392,New Horizon College of Engineering,True,v2.1,False,False,True,2026-09-12T09:00:00+05:30,control,True,False,False,False,False,1
exp_offer_nudge_v1,subj_02393,Dayananda Sagar College of Engineering,True,v2.1,False,False,True,2026-09-12T09:00:00+05:30,control,True,False,False,False,False,1
exp_offer_nudge_v1,subj_02394,BMS Institute of Technology,True,v2.1,False,False,True,2026-09-12T09:00:00+05:30,treatment,True,False,False,False,False,1
exp_offer_nudge_v1,subj_02395,PES University,True,v2.1,False,False,True,2026-09-12T09:00:00+05:30,treatment,True,False,False,False,False,1
exp_offer_nudge_v1,subj_02396,RV College of Engineering,True,v2.1,False,False,True,2026-09-12T09:00:00+05:30,control,True,True,False,False,False,2
exp_offer_nudge_v1,subj_02397,CMR Institute of Technology,True,v2.1,False,False,True,2026-09-12T09:00:00+05:30,control,True,False,False,False,False,1
exp_offer_nudge_v1,subj_02398,New Horizon College of Engineering,True,v2.1,False,False,True,2026-09-12T09:00:00+05:30,control,True,True,False,False,False,2
exp_offer_nudge_v1,subj_02399,Dayananda Sagar College of Engineering,True,v2.1,False,False,True,2026-09-12T09:00:00+05:30,treatment,True,True,False,False,False,2
exp_offer_nudge_v1,subj_02400,BMS Institute of Technology,True,v2.1,False,False,True,2026-09-12T09:00:00+05:30,control,True,False,False,False,False,1
exp_offer_nudge_v1,subj_02401,PES University,True,v2.1,False,False,True,2026-09-12T09:00:00+05:30,treatment,True,False,True,False,False,2
exp_offer_nudge_v1,subj_02402,RV College of Engineering,True,v2.1,False,False,True,2026-09-12T09:00:00+05:30,control,True,False,False,False,False,1
exp_offer_nudge_v1,subj_02403,CMR Institute of Technology,True,v2.1,False,False,False,2026-09-12T09:00:00+05:30,excluded,False,False,False,False,False,0
exp_offer_nudge_v1,subj_02404,New Horizon College of Engineering,True,v2.1,False,False,True,2026-09-12T09:00:00+05:30,control,True,False,True,True,False,3
exp_offer_nudge_v1,subj_02405,Dayananda Sagar College of Engineering,True,v2.1,False,False,True,2026-09-12T09:00:00+05:30,treatment,True,True,False,False,False,2
exp_offer_nudge_v1,subj_02406,BMS Institute of Technology,True,v2.1,False,False,True,2026-09-12T09:00:00+05:30,control,True,False,False,False,False,1
exp_offer_nudge_v1,subj_02407,PES University,True,v2.1,True,False,False,2026-09-12T09:00:00+05:30,excluded,False,False,False,False,False,0
exp_offer_nudge_v1,subj_02408,RV College of Engineering,True,v2.1,False,False,True,2026-09-12T09:00:00+05:30,control,True,False,False,False,False,1
exp_offer_nudge_v1,subj_02409,CMR Institute of Technology,True,v2.1,False,False,True,2026-09-12T09:00:00+05:30,control,True,False,False,False,False,1
exp_offer_nudge_v1,subj_02410,New Horizon College of Engineering,True,v2.1,False,False,True,2026-09-12T09:00:00+05:30,treatment,True,True,False,False,False,2
exp_offer_nudge_v1,subj_02411,Dayananda Sagar College of Engineering,True,v2.1,False,False,True,2026-09-12T09:00:00+05:30,treatment,True,True,False,False,False,2
exp_offer_nudge_v1,subj_02412,BMS Institute of Technology,True,v2.1,False,False,True,2026-09-12T09:00:00+05:30,treatment,True,False,False,False,False,1
exp_offer_nudge_v1,subj_02413,PES University,True,v2.1,False,False,True,2026-09-12T09:00:00+05:30,control,True,False,False,False,False,1
exp_offer_nudge_v1,subj_02414,RV College of Engineering,True,v2.1,False,False,True,2026-09-12T09:00:00+05:30,control,True,False,False,False,False,1
exp_offer_nudge_v1,subj_02415,CMR Institute of Technology,True,v2.1,False,False,True,2026-09-12T09:00:00+05:30,control,True,True,False,False,False,2
exp_offer_nudge_v1,subj_02416,New Horizon College of Engineering,True,v2.1,False,False,True,2026-09-12T09:00:00+05:30,treatment,True,True,False,False,False,2
exp_offer_nudge_v1,subj_02417,Dayananda Sagar College of Engineering,True,v2.1,False,False,True,2026-09-12T09:00:00+05:30,control,True,True,False,False,False,2
exp_offer_nudge_v1,subj_02418,BMS Institute of Technology,True,v2.1,False,False,True,2026-09-12T09:00:00+05:30,treatment,True,False,True,True,True,4
exp_offer_nudge_v1,subj_02419,PES University,True,v2.1,False,True,False,2026-09-12T09:00:00+05:30,excluded,False,False,False,False,False,0
exp_offer_nudge_v1,subj_02420,RV College of Engineering,True,v2.1,False,False,True,2026-09-12T09:00:00+05:30,treatment,True,True,False,False,False,2
exp_offer_nudge_v1,subj_02421,CMR Institute of Technology,True,v2.1,False,False,True,2026-09-12T09:00:00+05:30,control,True,False,False,False,False,1
exp_offer_nudge_v1,subj_02422,New Horizon College of Engineering,True,v2.1,False,False,True,2026-09-12T09:00:00+05:30,treatment,True,False,False,False,False,1
exp_offer_nudge_v1,subj_02423,Dayananda Sagar College of Engineering,True,v2.1,False,False,True,2026-09-12T09:00:00+05:30,control,True,False,False,False,False,1
exp_offer_nudge_v1,subj_02424,BMS Institute of Technology,True,v2.1,False,False,True,2026-09-12T09:00:00+05:30,treatment,True,False,False,False,False,1
exp_offer_nudge_v1,subj_02425,PES University,True,v2.1,False,False,True,2026-09-12T09:00:00+05:30,control,True,True,False,False,False,2
exp_offer_nudge_v1,subj_02426,RV College of Engineering,True,v2.1,False,False,True,2026-09-12T09:00:00+05:30,control,True,True,False,False,False,2
exp_offer_nudge_v1,subj_02427,CMR Institute of Technology,True,v2.1,False,False,True,2026-09-12T09:00:00+05:30,treatment,True,False,False,False,False,1
exp_offer_nudge_v1,subj_02428,New Horizon College of Engineering,True,v2.1,False,False,True,2026-09-12T09:00:00+05:30,control,True,False,True,True,False,3
exp_offer_nudge_v1,subj_02429,Dayananda Sagar College of Engineering,True,v2.1,False,False,True,2026-09-12T09:00:00+05:30,treatment,True,False,False,False,False,1
exp_offer_nudge_v1,subj_02430,BMS Institute of Technology,True,v2.1,False,False,True,2026-09-12T09:00:00+05:30,control,True,True,True,False,False,3
exp_offer_nudge_v1,subj_02431,PES University,True,v2.1,False,False,True,2026-09-12T09:00:00+05:30,control,True,False,False,False,False,1
exp_offer_nudge_v1,subj_02432,RV College of Engineering,True,v2.1,False,False,True,2026-09-12T09:00:00+05:30,treatment,True,True,True,False,False,3
exp_offer_nudge_v1,subj_02433,CMR Institute of Technology,False,,False,False,False,2026-09-12T09:00:00+05:30,excluded,False,False,False,False,False,0
exp_offer_nudge_v1,subj_02434,New Horizon College of Engineering,True,v2.1,False,False,True,2026-09-12T09:00:00+05:30,control,True,True,True,False,False,3
exp_offer_nudge_v1,subj_02435,Dayananda Sagar College of Engineering,True,v2.1,False,False,True,2026-09-12T09:00:00+05:30,treatment,True,False,False,False,False,1
exp_offer_nudge_v1,subj_02436,BMS Institute of Technology,True,v2.1,False,True,False,2026-09-12T09:00:00+05:30,excluded,False,False,False,False,False,0
exp_offer_nudge_v1,subj_02437,PES University,True,v2.1,False,False,True,2026-09-12T09:00:00+05:30,treatment,True,True,True,False,False,3
exp_offer_nudge_v1,subj_02438,RV College of Engineering,True,v2.1,False,False,False,2026-09-12T09:00:00+05:30,excluded,False,False,False,False,False,0
exp_offer_nudge_v1,subj_02439,CMR Institute of Technology,True,v2.1,False,False,True,2026-09-12T09:00:00+05:30,control,True,False,False,False,False,1
exp_offer_nudge_v1,subj_02440,New Horizon College of Engineering,True,v2.1,False,False,True,2026-09-12T09:00:00+05:30,treatment,True,True,True,False,False,3
exp_offer_nudge_v1,subj_02441,Dayananda Sagar College of Engineering,True,v2.1,False,False,True,2026-09-12T09:00:00+05:30,treatment,True,False,True,True,False,3
exp_offer_nudge_v1,subj_02442,BMS Institute of Technology,True,v2.1,False,False,True,2026-09-12T09:00:00+05:30,treatment,True,True,False,False,False,2
exp_offer_nudge_v1,subj_02443,PES University,True,v2.1,False,False,False,2026-09-12T09:00:00+05:30,excluded,False,False,False,False,False,0
exp_offer_nudge_v1,subj_02444,RV College of Engineering,True,v2.1,False,False,True,2026-09-12T09:00:00+05:30,control,True,False,False,False,False,1
exp_offer_nudge_v1,subj_02445,CMR Institute of Technology,True,v2.1,False,False,True,2026-09-12T09:00:00+05:30,treatment,True,False,False,False,False,1
exp_offer_nudge_v1,subj_02446,New Horizon College of Engineering,True,v2.1,False,False,True,2026-09-12T09:00:00+05:30,control,True,False,False,False,False,1
exp_offer_nudge_v1,subj_02447,Dayananda Sagar College of Engineering,True,v2.1,False,False,True,2026-09-12T09:00:00+05:30,control,True,False,False,False,False,1
exp_offer_nudge_v1,subj_02448,BMS Institute of Technology,True,v2.1,False,False,True,2026-09-12T09:00:00+05:30,control,True,False,False,False,False,1
exp_offer_nudge_v1,subj_02449,PES University,True,v2.1,False,False,True,2026-09-12T09:00:00+05:30,control,True,False,False,False,False,1
exp_offer_nudge_v1,subj_02450,RV College of Engineering,True,v2.1,False,False,False,2026-09-12T09:00:00+05:30,excluded,False,False,False,False,False,0
exp_offer_nudge_v1,subj_02451,CMR Institute of Technology,True,v2.1,False,False,True,2026-09-12T09:00:00+05:30,control,True,False,True,False,False,2
exp_offer_nudge_v1,subj_02452,New Horizon College of Engineering,True,v2.1,False,False,True,2026-09-12T09:00:00+05:30,treatment,True,False,False,False,False,1
exp_offer_nudge_v1,subj_02453,Dayananda Sagar College of Engineering,True,v2.1,False,False,True,2026-09-12T09:00:00+05:30,control,True,True,False,False,False,2
exp_offer_nudge_v1,subj_02454,BMS Institute of Technology,True,v2.1,False,False,True,2026-09-12T09:00:00+05:30,excluded,False,False,False,False,False,0
exp_offer_nudge_v1,subj_02455,PES University,True,v2.1,False,False,True,2026-09-12T09:00:00+05:30,treatment,True,False,False,False,False,1
exp_offer_nudge_v1,subj_02456,RV College of Engineering,True,v2.1,False,False,True,2026-09-12T09:00:00+05:30,control,True,True,False,False,False,2
exp_offer_nudge_v1,subj_02457,CMR Institute of Technology,True,v2.1,False,False,True,2026-09-12T09:00:00+05:30,treatment,True,False,False,False,False,1
exp_offer_nudge_v1,subj_02458,New Horizon College of Engineering,True,v2.1,False,False,False,2026-09-12T09:00:00+05:30,excluded,False,False,False,False,False,0
exp_offer_nudge_v1,subj_02459,Dayananda Sagar College of Engineering,True,v2.1,False,False,True,2026-09-12T09:00:00+05:30,treatment,True,True,False,False,False,2
exp_offer_nudge_v1,subj_02460,BMS Institute of Technology,True,v2.1,False,False,True,2026-09-12T09:00:00+05:30,control,True,True,False,False,False,2
exp_offer_nudge_v1,subj_02461,PES University,True,v2.1,False,False,True,2026-09-12T09:00:00+05:30,treatment,True,False,False,False,False,1
exp_offer_nudge_v1,subj_02462,RV College of Engineering,True,v2.1,False,False,True,2026-09-12T09:00:00+05:30,control,True,False,True,True,True,4
exp_offer_nudge_v1,subj_02463,CMR Institute of Technology,True,v2.1,False,False,True,2026-09-12T09:00:00+05:30,treatment,True,True,False,False,False,2
exp_offer_nudge_v1,subj_02464,New Horizon College of Engineering,True,v2.1,False,False,True,2026-09-12T09:00:00+05:30,treatment,True,False,True,False,False,2
exp_offer_nudge_v1,subj_02465,Dayananda Sagar College of Engineering,True,v2.1,False,False,True,2026-09-12T09:00:00+05:30,treatment,True,False,True,True,False,3
exp_offer_nudge_v1,subj_02466,BMS Institute of Technology,True,v2.1,False,False,True,2026-09-12T09:00:00+05:30,control,True,False,False,False,False,1
exp_offer_nudge_v1,subj_02467,PES University,True,v2.1,False,False,False,2026-09-12T09:00:00+05:30,excluded,False,False,False,False,False,0
exp_offer_nudge_v1,subj_02468,RV College of Engineering,True,v2.1,False,False,True,2026-09-12T09:00:00+05:30,control,True,True,False,False,False,2
exp_offer_nudge_v1,subj_02469,CMR Institute of Technology,True,v2.1,False,False,True,2026-09-12T09:00:00+05:30,control,True,False,False,False,False,1
exp_offer_nudge_v1,subj_02470,New Horizon College of Engineering,True,v2.1,False,False,True,2026-09-12T09:00:00+05:30,treatment,True,True,True,False,False,3
exp_offer_nudge_v1,subj_02471,Dayananda Sagar College of Engineering,True,v2.1,False,False,True,2026-09-12T09:00:00+05:30,control,True,False,True,True,False,3
exp_offer_nudge_v1,subj_02472,BMS Institute of Technology,True,v2.1,False,False,True,2026-09-12T09:00:00+05:30,control,True,False,False,False,False,1
exp_offer_nudge_v1,subj_02473,PES University,True,v2.1,False,False,True,2026-09-12T09:00:00+05:30,control,True,False,False,False,False,1
exp_offer_nudge_v1,subj_02474,RV College of Engineering,True,v2.1,False,False,True,2026-09-12T09:00:00+05:30,treatment,True,False,False,False,False,1
exp_offer_nudge_v1,subj_02475,CMR Institute of Technology,True,v2.1,False,False,True,2026-09-12T09:00:00+05:30,treatment,True,True,False,False,False,2
exp_offer_nudge_v1,subj_02476,New Horizon College of Engineering,True,v2.1,False,False,True,2026-09-12T09:00:00+05:30,treatment,True,True,False,False,False,2
exp_offer_nudge_v1,subj_02477,Dayananda Sagar College of Engineering,True,v2.1,False,False,True,2026-09-12T09:00:00+05:30,treatment,True,False,False,False,False,1
exp_offer_nudge_v1,subj_02478,BMS Institute of Technology,True,v2.1,False,False,True,2026-09-12T09:00:00+05:30,control,True,True,True,True,False,4
exp_offer_nudge_v1,subj_02479,PES University,True,v2.1,False,False,True,2026-09-12T09:00:00+05:30,control,True,False,False,False,False,1
exp_offer_nudge_v1,subj_02480,RV College of Engineering,True,v2.1,False,False,True,2026-09-12T09:00:00+05:30,excluded,False,False,False,False,False,0
exp_offer_nudge_v1,subj_02481,CMR Institute of Technology,True,v2.1,False,False,True,2026-09-12T09:00:00+05:30,control,True,False,False,False,False,1
exp_offer_nudge_v1,subj_02482,New Horizon College of Engineering,True,v2.1,False,False,False,2026-09-12T09:00:00+05:30,excluded,False,False,False,False,False,0
exp_offer_nudge_v1,subj_02483,Dayananda Sagar College of Engineering,True,v2.1,False,False,True,2026-09-12T09:00:00+05:30,treatment,True,False,True,False,False,2
exp_offer_nudge_v1,subj_02484,BMS Institute of Technology,True,v2.1,False,False,False,2026-09-12T09:00:00+05:30,excluded,False,False,False,False,False,0
exp_offer_nudge_v1,subj_02485,PES University,True,v2.1,False,False,True,2026-09-12T09:00:00+05:30,treatment,True,False,False,False,False,1
exp_offer_nudge_v1,subj_02486,RV College of Engineering,True,v2.1,False,False,True,2026-09-12T09:00:00+05:30,control,True,False,False,False,False,1
exp_offer_nudge_v1,subj_02487,CMR Institute of Technology,True,v2.1,False,False,True,2026-09-12T09:00:00+05:30,control,True,True,False,False,False,2
exp_offer_nudge_v1,subj_02488,New Horizon College of Engineering,True,v2.1,False,False,True,2026-09-12T09:00:00+05:30,treatment,True,False,False,False,False,1
exp_offer_nudge_v1,subj_02489,Dayananda Sagar College of Engineering,True,v2.1,False,False,True,2026-09-12T09:00:00+05:30,treatment,True,False,False,False,False,1
exp_offer_nudge_v1,subj_02490,BMS Institute of Technology,True,v2.1,False,False,False,2026-09-12T09:00:00+05:30,excluded,False,False,False,False,False,0
exp_offer_nudge_v1,subj_02491,PES University,True,v2.1,False,False,False,2026-09-12T09:00:00+05:30,excluded,False,False,False,False,False,0
exp_offer_nudge_v1,subj_02492,RV College of Engineering,True,v2.1,False,False,True,2026-09-12T09:00:00+05:30,control,True,True,False,False,False,2
exp_offer_nudge_v1,subj_02493,CMR Institute of Technology,True,v2.1,False,False,True,2026-09-12T09:00:00+05:30,control,True,False,True,True,False,3
exp_offer_nudge_v1,subj_02494,New Horizon College of Engineering,True,v2.1,False,False,False,2026-09-12T09:00:00+05:30,excluded,False,False,False,False,False,0
exp_offer_nudge_v1,subj_02495,Dayananda Sagar College of Engineering,True,v2.1,False,False,True,2026-09-12T09:00:00+05:30,treatment,True,False,True,False,False,2
exp_offer_nudge_v1,subj_02496,BMS Institute of Technology,True,v2.1,False,False,True,2026-09-12T09:00:00+05:30,control,True,True,False,False,False,2
exp_offer_nudge_v1,subj_02497,PES University,True,v2.1,False,False,True,2026-09-12T09:00:00+05:30,treatment,True,True,True,False,False,3
exp_offer_nudge_v1,subj_02498,RV College of Engineering,True,v2.1,False,False,True,2026-09-12T09:00:00+05:30,treatment,True,False,False,False,False,1
exp_offer_nudge_v1,subj_02499,CMR Institute of Technology,True,v2.1,False,False,True,2026-09-12T09:00:00+05:30,control,True,False,False,False,False,1
exp_offer_nudge_v1,subj_02500,New Horizon College of Engineering,True,v2.1,False,False,True,2026-09-12T09:00:00+05:30,treatment,True,True,False,False,False,2
exp_offer_nudge_v1,subj_02501,Dayananda Sagar College of Engineering,True,v2.1,False,False,False,2026-09-12T09:00:00+05:30,excluded,False,False,False,False,False,0
exp_offer_nudge_v1,subj_02502,BMS Institute of Technology,True,v2.1,False,False,True,2026-09-12T09:00:00+05:30,treatment,True,False,False,False,False,1
exp_offer_nudge_v1,subj_02503,PES University,True,v2.1,False,False,True,2026-09-12T09:00:00+05:30,excluded,False,False,False,False,False,0
exp_offer_nudge_v1,subj_02504,RV College of Engineering,True,v2.1,False,False,True,2026-09-12T09:00:00+05:30,control,True,True,True,False,False,3
exp_offer_nudge_v1,subj_02505,CMR Institute of Technology,True,v2.1,False,False,True,2026-09-12T09:00:00+05:30,treatment,True,True,False,False,False,2
exp_offer_nudge_v1,subj_02506,New Horizon College of Engineering,True,v2.1,False,False,True,2026-09-12T09:00:00+05:30,treatment,True,False,True,True,False,3
exp_offer_nudge_v1,subj_02507,Dayananda Sagar College of Engineering,True,v2.1,False,False,True,2026-09-12T09:00:00+05:30,treatment,True,False,False,False,False,1
exp_offer_nudge_v1,subj_02508,BMS Institute of Technology,True,v2.1,False,False,True,2026-09-12T09:00:00+05:30,control,True,True,True,True,False,4
exp_offer_nudge_v1,subj_02509,PES University,True,v2.1,False,False,True,2026-09-12T09:00:00+05:30,treatment,True,False,True,False,False,2
exp_offer_nudge_v1,subj_02510,RV College of Engineering,True,v2.1,False,False,False,2026-09-12T09:00:00+05:30,excluded,False,False,False,False,False,0
exp_offer_nudge_v1,subj_02511,CMR Institute of Technology,True,v2.1,False,False,True,2026-09-12T09:00:00+05:30,treatment,True,False,False,False,False,1
exp_offer_nudge_v1,subj_02512,New Horizon College of Engineering,True,v2.1,False,False,True,2026-09-12T09:00:00+05:30,control,True,True,False,False,False,2
exp_offer_nudge_v1,subj_02513,Dayananda Sagar College of Engineering,True,v2.1,False,False,True,2026-09-12T09:00:00+05:30,control,True,False,False,False,False,1
exp_offer_nudge_v1,subj_02514,BMS Institute of Technology,False,,False,False,False,2026-09-12T09:00:00+05:30,excluded,False,False,False,False,False,0
exp_offer_nudge_v1,subj_02515,PES University,False,,False,False,False,2026-09-12T09:00:00+05:30,excluded,False,False,False,False,False,0
exp_offer_nudge_v1,subj_02516,RV College of Engineering,True,v2.1,False,False,True,2026-09-12T09:00:00+05:30,control,True,False,False,False,False,1
exp_offer_nudge_v1,subj_02517,CMR Institute of Technology,True,v2.1,False,False,True,2026-09-12T09:00:00+05:30,control,True,False,True,False,False,2
exp_offer_nudge_v1,subj_02518,New Horizon College of Engineering,True,v2.1,False,True,False,2026-09-12T09:00:00+05:30,excluded,False,False,False,False,False,0
exp_offer_nudge_v1,subj_02519,Dayananda Sagar College of Engineering,True,v2.1,False,False,True,2026-09-12T09:00:00+05:30,treatment,True,True,False,False,False,2
exp_offer_nudge_v1,subj_02520,BMS Institute of Technology,True,v2.1,False,False,True,2026-09-12T09:00:00+05:30,control,True,False,False,False,False,1
exp_offer_nudge_v1,subj_02521,PES University,True,v2.1,False,False,False,2026-09-12T09:00:00+05:30,excluded,False,False,False,False,False,0
exp_offer_nudge_v1,subj_02522,RV College of Engineering,True,v2.1,False,False,True,2026-09-12T09:00:00+05:30,control,True,False,True,False,False,2
exp_offer_nudge_v1,subj_02523,CMR Institute of Technology,True,v2.1,False,False,True,2026-09-12T09:00:00+05:30,treatment,True,False,False,False,False,1
exp_offer_nudge_v1,subj_02524,New Horizon College of Engineering,True,v2.1,False,False,True,2026-09-12T09:00:00+05:30,treatment,True,False,False,False,False,1
exp_offer_nudge_v1,subj_02525,Dayananda Sagar College of Engineering,True,v2.1,False,False,True,2026-09-12T09:00:00+05:30,treatment,True,False,True,True,False,3
exp_offer_nudge_v1,subj_02526,BMS Institute of Technology,True,v2.1,False,False,True,2026-09-12T09:00:00+05:30,control,True,False,False,False,False,1
exp_offer_nudge_v1,subj_02527,PES University,True,v2.1,False,False,False,2026-09-12T09:00:00+05:30,excluded,False,False,False,False,False,0
exp_offer_nudge_v1,subj_02528,RV College of Engineering,True,v2.1,False,False,True,2026-09-12T09:00:00+05:30,control,True,True,False,False,False,2
exp_offer_nudge_v1,subj_02529,CMR Institute of Technology,True,v2.1,False,False,False,2026-09-12T09:00:00+05:30,excluded,False,False,False,False,False,0
exp_offer_nudge_v1,subj_02530,New Horizon College of Engineering,True,v2.1,False,False,True,2026-09-12T09:00:00+05:30,treatment,True,False,False,False,False,1
exp_offer_nudge_v1,subj_02531,Dayananda Sagar College of Engineering,True,v2.1,False,False,True,2026-09-12T09:00:00+05:30,control,True,False,False,False,False,1
exp_offer_nudge_v1,subj_02532,BMS Institute of Technology,True,v2.1,False,False,True,2026-09-12T09:00:00+05:30,control,True,False,False,False,False,1
exp_offer_nudge_v1,subj_02533,PES University,True,v2.1,False,False,True,2026-09-12T09:00:00+05:30,treatment,True,True,False,False,False,2
exp_offer_nudge_v1,subj_02534,RV College of Engineering,True,v2.1,False,False,False,2026-09-12T09:00:00+05:30,excluded,False,False,False,False,False,0
exp_offer_nudge_v1,subj_02535,CMR Institute of Technology,True,v2.1,False,False,True,2026-09-12T09:00:00+05:30,treatment,True,False,True,False,False,2
exp_offer_nudge_v1,subj_02536,New Horizon College of Engineering,True,v2.1,False,False,True,2026-09-12T09:00:00+05:30,treatment,True,False,True,True,True,4
exp_offer_nudge_v1,subj_02537,Dayananda Sagar College of Engineering,True,v2.1,False,False,True,2026-09-12T09:00:00+05:30,control,True,True,False,False,False,2
exp_offer_nudge_v1,subj_02538,BMS Institute of Technology,True,v2.1,False,False,True,2026-09-12T09:00:00+05:30,treatment,True,True,False,False,False,2
exp_offer_nudge_v1,subj_02539,PES University,True,v2.1,False,False,True,2026-09-12T09:00:00+05:30,control,True,False,False,False,False,1
exp_offer_nudge_v1,subj_02540,RV College of Engineering,True,v2.1,False,False,True,2026-09-12T09:00:00+05:30,control,True,False,False,False,False,1
exp_offer_nudge_v1,subj_02541,CMR Institute of Technology,True,v2.1,False,False,True,2026-09-12T09:00:00+05:30,control,True,False,False,False,False,1
exp_offer_nudge_v1,subj_02542,New Horizon College of Engineering,True,v2.1,False,False,True,2026-09-12T09:00:00+05:30,control,True,True,True,False,False,3
exp_offer_nudge_v1,subj_02543,Dayananda Sagar College of Engineering,True,v2.1,False,False,True,2026-09-12T09:00:00+05:30,treatment,True,False,False,False,False,1
exp_offer_nudge_v1,subj_02544,BMS Institute of Technology,True,v2.1,False,False,True,2026-09-12T09:00:00+05:30,control,True,False,True,False,False,2
exp_offer_nudge_v1,subj_02545,PES University,True,v2.1,False,False,False,2026-09-12T09:00:00+05:30,excluded,False,False,False,False,False,0
exp_offer_nudge_v1,subj_02546,RV College of Engineering,True,v2.1,False,False,True,2026-09-12T09:00:00+05:30,control,True,False,False,False,False,1
exp_offer_nudge_v1,subj_02547,CMR Institute of Technology,True,v2.1,False,False,True,2026-09-12T09:00:00+05:30,treatment,True,True,False,False,False,2
exp_offer_nudge_v1,subj_02548,New Horizon College of Engineering,True,v2.1,False,False,False,2026-09-12T09:00:00+05:30,excluded,False,False,False,False,False,0
exp_offer_nudge_v1,subj_02549,Dayananda Sagar College of Engineering,True,v2.1,False,False,True,2026-09-12T09:00:00+05:30,treatment,True,True,False,False,False,2
exp_offer_nudge_v1,subj_02550,BMS Institute of Technology,True,v2.1,False,False,True,2026-09-12T09:00:00+05:30,control,True,False,True,True,False,3
exp_offer_nudge_v1,subj_02551,PES University,True,v2.1,False,False,True,2026-09-12T09:00:00+05:30,control,True,False,False,False,False,1
exp_offer_nudge_v1,subj_02552,RV College of Engineering,True,v2.1,False,False,True,2026-09-12T09:00:00+05:30,control,True,False,True,True,True,4
exp_offer_nudge_v1,subj_02553,CMR Institute of Technology,True,v2.1,False,False,True,2026-09-12T09:00:00+05:30,control,True,False,False,False,False,1
exp_offer_nudge_v1,subj_02554,New Horizon College of Engineering,True,v2.1,False,False,True,2026-09-12T09:00:00+05:30,control,True,False,False,False,False,1
exp_offer_nudge_v1,subj_02555,Dayananda Sagar College of Engineering,True,v2.1,False,False,True,2026-09-12T09:00:00+05:30,treatment,True,False,False,False,False,1
exp_offer_nudge_v1,subj_02556,BMS Institute of Technology,True,v2.1,False,False,True,2026-09-12T09:00:00+05:30,treatment,True,True,False,False,False,2
exp_offer_nudge_v1,subj_02557,PES University,True,v2.1,False,False,True,2026-09-12T09:00:00+05:30,treatment,True,True,True,True,False,4
exp_offer_nudge_v1,subj_02558,RV College of Engineering,True,v2.1,False,False,True,2026-09-12T09:00:00+05:30,treatment,True,True,False,False,False,2
exp_offer_nudge_v1,subj_02559,CMR Institute of Technology,True,v2.1,False,False,True,2026-09-12T09:00:00+05:30,treatment,True,True,False,False,False,2
exp_offer_nudge_v1,subj_02560,New Horizon College of Engineering,True,v2.1,False,False,False,2026-09-12T09:00:00+05:30,excluded,False,False,False,False,False,0
exp_offer_nudge_v1,subj_02561,Dayananda Sagar College of Engineering,True,v2.1,False,False,True,2026-09-12T09:00:00+05:30,control,True,False,True,False,False,2
exp_offer_nudge_v1,subj_02562,BMS Institute of Technology,True,v2.1,False,False,True,2026-09-12T09:00:00+05:30,control,True,False,False,False,False,1
exp_offer_nudge_v1,subj_02563,PES University,True,v2.1,False,False,False,2026-09-12T09:00:00+05:30,excluded,False,False,False,False,False,0
exp_offer_nudge_v1,subj_02564,RV College of Engineering,True,v2.1,False,False,True,2026-09-12T09:00:00+05:30,control,True,True,False,False,False,2
exp_offer_nudge_v1,subj_02565,CMR Institute of Technology,True,v2.1,False,False,True,2026-09-12T09:00:00+05:30,control,True,True,False,False,False,2
exp_offer_nudge_v1,subj_02566,New Horizon College of Engineering,True,v2.1,False,False,True,2026-09-12T09:00:00+05:30,treatment,True,True,False,False,False,2
exp_offer_nudge_v1,subj_02567,Dayananda Sagar College of Engineering,True,v2.1,False,False,True,2026-09-12T09:00:00+05:30,control,True,False,False,False,False,1
exp_offer_nudge_v1,subj_02568,BMS Institute of Technology,True,v2.1,False,False,True,2026-09-12T09:00:00+05:30,treatment,True,False,False,False,False,1
exp_offer_nudge_v1,subj_02569,PES University,True,v2.1,False,False,True,2026-09-12T09:00:00+05:30,treatment,True,True,True,True,True,5
exp_offer_nudge_v1,subj_02570,RV College of Engineering,True,v2.1,True,False,False,2026-09-12T09:00:00+05:30,excluded,False,False,False,False,False,0
exp_offer_nudge_v1,subj_02571,CMR Institute of Technology,False,,False,False,False,2026-09-12T09:00:00+05:30,excluded,False,False,False,False,False,0
exp_offer_nudge_v1,subj_02572,New Horizon College of Engineering,True,v2.1,False,False,True,2026-09-12T09:00:00+05:30,treatment,True,False,False,False,False,1
exp_offer_nudge_v1,subj_02573,Dayananda Sagar College of Engineering,True,v2.1,False,False,False,2026-09-12T09:00:00+05:30,excluded,False,False,False,False,False,0
exp_offer_nudge_v1,subj_02574,BMS Institute of Technology,True,v2.1,False,False,True,2026-09-12T09:00:00+05:30,control,True,False,True,True,False,3
exp_offer_nudge_v1,subj_02575,PES University,True,v2.1,False,False,True,2026-09-12T09:00:00+05:30,control,True,False,False,False,False,1
exp_offer_nudge_v1,subj_02576,RV College of Engineering,True,v2.1,False,False,True,2026-09-12T09:00:00+05:30,treatment,True,False,False,False,False,1
exp_offer_nudge_v1,subj_02577,CMR Institute of Technology,True,v2.1,False,False,False,2026-09-12T09:00:00+05:30,excluded,False,False,False,False,False,0
exp_offer_nudge_v1,subj_02578,New Horizon College of Engineering,True,v2.1,False,False,True,2026-09-12T09:00:00+05:30,control,True,False,False,False,False,1
exp_offer_nudge_v1,subj_02579,Dayananda Sagar College of Engineering,True,v2.1,False,False,False,2026-09-12T09:00:00+05:30,excluded,False,False,False,False,False,0
exp_offer_nudge_v1,subj_02580,BMS Institute of Technology,True,v2.1,False,False,True,2026-09-12T09:00:00+05:30,treatment,True,False,False,False,False,1
exp_offer_nudge_v1,subj_02581,PES University,True,v2.1,False,False,True,2026-09-12T09:00:00+05:30,treatment,True,True,False,False,False,2
exp_offer_nudge_v1,subj_02582,RV College of Engineering,True,v2.1,False,False,True,2026-09-12T09:00:00+05:30,control,True,False,False,False,False,1
exp_offer_nudge_v1,subj_02583,CMR Institute of Technology,True,v2.1,False,False,False,2026-09-12T09:00:00+05:30,excluded,False,False,False,False,False,0
exp_offer_nudge_v1,subj_02584,New Horizon College of Engineering,True,v2.1,False,False,True,2026-09-12T09:00:00+05:30,control,True,False,True,True,True,4
exp_offer_nudge_v1,subj_02585,Dayananda Sagar College of Engineering,True,v2.1,False,False,True,2026-09-12T09:00:00+05:30,treatment,True,False,False,False,False,1
exp_offer_nudge_v1,subj_02586,BMS Institute of Technology,True,v2.1,False,False,True,2026-09-12T09:00:00+05:30,control,True,False,False,False,False,1
exp_offer_nudge_v1,subj_02587,PES University,True,v2.1,False,False,True,2026-09-12T09:00:00+05:30,treatment,True,False,False,False,False,1
exp_offer_nudge_v1,subj_02588,RV College of Engineering,True,v2.1,False,False,True,2026-09-12T09:00:00+05:30,control,True,False,False,False,False,1
exp_offer_nudge_v1,subj_02589,CMR Institute of Technology,True,v2.1,False,False,True,2026-09-12T09:00:00+05:30,control,True,False,False,False,False,1
exp_offer_nudge_v1,subj_02590,New Horizon College of Engineering,True,v2.1,False,False,True,2026-09-12T09:00:00+05:30,treatment,True,True,True,False,False,3
exp_offer_nudge_v1,subj_02591,Dayananda Sagar College of Engineering,False,,False,False,False,2026-09-12T09:00:00+05:30,excluded,False,False,False,False,False,0
exp_offer_nudge_v1,subj_02592,BMS Institute of Technology,True,v2.1,False,False,True,2026-09-12T09:00:00+05:30,control,True,False,False,False,False,1
exp_offer_nudge_v1,subj_02593,PES University,True,v2.1,False,False,True,2026-09-12T09:00:00+05:30,treatment,True,False,False,False,False,1
exp_offer_nudge_v1,subj_02594,RV College of Engineering,True,v2.1,True,False,False,2026-09-12T09:00:00+05:30,excluded,False,False,False,False,False,0
exp_offer_nudge_v1,subj_02595,CMR Institute of Technology,False,,False,False,False,2026-09-12T09:00:00+05:30,excluded,False,False,False,False,False,0
exp_offer_nudge_v1,subj_02596,New Horizon College of Engineering,True,v2.1,False,False,True,2026-09-12T09:00:00+05:30,control,True,False,False,False,False,1
exp_offer_nudge_v1,subj_02597,Dayananda Sagar College of Engineering,True,v2.1,False,False,True,2026-09-12T09:00:00+05:30,control,True,False,False,False,False,1
exp_offer_nudge_v1,subj_02598,BMS Institute of Technology,True,v2.1,False,False,True,2026-09-12T09:00:00+05:30,excluded,False,False,False,False,False,0
exp_offer_nudge_v1,subj_02599,PES University,True,v2.1,False,False,True,2026-09-12T09:00:00+05:30,control,True,False,False,False,False,1
exp_offer_nudge_v1,subj_02600,RV College of Engineering,True,v2.1,False,False,True,2026-09-12T09:00:00+05:30,treatment,True,False,False,False,False,1
exp_offer_nudge_v1,subj_02601,CMR Institute of Technology,True,v2.1,False,False,True,2026-09-12T09:00:00+05:30,treatment,True,True,False,False,False,2
exp_offer_nudge_v1,subj_02602,New Horizon College of Engineering,True,v2.1,False,False,False,2026-09-12T09:00:00+05:30,excluded,False,False,False,False,False,0
exp_offer_nudge_v1,subj_02603,Dayananda Sagar College of Engineering,True,v2.1,False,False,True,2026-09-12T09:00:00+05:30,control,True,False,False,False,False,1
exp_offer_nudge_v1,subj_02604,BMS Institute of Technology,True,v2.1,False,False,True,2026-09-12T09:00:00+05:30,control,True,False,False,False,False,1
exp_offer_nudge_v1,subj_02605,PES University,True,v2.1,False,False,False,2026-09-12T09:00:00+05:30,excluded,False,False,False,False,False,0
exp_offer_nudge_v1,subj_02606,RV College of Engineering,True,v2.1,False,False,True,2026-09-12T09:00:00+05:30,control,True,True,False,False,False,2
exp_offer_nudge_v1,subj_02607,CMR Institute of Technology,True,v2.1,False,False,True,2026-09-12T09:00:00+05:30,treatment,True,True,True,False,False,3
exp_offer_nudge_v1,subj_02608,New Horizon College of Engineering,True,v2.1,False,False,True,2026-09-12T09:00:00+05:30,treatment,True,True,False,False,False,2
exp_offer_nudge_v1,subj_02609,Dayananda Sagar College of Engineering,True,v2.1,False,False,False,2026-09-12T09:00:00+05:30,excluded,False,False,False,False,False,0
exp_offer_nudge_v1,subj_02610,BMS Institute of Technology,True,v2.1,False,False,True,2026-09-12T09:00:00+05:30,control,True,False,False,False,False,1
exp_offer_nudge_v1,subj_02611,PES University,True,v2.1,False,False,True,2026-09-12T09:00:00+05:30,control,True,False,False,False,False,1
exp_offer_nudge_v1,subj_02612,RV College of Engineering,True,v2.1,False,False,True,2026-09-12T09:00:00+05:30,treatment,True,False,False,False,False,1
exp_offer_nudge_v1,subj_02613,CMR Institute of Technology,True,v2.1,False,False,False,2026-09-12T09:00:00+05:30,excluded,False,False,False,False,False,0
exp_offer_nudge_v1,subj_02614,New Horizon College of Engineering,True,v2.1,False,False,True,2026-09-12T09:00:00+05:30,treatment,True,False,False,False,False,1
exp_offer_nudge_v1,subj_02615,Dayananda Sagar College of Engineering,True,v2.1,False,False,True,2026-09-12T09:00:00+05:30,treatment,True,True,True,True,True,5
exp_offer_nudge_v1,subj_02616,BMS Institute of Technology,True,v2.1,False,False,True,2026-09-12T09:00:00+05:30,treatment,True,False,False,False,False,1
exp_offer_nudge_v1,subj_02617,PES University,True,v2.1,False,False,True,2026-09-12T09:00:00+05:30,control,True,False,False,False,False,1
exp_offer_nudge_v1,subj_02618,RV College of Engineering,True,v2.1,False,False,True,2026-09-12T09:00:00+05:30,control,True,False,False,False,False,1
exp_offer_nudge_v1,subj_02619,CMR Institute of Technology,True,v2.1,False,False,True,2026-09-12T09:00:00+05:30,control,True,True,False,False,False,2
exp_offer_nudge_v1,subj_02620,New Horizon College of Engineering,True,v2.1,False,False,True,2026-09-12T09:00:00+05:30,control,True,False,False,False,False,1
exp_offer_nudge_v1,subj_02621,Dayananda Sagar College of Engineering,True,v2.1,False,False,True,2026-09-12T09:00:00+05:30,treatment,True,True,False,False,False,2
exp_offer_nudge_v1,subj_02622,BMS Institute of Technology,True,v2.1,False,False,False,2026-09-12T09:00:00+05:30,excluded,False,False,False,False,False,0
exp_offer_nudge_v1,subj_02623,PES University,True,v2.1,False,False,True,2026-09-12T09:00:00+05:30,treatment,True,False,False,False,False,1
exp_offer_nudge_v1,subj_02624,RV College of Engineering,True,v2.1,False,False,True,2026-09-12T09:00:00+05:30,control,True,False,False,False,False,1
exp_offer_nudge_v1,subj_02625,CMR Institute of Technology,True,v2.1,False,False,True,2026-09-12T09:00:00+05:30,control,True,False,False,False,False,1
exp_offer_nudge_v1,subj_02626,New Horizon College of Engineering,True,v2.1,False,False,True,2026-09-12T09:00:00+05:30,control,True,False,False,False,False,1
exp_offer_nudge_v1,subj_02627,Dayananda Sagar College of Engineering,True,v2.1,False,False,True,2026-09-12T09:00:00+05:30,control,True,True,True,False,False,3
exp_offer_nudge_v1,subj_02628,BMS Institute of Technology,True,v2.1,False,False,False,2026-09-12T09:00:00+05:30,excluded,False,False,False,False,False,0
exp_offer_nudge_v1,subj_02629,PES University,True,v2.1,False,False,True,2026-09-12T09:00:00+05:30,treatment,True,True,False,False,False,2
exp_offer_nudge_v1,subj_02630,RV College of Engineering,True,v2.1,False,False,True,2026-09-12T09:00:00+05:30,treatment,True,True,True,False,False,3
exp_offer_nudge_v1,subj_02631,CMR Institute of Technology,True,v2.1,False,False,True,2026-09-12T09:00:00+05:30,control,True,False,False,False,False,1
exp_offer_nudge_v1,subj_02632,New Horizon College of Engineering,True,v2.1,False,False,True,2026-09-12T09:00:00+05:30,control,True,True,True,True,True,5
exp_offer_nudge_v1,subj_02633,Dayananda Sagar College of Engineering,True,v2.1,False,False,True,2026-09-12T09:00:00+05:30,treatment,True,False,False,False,False,1
exp_offer_nudge_v1,subj_02634,BMS Institute of Technology,True,v2.1,False,False,True,2026-09-12T09:00:00+05:30,treatment,True,True,True,False,False,3
exp_offer_nudge_v1,subj_02635,PES University,True,v2.1,False,False,True,2026-09-12T09:00:00+05:30,control,True,False,False,False,False,1
exp_offer_nudge_v1,subj_02636,RV College of Engineering,True,v2.1,False,False,True,2026-09-12T09:00:00+05:30,control,True,True,False,False,False,2
exp_offer_nudge_v1,subj_02637,CMR Institute of Technology,False,,False,False,False,2026-09-12T09:00:00+05:30,excluded,False,False,False,False,False,0
exp_offer_nudge_v1,subj_02638,New Horizon College of Engineering,True,v2.1,False,False,True,2026-09-12T09:00:00+05:30,control,True,False,False,False,False,1
exp_offer_nudge_v1,subj_02639,Dayananda Sagar College of Engineering,True,v2.1,False,False,True,2026-09-12T09:00:00+05:30,control,True,False,True,False,False,2
exp_offer_nudge_v1,subj_02640,BMS Institute of Technology,True,v2.1,False,True,False,2026-09-12T09:00:00+05:30,excluded,False,False,False,False,False,0
exp_offer_nudge_v1,subj_02641,PES University,True,v2.1,False,False,True,2026-09-12T09:00:00+05:30,control,True,False,False,False,False,1
exp_offer_nudge_v1,subj_02642,RV College of Engineering,True,v2.1,False,False,True,2026-09-12T09:00:00+05:30,control,True,False,False,False,False,1
exp_offer_nudge_v1,subj_02643,CMR Institute of Technology,True,v2.1,False,False,True,2026-09-12T09:00:00+05:30,treatment,True,True,True,True,True,5
exp_offer_nudge_v1,subj_02644,New Horizon College of Engineering,True,v2.1,False,False,True,2026-09-12T09:00:00+05:30,treatment,True,False,True,True,True,4
exp_offer_nudge_v1,subj_02645,Dayananda Sagar College of Engineering,True,v2.1,False,False,True,2026-09-12T09:00:00+05:30,treatment,True,False,False,False,False,1
exp_offer_nudge_v1,subj_02646,BMS Institute of Technology,True,v2.1,False,False,True,2026-09-12T09:00:00+05:30,treatment,True,True,False,False,False,2
exp_offer_nudge_v1,subj_02647,PES University,True,v2.1,False,False,True,2026-09-12T09:00:00+05:30,treatment,True,False,False,False,False,1
exp_offer_nudge_v1,subj_02648,RV College of Engineering,True,v2.1,False,False,True,2026-09-12T09:00:00+05:30,treatment,True,False,False,False,False,1
exp_offer_nudge_v1,subj_02649,CMR Institute of Technology,True,v2.1,True,False,False,2026-09-12T09:00:00+05:30,excluded,False,False,False,False,False,0
exp_offer_nudge_v1,subj_02650,New Horizon College of Engineering,True,v2.1,False,False,True,2026-09-12T09:00:00+05:30,control,True,False,True,True,False,3
exp_offer_nudge_v1,subj_02651,Dayananda Sagar College of Engineering,True,v2.1,False,False,True,2026-09-12T09:00:00+05:30,treatment,True,False,True,False,False,2
exp_offer_nudge_v1,subj_02652,BMS Institute of Technology,True,v2.1,False,False,True,2026-09-12T09:00:00+05:30,treatment,True,False,False,False,False,1
exp_offer_nudge_v1,subj_02653,PES University,True,v2.1,False,False,True,2026-09-12T09:00:00+05:30,control,True,False,False,False,False,1
exp_offer_nudge_v1,subj_02654,RV College of Engineering,True,v2.1,False,False,True,2026-09-12T09:00:00+05:30,treatment,True,False,False,False,False,1
exp_offer_nudge_v1,subj_02655,CMR Institute of Technology,True,v2.1,False,False,True,2026-09-12T09:00:00+05:30,treatment,True,True,False,False,False,2
exp_offer_nudge_v1,subj_02656,New Horizon College of Engineering,True,v2.1,False,False,True,2026-09-12T09:00:00+05:30,control,True,False,False,False,False,1
exp_offer_nudge_v1,subj_02657,Dayananda Sagar College of Engineering,True,v2.1,False,False,True,2026-09-12T09:00:00+05:30,control,True,False,False,False,False,1
exp_offer_nudge_v1,subj_02658,BMS Institute of Technology,True,v2.1,False,False,False,2026-09-12T09:00:00+05:30,excluded,False,False,False,False,False,0
exp_offer_nudge_v1,subj_02659,PES University,True,v2.1,False,False,True,2026-09-12T09:00:00+05:30,treatment,True,False,False,False,False,1
exp_offer_nudge_v1,subj_02660,RV College of Engineering,True,v2.1,False,False,True,2026-09-12T09:00:00+05:30,control,True,False,False,False,False,1
exp_offer_nudge_v1,subj_02661,CMR Institute of Technology,True,v2.1,False,False,True,2026-09-12T09:00:00+05:30,treatment,True,False,True,True,True,4
exp_offer_nudge_v1,subj_02662,New Horizon College of Engineering,True,v2.1,False,False,True,2026-09-12T09:00:00+05:30,treatment,True,False,False,False,False,1
exp_offer_nudge_v1,subj_02663,Dayananda Sagar College of Engineering,True,v2.1,False,False,True,2026-09-12T09:00:00+05:30,treatment,True,False,True,False,False,2
exp_offer_nudge_v1,subj_02664,BMS Institute of Technology,True,v2.1,False,False,True,2026-09-12T09:00:00+05:30,control,True,False,False,False,False,1
exp_offer_nudge_v1,subj_02665,PES University,True,v2.1,False,False,False,2026-09-12T09:00:00+05:30,excluded,False,False,False,False,False,0
exp_offer_nudge_v1,subj_02666,RV College of Engineering,True,v2.1,False,False,True,2026-09-12T09:00:00+05:30,treatment,True,False,False,False,False,1
exp_offer_nudge_v1,subj_02667,CMR Institute of Technology,True,v2.1,False,False,True,2026-09-12T09:00:00+05:30,control,True,False,False,False,False,1
exp_offer_nudge_v1,subj_02668,New Horizon College of Engineering,False,,False,False,False,2026-09-12T09:00:00+05:30,excluded,False,False,False,False,False,0
exp_offer_nudge_v1,subj_02669,Dayananda Sagar College of Engineering,True,v2.1,False,False,True,2026-09-12T09:00:00+05:30,control,True,True,False,False,False,2
exp_offer_nudge_v1,subj_02670,BMS Institute of Technology,True,v2.1,False,False,True,2026-09-12T09:00:00+05:30,treatment,True,False,True,True,True,4
exp_offer_nudge_v1,subj_02671,PES University,True,v2.1,False,False,True,2026-09-12T09:00:00+05:30,control,True,False,False,False,False,1
exp_offer_nudge_v1,subj_02672,RV College of Engineering,True,v2.1,False,False,True,2026-09-12T09:00:00+05:30,control,True,False,True,True,False,3
exp_offer_nudge_v1,subj_02673,CMR Institute of Technology,True,v2.1,False,False,True,2026-09-12T09:00:00+05:30,control,True,False,False,False,False,1
exp_offer_nudge_v1,subj_02674,New Horizon College of Engineering,True,v2.1,False,False,True,2026-09-12T09:00:00+05:30,treatment,True,False,False,False,False,1
exp_offer_nudge_v1,subj_02675,Dayananda Sagar College of Engineering,True,v2.1,False,False,False,2026-09-12T09:00:00+05:30,excluded,False,False,False,False,False,0
exp_offer_nudge_v1,subj_02676,BMS Institute of Technology,True,v2.1,False,False,True,2026-09-12T09:00:00+05:30,treatment,True,True,False,False,False,2
exp_offer_nudge_v1,subj_02677,PES University,True,v2.1,False,False,True,2026-09-12T09:00:00+05:30,control,True,False,False,False,False,1
exp_offer_nudge_v1,subj_02678,RV College of Engineering,True,v2.1,False,False,False,2026-09-12T09:00:00+05:30,excluded,False,False,False,False,False,0
exp_offer_nudge_v1,subj_02679,CMR Institute of Technology,True,v2.1,False,False,True,2026-09-12T09:00:00+05:30,excluded,False,False,False,False,False,0
exp_offer_nudge_v1,subj_02680,New Horizon College of Engineering,True,v2.1,False,False,True,2026-09-12T09:00:00+05:30,treatment,True,False,False,False,False,1
exp_offer_nudge_v1,subj_02681,Dayananda Sagar College of Engineering,True,v2.1,False,False,False,2026-09-12T09:00:00+05:30,excluded,False,False,False,False,False,0
exp_offer_nudge_v1,subj_02682,BMS Institute of Technology,True,v2.1,False,False,True,2026-09-12T09:00:00+05:30,treatment,True,True,False,False,False,2
exp_offer_nudge_v1,subj_02683,PES University,True,v2.1,False,False,False,2026-09-12T09:00:00+05:30,excluded,False,False,False,False,False,0
exp_offer_nudge_v1,subj_02684,RV College of Engineering,True,v2.1,False,False,True,2026-09-12T09:00:00+05:30,treatment,True,True,False,False,False,2
exp_offer_nudge_v1,subj_02685,CMR Institute of Technology,True,v2.1,False,False,True,2026-09-12T09:00:00+05:30,treatment,True,True,False,False,False,2
exp_offer_nudge_v1,subj_02686,New Horizon College of Engineering,True,v2.1,False,False,True,2026-09-12T09:00:00+05:30,treatment,True,False,False,False,False,1
exp_offer_nudge_v1,subj_02687,Dayananda Sagar College of Engineering,True,v2.1,False,False,True,2026-09-12T09:00:00+05:30,control,True,False,False,False,False,1
exp_offer_nudge_v1,subj_02688,BMS Institute of Technology,True,v2.1,False,False,True,2026-09-12T09:00:00+05:30,treatment,True,False,False,False,False,1
exp_offer_nudge_v1,subj_02689,PES University,True,v2.1,False,False,False,2026-09-12T09:00:00+05:30,excluded,False,False,False,False,False,0
exp_offer_nudge_v1,subj_02690,RV College of Engineering,True,v2.1,False,False,True,2026-09-12T09:00:00+05:30,treatment,True,True,False,False,False,2
exp_offer_nudge_v1,subj_02691,CMR Institute of Technology,True,v2.1,True,False,False,2026-09-12T09:00:00+05:30,excluded,False,False,False,False,False,0
exp_offer_nudge_v1,subj_02692,New Horizon College of Engineering,True,v2.1,False,False,True,2026-09-12T09:00:00+05:30,control,True,False,False,False,False,1
exp_offer_nudge_v1,subj_02693,Dayananda Sagar College of Engineering,True,v2.1,False,False,True,2026-09-12T09:00:00+05:30,treatment,True,False,False,False,False,1
exp_offer_nudge_v1,subj_02694,BMS Institute of Technology,True,v2.1,False,False,True,2026-09-12T09:00:00+05:30,control,True,False,False,False,False,1
exp_offer_nudge_v1,subj_02695,PES University,True,v2.1,False,False,True,2026-09-12T09:00:00+05:30,control,True,False,False,False,False,1
exp_offer_nudge_v1,subj_02696,RV College of Engineering,False,,False,False,False,2026-09-12T09:00:00+05:30,excluded,False,False,False,False,False,0
exp_offer_nudge_v1,subj_02697,CMR Institute of Technology,True,v2.1,False,False,True,2026-09-12T09:00:00+05:30,control,True,False,False,False,False,1
exp_offer_nudge_v1,subj_02698,New Horizon College of Engineering,True,v2.1,False,False,True,2026-09-12T09:00:00+05:30,treatment,True,False,True,False,False,2
exp_offer_nudge_v1,subj_02699,Dayananda Sagar College of Engineering,True,v2.1,False,False,True,2026-09-12T09:00:00+05:30,control,True,False,False,False,False,1
exp_offer_nudge_v1,subj_02700,BMS Institute of Technology,True,v2.1,False,False,True,2026-09-12T09:00:00+05:30,treatment,True,False,False,False,False,1
exp_offer_nudge_v1,subj_02701,PES University,True,v2.1,False,False,True,2026-09-12T09:00:00+05:30,control,True,True,False,False,False,2
exp_offer_nudge_v1,subj_02702,RV College of Engineering,True,v2.1,False,False,True,2026-09-12T09:00:00+05:30,treatment,True,False,True,True,False,3
exp_offer_nudge_v1,subj_02703,CMR Institute of Technology,True,v2.1,False,False,True,2026-09-12T09:00:00+05:30,treatment,True,True,False,False,False,2
exp_offer_nudge_v1,subj_02704,New Horizon College of Engineering,True,v2.1,False,True,False,2026-09-12T09:00:00+05:30,excluded,False,False,False,False,False,0
exp_offer_nudge_v1,subj_02705,Dayananda Sagar College of Engineering,True,v2.1,False,False,True,2026-09-12T09:00:00+05:30,treatment,True,False,True,False,False,2
exp_offer_nudge_v1,subj_02706,BMS Institute of Technology,True,v2.1,False,False,True,2026-09-12T09:00:00+05:30,treatment,True,False,True,False,False,2
exp_offer_nudge_v1,subj_02707,PES University,True,v2.1,False,False,True,2026-09-12T09:00:00+05:30,control,True,True,True,True,False,4
exp_offer_nudge_v1,subj_02708,RV College of Engineering,True,v2.1,False,False,True,2026-09-12T09:00:00+05:30,treatment,True,False,False,False,False,1
exp_offer_nudge_v1,subj_02709,CMR Institute of Technology,True,v2.1,False,False,True,2026-09-12T09:00:00+05:30,treatment,True,False,False,False,False,1
exp_offer_nudge_v1,subj_02710,New Horizon College of Engineering,True,v2.1,False,False,False,2026-09-12T09:00:00+05:30,excluded,False,False,False,False,False,0
exp_offer_nudge_v1,subj_02711,Dayananda Sagar College of Engineering,True,v2.1,False,False,True,2026-09-12T09:00:00+05:30,control,True,False,False,False,False,1
exp_offer_nudge_v1,subj_02712,BMS Institute of Technology,True,v2.1,False,False,True,2026-09-12T09:00:00+05:30,control,True,False,False,False,False,1
exp_offer_nudge_v1,subj_02713,PES University,True,v2.1,False,False,True,2026-09-12T09:00:00+05:30,treatment,True,True,False,False,False,2
exp_offer_nudge_v1,subj_02714,RV College of Engineering,True,v2.1,False,False,True,2026-09-12T09:00:00+05:30,control,True,True,False,False,False,2
exp_offer_nudge_v1,subj_02715,CMR Institute of Technology,True,v2.1,False,False,True,2026-09-12T09:00:00+05:30,control,True,False,False,False,False,1
exp_offer_nudge_v1,subj_02716,New Horizon College of Engineering,True,v2.1,False,False,True,2026-09-12T09:00:00+05:30,control,True,False,False,False,False,1
exp_offer_nudge_v1,subj_02717,Dayananda Sagar College of Engineering,True,v2.1,False,False,True,2026-09-12T09:00:00+05:30,control,True,False,True,True,False,3
exp_offer_nudge_v1,subj_02718,BMS Institute of Technology,True,v2.1,False,False,True,2026-09-12T09:00:00+05:30,control,True,False,False,False,False,1
exp_offer_nudge_v1,subj_02719,PES University,True,v2.1,False,False,True,2026-09-12T09:00:00+05:30,control,True,False,False,False,False,1
exp_offer_nudge_v1,subj_02720,RV College of Engineering,True,v2.1,False,False,True,2026-09-12T09:00:00+05:30,treatment,True,False,False,False,False,1
exp_offer_nudge_v1,subj_02721,CMR Institute of Technology,True,v2.1,False,False,False,2026-09-12T09:00:00+05:30,excluded,False,False,False,False,False,0
exp_offer_nudge_v1,subj_02722,New Horizon College of Engineering,True,v2.1,False,False,True,2026-09-12T09:00:00+05:30,control,True,False,True,False,False,2
exp_offer_nudge_v1,subj_02723,Dayananda Sagar College of Engineering,True,v2.1,False,False,True,2026-09-12T09:00:00+05:30,treatment,True,False,False,False,False,1
exp_offer_nudge_v1,subj_02724,BMS Institute of Technology,True,v2.1,False,False,True,2026-09-12T09:00:00+05:30,control,True,True,False,False,False,2
exp_offer_nudge_v1,subj_02725,PES University,True,v2.1,False,False,True,2026-09-12T09:00:00+05:30,treatment,True,False,False,False,False,1
exp_offer_nudge_v1,subj_02726,RV College of Engineering,True,v2.1,False,False,True,2026-09-12T09:00:00+05:30,control,True,False,False,False,False,1
exp_offer_nudge_v1,subj_02727,CMR Institute of Technology,True,v2.1,False,False,True,2026-09-12T09:00:00+05:30,treatment,True,False,False,False,False,1
exp_offer_nudge_v1,subj_02728,New Horizon College of Engineering,True,v2.1,False,False,False,2026-09-12T09:00:00+05:30,excluded,False,False,False,False,False,0
exp_offer_nudge_v1,subj_02729,Dayananda Sagar College of Engineering,True,v2.1,False,False,True,2026-09-12T09:00:00+05:30,treatment,True,False,True,True,False,3
exp_offer_nudge_v1,subj_02730,BMS Institute of Technology,True,v2.1,False,False,True,2026-09-12T09:00:00+05:30,control,True,False,False,False,False,1
exp_offer_nudge_v1,subj_02731,PES University,True,v2.1,False,False,True,2026-09-12T09:00:00+05:30,control,True,False,False,False,False,1
exp_offer_nudge_v1,subj_02732,RV College of Engineering,True,v2.1,False,False,True,2026-09-12T09:00:00+05:30,treatment,True,False,False,False,False,1
exp_offer_nudge_v1,subj_02733,CMR Institute of Technology,True,v2.1,False,False,True,2026-09-12T09:00:00+05:30,control,True,False,False,False,False,1
exp_offer_nudge_v1,subj_02734,New Horizon College of Engineering,True,v2.1,False,True,False,2026-09-12T09:00:00+05:30,excluded,False,False,False,False,False,0
exp_offer_nudge_v1,subj_02735,Dayananda Sagar College of Engineering,True,v2.1,False,False,True,2026-09-12T09:00:00+05:30,treatment,True,False,False,False,False,1
exp_offer_nudge_v1,subj_02736,BMS Institute of Technology,True,v2.1,False,False,True,2026-09-12T09:00:00+05:30,control,True,True,False,False,False,2
exp_offer_nudge_v1,subj_02737,PES University,True,v2.1,False,False,True,2026-09-12T09:00:00+05:30,control,True,False,False,False,False,1
exp_offer_nudge_v1,subj_02738,RV College of Engineering,True,v2.1,False,False,True,2026-09-12T09:00:00+05:30,treatment,True,False,False,False,False,1
exp_offer_nudge_v1,subj_02739,CMR Institute of Technology,True,v2.1,False,False,True,2026-09-12T09:00:00+05:30,control,True,True,False,False,False,2
exp_offer_nudge_v1,subj_02740,New Horizon College of Engineering,True,v2.1,True,False,False,2026-09-12T09:00:00+05:30,excluded,False,False,False,False,False,0
exp_offer_nudge_v1,subj_02741,Dayananda Sagar College of Engineering,False,,False,False,False,2026-09-12T09:00:00+05:30,excluded,False,False,False,False,False,0
exp_offer_nudge_v1,subj_02742,BMS Institute of Technology,True,v2.1,False,False,True,2026-09-12T09:00:00+05:30,control,True,False,False,False,False,1
exp_offer_nudge_v1,subj_02743,PES University,True,v2.1,False,False,True,2026-09-12T09:00:00+05:30,treatment,True,False,False,False,False,1
exp_offer_nudge_v1,subj_02744,RV College of Engineering,True,v2.1,False,False,True,2026-09-12T09:00:00+05:30,control,True,True,False,False,False,2
exp_offer_nudge_v1,subj_02745,CMR Institute of Technology,True,v2.1,False,False,True,2026-09-12T09:00:00+05:30,treatment,True,True,True,False,False,3
exp_offer_nudge_v1,subj_02746,New Horizon College of Engineering,True,v2.1,False,False,False,2026-09-12T09:00:00+05:30,excluded,False,False,False,False,False,0
exp_offer_nudge_v1,subj_02747,Dayananda Sagar College of Engineering,True,v2.1,False,False,True,2026-09-12T09:00:00+05:30,treatment,True,False,True,False,False,2
exp_offer_nudge_v1,subj_02748,BMS Institute of Technology,True,v2.1,False,False,True,2026-09-12T09:00:00+05:30,treatment,True,False,False,False,False,1
exp_offer_nudge_v1,subj_02749,PES University,False,,False,False,False,2026-09-12T09:00:00+05:30,excluded,False,False,False,False,False,0
exp_offer_nudge_v1,subj_02750,RV College of Engineering,True,v2.1,False,False,True,2026-09-12T09:00:00+05:30,treatment,True,False,False,False,False,1
exp_offer_nudge_v1,subj_02751,CMR Institute of Technology,True,v2.1,False,False,False,2026-09-12T09:00:00+05:30,excluded,False,False,False,False,False,0
exp_offer_nudge_v1,subj_02752,New Horizon College of Engineering,False,,False,False,False,2026-09-12T09:00:00+05:30,excluded,False,False,False,False,False,0
exp_offer_nudge_v1,subj_02753,Dayananda Sagar College of Engineering,False,,False,False,False,2026-09-12T09:00:00+05:30,excluded,False,False,False,False,False,0
exp_offer_nudge_v1,subj_02754,BMS Institute of Technology,True,v2.1,False,False,True,2026-09-12T09:00:00+05:30,control,True,True,False,False,False,2
exp_offer_nudge_v1,subj_02755,PES University,True,v2.1,False,False,True,2026-09-12T09:00:00+05:30,control,True,False,False,False,False,1
exp_offer_nudge_v1,subj_02756,RV College of Engineering,True,v2.1,False,False,True,2026-09-12T09:00:00+05:30,excluded,False,False,False,False,False,0
exp_offer_nudge_v1,subj_02757,CMR Institute of Technology,True,v2.1,False,False,True,2026-09-12T09:00:00+05:30,control,True,True,True,True,True,5
exp_offer_nudge_v1,subj_02758,New Horizon College of Engineering,True,v2.1,False,False,True,2026-09-12T09:00:00+05:30,control,True,True,True,False,False,3
exp_offer_nudge_v1,subj_02759,Dayananda Sagar College of Engineering,True,v2.1,False,False,True,2026-09-12T09:00:00+05:30,treatment,True,False,False,False,False,1
exp_offer_nudge_v1,subj_02760,BMS Institute of Technology,True,v2.1,False,False,True,2026-09-12T09:00:00+05:30,treatment,True,False,False,False,False,1
exp_offer_nudge_v1,subj_02761,PES University,True,v2.1,False,False,True,2026-09-12T09:00:00+05:30,control,True,False,False,False,False,1
exp_offer_nudge_v1,subj_02762,RV College of Engineering,True,v2.1,False,False,True,2026-09-12T09:00:00+05:30,control,True,False,False,False,False,1
exp_offer_nudge_v1,subj_02763,CMR Institute of Technology,True,v2.1,False,True,False,2026-09-12T09:00:00+05:30,excluded,False,False,False,False,False,0
exp_offer_nudge_v1,subj_02764,New Horizon College of Engineering,True,v2.1,False,False,True,2026-09-12T09:00:00+05:30,control,True,False,False,False,False,1
exp_offer_nudge_v1,subj_02765,Dayananda Sagar College of Engineering,True,v2.1,False,False,True,2026-09-12T09:00:00+05:30,treatment,True,True,True,True,True,5
exp_offer_nudge_v1,subj_02766,BMS Institute of Technology,True,v2.1,False,False,True,2026-09-12T09:00:00+05:30,control,True,True,True,False,False,3
exp_offer_nudge_v1,subj_02767,PES University,True,v2.1,False,False,True,2026-09-12T09:00:00+05:30,control,True,False,False,False,False,1
exp_offer_nudge_v1,subj_02768,RV College of Engineering,True,v2.1,False,False,True,2026-09-12T09:00:00+05:30,control,True,False,False,False,False,1
exp_offer_nudge_v1,subj_02769,CMR Institute of Technology,True,v2.1,False,False,True,2026-09-12T09:00:00+05:30,control,True,False,False,False,False,1
exp_offer_nudge_v1,subj_02770,New Horizon College of Engineering,True,v2.1,False,False,True,2026-09-12T09:00:00+05:30,control,True,True,False,False,False,2
exp_offer_nudge_v1,subj_02771,Dayananda Sagar College of Engineering,True,v2.1,False,False,True,2026-09-12T09:00:00+05:30,treatment,True,False,False,False,False,1
exp_offer_nudge_v1,subj_02772,BMS Institute of Technology,True,v2.1,False,False,True,2026-09-12T09:00:00+05:30,treatment,True,False,False,False,False,1
exp_offer_nudge_v1,subj_02773,PES University,True,v2.1,False,False,True,2026-09-12T09:00:00+05:30,treatment,True,True,False,False,False,2
exp_offer_nudge_v1,subj_02774,RV College of Engineering,True,v2.1,False,False,True,2026-09-12T09:00:00+05:30,control,True,False,False,False,False,1
exp_offer_nudge_v1,subj_02775,CMR Institute of Technology,True,v2.1,False,False,True,2026-09-12T09:00:00+05:30,control,True,False,False,False,False,1
exp_offer_nudge_v1,subj_02776,New Horizon College of Engineering,True,v2.1,False,False,True,2026-09-12T09:00:00+05:30,control,True,True,False,False,False,2
exp_offer_nudge_v1,subj_02777,Dayananda Sagar College of Engineering,True,v2.1,False,False,True,2026-09-12T09:00:00+05:30,treatment,True,False,False,False,False,1
exp_offer_nudge_v1,subj_02778,BMS Institute of Technology,True,v2.1,False,False,True,2026-09-12T09:00:00+05:30,control,True,True,False,False,False,2
exp_offer_nudge_v1,subj_02779,PES University,True,v2.1,False,False,False,2026-09-12T09:00:00+05:30,excluded,False,False,False,False,False,0
exp_offer_nudge_v1,subj_02780,RV College of Engineering,True,v2.1,False,False,True,2026-09-12T09:00:00+05:30,control,True,False,False,False,False,1
exp_offer_nudge_v1,subj_02781,CMR Institute of Technology,True,v2.1,False,False,True,2026-09-12T09:00:00+05:30,treatment,True,False,False,False,False,1
exp_offer_nudge_v1,subj_02782,New Horizon College of Engineering,True,v2.1,False,False,True,2026-09-12T09:00:00+05:30,control,True,False,True,True,True,4
exp_offer_nudge_v1,subj_02783,Dayananda Sagar College of Engineering,True,v2.1,False,False,False,2026-09-12T09:00:00+05:30,excluded,False,False,False,False,False,0
exp_offer_nudge_v1,subj_02784,BMS Institute of Technology,True,v2.1,False,False,True,2026-09-12T09:00:00+05:30,control,True,True,False,False,False,2
exp_offer_nudge_v1,subj_02785,PES University,True,v2.1,False,False,True,2026-09-12T09:00:00+05:30,treatment,True,True,False,False,False,2
exp_offer_nudge_v1,subj_02786,RV College of Engineering,True,v2.1,True,False,False,2026-09-12T09:00:00+05:30,excluded,False,False,False,False,False,0
exp_offer_nudge_v1,subj_02787,CMR Institute of Technology,True,v2.1,False,False,True,2026-09-12T09:00:00+05:30,control,True,False,True,True,True,4
exp_offer_nudge_v1,subj_02788,New Horizon College of Engineering,True,v2.1,False,False,True,2026-09-12T09:00:00+05:30,control,True,False,False,False,False,1
exp_offer_nudge_v1,subj_02789,Dayananda Sagar College of Engineering,True,v2.1,False,False,True,2026-09-12T09:00:00+05:30,control,True,False,False,False,False,1
exp_offer_nudge_v1,subj_02790,BMS Institute of Technology,True,v2.1,False,False,True,2026-09-12T09:00:00+05:30,control,True,True,True,True,True,5
exp_offer_nudge_v1,subj_02791,PES University,True,v2.1,False,False,True,2026-09-12T09:00:00+05:30,control,True,False,True,False,False,2
exp_offer_nudge_v1,subj_02792,RV College of Engineering,True,v2.1,False,False,True,2026-09-12T09:00:00+05:30,control,True,True,False,False,False,2
exp_offer_nudge_v1,subj_02793,CMR Institute of Technology,False,,False,False,False,2026-09-12T09:00:00+05:30,excluded,False,False,False,False,False,0
exp_offer_nudge_v1,subj_02794,New Horizon College of Engineering,True,v2.1,False,False,True,2026-09-12T09:00:00+05:30,control,True,False,False,False,False,1
exp_offer_nudge_v1,subj_02795,Dayananda Sagar College of Engineering,True,v2.1,False,False,True,2026-09-12T09:00:00+05:30,treatment,True,False,False,False,False,1
exp_offer_nudge_v1,subj_02796,BMS Institute of Technology,True,v2.1,False,False,True,2026-09-12T09:00:00+05:30,treatment,True,True,False,False,False,2
exp_offer_nudge_v1,subj_02797,PES University,True,v2.1,False,False,True,2026-09-12T09:00:00+05:30,treatment,True,True,True,False,False,3
exp_offer_nudge_v1,subj_02798,RV College of Engineering,True,v2.1,False,False,True,2026-09-12T09:00:00+05:30,treatment,True,False,False,False,False,1
exp_offer_nudge_v1,subj_02799,CMR Institute of Technology,True,v2.1,False,False,True,2026-09-12T09:00:00+05:30,treatment,True,False,False,False,False,1
exp_offer_nudge_v1,subj_02800,New Horizon College of Engineering,True,v2.1,False,False,True,2026-09-12T09:00:00+05:30,treatment,True,False,False,False,False,1
exp_offer_nudge_v1,subj_02801,Dayananda Sagar College of Engineering,True,v2.1,False,False,True,2026-09-12T09:00:00+05:30,control,True,False,False,False,False,1
exp_offer_nudge_v1,subj_02802,BMS Institute of Technology,True,v2.1,False,False,True,2026-09-12T09:00:00+05:30,treatment,True,False,False,False,False,1
exp_offer_nudge_v1,subj_02803,PES University,True,v2.1,False,False,True,2026-09-12T09:00:00+05:30,treatment,True,False,True,False,False,2
exp_offer_nudge_v1,subj_02804,RV College of Engineering,True,v2.1,False,False,True,2026-09-12T09:00:00+05:30,control,True,True,False,False,False,2
exp_offer_nudge_v1,subj_02805,CMR Institute of Technology,True,v2.1,False,False,True,2026-09-12T09:00:00+05:30,treatment,True,False,False,False,False,1
exp_offer_nudge_v1,subj_02806,New Horizon College of Engineering,True,v2.1,False,False,True,2026-09-12T09:00:00+05:30,control,True,True,False,False,False,2
exp_offer_nudge_v1,subj_02807,Dayananda Sagar College of Engineering,True,v2.1,False,False,True,2026-09-12T09:00:00+05:30,control,True,False,False,False,False,1
exp_offer_nudge_v1,subj_02808,BMS Institute of Technology,True,v2.1,False,False,True,2026-09-12T09:00:00+05:30,control,True,False,False,False,False,1
exp_offer_nudge_v1,subj_02809,PES University,True,v2.1,False,False,True,2026-09-12T09:00:00+05:30,treatment,True,True,False,False,False,2
exp_offer_nudge_v1,subj_02810,RV College of Engineering,True,v2.1,False,False,True,2026-09-12T09:00:00+05:30,excluded,False,False,False,False,False,0
exp_offer_nudge_v1,subj_02811,CMR Institute of Technology,True,v2.1,False,False,True,2026-09-12T09:00:00+05:30,control,True,True,False,False,False,2
exp_offer_nudge_v1,subj_02812,New Horizon College of Engineering,True,v2.1,False,False,True,2026-09-12T09:00:00+05:30,treatment,True,True,True,True,False,4
exp_offer_nudge_v1,subj_02813,Dayananda Sagar College of Engineering,True,v2.1,False,False,True,2026-09-12T09:00:00+05:30,treatment,True,False,False,False,False,1
exp_offer_nudge_v1,subj_02814,BMS Institute of Technology,True,v2.1,False,False,True,2026-09-12T09:00:00+05:30,control,True,False,False,False,False,1
exp_offer_nudge_v1,subj_02815,PES University,True,v2.1,False,False,True,2026-09-12T09:00:00+05:30,control,True,False,False,False,False,1
exp_offer_nudge_v1,subj_02816,RV College of Engineering,True,v2.1,False,False,True,2026-09-12T09:00:00+05:30,treatment,True,False,False,False,False,1
exp_offer_nudge_v1,subj_02817,CMR Institute of Technology,True,v2.1,False,False,True,2026-09-12T09:00:00+05:30,treatment,True,False,False,False,False,1
exp_offer_nudge_v1,subj_02818,New Horizon College of Engineering,True,v2.1,False,False,True,2026-09-12T09:00:00+05:30,treatment,True,False,True,False,False,2
exp_offer_nudge_v1,subj_02819,Dayananda Sagar College of Engineering,True,v2.1,False,False,True,2026-09-12T09:00:00+05:30,treatment,True,False,False,False,False,1
exp_offer_nudge_v1,subj_02820,BMS Institute of Technology,True,v2.1,False,False,True,2026-09-12T09:00:00+05:30,treatment,True,True,False,False,False,2
exp_offer_nudge_v1,subj_02821,PES University,True,v2.1,False,False,False,2026-09-12T09:00:00+05:30,excluded,False,False,False,False,False,0
exp_offer_nudge_v1,subj_02822,RV College of Engineering,True,v2.1,False,False,True,2026-09-12T09:00:00+05:30,treatment,True,True,False,False,False,2
exp_offer_nudge_v1,subj_02823,CMR Institute of Technology,True,v2.1,False,False,True,2026-09-12T09:00:00+05:30,control,True,True,False,False,False,2
exp_offer_nudge_v1,subj_02824,New Horizon College of Engineering,True,v2.1,False,False,True,2026-09-12T09:00:00+05:30,control,True,False,False,False,False,1
exp_offer_nudge_v1,subj_02825,Dayananda Sagar College of Engineering,True,v2.1,False,False,False,2026-09-12T09:00:00+05:30,excluded,False,False,False,False,False,0
exp_offer_nudge_v1,subj_02826,BMS Institute of Technology,True,v2.1,False,False,False,2026-09-12T09:00:00+05:30,excluded,False,False,False,False,False,0
exp_offer_nudge_v1,subj_02827,PES University,True,v2.1,False,False,False,2026-09-12T09:00:00+05:30,excluded,False,False,False,False,False,0
exp_offer_nudge_v1,subj_02828,RV College of Engineering,True,v2.1,False,False,True,2026-09-12T09:00:00+05:30,treatment,True,True,False,False,False,2
exp_offer_nudge_v1,subj_02829,CMR Institute of Technology,True,v2.1,True,False,False,2026-09-12T09:00:00+05:30,excluded,False,False,False,False,False,0
exp_offer_nudge_v1,subj_02830,New Horizon College of Engineering,True,v2.1,False,False,True,2026-09-12T09:00:00+05:30,treatment,True,True,False,False,False,2
exp_offer_nudge_v1,subj_02831,Dayananda Sagar College of Engineering,True,v2.1,False,False,True,2026-09-12T09:00:00+05:30,control,True,False,False,False,False,1
exp_offer_nudge_v1,subj_02832,BMS Institute of Technology,True,v2.1,False,False,True,2026-09-12T09:00:00+05:30,treatment,True,False,False,False,False,1
exp_offer_nudge_v1,subj_02833,PES University,True,v2.1,False,False,True,2026-09-12T09:00:00+05:30,control,True,False,True,False,False,2
exp_offer_nudge_v1,subj_02834,RV College of Engineering,True,v2.1,False,False,True,2026-09-12T09:00:00+05:30,treatment,True,False,False,False,False,1
exp_offer_nudge_v1,subj_02835,CMR Institute of Technology,True,v2.1,False,False,True,2026-09-12T09:00:00+05:30,control,True,False,False,False,False,1
exp_offer_nudge_v1,subj_02836,New Horizon College of Engineering,True,v2.1,False,False,True,2026-09-12T09:00:00+05:30,treatment,True,False,False,False,False,1
exp_offer_nudge_v1,subj_02837,Dayananda Sagar College of Engineering,True,v2.1,False,False,True,2026-09-12T09:00:00+05:30,control,True,False,False,False,False,1
exp_offer_nudge_v1,subj_02838,BMS Institute of Technology,True,v2.1,False,False,True,2026-09-12T09:00:00+05:30,control,True,False,True,False,False,2
exp_offer_nudge_v1,subj_02839,PES University,True,v2.1,False,False,True,2026-09-12T09:00:00+05:30,control,True,False,False,False,False,1
exp_offer_nudge_v1,subj_02840,RV College of Engineering,True,v2.1,False,True,False,2026-09-12T09:00:00+05:30,excluded,False,False,False,False,False,0
exp_offer_nudge_v1,subj_02841,CMR Institute of Technology,True,v2.1,False,False,True,2026-09-12T09:00:00+05:30,control,True,False,False,False,False,1
exp_offer_nudge_v1,subj_02842,New Horizon College of Engineering,True,v2.1,False,False,True,2026-09-12T09:00:00+05:30,control,True,False,True,True,False,3
exp_offer_nudge_v1,subj_02843,Dayananda Sagar College of Engineering,True,v2.1,False,False,True,2026-09-12T09:00:00+05:30,treatment,True,True,False,False,False,2
exp_offer_nudge_v1,subj_02844,BMS Institute of Technology,True,v2.1,False,False,True,2026-09-12T09:00:00+05:30,treatment,True,True,False,False,False,2
exp_offer_nudge_v1,subj_02845,PES University,True,v2.1,False,False,True,2026-09-12T09:00:00+05:30,treatment,True,False,True,True,True,4
exp_offer_nudge_v1,subj_02846,RV College of Engineering,True,v2.1,False,False,False,2026-09-12T09:00:00+05:30,excluded,False,False,False,False,False,0
exp_offer_nudge_v1,subj_02847,CMR Institute of Technology,True,v2.1,False,False,True,2026-09-12T09:00:00+05:30,control,True,True,False,False,False,2
exp_offer_nudge_v1,subj_02848,New Horizon College of Engineering,True,v2.1,False,False,True,2026-09-12T09:00:00+05:30,control,True,True,False,False,False,2
exp_offer_nudge_v1,subj_02849,Dayananda Sagar College of Engineering,True,v2.1,False,False,True,2026-09-12T09:00:00+05:30,treatment,True,True,False,False,False,2
exp_offer_nudge_v1,subj_02850,BMS Institute of Technology,True,v2.1,False,False,True,2026-09-12T09:00:00+05:30,treatment,True,False,False,False,False,1
exp_offer_nudge_v1,subj_02851,PES University,True,v2.1,False,False,True,2026-09-12T09:00:00+05:30,treatment,True,False,False,False,False,1
exp_offer_nudge_v1,subj_02852,RV College of Engineering,True,v2.1,False,False,True,2026-09-12T09:00:00+05:30,control,True,False,False,False,False,1
exp_offer_nudge_v1,subj_02853,CMR Institute of Technology,True,v2.1,False,False,True,2026-09-12T09:00:00+05:30,control,True,False,True,True,True,4
exp_offer_nudge_v1,subj_02854,New Horizon College of Engineering,False,,False,False,False,2026-09-12T09:00:00+05:30,excluded,False,False,False,False,False,0
exp_offer_nudge_v1,subj_02855,Dayananda Sagar College of Engineering,True,v2.1,False,False,True,2026-09-12T09:00:00+05:30,control,True,True,False,False,False,2
exp_offer_nudge_v1,subj_02856,BMS Institute of Technology,True,v2.1,False,False,False,2026-09-12T09:00:00+05:30,excluded,False,False,False,False,False,0
exp_offer_nudge_v1,subj_02857,PES University,True,v2.1,False,False,True,2026-09-12T09:00:00+05:30,treatment,True,True,False,False,False,2
exp_offer_nudge_v1,subj_02858,RV College of Engineering,True,v2.1,False,False,True,2026-09-12T09:00:00+05:30,control,True,False,False,False,False,1
exp_offer_nudge_v1,subj_02859,CMR Institute of Technology,True,v2.1,False,True,False,2026-09-12T09:00:00+05:30,excluded,False,False,False,False,False,0
exp_offer_nudge_v1,subj_02860,New Horizon College of Engineering,True,v2.1,False,False,False,2026-09-12T09:00:00+05:30,excluded,False,False,False,False,False,0
exp_offer_nudge_v1,subj_02861,Dayananda Sagar College of Engineering,False,,False,False,False,2026-09-12T09:00:00+05:30,excluded,False,False,False,False,False,0
exp_offer_nudge_v1,subj_02862,BMS Institute of Technology,True,v2.1,False,False,True,2026-09-12T09:00:00+05:30,control,True,False,True,True,True,4
exp_offer_nudge_v1,subj_02863,PES University,True,v2.1,False,False,True,2026-09-12T09:00:00+05:30,control,True,False,False,False,False,1
exp_offer_nudge_v1,subj_02864,RV College of Engineering,True,v2.1,False,False,True,2026-09-12T09:00:00+05:30,treatment,True,True,False,False,False,2
exp_offer_nudge_v1,subj_02865,CMR Institute of Technology,True,v2.1,False,False,True,2026-09-12T09:00:00+05:30,treatment,True,True,False,False,False,2
exp_offer_nudge_v1,subj_02866,New Horizon College of Engineering,True,v2.1,False,False,True,2026-09-12T09:00:00+05:30,treatment,True,False,False,False,False,1
exp_offer_nudge_v1,subj_02867,Dayananda Sagar College of Engineering,True,v2.1,False,False,True,2026-09-12T09:00:00+05:30,control,True,True,False,False,False,2
exp_offer_nudge_v1,subj_02868,BMS Institute of Technology,True,v2.1,False,False,True,2026-09-12T09:00:00+05:30,treatment,True,False,True,True,True,4
exp_offer_nudge_v1,subj_02869,PES University,True,v2.1,False,False,True,2026-09-12T09:00:00+05:30,treatment,True,False,True,True,False,3
exp_offer_nudge_v1,subj_02870,RV College of Engineering,True,v2.1,False,False,False,2026-09-12T09:00:00+05:30,excluded,False,False,False,False,False,0
exp_offer_nudge_v1,subj_02871,CMR Institute of Technology,True,v2.1,True,False,False,2026-09-12T09:00:00+05:30,excluded,False,False,False,False,False,0
exp_offer_nudge_v1,subj_02872,New Horizon College of Engineering,True,v2.1,False,False,True,2026-09-12T09:00:00+05:30,control,True,False,False,False,False,1
exp_offer_nudge_v1,subj_02873,Dayananda Sagar College of Engineering,True,v2.1,False,False,True,2026-09-12T09:00:00+05:30,control,True,False,False,False,False,1
exp_offer_nudge_v1,subj_02874,BMS Institute of Technology,True,v2.1,False,False,True,2026-09-12T09:00:00+05:30,control,True,True,False,False,False,2
exp_offer_nudge_v1,subj_02875,PES University,True,v2.1,False,False,True,2026-09-12T09:00:00+05:30,treatment,True,True,True,False,False,3
exp_offer_nudge_v1,subj_02876,RV College of Engineering,True,v2.1,False,False,True,2026-09-12T09:00:00+05:30,treatment,True,False,False,False,False,1
exp_offer_nudge_v1,subj_02877,CMR Institute of Technology,True,v2.1,False,False,True,2026-09-12T09:00:00+05:30,treatment,True,True,True,True,True,5
exp_offer_nudge_v1,subj_02878,New Horizon College of Engineering,True,v2.1,False,False,True,2026-09-12T09:00:00+05:30,control,True,False,False,False,False,1
exp_offer_nudge_v1,subj_02879,Dayananda Sagar College of Engineering,True,v2.1,False,False,True,2026-09-12T09:00:00+05:30,treatment,True,False,False,False,False,1
exp_offer_nudge_v1,subj_02880,BMS Institute of Technology,True,v2.1,False,False,True,2026-09-12T09:00:00+05:30,control,True,False,False,False,False,1
exp_offer_nudge_v1,subj_02881,PES University,True,v2.1,False,False,True,2026-09-12T09:00:00+05:30,control,True,False,False,False,False,1
exp_offer_nudge_v1,subj_02882,RV College of Engineering,True,v2.1,False,False,True,2026-09-12T09:00:00+05:30,control,True,True,True,False,False,3
exp_offer_nudge_v1,subj_02883,CMR Institute of Technology,True,v2.1,False,False,True,2026-09-12T09:00:00+05:30,treatment,True,False,True,True,False,3
exp_offer_nudge_v1,subj_02884,New Horizon College of Engineering,False,,False,False,False,2026-09-12T09:00:00+05:30,excluded,False,False,False,False,False,0
exp_offer_nudge_v1,subj_02885,Dayananda Sagar College of Engineering,True,v2.1,False,False,True,2026-09-12T09:00:00+05:30,treatment,True,True,False,False,False,2
exp_offer_nudge_v1,subj_02886,BMS Institute of Technology,True,v2.1,False,False,True,2026-09-12T09:00:00+05:30,treatment,True,False,False,False,False,1
exp_offer_nudge_v1,subj_02887,PES University,True,v2.1,False,False,True,2026-09-12T09:00:00+05:30,control,True,False,False,False,False,1
exp_offer_nudge_v1,subj_02888,RV College of Engineering,True,v2.1,False,False,False,2026-09-12T09:00:00+05:30,excluded,False,False,False,False,False,0
exp_offer_nudge_v1,subj_02889,CMR Institute of Technology,True,v2.1,False,False,True,2026-09-12T09:00:00+05:30,control,True,False,False,False,False,1
exp_offer_nudge_v1,subj_02890,New Horizon College of Engineering,True,v2.1,False,False,True,2026-09-12T09:00:00+05:30,control,True,False,True,True,True,4
exp_offer_nudge_v1,subj_02891,Dayananda Sagar College of Engineering,True,v2.1,False,False,True,2026-09-12T09:00:00+05:30,treatment,True,True,False,False,False,2
exp_offer_nudge_v1,subj_02892,BMS Institute of Technology,True,v2.1,False,False,True,2026-09-12T09:00:00+05:30,treatment,True,False,False,False,False,1
exp_offer_nudge_v1,subj_02893,PES University,True,v2.1,False,False,False,2026-09-12T09:00:00+05:30,excluded,False,False,False,False,False,0
exp_offer_nudge_v1,subj_02894,RV College of Engineering,True,v2.1,False,False,True,2026-09-12T09:00:00+05:30,treatment,True,False,False,False,False,1
exp_offer_nudge_v1,subj_02895,CMR Institute of Technology,True,v2.1,False,False,True,2026-09-12T09:00:00+05:30,control,True,True,True,False,False,3
exp_offer_nudge_v1,subj_02896,New Horizon College of Engineering,True,v2.1,False,False,True,2026-09-12T09:00:00+05:30,control,True,False,False,False,False,1
exp_offer_nudge_v1,subj_02897,Dayananda Sagar College of Engineering,True,v2.1,False,False,True,2026-09-12T09:00:00+05:30,control,True,True,False,False,False,2
exp_offer_nudge_v1,subj_02898,BMS Institute of Technology,True,v2.1,False,False,True,2026-09-12T09:00:00+05:30,control,True,False,False,False,False,1
exp_offer_nudge_v1,subj_02899,PES University,True,v2.1,False,False,True,2026-09-12T09:00:00+05:30,control,True,True,False,False,False,2
exp_offer_nudge_v1,subj_02900,RV College of Engineering,True,v2.1,False,False,True,2026-09-12T09:00:00+05:30,control,True,False,False,False,False,1
exp_offer_nudge_v1,subj_02901,CMR Institute of Technology,True,v2.1,False,False,True,2026-09-12T09:00:00+05:30,treatment,True,False,False,False,False,1
exp_offer_nudge_v1,subj_02902,New Horizon College of Engineering,True,v2.1,False,False,True,2026-09-12T09:00:00+05:30,excluded,False,False,False,False,False,0
exp_offer_nudge_v1,subj_02903,Dayananda Sagar College of Engineering,True,v2.1,False,False,True,2026-09-12T09:00:00+05:30,control,True,False,False,False,False,1
exp_offer_nudge_v1,subj_02904,BMS Institute of Technology,True,v2.1,False,False,True,2026-09-12T09:00:00+05:30,treatment,True,True,False,False,False,2
exp_offer_nudge_v1,subj_02905,PES University,True,v2.1,False,False,False,2026-09-12T09:00:00+05:30,excluded,False,False,False,False,False,0
exp_offer_nudge_v1,subj_02906,RV College of Engineering,True,v2.1,False,False,True,2026-09-12T09:00:00+05:30,treatment,True,False,False,False,False,1
exp_offer_nudge_v1,subj_02907,CMR Institute of Technology,True,v2.1,False,False,False,2026-09-12T09:00:00+05:30,excluded,False,False,False,False,False,0
exp_offer_nudge_v1,subj_02908,New Horizon College of Engineering,True,v2.1,False,False,True,2026-09-12T09:00:00+05:30,treatment,True,True,False,False,False,2
exp_offer_nudge_v1,subj_02909,Dayananda Sagar College of Engineering,False,,False,False,False,2026-09-12T09:00:00+05:30,excluded,False,False,False,False,False,0
exp_offer_nudge_v1,subj_02910,BMS Institute of Technology,True,v2.1,False,False,False,2026-09-12T09:00:00+05:30,excluded,False,False,False,False,False,0
exp_offer_nudge_v1,subj_02911,PES University,True,v2.1,False,False,False,2026-09-12T09:00:00+05:30,excluded,False,False,False,False,False,0
exp_offer_nudge_v1,subj_02912,RV College of Engineering,True,v2.1,False,False,True,2026-09-12T09:00:00+05:30,excluded,False,False,False,False,False,0
exp_offer_nudge_v1,subj_02913,CMR Institute of Technology,True,v2.1,False,True,False,2026-09-12T09:00:00+05:30,excluded,False,False,False,False,False,0
exp_offer_nudge_v1,subj_02914,New Horizon College of Engineering,True,v2.1,False,False,True,2026-09-12T09:00:00+05:30,treatment,True,True,True,True,True,5
exp_offer_nudge_v1,subj_02915,Dayananda Sagar College of Engineering,True,v2.1,False,False,True,2026-09-12T09:00:00+05:30,treatment,True,False,False,False,False,1
exp_offer_nudge_v1,subj_02916,BMS Institute of Technology,True,v2.1,False,False,True,2026-09-12T09:00:00+05:30,control,True,True,True,False,False,3
exp_offer_nudge_v1,subj_02917,PES University,True,v2.1,False,True,False,2026-09-12T09:00:00+05:30,excluded,False,False,False,False,False,0
exp_offer_nudge_v1,subj_02918,RV College of Engineering,True,v2.1,False,False,True,2026-09-12T09:00:00+05:30,control,True,False,False,False,False,1
exp_offer_nudge_v1,subj_02919,CMR Institute of Technology,True,v2.1,False,False,True,2026-09-12T09:00:00+05:30,treatment,True,False,False,False,False,1
exp_offer_nudge_v1,subj_02920,New Horizon College of Engineering,True,v2.1,False,False,True,2026-09-12T09:00:00+05:30,control,True,True,False,False,False,2
exp_offer_nudge_v1,subj_02921,Dayananda Sagar College of Engineering,True,v2.1,False,False,True,2026-09-12T09:00:00+05:30,control,True,False,False,False,False,1
exp_offer_nudge_v1,subj_02922,BMS Institute of Technology,True,v2.1,False,True,False,2026-09-12T09:00:00+05:30,excluded,False,False,False,False,False,0
exp_offer_nudge_v1,subj_02923,PES University,True,v2.1,False,False,True,2026-09-12T09:00:00+05:30,control,True,True,False,False,False,2
exp_offer_nudge_v1,subj_02924,RV College of Engineering,True,v2.1,False,False,True,2026-09-12T09:00:00+05:30,control,True,False,False,False,False,1
exp_offer_nudge_v1,subj_02925,CMR Institute of Technology,True,v2.1,False,False,True,2026-09-12T09:00:00+05:30,treatment,True,False,False,False,False,1
exp_offer_nudge_v1,subj_02926,New Horizon College of Engineering,True,v2.1,False,False,False,2026-09-12T09:00:00+05:30,excluded,False,False,False,False,False,0
exp_offer_nudge_v1,subj_02927,Dayananda Sagar College of Engineering,False,,False,False,False,2026-09-12T09:00:00+05:30,excluded,False,False,False,False,False,0
exp_offer_nudge_v1,subj_02928,BMS Institute of Technology,True,v2.1,False,False,True,2026-09-12T09:00:00+05:30,control,True,True,False,False,False,2
exp_offer_nudge_v1,subj_02929,PES University,True,v2.1,False,False,True,2026-09-12T09:00:00+05:30,treatment,True,False,False,False,False,1
exp_offer_nudge_v1,subj_02930,RV College of Engineering,True,v2.1,False,False,True,2026-09-12T09:00:00+05:30,treatment,True,False,False,False,False,1
exp_offer_nudge_v1,subj_02931,CMR Institute of Technology,True,v2.1,False,False,True,2026-09-12T09:00:00+05:30,control,True,False,False,False,False,1
exp_offer_nudge_v1,subj_02932,New Horizon College of Engineering,True,v2.1,False,False,True,2026-09-12T09:00:00+05:30,treatment,True,True,False,False,False,2
exp_offer_nudge_v1,subj_02933,Dayananda Sagar College of Engineering,True,v2.1,False,False,True,2026-09-12T09:00:00+05:30,treatment,True,False,False,False,False,1
exp_offer_nudge_v1,subj_02934,BMS Institute of Technology,True,v2.1,False,False,True,2026-09-12T09:00:00+05:30,treatment,True,False,True,True,False,3
exp_offer_nudge_v1,subj_02935,PES University,True,v2.1,False,False,True,2026-09-12T09:00:00+05:30,treatment,True,True,False,False,False,2
exp_offer_nudge_v1,subj_02936,RV College of Engineering,True,v2.1,False,False,True,2026-09-12T09:00:00+05:30,control,True,False,False,False,False,1
exp_offer_nudge_v1,subj_02937,CMR Institute of Technology,True,v2.1,False,False,False,2026-09-12T09:00:00+05:30,excluded,False,False,False,False,False,0
exp_offer_nudge_v1,subj_02938,New Horizon College of Engineering,True,v2.1,False,True,False,2026-09-12T09:00:00+05:30,excluded,False,False,False,False,False,0
exp_offer_nudge_v1,subj_02939,Dayananda Sagar College of Engineering,True,v2.1,False,False,True,2026-09-12T09:00:00+05:30,treatment,True,True,False,False,False,2
exp_offer_nudge_v1,subj_02940,BMS Institute of Technology,True,v2.1,False,False,True,2026-09-12T09:00:00+05:30,control,True,False,True,False,False,2
exp_offer_nudge_v1,subj_02941,PES University,True,v2.1,False,False,True,2026-09-12T09:00:00+05:30,treatment,True,False,False,False,False,1
exp_offer_nudge_v1,subj_02942,RV College of Engineering,True,v2.1,False,False,True,2026-09-12T09:00:00+05:30,control,True,False,False,False,False,1
exp_offer_nudge_v1,subj_02943,CMR Institute of Technology,True,v2.1,False,False,True,2026-09-12T09:00:00+05:30,treatment,True,False,False,False,False,1
exp_offer_nudge_v1,subj_02944,New Horizon College of Engineering,True,v2.1,False,False,True,2026-09-12T09:00:00+05:30,treatment,True,False,False,False,False,1
exp_offer_nudge_v1,subj_02945,Dayananda Sagar College of Engineering,True,v2.1,False,False,True,2026-09-12T09:00:00+05:30,control,True,False,False,False,False,1
exp_offer_nudge_v1,subj_02946,BMS Institute of Technology,True,v2.1,False,False,True,2026-09-12T09:00:00+05:30,control,True,True,True,True,True,5
exp_offer_nudge_v1,subj_02947,PES University,True,v2.1,False,False,True,2026-09-12T09:00:00+05:30,treatment,True,False,False,False,False,1
exp_offer_nudge_v1,subj_02948,RV College of Engineering,True,v2.1,False,False,True,2026-09-12T09:00:00+05:30,excluded,False,False,False,False,False,0
exp_offer_nudge_v1,subj_02949,CMR Institute of Technology,True,v2.1,False,False,True,2026-09-12T09:00:00+05:30,control,True,True,False,False,False,2
exp_offer_nudge_v1,subj_02950,New Horizon College of Engineering,True,v2.1,False,False,True,2026-09-12T09:00:00+05:30,treatment,True,False,False,False,False,1
exp_offer_nudge_v1,subj_02951,Dayananda Sagar College of Engineering,True,v2.1,False,False,False,2026-09-12T09:00:00+05:30,excluded,False,False,False,False,False,0
exp_offer_nudge_v1,subj_02952,BMS Institute of Technology,True,v2.1,False,False,True,2026-09-12T09:00:00+05:30,control,True,False,True,False,False,2
exp_offer_nudge_v1,subj_02953,PES University,True,v2.1,False,False,True,2026-09-12T09:00:00+05:30,treatment,True,True,False,False,False,2
exp_offer_nudge_v1,subj_02954,RV College of Engineering,True,v2.1,False,False,True,2026-09-12T09:00:00+05:30,control,True,True,False,False,False,2
exp_offer_nudge_v1,subj_02955,CMR Institute of Technology,True,v2.1,False,False,True,2026-09-12T09:00:00+05:30,control,True,False,False,False,False,1
exp_offer_nudge_v1,subj_02956,New Horizon College of Engineering,True,v2.1,False,False,True,2026-09-12T09:00:00+05:30,control,True,True,True,True,True,5
exp_offer_nudge_v1,subj_02957,Dayananda Sagar College of Engineering,True,v2.1,False,False,False,2026-09-12T09:00:00+05:30,excluded,False,False,False,False,False,0
exp_offer_nudge_v1,subj_02958,BMS Institute of Technology,True,v2.1,False,False,True,2026-09-12T09:00:00+05:30,control,True,False,False,False,False,1
exp_offer_nudge_v1,subj_02959,PES University,True,v2.1,False,False,True,2026-09-12T09:00:00+05:30,treatment,True,False,False,False,False,1
exp_offer_nudge_v1,subj_02960,RV College of Engineering,True,v2.1,False,False,True,2026-09-12T09:00:00+05:30,control,True,True,False,False,False,2
exp_offer_nudge_v1,subj_02961,CMR Institute of Technology,True,v2.1,False,False,True,2026-09-12T09:00:00+05:30,treatment,True,False,False,False,False,1
exp_offer_nudge_v1,subj_02962,New Horizon College of Engineering,True,v2.1,False,False,True,2026-09-12T09:00:00+05:30,treatment,True,False,False,False,False,1
exp_offer_nudge_v1,subj_02963,Dayananda Sagar College of Engineering,True,v2.1,False,False,True,2026-09-12T09:00:00+05:30,treatment,True,True,False,False,False,2
exp_offer_nudge_v1,subj_02964,BMS Institute of Technology,True,v2.1,False,False,True,2026-09-12T09:00:00+05:30,control,True,True,False,False,False,2
exp_offer_nudge_v1,subj_02965,PES University,True,v2.1,False,False,True,2026-09-12T09:00:00+05:30,control,True,False,False,False,False,1
exp_offer_nudge_v1,subj_02966,RV College of Engineering,True,v2.1,False,False,False,2026-09-12T09:00:00+05:30,excluded,False,False,False,False,False,0
exp_offer_nudge_v1,subj_02967,CMR Institute of Technology,True,v2.1,False,False,True,2026-09-12T09:00:00+05:30,treatment,True,False,False,False,False,1
exp_offer_nudge_v1,subj_02968,New Horizon College of Engineering,True,v2.1,False,False,True,2026-09-12T09:00:00+05:30,treatment,True,True,False,False,False,2
exp_offer_nudge_v1,subj_02969,Dayananda Sagar College of Engineering,True,v2.1,False,False,True,2026-09-12T09:00:00+05:30,treatment,True,False,False,False,False,1
exp_offer_nudge_v1,subj_02970,BMS Institute of Technology,True,v2.1,False,False,True,2026-09-12T09:00:00+05:30,control,True,False,False,False,False,1
exp_offer_nudge_v1,subj_02971,PES University,True,v2.1,False,False,True,2026-09-12T09:00:00+05:30,control,True,False,False,False,False,1
exp_offer_nudge_v1,subj_02972,RV College of Engineering,True,v2.1,False,False,True,2026-09-12T09:00:00+05:30,control,True,False,False,False,False,1
exp_offer_nudge_v1,subj_02973,CMR Institute of Technology,True,v2.1,False,False,True,2026-09-12T09:00:00+05:30,treatment,True,False,True,True,False,3
exp_offer_nudge_v1,subj_02974,New Horizon College of Engineering,True,v2.1,False,False,True,2026-09-12T09:00:00+05:30,treatment,True,False,False,False,False,1
exp_offer_nudge_v1,subj_02975,Dayananda Sagar College of Engineering,True,v2.1,False,False,True,2026-09-12T09:00:00+05:30,treatment,True,True,False,False,False,2
exp_offer_nudge_v1,subj_02976,BMS Institute of Technology,True,v2.1,False,False,True,2026-09-12T09:00:00+05:30,treatment,True,False,False,False,False,1
exp_offer_nudge_v1,subj_02977,PES University,True,v2.1,False,False,True,2026-09-12T09:00:00+05:30,treatment,True,False,False,False,False,1
exp_offer_nudge_v1,subj_02978,RV College of Engineering,True,v2.1,False,False,True,2026-09-12T09:00:00+05:30,treatment,True,False,True,True,True,4
exp_offer_nudge_v1,subj_02979,CMR Institute of Technology,True,v2.1,False,False,True,2026-09-12T09:00:00+05:30,control,True,False,False,False,False,1
exp_offer_nudge_v1,subj_02980,New Horizon College of Engineering,True,v2.1,False,False,False,2026-09-12T09:00:00+05:30,excluded,False,False,False,False,False,0
exp_offer_nudge_v1,subj_02981,Dayananda Sagar College of Engineering,True,v2.1,False,False,True,2026-09-12T09:00:00+05:30,control,True,True,False,False,False,2
exp_offer_nudge_v1,subj_02982,BMS Institute of Technology,True,v2.1,False,False,True,2026-09-12T09:00:00+05:30,treatment,True,False,False,False,False,1
exp_offer_nudge_v1,subj_02983,PES University,True,v2.1,False,False,True,2026-09-12T09:00:00+05:30,control,True,False,False,False,False,1
exp_offer_nudge_v1,subj_02984,RV College of Engineering,True,v2.1,False,False,True,2026-09-12T09:00:00+05:30,control,True,True,True,True,True,5
exp_offer_nudge_v1,subj_02985,CMR Institute of Technology,True,v2.1,False,False,True,2026-09-12T09:00:00+05:30,control,True,False,False,False,False,1
exp_offer_nudge_v1,subj_02986,New Horizon College of Engineering,True,v2.1,False,False,True,2026-09-12T09:00:00+05:30,treatment,True,False,False,False,False,1
exp_offer_nudge_v1,subj_02987,Dayananda Sagar College of Engineering,True,v2.1,False,False,False,2026-09-12T09:00:00+05:30,excluded,False,False,False,False,False,0
exp_offer_nudge_v1,subj_02988,BMS Institute of Technology,True,v2.1,False,False,True,2026-09-12T09:00:00+05:30,treatment,True,False,False,False,False,1
exp_offer_nudge_v1,subj_02989,PES University,True,v2.1,False,False,True,2026-09-12T09:00:00+05:30,treatment,True,False,True,True,True,4
exp_offer_nudge_v1,subj_02990,RV College of Engineering,True,v2.1,False,False,True,2026-09-12T09:00:00+05:30,treatment,True,False,False,False,False,1
exp_offer_nudge_v1,subj_02991,CMR Institute of Technology,True,v2.1,False,False,True,2026-09-12T09:00:00+05:30,control,True,True,False,False,False,2
exp_offer_nudge_v1,subj_02992,New Horizon College of Engineering,True,v2.1,False,False,True,2026-09-12T09:00:00+05:30,treatment,True,False,True,True,True,4
exp_offer_nudge_v1,subj_02993,Dayananda Sagar College of Engineering,True,v2.1,False,False,True,2026-09-12T09:00:00+05:30,control,True,False,False,False,False,1
exp_offer_nudge_v1,subj_02994,BMS Institute of Technology,True,v2.1,False,False,True,2026-09-12T09:00:00+05:30,treatment,True,False,True,True,True,4
exp_offer_nudge_v1,subj_02995,PES University,True,v2.1,False,False,True,2026-09-12T09:00:00+05:30,treatment,True,False,True,True,False,3
exp_offer_nudge_v1,subj_02996,RV College of Engineering,True,v2.1,False,False,True,2026-09-12T09:00:00+05:30,control,True,False,False,False,False,1
exp_offer_nudge_v1,subj_02997,CMR Institute of Technology,True,v2.1,False,False,False,2026-09-12T09:00:00+05:30,excluded,False,False,False,False,False,0
exp_offer_nudge_v1,subj_02998,New Horizon College of Engineering,True,v2.1,True,False,False,2026-09-12T09:00:00+05:30,excluded,False,False,False,False,False,0
exp_offer_nudge_v1,subj_02999,Dayananda Sagar College of Engineering,True,v2.1,False,False,True,2026-09-12T09:00:00+05:30,treatment,True,False,False,False,False,1
exp_offer_nudge_v1,subj_03000,BMS Institute of Technology,False,,False,False,False,2026-09-12T09:00:00+05:30,excluded,False,False,False,False,False,0
exp_offer_nudge_v1,subj_03001,PES University,True,v2.1,False,False,True,2026-09-12T09:00:00+05:30,control,True,False,False,False,False,1
exp_offer_nudge_v1,subj_03002,RV College of Engineering,True,v2.1,False,False,True,2026-09-12T09:00:00+05:30,treatment,True,False,False,False,False,1
exp_offer_nudge_v1,subj_03003,CMR Institute of Technology,True,v2.1,False,False,True,2026-09-12T09:00:00+05:30,control,True,False,False,False,False,1
exp_offer_nudge_v1,subj_03004,New Horizon College of Engineering,True,v2.1,False,False,True,2026-09-12T09:00:00+05:30,treatment,True,False,False,False,False,1
exp_offer_nudge_v1,subj_03005,Dayananda Sagar College of Engineering,True,v2.1,False,False,True,2026-09-12T09:00:00+05:30,treatment,True,False,False,False,False,1
exp_offer_nudge_v1,subj_03006,BMS Institute of Technology,True,v2.1,False,False,True,2026-09-12T09:00:00+05:30,control,True,True,False,False,False,2
exp_offer_nudge_v1,subj_03007,PES University,False,,False,False,False,2026-09-12T09:00:00+05:30,excluded,False,False,False,False,False,0
exp_offer_nudge_v1,subj_03008,RV College of Engineering,True,v2.1,False,False,True,2026-09-12T09:00:00+05:30,treatment,True,True,False,False,False,2
exp_offer_nudge_v1,subj_03009,CMR Institute of Technology,True,v2.1,False,False,True,2026-09-12T09:00:00+05:30,treatment,True,False,False,False,False,1
exp_offer_nudge_v1,subj_03010,New Horizon College of Engineering,True,v2.1,False,False,True,2026-09-12T09:00:00+05:30,control,True,False,True,False,False,2
exp_offer_nudge_v1,subj_03011,Dayananda Sagar College of Engineering,True,v2.1,False,False,False,2026-09-12T09:00:00+05:30,excluded,False,False,False,False,False,0
exp_offer_nudge_v1,subj_03012,BMS Institute of Technology,True,v2.1,False,False,True,2026-09-12T09:00:00+05:30,control,True,False,True,True,False,3
exp_offer_nudge_v1,subj_03013,PES University,True,v2.1,False,False,True,2026-09-12T09:00:00+05:30,control,True,False,False,False,False,1
exp_offer_nudge_v1,subj_03014,RV College of Engineering,True,v2.1,False,False,True,2026-09-12T09:00:00+05:30,treatment,True,False,False,False,False,1
exp_offer_nudge_v1,subj_03015,CMR Institute of Technology,True,v2.1,False,False,True,2026-09-12T09:00:00+05:30,excluded,False,False,False,False,False,0
exp_offer_nudge_v1,subj_03016,New Horizon College of Engineering,True,v2.1,False,False,True,2026-09-12T09:00:00+05:30,control,True,False,True,True,True,4
exp_offer_nudge_v1,subj_03017,Dayananda Sagar College of Engineering,True,v2.1,False,False,True,2026-09-12T09:00:00+05:30,control,True,False,False,False,False,1
exp_offer_nudge_v1,subj_03018,BMS Institute of Technology,True,v2.1,False,False,True,2026-09-12T09:00:00+05:30,control,True,True,False,False,False,2
exp_offer_nudge_v1,subj_03019,PES University,True,v2.1,False,False,True,2026-09-12T09:00:00+05:30,control,True,False,False,False,False,1
exp_offer_nudge_v1,subj_03020,RV College of Engineering,True,v2.1,False,False,False,2026-09-12T09:00:00+05:30,excluded,False,False,False,False,False,0
exp_offer_nudge_v1,subj_03021,CMR Institute of Technology,True,v2.1,False,False,False,2026-09-12T09:00:00+05:30,excluded,False,False,False,False,False,0
exp_offer_nudge_v1,subj_03022,New Horizon College of Engineering,True,v2.1,False,False,True,2026-09-12T09:00:00+05:30,treatment,True,False,False,False,False,1
exp_offer_nudge_v1,subj_03023,Dayananda Sagar College of Engineering,True,v2.1,False,False,True,2026-09-12T09:00:00+05:30,treatment,True,False,False,False,False,1
exp_offer_nudge_v1,subj_03024,BMS Institute of Technology,True,v2.1,False,False,True,2026-09-12T09:00:00+05:30,control,True,False,False,False,False,1
exp_offer_nudge_v1,subj_03025,PES University,True,v2.1,False,False,True,2026-09-12T09:00:00+05:30,treatment,True,True,False,False,False,2
exp_offer_nudge_v1,subj_03026,RV College of Engineering,True,v2.1,False,False,True,2026-09-12T09:00:00+05:30,treatment,True,False,True,True,True,4
exp_offer_nudge_v1,subj_03027,CMR Institute of Technology,True,v2.1,False,False,True,2026-09-12T09:00:00+05:30,control,True,True,False,False,False,2
exp_offer_nudge_v1,subj_03028,New Horizon College of Engineering,True,v2.1,False,False,True,2026-09-12T09:00:00+05:30,treatment,True,False,False,False,False,1
exp_offer_nudge_v1,subj_03029,Dayananda Sagar College of Engineering,False,,False,False,False,2026-09-12T09:00:00+05:30,excluded,False,False,False,False,False,0
exp_offer_nudge_v1,subj_03030,BMS Institute of Technology,True,v2.1,False,False,False,2026-09-12T09:00:00+05:30,excluded,False,False,False,False,False,0
exp_offer_nudge_v1,subj_03031,PES University,True,v2.1,False,False,True,2026-09-12T09:00:00+05:30,treatment,True,False,False,False,False,1
exp_offer_nudge_v1,subj_03032,RV College of Engineering,True,v2.1,False,False,True,2026-09-12T09:00:00+05:30,control,True,False,False,False,False,1
exp_offer_nudge_v1,subj_03033,CMR Institute of Technology,True,v2.1,False,False,True,2026-09-12T09:00:00+05:30,control,True,True,False,False,False,2
exp_offer_nudge_v1,subj_03034,New Horizon College of Engineering,True,v2.1,False,False,True,2026-09-12T09:00:00+05:30,treatment,True,False,True,True,True,4
exp_offer_nudge_v1,subj_03035,Dayananda Sagar College of Engineering,True,v2.1,False,False,True,2026-09-12T09:00:00+05:30,treatment,True,False,False,False,False,1
exp_offer_nudge_v1,subj_03036,BMS Institute of Technology,True,v2.1,False,False,True,2026-09-12T09:00:00+05:30,treatment,True,False,True,False,False,2
exp_offer_nudge_v1,subj_03037,PES University,True,v2.1,False,False,True,2026-09-12T09:00:00+05:30,control,True,False,False,False,False,1
exp_offer_nudge_v1,subj_03038,RV College of Engineering,True,v2.1,False,False,True,2026-09-12T09:00:00+05:30,control,True,True,True,True,True,5
exp_offer_nudge_v1,subj_03039,CMR Institute of Technology,True,v2.1,False,False,True,2026-09-12T09:00:00+05:30,treatment,True,False,False,False,False,1
exp_offer_nudge_v1,subj_03040,New Horizon College of Engineering,True,v2.1,False,False,True,2026-09-12T09:00:00+05:30,control,True,False,True,True,False,3
exp_offer_nudge_v1,subj_03041,Dayananda Sagar College of Engineering,True,v2.1,False,False,True,2026-09-12T09:00:00+05:30,control,True,False,False,False,False,1
exp_offer_nudge_v1,subj_03042,BMS Institute of Technology,True,v2.1,False,False,True,2026-09-12T09:00:00+05:30,control,True,False,False,False,False,1
exp_offer_nudge_v1,subj_03043,PES University,True,v2.1,False,False,True,2026-09-12T09:00:00+05:30,control,True,True,False,False,False,2
exp_offer_nudge_v1,subj_03044,RV College of Engineering,True,v2.1,False,False,True,2026-09-12T09:00:00+05:30,control,True,True,False,False,False,2
exp_offer_nudge_v1,subj_03045,CMR Institute of Technology,False,,False,False,False,2026-09-12T09:00:00+05:30,excluded,False,False,False,False,False,0
exp_offer_nudge_v1,subj_03046,New Horizon College of Engineering,True,v2.1,False,False,True,2026-09-12T09:00:00+05:30,treatment,True,True,False,False,False,2
exp_offer_nudge_v1,subj_03047,Dayananda Sagar College of Engineering,True,v2.1,False,False,True,2026-09-12T09:00:00+05:30,control,True,True,False,False,False,2
exp_offer_nudge_v1,subj_03048,BMS Institute of Technology,True,v2.1,True,False,False,2026-09-12T09:00:00+05:30,excluded,False,False,False,False,False,0
exp_offer_nudge_v1,subj_03049,PES University,True,v2.1,False,False,False,2026-09-12T09:00:00+05:30,excluded,False,False,False,False,False,0
exp_offer_nudge_v1,subj_03050,RV College of Engineering,True,v2.1,False,False,True,2026-09-12T09:00:00+05:30,control,True,True,False,False,False,2
exp_offer_nudge_v1,subj_03051,CMR Institute of Technology,True,v2.1,False,False,True,2026-09-12T09:00:00+05:30,control,True,True,False,False,False,2
exp_offer_nudge_v1,subj_03052,New Horizon College of Engineering,True,v2.1,False,False,True,2026-09-12T09:00:00+05:30,control,True,False,False,False,False,1
exp_offer_nudge_v1,subj_03053,Dayananda Sagar College of Engineering,True,v2.1,False,False,True,2026-09-12T09:00:00+05:30,treatment,True,False,False,False,False,1
exp_offer_nudge_v1,subj_03054,BMS Institute of Technology,True,v2.1,False,False,True,2026-09-12T09:00:00+05:30,treatment,True,False,False,False,False,1
exp_offer_nudge_v1,subj_03055,PES University,False,,False,False,False,2026-09-12T09:00:00+05:30,excluded,False,False,False,False,False,0
exp_offer_nudge_v1,subj_03056,RV College of Engineering,True,v2.1,False,False,True,2026-09-12T09:00:00+05:30,treatment,True,False,False,False,False,1
exp_offer_nudge_v1,subj_03057,CMR Institute of Technology,True,v2.1,False,False,True,2026-09-12T09:00:00+05:30,treatment,True,False,True,True,True,4
exp_offer_nudge_v1,subj_03058,New Horizon College of Engineering,True,v2.1,False,False,True,2026-09-12T09:00:00+05:30,treatment,True,True,False,False,False,2
exp_offer_nudge_v1,subj_03059,Dayananda Sagar College of Engineering,True,v2.1,False,False,True,2026-09-12T09:00:00+05:30,treatment,True,False,False,False,False,1
exp_offer_nudge_v1,subj_03060,BMS Institute of Technology,True,v2.1,False,False,True,2026-09-12T09:00:00+05:30,control,True,False,False,False,False,1
exp_offer_nudge_v1,subj_03061,PES University,True,v2.1,False,False,False,2026-09-12T09:00:00+05:30,excluded,False,False,False,False,False,0
exp_offer_nudge_v1,subj_03062,RV College of Engineering,True,v2.1,False,False,True,2026-09-12T09:00:00+05:30,control,True,True,False,False,False,2
exp_offer_nudge_v1,subj_03063,CMR Institute of Technology,True,v2.1,False,False,True,2026-09-12T09:00:00+05:30,control,True,False,False,False,False,1
exp_offer_nudge_v1,subj_03064,New Horizon College of Engineering,True,v2.1,False,False,False,2026-09-12T09:00:00+05:30,excluded,False,False,False,False,False,0
exp_offer_nudge_v1,subj_03065,Dayananda Sagar College of Engineering,True,v2.1,False,False,True,2026-09-12T09:00:00+05:30,control,True,True,True,False,False,3
exp_offer_nudge_v1,subj_03066,BMS Institute of Technology,True,v2.1,False,True,False,2026-09-12T09:00:00+05:30,excluded,False,False,False,False,False,0
exp_offer_nudge_v1,subj_03067,PES University,True,v2.1,False,False,True,2026-09-12T09:00:00+05:30,treatment,True,True,False,False,False,2
exp_offer_nudge_v1,subj_03068,RV College of Engineering,True,v2.1,False,False,True,2026-09-12T09:00:00+05:30,control,True,False,True,False,False,2
exp_offer_nudge_v1,subj_03069,CMR Institute of Technology,True,v2.1,False,False,True,2026-09-12T09:00:00+05:30,control,True,True,False,False,False,2
exp_offer_nudge_v1,subj_03070,New Horizon College of Engineering,True,v2.1,False,False,True,2026-09-12T09:00:00+05:30,treatment,True,False,False,False,False,1
exp_offer_nudge_v1,subj_03071,Dayananda Sagar College of Engineering,True,v2.1,False,False,True,2026-09-12T09:00:00+05:30,treatment,True,False,False,False,False,1
exp_offer_nudge_v1,subj_03072,BMS Institute of Technology,True,v2.1,False,False,True,2026-09-12T09:00:00+05:30,control,True,True,False,False,False,2
exp_offer_nudge_v1,subj_03073,PES University,True,v2.1,False,False,True,2026-09-12T09:00:00+05:30,treatment,True,False,False,False,False,1
exp_offer_nudge_v1,subj_03074,RV College of Engineering,True,v2.1,False,False,True,2026-09-12T09:00:00+05:30,control,True,False,False,False,False,1
exp_offer_nudge_v1,subj_03075,CMR Institute of Technology,True,v2.1,False,False,True,2026-09-12T09:00:00+05:30,control,True,False,False,False,False,1
exp_offer_nudge_v1,subj_03076,New Horizon College of Engineering,True,v2.1,False,False,True,2026-09-12T09:00:00+05:30,treatment,True,True,False,False,False,2
exp_offer_nudge_v1,subj_03077,Dayananda Sagar College of Engineering,True,v2.1,False,False,True,2026-09-12T09:00:00+05:30,treatment,True,False,False,False,False,1
exp_offer_nudge_v1,subj_03078,BMS Institute of Technology,True,v2.1,False,False,True,2026-09-12T09:00:00+05:30,treatment,True,False,False,False,False,1
exp_offer_nudge_v1,subj_03079,PES University,True,v2.1,False,False,True,2026-09-12T09:00:00+05:30,control,True,False,False,False,False,1
exp_offer_nudge_v1,subj_03080,RV College of Engineering,True,v2.1,False,False,False,2026-09-12T09:00:00+05:30,excluded,False,False,False,False,False,0
exp_offer_nudge_v1,subj_03081,CMR Institute of Technology,True,v2.1,False,False,True,2026-09-12T09:00:00+05:30,control,True,False,False,False,False,1
exp_offer_nudge_v1,subj_03082,New Horizon College of Engineering,True,v2.1,False,False,True,2026-09-12T09:00:00+05:30,control,True,False,True,True,False,3
exp_offer_nudge_v1,subj_03083,Dayananda Sagar College of Engineering,True,v2.1,False,False,True,2026-09-12T09:00:00+05:30,control,True,False,False,False,False,1
exp_offer_nudge_v1,subj_03084,BMS Institute of Technology,True,v2.1,False,False,True,2026-09-12T09:00:00+05:30,excluded,False,False,False,False,False,0
exp_offer_nudge_v1,subj_03085,PES University,True,v2.1,False,False,True,2026-09-12T09:00:00+05:30,treatment,True,True,False,False,False,2
exp_offer_nudge_v1,subj_03086,RV College of Engineering,True,v2.1,False,False,True,2026-09-12T09:00:00+05:30,treatment,True,False,False,False,False,1
exp_offer_nudge_v1,subj_03087,CMR Institute of Technology,False,,False,False,False,2026-09-12T09:00:00+05:30,excluded,False,False,False,False,False,0
exp_offer_nudge_v1,subj_03088,New Horizon College of Engineering,True,v2.1,False,False,True,2026-09-12T09:00:00+05:30,treatment,True,False,False,False,False,1
exp_offer_nudge_v1,subj_03089,Dayananda Sagar College of Engineering,True,v2.1,False,False,True,2026-09-12T09:00:00+05:30,treatment,True,True,False,False,False,2
exp_offer_nudge_v1,subj_03090,BMS Institute of Technology,True,v2.1,False,False,True,2026-09-12T09:00:00+05:30,control,True,True,False,False,False,2
exp_offer_nudge_v1,subj_03091,PES University,True,v2.1,False,False,True,2026-09-12T09:00:00+05:30,control,True,False,False,False,False,1
exp_offer_nudge_v1,subj_03092,RV College of Engineering,True,v2.1,False,False,True,2026-09-12T09:00:00+05:30,control,True,True,False,False,False,2
exp_offer_nudge_v1,subj_03093,CMR Institute of Technology,True,v2.1,False,False,True,2026-09-12T09:00:00+05:30,control,True,True,True,True,False,4
exp_offer_nudge_v1,subj_03094,New Horizon College of Engineering,True,v2.1,False,False,True,2026-09-12T09:00:00+05:30,control,True,False,False,False,False,1
exp_offer_nudge_v1,subj_03095,Dayananda Sagar College of Engineering,True,v2.1,False,False,True,2026-09-12T09:00:00+05:30,control,True,False,False,False,False,1
exp_offer_nudge_v1,subj_03096,BMS Institute of Technology,True,v2.1,False,False,True,2026-09-12T09:00:00+05:30,control,True,False,False,False,False,1
exp_offer_nudge_v1,subj_03097,PES University,True,v2.1,False,False,False,2026-09-12T09:00:00+05:30,excluded,False,False,False,False,False,0
exp_offer_nudge_v1,subj_03098,RV College of Engineering,True,v2.1,False,False,True,2026-09-12T09:00:00+05:30,control,True,False,False,False,False,1
exp_offer_nudge_v1,subj_03099,CMR Institute of Technology,True,v2.1,False,False,True,2026-09-12T09:00:00+05:30,control,True,False,True,True,True,4
exp_offer_nudge_v1,subj_03100,New Horizon College of Engineering,True,v2.1,False,False,True,2026-09-12T09:00:00+05:30,treatment,True,True,False,False,False,2
exp_offer_nudge_v1,subj_03101,Dayananda Sagar College of Engineering,True,v2.1,False,False,True,2026-09-12T09:00:00+05:30,control,True,False,False,False,False,1
exp_offer_nudge_v1,subj_03102,BMS Institute of Technology,True,v2.1,False,False,True,2026-09-12T09:00:00+05:30,treatment,True,False,False,False,False,1
exp_offer_nudge_v1,subj_03103,PES University,True,v2.1,False,False,True,2026-09-12T09:00:00+05:30,control,True,False,False,False,False,1
exp_offer_nudge_v1,subj_03104,RV College of Engineering,True,v2.1,False,False,True,2026-09-12T09:00:00+05:30,control,True,True,False,False,False,2
exp_offer_nudge_v1,subj_03105,CMR Institute of Technology,True,v2.1,False,False,True,2026-09-12T09:00:00+05:30,treatment,True,False,False,False,False,1
exp_offer_nudge_v1,subj_03106,New Horizon College of Engineering,True,v2.1,False,False,True,2026-09-12T09:00:00+05:30,treatment,True,False,False,False,False,1
exp_offer_nudge_v1,subj_03107,Dayananda Sagar College of Engineering,True,v2.1,False,False,True,2026-09-12T09:00:00+05:30,control,True,False,False,False,False,1
exp_offer_nudge_v1,subj_03108,BMS Institute of Technology,True,v2.1,False,False,True,2026-09-12T09:00:00+05:30,treatment,True,False,False,False,False,1
exp_offer_nudge_v1,subj_03109,PES University,False,,False,False,False,2026-09-12T09:00:00+05:30,excluded,False,False,False,False,False,0
exp_offer_nudge_v1,subj_03110,RV College of Engineering,True,v2.1,True,False,False,2026-09-12T09:00:00+05:30,excluded,False,False,False,False,False,0
exp_offer_nudge_v1,subj_03111,CMR Institute of Technology,True,v2.1,False,False,True,2026-09-12T09:00:00+05:30,treatment,True,False,False,False,False,1
exp_offer_nudge_v1,subj_03112,New Horizon College of Engineering,False,,False,False,False,2026-09-12T09:00:00+05:30,excluded,False,False,False,False,False,0
exp_offer_nudge_v1,subj_03113,Dayananda Sagar College of Engineering,True,v2.1,False,False,True,2026-09-12T09:00:00+05:30,control,True,False,False,False,False,1
exp_offer_nudge_v1,subj_03114,BMS Institute of Technology,True,v2.1,False,False,True,2026-09-12T09:00:00+05:30,treatment,True,False,True,False,False,2
exp_offer_nudge_v1,subj_03115,PES University,True,v2.1,False,False,True,2026-09-12T09:00:00+05:30,control,True,False,False,False,False,1
exp_offer_nudge_v1,subj_03116,RV College of Engineering,True,v2.1,False,False,False,2026-09-12T09:00:00+05:30,excluded,False,False,False,False,False,0
exp_offer_nudge_v1,subj_03117,CMR Institute of Technology,True,v2.1,False,False,True,2026-09-12T09:00:00+05:30,treatment,True,True,True,False,False,3
exp_offer_nudge_v1,subj_03118,New Horizon College of Engineering,True,v2.1,False,False,True,2026-09-12T09:00:00+05:30,control,True,True,False,False,False,2
exp_offer_nudge_v1,subj_03119,Dayananda Sagar College of Engineering,True,v2.1,False,False,True,2026-09-12T09:00:00+05:30,control,True,False,False,False,False,1
exp_offer_nudge_v1,subj_03120,BMS Institute of Technology,True,v2.1,False,False,True,2026-09-12T09:00:00+05:30,control,True,False,True,True,True,4
exp_offer_nudge_v1,subj_03121,PES University,True,v2.1,False,False,True,2026-09-12T09:00:00+05:30,control,True,False,False,False,False,1
exp_offer_nudge_v1,subj_03122,RV College of Engineering,True,v2.1,False,False,True,2026-09-12T09:00:00+05:30,treatment,True,True,False,False,False,2
exp_offer_nudge_v1,subj_03123,CMR Institute of Technology,True,v2.1,False,False,True,2026-09-12T09:00:00+05:30,control,True,True,False,False,False,2
exp_offer_nudge_v1,subj_03124,New Horizon College of Engineering,True,v2.1,False,False,True,2026-09-12T09:00:00+05:30,control,True,True,False,False,False,2
exp_offer_nudge_v1,subj_03125,Dayananda Sagar College of Engineering,True,v2.1,False,False,True,2026-09-12T09:00:00+05:30,treatment,True,True,False,False,False,2
exp_offer_nudge_v1,subj_03126,BMS Institute of Technology,True,v2.1,False,False,True,2026-09-12T09:00:00+05:30,control,True,False,False,False,False,1
exp_offer_nudge_v1,subj_03127,PES University,True,v2.1,False,False,True,2026-09-12T09:00:00+05:30,treatment,True,True,False,False,False,2
exp_offer_nudge_v1,subj_03128,RV College of Engineering,True,v2.1,False,False,True,2026-09-12T09:00:00+05:30,control,True,False,False,False,False,1
exp_offer_nudge_v1,subj_03129,CMR Institute of Technology,True,v2.1,False,False,True,2026-09-12T09:00:00+05:30,treatment,True,True,True,False,False,3
exp_offer_nudge_v1,subj_03130,New Horizon College of Engineering,True,v2.1,False,False,True,2026-09-12T09:00:00+05:30,control,True,False,False,False,False,1
exp_offer_nudge_v1,subj_03131,Dayananda Sagar College of Engineering,False,,False,False,False,2026-09-12T09:00:00+05:30,excluded,False,False,False,False,False,0
exp_offer_nudge_v1,subj_03132,BMS Institute of Technology,True,v2.1,False,False,True,2026-09-12T09:00:00+05:30,treatment,True,False,False,False,False,1
exp_offer_nudge_v1,subj_03133,PES University,True,v2.1,False,False,True,2026-09-12T09:00:00+05:30,control,True,False,True,False,False,2
exp_offer_nudge_v1,subj_03134,RV College of Engineering,True,v2.1,False,False,True,2026-09-12T09:00:00+05:30,control,True,False,False,False,False,1
exp_offer_nudge_v1,subj_03135,CMR Institute of Technology,True,v2.1,False,False,True,2026-09-12T09:00:00+05:30,treatment,True,False,False,False,False,1
exp_offer_nudge_v1,subj_03136,New Horizon College of Engineering,True,v2.1,False,False,True,2026-09-12T09:00:00+05:30,control,True,True,False,False,False,2
exp_offer_nudge_v1,subj_03137,Dayananda Sagar College of Engineering,True,v2.1,False,False,False,2026-09-12T09:00:00+05:30,excluded,False,False,False,False,False,0
exp_offer_nudge_v1,subj_03138,BMS Institute of Technology,True,v2.1,False,False,True,2026-09-12T09:00:00+05:30,control,True,False,False,False,False,1
exp_offer_nudge_v1,subj_03139,PES University,True,v2.1,False,False,True,2026-09-12T09:00:00+05:30,control,True,True,False,False,False,2
exp_offer_nudge_v1,subj_03140,RV College of Engineering,True,v2.1,False,False,True,2026-09-12T09:00:00+05:30,treatment,True,False,False,False,False,1
exp_offer_nudge_v1,subj_03141,CMR Institute of Technology,True,v2.1,False,False,True,2026-09-12T09:00:00+05:30,treatment,True,False,False,False,False,1
exp_offer_nudge_v1,subj_03142,New Horizon College of Engineering,True,v2.1,False,False,True,2026-09-12T09:00:00+05:30,treatment,True,False,False,False,False,1
exp_offer_nudge_v1,subj_03143,Dayananda Sagar College of Engineering,True,v2.1,False,False,False,2026-09-12T09:00:00+05:30,excluded,False,False,False,False,False,0
exp_offer_nudge_v1,subj_03144,BMS Institute of Technology,True,v2.1,False,False,True,2026-09-12T09:00:00+05:30,treatment,True,True,True,False,False,3
exp_offer_nudge_v1,subj_03145,PES University,True,v2.1,False,False,True,2026-09-12T09:00:00+05:30,treatment,True,True,False,False,False,2
exp_offer_nudge_v1,subj_03146,RV College of Engineering,True,v2.1,False,False,True,2026-09-12T09:00:00+05:30,treatment,True,False,True,False,False,2
exp_offer_nudge_v1,subj_03147,CMR Institute of Technology,False,,False,False,False,2026-09-12T09:00:00+05:30,excluded,False,False,False,False,False,0
exp_offer_nudge_v1,subj_03148,New Horizon College of Engineering,True,v2.1,False,False,True,2026-09-12T09:00:00+05:30,treatment,True,False,False,False,False,1
exp_offer_nudge_v1,subj_03149,Dayananda Sagar College of Engineering,True,v2.1,False,False,True,2026-09-12T09:00:00+05:30,treatment,True,True,False,False,False,2
exp_offer_nudge_v1,subj_03150,BMS Institute of Technology,True,v2.1,False,False,True,2026-09-12T09:00:00+05:30,treatment,True,False,False,False,False,1
exp_offer_nudge_v1,subj_03151,PES University,True,v2.1,False,False,True,2026-09-12T09:00:00+05:30,control,True,True,False,False,False,2
exp_offer_nudge_v1,subj_03152,RV College of Engineering,True,v2.1,False,False,True,2026-09-12T09:00:00+05:30,control,True,True,False,False,False,2
exp_offer_nudge_v1,subj_03153,CMR Institute of Technology,True,v2.1,False,False,True,2026-09-12T09:00:00+05:30,treatment,True,False,False,False,False,1
exp_offer_nudge_v1,subj_03154,New Horizon College of Engineering,True,v2.1,False,False,True,2026-09-12T09:00:00+05:30,treatment,True,False,False,False,False,1
exp_offer_nudge_v1,subj_03155,Dayananda Sagar College of Engineering,True,v2.1,False,False,True,2026-09-12T09:00:00+05:30,control,True,False,False,False,False,1
exp_offer_nudge_v1,subj_03156,BMS Institute of Technology,True,v2.1,False,False,True,2026-09-12T09:00:00+05:30,control,True,False,False,False,False,1
exp_offer_nudge_v1,subj_03157,PES University,True,v2.1,False,False,False,2026-09-12T09:00:00+05:30,excluded,False,False,False,False,False,0
exp_offer_nudge_v1,subj_03158,RV College of Engineering,True,v2.1,False,False,True,2026-09-12T09:00:00+05:30,control,True,False,False,False,False,1
exp_offer_nudge_v1,subj_03159,CMR Institute of Technology,True,v2.1,False,False,True,2026-09-12T09:00:00+05:30,control,True,True,True,False,False,3
exp_offer_nudge_v1,subj_03160,New Horizon College of Engineering,True,v2.1,False,False,True,2026-09-12T09:00:00+05:30,control,True,False,False,False,False,1
exp_offer_nudge_v1,subj_03161,Dayananda Sagar College of Engineering,False,,False,False,False,2026-09-12T09:00:00+05:30,excluded,False,False,False,False,False,0
exp_offer_nudge_v1,subj_03162,BMS Institute of Technology,True,v2.1,False,False,True,2026-09-12T09:00:00+05:30,treatment,True,True,False,False,False,2
exp_offer_nudge_v1,subj_03163,PES University,True,v2.1,False,False,True,2026-09-12T09:00:00+05:30,control,True,True,False,False,False,2
exp_offer_nudge_v1,subj_03164,RV College of Engineering,True,v2.1,False,False,True,2026-09-12T09:00:00+05:30,control,True,False,False,False,False,1
exp_offer_nudge_v1,subj_03165,CMR Institute of Technology,True,v2.1,False,False,True,2026-09-12T09:00:00+05:30,control,True,False,False,False,False,1
exp_offer_nudge_v1,subj_03166,New Horizon College of Engineering,True,v2.1,False,False,True,2026-09-12T09:00:00+05:30,control,True,True,False,False,False,2
exp_offer_nudge_v1,subj_03167,Dayananda Sagar College of Engineering,True,v2.1,False,False,False,2026-09-12T09:00:00+05:30,excluded,False,False,False,False,False,0
exp_offer_nudge_v1,subj_03168,BMS Institute of Technology,True,v2.1,False,False,True,2026-09-12T09:00:00+05:30,treatment,True,False,True,False,False,2
exp_offer_nudge_v1,subj_03169,PES University,True,v2.1,False,False,True,2026-09-12T09:00:00+05:30,treatment,True,False,False,False,False,1
exp_offer_nudge_v1,subj_03170,RV College of Engineering,True,v2.1,False,False,True,2026-09-12T09:00:00+05:30,control,True,False,False,False,False,1
exp_offer_nudge_v1,subj_03171,CMR Institute of Technology,False,,False,False,False,2026-09-12T09:00:00+05:30,excluded,False,False,False,False,False,0
exp_offer_nudge_v1,subj_03172,New Horizon College of Engineering,False,,False,False,False,2026-09-12T09:00:00+05:30,excluded,False,False,False,False,False,0
exp_offer_nudge_v1,subj_03173,Dayananda Sagar College of Engineering,True,v2.1,False,False,True,2026-09-12T09:00:00+05:30,treatment,True,False,False,False,False,1
exp_offer_nudge_v1,subj_03174,BMS Institute of Technology,True,v2.1,False,False,True,2026-09-12T09:00:00+05:30,treatment,True,False,False,False,False,1
exp_offer_nudge_v1,subj_03175,PES University,True,v2.1,True,False,False,2026-09-12T09:00:00+05:30,excluded,False,False,False,False,False,0
exp_offer_nudge_v1,subj_03176,RV College of Engineering,True,v2.1,False,False,True,2026-09-12T09:00:00+05:30,control,True,False,True,False,False,2
exp_offer_nudge_v1,subj_03177,CMR Institute of Technology,True,v2.1,False,False,True,2026-09-12T09:00:00+05:30,treatment,True,False,True,False,False,2
exp_offer_nudge_v1,subj_03178,New Horizon College of Engineering,True,v2.1,False,False,True,2026-09-12T09:00:00+05:30,control,True,True,False,False,False,2
exp_offer_nudge_v1,subj_03179,Dayananda Sagar College of Engineering,True,v2.1,False,False,True,2026-09-12T09:00:00+05:30,treatment,True,False,False,False,False,1
exp_offer_nudge_v1,subj_03180,BMS Institute of Technology,True,v2.1,False,False,True,2026-09-12T09:00:00+05:30,control,True,False,False,False,False,1
exp_offer_nudge_v1,subj_03181,PES University,True,v2.1,False,False,False,2026-09-12T09:00:00+05:30,excluded,False,False,False,False,False,0
exp_offer_nudge_v1,subj_03182,RV College of Engineering,True,v2.1,False,False,True,2026-09-12T09:00:00+05:30,treatment,True,False,False,False,False,1
exp_offer_nudge_v1,subj_03183,CMR Institute of Technology,True,v2.1,False,False,True,2026-09-12T09:00:00+05:30,control,True,False,False,False,False,1
exp_offer_nudge_v1,subj_03184,New Horizon College of Engineering,True,v2.1,False,False,True,2026-09-12T09:00:00+05:30,treatment,True,False,False,False,False,1
exp_offer_nudge_v1,subj_03185,Dayananda Sagar College of Engineering,True,v2.1,False,False,True,2026-09-12T09:00:00+05:30,control,True,False,False,False,False,1
exp_offer_nudge_v1,subj_03186,BMS Institute of Technology,True,v2.1,False,False,False,2026-09-12T09:00:00+05:30,excluded,False,False,False,False,False,0
exp_offer_nudge_v1,subj_03187,PES University,True,v2.1,False,False,False,2026-09-12T09:00:00+05:30,excluded,False,False,False,False,False,0
exp_offer_nudge_v1,subj_03188,RV College of Engineering,True,v2.1,False,True,False,2026-09-12T09:00:00+05:30,excluded,False,False,False,False,False,0
exp_offer_nudge_v1,subj_03189,CMR Institute of Technology,True,v2.1,False,False,False,2026-09-12T09:00:00+05:30,excluded,False,False,False,False,False,0
exp_offer_nudge_v1,subj_03190,New Horizon College of Engineering,True,v2.1,False,False,True,2026-09-12T09:00:00+05:30,excluded,False,False,False,False,False,0
exp_offer_nudge_v1,subj_03191,Dayananda Sagar College of Engineering,True,v2.1,False,False,True,2026-09-12T09:00:00+05:30,control,True,False,False,False,False,1
exp_offer_nudge_v1,subj_03192,BMS Institute of Technology,False,,False,False,False,2026-09-12T09:00:00+05:30,excluded,False,False,False,False,False,0
exp_offer_nudge_v1,subj_03193,PES University,True,v2.1,False,False,True,2026-09-12T09:00:00+05:30,treatment,True,False,False,False,False,1
exp_offer_nudge_v1,subj_03194,RV College of Engineering,True,v2.1,False,False,True,2026-09-12T09:00:00+05:30,control,True,False,False,False,False,1
exp_offer_nudge_v1,subj_03195,CMR Institute of Technology,True,v2.1,False,False,True,2026-09-12T09:00:00+05:30,treatment,True,False,False,False,False,1
exp_offer_nudge_v1,subj_03196,New Horizon College of Engineering,True,v2.1,False,False,True,2026-09-12T09:00:00+05:30,treatment,True,False,False,False,False,1
exp_offer_nudge_v1,subj_03197,Dayananda Sagar College of Engineering,True,v2.1,False,False,False,2026-09-12T09:00:00+05:30,excluded,False,False,False,False,False,0
exp_offer_nudge_v1,subj_03198,BMS Institute of Technology,True,v2.1,False,False,True,2026-09-12T09:00:00+05:30,control,True,True,True,False,False,3
exp_offer_nudge_v1,subj_03199,PES University,True,v2.1,False,False,True,2026-09-12T09:00:00+05:30,control,True,False,True,False,False,2
exp_offer_nudge_v1,subj_03200,RV College of Engineering,True,v2.1,False,False,True,2026-09-12T09:00:00+05:30,control,True,False,False,False,False,1
exp_offer_nudge_v1,subj_03201,CMR Institute of Technology,True,v2.1,False,True,False,2026-09-12T09:00:00+05:30,excluded,False,False,False,False,False,0
exp_offer_nudge_v1,subj_03202,New Horizon College of Engineering,True,v2.1,False,False,True,2026-09-12T09:00:00+05:30,treatment,True,True,False,False,False,2
exp_offer_nudge_v1,subj_03203,Dayananda Sagar College of Engineering,True,v2.1,False,False,False,2026-09-12T09:00:00+05:30,excluded,False,False,False,False,False,0
exp_offer_nudge_v1,subj_03204,BMS Institute of Technology,True,v2.1,False,False,True,2026-09-12T09:00:00+05:30,control,True,True,True,False,False,3
exp_offer_nudge_v1,subj_03205,PES University,True,v2.1,False,False,True,2026-09-12T09:00:00+05:30,treatment,True,False,False,False,False,1
exp_offer_nudge_v1,subj_03206,RV College of Engineering,True,v2.1,False,False,False,2026-09-12T09:00:00+05:30,excluded,False,False,False,False,False,0
exp_offer_nudge_v1,subj_03207,CMR Institute of Technology,True,v2.1,False,False,True,2026-09-12T09:00:00+05:30,treatment,True,False,False,False,False,1
exp_offer_nudge_v1,subj_03208,New Horizon College of Engineering,True,v2.1,False,True,False,2026-09-12T09:00:00+05:30,excluded,False,False,False,False,False,0
exp_offer_nudge_v1,subj_03209,Dayananda Sagar College of Engineering,True,v2.1,False,False,True,2026-09-12T09:00:00+05:30,treatment,True,False,False,False,False,1
exp_offer_nudge_v1,subj_03210,BMS Institute of Technology,False,,False,False,False,2026-09-12T09:00:00+05:30,excluded,False,False,False,False,False,0
exp_offer_nudge_v1,subj_03211,PES University,True,v2.1,False,False,True,2026-09-12T09:00:00+05:30,treatment,True,True,False,False,False,2
exp_offer_nudge_v1,subj_03212,RV College of Engineering,True,v2.1,False,False,True,2026-09-12T09:00:00+05:30,treatment,True,False,False,False,False,1
exp_offer_nudge_v1,subj_03213,CMR Institute of Technology,True,v2.1,False,False,True,2026-09-12T09:00:00+05:30,treatment,True,False,False,False,False,1
exp_offer_nudge_v1,subj_03214,New Horizon College of Engineering,True,v2.1,False,False,True,2026-09-12T09:00:00+05:30,excluded,False,False,False,False,False,0
exp_offer_nudge_v1,subj_03215,Dayananda Sagar College of Engineering,True,v2.1,False,False,True,2026-09-12T09:00:00+05:30,treatment,True,False,False,False,False,1
exp_offer_nudge_v1,subj_03216,BMS Institute of Technology,True,v2.1,False,True,False,2026-09-12T09:00:00+05:30,excluded,False,False,False,False,False,0
exp_offer_nudge_v1,subj_03217,PES University,True,v2.1,False,False,True,2026-09-12T09:00:00+05:30,control,True,True,False,False,False,2
exp_offer_nudge_v1,subj_03218,RV College of Engineering,True,v2.1,False,False,True,2026-09-12T09:00:00+05:30,treatment,True,True,False,False,False,2
exp_offer_nudge_v1,subj_03219,CMR Institute of Technology,True,v2.1,False,False,True,2026-09-12T09:00:00+05:30,treatment,True,False,False,False,False,1
exp_offer_nudge_v1,subj_03220,New Horizon College of Engineering,True,v2.1,False,False,True,2026-09-12T09:00:00+05:30,control,True,True,False,False,False,2
exp_offer_nudge_v1,subj_03221,Dayananda Sagar College of Engineering,True,v2.1,False,False,True,2026-09-12T09:00:00+05:30,treatment,True,False,False,False,False,1
exp_offer_nudge_v1,subj_03222,BMS Institute of Technology,True,v2.1,False,True,False,2026-09-12T09:00:00+05:30,excluded,False,False,False,False,False,0
exp_offer_nudge_v1,subj_03223,PES University,True,v2.1,False,False,True,2026-09-12T09:00:00+05:30,control,True,False,False,False,False,1
exp_offer_nudge_v1,subj_03224,RV College of Engineering,True,v2.1,False,False,True,2026-09-12T09:00:00+05:30,treatment,True,True,True,True,False,4
exp_offer_nudge_v1,subj_03225,CMR Institute of Technology,True,v2.1,False,False,True,2026-09-12T09:00:00+05:30,control,True,False,False,False,False,1
exp_offer_nudge_v1,subj_03226,New Horizon College of Engineering,True,v2.1,False,False,False,2026-09-12T09:00:00+05:30,excluded,False,False,False,False,False,0
exp_offer_nudge_v1,subj_03227,Dayananda Sagar College of Engineering,True,v2.1,False,False,True,2026-09-12T09:00:00+05:30,control,True,False,False,False,False,1
exp_offer_nudge_v1,subj_03228,BMS Institute of Technology,True,v2.1,False,False,True,2026-09-12T09:00:00+05:30,treatment,True,True,True,False,False,3
exp_offer_nudge_v1,subj_03229,PES University,True,v2.1,False,False,True,2026-09-12T09:00:00+05:30,treatment,True,False,True,False,False,2
exp_offer_nudge_v1,subj_03230,RV College of Engineering,True,v2.1,False,False,True,2026-09-12T09:00:00+05:30,control,True,False,False,False,False,1
exp_offer_nudge_v1,subj_03231,CMR Institute of Technology,True,v2.1,False,False,True,2026-09-12T09:00:00+05:30,control,True,False,False,False,False,1
exp_offer_nudge_v1,subj_03232,New Horizon College of Engineering,True,v2.1,False,False,True,2026-09-12T09:00:00+05:30,treatment,True,False,False,False,False,1
exp_offer_nudge_v1,subj_03233,Dayananda Sagar College of Engineering,True,v2.1,False,False,True,2026-09-12T09:00:00+05:30,control,True,False,True,False,False,2
exp_offer_nudge_v1,subj_03234,BMS Institute of Technology,True,v2.1,False,False,False,2026-09-12T09:00:00+05:30,excluded,False,False,False,False,False,0
exp_offer_nudge_v1,subj_03235,PES University,True,v2.1,False,False,False,2026-09-12T09:00:00+05:30,excluded,False,False,False,False,False,0
exp_offer_nudge_v1,subj_03236,RV College of Engineering,True,v2.1,False,False,True,2026-09-12T09:00:00+05:30,treatment,True,True,True,False,False,3
exp_offer_nudge_v1,subj_03237,CMR Institute of Technology,True,v2.1,False,False,True,2026-09-12T09:00:00+05:30,treatment,True,False,False,False,False,1
exp_offer_nudge_v1,subj_03238,New Horizon College of Engineering,True,v2.1,False,False,True,2026-09-12T09:00:00+05:30,control,True,False,False,False,False,1
exp_offer_nudge_v1,subj_03239,Dayananda Sagar College of Engineering,False,,False,False,False,2026-09-12T09:00:00+05:30,excluded,False,False,False,False,False,0
exp_offer_nudge_v1,subj_03240,BMS Institute of Technology,True,v2.1,False,False,True,2026-09-12T09:00:00+05:30,control,True,False,False,False,False,1
exp_offer_nudge_v1,subj_03241,PES University,True,v2.1,False,False,True,2026-09-12T09:00:00+05:30,control,True,True,False,False,False,2
exp_offer_nudge_v1,subj_03242,RV College of Engineering,True,v2.1,False,False,True,2026-09-12T09:00:00+05:30,treatment,True,False,True,False,False,2
exp_offer_nudge_v1,subj_03243,CMR Institute of Technology,True,v2.1,False,False,True,2026-09-12T09:00:00+05:30,treatment,True,True,True,False,False,3
exp_offer_nudge_v1,subj_03244,New Horizon College of Engineering,True,v2.1,False,False,True,2026-09-12T09:00:00+05:30,treatment,True,False,True,False,False,2
exp_offer_nudge_v1,subj_03245,Dayananda Sagar College of Engineering,True,v2.1,False,False,True,2026-09-12T09:00:00+05:30,treatment,True,False,False,False,False,1
exp_offer_nudge_v1,subj_03246,BMS Institute of Technology,True,v2.1,True,False,False,2026-09-12T09:00:00+05:30,excluded,False,False,False,False,False,0
exp_offer_nudge_v1,subj_03247,PES University,True,v2.1,False,False,True,2026-09-12T09:00:00+05:30,control,True,False,False,False,False,1
exp_offer_nudge_v1,subj_03248,RV College of Engineering,True,v2.1,False,False,True,2026-09-12T09:00:00+05:30,excluded,False,False,False,False,False,0
exp_offer_nudge_v1,subj_03249,CMR Institute of Technology,True,v2.1,False,False,False,2026-09-12T09:00:00+05:30,excluded,False,False,False,False,False,0
exp_offer_nudge_v1,subj_03250,New Horizon College of Engineering,True,v2.1,False,False,True,2026-09-12T09:00:00+05:30,treatment,True,False,True,True,False,3
exp_offer_nudge_v1,subj_03251,Dayananda Sagar College of Engineering,True,v2.1,False,False,True,2026-09-12T09:00:00+05:30,control,True,True,True,False,False,3
exp_offer_nudge_v1,subj_03252,BMS Institute of Technology,True,v2.1,False,False,False,2026-09-12T09:00:00+05:30,excluded,False,False,False,False,False,0
exp_offer_nudge_v1,subj_03253,PES University,True,v2.1,False,False,True,2026-09-12T09:00:00+05:30,control,True,True,False,False,False,2
exp_offer_nudge_v1,subj_03254,RV College of Engineering,True,v2.1,False,False,True,2026-09-12T09:00:00+05:30,control,True,True,False,False,False,2
exp_offer_nudge_v1,subj_03255,CMR Institute of Technology,True,v2.1,False,False,True,2026-09-12T09:00:00+05:30,treatment,True,False,False,False,False,1
exp_offer_nudge_v1,subj_03256,New Horizon College of Engineering,True,v2.1,False,False,True,2026-09-12T09:00:00+05:30,treatment,True,False,True,False,False,2
exp_offer_nudge_v1,subj_03257,Dayananda Sagar College of Engineering,True,v2.1,False,False,True,2026-09-12T09:00:00+05:30,treatment,True,False,False,False,False,1
exp_offer_nudge_v1,subj_03258,BMS Institute of Technology,True,v2.1,False,False,True,2026-09-12T09:00:00+05:30,control,True,False,False,False,False,1
exp_offer_nudge_v1,subj_03259,PES University,True,v2.1,False,False,True,2026-09-12T09:00:00+05:30,treatment,True,False,False,False,False,1
exp_offer_nudge_v1,subj_03260,RV College of Engineering,False,,False,False,False,2026-09-12T09:00:00+05:30,excluded,False,False,False,False,False,0
exp_offer_nudge_v1,subj_03261,CMR Institute of Technology,True,v2.1,False,True,False,2026-09-12T09:00:00+05:30,excluded,False,False,False,False,False,0
exp_offer_nudge_v1,subj_03262,New Horizon College of Engineering,True,v2.1,False,False,True,2026-09-12T09:00:00+05:30,treatment,True,False,False,False,False,1
exp_offer_nudge_v1,subj_03263,Dayananda Sagar College of Engineering,True,v2.1,False,False,True,2026-09-12T09:00:00+05:30,treatment,True,False,False,False,False,1
exp_offer_nudge_v1,subj_03264,BMS Institute of Technology,True,v2.1,False,False,True,2026-09-12T09:00:00+05:30,treatment,True,False,True,False,False,2
exp_offer_nudge_v1,subj_03265,PES University,True,v2.1,False,False,True,2026-09-12T09:00:00+05:30,control,True,False,False,False,False,1
exp_offer_nudge_v1,subj_03266,RV College of Engineering,True,v2.1,False,False,True,2026-09-12T09:00:00+05:30,treatment,True,False,False,False,False,1
exp_offer_nudge_v1,subj_03267,CMR Institute of Technology,True,v2.1,False,False,True,2026-09-12T09:00:00+05:30,control,True,True,False,False,False,2
exp_offer_nudge_v1,subj_03268,New Horizon College of Engineering,True,v2.1,False,False,True,2026-09-12T09:00:00+05:30,control,True,False,False,False,False,1
exp_offer_nudge_v1,subj_03269,Dayananda Sagar College of Engineering,True,v2.1,False,False,True,2026-09-12T09:00:00+05:30,treatment,True,False,False,False,False,1
exp_offer_nudge_v1,subj_03270,BMS Institute of Technology,True,v2.1,False,False,True,2026-09-12T09:00:00+05:30,treatment,True,False,False,False,False,1
exp_offer_nudge_v1,subj_03271,PES University,True,v2.1,False,False,True,2026-09-12T09:00:00+05:30,control,True,False,True,False,False,2
exp_offer_nudge_v1,subj_03272,RV College of Engineering,True,v2.1,False,False,True,2026-09-12T09:00:00+05:30,treatment,True,False,True,False,False,2
exp_offer_nudge_v1,subj_03273,CMR Institute of Technology,True,v2.1,False,False,True,2026-09-12T09:00:00+05:30,treatment,True,True,True,False,False,3
exp_offer_nudge_v1,subj_03274,New Horizon College of Engineering,True,v2.1,False,False,True,2026-09-12T09:00:00+05:30,treatment,True,True,False,False,False,2
exp_offer_nudge_v1,subj_03275,Dayananda Sagar College of Engineering,True,v2.1,False,False,True,2026-09-12T09:00:00+05:30,control,True,False,False,False,False,1
exp_offer_nudge_v1,subj_03276,BMS Institute of Technology,True,v2.1,False,False,True,2026-09-12T09:00:00+05:30,treatment,True,False,False,False,False,1
exp_offer_nudge_v1,subj_03277,PES University,True,v2.1,False,False,False,2026-09-12T09:00:00+05:30,excluded,False,False,False,False,False,0
exp_offer_nudge_v1,subj_03278,RV College of Engineering,True,v2.1,False,False,True,2026-09-12T09:00:00+05:30,control,True,True,False,False,False,2
exp_offer_nudge_v1,subj_03279,CMR Institute of Technology,True,v2.1,False,False,False,2026-09-12T09:00:00+05:30,excluded,False,False,False,False,False,0
exp_offer_nudge_v1,subj_03280,New Horizon College of Engineering,False,,False,False,False,2026-09-12T09:00:00+05:30,excluded,False,False,False,False,False,0
exp_offer_nudge_v1,subj_03281,Dayananda Sagar College of Engineering,True,v2.1,False,False,True,2026-09-12T09:00:00+05:30,control,True,False,False,False,False,1
exp_offer_nudge_v1,subj_03282,BMS Institute of Technology,True,v2.1,False,False,True,2026-09-12T09:00:00+05:30,control,True,False,True,True,True,4
exp_offer_nudge_v1,subj_03283,PES University,True,v2.1,False,False,True,2026-09-12T09:00:00+05:30,treatment,True,False,False,False,False,1
exp_offer_nudge_v1,subj_03284,RV College of Engineering,True,v2.1,False,False,True,2026-09-12T09:00:00+05:30,treatment,True,False,False,False,False,1
exp_offer_nudge_v1,subj_03285,CMR Institute of Technology,True,v2.1,False,False,True,2026-09-12T09:00:00+05:30,treatment,True,True,False,False,False,2
exp_offer_nudge_v1,subj_03286,New Horizon College of Engineering,True,v2.1,False,False,True,2026-09-12T09:00:00+05:30,treatment,True,False,True,True,False,3
exp_offer_nudge_v1,subj_03287,Dayananda Sagar College of Engineering,True,v2.1,False,False,True,2026-09-12T09:00:00+05:30,treatment,True,False,False,False,False,1
exp_offer_nudge_v1,subj_03288,BMS Institute of Technology,True,v2.1,False,False,True,2026-09-12T09:00:00+05:30,treatment,True,False,True,True,True,4
exp_offer_nudge_v1,subj_03289,PES University,True,v2.1,False,False,True,2026-09-12T09:00:00+05:30,control,True,False,False,False,False,1
exp_offer_nudge_v1,subj_03290,RV College of Engineering,True,v2.1,False,False,False,2026-09-12T09:00:00+05:30,excluded,False,False,False,False,False,0
exp_offer_nudge_v1,subj_03291,CMR Institute of Technology,True,v2.1,False,False,True,2026-09-12T09:00:00+05:30,control,True,False,False,False,False,1
exp_offer_nudge_v1,subj_03292,New Horizon College of Engineering,True,v2.1,False,False,True,2026-09-12T09:00:00+05:30,treatment,True,False,False,False,False,1
exp_offer_nudge_v1,subj_03293,Dayananda Sagar College of Engineering,True,v2.1,False,False,True,2026-09-12T09:00:00+05:30,control,True,False,True,False,False,2
exp_offer_nudge_v1,subj_03294,BMS Institute of Technology,True,v2.1,False,False,True,2026-09-12T09:00:00+05:30,control,True,False,False,False,False,1
exp_offer_nudge_v1,subj_03295,PES University,True,v2.1,False,False,True,2026-09-12T09:00:00+05:30,treatment,True,False,False,False,False,1
exp_offer_nudge_v1,subj_03296,RV College of Engineering,True,v2.1,False,False,True,2026-09-12T09:00:00+05:30,treatment,True,False,False,False,False,1
exp_offer_nudge_v1,subj_03297,CMR Institute of Technology,True,v2.1,False,False,True,2026-09-12T09:00:00+05:30,treatment,True,True,True,False,False,3
exp_offer_nudge_v1,subj_03298,New Horizon College of Engineering,True,v2.1,False,False,True,2026-09-12T09:00:00+05:30,control,True,True,True,True,True,5
exp_offer_nudge_v1,subj_03299,Dayananda Sagar College of Engineering,True,v2.1,False,False,True,2026-09-12T09:00:00+05:30,treatment,True,False,False,False,False,1
exp_offer_nudge_v1,subj_03300,BMS Institute of Technology,True,v2.1,False,False,True,2026-09-12T09:00:00+05:30,control,True,False,False,False,False,1
exp_offer_nudge_v1,subj_03301,PES University,True,v2.1,False,False,True,2026-09-12T09:00:00+05:30,treatment,True,True,True,False,False,3
exp_offer_nudge_v1,subj_03302,RV College of Engineering,True,v2.1,False,False,False,2026-09-12T09:00:00+05:30,excluded,False,False,False,False,False,0
exp_offer_nudge_v1,subj_03303,CMR Institute of Technology,True,v2.1,False,False,True,2026-09-12T09:00:00+05:30,control,True,False,False,False,False,1
exp_offer_nudge_v1,subj_03304,New Horizon College of Engineering,True,v2.1,False,False,True,2026-09-12T09:00:00+05:30,treatment,True,True,False,False,False,2
exp_offer_nudge_v1,subj_03305,Dayananda Sagar College of Engineering,True,v2.1,False,False,True,2026-09-12T09:00:00+05:30,treatment,True,True,False,False,False,2
exp_offer_nudge_v1,subj_03306,BMS Institute of Technology,True,v2.1,False,False,True,2026-09-12T09:00:00+05:30,treatment,True,False,False,False,False,1
exp_offer_nudge_v1,subj_03307,PES University,True,v2.1,False,False,True,2026-09-12T09:00:00+05:30,treatment,True,False,False,False,False,1
exp_offer_nudge_v1,subj_03308,RV College of Engineering,True,v2.1,False,False,True,2026-09-12T09:00:00+05:30,treatment,True,True,True,True,False,4
exp_offer_nudge_v1,subj_03309,CMR Institute of Technology,True,v2.1,False,False,True,2026-09-12T09:00:00+05:30,treatment,True,True,False,False,False,2
exp_offer_nudge_v1,subj_03310,New Horizon College of Engineering,True,v2.1,False,False,True,2026-09-12T09:00:00+05:30,treatment,True,True,True,False,False,3
exp_offer_nudge_v1,subj_03311,Dayananda Sagar College of Engineering,True,v2.1,False,False,True,2026-09-12T09:00:00+05:30,treatment,True,False,True,False,False,2
exp_offer_nudge_v1,subj_03312,BMS Institute of Technology,True,v2.1,False,False,True,2026-09-12T09:00:00+05:30,control,True,True,False,False,False,2
exp_offer_nudge_v1,subj_03313,PES University,True,v2.1,False,False,True,2026-09-12T09:00:00+05:30,control,True,False,True,True,True,4
exp_offer_nudge_v1,subj_03314,RV College of Engineering,True,v2.1,False,False,True,2026-09-12T09:00:00+05:30,control,True,False,False,False,False,1
exp_offer_nudge_v1,subj_03315,CMR Institute of Technology,True,v2.1,False,False,True,2026-09-12T09:00:00+05:30,control,True,False,False,False,False,1
exp_offer_nudge_v1,subj_03316,New Horizon College of Engineering,True,v2.1,False,False,True,2026-09-12T09:00:00+05:30,treatment,True,True,False,False,False,2
exp_offer_nudge_v1,subj_03317,Dayananda Sagar College of Engineering,True,v2.1,False,False,True,2026-09-12T09:00:00+05:30,treatment,True,False,False,False,False,1
exp_offer_nudge_v1,subj_03318,BMS Institute of Technology,True,v2.1,False,False,True,2026-09-12T09:00:00+05:30,treatment,True,True,False,False,False,2
exp_offer_nudge_v1,subj_03319,PES University,True,v2.1,False,False,False,2026-09-12T09:00:00+05:30,excluded,False,False,False,False,False,0
exp_offer_nudge_v1,subj_03320,RV College of Engineering,True,v2.1,False,False,True,2026-09-12T09:00:00+05:30,control,True,True,False,False,False,2
exp_offer_nudge_v1,subj_03321,CMR Institute of Technology,True,v2.1,False,False,True,2026-09-12T09:00:00+05:30,treatment,True,True,True,False,False,3
exp_offer_nudge_v1,subj_03322,New Horizon College of Engineering,True,v2.1,False,False,True,2026-09-12T09:00:00+05:30,control,True,False,False,False,False,1
exp_offer_nudge_v1,subj_03323,Dayananda Sagar College of Engineering,True,v2.1,False,False,True,2026-09-12T09:00:00+05:30,control,True,False,False,False,False,1
exp_offer_nudge_v1,subj_03324,BMS Institute of Technology,True,v2.1,False,False,True,2026-09-12T09:00:00+05:30,control,True,False,False,False,False,1
exp_offer_nudge_v1,subj_03325,PES University,True,v2.1,False,False,True,2026-09-12T09:00:00+05:30,control,True,False,False,False,False,1
exp_offer_nudge_v1,subj_03326,RV College of Engineering,True,v2.1,False,False,True,2026-09-12T09:00:00+05:30,control,True,True,True,True,True,5
exp_offer_nudge_v1,subj_03327,CMR Institute of Technology,True,v2.1,False,False,True,2026-09-12T09:00:00+05:30,control,True,False,False,False,False,1
exp_offer_nudge_v1,subj_03328,New Horizon College of Engineering,True,v2.1,False,False,True,2026-09-12T09:00:00+05:30,treatment,True,False,True,True,True,4
exp_offer_nudge_v1,subj_03329,Dayananda Sagar College of Engineering,True,v2.1,True,False,False,2026-09-12T09:00:00+05:30,excluded,False,False,False,False,False,0
exp_offer_nudge_v1,subj_03330,BMS Institute of Technology,True,v2.1,False,False,True,2026-09-12T09:00:00+05:30,treatment,True,False,True,True,True,4
exp_offer_nudge_v1,subj_03331,PES University,True,v2.1,False,False,True,2026-09-12T09:00:00+05:30,treatment,True,False,False,False,False,1
exp_offer_nudge_v1,subj_03332,RV College of Engineering,True,v2.1,False,False,True,2026-09-12T09:00:00+05:30,control,True,False,True,True,False,3
exp_offer_nudge_v1,subj_03333,CMR Institute of Technology,True,v2.1,False,False,False,2026-09-12T09:00:00+05:30,excluded,False,False,False,False,False,0
exp_offer_nudge_v1,subj_03334,New Horizon College of Engineering,True,v2.1,False,False,True,2026-09-12T09:00:00+05:30,control,True,False,False,False,False,1
exp_offer_nudge_v1,subj_03335,Dayananda Sagar College of Engineering,True,v2.1,False,False,True,2026-09-12T09:00:00+05:30,control,True,False,False,False,False,1
exp_offer_nudge_v1,subj_03336,BMS Institute of Technology,True,v2.1,False,False,True,2026-09-12T09:00:00+05:30,treatment,True,False,True,False,False,2
exp_offer_nudge_v1,subj_03337,PES University,True,v2.1,False,False,True,2026-09-12T09:00:00+05:30,control,True,False,False,False,False,1
exp_offer_nudge_v1,subj_03338,RV College of Engineering,True,v2.1,False,False,True,2026-09-12T09:00:00+05:30,control,True,False,False,False,False,1
exp_offer_nudge_v1,subj_03339,CMR Institute of Technology,True,v2.1,False,False,True,2026-09-12T09:00:00+05:30,control,True,False,True,True,False,3
exp_offer_nudge_v1,subj_03340,New Horizon College of Engineering,True,v2.1,False,False,True,2026-09-12T09:00:00+05:30,treatment,True,True,False,False,False,2
exp_offer_nudge_v1,subj_03341,Dayananda Sagar College of Engineering,True,v2.1,False,False,True,2026-09-12T09:00:00+05:30,control,True,False,False,False,False,1
exp_offer_nudge_v1,subj_03342,BMS Institute of Technology,True,v2.1,False,False,False,2026-09-12T09:00:00+05:30,excluded,False,False,False,False,False,0
exp_offer_nudge_v1,subj_03343,PES University,True,v2.1,True,False,False,2026-09-12T09:00:00+05:30,excluded,False,False,False,False,False,0
exp_offer_nudge_v1,subj_03344,RV College of Engineering,True,v2.1,False,False,False,2026-09-12T09:00:00+05:30,excluded,False,False,False,False,False,0
exp_offer_nudge_v1,subj_03345,CMR Institute of Technology,True,v2.1,False,False,True,2026-09-12T09:00:00+05:30,treatment,True,True,False,False,False,2
exp_offer_nudge_v1,subj_03346,New Horizon College of Engineering,True,v2.1,False,False,False,2026-09-12T09:00:00+05:30,excluded,False,False,False,False,False,0
exp_offer_nudge_v1,subj_03347,Dayananda Sagar College of Engineering,True,v2.1,False,False,True,2026-09-12T09:00:00+05:30,control,True,False,False,False,False,1
exp_offer_nudge_v1,subj_03348,BMS Institute of Technology,True,v2.1,False,False,True,2026-09-12T09:00:00+05:30,control,True,False,False,False,False,1
exp_offer_nudge_v1,subj_03349,PES University,True,v2.1,False,False,True,2026-09-12T09:00:00+05:30,treatment,True,False,False,False,False,1
exp_offer_nudge_v1,subj_03350,RV College of Engineering,True,v2.1,False,False,True,2026-09-12T09:00:00+05:30,control,True,False,True,True,False,3
exp_offer_nudge_v1,subj_03351,CMR Institute of Technology,True,v2.1,False,False,False,2026-09-12T09:00:00+05:30,excluded,False,False,False,False,False,0
exp_offer_nudge_v1,subj_03352,New Horizon College of Engineering,True,v2.1,False,False,True,2026-09-12T09:00:00+05:30,control,True,False,False,False,False,1
exp_offer_nudge_v1,subj_03353,Dayananda Sagar College of Engineering,True,v2.1,False,False,True,2026-09-12T09:00:00+05:30,control,True,False,False,False,False,1
exp_offer_nudge_v1,subj_03354,BMS Institute of Technology,True,v2.1,False,False,True,2026-09-12T09:00:00+05:30,control,True,False,False,False,False,1
exp_offer_nudge_v1,subj_03355,PES University,True,v2.1,False,False,True,2026-09-12T09:00:00+05:30,control,True,False,True,False,False,2
exp_offer_nudge_v1,subj_03356,RV College of Engineering,True,v2.1,False,False,True,2026-09-12T09:00:00+05:30,control,True,False,False,False,False,1
exp_offer_nudge_v1,subj_03357,CMR Institute of Technology,True,v2.1,False,False,True,2026-09-12T09:00:00+05:30,control,True,False,False,False,False,1
exp_offer_nudge_v1,subj_03358,New Horizon College of Engineering,True,v2.1,False,False,True,2026-09-12T09:00:00+05:30,treatment,True,True,False,False,False,2
exp_offer_nudge_v1,subj_03359,Dayananda Sagar College of Engineering,True,v2.1,False,False,True,2026-09-12T09:00:00+05:30,control,True,False,True,False,False,2
exp_offer_nudge_v1,subj_03360,BMS Institute of Technology,True,v2.1,False,False,True,2026-09-12T09:00:00+05:30,control,True,False,False,False,False,1
exp_offer_nudge_v1,subj_03361,PES University,True,v2.1,False,False,True,2026-09-12T09:00:00+05:30,control,True,True,False,False,False,2
exp_offer_nudge_v1,subj_03362,RV College of Engineering,True,v2.1,False,False,True,2026-09-12T09:00:00+05:30,control,True,False,False,False,False,1
exp_offer_nudge_v1,subj_03363,CMR Institute of Technology,True,v2.1,False,False,True,2026-09-12T09:00:00+05:30,treatment,True,True,False,False,False,2
exp_offer_nudge_v1,subj_03364,New Horizon College of Engineering,True,v2.1,False,False,True,2026-09-12T09:00:00+05:30,control,True,False,False,False,False,1
exp_offer_nudge_v1,subj_03365,Dayananda Sagar College of Engineering,True,v2.1,False,False,True,2026-09-12T09:00:00+05:30,treatment,True,True,False,False,False,2
exp_offer_nudge_v1,subj_03366,BMS Institute of Technology,True,v2.1,False,False,True,2026-09-12T09:00:00+05:30,treatment,True,False,False,False,False,1
exp_offer_nudge_v1,subj_03367,PES University,True,v2.1,False,False,True,2026-09-12T09:00:00+05:30,control,True,True,False,False,False,2
exp_offer_nudge_v1,subj_03368,RV College of Engineering,True,v2.1,False,False,True,2026-09-12T09:00:00+05:30,control,True,False,False,False,False,1
exp_offer_nudge_v1,subj_03369,CMR Institute of Technology,True,v2.1,False,False,False,2026-09-12T09:00:00+05:30,excluded,False,False,False,False,False,0
exp_offer_nudge_v1,subj_03370,New Horizon College of Engineering,True,v2.1,False,False,False,2026-09-12T09:00:00+05:30,excluded,False,False,False,False,False,0
exp_offer_nudge_v1,subj_03371,Dayananda Sagar College of Engineering,True,v2.1,False,False,True,2026-09-12T09:00:00+05:30,control,True,False,False,False,False,1
exp_offer_nudge_v1,subj_03372,BMS Institute of Technology,True,v2.1,False,False,True,2026-09-12T09:00:00+05:30,treatment,True,False,False,False,False,1
exp_offer_nudge_v1,subj_03373,PES University,True,v2.1,False,False,True,2026-09-12T09:00:00+05:30,treatment,True,True,False,False,False,2
exp_offer_nudge_v1,subj_03374,RV College of Engineering,False,,False,False,False,2026-09-12T09:00:00+05:30,excluded,False,False,False,False,False,0
exp_offer_nudge_v1,subj_03375,CMR Institute of Technology,True,v2.1,True,False,False,2026-09-12T09:00:00+05:30,excluded,False,False,False,False,False,0
exp_offer_nudge_v1,subj_03376,New Horizon College of Engineering,True,v2.1,False,False,True,2026-09-12T09:00:00+05:30,control,True,True,True,True,True,5
exp_offer_nudge_v1,subj_03377,Dayananda Sagar College of Engineering,True,v2.1,False,False,True,2026-09-12T09:00:00+05:30,control,True,False,False,False,False,1
exp_offer_nudge_v1,subj_03378,BMS Institute of Technology,True,v2.1,False,False,True,2026-09-12T09:00:00+05:30,control,True,True,False,False,False,2
exp_offer_nudge_v1,subj_03379,PES University,True,v2.1,False,False,True,2026-09-12T09:00:00+05:30,treatment,True,False,False,False,False,1
exp_offer_nudge_v1,subj_03380,RV College of Engineering,True,v2.1,False,False,True,2026-09-12T09:00:00+05:30,treatment,True,True,False,False,False,2
exp_offer_nudge_v1,subj_03381,CMR Institute of Technology,True,v2.1,False,False,True,2026-09-12T09:00:00+05:30,control,True,False,False,False,False,1
exp_offer_nudge_v1,subj_03382,New Horizon College of Engineering,True,v2.1,False,False,True,2026-09-12T09:00:00+05:30,treatment,True,True,False,False,False,2
exp_offer_nudge_v1,subj_03383,Dayananda Sagar College of Engineering,True,v2.1,False,False,True,2026-09-12T09:00:00+05:30,treatment,True,False,False,False,False,1
exp_offer_nudge_v1,subj_03384,BMS Institute of Technology,True,v2.1,False,False,True,2026-09-12T09:00:00+05:30,treatment,True,True,False,False,False,2
exp_offer_nudge_v1,subj_03385,PES University,True,v2.1,False,False,True,2026-09-12T09:00:00+05:30,treatment,True,False,False,False,False,1
exp_offer_nudge_v1,subj_03386,RV College of Engineering,True,v2.1,False,False,True,2026-09-12T09:00:00+05:30,control,True,True,False,False,False,2
exp_offer_nudge_v1,subj_03387,CMR Institute of Technology,True,v2.1,False,False,True,2026-09-12T09:00:00+05:30,control,True,False,True,True,False,3
exp_offer_nudge_v1,subj_03388,New Horizon College of Engineering,True,v2.1,False,False,True,2026-09-12T09:00:00+05:30,treatment,True,False,False,False,False,1
exp_offer_nudge_v1,subj_03389,Dayananda Sagar College of Engineering,True,v2.1,False,False,True,2026-09-12T09:00:00+05:30,treatment,True,True,False,False,False,2
exp_offer_nudge_v1,subj_03390,BMS Institute of Technology,True,v2.1,False,False,False,2026-09-12T09:00:00+05:30,excluded,False,False,False,False,False,0
exp_offer_nudge_v1,subj_03391,PES University,True,v2.1,False,False,True,2026-09-12T09:00:00+05:30,control,True,False,False,False,False,1
exp_offer_nudge_v1,subj_03392,RV College of Engineering,True,v2.1,False,True,False,2026-09-12T09:00:00+05:30,excluded,False,False,False,False,False,0
exp_offer_nudge_v1,subj_03393,CMR Institute of Technology,True,v2.1,False,False,True,2026-09-12T09:00:00+05:30,treatment,True,False,False,False,False,1
exp_offer_nudge_v1,subj_03394,New Horizon College of Engineering,True,v2.1,False,False,True,2026-09-12T09:00:00+05:30,treatment,True,True,True,False,False,3
exp_offer_nudge_v1,subj_03395,Dayananda Sagar College of Engineering,True,v2.1,False,False,False,2026-09-12T09:00:00+05:30,excluded,False,False,False,False,False,0
exp_offer_nudge_v1,subj_03396,BMS Institute of Technology,True,v2.1,False,False,True,2026-09-12T09:00:00+05:30,treatment,True,False,True,True,True,4
exp_offer_nudge_v1,subj_03397,PES University,True,v2.1,False,False,True,2026-09-12T09:00:00+05:30,control,True,False,False,False,False,1
exp_offer_nudge_v1,subj_03398,RV College of Engineering,True,v2.1,True,False,False,2026-09-12T09:00:00+05:30,excluded,False,False,False,False,False,0
exp_offer_nudge_v1,subj_03399,CMR Institute of Technology,True,v2.1,False,False,True,2026-09-12T09:00:00+05:30,treatment,True,False,False,False,False,1
exp_offer_nudge_v1,subj_03400,New Horizon College of Engineering,True,v2.1,False,False,True,2026-09-12T09:00:00+05:30,treatment,True,False,False,False,False,1
exp_offer_nudge_v1,subj_03401,Dayananda Sagar College of Engineering,True,v2.1,False,False,True,2026-09-12T09:00:00+05:30,treatment,True,False,False,False,False,1
exp_offer_nudge_v1,subj_03402,BMS Institute of Technology,True,v2.1,False,False,False,2026-09-12T09:00:00+05:30,excluded,False,False,False,False,False,0
exp_offer_nudge_v1,subj_03403,PES University,False,,False,False,False,2026-09-12T09:00:00+05:30,excluded,False,False,False,False,False,0
exp_offer_nudge_v1,subj_03404,RV College of Engineering,True,v2.1,False,False,True,2026-09-12T09:00:00+05:30,treatment,True,False,False,False,False,1
exp_offer_nudge_v1,subj_03405,CMR Institute of Technology,True,v2.1,False,False,False,2026-09-12T09:00:00+05:30,excluded,False,False,False,False,False,0
exp_offer_nudge_v1,subj_03406,New Horizon College of Engineering,True,v2.1,False,False,False,2026-09-12T09:00:00+05:30,excluded,False,False,False,False,False,0
exp_offer_nudge_v1,subj_03407,Dayananda Sagar College of Engineering,True,v2.1,False,False,True,2026-09-12T09:00:00+05:30,treatment,True,True,False,False,False,2
exp_offer_nudge_v1,subj_03408,BMS Institute of Technology,True,v2.1,False,False,True,2026-09-12T09:00:00+05:30,control,True,True,False,False,False,2
exp_offer_nudge_v1,subj_03409,PES University,True,v2.1,False,False,True,2026-09-12T09:00:00+05:30,treatment,True,False,False,False,False,1
exp_offer_nudge_v1,subj_03410,RV College of Engineering,True,v2.1,False,False,True,2026-09-12T09:00:00+05:30,treatment,True,False,True,False,False,2
exp_offer_nudge_v1,subj_03411,CMR Institute of Technology,True,v2.1,False,False,True,2026-09-12T09:00:00+05:30,treatment,True,True,False,False,False,2
exp_offer_nudge_v1,subj_03412,New Horizon College of Engineering,True,v2.1,False,False,True,2026-09-12T09:00:00+05:30,control,True,True,False,False,False,2
exp_offer_nudge_v1,subj_03413,Dayananda Sagar College of Engineering,True,v2.1,False,False,True,2026-09-12T09:00:00+05:30,control,True,False,False,False,False,1
exp_offer_nudge_v1,subj_03414,BMS Institute of Technology,True,v2.1,False,False,False,2026-09-12T09:00:00+05:30,excluded,False,False,False,False,False,0
exp_offer_nudge_v1,subj_03415,PES University,True,v2.1,False,False,True,2026-09-12T09:00:00+05:30,treatment,True,False,False,False,False,1
exp_offer_nudge_v1,subj_03416,RV College of Engineering,True,v2.1,False,False,True,2026-09-12T09:00:00+05:30,treatment,True,False,False,False,False,1
exp_offer_nudge_v1,subj_03417,CMR Institute of Technology,True,v2.1,False,False,True,2026-09-12T09:00:00+05:30,control,True,False,False,False,False,1
exp_offer_nudge_v1,subj_03418,New Horizon College of Engineering,True,v2.1,False,True,False,2026-09-12T09:00:00+05:30,excluded,False,False,False,False,False,0
exp_offer_nudge_v1,subj_03419,Dayananda Sagar College of Engineering,True,v2.1,False,False,True,2026-09-12T09:00:00+05:30,treatment,True,True,False,False,False,2
exp_offer_nudge_v1,subj_03420,BMS Institute of Technology,True,v2.1,False,False,True,2026-09-12T09:00:00+05:30,treatment,True,False,False,False,False,1
exp_offer_nudge_v1,subj_03421,PES University,True,v2.1,False,False,True,2026-09-12T09:00:00+05:30,control,True,True,False,False,False,2
exp_offer_nudge_v1,subj_03422,RV College of Engineering,True,v2.1,False,False,True,2026-09-12T09:00:00+05:30,control,True,False,False,False,False,1
exp_offer_nudge_v1,subj_03423,CMR Institute of Technology,True,v2.1,False,False,True,2026-09-12T09:00:00+05:30,treatment,True,True,False,False,False,2
exp_offer_nudge_v1,subj_03424,New Horizon College of Engineering,False,,False,False,False,2026-09-12T09:00:00+05:30,excluded,False,False,False,False,False,0
exp_offer_nudge_v1,subj_03425,Dayananda Sagar College of Engineering,True,v2.1,False,False,True,2026-09-12T09:00:00+05:30,control,True,False,True,True,False,3
exp_offer_nudge_v1,subj_03426,BMS Institute of Technology,True,v2.1,False,False,True,2026-09-12T09:00:00+05:30,control,True,True,False,False,False,2
exp_offer_nudge_v1,subj_03427,PES University,True,v2.1,False,False,True,2026-09-12T09:00:00+05:30,control,True,True,False,False,False,2
exp_offer_nudge_v1,subj_03428,RV College of Engineering,True,v2.1,False,False,True,2026-09-12T09:00:00+05:30,treatment,True,False,False,False,False,1
exp_offer_nudge_v1,subj_03429,CMR Institute of Technology,True,v2.1,False,False,True,2026-09-12T09:00:00+05:30,treatment,True,False,False,False,False,1
exp_offer_nudge_v1,subj_03430,New Horizon College of Engineering,True,v2.1,False,False,True,2026-09-12T09:00:00+05:30,control,True,False,True,False,False,2
exp_offer_nudge_v1,subj_03431,Dayananda Sagar College of Engineering,True,v2.1,False,False,True,2026-09-12T09:00:00+05:30,treatment,True,True,False,False,False,2
exp_offer_nudge_v1,subj_03432,BMS Institute of Technology,True,v2.1,False,False,True,2026-09-12T09:00:00+05:30,control,True,False,False,False,False,1
exp_offer_nudge_v1,subj_03433,PES University,True,v2.1,False,False,True,2026-09-12T09:00:00+05:30,treatment,True,False,False,False,False,1
exp_offer_nudge_v1,subj_03434,RV College of Engineering,True,v2.1,False,False,False,2026-09-12T09:00:00+05:30,excluded,False,False,False,False,False,0
exp_offer_nudge_v1,subj_03435,CMR Institute of Technology,True,v2.1,False,False,True,2026-09-12T09:00:00+05:30,control,True,False,False,False,False,1
exp_offer_nudge_v1,subj_03436,New Horizon College of Engineering,True,v2.1,False,False,True,2026-09-12T09:00:00+05:30,treatment,True,False,False,False,False,1
exp_offer_nudge_v1,subj_03437,Dayananda Sagar College of Engineering,True,v2.1,False,False,True,2026-09-12T09:00:00+05:30,control,True,True,False,False,False,2
exp_offer_nudge_v1,subj_03438,BMS Institute of Technology,True,v2.1,False,False,True,2026-09-12T09:00:00+05:30,treatment,True,True,False,False,False,2
exp_offer_nudge_v1,subj_03439,PES University,True,v2.1,False,False,False,2026-09-12T09:00:00+05:30,excluded,False,False,False,False,False,0
exp_offer_nudge_v1,subj_03440,RV College of Engineering,True,v2.1,False,False,True,2026-09-12T09:00:00+05:30,control,True,False,False,False,False,1
exp_offer_nudge_v1,subj_03441,CMR Institute of Technology,True,v2.1,True,False,False,2026-09-12T09:00:00+05:30,excluded,False,False,False,False,False,0
exp_offer_nudge_v1,subj_03442,New Horizon College of Engineering,True,v2.1,False,False,True,2026-09-12T09:00:00+05:30,control,True,False,False,False,False,1
exp_offer_nudge_v1,subj_03443,Dayananda Sagar College of Engineering,True,v2.1,False,False,True,2026-09-12T09:00:00+05:30,control,True,False,False,False,False,1
exp_offer_nudge_v1,subj_03444,BMS Institute of Technology,True,v2.1,False,False,False,2026-09-12T09:00:00+05:30,excluded,False,False,False,False,False,0
exp_offer_nudge_v1,subj_03445,PES University,True,v2.1,False,False,True,2026-09-12T09:00:00+05:30,treatment,True,True,True,False,False,3
exp_offer_nudge_v1,subj_03446,RV College of Engineering,True,v2.1,False,False,True,2026-09-12T09:00:00+05:30,control,True,False,False,False,False,1
exp_offer_nudge_v1,subj_03447,CMR Institute of Technology,True,v2.1,False,False,True,2026-09-12T09:00:00+05:30,treatment,True,False,False,False,False,1
exp_offer_nudge_v1,subj_03448,New Horizon College of Engineering,True,v2.1,False,False,True,2026-09-12T09:00:00+05:30,treatment,True,True,True,False,False,3
exp_offer_nudge_v1,subj_03449,Dayananda Sagar College of Engineering,True,v2.1,False,False,True,2026-09-12T09:00:00+05:30,control,True,False,False,False,False,1
exp_offer_nudge_v1,subj_03450,BMS Institute of Technology,True,v2.1,False,False,True,2026-09-12T09:00:00+05:30,control,True,True,False,False,False,2
exp_offer_nudge_v1,subj_03451,PES University,True,v2.1,False,False,True,2026-09-12T09:00:00+05:30,control,True,True,False,False,False,2
exp_offer_nudge_v1,subj_03452,RV College of Engineering,True,v2.1,False,False,True,2026-09-12T09:00:00+05:30,treatment,True,False,True,False,False,2
exp_offer_nudge_v1,subj_03453,CMR Institute of Technology,True,v2.1,False,False,True,2026-09-12T09:00:00+05:30,control,True,True,False,False,False,2
exp_offer_nudge_v1,subj_03454,New Horizon College of Engineering,True,v2.1,False,False,True,2026-09-12T09:00:00+05:30,control,True,False,False,False,False,1
exp_offer_nudge_v1,subj_03455,Dayananda Sagar College of Engineering,True,v2.1,False,False,True,2026-09-12T09:00:00+05:30,treatment,True,False,True,True,True,4
exp_offer_nudge_v1,subj_03456,BMS Institute of Technology,True,v2.1,False,False,True,2026-09-12T09:00:00+05:30,excluded,False,False,False,False,False,0
exp_offer_nudge_v1,subj_03457,PES University,True,v2.1,False,False,True,2026-09-12T09:00:00+05:30,control,True,True,False,False,False,2
exp_offer_nudge_v1,subj_03458,RV College of Engineering,True,v2.1,False,False,True,2026-09-12T09:00:00+05:30,control,True,True,True,True,True,5
exp_offer_nudge_v1,subj_03459,CMR Institute of Technology,True,v2.1,False,False,True,2026-09-12T09:00:00+05:30,control,True,True,True,True,True,5
exp_offer_nudge_v1,subj_03460,New Horizon College of Engineering,True,v2.1,False,False,True,2026-09-12T09:00:00+05:30,control,True,True,False,False,False,2
exp_offer_nudge_v1,subj_03461,Dayananda Sagar College of Engineering,True,v2.1,False,False,True,2026-09-12T09:00:00+05:30,control,True,True,False,False,False,2
exp_offer_nudge_v1,subj_03462,BMS Institute of Technology,True,v2.1,False,False,True,2026-09-12T09:00:00+05:30,control,True,False,False,False,False,1
exp_offer_nudge_v1,subj_03463,PES University,True,v2.1,False,False,True,2026-09-12T09:00:00+05:30,control,True,False,True,True,False,3
exp_offer_nudge_v1,subj_03464,RV College of Engineering,True,v2.1,False,False,False,2026-09-12T09:00:00+05:30,excluded,False,False,False,False,False,0
exp_offer_nudge_v1,subj_03465,CMR Institute of Technology,True,v2.1,False,False,True,2026-09-12T09:00:00+05:30,treatment,True,False,False,False,False,1
exp_offer_nudge_v1,subj_03466,New Horizon College of Engineering,True,v2.1,False,True,False,2026-09-12T09:00:00+05:30,excluded,False,False,False,False,False,0
exp_offer_nudge_v1,subj_03467,Dayananda Sagar College of Engineering,True,v2.1,False,False,True,2026-09-12T09:00:00+05:30,control,True,False,True,True,True,4
exp_offer_nudge_v1,subj_03468,BMS Institute of Technology,True,v2.1,False,False,False,2026-09-12T09:00:00+05:30,excluded,False,False,False,False,False,0
exp_offer_nudge_v1,subj_03469,PES University,True,v2.1,False,False,True,2026-09-12T09:00:00+05:30,control,True,False,False,False,False,1
exp_offer_nudge_v1,subj_03470,RV College of Engineering,True,v2.1,False,False,True,2026-09-12T09:00:00+05:30,control,True,False,True,False,False,2
exp_offer_nudge_v1,subj_03471,CMR Institute of Technology,True,v2.1,False,False,False,2026-09-12T09:00:00+05:30,excluded,False,False,False,False,False,0
exp_offer_nudge_v1,subj_03472,New Horizon College of Engineering,True,v2.1,False,False,True,2026-09-12T09:00:00+05:30,control,True,False,True,False,False,2
exp_offer_nudge_v1,subj_03473,Dayananda Sagar College of Engineering,True,v2.1,False,True,False,2026-09-12T09:00:00+05:30,excluded,False,False,False,False,False,0
exp_offer_nudge_v1,subj_03474,BMS Institute of Technology,True,v2.1,False,False,True,2026-09-12T09:00:00+05:30,treatment,True,True,True,True,False,4
exp_offer_nudge_v1,subj_03475,PES University,True,v2.1,False,False,True,2026-09-12T09:00:00+05:30,control,True,False,True,False,False,2
exp_offer_nudge_v1,subj_03476,RV College of Engineering,True,v2.1,False,False,False,2026-09-12T09:00:00+05:30,excluded,False,False,False,False,False,0
exp_offer_nudge_v1,subj_03477,CMR Institute of Technology,True,v2.1,False,False,True,2026-09-12T09:00:00+05:30,control,True,False,False,False,False,1
exp_offer_nudge_v1,subj_03478,New Horizon College of Engineering,True,v2.1,False,False,True,2026-09-12T09:00:00+05:30,control,True,True,False,False,False,2
exp_offer_nudge_v1,subj_03479,Dayananda Sagar College of Engineering,True,v2.1,False,False,True,2026-09-12T09:00:00+05:30,treatment,True,False,False,False,False,1
exp_offer_nudge_v1,subj_03480,BMS Institute of Technology,True,v2.1,False,False,True,2026-09-12T09:00:00+05:30,control,True,True,True,True,True,5
exp_offer_nudge_v1,subj_03481,PES University,True,v2.1,False,False,True,2026-09-12T09:00:00+05:30,control,True,False,True,True,True,4
exp_offer_nudge_v1,subj_03482,RV College of Engineering,True,v2.1,False,False,True,2026-09-12T09:00:00+05:30,treatment,True,False,False,False,False,1
exp_offer_nudge_v1,subj_03483,CMR Institute of Technology,True,v2.1,False,False,True,2026-09-12T09:00:00+05:30,control,True,False,True,True,True,4
exp_offer_nudge_v1,subj_03484,New Horizon College of Engineering,True,v2.1,False,False,True,2026-09-12T09:00:00+05:30,treatment,True,True,True,True,True,5
exp_offer_nudge_v1,subj_03485,Dayananda Sagar College of Engineering,True,v2.1,True,False,False,2026-09-12T09:00:00+05:30,excluded,False,False,False,False,False,0
exp_offer_nudge_v1,subj_03486,BMS Institute of Technology,True,v2.1,False,False,False,2026-09-12T09:00:00+05:30,excluded,False,False,False,False,False,0
exp_offer_nudge_v1,subj_03487,PES University,True,v2.1,False,False,True,2026-09-12T09:00:00+05:30,treatment,True,True,False,False,False,2
exp_offer_nudge_v1,subj_03488,RV College of Engineering,True,v2.1,False,False,True,2026-09-12T09:00:00+05:30,treatment,True,False,False,False,False,1
exp_offer_nudge_v1,subj_03489,CMR Institute of Technology,True,v2.1,False,False,True,2026-09-12T09:00:00+05:30,treatment,True,False,False,False,False,1
exp_offer_nudge_v1,subj_03490,New Horizon College of Engineering,True,v2.1,False,False,True,2026-09-12T09:00:00+05:30,control,True,False,False,False,False,1
exp_offer_nudge_v1,subj_03491,Dayananda Sagar College of Engineering,True,v2.1,True,False,False,2026-09-12T09:00:00+05:30,excluded,False,False,False,False,False,0
exp_offer_nudge_v1,subj_03492,BMS Institute of Technology,True,v2.1,False,False,True,2026-09-12T09:00:00+05:30,treatment,True,True,False,False,False,2
exp_offer_nudge_v1,subj_03493,PES University,True,v2.1,False,False,True,2026-09-12T09:00:00+05:30,control,True,False,False,False,False,1
exp_offer_nudge_v1,subj_03494,RV College of Engineering,True,v2.1,False,False,True,2026-09-12T09:00:00+05:30,control,True,False,False,False,False,1
exp_offer_nudge_v1,subj_03495,CMR Institute of Technology,True,v2.1,False,False,True,2026-09-12T09:00:00+05:30,control,True,False,False,False,False,1
exp_offer_nudge_v1,subj_03496,New Horizon College of Engineering,True,v2.1,False,False,True,2026-09-12T09:00:00+05:30,treatment,True,True,False,False,False,2
exp_offer_nudge_v1,subj_03497,Dayananda Sagar College of Engineering,True,v2.1,False,False,False,2026-09-12T09:00:00+05:30,excluded,False,False,False,False,False,0
exp_offer_nudge_v1,subj_03498,BMS Institute of Technology,True,v2.1,False,False,True,2026-09-12T09:00:00+05:30,treatment,True,True,False,False,False,2
exp_offer_nudge_v1,subj_03499,PES University,False,,False,False,False,2026-09-12T09:00:00+05:30,excluded,False,False,False,False,False,0
exp_offer_nudge_v1,subj_03500,RV College of Engineering,True,v2.1,False,False,True,2026-09-12T09:00:00+05:30,control,True,False,False,False,False,1
exp_offer_nudge_v1,subj_03501,CMR Institute of Technology,False,,False,False,False,2026-09-12T09:00:00+05:30,excluded,False,False,False,False,False,0
exp_offer_nudge_v1,subj_03502,New Horizon College of Engineering,True,v2.1,False,False,True,2026-09-12T09:00:00+05:30,control,True,False,False,False,False,1
exp_offer_nudge_v1,subj_03503,Dayananda Sagar College of Engineering,True,v2.1,False,False,True,2026-09-12T09:00:00+05:30,control,True,True,False,False,False,2
exp_offer_nudge_v1,subj_03504,BMS Institute of Technology,True,v2.1,False,False,True,2026-09-12T09:00:00+05:30,treatment,True,True,False,False,False,2
exp_offer_nudge_v1,subj_03505,PES University,True,v2.1,False,False,False,2026-09-12T09:00:00+05:30,excluded,False,False,False,False,False,0
exp_offer_nudge_v1,subj_03506,RV College of Engineering,True,v2.1,False,False,True,2026-09-12T09:00:00+05:30,control,True,False,False,False,False,1
exp_offer_nudge_v1,subj_03507,CMR Institute of Technology,True,v2.1,False,True,False,2026-09-12T09:00:00+05:30,excluded,False,False,False,False,False,0
exp_offer_nudge_v1,subj_03508,New Horizon College of Engineering,True,v2.1,False,False,True,2026-09-12T09:00:00+05:30,control,True,False,False,False,False,1
exp_offer_nudge_v1,subj_03509,Dayananda Sagar College of Engineering,True,v2.1,False,False,True,2026-09-12T09:00:00+05:30,treatment,True,False,False,False,False,1
exp_offer_nudge_v1,subj_03510,BMS Institute of Technology,True,v2.1,False,False,True,2026-09-12T09:00:00+05:30,control,True,True,False,False,False,2
exp_offer_nudge_v1,subj_03511,PES University,True,v2.1,False,False,True,2026-09-12T09:00:00+05:30,control,True,False,False,False,False,1
exp_offer_nudge_v1,subj_03512,RV College of Engineering,True,v2.1,False,False,True,2026-09-12T09:00:00+05:30,treatment,True,False,False,False,False,1
exp_offer_nudge_v1,subj_03513,CMR Institute of Technology,True,v2.1,False,False,True,2026-09-12T09:00:00+05:30,control,True,False,False,False,False,1
exp_offer_nudge_v1,subj_03514,New Horizon College of Engineering,True,v2.1,False,False,True,2026-09-12T09:00:00+05:30,treatment,True,False,True,True,True,4
exp_offer_nudge_v1,subj_03515,Dayananda Sagar College of Engineering,True,v2.1,False,False,True,2026-09-12T09:00:00+05:30,treatment,True,True,True,False,False,3
exp_offer_nudge_v1,subj_03516,BMS Institute of Technology,True,v2.1,False,False,True,2026-09-12T09:00:00+05:30,control,True,False,False,False,False,1
exp_offer_nudge_v1,subj_03517,PES University,True,v2.1,False,False,True,2026-09-12T09:00:00+05:30,treatment,True,False,True,True,False,3
exp_offer_nudge_v1,subj_03518,RV College of Engineering,True,v2.1,False,False,True,2026-09-12T09:00:00+05:30,control,True,True,False,False,False,2
exp_offer_nudge_v1,subj_03519,CMR Institute of Technology,True,v2.1,False,False,True,2026-09-12T09:00:00+05:30,control,True,True,False,False,False,2
exp_offer_nudge_v1,subj_03520,New Horizon College of Engineering,True,v2.1,False,False,True,2026-09-12T09:00:00+05:30,treatment,True,False,False,False,False,1
exp_offer_nudge_v1,subj_03521,Dayananda Sagar College of Engineering,True,v2.1,False,True,False,2026-09-12T09:00:00+05:30,excluded,False,False,False,False,False,0
exp_offer_nudge_v1,subj_03522,BMS Institute of Technology,True,v2.1,False,False,True,2026-09-12T09:00:00+05:30,treatment,True,False,False,False,False,1
exp_offer_nudge_v1,subj_03523,PES University,True,v2.1,False,False,True,2026-09-12T09:00:00+05:30,treatment,True,False,False,False,False,1
exp_offer_nudge_v1,subj_03524,RV College of Engineering,True,v2.1,False,False,True,2026-09-12T09:00:00+05:30,control,True,True,False,False,False,2
exp_offer_nudge_v1,subj_03525,CMR Institute of Technology,True,v2.1,False,False,True,2026-09-12T09:00:00+05:30,treatment,True,True,False,False,False,2
exp_offer_nudge_v1,subj_03526,New Horizon College of Engineering,True,v2.1,False,False,True,2026-09-12T09:00:00+05:30,treatment,True,True,False,False,False,2
exp_offer_nudge_v1,subj_03527,Dayananda Sagar College of Engineering,True,v2.1,False,False,False,2026-09-12T09:00:00+05:30,excluded,False,False,False,False,False,0
exp_offer_nudge_v1,subj_03528,BMS Institute of Technology,True,v2.1,False,False,False,2026-09-12T09:00:00+05:30,excluded,False,False,False,False,False,0
exp_offer_nudge_v1,subj_03529,PES University,True,v2.1,False,False,True,2026-09-12T09:00:00+05:30,control,True,False,False,False,False,1
exp_offer_nudge_v1,subj_03530,RV College of Engineering,True,v2.1,True,False,False,2026-09-12T09:00:00+05:30,excluded,False,False,False,False,False,0
exp_offer_nudge_v1,subj_03531,CMR Institute of Technology,True,v2.1,False,False,True,2026-09-12T09:00:00+05:30,treatment,True,False,False,False,False,1
exp_offer_nudge_v1,subj_03532,New Horizon College of Engineering,True,v2.1,False,False,True,2026-09-12T09:00:00+05:30,control,True,False,False,False,False,1
exp_offer_nudge_v1,subj_03533,Dayananda Sagar College of Engineering,True,v2.1,False,False,False,2026-09-12T09:00:00+05:30,excluded,False,False,False,False,False,0
exp_offer_nudge_v1,subj_03534,BMS Institute of Technology,True,v2.1,False,False,True,2026-09-12T09:00:00+05:30,treatment,True,False,False,False,False,1
exp_offer_nudge_v1,subj_03535,PES University,True,v2.1,False,False,False,2026-09-12T09:00:00+05:30,excluded,False,False,False,False,False,0
exp_offer_nudge_v1,subj_03536,RV College of Engineering,True,v2.1,False,False,True,2026-09-12T09:00:00+05:30,control,True,True,False,False,False,2
exp_offer_nudge_v1,subj_03537,CMR Institute of Technology,True,v2.1,False,False,True,2026-09-12T09:00:00+05:30,treatment,True,True,False,False,False,2
exp_offer_nudge_v1,subj_03538,New Horizon College of Engineering,True,v2.1,True,False,False,2026-09-12T09:00:00+05:30,excluded,False,False,False,False,False,0
exp_offer_nudge_v1,subj_03539,Dayananda Sagar College of Engineering,True,v2.1,False,False,True,2026-09-12T09:00:00+05:30,control,True,False,False,False,False,1
exp_offer_nudge_v1,subj_03540,BMS Institute of Technology,True,v2.1,False,False,True,2026-09-12T09:00:00+05:30,treatment,True,False,False,False,False,1
exp_offer_nudge_v1,subj_03541,PES University,True,v2.1,False,False,True,2026-09-12T09:00:00+05:30,treatment,True,True,True,True,False,4
exp_offer_nudge_v1,subj_03542,RV College of Engineering,True,v2.1,False,False,True,2026-09-12T09:00:00+05:30,control,True,True,True,False,False,3
exp_offer_nudge_v1,subj_03543,CMR Institute of Technology,True,v2.1,False,False,True,2026-09-12T09:00:00+05:30,treatment,True,False,True,True,False,3
exp_offer_nudge_v1,subj_03544,New Horizon College of Engineering,True,v2.1,False,True,False,2026-09-12T09:00:00+05:30,excluded,False,False,False,False,False,0
exp_offer_nudge_v1,subj_03545,Dayananda Sagar College of Engineering,True,v2.1,False,False,True,2026-09-12T09:00:00+05:30,treatment,True,False,False,False,False,1
exp_offer_nudge_v1,subj_03546,BMS Institute of Technology,True,v2.1,False,False,True,2026-09-12T09:00:00+05:30,control,True,False,False,False,False,1
exp_offer_nudge_v1,subj_03547,PES University,True,v2.1,False,False,True,2026-09-12T09:00:00+05:30,control,True,True,False,False,False,2
exp_offer_nudge_v1,subj_03548,RV College of Engineering,True,v2.1,False,False,True,2026-09-12T09:00:00+05:30,treatment,True,True,False,False,False,2
exp_offer_nudge_v1,subj_03549,CMR Institute of Technology,True,v2.1,False,False,True,2026-09-12T09:00:00+05:30,control,True,False,False,False,False,1
exp_offer_nudge_v1,subj_03550,New Horizon College of Engineering,True,v2.1,False,False,False,2026-09-12T09:00:00+05:30,excluded,False,False,False,False,False,0
exp_offer_nudge_v1,subj_03551,Dayananda Sagar College of Engineering,True,v2.1,False,False,True,2026-09-12T09:00:00+05:30,treatment,True,False,False,False,False,1
exp_offer_nudge_v1,subj_03552,BMS Institute of Technology,True,v2.1,False,False,True,2026-09-12T09:00:00+05:30,treatment,True,True,False,False,False,2
exp_offer_nudge_v1,subj_03553,PES University,True,v2.1,False,False,True,2026-09-12T09:00:00+05:30,control,True,False,False,False,False,1
exp_offer_nudge_v1,subj_03554,RV College of Engineering,True,v2.1,False,False,True,2026-09-12T09:00:00+05:30,treatment,True,False,False,False,False,1
exp_offer_nudge_v1,subj_03555,CMR Institute of Technology,True,v2.1,False,False,True,2026-09-12T09:00:00+05:30,control,True,True,False,False,False,2
exp_offer_nudge_v1,subj_03556,New Horizon College of Engineering,True,v2.1,False,False,True,2026-09-12T09:00:00+05:30,treatment,True,True,False,False,False,2
exp_offer_nudge_v1,subj_03557,Dayananda Sagar College of Engineering,True,v2.1,False,False,True,2026-09-12T09:00:00+05:30,treatment,True,False,False,False,False,1
exp_offer_nudge_v1,subj_03558,BMS Institute of Technology,True,v2.1,False,False,True,2026-09-12T09:00:00+05:30,treatment,True,False,False,False,False,1
exp_offer_nudge_v1,subj_03559,PES University,True,v2.1,True,False,False,2026-09-12T09:00:00+05:30,excluded,False,False,False,False,False,0
exp_offer_nudge_v1,subj_03560,RV College of Engineering,True,v2.1,False,False,True,2026-09-12T09:00:00+05:30,control,True,False,False,False,False,1
exp_offer_nudge_v1,subj_03561,CMR Institute of Technology,True,v2.1,False,False,True,2026-09-12T09:00:00+05:30,treatment,True,False,False,False,False,1
exp_offer_nudge_v1,subj_03562,New Horizon College of Engineering,True,v2.1,False,False,True,2026-09-12T09:00:00+05:30,treatment,True,True,False,False,False,2
exp_offer_nudge_v1,subj_03563,Dayananda Sagar College of Engineering,True,v2.1,False,False,False,2026-09-12T09:00:00+05:30,excluded,False,False,False,False,False,0
exp_offer_nudge_v1,subj_03564,BMS Institute of Technology,True,v2.1,False,False,True,2026-09-12T09:00:00+05:30,treatment,True,False,True,True,True,4
exp_offer_nudge_v1,subj_03565,PES University,True,v2.1,False,False,True,2026-09-12T09:00:00+05:30,control,True,False,False,False,False,1
exp_offer_nudge_v1,subj_03566,RV College of Engineering,True,v2.1,False,False,True,2026-09-12T09:00:00+05:30,treatment,True,True,True,True,False,4
exp_offer_nudge_v1,subj_03567,CMR Institute of Technology,True,v2.1,False,False,True,2026-09-12T09:00:00+05:30,control,True,True,False,False,False,2
exp_offer_nudge_v1,subj_03568,New Horizon College of Engineering,True,v2.1,False,False,True,2026-09-12T09:00:00+05:30,treatment,True,False,False,False,False,1
exp_offer_nudge_v1,subj_03569,Dayananda Sagar College of Engineering,True,v2.1,False,False,True,2026-09-12T09:00:00+05:30,control,True,True,False,False,False,2
exp_offer_nudge_v1,subj_03570,BMS Institute of Technology,True,v2.1,False,False,True,2026-09-12T09:00:00+05:30,control,True,True,False,False,False,2
exp_offer_nudge_v1,subj_03571,PES University,True,v2.1,False,False,True,2026-09-12T09:00:00+05:30,treatment,True,False,False,False,False,1
exp_offer_nudge_v1,subj_03572,RV College of Engineering,True,v2.1,False,False,True,2026-09-12T09:00:00+05:30,treatment,True,False,False,False,False,1
exp_offer_nudge_v1,subj_03573,CMR Institute of Technology,True,v2.1,False,False,True,2026-09-12T09:00:00+05:30,treatment,True,False,False,False,False,1
exp_offer_nudge_v1,subj_03574,New Horizon College of Engineering,True,v2.1,False,False,True,2026-09-12T09:00:00+05:30,control,True,False,True,True,True,4
exp_offer_nudge_v1,subj_03575,Dayananda Sagar College of Engineering,True,v2.1,False,False,False,2026-09-12T09:00:00+05:30,excluded,False,False,False,False,False,0
exp_offer_nudge_v1,subj_03576,BMS Institute of Technology,True,v2.1,True,False,False,2026-09-12T09:00:00+05:30,excluded,False,False,False,False,False,0
exp_offer_nudge_v1,subj_03577,PES University,True,v2.1,False,False,True,2026-09-12T09:00:00+05:30,treatment,True,False,True,False,False,2
exp_offer_nudge_v1,subj_03578,RV College of Engineering,True,v2.1,False,False,True,2026-09-12T09:00:00+05:30,control,True,False,False,False,False,1
exp_offer_nudge_v1,subj_03579,CMR Institute of Technology,True,v2.1,False,False,True,2026-09-12T09:00:00+05:30,control,True,False,False,False,False,1
exp_offer_nudge_v1,subj_03580,New Horizon College of Engineering,True,v2.1,False,False,True,2026-09-12T09:00:00+05:30,control,True,True,False,False,False,2
exp_offer_nudge_v1,subj_03581,Dayananda Sagar College of Engineering,True,v2.1,False,False,True,2026-09-12T09:00:00+05:30,treatment,True,False,False,False,False,1
exp_offer_nudge_v1,subj_03582,BMS Institute of Technology,True,v2.1,True,False,False,2026-09-12T09:00:00+05:30,excluded,False,False,False,False,False,0
exp_offer_nudge_v1,subj_03583,PES University,True,v2.1,False,False,True,2026-09-12T09:00:00+05:30,control,True,False,False,False,False,1
exp_offer_nudge_v1,subj_03584,RV College of Engineering,True,v2.1,False,False,True,2026-09-12T09:00:00+05:30,treatment,True,False,False,False,False,1
exp_offer_nudge_v1,subj_03585,CMR Institute of Technology,True,v2.1,False,False,True,2026-09-12T09:00:00+05:30,treatment,True,False,True,True,False,3
exp_offer_nudge_v1,subj_03586,New Horizon College of Engineering,True,v2.1,False,False,True,2026-09-12T09:00:00+05:30,treatment,True,False,False,False,False,1
exp_offer_nudge_v1,subj_03587,Dayananda Sagar College of Engineering,True,v2.1,False,False,True,2026-09-12T09:00:00+05:30,control,True,False,False,False,False,1
exp_offer_nudge_v1,subj_03588,BMS Institute of Technology,True,v2.1,False,False,True,2026-09-12T09:00:00+05:30,control,True,False,False,False,False,1
exp_offer_nudge_v1,subj_03589,PES University,True,v2.1,False,False,True,2026-09-12T09:00:00+05:30,control,True,True,False,False,False,2
exp_offer_nudge_v1,subj_03590,RV College of Engineering,True,v2.1,False,False,True,2026-09-12T09:00:00+05:30,treatment,True,False,True,False,False,2
exp_offer_nudge_v1,subj_03591,CMR Institute of Technology,True,v2.1,False,False,True,2026-09-12T09:00:00+05:30,control,True,False,True,False,False,2
exp_offer_nudge_v1,subj_03592,New Horizon College of Engineering,True,v2.1,False,False,True,2026-09-12T09:00:00+05:30,control,True,False,True,False,False,2
exp_offer_nudge_v1,subj_03593,Dayananda Sagar College of Engineering,True,v2.1,False,False,True,2026-09-12T09:00:00+05:30,treatment,True,False,False,False,False,1
exp_offer_nudge_v1,subj_03594,BMS Institute of Technology,True,v2.1,False,False,True,2026-09-12T09:00:00+05:30,control,True,False,False,False,False,1
exp_offer_nudge_v1,subj_03595,PES University,False,,False,False,False,2026-09-12T09:00:00+05:30,excluded,False,False,False,False,False,0
exp_offer_nudge_v1,subj_03596,RV College of Engineering,True,v2.1,False,False,True,2026-09-12T09:00:00+05:30,treatment,True,False,False,False,False,1
exp_offer_nudge_v1,subj_03597,CMR Institute of Technology,True,v2.1,False,False,True,2026-09-12T09:00:00+05:30,control,True,False,False,False,False,1
exp_offer_nudge_v1,subj_03598,New Horizon College of Engineering,True,v2.1,False,False,False,2026-09-12T09:00:00+05:30,excluded,False,False,False,False,False,0
exp_offer_nudge_v1,subj_03599,Dayananda Sagar College of Engineering,True,v2.1,False,False,True,2026-09-12T09:00:00+05:30,treatment,True,False,True,True,False,3
exp_offer_nudge_v1,subj_03600,BMS Institute of Technology,True,v2.1,False,False,True,2026-09-12T09:00:00+05:30,treatment,True,False,False,False,False,1
exp_offer_nudge_v1,subj_03601,PES University,True,v2.1,False,False,True,2026-09-12T09:00:00+05:30,control,True,False,False,False,False,1
exp_offer_nudge_v1,subj_03602,RV College of Engineering,True,v2.1,False,False,True,2026-09-12T09:00:00+05:30,control,True,False,False,False,False,1
exp_offer_nudge_v1,subj_03603,CMR Institute of Technology,True,v2.1,False,False,True,2026-09-12T09:00:00+05:30,treatment,True,True,True,True,True,5
exp_offer_nudge_v1,subj_03604,New Horizon College of Engineering,True,v2.1,False,False,False,2026-09-12T09:00:00+05:30,excluded,False,False,False,False,False,0
exp_offer_nudge_v1,subj_03605,Dayananda Sagar College of Engineering,True,v2.1,False,False,True,2026-09-12T09:00:00+05:30,treatment,True,False,True,False,False,2
exp_offer_nudge_v1,subj_03606,BMS Institute of Technology,True,v2.1,False,False,False,2026-09-12T09:00:00+05:30,excluded,False,False,False,False,False,0
exp_offer_nudge_v1,subj_03607,PES University,False,,False,False,False,2026-09-12T09:00:00+05:30,excluded,False,False,False,False,False,0
exp_offer_nudge_v1,subj_03608,RV College of Engineering,True,v2.1,False,False,True,2026-09-12T09:00:00+05:30,control,True,False,False,False,False,1
exp_offer_nudge_v1,subj_03609,CMR Institute of Technology,True,v2.1,False,False,True,2026-09-12T09:00:00+05:30,treatment,True,False,False,False,False,1
exp_offer_nudge_v1,subj_03610,New Horizon College of Engineering,True,v2.1,False,False,True,2026-09-12T09:00:00+05:30,control,True,False,False,False,False,1
exp_offer_nudge_v1,subj_03611,Dayananda Sagar College of Engineering,True,v2.1,False,False,True,2026-09-12T09:00:00+05:30,treatment,True,False,False,False,False,1
exp_offer_nudge_v1,subj_03612,BMS Institute of Technology,True,v2.1,False,False,True,2026-09-12T09:00:00+05:30,treatment,True,False,False,False,False,1
exp_offer_nudge_v1,subj_03613,PES University,True,v2.1,False,False,False,2026-09-12T09:00:00+05:30,excluded,False,False,False,False,False,0
exp_offer_nudge_v1,subj_03614,RV College of Engineering,True,v2.1,False,False,True,2026-09-12T09:00:00+05:30,control,True,False,False,False,False,1
exp_offer_nudge_v1,subj_03615,CMR Institute of Technology,True,v2.1,False,False,True,2026-09-12T09:00:00+05:30,excluded,False,False,False,False,False,0
exp_offer_nudge_v1,subj_03616,New Horizon College of Engineering,True,v2.1,False,False,False,2026-09-12T09:00:00+05:30,excluded,False,False,False,False,False,0
exp_offer_nudge_v1,subj_03617,Dayananda Sagar College of Engineering,True,v2.1,False,False,True,2026-09-12T09:00:00+05:30,treatment,True,False,False,False,False,1
exp_offer_nudge_v1,subj_03618,BMS Institute of Technology,True,v2.1,False,False,True,2026-09-12T09:00:00+05:30,treatment,True,False,False,False,False,1
exp_offer_nudge_v1,subj_03619,PES University,True,v2.1,False,False,True,2026-09-12T09:00:00+05:30,control,True,False,False,False,False,1
exp_offer_nudge_v1,subj_03620,RV College of Engineering,True,v2.1,False,False,False,2026-09-12T09:00:00+05:30,excluded,False,False,False,False,False,0
exp_offer_nudge_v1,subj_03621,CMR Institute of Technology,True,v2.1,False,False,True,2026-09-12T09:00:00+05:30,treatment,True,False,True,False,False,2
exp_offer_nudge_v1,subj_03622,New Horizon College of Engineering,True,v2.1,False,False,True,2026-09-12T09:00:00+05:30,control,True,True,False,False,False,2
exp_offer_nudge_v1,subj_03623,Dayananda Sagar College of Engineering,True,v2.1,False,False,True,2026-09-12T09:00:00+05:30,control,True,False,False,False,False,1
exp_offer_nudge_v1,subj_03624,BMS Institute of Technology,True,v2.1,False,False,True,2026-09-12T09:00:00+05:30,treatment,True,False,False,False,False,1
exp_offer_nudge_v1,subj_03625,PES University,True,v2.1,False,False,True,2026-09-12T09:00:00+05:30,control,True,False,False,False,False,1
exp_offer_nudge_v1,subj_03626,RV College of Engineering,True,v2.1,False,False,True,2026-09-12T09:00:00+05:30,control,True,True,False,False,False,2
exp_offer_nudge_v1,subj_03627,CMR Institute of Technology,True,v2.1,False,False,True,2026-09-12T09:00:00+05:30,control,True,True,False,False,False,2
exp_offer_nudge_v1,subj_03628,New Horizon College of Engineering,True,v2.1,False,False,True,2026-09-12T09:00:00+05:30,treatment,True,True,False,False,False,2
exp_offer_nudge_v1,subj_03629,Dayananda Sagar College of Engineering,True,v2.1,False,False,True,2026-09-12T09:00:00+05:30,control,True,True,False,False,False,2
exp_offer_nudge_v1,subj_03630,BMS Institute of Technology,True,v2.1,False,False,True,2026-09-12T09:00:00+05:30,treatment,True,True,True,True,False,4
exp_offer_nudge_v1,subj_03631,PES University,True,v2.1,False,False,True,2026-09-12T09:00:00+05:30,control,True,False,False,False,False,1
exp_offer_nudge_v1,subj_03632,RV College of Engineering,True,v2.1,False,False,True,2026-09-12T09:00:00+05:30,treatment,True,False,False,False,False,1
exp_offer_nudge_v1,subj_03633,CMR Institute of Technology,True,v2.1,False,False,False,2026-09-12T09:00:00+05:30,excluded,False,False,False,False,False,0
exp_offer_nudge_v1,subj_03634,New Horizon College of Engineering,True,v2.1,False,False,True,2026-09-12T09:00:00+05:30,control,True,False,True,False,False,2
exp_offer_nudge_v1,subj_03635,Dayananda Sagar College of Engineering,True,v2.1,False,False,True,2026-09-12T09:00:00+05:30,control,True,False,False,False,False,1
exp_offer_nudge_v1,subj_03636,BMS Institute of Technology,True,v2.1,False,False,True,2026-09-12T09:00:00+05:30,control,True,False,False,False,False,1
exp_offer_nudge_v1,subj_03637,PES University,True,v2.1,False,False,True,2026-09-12T09:00:00+05:30,treatment,True,False,False,False,False,1
exp_offer_nudge_v1,subj_03638,RV College of Engineering,True,v2.1,False,False,True,2026-09-12T09:00:00+05:30,treatment,True,False,False,False,False,1
exp_offer_nudge_v1,subj_03639,CMR Institute of Technology,True,v2.1,False,False,True,2026-09-12T09:00:00+05:30,treatment,True,False,False,False,False,1
exp_offer_nudge_v1,subj_03640,New Horizon College of Engineering,True,v2.1,False,False,True,2026-09-12T09:00:00+05:30,control,True,False,False,False,False,1
exp_offer_nudge_v1,subj_03641,Dayananda Sagar College of Engineering,True,v2.1,False,False,True,2026-09-12T09:00:00+05:30,treatment,True,True,True,True,False,4
exp_offer_nudge_v1,subj_03642,BMS Institute of Technology,True,v2.1,False,False,True,2026-09-12T09:00:00+05:30,treatment,True,False,False,False,False,1
exp_offer_nudge_v1,subj_03643,PES University,True,v2.1,False,False,True,2026-09-12T09:00:00+05:30,control,True,False,False,False,False,1
exp_offer_nudge_v1,subj_03644,RV College of Engineering,True,v2.1,False,False,True,2026-09-12T09:00:00+05:30,treatment,True,False,False,False,False,1
exp_offer_nudge_v1,subj_03645,CMR Institute of Technology,True,v2.1,False,False,True,2026-09-12T09:00:00+05:30,control,True,False,False,False,False,1
exp_offer_nudge_v1,subj_03646,New Horizon College of Engineering,True,v2.1,False,False,True,2026-09-12T09:00:00+05:30,treatment,True,False,False,False,False,1
exp_offer_nudge_v1,subj_03647,Dayananda Sagar College of Engineering,True,v2.1,False,False,True,2026-09-12T09:00:00+05:30,control,True,False,False,False,False,1
exp_offer_nudge_v1,subj_03648,BMS Institute of Technology,True,v2.1,False,False,True,2026-09-12T09:00:00+05:30,control,True,True,False,False,False,2
exp_offer_nudge_v1,subj_03649,PES University,True,v2.1,False,False,True,2026-09-12T09:00:00+05:30,control,True,True,False,False,False,2
exp_offer_nudge_v1,subj_03650,RV College of Engineering,True,v2.1,False,True,False,2026-09-12T09:00:00+05:30,excluded,False,False,False,False,False,0
exp_offer_nudge_v1,subj_03651,CMR Institute of Technology,True,v2.1,False,False,True,2026-09-12T09:00:00+05:30,control,True,False,False,False,False,1
exp_offer_nudge_v1,subj_03652,New Horizon College of Engineering,True,v2.1,False,False,True,2026-09-12T09:00:00+05:30,control,True,False,False,False,False,1
exp_offer_nudge_v1,subj_03653,Dayananda Sagar College of Engineering,True,v2.1,False,False,True,2026-09-12T09:00:00+05:30,treatment,True,False,False,False,False,1
exp_offer_nudge_v1,subj_03654,BMS Institute of Technology,True,v2.1,False,False,True,2026-09-12T09:00:00+05:30,control,True,True,False,False,False,2
exp_offer_nudge_v1,subj_03655,PES University,True,v2.1,False,False,True,2026-09-12T09:00:00+05:30,treatment,True,True,False,False,False,2
exp_offer_nudge_v1,subj_03656,RV College of Engineering,False,,False,False,False,2026-09-12T09:00:00+05:30,excluded,False,False,False,False,False,0
exp_offer_nudge_v1,subj_03657,CMR Institute of Technology,True,v2.1,False,False,True,2026-09-12T09:00:00+05:30,control,True,False,False,False,False,1
exp_offer_nudge_v1,subj_03658,New Horizon College of Engineering,True,v2.1,False,False,True,2026-09-12T09:00:00+05:30,control,True,False,False,False,False,1
exp_offer_nudge_v1,subj_03659,Dayananda Sagar College of Engineering,True,v2.1,False,False,True,2026-09-12T09:00:00+05:30,treatment,True,False,False,False,False,1
exp_offer_nudge_v1,subj_03660,BMS Institute of Technology,True,v2.1,False,False,True,2026-09-12T09:00:00+05:30,treatment,True,False,False,False,False,1
exp_offer_nudge_v1,subj_03661,PES University,True,v2.1,False,False,True,2026-09-12T09:00:00+05:30,control,True,True,False,False,False,2
exp_offer_nudge_v1,subj_03662,RV College of Engineering,True,v2.1,False,False,True,2026-09-12T09:00:00+05:30,control,True,False,False,False,False,1
exp_offer_nudge_v1,subj_03663,CMR Institute of Technology,False,,False,False,False,2026-09-12T09:00:00+05:30,excluded,False,False,False,False,False,0
exp_offer_nudge_v1,subj_03664,New Horizon College of Engineering,True,v2.1,False,False,True,2026-09-12T09:00:00+05:30,control,True,False,False,False,False,1
exp_offer_nudge_v1,subj_03665,Dayananda Sagar College of Engineering,True,v2.1,False,False,True,2026-09-12T09:00:00+05:30,control,True,False,False,False,False,1
exp_offer_nudge_v1,subj_03666,BMS Institute of Technology,True,v2.1,False,False,True,2026-09-12T09:00:00+05:30,control,True,True,True,True,True,5
exp_offer_nudge_v1,subj_03667,PES University,True,v2.1,False,False,True,2026-09-12T09:00:00+05:30,treatment,True,False,False,False,False,1
exp_offer_nudge_v1,subj_03668,RV College of Engineering,False,,False,False,False,2026-09-12T09:00:00+05:30,excluded,False,False,False,False,False,0
exp_offer_nudge_v1,subj_03669,CMR Institute of Technology,True,v2.1,False,False,True,2026-09-12T09:00:00+05:30,control,True,False,True,True,True,4
exp_offer_nudge_v1,subj_03670,New Horizon College of Engineering,True,v2.1,False,False,True,2026-09-12T09:00:00+05:30,control,True,True,False,False,False,2
exp_offer_nudge_v1,subj_03671,Dayananda Sagar College of Engineering,True,v2.1,False,False,True,2026-09-12T09:00:00+05:30,treatment,True,True,True,True,False,4
exp_offer_nudge_v1,subj_03672,BMS Institute of Technology,True,v2.1,False,False,True,2026-09-12T09:00:00+05:30,control,True,True,False,False,False,2
exp_offer_nudge_v1,subj_03673,PES University,True,v2.1,False,False,True,2026-09-12T09:00:00+05:30,treatment,True,False,False,False,False,1
exp_offer_nudge_v1,subj_03674,RV College of Engineering,True,v2.1,False,False,True,2026-09-12T09:00:00+05:30,control,True,False,False,False,False,1
exp_offer_nudge_v1,subj_03675,CMR Institute of Technology,True,v2.1,False,False,False,2026-09-12T09:00:00+05:30,excluded,False,False,False,False,False,0
exp_offer_nudge_v1,subj_03676,New Horizon College of Engineering,True,v2.1,False,False,True,2026-09-12T09:00:00+05:30,treatment,True,False,False,False,False,1
exp_offer_nudge_v1,subj_03677,Dayananda Sagar College of Engineering,True,v2.1,False,False,True,2026-09-12T09:00:00+05:30,treatment,True,False,False,False,False,1
exp_offer_nudge_v1,subj_03678,BMS Institute of Technology,True,v2.1,False,False,True,2026-09-12T09:00:00+05:30,treatment,True,False,False,False,False,1
exp_offer_nudge_v1,subj_03679,PES University,True,v2.1,False,False,True,2026-09-12T09:00:00+05:30,control,True,False,False,False,False,1
exp_offer_nudge_v1,subj_03680,RV College of Engineering,True,v2.1,False,False,True,2026-09-12T09:00:00+05:30,control,True,False,False,False,False,1
exp_offer_nudge_v1,subj_03681,CMR Institute of Technology,True,v2.1,False,False,True,2026-09-12T09:00:00+05:30,control,True,True,False,False,False,2
exp_offer_nudge_v1,subj_03682,New Horizon College of Engineering,True,v2.1,False,False,False,2026-09-12T09:00:00+05:30,excluded,False,False,False,False,False,0
exp_offer_nudge_v1,subj_03683,Dayananda Sagar College of Engineering,True,v2.1,False,False,False,2026-09-12T09:00:00+05:30,excluded,False,False,False,False,False,0
exp_offer_nudge_v1,subj_03684,BMS Institute of Technology,True,v2.1,False,False,True,2026-09-12T09:00:00+05:30,control,True,True,False,False,False,2
exp_offer_nudge_v1,subj_03685,PES University,True,v2.1,False,False,True,2026-09-12T09:00:00+05:30,treatment,True,False,False,False,False,1
exp_offer_nudge_v1,subj_03686,RV College of Engineering,True,v2.1,False,False,False,2026-09-12T09:00:00+05:30,excluded,False,False,False,False,False,0
exp_offer_nudge_v1,subj_03687,CMR Institute of Technology,False,,False,False,False,2026-09-12T09:00:00+05:30,excluded,False,False,False,False,False,0
exp_offer_nudge_v1,subj_03688,New Horizon College of Engineering,True,v2.1,False,False,True,2026-09-12T09:00:00+05:30,treatment,True,False,False,False,False,1
exp_offer_nudge_v1,subj_03689,Dayananda Sagar College of Engineering,True,v2.1,False,False,False,2026-09-12T09:00:00+05:30,excluded,False,False,False,False,False,0
exp_offer_nudge_v1,subj_03690,BMS Institute of Technology,True,v2.1,False,False,True,2026-09-12T09:00:00+05:30,treatment,True,False,False,False,False,1
exp_offer_nudge_v1,subj_03691,PES University,True,v2.1,False,False,True,2026-09-12T09:00:00+05:30,treatment,True,False,False,False,False,1
exp_offer_nudge_v1,subj_03692,RV College of Engineering,True,v2.1,False,False,True,2026-09-12T09:00:00+05:30,treatment,True,True,False,False,False,2
exp_offer_nudge_v1,subj_03693,CMR Institute of Technology,True,v2.1,False,False,True,2026-09-12T09:00:00+05:30,control,True,True,False,False,False,2
exp_offer_nudge_v1,subj_03694,New Horizon College of Engineering,True,v2.1,False,False,True,2026-09-12T09:00:00+05:30,control,True,True,False,False,False,2
exp_offer_nudge_v1,subj_03695,Dayananda Sagar College of Engineering,True,v2.1,False,False,True,2026-09-12T09:00:00+05:30,control,True,False,True,False,False,2
exp_offer_nudge_v1,subj_03696,BMS Institute of Technology,True,v2.1,False,False,True,2026-09-12T09:00:00+05:30,control,True,False,True,True,False,3
exp_offer_nudge_v1,subj_03697,PES University,True,v2.1,False,False,True,2026-09-12T09:00:00+05:30,treatment,True,False,False,False,False,1
exp_offer_nudge_v1,subj_03698,RV College of Engineering,True,v2.1,False,False,True,2026-09-12T09:00:00+05:30,treatment,True,False,True,True,True,4
exp_offer_nudge_v1,subj_03699,CMR Institute of Technology,True,v2.1,False,False,True,2026-09-12T09:00:00+05:30,treatment,True,True,False,False,False,2
exp_offer_nudge_v1,subj_03700,New Horizon College of Engineering,True,v2.1,False,False,True,2026-09-12T09:00:00+05:30,control,True,True,False,False,False,2
exp_offer_nudge_v1,subj_03701,Dayananda Sagar College of Engineering,True,v2.1,False,False,True,2026-09-12T09:00:00+05:30,treatment,True,False,False,False,False,1
exp_offer_nudge_v1,subj_03702,BMS Institute of Technology,True,v2.1,False,False,True,2026-09-12T09:00:00+05:30,control,True,True,False,False,False,2
exp_offer_nudge_v1,subj_03703,PES University,True,v2.1,False,False,True,2026-09-12T09:00:00+05:30,control,True,True,False,False,False,2
exp_offer_nudge_v1,subj_03704,RV College of Engineering,True,v2.1,True,False,False,2026-09-12T09:00:00+05:30,excluded,False,False,False,False,False,0
exp_offer_nudge_v1,subj_03705,CMR Institute of Technology,True,v2.1,False,False,True,2026-09-12T09:00:00+05:30,control,True,True,True,False,False,3
exp_offer_nudge_v1,subj_03706,New Horizon College of Engineering,True,v2.1,False,False,True,2026-09-12T09:00:00+05:30,treatment,True,True,False,False,False,2
exp_offer_nudge_v1,subj_03707,Dayananda Sagar College of Engineering,True,v2.1,False,False,True,2026-09-12T09:00:00+05:30,treatment,True,False,False,False,False,1
exp_offer_nudge_v1,subj_03708,BMS Institute of Technology,True,v2.1,False,False,True,2026-09-12T09:00:00+05:30,control,True,False,False,False,False,1
exp_offer_nudge_v1,subj_03709,PES University,True,v2.1,False,False,True,2026-09-12T09:00:00+05:30,control,True,False,False,False,False,1
exp_offer_nudge_v1,subj_03710,RV College of Engineering,True,v2.1,False,False,True,2026-09-12T09:00:00+05:30,treatment,True,True,True,True,False,4
exp_offer_nudge_v1,subj_03711,CMR Institute of Technology,True,v2.1,False,False,True,2026-09-12T09:00:00+05:30,control,True,False,False,False,False,1
exp_offer_nudge_v1,subj_03712,New Horizon College of Engineering,True,v2.1,False,False,True,2026-09-12T09:00:00+05:30,control,True,False,False,False,False,1
exp_offer_nudge_v1,subj_03713,Dayananda Sagar College of Engineering,True,v2.1,False,False,True,2026-09-12T09:00:00+05:30,control,True,False,False,False,False,1
exp_offer_nudge_v1,subj_03714,BMS Institute of Technology,True,v2.1,False,False,True,2026-09-12T09:00:00+05:30,treatment,True,False,False,False,False,1
exp_offer_nudge_v1,subj_03715,PES University,True,v2.1,False,False,False,2026-09-12T09:00:00+05:30,excluded,False,False,False,False,False,0
exp_offer_nudge_v1,subj_03716,RV College of Engineering,True,v2.1,False,False,False,2026-09-12T09:00:00+05:30,excluded,False,False,False,False,False,0
exp_offer_nudge_v1,subj_03717,CMR Institute of Technology,True,v2.1,False,False,True,2026-09-12T09:00:00+05:30,treatment,True,False,True,True,False,3
exp_offer_nudge_v1,subj_03718,New Horizon College of Engineering,True,v2.1,False,False,True,2026-09-12T09:00:00+05:30,treatment,True,True,True,True,False,4
exp_offer_nudge_v1,subj_03719,Dayananda Sagar College of Engineering,True,v2.1,False,False,True,2026-09-12T09:00:00+05:30,control,True,False,False,False,False,1
exp_offer_nudge_v1,subj_03720,BMS Institute of Technology,True,v2.1,False,False,True,2026-09-12T09:00:00+05:30,control,True,False,False,False,False,1
exp_offer_nudge_v1,subj_03721,PES University,True,v2.1,False,False,True,2026-09-12T09:00:00+05:30,treatment,True,True,False,False,False,2
exp_offer_nudge_v1,subj_03722,RV College of Engineering,True,v2.1,False,False,True,2026-09-12T09:00:00+05:30,treatment,True,True,True,True,False,4
exp_offer_nudge_v1,subj_03723,CMR Institute of Technology,True,v2.1,False,False,True,2026-09-12T09:00:00+05:30,treatment,True,False,False,False,False,1
exp_offer_nudge_v1,subj_03724,New Horizon College of Engineering,True,v2.1,False,False,True,2026-09-12T09:00:00+05:30,treatment,True,False,False,False,False,1
exp_offer_nudge_v1,subj_03725,Dayananda Sagar College of Engineering,True,v2.1,False,False,True,2026-09-12T09:00:00+05:30,treatment,True,False,True,True,False,3
exp_offer_nudge_v1,subj_03726,BMS Institute of Technology,True,v2.1,False,False,True,2026-09-12T09:00:00+05:30,control,True,True,True,True,True,5
exp_offer_nudge_v1,subj_03727,PES University,True,v2.1,False,False,True,2026-09-12T09:00:00+05:30,control,True,False,False,False,False,1
exp_offer_nudge_v1,subj_03728,RV College of Engineering,True,v2.1,False,False,True,2026-09-12T09:00:00+05:30,treatment,True,False,False,False,False,1
exp_offer_nudge_v1,subj_03729,CMR Institute of Technology,False,,False,False,False,2026-09-12T09:00:00+05:30,excluded,False,False,False,False,False,0
exp_offer_nudge_v1,subj_03730,New Horizon College of Engineering,True,v2.1,False,False,True,2026-09-12T09:00:00+05:30,control,True,False,False,False,False,1
exp_offer_nudge_v1,subj_03731,Dayananda Sagar College of Engineering,True,v2.1,False,False,False,2026-09-12T09:00:00+05:30,excluded,False,False,False,False,False,0
exp_offer_nudge_v1,subj_03732,BMS Institute of Technology,True,v2.1,False,False,True,2026-09-12T09:00:00+05:30,treatment,True,False,True,False,False,2
exp_offer_nudge_v1,subj_03733,PES University,True,v2.1,False,False,True,2026-09-12T09:00:00+05:30,control,True,False,False,False,False,1
exp_offer_nudge_v1,subj_03734,RV College of Engineering,True,v2.1,False,False,True,2026-09-12T09:00:00+05:30,control,True,False,False,False,False,1
exp_offer_nudge_v1,subj_03735,CMR Institute of Technology,True,v2.1,False,False,True,2026-09-12T09:00:00+05:30,treatment,True,False,False,False,False,1
exp_offer_nudge_v1,subj_03736,New Horizon College of Engineering,True,v2.1,False,False,True,2026-09-12T09:00:00+05:30,treatment,True,True,False,False,False,2
exp_offer_nudge_v1,subj_03737,Dayananda Sagar College of Engineering,True,v2.1,False,False,False,2026-09-12T09:00:00+05:30,excluded,False,False,False,False,False,0
exp_offer_nudge_v1,subj_03738,BMS Institute of Technology,True,v2.1,False,False,True,2026-09-12T09:00:00+05:30,treatment,True,False,True,True,True,4
exp_offer_nudge_v1,subj_03739,PES University,True,v2.1,True,False,False,2026-09-12T09:00:00+05:30,excluded,False,False,False,False,False,0
exp_offer_nudge_v1,subj_03740,RV College of Engineering,True,v2.1,False,False,True,2026-09-12T09:00:00+05:30,control,True,True,False,False,False,2
exp_offer_nudge_v1,subj_03741,CMR Institute of Technology,True,v2.1,False,False,True,2026-09-12T09:00:00+05:30,control,True,False,False,False,False,1
exp_offer_nudge_v1,subj_03742,New Horizon College of Engineering,True,v2.1,False,False,False,2026-09-12T09:00:00+05:30,excluded,False,False,False,False,False,0
exp_offer_nudge_v1,subj_03743,Dayananda Sagar College of Engineering,True,v2.1,False,False,True,2026-09-12T09:00:00+05:30,treatment,True,False,False,False,False,1
exp_offer_nudge_v1,subj_03744,BMS Institute of Technology,True,v2.1,False,False,False,2026-09-12T09:00:00+05:30,excluded,False,False,False,False,False,0
exp_offer_nudge_v1,subj_03745,PES University,True,v2.1,False,False,True,2026-09-12T09:00:00+05:30,control,True,False,False,False,False,1
exp_offer_nudge_v1,subj_03746,RV College of Engineering,True,v2.1,False,False,True,2026-09-12T09:00:00+05:30,control,True,True,True,True,False,4
exp_offer_nudge_v1,subj_03747,CMR Institute of Technology,True,v2.1,False,False,True,2026-09-12T09:00:00+05:30,control,True,False,False,False,False,1
exp_offer_nudge_v1,subj_03748,New Horizon College of Engineering,True,v2.1,False,False,True,2026-09-12T09:00:00+05:30,treatment,True,True,False,False,False,2
exp_offer_nudge_v1,subj_03749,Dayananda Sagar College of Engineering,True,v2.1,False,False,True,2026-09-12T09:00:00+05:30,treatment,True,False,True,False,False,2
exp_offer_nudge_v1,subj_03750,BMS Institute of Technology,True,v2.1,False,False,True,2026-09-12T09:00:00+05:30,control,True,True,False,False,False,2
exp_offer_nudge_v1,subj_03751,PES University,True,v2.1,False,False,True,2026-09-12T09:00:00+05:30,control,True,True,False,False,False,2
exp_offer_nudge_v1,subj_03752,RV College of Engineering,True,v2.1,False,False,True,2026-09-12T09:00:00+05:30,treatment,True,False,False,False,False,1
exp_offer_nudge_v1,subj_03753,CMR Institute of Technology,True,v2.1,False,False,False,2026-09-12T09:00:00+05:30,excluded,False,False,False,False,False,0
exp_offer_nudge_v1,subj_03754,New Horizon College of Engineering,True,v2.1,False,False,True,2026-09-12T09:00:00+05:30,control,True,False,False,False,False,1
exp_offer_nudge_v1,subj_03755,Dayananda Sagar College of Engineering,True,v2.1,False,False,False,2026-09-12T09:00:00+05:30,excluded,False,False,False,False,False,0
exp_offer_nudge_v1,subj_03756,BMS Institute of Technology,True,v2.1,False,False,True,2026-09-12T09:00:00+05:30,control,True,True,False,False,False,2
exp_offer_nudge_v1,subj_03757,PES University,True,v2.1,False,False,True,2026-09-12T09:00:00+05:30,control,True,False,False,False,False,1
exp_offer_nudge_v1,subj_03758,RV College of Engineering,True,v2.1,False,False,True,2026-09-12T09:00:00+05:30,treatment,True,False,False,False,False,1
exp_offer_nudge_v1,subj_03759,CMR Institute of Technology,False,,False,False,False,2026-09-12T09:00:00+05:30,excluded,False,False,False,False,False,0
exp_offer_nudge_v1,subj_03760,New Horizon College of Engineering,True,v2.1,False,False,True,2026-09-12T09:00:00+05:30,control,True,True,False,False,False,2
exp_offer_nudge_v1,subj_03761,Dayananda Sagar College of Engineering,False,,False,False,False,2026-09-12T09:00:00+05:30,excluded,False,False,False,False,False,0
exp_offer_nudge_v1,subj_03762,BMS Institute of Technology,True,v2.1,False,False,True,2026-09-12T09:00:00+05:30,treatment,True,False,False,False,False,1
exp_offer_nudge_v1,subj_03763,PES University,True,v2.1,False,False,True,2026-09-12T09:00:00+05:30,control,True,False,True,True,False,3
exp_offer_nudge_v1,subj_03764,RV College of Engineering,True,v2.1,False,False,True,2026-09-12T09:00:00+05:30,treatment,True,True,False,False,False,2
exp_offer_nudge_v1,subj_03765,CMR Institute of Technology,True,v2.1,False,False,True,2026-09-12T09:00:00+05:30,control,True,False,True,True,False,3
exp_offer_nudge_v1,subj_03766,New Horizon College of Engineering,True,v2.1,False,False,True,2026-09-12T09:00:00+05:30,treatment,True,False,True,False,False,2
exp_offer_nudge_v1,subj_03767,Dayananda Sagar College of Engineering,False,,False,False,False,2026-09-12T09:00:00+05:30,excluded,False,False,False,False,False,0
exp_offer_nudge_v1,subj_03768,BMS Institute of Technology,True,v2.1,False,False,True,2026-09-12T09:00:00+05:30,control,True,False,False,False,False,1
exp_offer_nudge_v1,subj_03769,PES University,True,v2.1,False,False,True,2026-09-12T09:00:00+05:30,control,True,False,False,False,False,1
exp_offer_nudge_v1,subj_03770,RV College of Engineering,True,v2.1,False,False,True,2026-09-12T09:00:00+05:30,control,True,True,False,False,False,2
exp_offer_nudge_v1,subj_03771,CMR Institute of Technology,True,v2.1,False,False,True,2026-09-12T09:00:00+05:30,control,True,True,True,True,True,5
exp_offer_nudge_v1,subj_03772,New Horizon College of Engineering,True,v2.1,False,False,True,2026-09-12T09:00:00+05:30,control,True,False,False,False,False,1
exp_offer_nudge_v1,subj_03773,Dayananda Sagar College of Engineering,True,v2.1,False,False,True,2026-09-12T09:00:00+05:30,control,True,True,False,False,False,2
exp_offer_nudge_v1,subj_03774,BMS Institute of Technology,True,v2.1,False,False,True,2026-09-12T09:00:00+05:30,treatment,True,False,False,False,False,1
exp_offer_nudge_v1,subj_03775,PES University,True,v2.1,False,False,True,2026-09-12T09:00:00+05:30,control,True,False,False,False,False,1
exp_offer_nudge_v1,subj_03776,RV College of Engineering,True,v2.1,False,False,True,2026-09-12T09:00:00+05:30,treatment,True,True,False,False,False,2
exp_offer_nudge_v1,subj_03777,CMR Institute of Technology,True,v2.1,False,False,False,2026-09-12T09:00:00+05:30,excluded,False,False,False,False,False,0
exp_offer_nudge_v1,subj_03778,New Horizon College of Engineering,True,v2.1,False,False,True,2026-09-12T09:00:00+05:30,treatment,True,False,True,False,False,2
exp_offer_nudge_v1,subj_03779,Dayananda Sagar College of Engineering,True,v2.1,False,False,True,2026-09-12T09:00:00+05:30,treatment,True,True,False,False,False,2
exp_offer_nudge_v1,subj_03780,BMS Institute of Technology,True,v2.1,False,False,True,2026-09-12T09:00:00+05:30,control,True,False,False,False,False,1
exp_offer_nudge_v1,subj_03781,PES University,True,v2.1,False,False,True,2026-09-12T09:00:00+05:30,control,True,True,False,False,False,2
exp_offer_nudge_v1,subj_03782,RV College of Engineering,True,v2.1,False,False,True,2026-09-12T09:00:00+05:30,control,True,True,True,True,True,5
exp_offer_nudge_v1,subj_03783,CMR Institute of Technology,True,v2.1,False,False,True,2026-09-12T09:00:00+05:30,control,True,True,True,False,False,3
exp_offer_nudge_v1,subj_03784,New Horizon College of Engineering,True,v2.1,False,False,True,2026-09-12T09:00:00+05:30,control,True,False,False,False,False,1
exp_offer_nudge_v1,subj_03785,Dayananda Sagar College of Engineering,True,v2.1,False,False,True,2026-09-12T09:00:00+05:30,control,True,False,True,True,True,4
exp_offer_nudge_v1,subj_03786,BMS Institute of Technology,True,v2.1,False,False,True,2026-09-12T09:00:00+05:30,control,True,False,False,False,False,1
exp_offer_nudge_v1,subj_03787,PES University,True,v2.1,False,False,True,2026-09-12T09:00:00+05:30,treatment,True,True,False,False,False,2
exp_offer_nudge_v1,subj_03788,RV College of Engineering,True,v2.1,False,False,True,2026-09-12T09:00:00+05:30,treatment,True,False,True,True,False,3
exp_offer_nudge_v1,subj_03789,CMR Institute of Technology,True,v2.1,False,False,True,2026-09-12T09:00:00+05:30,control,True,False,False,False,False,1
exp_offer_nudge_v1,subj_03790,New Horizon College of Engineering,True,v2.1,False,False,True,2026-09-12T09:00:00+05:30,treatment,True,False,False,False,False,1
exp_offer_nudge_v1,subj_03791,Dayananda Sagar College of Engineering,True,v2.1,False,False,False,2026-09-12T09:00:00+05:30,excluded,False,False,False,False,False,0
exp_offer_nudge_v1,subj_03792,BMS Institute of Technology,True,v2.1,False,False,False,2026-09-12T09:00:00+05:30,excluded,False,False,False,False,False,0
exp_offer_nudge_v1,subj_03793,PES University,True,v2.1,False,True,False,2026-09-12T09:00:00+05:30,excluded,False,False,False,False,False,0
exp_offer_nudge_v1,subj_03794,RV College of Engineering,True,v2.1,False,False,True,2026-09-12T09:00:00+05:30,control,True,True,False,False,False,2
exp_offer_nudge_v1,subj_03795,CMR Institute of Technology,True,v2.1,False,False,True,2026-09-12T09:00:00+05:30,control,True,False,False,False,False,1
exp_offer_nudge_v1,subj_03796,New Horizon College of Engineering,True,v2.1,False,False,True,2026-09-12T09:00:00+05:30,control,True,True,False,False,False,2
exp_offer_nudge_v1,subj_03797,Dayananda Sagar College of Engineering,True,v2.1,False,False,True,2026-09-12T09:00:00+05:30,control,True,False,True,False,False,2
exp_offer_nudge_v1,subj_03798,BMS Institute of Technology,True,v2.1,False,False,False,2026-09-12T09:00:00+05:30,excluded,False,False,False,False,False,0
exp_offer_nudge_v1,subj_03799,PES University,True,v2.1,False,False,True,2026-09-12T09:00:00+05:30,treatment,True,False,False,False,False,1
exp_offer_nudge_v1,subj_03800,RV College of Engineering,True,v2.1,False,False,True,2026-09-12T09:00:00+05:30,control,True,True,False,False,False,2
exp_offer_nudge_v1,subj_03801,CMR Institute of Technology,True,v2.1,False,False,True,2026-09-12T09:00:00+05:30,control,True,False,False,False,False,1
exp_offer_nudge_v1,subj_03802,New Horizon College of Engineering,True,v2.1,False,True,False,2026-09-12T09:00:00+05:30,excluded,False,False,False,False,False,0
exp_offer_nudge_v1,subj_03803,Dayananda Sagar College of Engineering,True,v2.1,False,False,True,2026-09-12T09:00:00+05:30,control,True,True,True,False,False,3
exp_offer_nudge_v1,subj_03804,BMS Institute of Technology,True,v2.1,False,False,True,2026-09-12T09:00:00+05:30,control,True,False,False,False,False,1
exp_offer_nudge_v1,subj_03805,PES University,True,v2.1,False,False,True,2026-09-12T09:00:00+05:30,control,True,False,False,False,False,1
exp_offer_nudge_v1,subj_03806,RV College of Engineering,True,v2.1,False,False,True,2026-09-12T09:00:00+05:30,treatment,True,True,False,False,False,2
exp_offer_nudge_v1,subj_03807,CMR Institute of Technology,False,,False,False,False,2026-09-12T09:00:00+05:30,excluded,False,False,False,False,False,0
exp_offer_nudge_v1,subj_03808,New Horizon College of Engineering,True,v2.1,False,False,True,2026-09-12T09:00:00+05:30,treatment,True,False,True,True,False,3
exp_offer_nudge_v1,subj_03809,Dayananda Sagar College of Engineering,True,v2.1,False,False,False,2026-09-12T09:00:00+05:30,excluded,False,False,False,False,False,0
exp_offer_nudge_v1,subj_03810,BMS Institute of Technology,True,v2.1,False,False,True,2026-09-12T09:00:00+05:30,control,True,False,False,False,False,1
exp_offer_nudge_v1,subj_03811,PES University,True,v2.1,False,False,True,2026-09-12T09:00:00+05:30,control,True,True,False,False,False,2
exp_offer_nudge_v1,subj_03812,RV College of Engineering,True,v2.1,False,False,True,2026-09-12T09:00:00+05:30,treatment,True,False,False,False,False,1
exp_offer_nudge_v1,subj_03813,CMR Institute of Technology,True,v2.1,False,False,True,2026-09-12T09:00:00+05:30,treatment,True,False,False,False,False,1
exp_offer_nudge_v1,subj_03814,New Horizon College of Engineering,True,v2.1,False,False,True,2026-09-12T09:00:00+05:30,control,True,False,False,False,False,1
exp_offer_nudge_v1,subj_03815,Dayananda Sagar College of Engineering,True,v2.1,False,False,True,2026-09-12T09:00:00+05:30,treatment,True,True,False,False,False,2
exp_offer_nudge_v1,subj_03816,BMS Institute of Technology,True,v2.1,False,False,True,2026-09-12T09:00:00+05:30,treatment,True,False,False,False,False,1
exp_offer_nudge_v1,subj_03817,PES University,True,v2.1,False,False,True,2026-09-12T09:00:00+05:30,treatment,True,False,False,False,False,1
exp_offer_nudge_v1,subj_03818,RV College of Engineering,True,v2.1,False,False,True,2026-09-12T09:00:00+05:30,treatment,True,False,False,False,False,1
exp_offer_nudge_v1,subj_03819,CMR Institute of Technology,True,v2.1,False,False,True,2026-09-12T09:00:00+05:30,control,True,False,True,True,False,3
exp_offer_nudge_v1,subj_03820,New Horizon College of Engineering,True,v2.1,False,True,False,2026-09-12T09:00:00+05:30,excluded,False,False,False,False,False,0
exp_offer_nudge_v1,subj_03821,Dayananda Sagar College of Engineering,True,v2.1,False,False,False,2026-09-12T09:00:00+05:30,excluded,False,False,False,False,False,0
exp_offer_nudge_v1,subj_03822,BMS Institute of Technology,True,v2.1,False,False,True,2026-09-12T09:00:00+05:30,treatment,True,True,False,False,False,2
exp_offer_nudge_v1,subj_03823,PES University,True,v2.1,False,False,True,2026-09-12T09:00:00+05:30,control,True,False,False,False,False,1
exp_offer_nudge_v1,subj_03824,RV College of Engineering,True,v2.1,False,False,False,2026-09-12T09:00:00+05:30,excluded,False,False,False,False,False,0
exp_offer_nudge_v1,subj_03825,CMR Institute of Technology,True,v2.1,False,False,False,2026-09-12T09:00:00+05:30,excluded,False,False,False,False,False,0
exp_offer_nudge_v1,subj_03826,New Horizon College of Engineering,True,v2.1,False,False,True,2026-09-12T09:00:00+05:30,treatment,True,False,True,False,False,2
exp_offer_nudge_v1,subj_03827,Dayananda Sagar College of Engineering,True,v2.1,False,False,True,2026-09-12T09:00:00+05:30,control,True,False,False,False,False,1
exp_offer_nudge_v1,subj_03828,BMS Institute of Technology,True,v2.1,False,False,True,2026-09-12T09:00:00+05:30,treatment,True,True,False,False,False,2
exp_offer_nudge_v1,subj_03829,PES University,False,,False,False,False,2026-09-12T09:00:00+05:30,excluded,False,False,False,False,False,0
exp_offer_nudge_v1,subj_03830,RV College of Engineering,True,v2.1,False,False,True,2026-09-12T09:00:00+05:30,control,True,False,False,False,False,1
exp_offer_nudge_v1,subj_03831,CMR Institute of Technology,True,v2.1,False,False,True,2026-09-12T09:00:00+05:30,treatment,True,False,True,False,False,2
exp_offer_nudge_v1,subj_03832,New Horizon College of Engineering,True,v2.1,False,False,True,2026-09-12T09:00:00+05:30,control,True,True,False,False,False,2
exp_offer_nudge_v1,subj_03833,Dayananda Sagar College of Engineering,True,v2.1,False,False,True,2026-09-12T09:00:00+05:30,treatment,True,True,False,False,False,2
exp_offer_nudge_v1,subj_03834,BMS Institute of Technology,True,v2.1,True,False,False,2026-09-12T09:00:00+05:30,excluded,False,False,False,False,False,0
exp_offer_nudge_v1,subj_03835,PES University,True,v2.1,False,False,True,2026-09-12T09:00:00+05:30,treatment,True,True,False,False,False,2
exp_offer_nudge_v1,subj_03836,RV College of Engineering,True,v2.1,False,False,True,2026-09-12T09:00:00+05:30,control,True,False,False,False,False,1
exp_offer_nudge_v1,subj_03837,CMR Institute of Technology,True,v2.1,False,False,True,2026-09-12T09:00:00+05:30,control,True,False,False,False,False,1
exp_offer_nudge_v1,subj_03838,New Horizon College of Engineering,True,v2.1,False,False,True,2026-09-12T09:00:00+05:30,treatment,True,False,False,False,False,1
exp_offer_nudge_v1,subj_03839,Dayananda Sagar College of Engineering,True,v2.1,False,False,True,2026-09-12T09:00:00+05:30,treatment,True,False,False,False,False,1
exp_offer_nudge_v1,subj_03840,BMS Institute of Technology,True,v2.1,False,False,True,2026-09-12T09:00:00+05:30,treatment,True,False,True,False,False,2
exp_offer_nudge_v1,subj_03841,PES University,True,v2.1,False,False,True,2026-09-12T09:00:00+05:30,control,True,False,False,False,False,1
exp_offer_nudge_v1,subj_03842,RV College of Engineering,True,v2.1,False,False,True,2026-09-12T09:00:00+05:30,excluded,False,False,False,False,False,0
exp_offer_nudge_v1,subj_03843,CMR Institute of Technology,True,v2.1,False,True,False,2026-09-12T09:00:00+05:30,excluded,False,False,False,False,False,0
exp_offer_nudge_v1,subj_03844,New Horizon College of Engineering,True,v2.1,False,False,True,2026-09-12T09:00:00+05:30,treatment,True,False,True,False,False,2
exp_offer_nudge_v1,subj_03845,Dayananda Sagar College of Engineering,True,v2.1,False,False,True,2026-09-12T09:00:00+05:30,treatment,True,True,False,False,False,2
exp_offer_nudge_v1,subj_03846,BMS Institute of Technology,True,v2.1,False,False,True,2026-09-12T09:00:00+05:30,treatment,True,False,False,False,False,1
exp_offer_nudge_v1,subj_03847,PES University,True,v2.1,False,False,True,2026-09-12T09:00:00+05:30,control,True,False,False,False,False,1
exp_offer_nudge_v1,subj_03848,RV College of Engineering,True,v2.1,False,False,True,2026-09-12T09:00:00+05:30,control,True,False,False,False,False,1
exp_offer_nudge_v1,subj_03849,CMR Institute of Technology,True,v2.1,False,False,True,2026-09-12T09:00:00+05:30,control,True,False,True,True,False,3
exp_offer_nudge_v1,subj_03850,New Horizon College of Engineering,True,v2.1,False,False,True,2026-09-12T09:00:00+05:30,treatment,True,False,False,False,False,1
exp_offer_nudge_v1,subj_03851,Dayananda Sagar College of Engineering,True,v2.1,False,False,True,2026-09-12T09:00:00+05:30,control,True,False,False,False,False,1
exp_offer_nudge_v1,subj_03852,BMS Institute of Technology,True,v2.1,False,False,True,2026-09-12T09:00:00+05:30,treatment,True,False,False,False,False,1
exp_offer_nudge_v1,subj_03853,PES University,True,v2.1,False,False,True,2026-09-12T09:00:00+05:30,treatment,True,False,False,False,False,1
exp_offer_nudge_v1,subj_03854,RV College of Engineering,True,v2.1,False,False,True,2026-09-12T09:00:00+05:30,treatment,True,False,False,False,False,1
exp_offer_nudge_v1,subj_03855,CMR Institute of Technology,True,v2.1,False,False,True,2026-09-12T09:00:00+05:30,control,True,True,False,False,False,2
exp_offer_nudge_v1,subj_03856,New Horizon College of Engineering,True,v2.1,False,False,True,2026-09-12T09:00:00+05:30,control,True,False,False,False,False,1
exp_offer_nudge_v1,subj_03857,Dayananda Sagar College of Engineering,True,v2.1,False,False,True,2026-09-12T09:00:00+05:30,control,True,True,True,True,True,5
exp_offer_nudge_v1,subj_03858,BMS Institute of Technology,True,v2.1,True,False,False,2026-09-12T09:00:00+05:30,excluded,False,False,False,False,False,0
exp_offer_nudge_v1,subj_03859,PES University,True,v2.1,False,False,True,2026-09-12T09:00:00+05:30,control,True,False,False,False,False,1
exp_offer_nudge_v1,subj_03860,RV College of Engineering,True,v2.1,False,False,True,2026-09-12T09:00:00+05:30,control,True,True,True,False,False,3
exp_offer_nudge_v1,subj_03861,CMR Institute of Technology,True,v2.1,False,False,True,2026-09-12T09:00:00+05:30,treatment,True,False,False,False,False,1
exp_offer_nudge_v1,subj_03862,New Horizon College of Engineering,True,v2.1,False,False,True,2026-09-12T09:00:00+05:30,treatment,True,False,False,False,False,1
exp_offer_nudge_v1,subj_03863,Dayananda Sagar College of Engineering,True,v2.1,False,False,False,2026-09-12T09:00:00+05:30,excluded,False,False,False,False,False,0
exp_offer_nudge_v1,subj_03864,BMS Institute of Technology,True,v2.1,False,False,True,2026-09-12T09:00:00+05:30,control,True,False,True,False,False,2
exp_offer_nudge_v1,subj_03865,PES University,True,v2.1,False,False,True,2026-09-12T09:00:00+05:30,control,True,False,True,False,False,2
exp_offer_nudge_v1,subj_03866,RV College of Engineering,True,v2.1,False,False,True,2026-09-12T09:00:00+05:30,treatment,True,True,False,False,False,2
exp_offer_nudge_v1,subj_03867,CMR Institute of Technology,True,v2.1,False,False,True,2026-09-12T09:00:00+05:30,treatment,True,False,False,False,False,1
exp_offer_nudge_v1,subj_03868,New Horizon College of Engineering,True,v2.1,False,False,True,2026-09-12T09:00:00+05:30,control,True,False,False,False,False,1
exp_offer_nudge_v1,subj_03869,Dayananda Sagar College of Engineering,True,v2.1,False,False,True,2026-09-12T09:00:00+05:30,treatment,True,True,False,False,False,2
exp_offer_nudge_v1,subj_03870,BMS Institute of Technology,True,v2.1,False,False,True,2026-09-12T09:00:00+05:30,treatment,True,True,True,True,False,4
exp_offer_nudge_v1,subj_03871,PES University,True,v2.1,False,False,True,2026-09-12T09:00:00+05:30,treatment,True,True,False,False,False,2
exp_offer_nudge_v1,subj_03872,RV College of Engineering,True,v2.1,False,False,True,2026-09-12T09:00:00+05:30,treatment,True,False,False,False,False,1
exp_offer_nudge_v1,subj_03873,CMR Institute of Technology,True,v2.1,False,False,True,2026-09-12T09:00:00+05:30,treatment,True,False,False,False,False,1
exp_offer_nudge_v1,subj_03874,New Horizon College of Engineering,True,v2.1,False,False,True,2026-09-12T09:00:00+05:30,treatment,True,False,False,False,False,1
exp_offer_nudge_v1,subj_03875,Dayananda Sagar College of Engineering,True,v2.1,False,False,True,2026-09-12T09:00:00+05:30,treatment,True,True,False,False,False,2
exp_offer_nudge_v1,subj_03876,BMS Institute of Technology,True,v2.1,False,False,True,2026-09-12T09:00:00+05:30,control,True,False,False,False,False,1
exp_offer_nudge_v1,subj_03877,PES University,True,v2.1,False,False,True,2026-09-12T09:00:00+05:30,treatment,True,False,False,False,False,1
exp_offer_nudge_v1,subj_03878,RV College of Engineering,True,v2.1,False,False,True,2026-09-12T09:00:00+05:30,treatment,True,False,False,False,False,1
exp_offer_nudge_v1,subj_03879,CMR Institute of Technology,True,v2.1,False,False,True,2026-09-12T09:00:00+05:30,treatment,True,False,True,False,False,2
exp_offer_nudge_v1,subj_03880,New Horizon College of Engineering,True,v2.1,False,False,True,2026-09-12T09:00:00+05:30,treatment,True,False,False,False,False,1
exp_offer_nudge_v1,subj_03881,Dayananda Sagar College of Engineering,True,v2.1,False,False,True,2026-09-12T09:00:00+05:30,control,True,False,False,False,False,1
exp_offer_nudge_v1,subj_03882,BMS Institute of Technology,True,v2.1,False,False,True,2026-09-12T09:00:00+05:30,treatment,True,True,False,False,False,2
exp_offer_nudge_v1,subj_03883,PES University,True,v2.1,False,False,True,2026-09-12T09:00:00+05:30,treatment,True,False,False,False,False,1
exp_offer_nudge_v1,subj_03884,RV College of Engineering,True,v2.1,False,False,True,2026-09-12T09:00:00+05:30,treatment,True,False,False,False,False,1
exp_offer_nudge_v1,subj_03885,CMR Institute of Technology,True,v2.1,True,False,False,2026-09-12T09:00:00+05:30,excluded,False,False,False,False,False,0
exp_offer_nudge_v1,subj_03886,New Horizon College of Engineering,True,v2.1,False,False,True,2026-09-12T09:00:00+05:30,treatment,True,False,False,False,False,1
exp_offer_nudge_v1,subj_03887,Dayananda Sagar College of Engineering,True,v2.1,False,False,True,2026-09-12T09:00:00+05:30,treatment,True,False,False,False,False,1
exp_offer_nudge_v1,subj_03888,BMS Institute of Technology,True,v2.1,False,False,True,2026-09-12T09:00:00+05:30,control,True,False,False,False,False,1
exp_offer_nudge_v1,subj_03889,PES University,True,v2.1,False,False,True,2026-09-12T09:00:00+05:30,control,True,False,False,False,False,1
exp_offer_nudge_v1,subj_03890,RV College of Engineering,True,v2.1,False,False,True,2026-09-12T09:00:00+05:30,control,True,False,False,False,False,1
exp_offer_nudge_v1,subj_03891,CMR Institute of Technology,True,v2.1,False,False,True,2026-09-12T09:00:00+05:30,treatment,True,True,False,False,False,2
exp_offer_nudge_v1,subj_03892,New Horizon College of Engineering,True,v2.1,False,False,False,2026-09-12T09:00:00+05:30,excluded,False,False,False,False,False,0
exp_offer_nudge_v1,subj_03893,Dayananda Sagar College of Engineering,True,v2.1,False,False,True,2026-09-12T09:00:00+05:30,control,True,False,False,False,False,1
exp_offer_nudge_v1,subj_03894,BMS Institute of Technology,True,v2.1,False,False,True,2026-09-12T09:00:00+05:30,treatment,True,False,False,False,False,1
exp_offer_nudge_v1,subj_03895,PES University,True,v2.1,False,False,True,2026-09-12T09:00:00+05:30,control,True,False,False,False,False,1
exp_offer_nudge_v1,subj_03896,RV College of Engineering,True,v2.1,False,False,False,2026-09-12T09:00:00+05:30,excluded,False,False,False,False,False,0
exp_offer_nudge_v1,subj_03897,CMR Institute of Technology,True,v2.1,False,False,True,2026-09-12T09:00:00+05:30,treatment,True,False,False,False,False,1
exp_offer_nudge_v1,subj_03898,New Horizon College of Engineering,True,v2.1,False,False,False,2026-09-12T09:00:00+05:30,excluded,False,False,False,False,False,0
exp_offer_nudge_v1,subj_03899,Dayananda Sagar College of Engineering,True,v2.1,False,False,True,2026-09-12T09:00:00+05:30,treatment,True,True,False,False,False,2
exp_offer_nudge_v1,subj_03900,BMS Institute of Technology,True,v2.1,False,False,True,2026-09-12T09:00:00+05:30,control,True,True,True,False,False,3
exp_offer_nudge_v1,subj_03901,PES University,True,v2.1,False,False,True,2026-09-12T09:00:00+05:30,control,True,False,False,False,False,1
exp_offer_nudge_v1,subj_03902,RV College of Engineering,True,v2.1,False,False,True,2026-09-12T09:00:00+05:30,excluded,False,False,False,False,False,0
exp_offer_nudge_v1,subj_03903,CMR Institute of Technology,False,,False,False,False,2026-09-12T09:00:00+05:30,excluded,False,False,False,False,False,0
exp_offer_nudge_v1,subj_03904,New Horizon College of Engineering,True,v2.1,False,True,False,2026-09-12T09:00:00+05:30,excluded,False,False,False,False,False,0
exp_offer_nudge_v1,subj_03905,Dayananda Sagar College of Engineering,True,v2.1,False,False,True,2026-09-12T09:00:00+05:30,control,True,True,False,False,False,2
exp_offer_nudge_v1,subj_03906,BMS Institute of Technology,True,v2.1,False,False,True,2026-09-12T09:00:00+05:30,control,True,False,False,False,False,1
exp_offer_nudge_v1,subj_03907,PES University,True,v2.1,False,False,True,2026-09-12T09:00:00+05:30,control,True,True,False,False,False,2
exp_offer_nudge_v1,subj_03908,RV College of Engineering,True,v2.1,False,False,True,2026-09-12T09:00:00+05:30,treatment,True,True,False,False,False,2
exp_offer_nudge_v1,subj_03909,CMR Institute of Technology,True,v2.1,False,False,True,2026-09-12T09:00:00+05:30,control,True,True,False,False,False,2
exp_offer_nudge_v1,subj_03910,New Horizon College of Engineering,True,v2.1,False,False,True,2026-09-12T09:00:00+05:30,treatment,True,False,False,False,False,1
exp_offer_nudge_v1,subj_03911,Dayananda Sagar College of Engineering,True,v2.1,False,False,True,2026-09-12T09:00:00+05:30,control,True,True,False,False,False,2
exp_offer_nudge_v1,subj_03912,BMS Institute of Technology,False,,False,True,False,2026-09-12T09:00:00+05:30,excluded,False,False,False,False,False,0
exp_offer_nudge_v1,subj_03913,PES University,True,v2.1,False,False,True,2026-09-12T09:00:00+05:30,treatment,True,True,False,False,False,2
exp_offer_nudge_v1,subj_03914,RV College of Engineering,False,,False,False,False,2026-09-12T09:00:00+05:30,excluded,False,False,False,False,False,0
exp_offer_nudge_v1,subj_03915,CMR Institute of Technology,True,v2.1,False,False,True,2026-09-12T09:00:00+05:30,control,True,False,False,False,False,1
exp_offer_nudge_v1,subj_03916,New Horizon College of Engineering,True,v2.1,False,False,True,2026-09-12T09:00:00+05:30,control,True,True,False,False,False,2
exp_offer_nudge_v1,subj_03917,Dayananda Sagar College of Engineering,True,v2.1,False,False,True,2026-09-12T09:00:00+05:30,control,True,False,False,False,False,1
exp_offer_nudge_v1,subj_03918,BMS Institute of Technology,True,v2.1,False,False,True,2026-09-12T09:00:00+05:30,treatment,True,True,False,False,False,2
exp_offer_nudge_v1,subj_03919,PES University,True,v2.1,False,False,True,2026-09-12T09:00:00+05:30,treatment,True,True,False,False,False,2
exp_offer_nudge_v1,subj_03920,RV College of Engineering,True,v2.1,False,True,False,2026-09-12T09:00:00+05:30,excluded,False,False,False,False,False,0
exp_offer_nudge_v1,subj_03921,CMR Institute of Technology,True,v2.1,False,False,True,2026-09-12T09:00:00+05:30,treatment,True,False,False,False,False,1
exp_offer_nudge_v1,subj_03922,New Horizon College of Engineering,True,v2.1,False,True,False,2026-09-12T09:00:00+05:30,excluded,False,False,False,False,False,0
exp_offer_nudge_v1,subj_03923,Dayananda Sagar College of Engineering,True,v2.1,False,False,True,2026-09-12T09:00:00+05:30,control,True,False,False,False,False,1
exp_offer_nudge_v1,subj_03924,BMS Institute of Technology,True,v2.1,False,False,True,2026-09-12T09:00:00+05:30,control,True,False,False,False,False,1
exp_offer_nudge_v1,subj_03925,PES University,True,v2.1,False,False,True,2026-09-12T09:00:00+05:30,treatment,True,True,False,False,False,2
exp_offer_nudge_v1,subj_03926,RV College of Engineering,True,v2.1,False,False,True,2026-09-12T09:00:00+05:30,control,True,False,False,False,False,1
exp_offer_nudge_v1,subj_03927,CMR Institute of Technology,True,v2.1,False,False,False,2026-09-12T09:00:00+05:30,excluded,False,False,False,False,False,0
exp_offer_nudge_v1,subj_03928,New Horizon College of Engineering,True,v2.1,False,False,False,2026-09-12T09:00:00+05:30,excluded,False,False,False,False,False,0
exp_offer_nudge_v1,subj_03929,Dayananda Sagar College of Engineering,True,v2.1,False,False,True,2026-09-12T09:00:00+05:30,treatment,True,True,False,False,False,2
exp_offer_nudge_v1,subj_03930,BMS Institute of Technology,True,v2.1,False,False,True,2026-09-12T09:00:00+05:30,control,True,False,False,False,False,1
exp_offer_nudge_v1,subj_03931,PES University,True,v2.1,False,False,True,2026-09-12T09:00:00+05:30,treatment,True,True,True,False,False,3
exp_offer_nudge_v1,subj_03932,RV College of Engineering,True,v2.1,False,False,True,2026-09-12T09:00:00+05:30,treatment,True,True,False,False,False,2
exp_offer_nudge_v1,subj_03933,CMR Institute of Technology,True,v2.1,False,False,True,2026-09-12T09:00:00+05:30,treatment,True,False,False,False,False,1
exp_offer_nudge_v1,subj_03934,New Horizon College of Engineering,True,v2.1,False,False,True,2026-09-12T09:00:00+05:30,control,True,False,True,True,False,3
exp_offer_nudge_v1,subj_03935,Dayananda Sagar College of Engineering,True,v2.1,False,False,False,2026-09-12T09:00:00+05:30,excluded,False,False,False,False,False,0
exp_offer_nudge_v1,subj_03936,BMS Institute of Technology,True,v2.1,True,False,False,2026-09-12T09:00:00+05:30,excluded,False,False,False,False,False,0
exp_offer_nudge_v1,subj_03937,PES University,True,v2.1,False,False,True,2026-09-12T09:00:00+05:30,treatment,True,False,True,False,False,2
exp_offer_nudge_v1,subj_03938,RV College of Engineering,True,v2.1,False,False,True,2026-09-12T09:00:00+05:30,treatment,True,False,False,False,False,1
exp_offer_nudge_v1,subj_03939,CMR Institute of Technology,True,v2.1,False,False,True,2026-09-12T09:00:00+05:30,control,True,False,False,False,False,1
exp_offer_nudge_v1,subj_03940,New Horizon College of Engineering,True,v2.1,False,False,True,2026-09-12T09:00:00+05:30,treatment,True,True,False,False,False,2
exp_offer_nudge_v1,subj_03941,Dayananda Sagar College of Engineering,True,v2.1,False,False,False,2026-09-12T09:00:00+05:30,excluded,False,False,False,False,False,0
exp_offer_nudge_v1,subj_03942,BMS Institute of Technology,True,v2.1,False,False,True,2026-09-12T09:00:00+05:30,control,True,False,False,False,False,1
exp_offer_nudge_v1,subj_03943,PES University,True,v2.1,False,False,True,2026-09-12T09:00:00+05:30,treatment,True,True,True,False,False,3
exp_offer_nudge_v1,subj_03944,RV College of Engineering,True,v2.1,False,False,True,2026-09-12T09:00:00+05:30,control,True,True,False,False,False,2
exp_offer_nudge_v1,subj_03945,CMR Institute of Technology,True,v2.1,False,False,False,2026-09-12T09:00:00+05:30,excluded,False,False,False,False,False,0
exp_offer_nudge_v1,subj_03946,New Horizon College of Engineering,True,v2.1,False,True,False,2026-09-12T09:00:00+05:30,excluded,False,False,False,False,False,0
exp_offer_nudge_v1,subj_03947,Dayananda Sagar College of Engineering,True,v2.1,False,False,True,2026-09-12T09:00:00+05:30,treatment,True,False,False,False,False,1
exp_offer_nudge_v1,subj_03948,BMS Institute of Technology,True,v2.1,False,False,True,2026-09-12T09:00:00+05:30,control,True,True,False,False,False,2
exp_offer_nudge_v1,subj_03949,PES University,True,v2.1,False,False,True,2026-09-12T09:00:00+05:30,treatment,True,False,False,False,False,1
exp_offer_nudge_v1,subj_03950,RV College of Engineering,False,,False,False,False,2026-09-12T09:00:00+05:30,excluded,False,False,False,False,False,0
exp_offer_nudge_v1,subj_03951,CMR Institute of Technology,True,v2.1,False,False,True,2026-09-12T09:00:00+05:30,control,True,False,False,False,False,1
exp_offer_nudge_v1,subj_03952,New Horizon College of Engineering,True,v2.1,False,False,True,2026-09-12T09:00:00+05:30,control,True,False,False,False,False,1
exp_offer_nudge_v1,subj_03953,Dayananda Sagar College of Engineering,True,v2.1,False,False,True,2026-09-12T09:00:00+05:30,treatment,True,False,False,False,False,1
exp_offer_nudge_v1,subj_03954,BMS Institute of Technology,True,v2.1,False,False,True,2026-09-12T09:00:00+05:30,control,True,True,True,True,False,4
exp_offer_nudge_v1,subj_03955,PES University,True,v2.1,False,False,True,2026-09-12T09:00:00+05:30,treatment,True,False,False,False,False,1
exp_offer_nudge_v1,subj_03956,RV College of Engineering,True,v2.1,False,False,True,2026-09-12T09:00:00+05:30,treatment,True,False,False,False,False,1
exp_offer_nudge_v1,subj_03957,CMR Institute of Technology,True,v2.1,False,False,True,2026-09-12T09:00:00+05:30,treatment,True,True,False,False,False,2
exp_offer_nudge_v1,subj_03958,New Horizon College of Engineering,True,v2.1,False,False,False,2026-09-12T09:00:00+05:30,excluded,False,False,False,False,False,0
exp_offer_nudge_v1,subj_03959,Dayananda Sagar College of Engineering,True,v2.1,False,False,True,2026-09-12T09:00:00+05:30,control,True,False,False,False,False,1
exp_offer_nudge_v1,subj_03960,BMS Institute of Technology,True,v2.1,False,False,True,2026-09-12T09:00:00+05:30,treatment,True,True,False,False,False,2
exp_offer_nudge_v1,subj_03961,PES University,True,v2.1,False,False,True,2026-09-12T09:00:00+05:30,control,True,True,False,False,False,2
exp_offer_nudge_v1,subj_03962,RV College of Engineering,True,v2.1,False,False,True,2026-09-12T09:00:00+05:30,control,True,True,False,False,False,2
exp_offer_nudge_v1,subj_03963,CMR Institute of Technology,True,v2.1,False,False,True,2026-09-12T09:00:00+05:30,control,True,False,True,False,False,2
exp_offer_nudge_v1,subj_03964,New Horizon College of Engineering,True,v2.1,False,False,True,2026-09-12T09:00:00+05:30,control,True,False,False,False,False,1
exp_offer_nudge_v1,subj_03965,Dayananda Sagar College of Engineering,True,v2.1,False,False,True,2026-09-12T09:00:00+05:30,treatment,True,False,False,False,False,1
exp_offer_nudge_v1,subj_03966,BMS Institute of Technology,False,,False,False,False,2026-09-12T09:00:00+05:30,excluded,False,False,False,False,False,0
exp_offer_nudge_v1,subj_03967,PES University,True,v2.1,False,False,True,2026-09-12T09:00:00+05:30,excluded,False,False,False,False,False,0
exp_offer_nudge_v1,subj_03968,RV College of Engineering,True,v2.1,False,False,True,2026-09-12T09:00:00+05:30,treatment,True,False,False,False,False,1
exp_offer_nudge_v1,subj_03969,CMR Institute of Technology,True,v2.1,False,False,True,2026-09-12T09:00:00+05:30,treatment,True,False,False,False,False,1
exp_offer_nudge_v1,subj_03970,New Horizon College of Engineering,True,v2.1,False,False,True,2026-09-12T09:00:00+05:30,control,True,True,False,False,False,2
exp_offer_nudge_v1,subj_03971,Dayananda Sagar College of Engineering,True,v2.1,False,True,False,2026-09-12T09:00:00+05:30,excluded,False,False,False,False,False,0
exp_offer_nudge_v1,subj_03972,BMS Institute of Technology,True,v2.1,False,False,True,2026-09-12T09:00:00+05:30,treatment,True,True,False,False,False,2
exp_offer_nudge_v1,subj_03973,PES University,True,v2.1,False,False,True,2026-09-12T09:00:00+05:30,control,True,True,False,False,False,2
exp_offer_nudge_v1,subj_03974,RV College of Engineering,True,v2.1,False,False,False,2026-09-12T09:00:00+05:30,excluded,False,False,False,False,False,0
exp_offer_nudge_v1,subj_03975,CMR Institute of Technology,True,v2.1,False,False,True,2026-09-12T09:00:00+05:30,treatment,True,False,False,False,False,1
exp_offer_nudge_v1,subj_03976,New Horizon College of Engineering,True,v2.1,False,True,False,2026-09-12T09:00:00+05:30,excluded,False,False,False,False,False,0
exp_offer_nudge_v1,subj_03977,Dayananda Sagar College of Engineering,True,v2.1,False,False,True,2026-09-12T09:00:00+05:30,treatment,True,False,True,True,True,4
exp_offer_nudge_v1,subj_03978,BMS Institute of Technology,False,,True,False,False,2026-09-12T09:00:00+05:30,excluded,False,False,False,False,False,0
exp_offer_nudge_v1,subj_03979,PES University,True,v2.1,False,False,True,2026-09-12T09:00:00+05:30,control,True,False,False,False,False,1
exp_offer_nudge_v1,subj_03980,RV College of Engineering,True,v2.1,False,False,True,2026-09-12T09:00:00+05:30,control,True,False,False,False,False,1
exp_offer_nudge_v1,subj_03981,CMR Institute of Technology,True,v2.1,False,False,True,2026-09-12T09:00:00+05:30,treatment,True,False,False,False,False,1
exp_offer_nudge_v1,subj_03982,New Horizon College of Engineering,True,v2.1,False,False,True,2026-09-12T09:00:00+05:30,control,True,False,False,False,False,1
exp_offer_nudge_v1,subj_03983,Dayananda Sagar College of Engineering,True,v2.1,False,False,True,2026-09-12T09:00:00+05:30,treatment,True,False,False,False,False,1
exp_offer_nudge_v1,subj_03984,BMS Institute of Technology,True,v2.1,False,False,True,2026-09-12T09:00:00+05:30,control,True,True,False,False,False,2
exp_offer_nudge_v1,subj_03985,PES University,True,v2.1,False,False,False,2026-09-12T09:00:00+05:30,excluded,False,False,False,False,False,0
exp_offer_nudge_v1,subj_03986,RV College of Engineering,True,v2.1,False,False,True,2026-09-12T09:00:00+05:30,control,True,False,False,False,False,1
exp_offer_nudge_v1,subj_03987,CMR Institute of Technology,True,v2.1,False,False,True,2026-09-12T09:00:00+05:30,treatment,True,True,False,False,False,2
exp_offer_nudge_v1,subj_03988,New Horizon College of Engineering,True,v2.1,False,False,True,2026-09-12T09:00:00+05:30,treatment,True,False,False,False,False,1
exp_offer_nudge_v1,subj_03989,Dayananda Sagar College of Engineering,True,v2.1,False,False,True,2026-09-12T09:00:00+05:30,control,True,True,False,False,False,2
exp_offer_nudge_v1,subj_03990,BMS Institute of Technology,True,v2.1,False,False,True,2026-09-12T09:00:00+05:30,treatment,True,True,False,False,False,2
exp_offer_nudge_v1,subj_03991,PES University,True,v2.1,False,False,False,2026-09-12T09:00:00+05:30,excluded,False,False,False,False,False,0
exp_offer_nudge_v1,subj_03992,RV College of Engineering,True,v2.1,False,False,True,2026-09-12T09:00:00+05:30,control,True,False,False,False,False,1
exp_offer_nudge_v1,subj_03993,CMR Institute of Technology,True,v2.1,False,False,True,2026-09-12T09:00:00+05:30,treatment,True,False,False,False,False,1
exp_offer_nudge_v1,subj_03994,New Horizon College of Engineering,True,v2.1,False,False,True,2026-09-12T09:00:00+05:30,treatment,True,False,False,False,False,1
exp_offer_nudge_v1,subj_03995,Dayananda Sagar College of Engineering,True,v2.1,True,False,False,2026-09-12T09:00:00+05:30,excluded,False,False,False,False,False,0
exp_offer_nudge_v1,subj_03996,BMS Institute of Technology,True,v2.1,False,False,True,2026-09-12T09:00:00+05:30,control,True,True,False,False,False,2
exp_offer_nudge_v1,subj_03997,PES University,True,v2.1,False,False,True,2026-09-12T09:00:00+05:30,control,True,True,False,False,False,2
exp_offer_nudge_v1,subj_03998,RV College of Engineering,True,v2.1,False,False,True,2026-09-12T09:00:00+05:30,control,True,True,False,False,False,2
exp_offer_nudge_v1,subj_03999,CMR Institute of Technology,True,v2.1,False,False,True,2026-09-12T09:00:00+05:30,control,True,False,False,False,False,1
exp_offer_nudge_v1,subj_04000,New Horizon College of Engineering,True,v2.1,False,False,True,2026-09-12T09:00:00+05:30,control,True,False,False,False,False,1
exp_offer_nudge_v1,subj_04001,Dayananda Sagar College of Engineering,True,v2.1,False,False,True,2026-09-12T09:00:00+05:30,treatment,True,True,True,False,False,3
exp_offer_nudge_v1,subj_04002,BMS Institute of Technology,True,v2.1,False,False,True,2026-09-12T09:00:00+05:30,treatment,True,False,False,False,False,1
exp_offer_nudge_v1,subj_04003,PES University,True,v2.1,False,False,True,2026-09-12T09:00:00+05:30,treatment,True,False,True,True,False,3
exp_offer_nudge_v1,subj_04004,RV College of Engineering,True,v2.1,False,False,True,2026-09-12T09:00:00+05:30,control,True,False,True,False,False,2
exp_offer_nudge_v1,subj_04005,CMR Institute of Technology,True,v2.1,False,False,True,2026-09-12T09:00:00+05:30,control,True,False,False,False,False,1
exp_offer_nudge_v1,subj_04006,New Horizon College of Engineering,True,v2.1,False,False,True,2026-09-12T09:00:00+05:30,control,True,False,True,True,False,3
exp_offer_nudge_v1,subj_04007,Dayananda Sagar College of Engineering,True,v2.1,False,False,True,2026-09-12T09:00:00+05:30,control,True,False,False,False,False,1
exp_offer_nudge_v1,subj_04008,BMS Institute of Technology,True,v2.1,False,False,True,2026-09-12T09:00:00+05:30,control,True,False,False,False,False,1
exp_offer_nudge_v1,subj_04009,PES University,True,v2.1,False,False,True,2026-09-12T09:00:00+05:30,control,True,True,False,False,False,2
exp_offer_nudge_v1,subj_04010,RV College of Engineering,True,v2.1,False,False,False,2026-09-12T09:00:00+05:30,excluded,False,False,False,False,False,0
exp_offer_nudge_v1,subj_04011,CMR Institute of Technology,True,v2.1,False,False,True,2026-09-12T09:00:00+05:30,control,True,False,True,False,False,2
exp_offer_nudge_v1,subj_04012,New Horizon College of Engineering,True,v2.1,False,False,True,2026-09-12T09:00:00+05:30,treatment,True,False,False,False,False,1
exp_offer_nudge_v1,subj_04013,Dayananda Sagar College of Engineering,True,v2.1,False,False,True,2026-09-12T09:00:00+05:30,treatment,True,True,False,False,False,2
exp_offer_nudge_v1,subj_04014,BMS Institute of Technology,True,v2.1,False,False,True,2026-09-12T09:00:00+05:30,treatment,True,False,False,False,False,1
exp_offer_nudge_v1,subj_04015,PES University,True,v2.1,False,False,True,2026-09-12T09:00:00+05:30,control,True,False,False,False,False,1
exp_offer_nudge_v1,subj_04016,RV College of Engineering,True,v2.1,False,False,True,2026-09-12T09:00:00+05:30,excluded,False,False,False,False,False,0
exp_offer_nudge_v1,subj_04017,CMR Institute of Technology,True,v2.1,False,False,True,2026-09-12T09:00:00+05:30,control,True,False,False,False,False,1
exp_offer_nudge_v1,subj_04018,New Horizon College of Engineering,True,v2.1,False,False,False,2026-09-12T09:00:00+05:30,excluded,False,False,False,False,False,0
exp_offer_nudge_v1,subj_04019,Dayananda Sagar College of Engineering,True,v2.1,False,False,True,2026-09-12T09:00:00+05:30,control,True,False,False,False,False,1
exp_offer_nudge_v1,subj_04020,BMS Institute of Technology,True,v2.1,False,False,True,2026-09-12T09:00:00+05:30,control,True,False,False,False,False,1
exp_offer_nudge_v1,subj_04021,PES University,True,v2.1,False,False,False,2026-09-12T09:00:00+05:30,excluded,False,False,False,False,False,0
exp_offer_nudge_v1,subj_04022,RV College of Engineering,True,v2.1,False,False,True,2026-09-12T09:00:00+05:30,control,True,False,False,False,False,1
exp_offer_nudge_v1,subj_04023,CMR Institute of Technology,True,v2.1,False,False,True,2026-09-12T09:00:00+05:30,control,True,False,False,False,False,1
exp_offer_nudge_v1,subj_04024,New Horizon College of Engineering,True,v2.1,False,False,True,2026-09-12T09:00:00+05:30,treatment,True,False,False,False,False,1
exp_offer_nudge_v1,subj_04025,Dayananda Sagar College of Engineering,True,v2.1,False,False,True,2026-09-12T09:00:00+05:30,treatment,True,False,False,False,False,1
exp_offer_nudge_v1,subj_04026,BMS Institute of Technology,True,v2.1,False,False,True,2026-09-12T09:00:00+05:30,control,True,True,False,False,False,2
exp_offer_nudge_v1,subj_04027,PES University,True,v2.1,False,False,True,2026-09-12T09:00:00+05:30,control,True,True,False,False,False,2
exp_offer_nudge_v1,subj_04028,RV College of Engineering,True,v2.1,False,False,True,2026-09-12T09:00:00+05:30,control,True,False,False,False,False,1
exp_offer_nudge_v1,subj_04029,CMR Institute of Technology,True,v2.1,False,False,True,2026-09-12T09:00:00+05:30,treatment,True,False,True,True,True,4
exp_offer_nudge_v1,subj_04030,New Horizon College of Engineering,True,v2.1,False,False,True,2026-09-12T09:00:00+05:30,control,True,True,False,False,False,2
exp_offer_nudge_v1,subj_04031,Dayananda Sagar College of Engineering,True,v2.1,False,False,True,2026-09-12T09:00:00+05:30,control,True,False,False,False,False,1
exp_offer_nudge_v1,subj_04032,BMS Institute of Technology,True,v2.1,False,False,True,2026-09-12T09:00:00+05:30,treatment,True,True,False,False,False,2
exp_offer_nudge_v1,subj_04033,PES University,True,v2.1,True,False,False,2026-09-12T09:00:00+05:30,excluded,False,False,False,False,False,0
exp_offer_nudge_v1,subj_04034,RV College of Engineering,True,v2.1,False,False,True,2026-09-12T09:00:00+05:30,control,True,False,False,False,False,1
exp_offer_nudge_v1,subj_04035,CMR Institute of Technology,True,v2.1,False,False,True,2026-09-12T09:00:00+05:30,control,True,False,False,False,False,1
exp_offer_nudge_v1,subj_04036,New Horizon College of Engineering,True,v2.1,False,False,True,2026-09-12T09:00:00+05:30,treatment,True,False,False,False,False,1
exp_offer_nudge_v1,subj_04037,Dayananda Sagar College of Engineering,True,v2.1,False,False,True,2026-09-12T09:00:00+05:30,control,True,True,False,False,False,2
exp_offer_nudge_v1,subj_04038,BMS Institute of Technology,True,v2.1,False,False,True,2026-09-12T09:00:00+05:30,treatment,True,False,False,False,False,1
exp_offer_nudge_v1,subj_04039,PES University,True,v2.1,False,False,True,2026-09-12T09:00:00+05:30,control,True,True,False,False,False,2
exp_offer_nudge_v1,subj_04040,RV College of Engineering,True,v2.1,False,False,True,2026-09-12T09:00:00+05:30,treatment,True,True,False,False,False,2
exp_offer_nudge_v1,subj_04041,CMR Institute of Technology,True,v2.1,False,False,True,2026-09-12T09:00:00+05:30,control,True,False,False,False,False,1
exp_offer_nudge_v1,subj_04042,New Horizon College of Engineering,True,v2.1,False,False,True,2026-09-12T09:00:00+05:30,treatment,True,False,False,False,False,1
exp_offer_nudge_v1,subj_04043,Dayananda Sagar College of Engineering,True,v2.1,False,False,False,2026-09-12T09:00:00+05:30,excluded,False,False,False,False,False,0
exp_offer_nudge_v1,subj_04044,BMS Institute of Technology,True,v2.1,True,False,False,2026-09-12T09:00:00+05:30,excluded,False,False,False,False,False,0
exp_offer_nudge_v1,subj_04045,PES University,True,v2.1,False,False,True,2026-09-12T09:00:00+05:30,treatment,True,True,False,False,False,2
exp_offer_nudge_v1,subj_04046,RV College of Engineering,True,v2.1,False,False,True,2026-09-12T09:00:00+05:30,control,True,False,False,False,False,1
exp_offer_nudge_v1,subj_04047,CMR Institute of Technology,True,v2.1,False,False,True,2026-09-12T09:00:00+05:30,treatment,True,False,True,True,False,3
exp_offer_nudge_v1,subj_04048,New Horizon College of Engineering,False,,False,False,False,2026-09-12T09:00:00+05:30,excluded,False,False,False,False,False,0
exp_offer_nudge_v1,subj_04049,Dayananda Sagar College of Engineering,True,v2.1,False,False,True,2026-09-12T09:00:00+05:30,treatment,True,False,True,False,False,2
exp_offer_nudge_v1,subj_04050,BMS Institute of Technology,True,v2.1,False,False,True,2026-09-12T09:00:00+05:30,control,True,False,False,False,False,1
exp_offer_nudge_v1,subj_04051,PES University,True,v2.1,False,False,True,2026-09-12T09:00:00+05:30,treatment,True,True,False,False,False,2
exp_offer_nudge_v1,subj_04052,RV College of Engineering,True,v2.1,False,False,True,2026-09-12T09:00:00+05:30,control,True,True,True,False,False,3
exp_offer_nudge_v1,subj_04053,CMR Institute of Technology,True,v2.1,False,False,True,2026-09-12T09:00:00+05:30,treatment,True,False,False,False,False,1
exp_offer_nudge_v1,subj_04054,New Horizon College of Engineering,True,v2.1,False,False,True,2026-09-12T09:00:00+05:30,control,True,True,False,False,False,2
exp_offer_nudge_v1,subj_04055,Dayananda Sagar College of Engineering,True,v2.1,False,False,True,2026-09-12T09:00:00+05:30,control,True,False,False,False,False,1
exp_offer_nudge_v1,subj_04056,BMS Institute of Technology,True,v2.1,False,False,True,2026-09-12T09:00:00+05:30,treatment,True,True,False,False,False,2
exp_offer_nudge_v1,subj_04057,PES University,True,v2.1,False,False,True,2026-09-12T09:00:00+05:30,control,True,True,False,False,False,2
exp_offer_nudge_v1,subj_04058,RV College of Engineering,True,v2.1,False,False,True,2026-09-12T09:00:00+05:30,treatment,True,False,False,False,False,1
exp_offer_nudge_v1,subj_04059,CMR Institute of Technology,True,v2.1,False,False,True,2026-09-12T09:00:00+05:30,control,True,True,False,False,False,2
exp_offer_nudge_v1,subj_04060,New Horizon College of Engineering,True,v2.1,False,False,True,2026-09-12T09:00:00+05:30,treatment,True,False,False,False,False,1
exp_offer_nudge_v1,subj_04061,Dayananda Sagar College of Engineering,True,v2.1,False,False,True,2026-09-12T09:00:00+05:30,treatment,True,False,False,False,False,1
exp_offer_nudge_v1,subj_04062,BMS Institute of Technology,True,v2.1,False,False,True,2026-09-12T09:00:00+05:30,control,True,False,False,False,False,1
exp_offer_nudge_v1,subj_04063,PES University,True,v2.1,False,False,True,2026-09-12T09:00:00+05:30,treatment,True,True,True,True,True,5
exp_offer_nudge_v1,subj_04064,RV College of Engineering,True,v2.1,False,False,True,2026-09-12T09:00:00+05:30,control,True,False,False,False,False,1
exp_offer_nudge_v1,subj_04065,CMR Institute of Technology,True,v2.1,False,False,True,2026-09-12T09:00:00+05:30,control,True,True,False,False,False,2
exp_offer_nudge_v1,subj_04066,New Horizon College of Engineering,True,v2.1,False,False,True,2026-09-12T09:00:00+05:30,treatment,True,True,False,False,False,2
exp_offer_nudge_v1,subj_04067,Dayananda Sagar College of Engineering,True,v2.1,False,False,True,2026-09-12T09:00:00+05:30,control,True,False,True,True,False,3
exp_offer_nudge_v1,subj_04068,BMS Institute of Technology,True,v2.1,False,False,True,2026-09-12T09:00:00+05:30,treatment,True,False,False,False,False,1
exp_offer_nudge_v1,subj_04069,PES University,True,v2.1,False,False,True,2026-09-12T09:00:00+05:30,control,True,False,False,False,False,1
exp_offer_nudge_v1,subj_04070,RV College of Engineering,True,v2.1,False,True,False,2026-09-12T09:00:00+05:30,excluded,False,False,False,False,False,0
exp_offer_nudge_v1,subj_04071,CMR Institute of Technology,True,v2.1,False,False,True,2026-09-12T09:00:00+05:30,treatment,True,False,False,False,False,1
exp_offer_nudge_v1,subj_04072,New Horizon College of Engineering,True,v2.1,False,False,True,2026-09-12T09:00:00+05:30,control,True,False,False,False,False,1
exp_offer_nudge_v1,subj_04073,Dayananda Sagar College of Engineering,True,v2.1,False,False,True,2026-09-12T09:00:00+05:30,control,True,False,False,False,False,1
exp_offer_nudge_v1,subj_04074,BMS Institute of Technology,True,v2.1,False,False,True,2026-09-12T09:00:00+05:30,treatment,True,False,False,False,False,1
exp_offer_nudge_v1,subj_04075,PES University,True,v2.1,False,False,True,2026-09-12T09:00:00+05:30,treatment,True,False,False,False,False,1
exp_offer_nudge_v1,subj_04076,RV College of Engineering,True,v2.1,False,False,True,2026-09-12T09:00:00+05:30,treatment,True,False,True,True,True,4
exp_offer_nudge_v1,subj_04077,CMR Institute of Technology,True,v2.1,False,False,True,2026-09-12T09:00:00+05:30,treatment,True,False,False,False,False,1
exp_offer_nudge_v1,subj_04078,New Horizon College of Engineering,True,v2.1,False,False,True,2026-09-12T09:00:00+05:30,control,True,False,False,False,False,1
exp_offer_nudge_v1,subj_04079,Dayananda Sagar College of Engineering,True,v2.1,False,False,True,2026-09-12T09:00:00+05:30,control,True,True,False,False,False,2
exp_offer_nudge_v1,subj_04080,BMS Institute of Technology,True,v2.1,False,False,True,2026-09-12T09:00:00+05:30,treatment,True,False,False,False,False,1
exp_offer_nudge_v1,subj_04081,PES University,True,v2.1,False,False,True,2026-09-12T09:00:00+05:30,control,True,False,False,False,False,1
exp_offer_nudge_v1,subj_04082,RV College of Engineering,False,,False,False,False,2026-09-12T09:00:00+05:30,excluded,False,False,False,False,False,0
exp_offer_nudge_v1,subj_04083,CMR Institute of Technology,True,v2.1,False,False,True,2026-09-12T09:00:00+05:30,treatment,True,True,False,False,False,2
exp_offer_nudge_v1,subj_04084,New Horizon College of Engineering,True,v2.1,False,False,True,2026-09-12T09:00:00+05:30,control,True,True,False,False,False,2
exp_offer_nudge_v1,subj_04085,Dayananda Sagar College of Engineering,True,v2.1,False,False,True,2026-09-12T09:00:00+05:30,treatment,True,False,False,False,False,1
exp_offer_nudge_v1,subj_04086,BMS Institute of Technology,True,v2.1,False,False,True,2026-09-12T09:00:00+05:30,control,True,False,False,False,False,1
exp_offer_nudge_v1,subj_04087,PES University,True,v2.1,False,False,True,2026-09-12T09:00:00+05:30,control,True,False,False,False,False,1
exp_offer_nudge_v1,subj_04088,RV College of Engineering,True,v2.1,False,False,True,2026-09-12T09:00:00+05:30,treatment,True,True,True,False,False,3
exp_offer_nudge_v1,subj_04089,CMR Institute of Technology,True,v2.1,False,False,True,2026-09-12T09:00:00+05:30,treatment,True,False,False,False,False,1
exp_offer_nudge_v1,subj_04090,New Horizon College of Engineering,True,v2.1,False,False,True,2026-09-12T09:00:00+05:30,treatment,True,True,False,False,False,2
exp_offer_nudge_v1,subj_04091,Dayananda Sagar College of Engineering,True,v2.1,False,False,False,2026-09-12T09:00:00+05:30,excluded,False,False,False,False,False,0
exp_offer_nudge_v1,subj_04092,BMS Institute of Technology,True,v2.1,False,False,True,2026-09-12T09:00:00+05:30,treatment,True,False,False,False,False,1
exp_offer_nudge_v1,subj_04093,PES University,True,v2.1,False,False,True,2026-09-12T09:00:00+05:30,treatment,True,True,False,False,False,2
exp_offer_nudge_v1,subj_04094,RV College of Engineering,True,v2.1,False,False,True,2026-09-12T09:00:00+05:30,control,True,False,False,False,False,1
exp_offer_nudge_v1,subj_04095,CMR Institute of Technology,True,v2.1,False,False,True,2026-09-12T09:00:00+05:30,treatment,True,True,False,False,False,2
exp_offer_nudge_v1,subj_04096,New Horizon College of Engineering,True,v2.1,False,False,True,2026-09-12T09:00:00+05:30,treatment,True,False,False,False,False,1
exp_offer_nudge_v1,subj_04097,Dayananda Sagar College of Engineering,True,v2.1,False,False,True,2026-09-12T09:00:00+05:30,control,True,False,False,False,False,1
exp_offer_nudge_v1,subj_04098,BMS Institute of Technology,True,v2.1,False,False,True,2026-09-12T09:00:00+05:30,treatment,True,True,False,False,False,2
exp_offer_nudge_v1,subj_04099,PES University,True,v2.1,False,False,True,2026-09-12T09:00:00+05:30,control,True,False,False,False,False,1
exp_offer_nudge_v1,subj_04100,RV College of Engineering,True,v2.1,False,False,True,2026-09-12T09:00:00+05:30,control,True,False,False,False,False,1
exp_offer_nudge_v1,subj_04101,CMR Institute of Technology,True,v2.1,False,False,True,2026-09-12T09:00:00+05:30,treatment,True,False,False,False,False,1
exp_offer_nudge_v1,subj_04102,New Horizon College of Engineering,True,v2.1,False,False,True,2026-09-12T09:00:00+05:30,treatment,True,True,False,False,False,2
exp_offer_nudge_v1,subj_04103,Dayananda Sagar College of Engineering,True,v2.1,False,False,True,2026-09-12T09:00:00+05:30,control,True,False,False,False,False,1
exp_offer_nudge_v1,subj_04104,BMS Institute of Technology,True,v2.1,False,False,True,2026-09-12T09:00:00+05:30,treatment,True,False,False,False,False,1
exp_offer_nudge_v1,subj_04105,PES University,True,v2.1,False,False,True,2026-09-12T09:00:00+05:30,treatment,True,False,False,False,False,1
exp_offer_nudge_v1,subj_04106,RV College of Engineering,True,v2.1,False,False,False,2026-09-12T09:00:00+05:30,excluded,False,False,False,False,False,0
exp_offer_nudge_v1,subj_04107,CMR Institute of Technology,True,v2.1,False,False,True,2026-09-12T09:00:00+05:30,control,True,False,False,False,False,1
exp_offer_nudge_v1,subj_04108,New Horizon College of Engineering,True,v2.1,False,False,False,2026-09-12T09:00:00+05:30,excluded,False,False,False,False,False,0
exp_offer_nudge_v1,subj_04109,Dayananda Sagar College of Engineering,True,v2.1,False,False,True,2026-09-12T09:00:00+05:30,control,True,True,False,False,False,2
exp_offer_nudge_v1,subj_04110,BMS Institute of Technology,True,v2.1,False,False,True,2026-09-12T09:00:00+05:30,control,True,True,True,True,False,4
exp_offer_nudge_v1,subj_04111,PES University,True,v2.1,False,False,True,2026-09-12T09:00:00+05:30,treatment,True,True,False,False,False,2
exp_offer_nudge_v1,subj_04112,RV College of Engineering,True,v2.1,False,False,False,2026-09-12T09:00:00+05:30,excluded,False,False,False,False,False,0
exp_offer_nudge_v1,subj_04113,CMR Institute of Technology,True,v2.1,False,False,True,2026-09-12T09:00:00+05:30,treatment,True,False,False,False,False,1
exp_offer_nudge_v1,subj_04114,New Horizon College of Engineering,True,v2.1,False,False,True,2026-09-12T09:00:00+05:30,excluded,False,False,False,False,False,0
exp_offer_nudge_v1,subj_04115,Dayananda Sagar College of Engineering,True,v2.1,False,False,True,2026-09-12T09:00:00+05:30,treatment,True,False,False,False,False,1
exp_offer_nudge_v1,subj_04116,BMS Institute of Technology,True,v2.1,False,False,True,2026-09-12T09:00:00+05:30,treatment,True,False,True,True,False,3
exp_offer_nudge_v1,subj_04117,PES University,True,v2.1,False,False,True,2026-09-12T09:00:00+05:30,treatment,True,False,False,False,False,1
exp_offer_nudge_v1,subj_04118,RV College of Engineering,True,v2.1,False,False,True,2026-09-12T09:00:00+05:30,control,True,False,True,True,True,4
exp_offer_nudge_v1,subj_04119,CMR Institute of Technology,True,v2.1,False,False,False,2026-09-12T09:00:00+05:30,excluded,False,False,False,False,False,0
exp_offer_nudge_v1,subj_04120,New Horizon College of Engineering,True,v2.1,False,False,True,2026-09-12T09:00:00+05:30,control,True,False,True,True,True,4
exp_offer_nudge_v1,subj_04121,Dayananda Sagar College of Engineering,True,v2.1,False,False,True,2026-09-12T09:00:00+05:30,control,True,False,False,False,False,1
exp_offer_nudge_v1,subj_04122,BMS Institute of Technology,True,v2.1,False,False,True,2026-09-12T09:00:00+05:30,treatment,True,False,False,False,False,1
exp_offer_nudge_v1,subj_04123,PES University,True,v2.1,False,False,True,2026-09-12T09:00:00+05:30,treatment,True,False,False,False,False,1
exp_offer_nudge_v1,subj_04124,RV College of Engineering,True,v2.1,False,False,True,2026-09-12T09:00:00+05:30,treatment,True,False,False,False,False,1
exp_offer_nudge_v1,subj_04125,CMR Institute of Technology,True,v2.1,False,False,True,2026-09-12T09:00:00+05:30,treatment,True,True,True,False,False,3
exp_offer_nudge_v1,subj_04126,New Horizon College of Engineering,True,v2.1,False,False,False,2026-09-12T09:00:00+05:30,excluded,False,False,False,False,False,0
exp_offer_nudge_v1,subj_04127,Dayananda Sagar College of Engineering,True,v2.1,False,False,True,2026-09-12T09:00:00+05:30,treatment,True,False,False,False,False,1
exp_offer_nudge_v1,subj_04128,BMS Institute of Technology,True,v2.1,False,False,True,2026-09-12T09:00:00+05:30,control,True,False,False,False,False,1
exp_offer_nudge_v1,subj_04129,PES University,True,v2.1,False,False,True,2026-09-12T09:00:00+05:30,control,True,False,False,False,False,1
exp_offer_nudge_v1,subj_04130,RV College of Engineering,True,v2.1,False,False,True,2026-09-12T09:00:00+05:30,control,True,True,False,False,False,2
exp_offer_nudge_v1,subj_04131,CMR Institute of Technology,True,v2.1,False,False,True,2026-09-12T09:00:00+05:30,treatment,True,False,False,False,False,1
exp_offer_nudge_v1,subj_04132,New Horizon College of Engineering,True,v2.1,False,False,True,2026-09-12T09:00:00+05:30,treatment,True,False,False,False,False,1
exp_offer_nudge_v1,subj_04133,Dayananda Sagar College of Engineering,False,,False,False,False,2026-09-12T09:00:00+05:30,excluded,False,False,False,False,False,0
exp_offer_nudge_v1,subj_04134,BMS Institute of Technology,True,v2.1,False,False,True,2026-09-12T09:00:00+05:30,control,True,False,True,False,False,2
exp_offer_nudge_v1,subj_04135,PES University,True,v2.1,False,False,True,2026-09-12T09:00:00+05:30,control,True,False,True,True,True,4
exp_offer_nudge_v1,subj_04136,RV College of Engineering,True,v2.1,False,False,True,2026-09-12T09:00:00+05:30,control,True,False,False,False,False,1
exp_offer_nudge_v1,subj_04137,CMR Institute of Technology,True,v2.1,False,False,True,2026-09-12T09:00:00+05:30,control,True,True,False,False,False,2
exp_offer_nudge_v1,subj_04138,New Horizon College of Engineering,True,v2.1,False,False,True,2026-09-12T09:00:00+05:30,control,True,False,True,True,True,4
exp_offer_nudge_v1,subj_04139,Dayananda Sagar College of Engineering,True,v2.1,False,False,True,2026-09-12T09:00:00+05:30,control,True,False,False,False,False,1
exp_offer_nudge_v1,subj_04140,BMS Institute of Technology,True,v2.1,False,False,False,2026-09-12T09:00:00+05:30,excluded,False,False,False,False,False,0
exp_offer_nudge_v1,subj_04141,PES University,True,v2.1,False,False,True,2026-09-12T09:00:00+05:30,treatment,True,False,False,False,False,1
exp_offer_nudge_v1,subj_04142,RV College of Engineering,True,v2.1,False,False,True,2026-09-12T09:00:00+05:30,treatment,True,False,False,False,False,1
exp_offer_nudge_v1,subj_04143,CMR Institute of Technology,True,v2.1,False,False,True,2026-09-12T09:00:00+05:30,treatment,True,True,False,False,False,2
exp_offer_nudge_v1,subj_04144,New Horizon College of Engineering,True,v2.1,False,False,True,2026-09-12T09:00:00+05:30,control,True,False,False,False,False,1
exp_offer_nudge_v1,subj_04145,Dayananda Sagar College of Engineering,True,v2.1,False,False,True,2026-09-12T09:00:00+05:30,control,True,False,False,False,False,1
exp_offer_nudge_v1,subj_04146,BMS Institute of Technology,True,v2.1,False,False,True,2026-09-12T09:00:00+05:30,control,True,True,False,False,False,2
exp_offer_nudge_v1,subj_04147,PES University,True,v2.1,False,False,True,2026-09-12T09:00:00+05:30,treatment,True,False,False,False,False,1
exp_offer_nudge_v1,subj_04148,RV College of Engineering,False,,False,False,False,2026-09-12T09:00:00+05:30,excluded,False,False,False,False,False,0
exp_offer_nudge_v1,subj_04149,CMR Institute of Technology,True,v2.1,False,False,True,2026-09-12T09:00:00+05:30,treatment,True,False,False,False,False,1
exp_offer_nudge_v1,subj_04150,New Horizon College of Engineering,True,v2.1,False,False,False,2026-09-12T09:00:00+05:30,excluded,False,False,False,False,False,0
exp_offer_nudge_v1,subj_04151,Dayananda Sagar College of Engineering,True,v2.1,False,False,True,2026-09-12T09:00:00+05:30,control,True,True,False,False,False,2
exp_offer_nudge_v1,subj_04152,BMS Institute of Technology,True,v2.1,False,False,True,2026-09-12T09:00:00+05:30,control,True,False,False,False,False,1
exp_offer_nudge_v1,subj_04153,PES University,True,v2.1,False,False,True,2026-09-12T09:00:00+05:30,control,True,False,True,False,False,2
exp_offer_nudge_v1,subj_04154,RV College of Engineering,True,v2.1,False,False,True,2026-09-12T09:00:00+05:30,control,True,False,False,False,False,1
exp_offer_nudge_v1,subj_04155,CMR Institute of Technology,True,v2.1,False,False,True,2026-09-12T09:00:00+05:30,treatment,True,False,False,False,False,1
exp_offer_nudge_v1,subj_04156,New Horizon College of Engineering,True,v2.1,False,False,False,2026-09-12T09:00:00+05:30,excluded,False,False,False,False,False,0
exp_offer_nudge_v1,subj_04157,Dayananda Sagar College of Engineering,True,v2.1,False,False,True,2026-09-12T09:00:00+05:30,treatment,True,True,False,False,False,2
exp_offer_nudge_v1,subj_04158,BMS Institute of Technology,True,v2.1,False,False,True,2026-09-12T09:00:00+05:30,control,True,True,False,False,False,2
exp_offer_nudge_v1,subj_04159,PES University,True,v2.1,False,False,True,2026-09-12T09:00:00+05:30,control,True,False,False,False,False,1
exp_offer_nudge_v1,subj_04160,RV College of Engineering,True,v2.1,False,False,True,2026-09-12T09:00:00+05:30,treatment,True,False,False,False,False,1
exp_offer_nudge_v1,subj_04161,CMR Institute of Technology,True,v2.1,False,False,True,2026-09-12T09:00:00+05:30,treatment,True,True,True,True,False,4
exp_offer_nudge_v1,subj_04162,New Horizon College of Engineering,True,v2.1,False,False,True,2026-09-12T09:00:00+05:30,treatment,True,True,True,True,True,5
exp_offer_nudge_v1,subj_04163,Dayananda Sagar College of Engineering,False,,False,False,False,2026-09-12T09:00:00+05:30,excluded,False,False,False,False,False,0
exp_offer_nudge_v1,subj_04164,BMS Institute of Technology,True,v2.1,False,False,True,2026-09-12T09:00:00+05:30,control,True,False,False,False,False,1
exp_offer_nudge_v1,subj_04165,PES University,True,v2.1,False,False,True,2026-09-12T09:00:00+05:30,treatment,True,False,False,False,False,1
exp_offer_nudge_v1,subj_04166,RV College of Engineering,True,v2.1,False,False,True,2026-09-12T09:00:00+05:30,excluded,False,False,False,False,False,0
exp_offer_nudge_v1,subj_04167,CMR Institute of Technology,True,v2.1,False,False,False,2026-09-12T09:00:00+05:30,excluded,False,False,False,False,False,0
exp_offer_nudge_v1,subj_04168,New Horizon College of Engineering,True,v2.1,False,False,True,2026-09-12T09:00:00+05:30,control,True,True,False,False,False,2
exp_offer_nudge_v1,subj_04169,Dayananda Sagar College of Engineering,True,v2.1,False,False,True,2026-09-12T09:00:00+05:30,treatment,True,False,False,False,False,1
exp_offer_nudge_v1,subj_04170,BMS Institute of Technology,True,v2.1,False,False,True,2026-09-12T09:00:00+05:30,control,True,False,False,False,False,1
exp_offer_nudge_v1,subj_04171,PES University,True,v2.1,False,False,True,2026-09-12T09:00:00+05:30,control,True,True,True,True,False,4
exp_offer_nudge_v1,subj_04172,RV College of Engineering,True,v2.1,False,False,False,2026-09-12T09:00:00+05:30,excluded,False,False,False,False,False,0
exp_offer_nudge_v1,subj_04173,CMR Institute of Technology,True,v2.1,False,False,True,2026-09-12T09:00:00+05:30,treatment,True,False,False,False,False,1
exp_offer_nudge_v1,subj_04174,New Horizon College of Engineering,True,v2.1,False,False,True,2026-09-12T09:00:00+05:30,treatment,True,False,False,False,False,1
exp_offer_nudge_v1,subj_04175,Dayananda Sagar College of Engineering,True,v2.1,False,False,False,2026-09-12T09:00:00+05:30,excluded,False,False,False,False,False,0
exp_offer_nudge_v1,subj_04176,BMS Institute of Technology,True,v2.1,False,False,True,2026-09-12T09:00:00+05:30,control,True,False,False,False,False,1
exp_offer_nudge_v1,subj_04177,PES University,False,,False,False,False,2026-09-12T09:00:00+05:30,excluded,False,False,False,False,False,0
exp_offer_nudge_v1,subj_04178,RV College of Engineering,True,v2.1,False,False,True,2026-09-12T09:00:00+05:30,treatment,True,False,False,False,False,1
exp_offer_nudge_v1,subj_04179,CMR Institute of Technology,True,v2.1,False,False,True,2026-09-12T09:00:00+05:30,control,True,False,False,False,False,1
exp_offer_nudge_v1,subj_04180,New Horizon College of Engineering,True,v2.1,False,False,True,2026-09-12T09:00:00+05:30,control,True,True,False,False,False,2
exp_offer_nudge_v1,subj_04181,Dayananda Sagar College of Engineering,True,v2.1,False,False,True,2026-09-12T09:00:00+05:30,treatment,True,False,False,False,False,1
exp_offer_nudge_v1,subj_04182,BMS Institute of Technology,True,v2.1,False,False,True,2026-09-12T09:00:00+05:30,control,True,False,False,False,False,1
exp_offer_nudge_v1,subj_04183,PES University,True,v2.1,False,False,True,2026-09-12T09:00:00+05:30,excluded,False,False,False,False,False,0
exp_offer_nudge_v1,subj_04184,RV College of Engineering,True,v2.1,False,False,True,2026-09-12T09:00:00+05:30,treatment,True,True,False,False,False,2
exp_offer_nudge_v1,subj_04185,CMR Institute of Technology,True,v2.1,False,False,True,2026-09-12T09:00:00+05:30,control,True,False,False,False,False,1
exp_offer_nudge_v1,subj_04186,New Horizon College of Engineering,True,v2.1,False,False,True,2026-09-12T09:00:00+05:30,treatment,True,False,False,False,False,1
exp_offer_nudge_v1,subj_04187,Dayananda Sagar College of Engineering,True,v2.1,False,False,True,2026-09-12T09:00:00+05:30,control,True,True,False,False,False,2
exp_offer_nudge_v1,subj_04188,BMS Institute of Technology,True,v2.1,False,False,False,2026-09-12T09:00:00+05:30,excluded,False,False,False,False,False,0
exp_offer_nudge_v1,subj_04189,PES University,True,v2.1,False,False,True,2026-09-12T09:00:00+05:30,treatment,True,False,False,False,False,1
exp_offer_nudge_v1,subj_04190,RV College of Engineering,True,v2.1,False,False,True,2026-09-12T09:00:00+05:30,control,True,False,False,False,False,1
exp_offer_nudge_v1,subj_04191,CMR Institute of Technology,True,v2.1,False,False,True,2026-09-12T09:00:00+05:30,treatment,True,False,False,False,False,1
exp_offer_nudge_v1,subj_04192,New Horizon College of Engineering,True,v2.1,False,False,True,2026-09-12T09:00:00+05:30,treatment,True,True,False,False,False,2
exp_offer_nudge_v1,subj_04193,Dayananda Sagar College of Engineering,False,,False,False,False,2026-09-12T09:00:00+05:30,excluded,False,False,False,False,False,0
exp_offer_nudge_v1,subj_04194,BMS Institute of Technology,True,v2.1,False,False,True,2026-09-12T09:00:00+05:30,control,True,True,False,False,False,2
exp_offer_nudge_v1,subj_04195,PES University,True,v2.1,False,False,True,2026-09-12T09:00:00+05:30,control,True,False,False,False,False,1
exp_offer_nudge_v1,subj_04196,RV College of Engineering,True,v2.1,False,False,True,2026-09-12T09:00:00+05:30,control,True,False,False,False,False,1
exp_offer_nudge_v1,subj_04197,CMR Institute of Technology,True,v2.1,False,True,False,2026-09-12T09:00:00+05:30,excluded,False,False,False,False,False,0
exp_offer_nudge_v1,subj_04198,New Horizon College of Engineering,True,v2.1,False,False,True,2026-09-12T09:00:00+05:30,treatment,True,False,False,False,False,1
exp_offer_nudge_v1,subj_04199,Dayananda Sagar College of Engineering,True,v2.1,False,False,True,2026-09-12T09:00:00+05:30,treatment,True,True,False,False,False,2
exp_offer_nudge_v1,subj_04200,BMS Institute of Technology,True,v2.1,False,False,True,2026-09-12T09:00:00+05:30,treatment,True,True,False,False,False,2
exp_offer_nudge_v1,subj_04201,PES University,True,v2.1,False,False,True,2026-09-12T09:00:00+05:30,control,True,False,False,False,False,1
exp_offer_nudge_v1,subj_04202,RV College of Engineering,True,v2.1,False,False,True,2026-09-12T09:00:00+05:30,treatment,True,True,False,False,False,2
exp_offer_nudge_v1,subj_04203,CMR Institute of Technology,True,v2.1,False,False,True,2026-09-12T09:00:00+05:30,control,True,False,False,False,False,1
exp_offer_nudge_v1,subj_04204,New Horizon College of Engineering,True,v2.1,False,False,True,2026-09-12T09:00:00+05:30,control,True,False,True,False,False,2
exp_offer_nudge_v1,subj_04205,Dayananda Sagar College of Engineering,True,v2.1,False,False,True,2026-09-12T09:00:00+05:30,control,True,True,False,False,False,2
exp_offer_nudge_v1,subj_04206,BMS Institute of Technology,True,v2.1,False,False,True,2026-09-12T09:00:00+05:30,treatment,True,False,True,True,True,4
exp_offer_nudge_v1,subj_04207,PES University,True,v2.1,False,False,True,2026-09-12T09:00:00+05:30,treatment,True,False,False,False,False,1
exp_offer_nudge_v1,subj_04208,RV College of Engineering,True,v2.1,False,False,True,2026-09-12T09:00:00+05:30,control,True,True,False,False,False,2
exp_offer_nudge_v1,subj_04209,CMR Institute of Technology,True,v2.1,False,False,True,2026-09-12T09:00:00+05:30,control,True,False,False,False,False,1
exp_offer_nudge_v1,subj_04210,New Horizon College of Engineering,True,v2.1,False,False,False,2026-09-12T09:00:00+05:30,excluded,False,False,False,False,False,0
exp_offer_nudge_v1,subj_04211,Dayananda Sagar College of Engineering,True,v2.1,False,False,True,2026-09-12T09:00:00+05:30,control,True,False,True,True,False,3
exp_offer_nudge_v1,subj_04212,BMS Institute of Technology,True,v2.1,False,False,True,2026-09-12T09:00:00+05:30,treatment,True,False,False,False,False,1
exp_offer_nudge_v1,subj_04213,PES University,True,v2.1,False,False,True,2026-09-12T09:00:00+05:30,treatment,True,False,False,False,False,1
exp_offer_nudge_v1,subj_04214,RV College of Engineering,True,v2.1,False,False,True,2026-09-12T09:00:00+05:30,treatment,True,False,False,False,False,1
exp_offer_nudge_v1,subj_04215,CMR Institute of Technology,True,v2.1,False,False,True,2026-09-12T09:00:00+05:30,control,True,True,False,False,False,2
exp_offer_nudge_v1,subj_04216,New Horizon College of Engineering,True,v2.1,False,False,True,2026-09-12T09:00:00+05:30,treatment,True,True,True,False,False,3
exp_offer_nudge_v1,subj_04217,Dayananda Sagar College of Engineering,True,v2.1,False,False,True,2026-09-12T09:00:00+05:30,control,True,False,False,False,False,1
exp_offer_nudge_v1,subj_04218,BMS Institute of Technology,True,v2.1,False,False,True,2026-09-12T09:00:00+05:30,treatment,True,False,False,False,False,1
exp_offer_nudge_v1,subj_04219,PES University,False,,False,False,False,2026-09-12T09:00:00+05:30,excluded,False,False,False,False,False,0
exp_offer_nudge_v1,subj_04220,RV College of Engineering,True,v2.1,True,False,False,2026-09-12T09:00:00+05:30,excluded,False,False,False,False,False,0
exp_offer_nudge_v1,subj_04221,CMR Institute of Technology,True,v2.1,False,False,True,2026-09-12T09:00:00+05:30,control,True,True,False,False,False,2
exp_offer_nudge_v1,subj_04222,New Horizon College of Engineering,True,v2.1,False,False,False,2026-09-12T09:00:00+05:30,excluded,False,False,False,False,False,0
exp_offer_nudge_v1,subj_04223,Dayananda Sagar College of Engineering,False,,False,False,False,2026-09-12T09:00:00+05:30,excluded,False,False,False,False,False,0
exp_offer_nudge_v1,subj_04224,BMS Institute of Technology,True,v2.1,False,False,True,2026-09-12T09:00:00+05:30,treatment,True,False,False,False,False,1
exp_offer_nudge_v1,subj_04225,PES University,True,v2.1,False,False,True,2026-09-12T09:00:00+05:30,control,True,False,False,False,False,1
exp_offer_nudge_v1,subj_04226,RV College of Engineering,True,v2.1,False,False,True,2026-09-12T09:00:00+05:30,treatment,True,True,True,True,False,4
exp_offer_nudge_v1,subj_04227,CMR Institute of Technology,True,v2.1,False,False,True,2026-09-12T09:00:00+05:30,control,True,False,False,False,False,1
exp_offer_nudge_v1,subj_04228,New Horizon College of Engineering,True,v2.1,False,False,True,2026-09-12T09:00:00+05:30,control,True,False,False,False,False,1
exp_offer_nudge_v1,subj_04229,Dayananda Sagar College of Engineering,True,v2.1,False,False,True,2026-09-12T09:00:00+05:30,control,True,False,False,False,False,1
exp_offer_nudge_v1,subj_04230,BMS Institute of Technology,True,v2.1,False,False,False,2026-09-12T09:00:00+05:30,excluded,False,False,False,False,False,0
exp_offer_nudge_v1,subj_04231,PES University,True,v2.1,False,False,True,2026-09-12T09:00:00+05:30,control,True,True,False,False,False,2
exp_offer_nudge_v1,subj_04232,RV College of Engineering,True,v2.1,False,False,True,2026-09-12T09:00:00+05:30,treatment,True,True,False,False,False,2
exp_offer_nudge_v1,subj_04233,CMR Institute of Technology,True,v2.1,False,False,False,2026-09-12T09:00:00+05:30,excluded,False,False,False,False,False,0
exp_offer_nudge_v1,subj_04234,New Horizon College of Engineering,True,v2.1,False,False,True,2026-09-12T09:00:00+05:30,treatment,True,True,True,False,False,3
exp_offer_nudge_v1,subj_04235,Dayananda Sagar College of Engineering,True,v2.1,False,False,True,2026-09-12T09:00:00+05:30,treatment,True,False,False,False,False,1
exp_offer_nudge_v1,subj_04236,BMS Institute of Technology,True,v2.1,False,False,True,2026-09-12T09:00:00+05:30,control,True,True,False,False,False,2
exp_offer_nudge_v1,subj_04237,PES University,True,v2.1,True,False,False,2026-09-12T09:00:00+05:30,excluded,False,False,False,False,False,0
exp_offer_nudge_v1,subj_04238,RV College of Engineering,True,v2.1,False,False,False,2026-09-12T09:00:00+05:30,excluded,False,False,False,False,False,0
exp_offer_nudge_v1,subj_04239,CMR Institute of Technology,True,v2.1,False,False,True,2026-09-12T09:00:00+05:30,treatment,True,False,False,False,False,1
exp_offer_nudge_v1,subj_04240,New Horizon College of Engineering,True,v2.1,False,False,True,2026-09-12T09:00:00+05:30,treatment,True,False,False,False,False,1
exp_offer_nudge_v1,subj_04241,Dayananda Sagar College of Engineering,True,v2.1,False,False,False,2026-09-12T09:00:00+05:30,excluded,False,False,False,False,False,0
exp_offer_nudge_v1,subj_04242,BMS Institute of Technology,True,v2.1,False,False,True,2026-09-12T09:00:00+05:30,treatment,True,True,False,False,False,2
exp_offer_nudge_v1,subj_04243,PES University,True,v2.1,False,False,True,2026-09-12T09:00:00+05:30,control,True,False,False,False,False,1
exp_offer_nudge_v1,subj_04244,RV College of Engineering,True,v2.1,False,False,True,2026-09-12T09:00:00+05:30,control,True,True,False,False,False,2
exp_offer_nudge_v1,subj_04245,CMR Institute of Technology,True,v2.1,False,False,True,2026-09-12T09:00:00+05:30,treatment,True,False,False,False,False,1
exp_offer_nudge_v1,subj_04246,New Horizon College of Engineering,True,v2.1,False,False,True,2026-09-12T09:00:00+05:30,control,True,False,False,False,False,1
exp_offer_nudge_v1,subj_04247,Dayananda Sagar College of Engineering,True,v2.1,False,False,True,2026-09-12T09:00:00+05:30,control,True,False,True,False,False,2
exp_offer_nudge_v1,subj_04248,BMS Institute of Technology,True,v2.1,False,False,True,2026-09-12T09:00:00+05:30,control,True,True,False,False,False,2
exp_offer_nudge_v1,subj_04249,PES University,True,v2.1,False,False,True,2026-09-12T09:00:00+05:30,treatment,True,False,True,True,True,4
exp_offer_nudge_v1,subj_04250,RV College of Engineering,True,v2.1,False,False,True,2026-09-12T09:00:00+05:30,control,True,True,False,False,False,2
exp_offer_nudge_v1,subj_04251,CMR Institute of Technology,True,v2.1,False,False,True,2026-09-12T09:00:00+05:30,treatment,True,True,False,False,False,2
exp_offer_nudge_v1,subj_04252,New Horizon College of Engineering,True,v2.1,False,False,True,2026-09-12T09:00:00+05:30,control,True,True,False,False,False,2
exp_offer_nudge_v1,subj_04253,Dayananda Sagar College of Engineering,True,v2.1,False,False,True,2026-09-12T09:00:00+05:30,treatment,True,False,False,False,False,1
exp_offer_nudge_v1,subj_04254,BMS Institute of Technology,True,v2.1,False,False,True,2026-09-12T09:00:00+05:30,treatment,True,False,False,False,False,1
exp_offer_nudge_v1,subj_04255,PES University,True,v2.1,False,False,True,2026-09-12T09:00:00+05:30,treatment,True,False,False,False,False,1
exp_offer_nudge_v1,subj_04256,RV College of Engineering,True,v2.1,False,False,True,2026-09-12T09:00:00+05:30,treatment,True,False,False,False,False,1
exp_offer_nudge_v1,subj_04257,CMR Institute of Technology,True,v2.1,False,False,True,2026-09-12T09:00:00+05:30,control,True,True,False,False,False,2
exp_offer_nudge_v1,subj_04258,New Horizon College of Engineering,False,,False,False,False,2026-09-12T09:00:00+05:30,excluded,False,False,False,False,False,0
exp_offer_nudge_v1,subj_04259,Dayananda Sagar College of Engineering,True,v2.1,False,False,True,2026-09-12T09:00:00+05:30,control,True,False,True,True,False,3
exp_offer_nudge_v1,subj_04260,BMS Institute of Technology,True,v2.1,False,False,True,2026-09-12T09:00:00+05:30,control,True,True,True,True,True,5
exp_offer_nudge_v1,subj_04261,PES University,True,v2.1,False,False,True,2026-09-12T09:00:00+05:30,treatment,True,False,True,True,False,3
exp_offer_nudge_v1,subj_04262,RV College of Engineering,True,v2.1,False,False,True,2026-09-12T09:00:00+05:30,treatment,True,False,False,False,False,1
exp_offer_nudge_v1,subj_04263,CMR Institute of Technology,True,v2.1,False,False,True,2026-09-12T09:00:00+05:30,control,True,False,True,True,True,4
exp_offer_nudge_v1,subj_04264,New Horizon College of Engineering,True,v2.1,False,False,True,2026-09-12T09:00:00+05:30,control,True,False,False,False,False,1
exp_offer_nudge_v1,subj_04265,Dayananda Sagar College of Engineering,True,v2.1,False,False,True,2026-09-12T09:00:00+05:30,treatment,True,True,False,False,False,2
exp_offer_nudge_v1,subj_04266,BMS Institute of Technology,True,v2.1,False,False,True,2026-09-12T09:00:00+05:30,control,True,False,False,False,False,1
exp_offer_nudge_v1,subj_04267,PES University,True,v2.1,False,False,True,2026-09-12T09:00:00+05:30,control,True,False,True,True,False,3
exp_offer_nudge_v1,subj_04268,RV College of Engineering,True,v2.1,False,False,True,2026-09-12T09:00:00+05:30,control,True,False,False,False,False,1
exp_offer_nudge_v1,subj_04269,CMR Institute of Technology,False,,False,False,False,2026-09-12T09:00:00+05:30,excluded,False,False,False,False,False,0
exp_offer_nudge_v1,subj_04270,New Horizon College of Engineering,True,v2.1,True,False,False,2026-09-12T09:00:00+05:30,excluded,False,False,False,False,False,0
exp_offer_nudge_v1,subj_04271,Dayananda Sagar College of Engineering,True,v2.1,False,False,True,2026-09-12T09:00:00+05:30,control,True,False,False,False,False,1
exp_offer_nudge_v1,subj_04272,BMS Institute of Technology,True,v2.1,False,False,True,2026-09-12T09:00:00+05:30,control,True,False,False,False,False,1
exp_offer_nudge_v1,subj_04273,PES University,True,v2.1,False,False,True,2026-09-12T09:00:00+05:30,control,True,True,False,False,False,2
exp_offer_nudge_v1,subj_04274,RV College of Engineering,True,v2.1,False,False,True,2026-09-12T09:00:00+05:30,control,True,False,False,False,False,1
exp_offer_nudge_v1,subj_04275,CMR Institute of Technology,True,v2.1,False,False,True,2026-09-12T09:00:00+05:30,treatment,True,True,False,False,False,2
exp_offer_nudge_v1,subj_04276,New Horizon College of Engineering,True,v2.1,False,False,True,2026-09-12T09:00:00+05:30,treatment,True,False,False,False,False,1
exp_offer_nudge_v1,subj_04277,Dayananda Sagar College of Engineering,True,v2.1,False,False,True,2026-09-12T09:00:00+05:30,control,True,False,False,False,False,1
exp_offer_nudge_v1,subj_04278,BMS Institute of Technology,True,v2.1,False,False,True,2026-09-12T09:00:00+05:30,treatment,True,False,True,False,False,2
exp_offer_nudge_v1,subj_04279,PES University,True,v2.1,False,False,True,2026-09-12T09:00:00+05:30,control,True,False,True,True,False,3
exp_offer_nudge_v1,subj_04280,RV College of Engineering,True,v2.1,False,False,True,2026-09-12T09:00:00+05:30,control,True,False,False,False,False,1
exp_offer_nudge_v1,subj_04281,CMR Institute of Technology,True,v2.1,False,False,True,2026-09-12T09:00:00+05:30,control,True,False,False,False,False,1
exp_offer_nudge_v1,subj_04282,New Horizon College of Engineering,True,v2.1,False,False,True,2026-09-12T09:00:00+05:30,control,True,True,False,False,False,2
exp_offer_nudge_v1,subj_04283,Dayananda Sagar College of Engineering,True,v2.1,False,True,False,2026-09-12T09:00:00+05:30,excluded,False,False,False,False,False,0
exp_offer_nudge_v1,subj_04284,BMS Institute of Technology,True,v2.1,False,False,True,2026-09-12T09:00:00+05:30,control,True,False,True,True,False,3
exp_offer_nudge_v1,subj_04285,PES University,True,v2.1,False,False,True,2026-09-12T09:00:00+05:30,treatment,True,True,False,False,False,2
exp_offer_nudge_v1,subj_04286,RV College of Engineering,True,v2.1,False,False,True,2026-09-12T09:00:00+05:30,treatment,True,True,True,False,False,3
exp_offer_nudge_v1,subj_04287,CMR Institute of Technology,True,v2.1,False,False,True,2026-09-12T09:00:00+05:30,control,True,False,False,False,False,1
exp_offer_nudge_v1,subj_04288,New Horizon College of Engineering,True,v2.1,False,False,True,2026-09-12T09:00:00+05:30,control,True,False,True,False,False,2
exp_offer_nudge_v1,subj_04289,Dayananda Sagar College of Engineering,True,v2.1,False,False,True,2026-09-12T09:00:00+05:30,control,True,False,False,False,False,1
exp_offer_nudge_v1,subj_04290,BMS Institute of Technology,True,v2.1,False,False,True,2026-09-12T09:00:00+05:30,control,True,True,False,False,False,2
exp_offer_nudge_v1,subj_04291,PES University,True,v2.1,False,False,False,2026-09-12T09:00:00+05:30,excluded,False,False,False,False,False,0
exp_offer_nudge_v1,subj_04292,RV College of Engineering,True,v2.1,False,False,True,2026-09-12T09:00:00+05:30,treatment,True,False,True,False,False,2
exp_offer_nudge_v1,subj_04293,CMR Institute of Technology,True,v2.1,False,False,True,2026-09-12T09:00:00+05:30,control,True,False,False,False,False,1
exp_offer_nudge_v1,subj_04294,New Horizon College of Engineering,True,v2.1,False,False,True,2026-09-12T09:00:00+05:30,treatment,True,False,False,False,False,1
exp_offer_nudge_v1,subj_04295,Dayananda Sagar College of Engineering,True,v2.1,False,False,True,2026-09-12T09:00:00+05:30,treatment,True,False,False,False,False,1
exp_offer_nudge_v1,subj_04296,BMS Institute of Technology,True,v2.1,False,False,True,2026-09-12T09:00:00+05:30,control,True,False,False,False,False,1
exp_offer_nudge_v1,subj_04297,PES University,True,v2.1,False,False,True,2026-09-12T09:00:00+05:30,control,True,True,False,False,False,2
exp_offer_nudge_v1,subj_04298,RV College of Engineering,True,v2.1,False,False,False,2026-09-12T09:00:00+05:30,excluded,False,False,False,False,False,0
exp_offer_nudge_v1,subj_04299,CMR Institute of Technology,True,v2.1,False,False,True,2026-09-12T09:00:00+05:30,control,True,False,True,True,True,4
exp_offer_nudge_v1,subj_04300,New Horizon College of Engineering,True,v2.1,False,False,True,2026-09-12T09:00:00+05:30,treatment,True,False,False,False,False,1
exp_offer_nudge_v1,subj_04301,Dayananda Sagar College of Engineering,True,v2.1,False,False,True,2026-09-12T09:00:00+05:30,treatment,True,False,False,False,False,1
exp_offer_nudge_v1,subj_04302,BMS Institute of Technology,True,v2.1,False,False,True,2026-09-12T09:00:00+05:30,control,True,True,False,False,False,2
exp_offer_nudge_v1,subj_04303,PES University,True,v2.1,False,False,True,2026-09-12T09:00:00+05:30,treatment,True,False,False,False,False,1
exp_offer_nudge_v1,subj_04304,RV College of Engineering,True,v2.1,False,False,True,2026-09-12T09:00:00+05:30,treatment,True,True,False,False,False,2
exp_offer_nudge_v1,subj_04305,CMR Institute of Technology,True,v2.1,False,False,True,2026-09-12T09:00:00+05:30,treatment,True,True,False,False,False,2
exp_offer_nudge_v1,subj_04306,New Horizon College of Engineering,True,v2.1,False,False,False,2026-09-12T09:00:00+05:30,excluded,False,False,False,False,False,0
exp_offer_nudge_v1,subj_04307,Dayananda Sagar College of Engineering,True,v2.1,False,False,True,2026-09-12T09:00:00+05:30,treatment,True,True,False,False,False,2
exp_offer_nudge_v1,subj_04308,BMS Institute of Technology,True,v2.1,False,False,True,2026-09-12T09:00:00+05:30,treatment,True,True,False,False,False,2
exp_offer_nudge_v1,subj_04309,PES University,True,v2.1,True,False,False,2026-09-12T09:00:00+05:30,excluded,False,False,False,False,False,0
exp_offer_nudge_v1,subj_04310,RV College of Engineering,True,v2.1,False,False,False,2026-09-12T09:00:00+05:30,excluded,False,False,False,False,False,0
exp_offer_nudge_v1,subj_04311,CMR Institute of Technology,True,v2.1,False,False,True,2026-09-12T09:00:00+05:30,control,True,True,False,False,False,2
exp_offer_nudge_v1,subj_04312,New Horizon College of Engineering,True,v2.1,False,False,True,2026-09-12T09:00:00+05:30,treatment,True,False,False,False,False,1
exp_offer_nudge_v1,subj_04313,Dayananda Sagar College of Engineering,True,v2.1,False,False,True,2026-09-12T09:00:00+05:30,treatment,True,True,False,False,False,2
exp_offer_nudge_v1,subj_04314,BMS Institute of Technology,True,v2.1,False,False,True,2026-09-12T09:00:00+05:30,treatment,True,True,True,True,True,5
exp_offer_nudge_v1,subj_04315,PES University,True,v2.1,False,False,True,2026-09-12T09:00:00+05:30,control,True,False,False,False,False,1
exp_offer_nudge_v1,subj_04316,RV College of Engineering,True,v2.1,False,False,True,2026-09-12T09:00:00+05:30,treatment,True,False,False,False,False,1
exp_offer_nudge_v1,subj_04317,CMR Institute of Technology,True,v2.1,False,False,True,2026-09-12T09:00:00+05:30,treatment,True,True,False,False,False,2
exp_offer_nudge_v1,subj_04318,New Horizon College of Engineering,True,v2.1,False,False,True,2026-09-12T09:00:00+05:30,treatment,True,False,False,False,False,1
exp_offer_nudge_v1,subj_04319,Dayananda Sagar College of Engineering,True,v2.1,False,False,True,2026-09-12T09:00:00+05:30,control,True,False,False,False,False,1
exp_offer_nudge_v1,subj_04320,BMS Institute of Technology,True,v2.1,False,False,False,2026-09-12T09:00:00+05:30,excluded,False,False,False,False,False,0
exp_offer_nudge_v1,subj_04321,PES University,True,v2.1,False,False,True,2026-09-12T09:00:00+05:30,control,True,False,False,False,False,1
exp_offer_nudge_v1,subj_04322,RV College of Engineering,True,v2.1,False,False,False,2026-09-12T09:00:00+05:30,excluded,False,False,False,False,False,0
exp_offer_nudge_v1,subj_04323,CMR Institute of Technology,True,v2.1,False,False,True,2026-09-12T09:00:00+05:30,control,True,False,False,False,False,1
exp_offer_nudge_v1,subj_04324,New Horizon College of Engineering,True,v2.1,False,False,True,2026-09-12T09:00:00+05:30,control,True,False,False,False,False,1
exp_offer_nudge_v1,subj_04325,Dayananda Sagar College of Engineering,True,v2.1,False,False,True,2026-09-12T09:00:00+05:30,treatment,True,False,False,False,False,1
exp_offer_nudge_v1,subj_04326,BMS Institute of Technology,True,v2.1,False,False,True,2026-09-12T09:00:00+05:30,treatment,True,False,True,True,False,3
exp_offer_nudge_v1,subj_04327,PES University,True,v2.1,False,False,True,2026-09-12T09:00:00+05:30,control,True,True,False,False,False,2
exp_offer_nudge_v1,subj_04328,RV College of Engineering,True,v2.1,False,False,True,2026-09-12T09:00:00+05:30,treatment,True,True,False,False,False,2
exp_offer_nudge_v1,subj_04329,CMR Institute of Technology,False,,False,False,False,2026-09-12T09:00:00+05:30,excluded,False,False,False,False,False,0
exp_offer_nudge_v1,subj_04330,New Horizon College of Engineering,True,v2.1,False,False,True,2026-09-12T09:00:00+05:30,treatment,True,True,False,False,False,2
exp_offer_nudge_v1,subj_04331,Dayananda Sagar College of Engineering,True,v2.1,False,False,True,2026-09-12T09:00:00+05:30,control,True,True,True,True,False,4
exp_offer_nudge_v1,subj_04332,BMS Institute of Technology,True,v2.1,False,False,True,2026-09-12T09:00:00+05:30,treatment,True,False,False,False,False,1
exp_offer_nudge_v1,subj_04333,PES University,True,v2.1,False,False,False,2026-09-12T09:00:00+05:30,excluded,False,False,False,False,False,0
exp_offer_nudge_v1,subj_04334,RV College of Engineering,True,v2.1,False,False,True,2026-09-12T09:00:00+05:30,treatment,True,True,False,False,False,2
exp_offer_nudge_v1,subj_04335,CMR Institute of Technology,False,,False,False,False,2026-09-12T09:00:00+05:30,excluded,False,False,False,False,False,0
exp_offer_nudge_v1,subj_04336,New Horizon College of Engineering,True,v2.1,False,False,True,2026-09-12T09:00:00+05:30,treatment,True,True,False,False,False,2
exp_offer_nudge_v1,subj_04337,Dayananda Sagar College of Engineering,True,v2.1,False,False,True,2026-09-12T09:00:00+05:30,control,True,False,False,False,False,1
exp_offer_nudge_v1,subj_04338,BMS Institute of Technology,True,v2.1,False,False,True,2026-09-12T09:00:00+05:30,control,True,True,True,False,False,3
exp_offer_nudge_v1,subj_04339,PES University,True,v2.1,False,False,True,2026-09-12T09:00:00+05:30,treatment,True,False,False,False,False,1
exp_offer_nudge_v1,subj_04340,RV College of Engineering,True,v2.1,True,False,False,2026-09-12T09:00:00+05:30,excluded,False,False,False,False,False,0
exp_offer_nudge_v1,subj_04341,CMR Institute of Technology,True,v2.1,False,False,True,2026-09-12T09:00:00+05:30,treatment,True,False,False,False,False,1
exp_offer_nudge_v1,subj_04342,New Horizon College of Engineering,True,v2.1,False,False,True,2026-09-12T09:00:00+05:30,control,True,False,False,False,False,1
exp_offer_nudge_v1,subj_04343,Dayananda Sagar College of Engineering,True,v2.1,False,False,True,2026-09-12T09:00:00+05:30,treatment,True,False,False,False,False,1
exp_offer_nudge_v1,subj_04344,BMS Institute of Technology,True,v2.1,False,False,True,2026-09-12T09:00:00+05:30,treatment,True,False,False,False,False,1
exp_offer_nudge_v1,subj_04345,PES University,True,v2.1,False,False,True,2026-09-12T09:00:00+05:30,control,True,False,True,True,False,3
exp_offer_nudge_v1,subj_04346,RV College of Engineering,True,v2.1,False,False,True,2026-09-12T09:00:00+05:30,control,True,True,False,False,False,2
exp_offer_nudge_v1,subj_04347,CMR Institute of Technology,True,v2.1,False,True,False,2026-09-12T09:00:00+05:30,excluded,False,False,False,False,False,0
exp_offer_nudge_v1,subj_04348,New Horizon College of Engineering,True,v2.1,False,False,True,2026-09-12T09:00:00+05:30,treatment,True,False,True,True,False,3
exp_offer_nudge_v1,subj_04349,Dayananda Sagar College of Engineering,True,v2.1,False,False,True,2026-09-12T09:00:00+05:30,treatment,True,True,False,False,False,2
exp_offer_nudge_v1,subj_04350,BMS Institute of Technology,True,v2.1,False,False,False,2026-09-12T09:00:00+05:30,excluded,False,False,False,False,False,0
exp_offer_nudge_v1,subj_04351,PES University,True,v2.1,False,False,True,2026-09-12T09:00:00+05:30,control,True,False,False,False,False,1
exp_offer_nudge_v1,subj_04352,RV College of Engineering,True,v2.1,False,False,True,2026-09-12T09:00:00+05:30,treatment,True,False,False,False,False,1
exp_offer_nudge_v1,subj_04353,CMR Institute of Technology,True,v2.1,False,False,True,2026-09-12T09:00:00+05:30,treatment,True,False,False,False,False,1
exp_offer_nudge_v1,subj_04354,New Horizon College of Engineering,False,,False,False,False,2026-09-12T09:00:00+05:30,excluded,False,False,False,False,False,0
exp_offer_nudge_v1,subj_04355,Dayananda Sagar College of Engineering,True,v2.1,False,False,True,2026-09-12T09:00:00+05:30,control,True,False,False,False,False,1
exp_offer_nudge_v1,subj_04356,BMS Institute of Technology,True,v2.1,True,False,False,2026-09-12T09:00:00+05:30,excluded,False,False,False,False,False,0
exp_offer_nudge_v1,subj_04357,PES University,True,v2.1,False,False,False,2026-09-12T09:00:00+05:30,excluded,False,False,False,False,False,0
exp_offer_nudge_v1,subj_04358,RV College of Engineering,True,v2.1,False,False,True,2026-09-12T09:00:00+05:30,control,True,False,False,False,False,1
exp_offer_nudge_v1,subj_04359,CMR Institute of Technology,True,v2.1,False,False,True,2026-09-12T09:00:00+05:30,control,True,True,True,True,False,4
exp_offer_nudge_v1,subj_04360,New Horizon College of Engineering,True,v2.1,False,False,True,2026-09-12T09:00:00+05:30,control,True,True,False,False,False,2
exp_offer_nudge_v1,subj_04361,Dayananda Sagar College of Engineering,True,v2.1,False,False,True,2026-09-12T09:00:00+05:30,control,True,False,True,True,True,4
exp_offer_nudge_v1,subj_04362,BMS Institute of Technology,True,v2.1,False,False,True,2026-09-12T09:00:00+05:30,treatment,True,True,False,False,False,2
exp_offer_nudge_v1,subj_04363,PES University,True,v2.1,False,False,True,2026-09-12T09:00:00+05:30,excluded,False,False,False,False,False,0
exp_offer_nudge_v1,subj_04364,RV College of Engineering,True,v2.1,False,False,True,2026-09-12T09:00:00+05:30,control,True,False,False,False,False,1
exp_offer_nudge_v1,subj_04365,CMR Institute of Technology,True,v2.1,False,False,True,2026-09-12T09:00:00+05:30,treatment,True,False,False,False,False,1
exp_offer_nudge_v1,subj_04366,New Horizon College of Engineering,True,v2.1,False,True,False,2026-09-12T09:00:00+05:30,excluded,False,False,False,False,False,0
exp_offer_nudge_v1,subj_04367,Dayananda Sagar College of Engineering,True,v2.1,False,False,True,2026-09-12T09:00:00+05:30,control,True,False,False,False,False,1
exp_offer_nudge_v1,subj_04368,BMS Institute of Technology,True,v2.1,True,False,False,2026-09-12T09:00:00+05:30,excluded,False,False,False,False,False,0
exp_offer_nudge_v1,subj_04369,PES University,True,v2.1,False,False,True,2026-09-12T09:00:00+05:30,treatment,True,False,False,False,False,1
exp_offer_nudge_v1,subj_04370,RV College of Engineering,True,v2.1,False,False,True,2026-09-12T09:00:00+05:30,control,True,True,True,True,False,4
exp_offer_nudge_v1,subj_04371,CMR Institute of Technology,True,v2.1,False,False,False,2026-09-12T09:00:00+05:30,excluded,False,False,False,False,False,0
exp_offer_nudge_v1,subj_04372,New Horizon College of Engineering,True,v2.1,False,False,True,2026-09-12T09:00:00+05:30,control,True,False,True,False,False,2
exp_offer_nudge_v1,subj_04373,Dayananda Sagar College of Engineering,True,v2.1,True,False,False,2026-09-12T09:00:00+05:30,excluded,False,False,False,False,False,0
exp_offer_nudge_v1,subj_04374,BMS Institute of Technology,True,v2.1,False,False,True,2026-09-12T09:00:00+05:30,control,True,False,False,False,False,1
exp_offer_nudge_v1,subj_04375,PES University,True,v2.1,False,False,False,2026-09-12T09:00:00+05:30,excluded,False,False,False,False,False,0
exp_offer_nudge_v1,subj_04376,RV College of Engineering,True,v2.1,False,False,True,2026-09-12T09:00:00+05:30,control,True,False,True,True,False,3
exp_offer_nudge_v1,subj_04377,CMR Institute of Technology,True,v2.1,False,False,True,2026-09-12T09:00:00+05:30,treatment,True,False,True,True,False,3
exp_offer_nudge_v1,subj_04378,New Horizon College of Engineering,True,v2.1,False,False,True,2026-09-12T09:00:00+05:30,treatment,True,False,False,False,False,1
exp_offer_nudge_v1,subj_04379,Dayananda Sagar College of Engineering,True,v2.1,False,False,False,2026-09-12T09:00:00+05:30,excluded,False,False,False,False,False,0
exp_offer_nudge_v1,subj_04380,BMS Institute of Technology,True,v2.1,False,False,True,2026-09-12T09:00:00+05:30,control,True,False,False,False,False,1
exp_offer_nudge_v1,subj_04381,PES University,True,v2.1,False,False,True,2026-09-12T09:00:00+05:30,treatment,True,False,True,True,False,3
exp_offer_nudge_v1,subj_04382,RV College of Engineering,False,,False,False,False,2026-09-12T09:00:00+05:30,excluded,False,False,False,False,False,0
exp_offer_nudge_v1,subj_04383,CMR Institute of Technology,True,v2.1,False,False,True,2026-09-12T09:00:00+05:30,treatment,True,False,False,False,False,1
exp_offer_nudge_v1,subj_04384,New Horizon College of Engineering,True,v2.1,False,False,False,2026-09-12T09:00:00+05:30,excluded,False,False,False,False,False,0
exp_offer_nudge_v1,subj_04385,Dayananda Sagar College of Engineering,True,v2.1,False,False,True,2026-09-12T09:00:00+05:30,control,True,True,False,False,False,2
exp_offer_nudge_v1,subj_04386,BMS Institute of Technology,True,v2.1,False,True,False,2026-09-12T09:00:00+05:30,excluded,False,False,False,False,False,0
exp_offer_nudge_v1,subj_04387,PES University,True,v2.1,False,False,True,2026-09-12T09:00:00+05:30,treatment,True,False,False,False,False,1
exp_offer_nudge_v1,subj_04388,RV College of Engineering,True,v2.1,False,False,True,2026-09-12T09:00:00+05:30,treatment,True,False,False,False,False,1
exp_offer_nudge_v1,subj_04389,CMR Institute of Technology,True,v2.1,False,False,True,2026-09-12T09:00:00+05:30,control,True,False,False,False,False,1
exp_offer_nudge_v1,subj_04390,New Horizon College of Engineering,True,v2.1,False,False,True,2026-09-12T09:00:00+05:30,control,True,True,False,False,False,2
exp_offer_nudge_v1,subj_04391,Dayananda Sagar College of Engineering,True,v2.1,False,False,True,2026-09-12T09:00:00+05:30,treatment,True,True,False,False,False,2
exp_offer_nudge_v1,subj_04392,BMS Institute of Technology,True,v2.1,False,False,False,2026-09-12T09:00:00+05:30,excluded,False,False,False,False,False,0
exp_offer_nudge_v1,subj_04393,PES University,True,v2.1,False,False,True,2026-09-12T09:00:00+05:30,control,True,True,False,False,False,2
exp_offer_nudge_v1,subj_04394,RV College of Engineering,True,v2.1,False,False,False,2026-09-12T09:00:00+05:30,excluded,False,False,False,False,False,0
exp_offer_nudge_v1,subj_04395,CMR Institute of Technology,False,,False,False,False,2026-09-12T09:00:00+05:30,excluded,False,False,False,False,False,0
exp_offer_nudge_v1,subj_04396,New Horizon College of Engineering,True,v2.1,False,False,True,2026-09-12T09:00:00+05:30,control,True,True,True,True,False,4
exp_offer_nudge_v1,subj_04397,Dayananda Sagar College of Engineering,True,v2.1,False,False,True,2026-09-12T09:00:00+05:30,control,True,False,False,False,False,1
exp_offer_nudge_v1,subj_04398,BMS Institute of Technology,True,v2.1,False,False,True,2026-09-12T09:00:00+05:30,control,True,False,False,False,False,1
exp_offer_nudge_v1,subj_04399,PES University,True,v2.1,False,False,True,2026-09-12T09:00:00+05:30,control,True,False,False,False,False,1
exp_offer_nudge_v1,subj_04400,RV College of Engineering,True,v2.1,False,False,True,2026-09-12T09:00:00+05:30,control,True,False,False,False,False,1
exp_offer_nudge_v1,subj_04401,CMR Institute of Technology,True,v2.1,False,False,False,2026-09-12T09:00:00+05:30,excluded,False,False,False,False,False,0
exp_offer_nudge_v1,subj_04402,New Horizon College of Engineering,False,,False,False,False,2026-09-12T09:00:00+05:30,excluded,False,False,False,False,False,0
exp_offer_nudge_v1,subj_04403,Dayananda Sagar College of Engineering,True,v2.1,False,False,False,2026-09-12T09:00:00+05:30,excluded,False,False,False,False,False,0
exp_offer_nudge_v1,subj_04404,BMS Institute of Technology,True,v2.1,False,False,True,2026-09-12T09:00:00+05:30,control,True,False,False,False,False,1
exp_offer_nudge_v1,subj_04405,PES University,True,v2.1,False,False,True,2026-09-12T09:00:00+05:30,treatment,True,False,False,False,False,1
exp_offer_nudge_v1,subj_04406,RV College of Engineering,True,v2.1,False,False,True,2026-09-12T09:00:00+05:30,treatment,True,False,False,False,False,1
exp_offer_nudge_v1,subj_04407,CMR Institute of Technology,True,v2.1,False,False,True,2026-09-12T09:00:00+05:30,treatment,True,False,True,True,False,3
exp_offer_nudge_v1,subj_04408,New Horizon College of Engineering,True,v2.1,False,False,True,2026-09-12T09:00:00+05:30,control,True,False,False,False,False,1
exp_offer_nudge_v1,subj_04409,Dayananda Sagar College of Engineering,True,v2.1,False,False,True,2026-09-12T09:00:00+05:30,control,True,True,False,False,False,2
exp_offer_nudge_v1,subj_04410,BMS Institute of Technology,True,v2.1,False,False,True,2026-09-12T09:00:00+05:30,control,True,False,True,False,False,2
exp_offer_nudge_v1,subj_04411,PES University,True,v2.1,False,False,True,2026-09-12T09:00:00+05:30,control,True,False,False,False,False,1
exp_offer_nudge_v1,subj_04412,RV College of Engineering,True,v2.1,False,False,True,2026-09-12T09:00:00+05:30,control,True,False,True,False,False,2
exp_offer_nudge_v1,subj_04413,CMR Institute of Technology,True,v2.1,False,False,False,2026-09-12T09:00:00+05:30,excluded,False,False,False,False,False,0
exp_offer_nudge_v1,subj_04414,New Horizon College of Engineering,True,v2.1,True,False,False,2026-09-12T09:00:00+05:30,excluded,False,False,False,False,False,0
exp_offer_nudge_v1,subj_04415,Dayananda Sagar College of Engineering,True,v2.1,False,False,True,2026-09-12T09:00:00+05:30,treatment,True,True,True,True,True,5
exp_offer_nudge_v1,subj_04416,BMS Institute of Technology,True,v2.1,False,False,True,2026-09-12T09:00:00+05:30,excluded,False,False,False,False,False,0
exp_offer_nudge_v1,subj_04417,PES University,True,v2.1,False,True,False,2026-09-12T09:00:00+05:30,excluded,False,False,False,False,False,0
exp_offer_nudge_v1,subj_04418,RV College of Engineering,True,v2.1,False,False,True,2026-09-12T09:00:00+05:30,control,True,False,False,False,False,1
exp_offer_nudge_v1,subj_04419,CMR Institute of Technology,True,v2.1,False,False,True,2026-09-12T09:00:00+05:30,treatment,True,False,False,False,False,1
exp_offer_nudge_v1,subj_04420,New Horizon College of Engineering,True,v2.1,False,False,False,2026-09-12T09:00:00+05:30,excluded,False,False,False,False,False,0
exp_offer_nudge_v1,subj_04421,Dayananda Sagar College of Engineering,True,v2.1,False,False,True,2026-09-12T09:00:00+05:30,excluded,False,False,False,False,False,0
exp_offer_nudge_v1,subj_04422,BMS Institute of Technology,True,v2.1,False,False,True,2026-09-12T09:00:00+05:30,control,True,True,False,False,False,2
exp_offer_nudge_v1,subj_04423,PES University,True,v2.1,False,False,True,2026-09-12T09:00:00+05:30,treatment,True,False,True,False,False,2
exp_offer_nudge_v1,subj_04424,RV College of Engineering,True,v2.1,False,False,True,2026-09-12T09:00:00+05:30,control,True,True,False,False,False,2
exp_offer_nudge_v1,subj_04425,CMR Institute of Technology,True,v2.1,False,False,True,2026-09-12T09:00:00+05:30,control,True,False,False,False,False,1
exp_offer_nudge_v1,subj_04426,New Horizon College of Engineering,True,v2.1,False,False,False,2026-09-12T09:00:00+05:30,excluded,False,False,False,False,False,0
exp_offer_nudge_v1,subj_04427,Dayananda Sagar College of Engineering,True,v2.1,False,False,True,2026-09-12T09:00:00+05:30,treatment,True,False,False,False,False,1
exp_offer_nudge_v1,subj_04428,BMS Institute of Technology,True,v2.1,False,False,True,2026-09-12T09:00:00+05:30,control,True,True,False,False,False,2
exp_offer_nudge_v1,subj_04429,PES University,True,v2.1,False,False,True,2026-09-12T09:00:00+05:30,treatment,True,True,False,False,False,2
exp_offer_nudge_v1,subj_04430,RV College of Engineering,True,v2.1,False,False,True,2026-09-12T09:00:00+05:30,treatment,True,False,False,False,False,1
exp_offer_nudge_v1,subj_04431,CMR Institute of Technology,True,v2.1,False,False,True,2026-09-12T09:00:00+05:30,treatment,True,False,False,False,False,1
exp_offer_nudge_v1,subj_04432,New Horizon College of Engineering,True,v2.1,False,False,False,2026-09-12T09:00:00+05:30,excluded,False,False,False,False,False,0
exp_offer_nudge_v1,subj_04433,Dayananda Sagar College of Engineering,True,v2.1,False,False,True,2026-09-12T09:00:00+05:30,treatment,True,False,False,False,False,1
exp_offer_nudge_v1,subj_04434,BMS Institute of Technology,True,v2.1,False,False,True,2026-09-12T09:00:00+05:30,treatment,True,True,False,False,False,2
exp_offer_nudge_v1,subj_04435,PES University,True,v2.1,False,False,True,2026-09-12T09:00:00+05:30,treatment,True,True,False,False,False,2
exp_offer_nudge_v1,subj_04436,RV College of Engineering,True,v2.1,False,False,True,2026-09-12T09:00:00+05:30,control,True,True,False,False,False,2
exp_offer_nudge_v1,subj_04437,CMR Institute of Technology,True,v2.1,False,False,True,2026-09-12T09:00:00+05:30,control,True,False,False,False,False,1
exp_offer_nudge_v1,subj_04438,New Horizon College of Engineering,True,v2.1,False,False,True,2026-09-12T09:00:00+05:30,treatment,True,False,False,False,False,1
exp_offer_nudge_v1,subj_04439,Dayananda Sagar College of Engineering,True,v2.1,False,False,True,2026-09-12T09:00:00+05:30,treatment,True,False,False,False,False,1
exp_offer_nudge_v1,subj_04440,BMS Institute of Technology,True,v2.1,False,False,True,2026-09-12T09:00:00+05:30,control,True,False,False,False,False,1
exp_offer_nudge_v1,subj_04441,PES University,True,v2.1,False,False,True,2026-09-12T09:00:00+05:30,treatment,True,False,False,False,False,1
exp_offer_nudge_v1,subj_04442,RV College of Engineering,True,v2.1,False,False,False,2026-09-12T09:00:00+05:30,excluded,False,False,False,False,False,0
exp_offer_nudge_v1,subj_04443,CMR Institute of Technology,True,v2.1,False,False,True,2026-09-12T09:00:00+05:30,control,True,False,False,False,False,1
exp_offer_nudge_v1,subj_04444,New Horizon College of Engineering,True,v2.1,False,False,True,2026-09-12T09:00:00+05:30,treatment,True,False,False,False,False,1
exp_offer_nudge_v1,subj_04445,Dayananda Sagar College of Engineering,True,v2.1,False,False,True,2026-09-12T09:00:00+05:30,treatment,True,True,False,False,False,2
exp_offer_nudge_v1,subj_04446,BMS Institute of Technology,True,v2.1,False,False,True,2026-09-12T09:00:00+05:30,control,True,False,False,False,False,1
exp_offer_nudge_v1,subj_04447,PES University,True,v2.1,False,False,True,2026-09-12T09:00:00+05:30,treatment,True,True,False,False,False,2
exp_offer_nudge_v1,subj_04448,RV College of Engineering,True,v2.1,False,False,True,2026-09-12T09:00:00+05:30,control,True,False,False,False,False,1
exp_offer_nudge_v1,subj_04449,CMR Institute of Technology,True,v2.1,False,False,True,2026-09-12T09:00:00+05:30,control,True,True,True,True,True,5
exp_offer_nudge_v1,subj_04450,New Horizon College of Engineering,True,v2.1,False,False,True,2026-09-12T09:00:00+05:30,treatment,True,False,False,False,False,1
exp_offer_nudge_v1,subj_04451,Dayananda Sagar College of Engineering,True,v2.1,False,False,True,2026-09-12T09:00:00+05:30,control,True,False,False,False,False,1
exp_offer_nudge_v1,subj_04452,BMS Institute of Technology,True,v2.1,False,False,True,2026-09-12T09:00:00+05:30,control,True,False,False,False,False,1
exp_offer_nudge_v1,subj_04453,PES University,False,,False,False,False,2026-09-12T09:00:00+05:30,excluded,False,False,False,False,False,0
exp_offer_nudge_v1,subj_04454,RV College of Engineering,True,v2.1,False,False,True,2026-09-12T09:00:00+05:30,treatment,True,False,False,False,False,1
exp_offer_nudge_v1,subj_04455,CMR Institute of Technology,True,v2.1,False,False,True,2026-09-12T09:00:00+05:30,control,True,True,False,False,False,2
exp_offer_nudge_v1,subj_04456,New Horizon College of Engineering,True,v2.1,False,False,False,2026-09-12T09:00:00+05:30,excluded,False,False,False,False,False,0
exp_offer_nudge_v1,subj_04457,Dayananda Sagar College of Engineering,True,v2.1,False,False,True,2026-09-12T09:00:00+05:30,treatment,True,False,False,False,False,1
exp_offer_nudge_v1,subj_04458,BMS Institute of Technology,True,v2.1,False,False,True,2026-09-12T09:00:00+05:30,treatment,True,False,False,False,False,1
exp_offer_nudge_v1,subj_04459,PES University,True,v2.1,False,False,True,2026-09-12T09:00:00+05:30,treatment,True,False,False,False,False,1
exp_offer_nudge_v1,subj_04460,RV College of Engineering,True,v2.1,False,False,True,2026-09-12T09:00:00+05:30,control,True,True,False,False,False,2
exp_offer_nudge_v1,subj_04461,CMR Institute of Technology,True,v2.1,False,False,True,2026-09-12T09:00:00+05:30,treatment,True,False,False,False,False,1
exp_offer_nudge_v1,subj_04462,New Horizon College of Engineering,True,v2.1,False,False,True,2026-09-12T09:00:00+05:30,control,True,True,False,False,False,2
exp_offer_nudge_v1,subj_04463,Dayananda Sagar College of Engineering,True,v2.1,False,False,True,2026-09-12T09:00:00+05:30,treatment,True,True,True,True,True,5
exp_offer_nudge_v1,subj_04464,BMS Institute of Technology,True,v2.1,False,False,True,2026-09-12T09:00:00+05:30,control,True,True,True,False,False,3
exp_offer_nudge_v1,subj_04465,PES University,True,v2.1,False,False,True,2026-09-12T09:00:00+05:30,control,True,True,False,False,False,2
exp_offer_nudge_v1,subj_04466,RV College of Engineering,True,v2.1,False,False,True,2026-09-12T09:00:00+05:30,treatment,True,True,True,False,False,3
exp_offer_nudge_v1,subj_04467,CMR Institute of Technology,True,v2.1,False,False,True,2026-09-12T09:00:00+05:30,control,True,True,False,False,False,2
exp_offer_nudge_v1,subj_04468,New Horizon College of Engineering,True,v2.1,False,False,True,2026-09-12T09:00:00+05:30,treatment,True,False,False,False,False,1
exp_offer_nudge_v1,subj_04469,Dayananda Sagar College of Engineering,True,v2.1,False,False,True,2026-09-12T09:00:00+05:30,treatment,True,True,False,False,False,2
exp_offer_nudge_v1,subj_04470,BMS Institute of Technology,True,v2.1,False,False,True,2026-09-12T09:00:00+05:30,control,True,False,False,False,False,1
exp_offer_nudge_v1,subj_04471,PES University,True,v2.1,False,False,True,2026-09-12T09:00:00+05:30,treatment,True,True,False,False,False,2
exp_offer_nudge_v1,subj_04472,RV College of Engineering,True,v2.1,False,False,True,2026-09-12T09:00:00+05:30,control,True,False,False,False,False,1
exp_offer_nudge_v1,subj_04473,CMR Institute of Technology,True,v2.1,False,False,True,2026-09-12T09:00:00+05:30,treatment,True,False,False,False,False,1
exp_offer_nudge_v1,subj_04474,New Horizon College of Engineering,True,v2.1,False,False,True,2026-09-12T09:00:00+05:30,treatment,True,False,False,False,False,1
exp_offer_nudge_v1,subj_04475,Dayananda Sagar College of Engineering,True,v2.1,False,False,True,2026-09-12T09:00:00+05:30,treatment,True,False,False,False,False,1
exp_offer_nudge_v1,subj_04476,BMS Institute of Technology,True,v2.1,False,False,True,2026-09-12T09:00:00+05:30,treatment,True,False,False,False,False,1
exp_offer_nudge_v1,subj_04477,PES University,True,v2.1,False,False,True,2026-09-12T09:00:00+05:30,treatment,True,False,True,True,True,4
exp_offer_nudge_v1,subj_04478,RV College of Engineering,True,v2.1,False,False,True,2026-09-12T09:00:00+05:30,treatment,True,False,False,False,False,1
exp_offer_nudge_v1,subj_04479,CMR Institute of Technology,True,v2.1,False,False,True,2026-09-12T09:00:00+05:30,treatment,True,False,False,False,False,1
exp_offer_nudge_v1,subj_04480,New Horizon College of Engineering,True,v2.1,False,False,True,2026-09-12T09:00:00+05:30,control,True,False,False,False,False,1
exp_offer_nudge_v1,subj_04481,Dayananda Sagar College of Engineering,True,v2.1,False,False,True,2026-09-12T09:00:00+05:30,control,True,True,False,False,False,2
exp_offer_nudge_v1,subj_04482,BMS Institute of Technology,True,v2.1,False,False,True,2026-09-12T09:00:00+05:30,treatment,True,False,False,False,False,1
exp_offer_nudge_v1,subj_04483,PES University,True,v2.1,False,False,True,2026-09-12T09:00:00+05:30,treatment,True,False,True,True,False,3
exp_offer_nudge_v1,subj_04484,RV College of Engineering,True,v2.1,False,False,True,2026-09-12T09:00:00+05:30,control,True,False,False,False,False,1
exp_offer_nudge_v1,subj_04485,CMR Institute of Technology,True,v2.1,False,False,True,2026-09-12T09:00:00+05:30,treatment,True,True,True,True,False,4
exp_offer_nudge_v1,subj_04486,New Horizon College of Engineering,True,v2.1,False,False,True,2026-09-12T09:00:00+05:30,treatment,True,True,False,False,False,2
exp_offer_nudge_v1,subj_04487,Dayananda Sagar College of Engineering,True,v2.1,False,False,True,2026-09-12T09:00:00+05:30,control,True,False,False,False,False,1
exp_offer_nudge_v1,subj_04488,BMS Institute of Technology,True,v2.1,False,False,False,2026-09-12T09:00:00+05:30,excluded,False,False,False,False,False,0
exp_offer_nudge_v1,subj_04489,PES University,True,v2.1,False,False,True,2026-09-12T09:00:00+05:30,treatment,True,False,True,True,True,4
exp_offer_nudge_v1,subj_04490,RV College of Engineering,True,v2.1,False,False,True,2026-09-12T09:00:00+05:30,treatment,True,False,False,False,False,1
exp_offer_nudge_v1,subj_04491,CMR Institute of Technology,True,v2.1,False,False,True,2026-09-12T09:00:00+05:30,treatment,True,False,False,False,False,1
exp_offer_nudge_v1,subj_04492,New Horizon College of Engineering,True,v2.1,False,False,False,2026-09-12T09:00:00+05:30,excluded,False,False,False,False,False,0
exp_offer_nudge_v1,subj_04493,Dayananda Sagar College of Engineering,True,v2.1,False,False,True,2026-09-12T09:00:00+05:30,control,True,False,True,True,True,4
exp_offer_nudge_v1,subj_04494,BMS Institute of Technology,True,v2.1,True,False,False,2026-09-12T09:00:00+05:30,excluded,False,False,False,False,False,0
exp_offer_nudge_v1,subj_04495,PES University,True,v2.1,False,False,True,2026-09-12T09:00:00+05:30,treatment,True,False,False,False,False,1
exp_offer_nudge_v1,subj_04496,RV College of Engineering,True,v2.1,False,False,True,2026-09-12T09:00:00+05:30,control,True,True,False,False,False,2
exp_offer_nudge_v1,subj_04497,CMR Institute of Technology,True,v2.1,False,False,True,2026-09-12T09:00:00+05:30,treatment,True,False,False,False,False,1
exp_offer_nudge_v1,subj_04498,New Horizon College of Engineering,True,v2.1,False,False,True,2026-09-12T09:00:00+05:30,control,True,True,False,False,False,2
exp_offer_nudge_v1,subj_04499,Dayananda Sagar College of Engineering,True,v2.1,False,False,True,2026-09-12T09:00:00+05:30,control,True,True,False,False,False,2
exp_offer_nudge_v1,subj_04500,BMS Institute of Technology,True,v2.1,False,False,True,2026-09-12T09:00:00+05:30,treatment,True,False,True,True,True,4
exp_offer_nudge_v1,subj_04501,PES University,True,v2.1,False,False,True,2026-09-12T09:00:00+05:30,treatment,True,False,False,False,False,1
exp_offer_nudge_v1,subj_04502,RV College of Engineering,True,v2.1,False,False,True,2026-09-12T09:00:00+05:30,control,True,False,False,False,False,1
exp_offer_nudge_v1,subj_04503,CMR Institute of Technology,True,v2.1,False,False,True,2026-09-12T09:00:00+05:30,control,True,True,False,False,False,2
exp_offer_nudge_v1,subj_04504,New Horizon College of Engineering,True,v2.1,False,False,True,2026-09-12T09:00:00+05:30,control,True,False,False,False,False,1
exp_offer_nudge_v1,subj_04505,Dayananda Sagar College of Engineering,True,v2.1,False,False,True,2026-09-12T09:00:00+05:30,control,True,False,False,False,False,1
exp_offer_nudge_v1,subj_04506,BMS Institute of Technology,True,v2.1,False,False,True,2026-09-12T09:00:00+05:30,treatment,True,False,False,False,False,1
exp_offer_nudge_v1,subj_04507,PES University,True,v2.1,False,False,True,2026-09-12T09:00:00+05:30,treatment,True,False,False,False,False,1
exp_offer_nudge_v1,subj_04508,RV College of Engineering,True,v2.1,False,False,True,2026-09-12T09:00:00+05:30,control,True,True,False,False,False,2
exp_offer_nudge_v1,subj_04509,CMR Institute of Technology,True,v2.1,False,False,True,2026-09-12T09:00:00+05:30,treatment,True,False,False,False,False,1
exp_offer_nudge_v1,subj_04510,New Horizon College of Engineering,True,v2.1,False,False,True,2026-09-12T09:00:00+05:30,control,True,False,True,True,False,3
exp_offer_nudge_v1,subj_04511,Dayananda Sagar College of Engineering,True,v2.1,False,False,True,2026-09-12T09:00:00+05:30,treatment,True,True,False,False,False,2
exp_offer_nudge_v1,subj_04512,BMS Institute of Technology,True,v2.1,False,False,True,2026-09-12T09:00:00+05:30,treatment,True,False,False,False,False,1
exp_offer_nudge_v1,subj_04513,PES University,True,v2.1,False,False,True,2026-09-12T09:00:00+05:30,control,True,True,True,False,False,3
exp_offer_nudge_v1,subj_04514,RV College of Engineering,True,v2.1,False,False,True,2026-09-12T09:00:00+05:30,treatment,True,False,False,False,False,1
exp_offer_nudge_v1,subj_04515,CMR Institute of Technology,True,v2.1,False,False,True,2026-09-12T09:00:00+05:30,control,True,False,False,False,False,1
exp_offer_nudge_v1,subj_04516,New Horizon College of Engineering,True,v2.1,False,False,True,2026-09-12T09:00:00+05:30,treatment,True,False,False,False,False,1
exp_offer_nudge_v1,subj_04517,Dayananda Sagar College of Engineering,True,v2.1,False,False,True,2026-09-12T09:00:00+05:30,treatment,True,True,False,False,False,2
exp_offer_nudge_v1,subj_04518,BMS Institute of Technology,True,v2.1,False,False,True,2026-09-12T09:00:00+05:30,treatment,True,False,False,False,False,1
exp_offer_nudge_v1,subj_04519,PES University,True,v2.1,False,False,False,2026-09-12T09:00:00+05:30,excluded,False,False,False,False,False,0
exp_offer_nudge_v1,subj_04520,RV College of Engineering,True,v2.1,False,False,True,2026-09-12T09:00:00+05:30,treatment,True,False,False,False,False,1
exp_offer_nudge_v1,subj_04521,CMR Institute of Technology,True,v2.1,False,False,True,2026-09-12T09:00:00+05:30,treatment,True,True,False,False,False,2
exp_offer_nudge_v1,subj_04522,New Horizon College of Engineering,True,v2.1,False,False,True,2026-09-12T09:00:00+05:30,treatment,True,True,True,True,True,5
exp_offer_nudge_v1,subj_04523,Dayananda Sagar College of Engineering,True,v2.1,False,False,True,2026-09-12T09:00:00+05:30,control,True,False,False,False,False,1
exp_offer_nudge_v1,subj_04524,BMS Institute of Technology,True,v2.1,False,False,True,2026-09-12T09:00:00+05:30,control,True,False,False,False,False,1
exp_offer_nudge_v1,subj_04525,PES University,True,v2.1,False,False,True,2026-09-12T09:00:00+05:30,treatment,True,True,True,False,False,3
exp_offer_nudge_v1,subj_04526,RV College of Engineering,True,v2.1,False,False,True,2026-09-12T09:00:00+05:30,treatment,True,True,True,True,False,4
exp_offer_nudge_v1,subj_04527,CMR Institute of Technology,True,v2.1,False,False,True,2026-09-12T09:00:00+05:30,control,True,False,False,False,False,1
exp_offer_nudge_v1,subj_04528,New Horizon College of Engineering,True,v2.1,False,False,True,2026-09-12T09:00:00+05:30,control,True,False,False,False,False,1
exp_offer_nudge_v1,subj_04529,Dayananda Sagar College of Engineering,True,v2.1,False,False,True,2026-09-12T09:00:00+05:30,control,True,True,False,False,False,2
exp_offer_nudge_v1,subj_04530,BMS Institute of Technology,True,v2.1,False,False,False,2026-09-12T09:00:00+05:30,excluded,False,False,False,False,False,0
exp_offer_nudge_v1,subj_04531,PES University,False,,False,False,False,2026-09-12T09:00:00+05:30,excluded,False,False,False,False,False,0
exp_offer_nudge_v1,subj_04532,RV College of Engineering,True,v2.1,True,False,False,2026-09-12T09:00:00+05:30,excluded,False,False,False,False,False,0
exp_offer_nudge_v1,subj_04533,CMR Institute of Technology,True,v2.1,False,False,True,2026-09-12T09:00:00+05:30,treatment,True,False,False,False,False,1
exp_offer_nudge_v1,subj_04534,New Horizon College of Engineering,True,v2.1,False,False,True,2026-09-12T09:00:00+05:30,control,True,False,False,False,False,1
exp_offer_nudge_v1,subj_04535,Dayananda Sagar College of Engineering,True,v2.1,False,False,True,2026-09-12T09:00:00+05:30,control,True,False,False,False,False,1
exp_offer_nudge_v1,subj_04536,BMS Institute of Technology,True,v2.1,False,False,True,2026-09-12T09:00:00+05:30,treatment,True,False,False,False,False,1
exp_offer_nudge_v1,subj_04537,PES University,True,v2.1,False,False,True,2026-09-12T09:00:00+05:30,control,True,False,True,True,False,3
exp_offer_nudge_v1,subj_04538,RV College of Engineering,True,v2.1,False,False,True,2026-09-12T09:00:00+05:30,treatment,True,True,True,True,True,5
exp_offer_nudge_v1,subj_04539,CMR Institute of Technology,True,v2.1,False,False,True,2026-09-12T09:00:00+05:30,control,True,False,False,False,False,1
exp_offer_nudge_v1,subj_04540,New Horizon College of Engineering,True,v2.1,False,False,True,2026-09-12T09:00:00+05:30,control,True,False,False,False,False,1
exp_offer_nudge_v1,subj_04541,Dayananda Sagar College of Engineering,True,v2.1,False,False,True,2026-09-12T09:00:00+05:30,control,True,False,True,False,False,2
exp_offer_nudge_v1,subj_04542,BMS Institute of Technology,True,v2.1,False,False,True,2026-09-12T09:00:00+05:30,control,True,False,False,False,False,1
exp_offer_nudge_v1,subj_04543,PES University,False,,True,False,False,2026-09-12T09:00:00+05:30,excluded,False,False,False,False,False,0
exp_offer_nudge_v1,subj_04544,RV College of Engineering,True,v2.1,False,False,True,2026-09-12T09:00:00+05:30,treatment,True,False,True,True,True,4
exp_offer_nudge_v1,subj_04545,CMR Institute of Technology,True,v2.1,False,False,True,2026-09-12T09:00:00+05:30,treatment,True,False,True,False,False,2
exp_offer_nudge_v1,subj_04546,New Horizon College of Engineering,True,v2.1,False,False,False,2026-09-12T09:00:00+05:30,excluded,False,False,False,False,False,0
exp_offer_nudge_v1,subj_04547,Dayananda Sagar College of Engineering,True,v2.1,False,False,True,2026-09-12T09:00:00+05:30,control,True,False,False,False,False,1
exp_offer_nudge_v1,subj_04548,BMS Institute of Technology,True,v2.1,False,False,True,2026-09-12T09:00:00+05:30,treatment,True,False,False,False,False,1
exp_offer_nudge_v1,subj_04549,PES University,True,v2.1,False,False,True,2026-09-12T09:00:00+05:30,control,True,False,False,False,False,1
exp_offer_nudge_v1,subj_04550,RV College of Engineering,True,v2.1,False,False,True,2026-09-12T09:00:00+05:30,control,True,False,False,False,False,1
exp_offer_nudge_v1,subj_04551,CMR Institute of Technology,True,v2.1,False,False,True,2026-09-12T09:00:00+05:30,treatment,True,False,False,False,False,1
exp_offer_nudge_v1,subj_04552,New Horizon College of Engineering,True,v2.1,False,False,True,2026-09-12T09:00:00+05:30,treatment,True,False,False,False,False,1
exp_offer_nudge_v1,subj_04553,Dayananda Sagar College of Engineering,True,v2.1,False,False,True,2026-09-12T09:00:00+05:30,treatment,True,False,False,False,False,1
exp_offer_nudge_v1,subj_04554,BMS Institute of Technology,True,v2.1,False,False,True,2026-09-12T09:00:00+05:30,treatment,True,True,True,False,False,3
exp_offer_nudge_v1,subj_04555,PES University,True,v2.1,False,False,False,2026-09-12T09:00:00+05:30,excluded,False,False,False,False,False,0
exp_offer_nudge_v1,subj_04556,RV College of Engineering,True,v2.1,False,False,False,2026-09-12T09:00:00+05:30,excluded,False,False,False,False,False,0
exp_offer_nudge_v1,subj_04557,CMR Institute of Technology,True,v2.1,False,False,False,2026-09-12T09:00:00+05:30,excluded,False,False,False,False,False,0
exp_offer_nudge_v1,subj_04558,New Horizon College of Engineering,True,v2.1,False,False,True,2026-09-12T09:00:00+05:30,treatment,True,False,False,False,False,1
exp_offer_nudge_v1,subj_04559,Dayananda Sagar College of Engineering,True,v2.1,False,False,True,2026-09-12T09:00:00+05:30,treatment,True,False,False,False,False,1
exp_offer_nudge_v1,subj_04560,BMS Institute of Technology,True,v2.1,False,False,True,2026-09-12T09:00:00+05:30,treatment,True,True,False,False,False,2
exp_offer_nudge_v1,subj_04561,PES University,True,v2.1,False,False,True,2026-09-12T09:00:00+05:30,treatment,True,False,False,False,False,1
exp_offer_nudge_v1,subj_04562,RV College of Engineering,True,v2.1,False,False,True,2026-09-12T09:00:00+05:30,control,True,False,False,False,False,1
exp_offer_nudge_v1,subj_04563,CMR Institute of Technology,True,v2.1,False,False,False,2026-09-12T09:00:00+05:30,excluded,False,False,False,False,False,0
exp_offer_nudge_v1,subj_04564,New Horizon College of Engineering,True,v2.1,False,False,True,2026-09-12T09:00:00+05:30,treatment,True,False,False,False,False,1
exp_offer_nudge_v1,subj_04565,Dayananda Sagar College of Engineering,True,v2.1,False,False,True,2026-09-12T09:00:00+05:30,excluded,False,False,False,False,False,0
exp_offer_nudge_v1,subj_04566,BMS Institute of Technology,True,v2.1,False,False,True,2026-09-12T09:00:00+05:30,control,True,False,False,False,False,1
exp_offer_nudge_v1,subj_04567,PES University,True,v2.1,False,False,True,2026-09-12T09:00:00+05:30,control,True,False,False,False,False,1
exp_offer_nudge_v1,subj_04568,RV College of Engineering,True,v2.1,False,False,True,2026-09-12T09:00:00+05:30,treatment,True,True,False,False,False,2
exp_offer_nudge_v1,subj_04569,CMR Institute of Technology,True,v2.1,False,False,True,2026-09-12T09:00:00+05:30,treatment,True,True,False,False,False,2
exp_offer_nudge_v1,subj_04570,New Horizon College of Engineering,True,v2.1,False,False,True,2026-09-12T09:00:00+05:30,treatment,True,True,False,False,False,2
exp_offer_nudge_v1,subj_04571,Dayananda Sagar College of Engineering,True,v2.1,False,False,True,2026-09-12T09:00:00+05:30,control,True,False,False,False,False,1
exp_offer_nudge_v1,subj_04572,BMS Institute of Technology,True,v2.1,False,False,False,2026-09-12T09:00:00+05:30,excluded,False,False,False,False,False,0
exp_offer_nudge_v1,subj_04573,PES University,True,v2.1,False,False,True,2026-09-12T09:00:00+05:30,control,True,False,False,False,False,1
exp_offer_nudge_v1,subj_04574,RV College of Engineering,True,v2.1,False,False,True,2026-09-12T09:00:00+05:30,control,True,False,False,False,False,1
exp_offer_nudge_v1,subj_04575,CMR Institute of Technology,True,v2.1,False,False,True,2026-09-12T09:00:00+05:30,treatment,True,False,False,False,False,1
exp_offer_nudge_v1,subj_04576,New Horizon College of Engineering,True,v2.1,False,False,True,2026-09-12T09:00:00+05:30,treatment,True,False,True,False,False,2
exp_offer_nudge_v1,subj_04577,Dayananda Sagar College of Engineering,False,,False,False,False,2026-09-12T09:00:00+05:30,excluded,False,False,False,False,False,0
exp_offer_nudge_v1,subj_04578,BMS Institute of Technology,True,v2.1,False,False,True,2026-09-12T09:00:00+05:30,control,True,False,True,True,False,3
exp_offer_nudge_v1,subj_04579,PES University,True,v2.1,False,False,True,2026-09-12T09:00:00+05:30,treatment,True,True,True,True,False,4
exp_offer_nudge_v1,subj_04580,RV College of Engineering,True,v2.1,False,False,True,2026-09-12T09:00:00+05:30,treatment,True,False,True,False,False,2
exp_offer_nudge_v1,subj_04581,CMR Institute of Technology,True,v2.1,False,False,True,2026-09-12T09:00:00+05:30,control,True,True,False,False,False,2
exp_offer_nudge_v1,subj_04582,New Horizon College of Engineering,True,v2.1,False,True,False,2026-09-12T09:00:00+05:30,excluded,False,False,False,False,False,0
exp_offer_nudge_v1,subj_04583,Dayananda Sagar College of Engineering,True,v2.1,False,False,True,2026-09-12T09:00:00+05:30,treatment,True,False,False,False,False,1
exp_offer_nudge_v1,subj_04584,BMS Institute of Technology,True,v2.1,False,False,True,2026-09-12T09:00:00+05:30,control,True,False,False,False,False,1
exp_offer_nudge_v1,subj_04585,PES University,True,v2.1,False,False,True,2026-09-12T09:00:00+05:30,control,True,False,False,False,False,1
exp_offer_nudge_v1,subj_04586,RV College of Engineering,True,v2.1,False,False,True,2026-09-12T09:00:00+05:30,treatment,True,False,False,False,False,1
exp_offer_nudge_v1,subj_04587,CMR Institute of Technology,True,v2.1,False,False,True,2026-09-12T09:00:00+05:30,treatment,True,False,True,False,False,2
exp_offer_nudge_v1,subj_04588,New Horizon College of Engineering,True,v2.1,False,False,True,2026-09-12T09:00:00+05:30,treatment,True,True,False,False,False,2
exp_offer_nudge_v1,subj_04589,Dayananda Sagar College of Engineering,True,v2.1,False,False,True,2026-09-12T09:00:00+05:30,treatment,True,True,False,False,False,2
exp_offer_nudge_v1,subj_04590,BMS Institute of Technology,True,v2.1,False,False,True,2026-09-12T09:00:00+05:30,treatment,True,False,False,False,False,1
exp_offer_nudge_v1,subj_04591,PES University,True,v2.1,False,False,False,2026-09-12T09:00:00+05:30,excluded,False,False,False,False,False,0
exp_offer_nudge_v1,subj_04592,RV College of Engineering,True,v2.1,False,False,True,2026-09-12T09:00:00+05:30,treatment,True,True,False,False,False,2
exp_offer_nudge_v1,subj_04593,CMR Institute of Technology,False,,False,False,False,2026-09-12T09:00:00+05:30,excluded,False,False,False,False,False,0
exp_offer_nudge_v1,subj_04594,New Horizon College of Engineering,True,v2.1,False,False,True,2026-09-12T09:00:00+05:30,treatment,True,True,False,False,False,2
exp_offer_nudge_v1,subj_04595,Dayananda Sagar College of Engineering,True,v2.1,False,False,True,2026-09-12T09:00:00+05:30,control,True,False,False,False,False,1
exp_offer_nudge_v1,subj_04596,BMS Institute of Technology,True,v2.1,False,False,True,2026-09-12T09:00:00+05:30,control,True,False,False,False,False,1
exp_offer_nudge_v1,subj_04597,PES University,True,v2.1,False,False,True,2026-09-12T09:00:00+05:30,control,True,False,False,False,False,1
exp_offer_nudge_v1,subj_04598,RV College of Engineering,True,v2.1,False,False,True,2026-09-12T09:00:00+05:30,control,True,True,False,False,False,2
exp_offer_nudge_v1,subj_04599,CMR Institute of Technology,True,v2.1,False,False,False,2026-09-12T09:00:00+05:30,excluded,False,False,False,False,False,0
exp_offer_nudge_v1,subj_04600,New Horizon College of Engineering,True,v2.1,False,False,True,2026-09-12T09:00:00+05:30,treatment,True,False,False,False,False,1
exp_offer_nudge_v1,subj_04601,Dayananda Sagar College of Engineering,True,v2.1,False,False,True,2026-09-12T09:00:00+05:30,treatment,True,False,True,True,True,4
exp_offer_nudge_v1,subj_04602,BMS Institute of Technology,True,v2.1,False,False,True,2026-09-12T09:00:00+05:30,treatment,True,False,False,False,False,1
exp_offer_nudge_v1,subj_04603,PES University,True,v2.1,False,False,True,2026-09-12T09:00:00+05:30,control,True,True,False,False,False,2
exp_offer_nudge_v1,subj_04604,RV College of Engineering,True,v2.1,False,False,True,2026-09-12T09:00:00+05:30,treatment,True,True,True,True,False,4
exp_offer_nudge_v1,subj_04605,CMR Institute of Technology,True,v2.1,False,False,True,2026-09-12T09:00:00+05:30,control,True,True,False,False,False,2
exp_offer_nudge_v1,subj_04606,New Horizon College of Engineering,True,v2.1,False,False,True,2026-09-12T09:00:00+05:30,treatment,True,False,False,False,False,1
exp_offer_nudge_v1,subj_04607,Dayananda Sagar College of Engineering,True,v2.1,False,False,True,2026-09-12T09:00:00+05:30,treatment,True,True,False,False,False,2
exp_offer_nudge_v1,subj_04608,BMS Institute of Technology,True,v2.1,False,False,True,2026-09-12T09:00:00+05:30,control,True,True,False,False,False,2
exp_offer_nudge_v1,subj_04609,PES University,True,v2.1,False,False,True,2026-09-12T09:00:00+05:30,treatment,True,False,False,False,False,1
exp_offer_nudge_v1,subj_04610,RV College of Engineering,True,v2.1,False,False,True,2026-09-12T09:00:00+05:30,treatment,True,True,False,False,False,2
exp_offer_nudge_v1,subj_04611,CMR Institute of Technology,True,v2.1,True,False,False,2026-09-12T09:00:00+05:30,excluded,False,False,False,False,False,0
exp_offer_nudge_v1,subj_04612,New Horizon College of Engineering,True,v2.1,False,False,True,2026-09-12T09:00:00+05:30,control,True,False,False,False,False,1
exp_offer_nudge_v1,subj_04613,Dayananda Sagar College of Engineering,True,v2.1,False,False,True,2026-09-12T09:00:00+05:30,control,True,False,False,False,False,1
exp_offer_nudge_v1,subj_04614,BMS Institute of Technology,True,v2.1,False,False,True,2026-09-12T09:00:00+05:30,control,True,False,False,False,False,1
exp_offer_nudge_v1,subj_04615,PES University,True,v2.1,False,False,True,2026-09-12T09:00:00+05:30,treatment,True,False,False,False,False,1
exp_offer_nudge_v1,subj_04616,RV College of Engineering,True,v2.1,False,False,False,2026-09-12T09:00:00+05:30,excluded,False,False,False,False,False,0
exp_offer_nudge_v1,subj_04617,CMR Institute of Technology,True,v2.1,False,False,True,2026-09-12T09:00:00+05:30,control,True,True,False,False,False,2
exp_offer_nudge_v1,subj_04618,New Horizon College of Engineering,True,v2.1,False,False,False,2026-09-12T09:00:00+05:30,excluded,False,False,False,False,False,0
exp_offer_nudge_v1,subj_04619,Dayananda Sagar College of Engineering,True,v2.1,False,False,False,2026-09-12T09:00:00+05:30,excluded,False,False,False,False,False,0
exp_offer_nudge_v1,subj_04620,BMS Institute of Technology,True,v2.1,False,False,True,2026-09-12T09:00:00+05:30,control,True,False,True,False,False,2
exp_offer_nudge_v1,subj_04621,PES University,True,v2.1,False,False,True,2026-09-12T09:00:00+05:30,control,True,False,False,False,False,1
exp_offer_nudge_v1,subj_04622,RV College of Engineering,True,v2.1,False,False,True,2026-09-12T09:00:00+05:30,control,True,False,True,True,True,4
exp_offer_nudge_v1,subj_04623,CMR Institute of Technology,True,v2.1,False,False,True,2026-09-12T09:00:00+05:30,treatment,True,False,False,False,False,1
exp_offer_nudge_v1,subj_04624,New Horizon College of Engineering,True,v2.1,False,False,True,2026-09-12T09:00:00+05:30,control,True,True,False,False,False,2
exp_offer_nudge_v1,subj_04625,Dayananda Sagar College of Engineering,True,v2.1,False,False,True,2026-09-12T09:00:00+05:30,treatment,True,False,False,False,False,1
exp_offer_nudge_v1,subj_04626,BMS Institute of Technology,False,,False,False,False,2026-09-12T09:00:00+05:30,excluded,False,False,False,False,False,0
exp_offer_nudge_v1,subj_04627,PES University,True,v2.1,False,False,True,2026-09-12T09:00:00+05:30,control,True,False,False,False,False,1
exp_offer_nudge_v1,subj_04628,RV College of Engineering,True,v2.1,False,False,True,2026-09-12T09:00:00+05:30,treatment,True,False,False,False,False,1
exp_offer_nudge_v1,subj_04629,CMR Institute of Technology,False,,False,False,False,2026-09-12T09:00:00+05:30,excluded,False,False,False,False,False,0
exp_offer_nudge_v1,subj_04630,New Horizon College of Engineering,True,v2.1,False,False,True,2026-09-12T09:00:00+05:30,control,True,True,True,False,False,3
exp_offer_nudge_v1,subj_04631,Dayananda Sagar College of Engineering,True,v2.1,False,False,True,2026-09-12T09:00:00+05:30,control,True,False,True,True,False,3
exp_offer_nudge_v1,subj_04632,BMS Institute of Technology,True,v2.1,False,False,True,2026-09-12T09:00:00+05:30,control,True,False,False,False,False,1
exp_offer_nudge_v1,subj_04633,PES University,True,v2.1,False,False,True,2026-09-12T09:00:00+05:30,control,True,False,False,False,False,1
exp_offer_nudge_v1,subj_04634,RV College of Engineering,True,v2.1,False,False,True,2026-09-12T09:00:00+05:30,treatment,True,False,False,False,False,1
exp_offer_nudge_v1,subj_04635,CMR Institute of Technology,True,v2.1,False,False,True,2026-09-12T09:00:00+05:30,control,True,True,True,False,False,3
exp_offer_nudge_v1,subj_04636,New Horizon College of Engineering,True,v2.1,False,False,False,2026-09-12T09:00:00+05:30,excluded,False,False,False,False,False,0
exp_offer_nudge_v1,subj_04637,Dayananda Sagar College of Engineering,True,v2.1,False,False,True,2026-09-12T09:00:00+05:30,control,True,True,False,False,False,2
exp_offer_nudge_v1,subj_04638,BMS Institute of Technology,True,v2.1,False,False,True,2026-09-12T09:00:00+05:30,control,True,True,False,False,False,2
exp_offer_nudge_v1,subj_04639,PES University,True,v2.1,False,False,False,2026-09-12T09:00:00+05:30,excluded,False,False,False,False,False,0
exp_offer_nudge_v1,subj_04640,RV College of Engineering,True,v2.1,False,False,True,2026-09-12T09:00:00+05:30,control,True,False,False,False,False,1
exp_offer_nudge_v1,subj_04641,CMR Institute of Technology,True,v2.1,False,False,True,2026-09-12T09:00:00+05:30,control,True,False,False,False,False,1
exp_offer_nudge_v1,subj_04642,New Horizon College of Engineering,True,v2.1,False,False,False,2026-09-12T09:00:00+05:30,excluded,False,False,False,False,False,0
exp_offer_nudge_v1,subj_04643,Dayananda Sagar College of Engineering,True,v2.1,False,False,True,2026-09-12T09:00:00+05:30,treatment,True,False,False,False,False,1
exp_offer_nudge_v1,subj_04644,BMS Institute of Technology,True,v2.1,False,True,False,2026-09-12T09:00:00+05:30,excluded,False,False,False,False,False,0
exp_offer_nudge_v1,subj_04645,PES University,True,v2.1,False,False,True,2026-09-12T09:00:00+05:30,control,True,False,True,True,False,3
exp_offer_nudge_v1,subj_04646,RV College of Engineering,True,v2.1,False,False,False,2026-09-12T09:00:00+05:30,excluded,False,False,False,False,False,0
exp_offer_nudge_v1,subj_04647,CMR Institute of Technology,True,v2.1,False,False,True,2026-09-12T09:00:00+05:30,control,True,True,False,False,False,2
exp_offer_nudge_v1,subj_04648,New Horizon College of Engineering,True,v2.1,False,False,False,2026-09-12T09:00:00+05:30,excluded,False,False,False,False,False,0
exp_offer_nudge_v1,subj_04649,Dayananda Sagar College of Engineering,True,v2.1,False,False,True,2026-09-12T09:00:00+05:30,control,True,True,False,False,False,2
exp_offer_nudge_v1,subj_04650,BMS Institute of Technology,True,v2.1,False,False,True,2026-09-12T09:00:00+05:30,treatment,True,False,True,False,False,2
exp_offer_nudge_v1,subj_04651,PES University,True,v2.1,False,False,True,2026-09-12T09:00:00+05:30,control,True,False,False,False,False,1
exp_offer_nudge_v1,subj_04652,RV College of Engineering,False,,False,False,False,2026-09-12T09:00:00+05:30,excluded,False,False,False,False,False,0
exp_offer_nudge_v1,subj_04653,CMR Institute of Technology,True,v2.1,False,False,True,2026-09-12T09:00:00+05:30,excluded,False,False,False,False,False,0
exp_offer_nudge_v1,subj_04654,New Horizon College of Engineering,False,,False,False,False,2026-09-12T09:00:00+05:30,excluded,False,False,False,False,False,0
exp_offer_nudge_v1,subj_04655,Dayananda Sagar College of Engineering,True,v2.1,False,False,False,2026-09-12T09:00:00+05:30,excluded,False,False,False,False,False,0
exp_offer_nudge_v1,subj_04656,BMS Institute of Technology,False,,False,False,False,2026-09-12T09:00:00+05:30,excluded,False,False,False,False,False,0
exp_offer_nudge_v1,subj_04657,PES University,True,v2.1,False,False,True,2026-09-12T09:00:00+05:30,control,True,True,False,False,False,2
exp_offer_nudge_v1,subj_04658,RV College of Engineering,True,v2.1,False,False,True,2026-09-12T09:00:00+05:30,control,True,False,False,False,False,1
exp_offer_nudge_v1,subj_04659,CMR Institute of Technology,True,v2.1,False,False,True,2026-09-12T09:00:00+05:30,treatment,True,False,False,False,False,1
exp_offer_nudge_v1,subj_04660,New Horizon College of Engineering,True,v2.1,False,False,True,2026-09-12T09:00:00+05:30,control,True,True,False,False,False,2
exp_offer_nudge_v1,subj_04661,Dayananda Sagar College of Engineering,True,v2.1,False,False,False,2026-09-12T09:00:00+05:30,excluded,False,False,False,False,False,0
exp_offer_nudge_v1,subj_04662,BMS Institute of Technology,True,v2.1,False,False,False,2026-09-12T09:00:00+05:30,excluded,False,False,False,False,False,0
exp_offer_nudge_v1,subj_04663,PES University,True,v2.1,False,False,False,2026-09-12T09:00:00+05:30,excluded,False,False,False,False,False,0
exp_offer_nudge_v1,subj_04664,RV College of Engineering,True,v2.1,False,False,True,2026-09-12T09:00:00+05:30,control,True,False,False,False,False,1
exp_offer_nudge_v1,subj_04665,CMR Institute of Technology,True,v2.1,False,False,True,2026-09-12T09:00:00+05:30,treatment,True,False,False,False,False,1
exp_offer_nudge_v1,subj_04666,New Horizon College of Engineering,True,v2.1,False,False,True,2026-09-12T09:00:00+05:30,treatment,True,True,False,False,False,2
exp_offer_nudge_v1,subj_04667,Dayananda Sagar College of Engineering,True,v2.1,False,False,True,2026-09-12T09:00:00+05:30,treatment,True,False,True,True,False,3
exp_offer_nudge_v1,subj_04668,BMS Institute of Technology,True,v2.1,False,False,True,2026-09-12T09:00:00+05:30,control,True,False,False,False,False,1
exp_offer_nudge_v1,subj_04669,PES University,True,v2.1,False,False,True,2026-09-12T09:00:00+05:30,treatment,True,False,False,False,False,1
exp_offer_nudge_v1,subj_04670,RV College of Engineering,True,v2.1,False,False,True,2026-09-12T09:00:00+05:30,control,True,True,False,False,False,2
exp_offer_nudge_v1,subj_04671,CMR Institute of Technology,True,v2.1,False,False,False,2026-09-12T09:00:00+05:30,excluded,False,False,False,False,False,0
exp_offer_nudge_v1,subj_04672,New Horizon College of Engineering,True,v2.1,False,False,True,2026-09-12T09:00:00+05:30,control,True,False,False,False,False,1
exp_offer_nudge_v1,subj_04673,Dayananda Sagar College of Engineering,True,v2.1,False,False,True,2026-09-12T09:00:00+05:30,treatment,True,False,True,False,False,2
exp_offer_nudge_v1,subj_04674,BMS Institute of Technology,True,v2.1,False,False,True,2026-09-12T09:00:00+05:30,control,True,False,False,False,False,1
exp_offer_nudge_v1,subj_04675,PES University,True,v2.1,False,False,True,2026-09-12T09:00:00+05:30,control,True,False,False,False,False,1
exp_offer_nudge_v1,subj_04676,RV College of Engineering,True,v2.1,False,False,True,2026-09-12T09:00:00+05:30,treatment,True,False,False,False,False,1
exp_offer_nudge_v1,subj_04677,CMR Institute of Technology,True,v2.1,False,False,True,2026-09-12T09:00:00+05:30,control,True,False,False,False,False,1
exp_offer_nudge_v1,subj_04678,New Horizon College of Engineering,True,v2.1,False,False,True,2026-09-12T09:00:00+05:30,control,True,False,False,False,False,1
exp_offer_nudge_v1,subj_04679,Dayananda Sagar College of Engineering,True,v2.1,False,False,True,2026-09-12T09:00:00+05:30,treatment,True,True,True,False,False,3
exp_offer_nudge_v1,subj_04680,BMS Institute of Technology,True,v2.1,False,False,True,2026-09-12T09:00:00+05:30,control,True,False,False,False,False,1
exp_offer_nudge_v1,subj_04681,PES University,False,,False,False,False,2026-09-12T09:00:00+05:30,excluded,False,False,False,False,False,0
exp_offer_nudge_v1,subj_04682,RV College of Engineering,True,v2.1,False,False,True,2026-09-12T09:00:00+05:30,control,True,False,False,False,False,1
exp_offer_nudge_v1,subj_04683,CMR Institute of Technology,True,v2.1,True,False,False,2026-09-12T09:00:00+05:30,excluded,False,False,False,False,False,0
exp_offer_nudge_v1,subj_04684,New Horizon College of Engineering,True,v2.1,False,False,True,2026-09-12T09:00:00+05:30,control,True,True,False,False,False,2
exp_offer_nudge_v1,subj_04685,Dayananda Sagar College of Engineering,True,v2.1,False,False,True,2026-09-12T09:00:00+05:30,treatment,True,True,False,False,False,2
exp_offer_nudge_v1,subj_04686,BMS Institute of Technology,True,v2.1,False,False,True,2026-09-12T09:00:00+05:30,treatment,True,True,False,False,False,2
exp_offer_nudge_v1,subj_04687,PES University,True,v2.1,False,False,True,2026-09-12T09:00:00+05:30,treatment,True,False,False,False,False,1
exp_offer_nudge_v1,subj_04688,RV College of Engineering,True,v2.1,False,False,True,2026-09-12T09:00:00+05:30,control,True,False,False,False,False,1
exp_offer_nudge_v1,subj_04689,CMR Institute of Technology,True,v2.1,False,False,True,2026-09-12T09:00:00+05:30,treatment,True,False,False,False,False,1
exp_offer_nudge_v1,subj_04690,New Horizon College of Engineering,True,v2.1,False,False,True,2026-09-12T09:00:00+05:30,treatment,True,True,False,False,False,2
exp_offer_nudge_v1,subj_04691,Dayananda Sagar College of Engineering,True,v2.1,False,False,True,2026-09-12T09:00:00+05:30,control,True,False,False,False,False,1
exp_offer_nudge_v1,subj_04692,BMS Institute of Technology,False,,False,False,False,2026-09-12T09:00:00+05:30,excluded,False,False,False,False,False,0
exp_offer_nudge_v1,subj_04693,PES University,True,v2.1,False,False,True,2026-09-12T09:00:00+05:30,excluded,False,False,False,False,False,0
exp_offer_nudge_v1,subj_04694,RV College of Engineering,False,,False,False,False,2026-09-12T09:00:00+05:30,excluded,False,False,False,False,False,0
exp_offer_nudge_v1,subj_04695,CMR Institute of Technology,True,v2.1,False,False,True,2026-09-12T09:00:00+05:30,control,True,False,False,False,False,1
exp_offer_nudge_v1,subj_04696,New Horizon College of Engineering,True,v2.1,False,False,True,2026-09-12T09:00:00+05:30,treatment,True,False,False,False,False,1
exp_offer_nudge_v1,subj_04697,Dayananda Sagar College of Engineering,True,v2.1,False,False,True,2026-09-12T09:00:00+05:30,control,True,True,False,False,False,2
exp_offer_nudge_v1,subj_04698,BMS Institute of Technology,True,v2.1,False,False,True,2026-09-12T09:00:00+05:30,control,True,False,False,False,False,1
exp_offer_nudge_v1,subj_04699,PES University,True,v2.1,False,False,True,2026-09-12T09:00:00+05:30,treatment,True,True,False,False,False,2
exp_offer_nudge_v1,subj_04700,RV College of Engineering,True,v2.1,False,False,False,2026-09-12T09:00:00+05:30,excluded,False,False,False,False,False,0
exp_offer_nudge_v1,subj_04701,CMR Institute of Technology,True,v2.1,False,False,True,2026-09-12T09:00:00+05:30,treatment,True,False,False,False,False,1
exp_offer_nudge_v1,subj_04702,New Horizon College of Engineering,True,v2.1,False,False,True,2026-09-12T09:00:00+05:30,treatment,True,False,False,False,False,1
exp_offer_nudge_v1,subj_04703,Dayananda Sagar College of Engineering,True,v2.1,False,False,True,2026-09-12T09:00:00+05:30,control,True,False,True,True,True,4
exp_offer_nudge_v1,subj_04704,BMS Institute of Technology,True,v2.1,False,False,True,2026-09-12T09:00:00+05:30,treatment,True,False,False,False,False,1
exp_offer_nudge_v1,subj_04705,PES University,True,v2.1,False,False,True,2026-09-12T09:00:00+05:30,treatment,True,False,False,False,False,1
exp_offer_nudge_v1,subj_04706,RV College of Engineering,False,,False,False,False,2026-09-12T09:00:00+05:30,excluded,False,False,False,False,False,0
exp_offer_nudge_v1,subj_04707,CMR Institute of Technology,True,v2.1,False,False,True,2026-09-12T09:00:00+05:30,treatment,True,False,False,False,False,1
exp_offer_nudge_v1,subj_04708,New Horizon College of Engineering,True,v2.1,False,False,True,2026-09-12T09:00:00+05:30,control,True,False,False,False,False,1
exp_offer_nudge_v1,subj_04709,Dayananda Sagar College of Engineering,True,v2.1,False,False,True,2026-09-12T09:00:00+05:30,treatment,True,True,False,False,False,2
exp_offer_nudge_v1,subj_04710,BMS Institute of Technology,True,v2.1,True,False,False,2026-09-12T09:00:00+05:30,excluded,False,False,False,False,False,0
exp_offer_nudge_v1,subj_04711,PES University,True,v2.1,False,False,False,2026-09-12T09:00:00+05:30,excluded,False,False,False,False,False,0
exp_offer_nudge_v1,subj_04712,RV College of Engineering,True,v2.1,False,False,True,2026-09-12T09:00:00+05:30,treatment,True,True,False,False,False,2
exp_offer_nudge_v1,subj_04713,CMR Institute of Technology,True,v2.1,False,False,True,2026-09-12T09:00:00+05:30,treatment,True,False,False,False,False,1
exp_offer_nudge_v1,subj_04714,New Horizon College of Engineering,True,v2.1,False,False,True,2026-09-12T09:00:00+05:30,treatment,True,False,True,True,False,3
exp_offer_nudge_v1,subj_04715,Dayananda Sagar College of Engineering,True,v2.1,False,False,True,2026-09-12T09:00:00+05:30,control,True,False,False,False,False,1
exp_offer_nudge_v1,subj_04716,BMS Institute of Technology,True,v2.1,False,False,True,2026-09-12T09:00:00+05:30,control,True,True,True,False,False,3
exp_offer_nudge_v1,subj_04717,PES University,True,v2.1,False,False,False,2026-09-12T09:00:00+05:30,excluded,False,False,False,False,False,0
exp_offer_nudge_v1,subj_04718,RV College of Engineering,True,v2.1,False,False,True,2026-09-12T09:00:00+05:30,treatment,True,False,False,False,False,1
exp_offer_nudge_v1,subj_04719,CMR Institute of Technology,True,v2.1,False,False,True,2026-09-12T09:00:00+05:30,treatment,True,True,False,False,False,2
exp_offer_nudge_v1,subj_04720,New Horizon College of Engineering,True,v2.1,False,False,True,2026-09-12T09:00:00+05:30,treatment,True,True,False,False,False,2
exp_offer_nudge_v1,subj_04721,Dayananda Sagar College of Engineering,True,v2.1,False,False,True,2026-09-12T09:00:00+05:30,control,True,False,False,False,False,1
exp_offer_nudge_v1,subj_04722,BMS Institute of Technology,True,v2.1,False,False,True,2026-09-12T09:00:00+05:30,control,True,False,False,False,False,1
exp_offer_nudge_v1,subj_04723,PES University,True,v2.1,False,False,True,2026-09-12T09:00:00+05:30,treatment,True,False,False,False,False,1
exp_offer_nudge_v1,subj_04724,RV College of Engineering,True,v2.1,False,False,True,2026-09-12T09:00:00+05:30,treatment,True,False,False,False,False,1
exp_offer_nudge_v1,subj_04725,CMR Institute of Technology,True,v2.1,False,False,True,2026-09-12T09:00:00+05:30,treatment,True,False,False,False,False,1
exp_offer_nudge_v1,subj_04726,New Horizon College of Engineering,True,v2.1,False,False,True,2026-09-12T09:00:00+05:30,control,True,False,False,False,False,1
exp_offer_nudge_v1,subj_04727,Dayananda Sagar College of Engineering,True,v2.1,False,False,True,2026-09-12T09:00:00+05:30,treatment,True,True,True,True,False,4
exp_offer_nudge_v1,subj_04728,BMS Institute of Technology,True,v2.1,False,False,False,2026-09-12T09:00:00+05:30,excluded,False,False,False,False,False,0
exp_offer_nudge_v1,subj_04729,PES University,True,v2.1,False,False,True,2026-09-12T09:00:00+05:30,control,True,True,True,True,True,5
exp_offer_nudge_v1,subj_04730,RV College of Engineering,True,v2.1,False,False,False,2026-09-12T09:00:00+05:30,excluded,False,False,False,False,False,0
exp_offer_nudge_v1,subj_04731,CMR Institute of Technology,True,v2.1,False,False,True,2026-09-12T09:00:00+05:30,control,True,False,False,False,False,1
exp_offer_nudge_v1,subj_04732,New Horizon College of Engineering,True,v2.1,False,False,True,2026-09-12T09:00:00+05:30,control,True,False,False,False,False,1
exp_offer_nudge_v1,subj_04733,Dayananda Sagar College of Engineering,True,v2.1,False,False,True,2026-09-12T09:00:00+05:30,treatment,True,False,False,False,False,1
exp_offer_nudge_v1,subj_04734,BMS Institute of Technology,True,v2.1,False,False,True,2026-09-12T09:00:00+05:30,control,True,False,False,False,False,1
exp_offer_nudge_v1,subj_04735,PES University,True,v2.1,False,False,True,2026-09-12T09:00:00+05:30,control,True,False,False,False,False,1
exp_offer_nudge_v1,subj_04736,RV College of Engineering,True,v2.1,False,False,True,2026-09-12T09:00:00+05:30,treatment,True,False,False,False,False,1
exp_offer_nudge_v1,subj_04737,CMR Institute of Technology,True,v2.1,True,False,False,2026-09-12T09:00:00+05:30,excluded,False,False,False,False,False,0
exp_offer_nudge_v1,subj_04738,New Horizon College of Engineering,True,v2.1,False,False,True,2026-09-12T09:00:00+05:30,control,True,False,False,False,False,1
exp_offer_nudge_v1,subj_04739,Dayananda Sagar College of Engineering,True,v2.1,False,False,True,2026-09-12T09:00:00+05:30,treatment,True,False,False,False,False,1
exp_offer_nudge_v1,subj_04740,BMS Institute of Technology,True,v2.1,False,False,True,2026-09-12T09:00:00+05:30,treatment,True,False,False,False,False,1
exp_offer_nudge_v1,subj_04741,PES University,True,v2.1,False,False,True,2026-09-12T09:00:00+05:30,control,True,False,False,False,False,1
exp_offer_nudge_v1,subj_04742,RV College of Engineering,True,v2.1,False,False,True,2026-09-12T09:00:00+05:30,treatment,True,False,False,False,False,1
exp_offer_nudge_v1,subj_04743,CMR Institute of Technology,True,v2.1,False,False,True,2026-09-12T09:00:00+05:30,control,True,False,False,False,False,1
exp_offer_nudge_v1,subj_04744,New Horizon College of Engineering,True,v2.1,False,False,True,2026-09-12T09:00:00+05:30,treatment,True,False,False,False,False,1
exp_offer_nudge_v1,subj_04745,Dayananda Sagar College of Engineering,True,v2.1,True,False,False,2026-09-12T09:00:00+05:30,excluded,False,False,False,False,False,0
exp_offer_nudge_v1,subj_04746,BMS Institute of Technology,True,v2.1,False,False,True,2026-09-12T09:00:00+05:30,treatment,True,True,False,False,False,2
exp_offer_nudge_v1,subj_04747,PES University,True,v2.1,False,False,True,2026-09-12T09:00:00+05:30,treatment,True,True,False,False,False,2
exp_offer_nudge_v1,subj_04748,RV College of Engineering,True,v2.1,False,False,True,2026-09-12T09:00:00+05:30,treatment,True,True,False,False,False,2
exp_offer_nudge_v1,subj_04749,CMR Institute of Technology,True,v2.1,False,False,True,2026-09-12T09:00:00+05:30,control,True,False,False,False,False,1
exp_offer_nudge_v1,subj_04750,New Horizon College of Engineering,True,v2.1,False,False,False,2026-09-12T09:00:00+05:30,excluded,False,False,False,False,False,0
exp_offer_nudge_v1,subj_04751,Dayananda Sagar College of Engineering,True,v2.1,False,False,True,2026-09-12T09:00:00+05:30,control,True,False,False,False,False,1
exp_offer_nudge_v1,subj_04752,BMS Institute of Technology,True,v2.1,False,False,True,2026-09-12T09:00:00+05:30,control,True,False,True,True,False,3
exp_offer_nudge_v1,subj_04753,PES University,False,,False,False,False,2026-09-12T09:00:00+05:30,excluded,False,False,False,False,False,0
exp_offer_nudge_v1,subj_04754,RV College of Engineering,False,,False,False,False,2026-09-12T09:00:00+05:30,excluded,False,False,False,False,False,0
exp_offer_nudge_v1,subj_04755,CMR Institute of Technology,True,v2.1,False,False,True,2026-09-12T09:00:00+05:30,treatment,True,False,False,False,False,1
exp_offer_nudge_v1,subj_04756,New Horizon College of Engineering,True,v2.1,False,False,True,2026-09-12T09:00:00+05:30,control,True,False,False,False,False,1
exp_offer_nudge_v1,subj_04757,Dayananda Sagar College of Engineering,True,v2.1,False,False,True,2026-09-12T09:00:00+05:30,treatment,True,True,False,False,False,2
exp_offer_nudge_v1,subj_04758,BMS Institute of Technology,True,v2.1,False,False,True,2026-09-12T09:00:00+05:30,treatment,True,False,False,False,False,1
exp_offer_nudge_v1,subj_04759,PES University,True,v2.1,False,False,True,2026-09-12T09:00:00+05:30,control,True,False,False,False,False,1
exp_offer_nudge_v1,subj_04760,RV College of Engineering,True,v2.1,False,True,False,2026-09-12T09:00:00+05:30,excluded,False,False,False,False,False,0
exp_offer_nudge_v1,subj_04761,CMR Institute of Technology,True,v2.1,False,False,True,2026-09-12T09:00:00+05:30,control,True,False,False,False,False,1
exp_offer_nudge_v1,subj_04762,New Horizon College of Engineering,True,v2.1,False,False,True,2026-09-12T09:00:00+05:30,treatment,True,False,False,False,False,1
exp_offer_nudge_v1,subj_04763,Dayananda Sagar College of Engineering,True,v2.1,False,False,True,2026-09-12T09:00:00+05:30,treatment,True,True,True,True,True,5
exp_offer_nudge_v1,subj_04764,BMS Institute of Technology,True,v2.1,False,False,True,2026-09-12T09:00:00+05:30,control,True,False,False,False,False,1
exp_offer_nudge_v1,subj_04765,PES University,True,v2.1,False,False,True,2026-09-12T09:00:00+05:30,control,True,False,True,True,False,3
exp_offer_nudge_v1,subj_04766,RV College of Engineering,True,v2.1,False,False,True,2026-09-12T09:00:00+05:30,control,True,False,False,False,False,1
exp_offer_nudge_v1,subj_04767,CMR Institute of Technology,True,v2.1,False,False,True,2026-09-12T09:00:00+05:30,treatment,True,False,False,False,False,1
exp_offer_nudge_v1,subj_04768,New Horizon College of Engineering,True,v2.1,False,False,True,2026-09-12T09:00:00+05:30,control,True,False,False,False,False,1
exp_offer_nudge_v1,subj_04769,Dayananda Sagar College of Engineering,True,v2.1,False,False,False,2026-09-12T09:00:00+05:30,excluded,False,False,False,False,False,0
exp_offer_nudge_v1,subj_04770,BMS Institute of Technology,True,v2.1,False,False,True,2026-09-12T09:00:00+05:30,treatment,True,True,False,False,False,2
exp_offer_nudge_v1,subj_04771,PES University,True,v2.1,False,False,True,2026-09-12T09:00:00+05:30,treatment,True,False,False,False,False,1
exp_offer_nudge_v1,subj_04772,RV College of Engineering,True,v2.1,False,False,True,2026-09-12T09:00:00+05:30,control,True,False,True,True,False,3
exp_offer_nudge_v1,subj_04773,CMR Institute of Technology,True,v2.1,False,False,True,2026-09-12T09:00:00+05:30,treatment,True,False,False,False,False,1
exp_offer_nudge_v1,subj_04774,New Horizon College of Engineering,True,v2.1,False,False,True,2026-09-12T09:00:00+05:30,treatment,True,True,True,False,False,3
exp_offer_nudge_v1,subj_04775,Dayananda Sagar College of Engineering,True,v2.1,False,False,True,2026-09-12T09:00:00+05:30,treatment,True,False,False,False,False,1
exp_offer_nudge_v1,subj_04776,BMS Institute of Technology,True,v2.1,False,False,True,2026-09-12T09:00:00+05:30,treatment,True,False,False,False,False,1
exp_offer_nudge_v1,subj_04777,PES University,True,v2.1,False,False,True,2026-09-12T09:00:00+05:30,control,True,False,False,False,False,1
exp_offer_nudge_v1,subj_04778,RV College of Engineering,True,v2.1,False,False,True,2026-09-12T09:00:00+05:30,control,True,False,True,False,False,2
exp_offer_nudge_v1,subj_04779,CMR Institute of Technology,True,v2.1,False,False,True,2026-09-12T09:00:00+05:30,treatment,True,False,False,False,False,1
exp_offer_nudge_v1,subj_04780,New Horizon College of Engineering,True,v2.1,False,False,True,2026-09-12T09:00:00+05:30,control,True,False,False,False,False,1
exp_offer_nudge_v1,subj_04781,Dayananda Sagar College of Engineering,True,v2.1,False,False,True,2026-09-12T09:00:00+05:30,treatment,True,False,False,False,False,1
exp_offer_nudge_v1,subj_04782,BMS Institute of Technology,True,v2.1,False,False,False,2026-09-12T09:00:00+05:30,excluded,False,False,False,False,False,0
exp_offer_nudge_v1,subj_04783,PES University,True,v2.1,False,False,True,2026-09-12T09:00:00+05:30,control,True,True,False,False,False,2
exp_offer_nudge_v1,subj_04784,RV College of Engineering,True,v2.1,False,False,True,2026-09-12T09:00:00+05:30,control,True,False,False,False,False,1
exp_offer_nudge_v1,subj_04785,CMR Institute of Technology,True,v2.1,False,False,True,2026-09-12T09:00:00+05:30,control,True,False,False,False,False,1
exp_offer_nudge_v1,subj_04786,New Horizon College of Engineering,True,v2.1,False,False,True,2026-09-12T09:00:00+05:30,control,True,True,False,False,False,2
exp_offer_nudge_v1,subj_04787,Dayananda Sagar College of Engineering,True,v2.1,False,False,True,2026-09-12T09:00:00+05:30,control,True,True,False,False,False,2
exp_offer_nudge_v1,subj_04788,BMS Institute of Technology,True,v2.1,False,False,True,2026-09-12T09:00:00+05:30,excluded,False,False,False,False,False,0
exp_offer_nudge_v1,subj_04789,PES University,True,v2.1,False,False,True,2026-09-12T09:00:00+05:30,treatment,True,False,False,False,False,1
exp_offer_nudge_v1,subj_04790,RV College of Engineering,True,v2.1,False,False,True,2026-09-12T09:00:00+05:30,control,True,False,False,False,False,1
exp_offer_nudge_v1,subj_04791,CMR Institute of Technology,True,v2.1,False,True,False,2026-09-12T09:00:00+05:30,excluded,False,False,False,False,False,0
exp_offer_nudge_v1,subj_04792,New Horizon College of Engineering,True,v2.1,False,False,False,2026-09-12T09:00:00+05:30,excluded,False,False,False,False,False,0
exp_offer_nudge_v1,subj_04793,Dayananda Sagar College of Engineering,True,v2.1,False,False,True,2026-09-12T09:00:00+05:30,control,True,False,False,False,False,1
exp_offer_nudge_v1,subj_04794,BMS Institute of Technology,True,v2.1,False,False,False,2026-09-12T09:00:00+05:30,excluded,False,False,False,False,False,0
exp_offer_nudge_v1,subj_04795,PES University,True,v2.1,False,False,True,2026-09-12T09:00:00+05:30,treatment,True,False,False,False,False,1
exp_offer_nudge_v1,subj_04796,RV College of Engineering,True,v2.1,False,False,True,2026-09-12T09:00:00+05:30,treatment,True,False,True,True,False,3
exp_offer_nudge_v1,subj_04797,CMR Institute of Technology,True,v2.1,False,False,True,2026-09-12T09:00:00+05:30,treatment,True,False,False,False,False,1
exp_offer_nudge_v1,subj_04798,New Horizon College of Engineering,True,v2.1,False,False,True,2026-09-12T09:00:00+05:30,treatment,True,False,False,False,False,1
exp_offer_nudge_v1,subj_04799,Dayananda Sagar College of Engineering,True,v2.1,False,False,True,2026-09-12T09:00:00+05:30,control,True,False,True,True,True,4
exp_offer_nudge_v1,subj_04800,BMS Institute of Technology,True,v2.1,False,False,True,2026-09-12T09:00:00+05:30,treatment,True,False,False,False,False,1
exp_offer_nudge_v1,subj_04801,PES University,True,v2.1,False,False,True,2026-09-12T09:00:00+05:30,control,True,True,False,False,False,2
exp_offer_nudge_v1,subj_04802,RV College of Engineering,True,v2.1,True,False,False,2026-09-12T09:00:00+05:30,excluded,False,False,False,False,False,0
exp_offer_nudge_v1,subj_04803,CMR Institute of Technology,True,v2.1,False,False,True,2026-09-12T09:00:00+05:30,control,True,True,True,False,False,3
exp_offer_nudge_v1,subj_04804,New Horizon College of Engineering,True,v2.1,False,False,True,2026-09-12T09:00:00+05:30,treatment,True,False,False,False,False,1
exp_offer_nudge_v1,subj_04805,Dayananda Sagar College of Engineering,True,v2.1,False,False,True,2026-09-12T09:00:00+05:30,control,True,False,False,False,False,1
exp_offer_nudge_v1,subj_04806,BMS Institute of Technology,True,v2.1,True,False,False,2026-09-12T09:00:00+05:30,excluded,False,False,False,False,False,0
exp_offer_nudge_v1,subj_04807,PES University,True,v2.1,False,False,True,2026-09-12T09:00:00+05:30,treatment,True,True,False,False,False,2
exp_offer_nudge_v1,subj_04808,RV College of Engineering,True,v2.1,False,False,True,2026-09-12T09:00:00+05:30,treatment,True,False,False,False,False,1
exp_offer_nudge_v1,subj_04809,CMR Institute of Technology,True,v2.1,False,False,True,2026-09-12T09:00:00+05:30,control,True,True,False,False,False,2
exp_offer_nudge_v1,subj_04810,New Horizon College of Engineering,True,v2.1,False,False,True,2026-09-12T09:00:00+05:30,control,True,False,False,False,False,1
exp_offer_nudge_v1,subj_04811,Dayananda Sagar College of Engineering,True,v2.1,False,False,False,2026-09-12T09:00:00+05:30,excluded,False,False,False,False,False,0
exp_offer_nudge_v1,subj_04812,BMS Institute of Technology,True,v2.1,False,False,True,2026-09-12T09:00:00+05:30,treatment,True,False,False,False,False,1
exp_offer_nudge_v1,subj_04813,PES University,True,v2.1,False,False,True,2026-09-12T09:00:00+05:30,excluded,False,False,False,False,False,0
exp_offer_nudge_v1,subj_04814,RV College of Engineering,True,v2.1,False,False,True,2026-09-12T09:00:00+05:30,treatment,True,False,False,False,False,1
exp_offer_nudge_v1,subj_04815,CMR Institute of Technology,True,v2.1,True,False,False,2026-09-12T09:00:00+05:30,excluded,False,False,False,False,False,0
exp_offer_nudge_v1,subj_04816,New Horizon College of Engineering,True,v2.1,False,False,True,2026-09-12T09:00:00+05:30,control,True,False,False,False,False,1
exp_offer_nudge_v1,subj_04817,Dayananda Sagar College of Engineering,True,v2.1,False,False,True,2026-09-12T09:00:00+05:30,treatment,True,True,False,False,False,2
exp_offer_nudge_v1,subj_04818,BMS Institute of Technology,True,v2.1,False,False,True,2026-09-12T09:00:00+05:30,control,True,True,True,True,True,5
exp_offer_nudge_v1,subj_04819,PES University,False,,False,False,False,2026-09-12T09:00:00+05:30,excluded,False,False,False,False,False,0
exp_offer_nudge_v1,subj_04820,RV College of Engineering,True,v2.1,False,False,False,2026-09-12T09:00:00+05:30,excluded,False,False,False,False,False,0
exp_offer_nudge_v1,subj_04821,CMR Institute of Technology,True,v2.1,False,False,True,2026-09-12T09:00:00+05:30,treatment,True,False,False,False,False,1
exp_offer_nudge_v1,subj_04822,New Horizon College of Engineering,True,v2.1,False,False,True,2026-09-12T09:00:00+05:30,treatment,True,False,False,False,False,1
exp_offer_nudge_v1,subj_04823,Dayananda Sagar College of Engineering,True,v2.1,False,False,True,2026-09-12T09:00:00+05:30,control,True,False,False,False,False,1
exp_offer_nudge_v1,subj_04824,BMS Institute of Technology,True,v2.1,False,False,True,2026-09-12T09:00:00+05:30,treatment,True,True,False,False,False,2
exp_offer_nudge_v1,subj_04825,PES University,True,v2.1,False,False,True,2026-09-12T09:00:00+05:30,treatment,True,True,False,False,False,2
exp_offer_nudge_v1,subj_04826,RV College of Engineering,True,v2.1,False,False,True,2026-09-12T09:00:00+05:30,treatment,True,False,False,False,False,1
exp_offer_nudge_v1,subj_04827,CMR Institute of Technology,True,v2.1,False,False,True,2026-09-12T09:00:00+05:30,control,True,False,True,True,False,3
exp_offer_nudge_v1,subj_04828,New Horizon College of Engineering,True,v2.1,False,False,True,2026-09-12T09:00:00+05:30,control,True,True,False,False,False,2
exp_offer_nudge_v1,subj_04829,Dayananda Sagar College of Engineering,True,v2.1,False,False,False,2026-09-12T09:00:00+05:30,excluded,False,False,False,False,False,0
exp_offer_nudge_v1,subj_04830,BMS Institute of Technology,True,v2.1,False,False,False,2026-09-12T09:00:00+05:30,excluded,False,False,False,False,False,0
exp_offer_nudge_v1,subj_04831,PES University,True,v2.1,False,False,True,2026-09-12T09:00:00+05:30,treatment,True,False,False,False,False,1
exp_offer_nudge_v1,subj_04832,RV College of Engineering,True,v2.1,False,False,True,2026-09-12T09:00:00+05:30,treatment,True,False,False,False,False,1
exp_offer_nudge_v1,subj_04833,CMR Institute of Technology,True,v2.1,False,False,True,2026-09-12T09:00:00+05:30,treatment,True,False,False,False,False,1
exp_offer_nudge_v1,subj_04834,New Horizon College of Engineering,True,v2.1,False,False,True,2026-09-12T09:00:00+05:30,control,True,True,False,False,False,2
exp_offer_nudge_v1,subj_04835,Dayananda Sagar College of Engineering,True,v2.1,False,False,True,2026-09-12T09:00:00+05:30,treatment,True,True,False,False,False,2
exp_offer_nudge_v1,subj_04836,BMS Institute of Technology,False,,False,False,False,2026-09-12T09:00:00+05:30,excluded,False,False,False,False,False,0
exp_offer_nudge_v1,subj_04837,PES University,True,v2.1,False,False,True,2026-09-12T09:00:00+05:30,control,True,False,False,False,False,1
exp_offer_nudge_v1,subj_04838,RV College of Engineering,True,v2.1,False,False,True,2026-09-12T09:00:00+05:30,treatment,True,False,False,False,False,1
exp_offer_nudge_v1,subj_04839,CMR Institute of Technology,True,v2.1,False,False,True,2026-09-12T09:00:00+05:30,treatment,True,True,False,False,False,2
exp_offer_nudge_v1,subj_04840,New Horizon College of Engineering,True,v2.1,False,False,True,2026-09-12T09:00:00+05:30,control,True,True,False,False,False,2
exp_offer_nudge_v1,subj_04841,Dayananda Sagar College of Engineering,False,,False,False,False,2026-09-12T09:00:00+05:30,excluded,False,False,False,False,False,0
exp_offer_nudge_v1,subj_04842,BMS Institute of Technology,True,v2.1,False,False,True,2026-09-12T09:00:00+05:30,treatment,True,True,False,False,False,2
exp_offer_nudge_v1,subj_04843,PES University,True,v2.1,False,False,True,2026-09-12T09:00:00+05:30,treatment,True,False,False,False,False,1
exp_offer_nudge_v1,subj_04844,RV College of Engineering,True,v2.1,False,False,True,2026-09-12T09:00:00+05:30,treatment,True,True,False,False,False,2
exp_offer_nudge_v1,subj_04845,CMR Institute of Technology,False,,False,False,False,2026-09-12T09:00:00+05:30,excluded,False,False,False,False,False,0
exp_offer_nudge_v1,subj_04846,New Horizon College of Engineering,True,v2.1,False,False,True,2026-09-12T09:00:00+05:30,treatment,True,False,False,False,False,1
exp_offer_nudge_v1,subj_04847,Dayananda Sagar College of Engineering,True,v2.1,False,False,False,2026-09-12T09:00:00+05:30,excluded,False,False,False,False,False,0
exp_offer_nudge_v1,subj_04848,BMS Institute of Technology,True,v2.1,False,False,True,2026-09-12T09:00:00+05:30,treatment,True,False,False,False,False,1
exp_offer_nudge_v1,subj_04849,PES University,True,v2.1,False,False,False,2026-09-12T09:00:00+05:30,excluded,False,False,False,False,False,0
exp_offer_nudge_v1,subj_04850,RV College of Engineering,True,v2.1,False,False,True,2026-09-12T09:00:00+05:30,excluded,False,False,False,False,False,0
exp_offer_nudge_v1,subj_04851,CMR Institute of Technology,True,v2.1,False,False,True,2026-09-12T09:00:00+05:30,treatment,True,False,False,False,False,1
exp_offer_nudge_v1,subj_04852,New Horizon College of Engineering,True,v2.1,False,False,True,2026-09-12T09:00:00+05:30,treatment,True,False,False,False,False,1
exp_offer_nudge_v1,subj_04853,Dayananda Sagar College of Engineering,True,v2.1,False,False,False,2026-09-12T09:00:00+05:30,excluded,False,False,False,False,False,0
exp_offer_nudge_v1,subj_04854,BMS Institute of Technology,True,v2.1,False,False,True,2026-09-12T09:00:00+05:30,treatment,True,False,False,False,False,1
exp_offer_nudge_v1,subj_04855,PES University,True,v2.1,False,False,True,2026-09-12T09:00:00+05:30,control,True,False,False,False,False,1
exp_offer_nudge_v1,subj_04856,RV College of Engineering,True,v2.1,False,False,True,2026-09-12T09:00:00+05:30,control,True,False,False,False,False,1
exp_offer_nudge_v1,subj_04857,CMR Institute of Technology,True,v2.1,False,False,True,2026-09-12T09:00:00+05:30,treatment,True,True,True,True,True,5
exp_offer_nudge_v1,subj_04858,New Horizon College of Engineering,True,v2.1,False,False,True,2026-09-12T09:00:00+05:30,treatment,True,True,False,False,False,2
exp_offer_nudge_v1,subj_04859,Dayananda Sagar College of Engineering,True,v2.1,False,False,True,2026-09-12T09:00:00+05:30,control,True,True,False,False,False,2
exp_offer_nudge_v1,subj_04860,BMS Institute of Technology,True,v2.1,False,False,True,2026-09-12T09:00:00+05:30,treatment,True,False,False,False,False,1
exp_offer_nudge_v1,subj_04861,PES University,True,v2.1,False,False,True,2026-09-12T09:00:00+05:30,treatment,True,False,False,False,False,1
exp_offer_nudge_v1,subj_04862,RV College of Engineering,True,v2.1,False,False,True,2026-09-12T09:00:00+05:30,treatment,True,False,False,False,False,1
exp_offer_nudge_v1,subj_04863,CMR Institute of Technology,True,v2.1,False,False,False,2026-09-12T09:00:00+05:30,excluded,False,False,False,False,False,0
exp_offer_nudge_v1,subj_04864,New Horizon College of Engineering,True,v2.1,False,False,True,2026-09-12T09:00:00+05:30,treatment,True,False,False,False,False,1
exp_offer_nudge_v1,subj_04865,Dayananda Sagar College of Engineering,True,v2.1,False,False,True,2026-09-12T09:00:00+05:30,control,True,True,False,False,False,2
exp_offer_nudge_v1,subj_04866,BMS Institute of Technology,True,v2.1,False,False,True,2026-09-12T09:00:00+05:30,control,True,True,False,False,False,2
exp_offer_nudge_v1,subj_04867,PES University,True,v2.1,False,False,True,2026-09-12T09:00:00+05:30,control,True,False,True,False,False,2
exp_offer_nudge_v1,subj_04868,RV College of Engineering,True,v2.1,False,False,True,2026-09-12T09:00:00+05:30,control,True,False,True,False,False,2
exp_offer_nudge_v1,subj_04869,CMR Institute of Technology,True,v2.1,False,False,True,2026-09-12T09:00:00+05:30,treatment,True,False,False,False,False,1
exp_offer_nudge_v1,subj_04870,New Horizon College of Engineering,True,v2.1,False,False,True,2026-09-12T09:00:00+05:30,treatment,True,False,False,False,False,1
exp_offer_nudge_v1,subj_04871,Dayananda Sagar College of Engineering,False,,False,False,False,2026-09-12T09:00:00+05:30,excluded,False,False,False,False,False,0
exp_offer_nudge_v1,subj_04872,BMS Institute of Technology,True,v2.1,False,False,True,2026-09-12T09:00:00+05:30,control,True,False,True,False,False,2
exp_offer_nudge_v1,subj_04873,PES University,True,v2.1,False,False,True,2026-09-12T09:00:00+05:30,treatment,True,True,True,True,False,4
exp_offer_nudge_v1,subj_04874,RV College of Engineering,True,v2.1,False,False,True,2026-09-12T09:00:00+05:30,control,True,False,False,False,False,1
exp_offer_nudge_v1,subj_04875,CMR Institute of Technology,True,v2.1,False,False,True,2026-09-12T09:00:00+05:30,treatment,True,True,False,False,False,2
exp_offer_nudge_v1,subj_04876,New Horizon College of Engineering,True,v2.1,False,False,True,2026-09-12T09:00:00+05:30,treatment,True,False,False,False,False,1
exp_offer_nudge_v1,subj_04877,Dayananda Sagar College of Engineering,True,v2.1,False,False,True,2026-09-12T09:00:00+05:30,treatment,True,False,True,True,True,4
exp_offer_nudge_v1,subj_04878,BMS Institute of Technology,True,v2.1,False,False,True,2026-09-12T09:00:00+05:30,treatment,True,False,False,False,False,1
exp_offer_nudge_v1,subj_04879,PES University,True,v2.1,False,False,True,2026-09-12T09:00:00+05:30,control,True,False,False,False,False,1
exp_offer_nudge_v1,subj_04880,RV College of Engineering,True,v2.1,False,False,True,2026-09-12T09:00:00+05:30,treatment,True,False,False,False,False,1
exp_offer_nudge_v1,subj_04881,CMR Institute of Technology,True,v2.1,False,False,True,2026-09-12T09:00:00+05:30,treatment,True,True,False,False,False,2
exp_offer_nudge_v1,subj_04882,New Horizon College of Engineering,True,v2.1,False,False,True,2026-09-12T09:00:00+05:30,control,True,False,True,True,True,4
exp_offer_nudge_v1,subj_04883,Dayananda Sagar College of Engineering,True,v2.1,True,False,False,2026-09-12T09:00:00+05:30,excluded,False,False,False,False,False,0
exp_offer_nudge_v1,subj_04884,BMS Institute of Technology,True,v2.1,False,False,True,2026-09-12T09:00:00+05:30,control,True,False,False,False,False,1
exp_offer_nudge_v1,subj_04885,PES University,True,v2.1,True,False,False,2026-09-12T09:00:00+05:30,excluded,False,False,False,False,False,0
exp_offer_nudge_v1,subj_04886,RV College of Engineering,True,v2.1,False,False,True,2026-09-12T09:00:00+05:30,control,True,False,False,False,False,1
exp_offer_nudge_v1,subj_04887,CMR Institute of Technology,True,v2.1,False,False,True,2026-09-12T09:00:00+05:30,treatment,True,False,False,False,False,1
exp_offer_nudge_v1,subj_04888,New Horizon College of Engineering,True,v2.1,False,False,True,2026-09-12T09:00:00+05:30,control,True,True,True,True,False,4
exp_offer_nudge_v1,subj_04889,Dayananda Sagar College of Engineering,True,v2.1,False,False,True,2026-09-12T09:00:00+05:30,control,True,False,False,False,False,1
exp_offer_nudge_v1,subj_04890,BMS Institute of Technology,True,v2.1,False,False,True,2026-09-12T09:00:00+05:30,treatment,True,True,False,False,False,2
exp_offer_nudge_v1,subj_04891,PES University,True,v2.1,False,False,True,2026-09-12T09:00:00+05:30,control,True,False,False,False,False,1
exp_offer_nudge_v1,subj_04892,RV College of Engineering,True,v2.1,False,False,True,2026-09-12T09:00:00+05:30,treatment,True,True,False,False,False,2
exp_offer_nudge_v1,subj_04893,CMR Institute of Technology,True,v2.1,False,False,True,2026-09-12T09:00:00+05:30,treatment,True,False,False,False,False,1
exp_offer_nudge_v1,subj_04894,New Horizon College of Engineering,False,,False,False,False,2026-09-12T09:00:00+05:30,excluded,False,False,False,False,False,0
exp_offer_nudge_v1,subj_04895,Dayananda Sagar College of Engineering,True,v2.1,True,False,False,2026-09-12T09:00:00+05:30,excluded,False,False,False,False,False,0
exp_offer_nudge_v1,subj_04896,BMS Institute of Technology,True,v2.1,False,False,True,2026-09-12T09:00:00+05:30,treatment,True,False,False,False,False,1
exp_offer_nudge_v1,subj_04897,PES University,True,v2.1,False,False,True,2026-09-12T09:00:00+05:30,control,True,False,False,False,False,1
exp_offer_nudge_v1,subj_04898,RV College of Engineering,True,v2.1,False,False,True,2026-09-12T09:00:00+05:30,control,True,False,True,True,True,4
exp_offer_nudge_v1,subj_04899,CMR Institute of Technology,True,v2.1,False,False,True,2026-09-12T09:00:00+05:30,treatment,True,True,False,False,False,2
exp_offer_nudge_v1,subj_04900,New Horizon College of Engineering,True,v2.1,False,False,True,2026-09-12T09:00:00+05:30,control,True,False,True,False,False,2
exp_offer_nudge_v1,subj_04901,Dayananda Sagar College of Engineering,True,v2.1,False,False,True,2026-09-12T09:00:00+05:30,control,True,False,True,False,False,2
exp_offer_nudge_v1,subj_04902,BMS Institute of Technology,True,v2.1,False,False,True,2026-09-12T09:00:00+05:30,treatment,True,False,True,True,False,3
exp_offer_nudge_v1,subj_04903,PES University,True,v2.1,False,False,True,2026-09-12T09:00:00+05:30,control,True,False,True,False,False,2
exp_offer_nudge_v1,subj_04904,RV College of Engineering,True,v2.1,False,False,True,2026-09-12T09:00:00+05:30,control,True,False,False,False,False,1
exp_offer_nudge_v1,subj_04905,CMR Institute of Technology,False,,False,False,False,2026-09-12T09:00:00+05:30,excluded,False,False,False,False,False,0
exp_offer_nudge_v1,subj_04906,New Horizon College of Engineering,True,v2.1,False,False,True,2026-09-12T09:00:00+05:30,control,True,False,False,False,False,1
exp_offer_nudge_v1,subj_04907,Dayananda Sagar College of Engineering,True,v2.1,False,False,True,2026-09-12T09:00:00+05:30,treatment,True,False,True,False,False,2
exp_offer_nudge_v1,subj_04908,BMS Institute of Technology,True,v2.1,False,False,True,2026-09-12T09:00:00+05:30,control,True,True,False,False,False,2
exp_offer_nudge_v1,subj_04909,PES University,True,v2.1,False,True,False,2026-09-12T09:00:00+05:30,excluded,False,False,False,False,False,0
exp_offer_nudge_v1,subj_04910,RV College of Engineering,True,v2.1,False,False,True,2026-09-12T09:00:00+05:30,control,True,True,False,False,False,2
exp_offer_nudge_v1,subj_04911,CMR Institute of Technology,False,,True,False,False,2026-09-12T09:00:00+05:30,excluded,False,False,False,False,False,0
exp_offer_nudge_v1,subj_04912,New Horizon College of Engineering,True,v2.1,False,False,True,2026-09-12T09:00:00+05:30,control,True,False,False,False,False,1
exp_offer_nudge_v1,subj_04913,Dayananda Sagar College of Engineering,True,v2.1,False,False,True,2026-09-12T09:00:00+05:30,treatment,True,False,True,True,True,4
exp_offer_nudge_v1,subj_04914,BMS Institute of Technology,True,v2.1,False,False,True,2026-09-12T09:00:00+05:30,control,True,True,False,False,False,2
exp_offer_nudge_v1,subj_04915,PES University,True,v2.1,False,False,True,2026-09-12T09:00:00+05:30,treatment,True,False,False,False,False,1
exp_offer_nudge_v1,subj_04916,RV College of Engineering,True,v2.1,False,False,True,2026-09-12T09:00:00+05:30,control,True,True,False,False,False,2
exp_offer_nudge_v1,subj_04917,CMR Institute of Technology,True,v2.1,False,False,True,2026-09-12T09:00:00+05:30,control,True,False,False,False,False,1
exp_offer_nudge_v1,subj_04918,New Horizon College of Engineering,True,v2.1,False,False,False,2026-09-12T09:00:00+05:30,excluded,False,False,False,False,False,0
exp_offer_nudge_v1,subj_04919,Dayananda Sagar College of Engineering,True,v2.1,False,False,True,2026-09-12T09:00:00+05:30,treatment,True,False,False,False,False,1
exp_offer_nudge_v1,subj_04920,BMS Institute of Technology,True,v2.1,False,False,True,2026-09-12T09:00:00+05:30,treatment,True,False,True,True,True,4
exp_offer_nudge_v1,subj_04921,PES University,True,v2.1,False,False,True,2026-09-12T09:00:00+05:30,control,True,False,False,False,False,1
exp_offer_nudge_v1,subj_04922,RV College of Engineering,True,v2.1,False,False,True,2026-09-12T09:00:00+05:30,treatment,True,False,False,False,False,1
exp_offer_nudge_v1,subj_04923,CMR Institute of Technology,True,v2.1,False,False,False,2026-09-12T09:00:00+05:30,excluded,False,False,False,False,False,0
exp_offer_nudge_v1,subj_04924,New Horizon College of Engineering,True,v2.1,False,False,True,2026-09-12T09:00:00+05:30,treatment,True,False,True,True,True,4
exp_offer_nudge_v1,subj_04925,Dayananda Sagar College of Engineering,True,v2.1,False,False,True,2026-09-12T09:00:00+05:30,treatment,True,False,False,False,False,1
exp_offer_nudge_v1,subj_04926,BMS Institute of Technology,True,v2.1,False,False,True,2026-09-12T09:00:00+05:30,excluded,False,False,False,False,False,0
exp_offer_nudge_v1,subj_04927,PES University,True,v2.1,False,False,True,2026-09-12T09:00:00+05:30,control,True,False,False,False,False,1
exp_offer_nudge_v1,subj_04928,RV College of Engineering,True,v2.1,False,False,True,2026-09-12T09:00:00+05:30,control,True,True,False,False,False,2
exp_offer_nudge_v1,subj_04929,CMR Institute of Technology,True,v2.1,True,False,False,2026-09-12T09:00:00+05:30,excluded,False,False,False,False,False,0
exp_offer_nudge_v1,subj_04930,New Horizon College of Engineering,True,v2.1,False,False,True,2026-09-12T09:00:00+05:30,treatment,True,False,True,False,False,2
exp_offer_nudge_v1,subj_04931,Dayananda Sagar College of Engineering,True,v2.1,False,False,True,2026-09-12T09:00:00+05:30,control,True,True,False,False,False,2
exp_offer_nudge_v1,subj_04932,BMS Institute of Technology,True,v2.1,True,False,False,2026-09-12T09:00:00+05:30,excluded,False,False,False,False,False,0
exp_offer_nudge_v1,subj_04933,PES University,True,v2.1,False,False,True,2026-09-12T09:00:00+05:30,treatment,True,False,False,False,False,1
exp_offer_nudge_v1,subj_04934,RV College of Engineering,True,v2.1,False,False,True,2026-09-12T09:00:00+05:30,control,True,True,True,True,True,5
exp_offer_nudge_v1,subj_04935,CMR Institute of Technology,True,v2.1,False,False,False,2026-09-12T09:00:00+05:30,excluded,False,False,False,False,False,0
exp_offer_nudge_v1,subj_04936,New Horizon College of Engineering,True,v2.1,False,False,True,2026-09-12T09:00:00+05:30,treatment,True,False,False,False,False,1
exp_offer_nudge_v1,subj_04937,Dayananda Sagar College of Engineering,True,v2.1,False,False,True,2026-09-12T09:00:00+05:30,treatment,True,False,False,False,False,1
exp_offer_nudge_v1,subj_04938,BMS Institute of Technology,True,v2.1,False,False,False,2026-09-12T09:00:00+05:30,excluded,False,False,False,False,False,0
exp_offer_nudge_v1,subj_04939,PES University,True,v2.1,False,False,True,2026-09-12T09:00:00+05:30,excluded,False,False,False,False,False,0
exp_offer_nudge_v1,subj_04940,RV College of Engineering,True,v2.1,False,False,True,2026-09-12T09:00:00+05:30,treatment,True,False,False,False,False,1
exp_offer_nudge_v1,subj_04941,CMR Institute of Technology,True,v2.1,False,False,True,2026-09-12T09:00:00+05:30,treatment,True,True,False,False,False,2
exp_offer_nudge_v1,subj_04942,New Horizon College of Engineering,True,v2.1,False,False,True,2026-09-12T09:00:00+05:30,control,True,False,False,False,False,1
exp_offer_nudge_v1,subj_04943,Dayananda Sagar College of Engineering,True,v2.1,False,False,True,2026-09-12T09:00:00+05:30,treatment,True,True,True,True,True,5
exp_offer_nudge_v1,subj_04944,BMS Institute of Technology,True,v2.1,False,False,True,2026-09-12T09:00:00+05:30,control,True,False,False,False,False,1
exp_offer_nudge_v1,subj_04945,PES University,False,,False,False,False,2026-09-12T09:00:00+05:30,excluded,False,False,False,False,False,0
exp_offer_nudge_v1,subj_04946,RV College of Engineering,True,v2.1,False,False,True,2026-09-12T09:00:00+05:30,treatment,True,False,False,False,False,1
exp_offer_nudge_v1,subj_04947,CMR Institute of Technology,True,v2.1,False,False,True,2026-09-12T09:00:00+05:30,control,True,False,False,False,False,1
exp_offer_nudge_v1,subj_04948,New Horizon College of Engineering,True,v2.1,False,False,True,2026-09-12T09:00:00+05:30,control,True,True,False,False,False,2
exp_offer_nudge_v1,subj_04949,Dayananda Sagar College of Engineering,True,v2.1,False,False,False,2026-09-12T09:00:00+05:30,excluded,False,False,False,False,False,0
exp_offer_nudge_v1,subj_04950,BMS Institute of Technology,True,v2.1,False,False,True,2026-09-12T09:00:00+05:30,control,True,False,True,True,False,3
exp_offer_nudge_v1,subj_04951,PES University,True,v2.1,False,False,True,2026-09-12T09:00:00+05:30,treatment,True,False,False,False,False,1
exp_offer_nudge_v1,subj_04952,RV College of Engineering,True,v2.1,False,False,True,2026-09-12T09:00:00+05:30,control,True,True,False,False,False,2
exp_offer_nudge_v1,subj_04953,CMR Institute of Technology,True,v2.1,False,False,True,2026-09-12T09:00:00+05:30,treatment,True,False,True,False,False,2
exp_offer_nudge_v1,subj_04954,New Horizon College of Engineering,True,v2.1,False,False,False,2026-09-12T09:00:00+05:30,excluded,False,False,False,False,False,0
exp_offer_nudge_v1,subj_04955,Dayananda Sagar College of Engineering,True,v2.1,False,False,True,2026-09-12T09:00:00+05:30,treatment,True,True,False,False,False,2
exp_offer_nudge_v1,subj_04956,BMS Institute of Technology,True,v2.1,False,False,True,2026-09-12T09:00:00+05:30,treatment,True,True,False,False,False,2
exp_offer_nudge_v1,subj_04957,PES University,False,,False,False,False,2026-09-12T09:00:00+05:30,excluded,False,False,False,False,False,0
exp_offer_nudge_v1,subj_04958,RV College of Engineering,True,v2.1,False,False,True,2026-09-12T09:00:00+05:30,treatment,True,False,False,False,False,1
exp_offer_nudge_v1,subj_04959,CMR Institute of Technology,True,v2.1,False,False,True,2026-09-12T09:00:00+05:30,control,True,False,False,False,False,1
exp_offer_nudge_v1,subj_04960,New Horizon College of Engineering,True,v2.1,True,False,False,2026-09-12T09:00:00+05:30,excluded,False,False,False,False,False,0
exp_offer_nudge_v1,subj_04961,Dayananda Sagar College of Engineering,True,v2.1,False,False,False,2026-09-12T09:00:00+05:30,excluded,False,False,False,False,False,0
exp_offer_nudge_v1,subj_04962,BMS Institute of Technology,True,v2.1,False,False,True,2026-09-12T09:00:00+05:30,control,True,False,False,False,False,1
exp_offer_nudge_v1,subj_04963,PES University,True,v2.1,False,False,True,2026-09-12T09:00:00+05:30,control,True,True,False,False,False,2
exp_offer_nudge_v1,subj_04964,RV College of Engineering,True,v2.1,False,False,True,2026-09-12T09:00:00+05:30,control,True,False,False,False,False,1
exp_offer_nudge_v1,subj_04965,CMR Institute of Technology,True,v2.1,False,False,True,2026-09-12T09:00:00+05:30,control,True,False,False,False,False,1
exp_offer_nudge_v1,subj_04966,New Horizon College of Engineering,True,v2.1,False,False,True,2026-09-12T09:00:00+05:30,treatment,True,False,True,True,True,4
exp_offer_nudge_v1,subj_04967,Dayananda Sagar College of Engineering,True,v2.1,False,False,True,2026-09-12T09:00:00+05:30,treatment,True,True,True,True,True,5
exp_offer_nudge_v1,subj_04968,BMS Institute of Technology,True,v2.1,False,False,True,2026-09-12T09:00:00+05:30,control,True,False,False,False,False,1
exp_offer_nudge_v1,subj_04969,PES University,True,v2.1,False,False,True,2026-09-12T09:00:00+05:30,control,True,False,False,False,False,1
exp_offer_nudge_v1,subj_04970,RV College of Engineering,True,v2.1,False,False,True,2026-09-12T09:00:00+05:30,control,True,True,False,False,False,2
exp_offer_nudge_v1,subj_04971,CMR Institute of Technology,True,v2.1,False,False,True,2026-09-12T09:00:00+05:30,control,True,False,False,False,False,1
exp_offer_nudge_v1,subj_04972,New Horizon College of Engineering,True,v2.1,False,False,True,2026-09-12T09:00:00+05:30,treatment,True,False,False,False,False,1
exp_offer_nudge_v1,subj_04973,Dayananda Sagar College of Engineering,True,v2.1,False,False,True,2026-09-12T09:00:00+05:30,control,True,False,False,False,False,1
exp_offer_nudge_v1,subj_04974,BMS Institute of Technology,True,v2.1,False,False,True,2026-09-12T09:00:00+05:30,control,True,False,False,False,False,1
exp_offer_nudge_v1,subj_04975,PES University,True,v2.1,False,False,True,2026-09-12T09:00:00+05:30,control,True,False,False,False,False,1
exp_offer_nudge_v1,subj_04976,RV College of Engineering,True,v2.1,True,False,False,2026-09-12T09:00:00+05:30,excluded,False,False,False,False,False,0
exp_offer_nudge_v1,subj_04977,CMR Institute of Technology,True,v2.1,False,False,False,2026-09-12T09:00:00+05:30,excluded,False,False,False,False,False,0
exp_offer_nudge_v1,subj_04978,New Horizon College of Engineering,True,v2.1,False,False,True,2026-09-12T09:00:00+05:30,treatment,True,False,False,False,False,1
exp_offer_nudge_v1,subj_04979,Dayananda Sagar College of Engineering,True,v2.1,False,False,True,2026-09-12T09:00:00+05:30,treatment,True,True,False,False,False,2
exp_offer_nudge_v1,subj_04980,BMS Institute of Technology,True,v2.1,False,True,False,2026-09-12T09:00:00+05:30,excluded,False,False,False,False,False,0
exp_offer_nudge_v1,subj_04981,PES University,True,v2.1,False,True,False,2026-09-12T09:00:00+05:30,excluded,False,False,False,False,False,0
exp_offer_nudge_v1,subj_04982,RV College of Engineering,True,v2.1,False,False,True,2026-09-12T09:00:00+05:30,treatment,True,False,True,False,False,2
exp_offer_nudge_v1,subj_04983,CMR Institute of Technology,True,v2.1,False,False,True,2026-09-12T09:00:00+05:30,control,True,False,False,False,False,1
exp_offer_nudge_v1,subj_04984,New Horizon College of Engineering,True,v2.1,False,False,True,2026-09-12T09:00:00+05:30,control,True,True,False,False,False,2
exp_offer_nudge_v1,subj_04985,Dayananda Sagar College of Engineering,True,v2.1,False,False,True,2026-09-12T09:00:00+05:30,treatment,True,False,False,False,False,1
exp_offer_nudge_v1,subj_04986,BMS Institute of Technology,True,v2.1,False,False,True,2026-09-12T09:00:00+05:30,treatment,True,False,True,True,True,4
exp_offer_nudge_v1,subj_04987,PES University,True,v2.1,False,False,True,2026-09-12T09:00:00+05:30,control,True,False,False,False,False,1
exp_offer_nudge_v1,subj_04988,RV College of Engineering,True,v2.1,False,False,True,2026-09-12T09:00:00+05:30,treatment,True,False,False,False,False,1
exp_offer_nudge_v1,subj_04989,CMR Institute of Technology,True,v2.1,False,False,False,2026-09-12T09:00:00+05:30,excluded,False,False,False,False,False,0
exp_offer_nudge_v1,subj_04990,New Horizon College of Engineering,True,v2.1,False,False,True,2026-09-12T09:00:00+05:30,control,True,True,False,False,False,2
exp_offer_nudge_v1,subj_04991,Dayananda Sagar College of Engineering,True,v2.1,False,False,True,2026-09-12T09:00:00+05:30,treatment,True,True,False,False,False,2
exp_offer_nudge_v1,subj_04992,BMS Institute of Technology,True,v2.1,False,False,True,2026-09-12T09:00:00+05:30,treatment,True,True,False,False,False,2
exp_offer_nudge_v1,subj_04993,PES University,True,v2.1,False,False,True,2026-09-12T09:00:00+05:30,treatment,True,False,False,False,False,1
exp_offer_nudge_v1,subj_04994,RV College of Engineering,True,v2.1,False,False,True,2026-09-12T09:00:00+05:30,control,True,False,False,False,False,1
exp_offer_nudge_v1,subj_04995,CMR Institute of Technology,True,v2.1,False,False,True,2026-09-12T09:00:00+05:30,treatment,True,False,False,False,False,1
exp_offer_nudge_v1,subj_04996,New Horizon College of Engineering,True,v2.1,False,False,True,2026-09-12T09:00:00+05:30,control,True,False,False,False,False,1
exp_offer_nudge_v1,subj_04997,Dayananda Sagar College of Engineering,True,v2.1,False,False,True,2026-09-12T09:00:00+05:30,control,True,False,False,False,False,1
exp_offer_nudge_v1,subj_04998,BMS Institute of Technology,True,v2.1,False,False,True,2026-09-12T09:00:00+05:30,treatment,True,False,False,False,False,1
exp_offer_nudge_v1,subj_04999,PES University,True,v2.1,False,False,True,2026-09-12T09:00:00+05:30,excluded,False,False,False,False,False,0
exp_offer_nudge_v1,subj_05000,RV College of Engineering,True,v2.1,False,False,True,2026-09-12T09:00:00+05:30,control,True,False,False,False,False,1
exp_offer_nudge_v1,subj_05001,CMR Institute of Technology,True,v2.1,False,False,True,2026-09-12T09:00:00+05:30,treatment,True,False,False,False,False,1
exp_offer_nudge_v1,subj_05002,New Horizon College of Engineering,True,v2.1,False,False,True,2026-09-12T09:00:00+05:30,treatment,True,True,False,False,False,2
exp_offer_nudge_v1,subj_05003,Dayananda Sagar College of Engineering,True,v2.1,False,False,True,2026-09-12T09:00:00+05:30,control,True,True,False,False,False,2
exp_offer_nudge_v1,subj_05004,BMS Institute of Technology,True,v2.1,False,True,False,2026-09-12T09:00:00+05:30,excluded,False,False,False,False,False,0
exp_offer_nudge_v1,subj_05005,PES University,True,v2.1,False,False,False,2026-09-12T09:00:00+05:30,excluded,False,False,False,False,False,0
exp_offer_nudge_v1,subj_05006,RV College of Engineering,True,v2.1,False,False,True,2026-09-12T09:00:00+05:30,control,True,False,False,False,False,1
exp_offer_nudge_v1,subj_05007,CMR Institute of Technology,True,v2.1,False,False,True,2026-09-12T09:00:00+05:30,treatment,True,True,False,False,False,2
exp_offer_nudge_v1,subj_05008,New Horizon College of Engineering,True,v2.1,False,False,True,2026-09-12T09:00:00+05:30,treatment,True,True,True,True,True,5
exp_offer_nudge_v1,subj_05009,Dayananda Sagar College of Engineering,True,v2.1,False,False,True,2026-09-12T09:00:00+05:30,control,True,False,False,False,False,1
exp_offer_nudge_v1,subj_05010,BMS Institute of Technology,True,v2.1,False,False,True,2026-09-12T09:00:00+05:30,treatment,True,True,True,False,False,3
exp_offer_nudge_v1,subj_05011,PES University,True,v2.1,False,False,True,2026-09-12T09:00:00+05:30,treatment,True,False,False,False,False,1
exp_offer_nudge_v1,subj_05012,RV College of Engineering,True,v2.1,False,False,False,2026-09-12T09:00:00+05:30,excluded,False,False,False,False,False,0
exp_offer_nudge_v1,subj_05013,CMR Institute of Technology,True,v2.1,False,False,True,2026-09-12T09:00:00+05:30,control,True,False,False,False,False,1
exp_offer_nudge_v1,subj_05014,New Horizon College of Engineering,True,v2.1,False,False,True,2026-09-12T09:00:00+05:30,control,True,False,False,False,False,1
exp_offer_nudge_v1,subj_05015,Dayananda Sagar College of Engineering,True,v2.1,False,False,True,2026-09-12T09:00:00+05:30,control,True,True,False,False,False,2
exp_offer_nudge_v1,subj_05016,BMS Institute of Technology,True,v2.1,False,False,True,2026-09-12T09:00:00+05:30,treatment,True,False,False,False,False,1
exp_offer_nudge_v1,subj_05017,PES University,True,v2.1,False,False,True,2026-09-12T09:00:00+05:30,control,True,False,True,True,True,4
exp_offer_nudge_v1,subj_05018,RV College of Engineering,True,v2.1,False,False,True,2026-09-12T09:00:00+05:30,treatment,True,False,False,False,False,1
exp_offer_nudge_v1,subj_05019,CMR Institute of Technology,True,v2.1,False,False,True,2026-09-12T09:00:00+05:30,control,True,False,False,False,False,1
exp_offer_nudge_v1,subj_05020,New Horizon College of Engineering,True,v2.1,False,False,True,2026-09-12T09:00:00+05:30,control,True,False,False,False,False,1
exp_offer_nudge_v1,subj_05021,Dayananda Sagar College of Engineering,True,v2.1,False,False,True,2026-09-12T09:00:00+05:30,treatment,True,False,False,False,False,1
exp_offer_nudge_v1,subj_05022,BMS Institute of Technology,True,v2.1,False,False,True,2026-09-12T09:00:00+05:30,control,True,False,False,False,False,1
exp_offer_nudge_v1,subj_05023,PES University,False,,False,False,False,2026-09-12T09:00:00+05:30,excluded,False,False,False,False,False,0
exp_offer_nudge_v1,subj_05024,RV College of Engineering,True,v2.1,False,False,True,2026-09-12T09:00:00+05:30,treatment,True,True,False,False,False,2
exp_offer_nudge_v1,subj_05025,CMR Institute of Technology,True,v2.1,False,False,True,2026-09-12T09:00:00+05:30,control,True,True,False,False,False,2
exp_offer_nudge_v1,subj_05026,New Horizon College of Engineering,True,v2.1,False,False,True,2026-09-12T09:00:00+05:30,control,True,True,False,False,False,2
exp_offer_nudge_v1,subj_05027,Dayananda Sagar College of Engineering,True,v2.1,False,False,True,2026-09-12T09:00:00+05:30,control,True,False,False,False,False,1
exp_offer_nudge_v1,subj_05028,BMS Institute of Technology,True,v2.1,False,False,True,2026-09-12T09:00:00+05:30,treatment,True,False,True,True,True,4
exp_offer_nudge_v1,subj_05029,PES University,True,v2.1,False,False,True,2026-09-12T09:00:00+05:30,treatment,True,False,False,False,False,1
exp_offer_nudge_v1,subj_05030,RV College of Engineering,True,v2.1,False,False,True,2026-09-12T09:00:00+05:30,treatment,True,False,True,False,False,2
exp_offer_nudge_v1,subj_05031,CMR Institute of Technology,True,v2.1,False,False,True,2026-09-12T09:00:00+05:30,treatment,True,True,False,False,False,2
exp_offer_nudge_v1,subj_05032,New Horizon College of Engineering,True,v2.1,False,False,True,2026-09-12T09:00:00+05:30,excluded,False,False,False,False,False,0
exp_offer_nudge_v1,subj_05033,Dayananda Sagar College of Engineering,True,v2.1,False,False,True,2026-09-12T09:00:00+05:30,excluded,False,False,False,False,False,0
exp_offer_nudge_v1,subj_05034,BMS Institute of Technology,True,v2.1,False,False,True,2026-09-12T09:00:00+05:30,control,True,False,False,False,False,1
exp_offer_nudge_v1,subj_05035,PES University,True,v2.1,False,False,True,2026-09-12T09:00:00+05:30,treatment,True,True,True,True,False,4
exp_offer_nudge_v1,subj_05036,RV College of Engineering,True,v2.1,False,False,True,2026-09-12T09:00:00+05:30,treatment,True,False,False,False,False,1
exp_offer_nudge_v1,subj_05037,CMR Institute of Technology,True,v2.1,False,False,True,2026-09-12T09:00:00+05:30,control,True,True,False,False,False,2
exp_offer_nudge_v1,subj_05038,New Horizon College of Engineering,True,v2.1,False,False,True,2026-09-12T09:00:00+05:30,treatment,True,True,True,False,False,3
exp_offer_nudge_v1,subj_05039,Dayananda Sagar College of Engineering,True,v2.1,False,False,True,2026-09-12T09:00:00+05:30,treatment,True,False,False,False,False,1
exp_offer_nudge_v1,subj_05040,BMS Institute of Technology,True,v2.1,False,False,True,2026-09-12T09:00:00+05:30,treatment,True,False,False,False,False,1
exp_offer_nudge_v1,subj_05041,PES University,True,v2.1,False,False,True,2026-09-12T09:00:00+05:30,control,True,False,False,False,False,1
exp_offer_nudge_v1,subj_05042,RV College of Engineering,True,v2.1,False,False,False,2026-09-12T09:00:00+05:30,excluded,False,False,False,False,False,0
exp_offer_nudge_v1,subj_05043,CMR Institute of Technology,True,v2.1,False,False,True,2026-09-12T09:00:00+05:30,control,True,False,True,True,True,4
exp_offer_nudge_v1,subj_05044,New Horizon College of Engineering,True,v2.1,False,False,True,2026-09-12T09:00:00+05:30,control,True,True,False,False,False,2
exp_offer_nudge_v1,subj_05045,Dayananda Sagar College of Engineering,True,v2.1,False,False,True,2026-09-12T09:00:00+05:30,treatment,True,False,False,False,False,1
exp_offer_nudge_v1,subj_05046,BMS Institute of Technology,True,v2.1,False,True,False,2026-09-12T09:00:00+05:30,excluded,False,False,False,False,False,0
exp_offer_nudge_v1,subj_05047,PES University,True,v2.1,False,False,True,2026-09-12T09:00:00+05:30,treatment,True,False,False,False,False,1
exp_offer_nudge_v1,subj_05048,RV College of Engineering,True,v2.1,False,False,True,2026-09-12T09:00:00+05:30,treatment,True,True,True,True,True,5
exp_offer_nudge_v1,subj_05049,CMR Institute of Technology,True,v2.1,False,False,True,2026-09-12T09:00:00+05:30,control,True,True,False,False,False,2
exp_offer_nudge_v1,subj_05050,New Horizon College of Engineering,True,v2.1,False,False,True,2026-09-12T09:00:00+05:30,treatment,True,False,False,False,False,1
exp_offer_nudge_v1,subj_05051,Dayananda Sagar College of Engineering,True,v2.1,False,False,True,2026-09-12T09:00:00+05:30,control,True,False,False,False,False,1
exp_offer_nudge_v1,subj_05052,BMS Institute of Technology,True,v2.1,False,False,True,2026-09-12T09:00:00+05:30,treatment,True,True,False,False,False,2
exp_offer_nudge_v1,subj_05053,PES University,True,v2.1,False,False,True,2026-09-12T09:00:00+05:30,control,True,False,False,False,False,1
exp_offer_nudge_v1,subj_05054,RV College of Engineering,False,,False,False,False,2026-09-12T09:00:00+05:30,excluded,False,False,False,False,False,0
exp_offer_nudge_v1,subj_05055,CMR Institute of Technology,True,v2.1,False,False,True,2026-09-12T09:00:00+05:30,treatment,True,False,False,False,False,1
exp_offer_nudge_v1,subj_05056,New Horizon College of Engineering,True,v2.1,False,False,True,2026-09-12T09:00:00+05:30,treatment,True,True,True,False,False,3
exp_offer_nudge_v1,subj_05057,Dayananda Sagar College of Engineering,True,v2.1,False,False,True,2026-09-12T09:00:00+05:30,control,True,False,True,True,False,3
exp_offer_nudge_v1,subj_05058,BMS Institute of Technology,True,v2.1,False,False,True,2026-09-12T09:00:00+05:30,treatment,True,False,False,False,False,1
exp_offer_nudge_v1,subj_05059,PES University,True,v2.1,False,False,False,2026-09-12T09:00:00+05:30,excluded,False,False,False,False,False,0
exp_offer_nudge_v1,subj_05060,RV College of Engineering,True,v2.1,True,False,False,2026-09-12T09:00:00+05:30,excluded,False,False,False,False,False,0
exp_offer_nudge_v1,subj_05061,CMR Institute of Technology,True,v2.1,False,False,True,2026-09-12T09:00:00+05:30,control,True,False,False,False,False,1
exp_offer_nudge_v1,subj_05062,New Horizon College of Engineering,True,v2.1,False,False,True,2026-09-12T09:00:00+05:30,treatment,True,True,True,True,False,4
exp_offer_nudge_v1,subj_05063,Dayananda Sagar College of Engineering,True,v2.1,False,False,False,2026-09-12T09:00:00+05:30,excluded,False,False,False,False,False,0
exp_offer_nudge_v1,subj_05064,BMS Institute of Technology,True,v2.1,False,False,True,2026-09-12T09:00:00+05:30,treatment,True,False,False,False,False,1
exp_offer_nudge_v1,subj_05065,PES University,True,v2.1,False,False,True,2026-09-12T09:00:00+05:30,treatment,True,False,True,False,False,2
exp_offer_nudge_v1,subj_05066,RV College of Engineering,True,v2.1,False,False,True,2026-09-12T09:00:00+05:30,control,True,True,False,False,False,2
exp_offer_nudge_v1,subj_05067,CMR Institute of Technology,True,v2.1,False,False,True,2026-09-12T09:00:00+05:30,treatment,True,False,False,False,False,1
exp_offer_nudge_v1,subj_05068,New Horizon College of Engineering,True,v2.1,False,False,True,2026-09-12T09:00:00+05:30,excluded,False,False,False,False,False,0
exp_offer_nudge_v1,subj_05069,Dayananda Sagar College of Engineering,True,v2.1,False,False,True,2026-09-12T09:00:00+05:30,control,True,False,False,False,False,1
exp_offer_nudge_v1,subj_05070,BMS Institute of Technology,True,v2.1,False,False,True,2026-09-12T09:00:00+05:30,treatment,True,False,True,False,False,2
exp_offer_nudge_v1,subj_05071,PES University,True,v2.1,False,False,True,2026-09-12T09:00:00+05:30,treatment,True,True,True,True,True,5
exp_offer_nudge_v1,subj_05072,RV College of Engineering,True,v2.1,False,False,True,2026-09-12T09:00:00+05:30,treatment,True,True,False,False,False,2
exp_offer_nudge_v1,subj_05073,CMR Institute of Technology,True,v2.1,False,False,True,2026-09-12T09:00:00+05:30,control,True,True,False,False,False,2
exp_offer_nudge_v1,subj_05074,New Horizon College of Engineering,True,v2.1,False,False,True,2026-09-12T09:00:00+05:30,treatment,True,False,True,False,False,2
exp_offer_nudge_v1,subj_05075,Dayananda Sagar College of Engineering,True,v2.1,False,False,True,2026-09-12T09:00:00+05:30,control,True,False,True,True,True,4
exp_offer_nudge_v1,subj_05076,BMS Institute of Technology,True,v2.1,False,False,True,2026-09-12T09:00:00+05:30,treatment,True,False,True,False,False,2
exp_offer_nudge_v1,subj_05077,PES University,True,v2.1,False,False,True,2026-09-12T09:00:00+05:30,control,True,False,False,False,False,1
exp_offer_nudge_v1,subj_05078,RV College of Engineering,True,v2.1,False,False,True,2026-09-12T09:00:00+05:30,control,True,False,False,False,False,1
exp_offer_nudge_v1,subj_05079,CMR Institute of Technology,True,v2.1,False,False,True,2026-09-12T09:00:00+05:30,treatment,True,True,False,False,False,2
exp_offer_nudge_v1,subj_05080,New Horizon College of Engineering,True,v2.1,False,False,True,2026-09-12T09:00:00+05:30,control,True,True,False,False,False,2
exp_offer_nudge_v1,subj_05081,Dayananda Sagar College of Engineering,True,v2.1,False,False,True,2026-09-12T09:00:00+05:30,treatment,True,True,False,False,False,2
exp_offer_nudge_v1,subj_05082,BMS Institute of Technology,True,v2.1,False,False,True,2026-09-12T09:00:00+05:30,treatment,True,False,False,False,False,1
exp_offer_nudge_v1,subj_05083,PES University,True,v2.1,False,False,True,2026-09-12T09:00:00+05:30,treatment,True,True,False,False,False,2
exp_offer_nudge_v1,subj_05084,RV College of Engineering,True,v2.1,False,False,True,2026-09-12T09:00:00+05:30,control,True,True,False,False,False,2
exp_offer_nudge_v1,subj_05085,CMR Institute of Technology,True,v2.1,False,False,True,2026-09-12T09:00:00+05:30,control,True,False,False,False,False,1
exp_offer_nudge_v1,subj_05086,New Horizon College of Engineering,True,v2.1,False,False,True,2026-09-12T09:00:00+05:30,treatment,True,False,True,True,True,4
exp_offer_nudge_v1,subj_05087,Dayananda Sagar College of Engineering,True,v2.1,False,False,True,2026-09-12T09:00:00+05:30,treatment,True,False,False,False,False,1
exp_offer_nudge_v1,subj_05088,BMS Institute of Technology,True,v2.1,False,False,True,2026-09-12T09:00:00+05:30,control,True,True,True,False,False,3
exp_offer_nudge_v1,subj_05089,PES University,True,v2.1,False,False,True,2026-09-12T09:00:00+05:30,control,True,False,True,True,True,4
exp_offer_nudge_v1,subj_05090,RV College of Engineering,True,v2.1,False,False,True,2026-09-12T09:00:00+05:30,treatment,True,False,False,False,False,1
exp_offer_nudge_v1,subj_05091,CMR Institute of Technology,True,v2.1,False,False,True,2026-09-12T09:00:00+05:30,treatment,True,False,False,False,False,1
exp_offer_nudge_v1,subj_05092,New Horizon College of Engineering,True,v2.1,False,False,True,2026-09-12T09:00:00+05:30,control,True,True,False,False,False,2
exp_offer_nudge_v1,subj_05093,Dayananda Sagar College of Engineering,True,v2.1,False,False,True,2026-09-12T09:00:00+05:30,treatment,True,False,False,False,False,1
exp_offer_nudge_v1,subj_05094,BMS Institute of Technology,True,v2.1,False,False,True,2026-09-12T09:00:00+05:30,control,True,False,False,False,False,1
exp_offer_nudge_v1,subj_05095,PES University,True,v2.1,False,False,True,2026-09-12T09:00:00+05:30,treatment,True,True,False,False,False,2
exp_offer_nudge_v1,subj_05096,RV College of Engineering,True,v2.1,False,False,True,2026-09-12T09:00:00+05:30,control,True,False,False,False,False,1
exp_offer_nudge_v1,subj_05097,CMR Institute of Technology,True,v2.1,False,False,True,2026-09-12T09:00:00+05:30,control,True,False,False,False,False,1
exp_offer_nudge_v1,subj_05098,New Horizon College of Engineering,True,v2.1,False,False,False,2026-09-12T09:00:00+05:30,excluded,False,False,False,False,False,0
exp_offer_nudge_v1,subj_05099,Dayananda Sagar College of Engineering,True,v2.1,False,False,True,2026-09-12T09:00:00+05:30,treatment,True,True,False,False,False,2
exp_offer_nudge_v1,subj_05100,BMS Institute of Technology,True,v2.1,False,False,False,2026-09-12T09:00:00+05:30,excluded,False,False,False,False,False,0
exp_offer_nudge_v1,subj_05101,PES University,True,v2.1,False,False,True,2026-09-12T09:00:00+05:30,treatment,True,False,False,False,False,1
exp_offer_nudge_v1,subj_05102,RV College of Engineering,True,v2.1,False,False,True,2026-09-12T09:00:00+05:30,treatment,True,False,True,True,True,4
exp_offer_nudge_v1,subj_05103,CMR Institute of Technology,True,v2.1,False,False,True,2026-09-12T09:00:00+05:30,treatment,True,True,False,False,False,2
exp_offer_nudge_v1,subj_05104,New Horizon College of Engineering,True,v2.1,False,False,True,2026-09-12T09:00:00+05:30,treatment,True,False,False,False,False,1
exp_offer_nudge_v1,subj_05105,Dayananda Sagar College of Engineering,True,v2.1,False,False,True,2026-09-12T09:00:00+05:30,control,True,True,False,False,False,2
exp_offer_nudge_v1,subj_05106,BMS Institute of Technology,True,v2.1,False,False,True,2026-09-12T09:00:00+05:30,treatment,True,True,False,False,False,2
exp_offer_nudge_v1,subj_05107,PES University,True,v2.1,False,False,True,2026-09-12T09:00:00+05:30,control,True,True,False,False,False,2
exp_offer_nudge_v1,subj_05108,RV College of Engineering,True,v2.1,False,False,True,2026-09-12T09:00:00+05:30,treatment,True,True,False,False,False,2
exp_offer_nudge_v1,subj_05109,CMR Institute of Technology,True,v2.1,False,False,True,2026-09-12T09:00:00+05:30,control,True,False,False,False,False,1
exp_offer_nudge_v1,subj_05110,New Horizon College of Engineering,True,v2.1,False,False,True,2026-09-12T09:00:00+05:30,treatment,True,False,False,False,False,1
exp_offer_nudge_v1,subj_05111,Dayananda Sagar College of Engineering,True,v2.1,False,False,True,2026-09-12T09:00:00+05:30,treatment,True,False,False,False,False,1
exp_offer_nudge_v1,subj_05112,BMS Institute of Technology,True,v2.1,False,False,True,2026-09-12T09:00:00+05:30,control,True,True,False,False,False,2
exp_offer_nudge_v1,subj_05113,PES University,True,v2.1,False,False,True,2026-09-12T09:00:00+05:30,control,True,False,True,True,True,4
exp_offer_nudge_v1,subj_05114,RV College of Engineering,True,v2.1,False,False,True,2026-09-12T09:00:00+05:30,control,True,False,False,False,False,1
exp_offer_nudge_v1,subj_05115,CMR Institute of Technology,True,v2.1,False,False,True,2026-09-12T09:00:00+05:30,control,True,False,False,False,False,1
exp_offer_nudge_v1,subj_05116,New Horizon College of Engineering,True,v2.1,False,False,True,2026-09-12T09:00:00+05:30,control,True,False,False,False,False,1
exp_offer_nudge_v1,subj_05117,Dayananda Sagar College of Engineering,True,v2.1,False,False,True,2026-09-12T09:00:00+05:30,control,True,False,False,False,False,1
exp_offer_nudge_v1,subj_05118,BMS Institute of Technology,True,v2.1,False,False,True,2026-09-12T09:00:00+05:30,treatment,True,False,False,False,False,1
exp_offer_nudge_v1,subj_05119,PES University,True,v2.1,False,False,True,2026-09-12T09:00:00+05:30,control,True,True,False,False,False,2
exp_offer_nudge_v1,subj_05120,RV College of Engineering,True,v2.1,False,False,True,2026-09-12T09:00:00+05:30,control,True,True,True,True,True,5
exp_offer_nudge_v1,subj_05121,CMR Institute of Technology,True,v2.1,False,False,True,2026-09-12T09:00:00+05:30,treatment,True,False,True,True,False,3
exp_offer_nudge_v1,subj_05122,New Horizon College of Engineering,True,v2.1,False,False,True,2026-09-12T09:00:00+05:30,control,True,True,True,True,True,5
exp_offer_nudge_v1,subj_05123,Dayananda Sagar College of Engineering,True,v2.1,False,False,False,2026-09-12T09:00:00+05:30,excluded,False,False,False,False,False,0
exp_offer_nudge_v1,subj_05124,BMS Institute of Technology,True,v2.1,False,False,True,2026-09-12T09:00:00+05:30,treatment,True,False,False,False,False,1
exp_offer_nudge_v1,subj_05125,PES University,True,v2.1,False,False,True,2026-09-12T09:00:00+05:30,control,True,False,False,False,False,1
exp_offer_nudge_v1,subj_05126,RV College of Engineering,True,v2.1,False,False,True,2026-09-12T09:00:00+05:30,control,True,False,False,False,False,1
exp_offer_nudge_v1,subj_05127,CMR Institute of Technology,False,,False,False,False,2026-09-12T09:00:00+05:30,excluded,False,False,False,False,False,0
exp_offer_nudge_v1,subj_05128,New Horizon College of Engineering,True,v2.1,False,False,True,2026-09-12T09:00:00+05:30,treatment,True,False,False,False,False,1
exp_offer_nudge_v1,subj_05129,Dayananda Sagar College of Engineering,True,v2.1,False,False,False,2026-09-12T09:00:00+05:30,excluded,False,False,False,False,False,0
exp_offer_nudge_v1,subj_05130,BMS Institute of Technology,True,v2.1,False,False,True,2026-09-12T09:00:00+05:30,treatment,True,False,False,False,False,1
exp_offer_nudge_v1,subj_05131,PES University,True,v2.1,False,False,True,2026-09-12T09:00:00+05:30,treatment,True,True,False,False,False,2
exp_offer_nudge_v1,subj_05132,RV College of Engineering,True,v2.1,False,False,True,2026-09-12T09:00:00+05:30,treatment,True,True,True,False,False,3
exp_offer_nudge_v1,subj_05133,CMR Institute of Technology,True,v2.1,False,False,True,2026-09-12T09:00:00+05:30,control,True,False,False,False,False,1
exp_offer_nudge_v1,subj_05134,New Horizon College of Engineering,True,v2.1,False,False,True,2026-09-12T09:00:00+05:30,control,True,False,False,False,False,1
exp_offer_nudge_v1,subj_05135,Dayananda Sagar College of Engineering,True,v2.1,False,False,True,2026-09-12T09:00:00+05:30,treatment,True,False,True,True,False,3
exp_offer_nudge_v1,subj_05136,BMS Institute of Technology,True,v2.1,False,False,True,2026-09-12T09:00:00+05:30,treatment,True,True,True,False,False,3
exp_offer_nudge_v1,subj_05137,PES University,True,v2.1,False,False,True,2026-09-12T09:00:00+05:30,control,True,True,False,False,False,2
exp_offer_nudge_v1,subj_05138,RV College of Engineering,True,v2.1,False,False,True,2026-09-12T09:00:00+05:30,control,True,False,True,True,False,3
exp_offer_nudge_v1,subj_05139,CMR Institute of Technology,False,,False,False,False,2026-09-12T09:00:00+05:30,excluded,False,False,False,False,False,0
exp_offer_nudge_v1,subj_05140,New Horizon College of Engineering,True,v2.1,False,False,True,2026-09-12T09:00:00+05:30,treatment,True,True,False,False,False,2
exp_offer_nudge_v1,subj_05141,Dayananda Sagar College of Engineering,True,v2.1,False,False,True,2026-09-12T09:00:00+05:30,treatment,True,True,False,False,False,2
exp_offer_nudge_v1,subj_05142,BMS Institute of Technology,True,v2.1,False,False,True,2026-09-12T09:00:00+05:30,treatment,True,True,True,True,False,4
exp_offer_nudge_v1,subj_05143,PES University,True,v2.1,False,False,True,2026-09-12T09:00:00+05:30,control,True,False,False,False,False,1
exp_offer_nudge_v1,subj_05144,RV College of Engineering,False,,False,False,False,2026-09-12T09:00:00+05:30,excluded,False,False,False,False,False,0
exp_offer_nudge_v1,subj_05145,CMR Institute of Technology,True,v2.1,False,False,True,2026-09-12T09:00:00+05:30,treatment,True,True,False,False,False,2
exp_offer_nudge_v1,subj_05146,New Horizon College of Engineering,True,v2.1,False,False,True,2026-09-12T09:00:00+05:30,control,True,False,False,False,False,1
exp_offer_nudge_v1,subj_05147,Dayananda Sagar College of Engineering,True,v2.1,False,False,True,2026-09-12T09:00:00+05:30,treatment,True,True,False,False,False,2
exp_offer_nudge_v1,subj_05148,BMS Institute of Technology,True,v2.1,False,False,True,2026-09-12T09:00:00+05:30,treatment,True,False,False,False,False,1
exp_offer_nudge_v1,subj_05149,PES University,True,v2.1,False,False,False,2026-09-12T09:00:00+05:30,excluded,False,False,False,False,False,0
exp_offer_nudge_v1,subj_05150,RV College of Engineering,True,v2.1,False,False,True,2026-09-12T09:00:00+05:30,treatment,True,False,False,False,False,1
exp_offer_nudge_v1,subj_05151,CMR Institute of Technology,True,v2.1,False,False,True,2026-09-12T09:00:00+05:30,control,True,False,False,False,False,1
exp_offer_nudge_v1,subj_05152,New Horizon College of Engineering,True,v2.1,False,False,True,2026-09-12T09:00:00+05:30,treatment,True,True,False,False,False,2
exp_offer_nudge_v1,subj_05153,Dayananda Sagar College of Engineering,True,v2.1,False,False,True,2026-09-12T09:00:00+05:30,treatment,True,True,False,False,False,2
exp_offer_nudge_v1,subj_05154,BMS Institute of Technology,True,v2.1,False,False,True,2026-09-12T09:00:00+05:30,control,True,False,False,False,False,1
exp_offer_nudge_v1,subj_05155,PES University,True,v2.1,False,False,True,2026-09-12T09:00:00+05:30,treatment,True,False,False,False,False,1
exp_offer_nudge_v1,subj_05156,RV College of Engineering,True,v2.1,False,False,True,2026-09-12T09:00:00+05:30,control,True,True,False,False,False,2
exp_offer_nudge_v1,subj_05157,CMR Institute of Technology,True,v2.1,False,False,True,2026-09-12T09:00:00+05:30,treatment,True,True,False,False,False,2
exp_offer_nudge_v1,subj_05158,New Horizon College of Engineering,True,v2.1,False,False,True,2026-09-12T09:00:00+05:30,treatment,True,False,False,False,False,1
exp_offer_nudge_v1,subj_05159,Dayananda Sagar College of Engineering,True,v2.1,False,False,True,2026-09-12T09:00:00+05:30,control,True,False,False,False,False,1
exp_offer_nudge_v1,subj_05160,BMS Institute of Technology,True,v2.1,False,False,True,2026-09-12T09:00:00+05:30,treatment,True,False,False,False,False,1
exp_offer_nudge_v1,subj_05161,PES University,True,v2.1,False,False,True,2026-09-12T09:00:00+05:30,control,True,False,True,True,False,3
exp_offer_nudge_v1,subj_05162,RV College of Engineering,True,v2.1,False,False,True,2026-09-12T09:00:00+05:30,control,True,False,False,False,False,1
exp_offer_nudge_v1,subj_05163,CMR Institute of Technology,True,v2.1,False,False,True,2026-09-12T09:00:00+05:30,control,True,False,False,False,False,1
exp_offer_nudge_v1,subj_05164,New Horizon College of Engineering,True,v2.1,False,False,True,2026-09-12T09:00:00+05:30,treatment,True,False,False,False,False,1
exp_offer_nudge_v1,subj_05165,Dayananda Sagar College of Engineering,True,v2.1,False,False,True,2026-09-12T09:00:00+05:30,treatment,True,False,False,False,False,1
exp_offer_nudge_v1,subj_05166,BMS Institute of Technology,True,v2.1,False,False,True,2026-09-12T09:00:00+05:30,treatment,True,False,False,False,False,1
exp_offer_nudge_v1,subj_05167,PES University,True,v2.1,False,False,True,2026-09-12T09:00:00+05:30,control,True,False,True,True,True,4
exp_offer_nudge_v1,subj_05168,RV College of Engineering,True,v2.1,False,False,True,2026-09-12T09:00:00+05:30,treatment,True,False,False,False,False,1
exp_offer_nudge_v1,subj_05169,CMR Institute of Technology,True,v2.1,False,False,True,2026-09-12T09:00:00+05:30,treatment,True,True,False,False,False,2
exp_offer_nudge_v1,subj_05170,New Horizon College of Engineering,True,v2.1,False,False,True,2026-09-12T09:00:00+05:30,treatment,True,True,False,False,False,2
exp_offer_nudge_v1,subj_05171,Dayananda Sagar College of Engineering,True,v2.1,False,True,False,2026-09-12T09:00:00+05:30,excluded,False,False,False,False,False,0
exp_offer_nudge_v1,subj_05172,BMS Institute of Technology,True,v2.1,False,False,True,2026-09-12T09:00:00+05:30,control,True,False,True,False,False,2
exp_offer_nudge_v1,subj_05173,PES University,True,v2.1,False,True,False,2026-09-12T09:00:00+05:30,excluded,False,False,False,False,False,0
exp_offer_nudge_v1,subj_05174,RV College of Engineering,True,v2.1,False,False,False,2026-09-12T09:00:00+05:30,excluded,False,False,False,False,False,0
exp_offer_nudge_v1,subj_05175,CMR Institute of Technology,True,v2.1,False,False,False,2026-09-12T09:00:00+05:30,excluded,False,False,False,False,False,0
exp_offer_nudge_v1,subj_05176,New Horizon College of Engineering,True,v2.1,False,False,True,2026-09-12T09:00:00+05:30,control,True,False,False,False,False,1
exp_offer_nudge_v1,subj_05177,Dayananda Sagar College of Engineering,True,v2.1,False,False,True,2026-09-12T09:00:00+05:30,treatment,True,False,False,False,False,1
exp_offer_nudge_v1,subj_05178,BMS Institute of Technology,True,v2.1,False,False,True,2026-09-12T09:00:00+05:30,control,True,True,False,False,False,2
exp_offer_nudge_v1,subj_05179,PES University,True,v2.1,True,False,False,2026-09-12T09:00:00+05:30,excluded,False,False,False,False,False,0
exp_offer_nudge_v1,subj_05180,RV College of Engineering,True,v2.1,False,False,True,2026-09-12T09:00:00+05:30,treatment,True,True,False,False,False,2
exp_offer_nudge_v1,subj_05181,CMR Institute of Technology,True,v2.1,False,False,False,2026-09-12T09:00:00+05:30,excluded,False,False,False,False,False,0
exp_offer_nudge_v1,subj_05182,New Horizon College of Engineering,False,,False,False,False,2026-09-12T09:00:00+05:30,excluded,False,False,False,False,False,0
exp_offer_nudge_v1,subj_05183,Dayananda Sagar College of Engineering,True,v2.1,True,False,False,2026-09-12T09:00:00+05:30,excluded,False,False,False,False,False,0
exp_offer_nudge_v1,subj_05184,BMS Institute of Technology,True,v2.1,False,False,True,2026-09-12T09:00:00+05:30,treatment,True,False,False,False,False,1
exp_offer_nudge_v1,subj_05185,PES University,True,v2.1,False,False,True,2026-09-12T09:00:00+05:30,treatment,True,False,False,False,False,1
exp_offer_nudge_v1,subj_05186,RV College of Engineering,True,v2.1,False,False,False,2026-09-12T09:00:00+05:30,excluded,False,False,False,False,False,0
exp_offer_nudge_v1,subj_05187,CMR Institute of Technology,True,v2.1,False,False,True,2026-09-12T09:00:00+05:30,control,True,False,True,False,False,2
exp_offer_nudge_v1,subj_05188,New Horizon College of Engineering,True,v2.1,False,False,True,2026-09-12T09:00:00+05:30,control,True,False,False,False,False,1
exp_offer_nudge_v1,subj_05189,Dayananda Sagar College of Engineering,True,v2.1,False,False,True,2026-09-12T09:00:00+05:30,control,True,False,False,False,False,1
exp_offer_nudge_v1,subj_05190,BMS Institute of Technology,True,v2.1,False,False,True,2026-09-12T09:00:00+05:30,treatment,True,True,False,False,False,2
exp_offer_nudge_v1,subj_05191,PES University,True,v2.1,False,False,True,2026-09-12T09:00:00+05:30,treatment,True,True,False,False,False,2
exp_offer_nudge_v1,subj_05192,RV College of Engineering,True,v2.1,False,False,True,2026-09-12T09:00:00+05:30,treatment,True,True,False,False,False,2
exp_offer_nudge_v1,subj_05193,CMR Institute of Technology,True,v2.1,False,False,False,2026-09-12T09:00:00+05:30,excluded,False,False,False,False,False,0
exp_offer_nudge_v1,subj_05194,New Horizon College of Engineering,True,v2.1,False,False,True,2026-09-12T09:00:00+05:30,control,True,False,False,False,False,1
exp_offer_nudge_v1,subj_05195,Dayananda Sagar College of Engineering,True,v2.1,False,False,True,2026-09-12T09:00:00+05:30,control,True,True,False,False,False,2
exp_offer_nudge_v1,subj_05196,BMS Institute of Technology,True,v2.1,False,False,True,2026-09-12T09:00:00+05:30,control,True,True,False,False,False,2
exp_offer_nudge_v1,subj_05197,PES University,True,v2.1,False,False,True,2026-09-12T09:00:00+05:30,treatment,True,False,False,False,False,1
exp_offer_nudge_v1,subj_05198,RV College of Engineering,True,v2.1,False,False,True,2026-09-12T09:00:00+05:30,treatment,True,True,False,False,False,2
exp_offer_nudge_v1,subj_05199,CMR Institute of Technology,True,v2.1,False,False,False,2026-09-12T09:00:00+05:30,excluded,False,False,False,False,False,0
exp_offer_nudge_v1,subj_05200,New Horizon College of Engineering,True,v2.1,False,False,True,2026-09-12T09:00:00+05:30,control,True,True,False,False,False,2
exp_offer_nudge_v1,subj_05201,Dayananda Sagar College of Engineering,True,v2.1,False,False,True,2026-09-12T09:00:00+05:30,treatment,True,False,False,False,False,1
exp_offer_nudge_v1,subj_05202,BMS Institute of Technology,True,v2.1,False,False,False,2026-09-12T09:00:00+05:30,excluded,False,False,False,False,False,0
exp_offer_nudge_v1,subj_05203,PES University,True,v2.1,False,False,True,2026-09-12T09:00:00+05:30,treatment,True,True,False,False,False,2
exp_offer_nudge_v1,subj_05204,RV College of Engineering,True,v2.1,False,False,False,2026-09-12T09:00:00+05:30,excluded,False,False,False,False,False,0
exp_offer_nudge_v1,subj_05205,CMR Institute of Technology,True,v2.1,False,False,True,2026-09-12T09:00:00+05:30,control,True,False,False,False,False,1
exp_offer_nudge_v1,subj_05206,New Horizon College of Engineering,True,v2.1,False,False,True,2026-09-12T09:00:00+05:30,control,True,False,False,False,False,1
exp_offer_nudge_v1,subj_05207,Dayananda Sagar College of Engineering,True,v2.1,False,False,True,2026-09-12T09:00:00+05:30,treatment,True,False,False,False,False,1
exp_offer_nudge_v1,subj_05208,BMS Institute of Technology,False,,False,False,False,2026-09-12T09:00:00+05:30,excluded,False,False,False,False,False,0
exp_offer_nudge_v1,subj_05209,PES University,False,,False,False,False,2026-09-12T09:00:00+05:30,excluded,False,False,False,False,False,0
exp_offer_nudge_v1,subj_05210,RV College of Engineering,True,v2.1,False,False,False,2026-09-12T09:00:00+05:30,excluded,False,False,False,False,False,0
exp_offer_nudge_v1,subj_05211,CMR Institute of Technology,True,v2.1,False,False,True,2026-09-12T09:00:00+05:30,treatment,True,False,True,True,True,4
exp_offer_nudge_v1,subj_05212,New Horizon College of Engineering,True,v2.1,False,False,True,2026-09-12T09:00:00+05:30,control,True,False,True,True,False,3
exp_offer_nudge_v1,subj_05213,Dayananda Sagar College of Engineering,True,v2.1,False,False,True,2026-09-12T09:00:00+05:30,control,True,False,False,False,False,1
exp_offer_nudge_v1,subj_05214,BMS Institute of Technology,False,,False,False,False,2026-09-12T09:00:00+05:30,excluded,False,False,False,False,False,0
exp_offer_nudge_v1,subj_05215,PES University,True,v2.1,False,False,True,2026-09-12T09:00:00+05:30,treatment,True,True,False,False,False,2
exp_offer_nudge_v1,subj_05216,RV College of Engineering,True,v2.1,False,False,True,2026-09-12T09:00:00+05:30,treatment,True,False,False,False,False,1
exp_offer_nudge_v1,subj_05217,CMR Institute of Technology,False,,False,True,False,2026-09-12T09:00:00+05:30,excluded,False,False,False,False,False,0
exp_offer_nudge_v1,subj_05218,New Horizon College of Engineering,True,v2.1,False,False,True,2026-09-12T09:00:00+05:30,control,True,False,True,False,False,2
exp_offer_nudge_v1,subj_05219,Dayananda Sagar College of Engineering,True,v2.1,False,False,True,2026-09-12T09:00:00+05:30,treatment,True,True,False,False,False,2
exp_offer_nudge_v1,subj_05220,BMS Institute of Technology,True,v2.1,False,False,True,2026-09-12T09:00:00+05:30,control,True,False,False,False,False,1
exp_offer_nudge_v1,subj_05221,PES University,True,v2.1,False,False,True,2026-09-12T09:00:00+05:30,control,True,False,False,False,False,1
exp_offer_nudge_v1,subj_05222,RV College of Engineering,True,v2.1,False,False,True,2026-09-12T09:00:00+05:30,excluded,False,False,False,False,False,0
exp_offer_nudge_v1,subj_05223,CMR Institute of Technology,True,v2.1,False,False,True,2026-09-12T09:00:00+05:30,control,True,True,False,False,False,2
exp_offer_nudge_v1,subj_05224,New Horizon College of Engineering,True,v2.1,False,False,True,2026-09-12T09:00:00+05:30,treatment,True,False,False,False,False,1
exp_offer_nudge_v1,subj_05225,Dayananda Sagar College of Engineering,True,v2.1,False,False,True,2026-09-12T09:00:00+05:30,treatment,True,True,False,False,False,2
exp_offer_nudge_v1,subj_05226,BMS Institute of Technology,True,v2.1,False,False,True,2026-09-12T09:00:00+05:30,treatment,True,False,False,False,False,1
exp_offer_nudge_v1,subj_05227,PES University,True,v2.1,False,False,True,2026-09-12T09:00:00+05:30,control,True,True,True,True,False,4
exp_offer_nudge_v1,subj_05228,RV College of Engineering,True,v2.1,False,False,True,2026-09-12T09:00:00+05:30,control,True,False,False,False,False,1
exp_offer_nudge_v1,subj_05229,CMR Institute of Technology,True,v2.1,False,False,True,2026-09-12T09:00:00+05:30,control,True,False,True,True,False,3
exp_offer_nudge_v1,subj_05230,New Horizon College of Engineering,True,v2.1,False,False,True,2026-09-12T09:00:00+05:30,treatment,True,True,False,False,False,2
exp_offer_nudge_v1,subj_05231,Dayananda Sagar College of Engineering,True,v2.1,False,False,True,2026-09-12T09:00:00+05:30,control,True,False,False,False,False,1
exp_offer_nudge_v1,subj_05232,BMS Institute of Technology,True,v2.1,False,False,False,2026-09-12T09:00:00+05:30,excluded,False,False,False,False,False,0
exp_offer_nudge_v1,subj_05233,PES University,True,v2.1,False,False,True,2026-09-12T09:00:00+05:30,treatment,True,False,False,False,False,1
exp_offer_nudge_v1,subj_05234,RV College of Engineering,False,,False,False,False,2026-09-12T09:00:00+05:30,excluded,False,False,False,False,False,0
exp_offer_nudge_v1,subj_05235,CMR Institute of Technology,True,v2.1,False,False,True,2026-09-12T09:00:00+05:30,treatment,True,True,False,False,False,2
exp_offer_nudge_v1,subj_05236,New Horizon College of Engineering,True,v2.1,False,False,True,2026-09-12T09:00:00+05:30,treatment,True,True,False,False,False,2
exp_offer_nudge_v1,subj_05237,Dayananda Sagar College of Engineering,True,v2.1,False,False,True,2026-09-12T09:00:00+05:30,control,True,False,True,False,False,2
exp_offer_nudge_v1,subj_05238,BMS Institute of Technology,True,v2.1,False,False,True,2026-09-12T09:00:00+05:30,control,True,True,False,False,False,2
exp_offer_nudge_v1,subj_05239,PES University,True,v2.1,False,False,True,2026-09-12T09:00:00+05:30,treatment,True,True,False,False,False,2
exp_offer_nudge_v1,subj_05240,RV College of Engineering,True,v2.1,False,False,True,2026-09-12T09:00:00+05:30,control,True,False,True,False,False,2
exp_offer_nudge_v1,subj_05241,CMR Institute of Technology,True,v2.1,False,False,True,2026-09-12T09:00:00+05:30,treatment,True,False,False,False,False,1
exp_offer_nudge_v1,subj_05242,New Horizon College of Engineering,True,v2.1,False,False,True,2026-09-12T09:00:00+05:30,excluded,False,False,False,False,False,0
exp_offer_nudge_v1,subj_05243,Dayananda Sagar College of Engineering,False,,False,False,False,2026-09-12T09:00:00+05:30,excluded,False,False,False,False,False,0
exp_offer_nudge_v1,subj_05244,BMS Institute of Technology,True,v2.1,False,False,False,2026-09-12T09:00:00+05:30,excluded,False,False,False,False,False,0
exp_offer_nudge_v1,subj_05245,PES University,True,v2.1,False,False,False,2026-09-12T09:00:00+05:30,excluded,False,False,False,False,False,0
exp_offer_nudge_v1,subj_05246,RV College of Engineering,True,v2.1,False,False,True,2026-09-12T09:00:00+05:30,control,True,False,False,False,False,1
exp_offer_nudge_v1,subj_05247,CMR Institute of Technology,True,v2.1,False,False,True,2026-09-12T09:00:00+05:30,treatment,True,True,False,False,False,2
exp_offer_nudge_v1,subj_05248,New Horizon College of Engineering,True,v2.1,False,False,True,2026-09-12T09:00:00+05:30,control,True,False,False,False,False,1
exp_offer_nudge_v1,subj_05249,Dayananda Sagar College of Engineering,True,v2.1,False,False,True,2026-09-12T09:00:00+05:30,control,True,True,False,False,False,2
exp_offer_nudge_v1,subj_05250,BMS Institute of Technology,True,v2.1,False,False,True,2026-09-12T09:00:00+05:30,control,True,False,False,False,False,1
exp_offer_nudge_v1,subj_05251,PES University,True,v2.1,False,False,True,2026-09-12T09:00:00+05:30,treatment,True,False,False,False,False,1
exp_offer_nudge_v1,subj_05252,RV College of Engineering,True,v2.1,False,False,True,2026-09-12T09:00:00+05:30,control,True,False,False,False,False,1
exp_offer_nudge_v1,subj_05253,CMR Institute of Technology,True,v2.1,False,False,True,2026-09-12T09:00:00+05:30,control,True,True,False,False,False,2
exp_offer_nudge_v1,subj_05254,New Horizon College of Engineering,True,v2.1,False,True,False,2026-09-12T09:00:00+05:30,excluded,False,False,False,False,False,0
exp_offer_nudge_v1,subj_05255,Dayananda Sagar College of Engineering,True,v2.1,False,False,True,2026-09-12T09:00:00+05:30,treatment,True,True,False,False,False,2
exp_offer_nudge_v1,subj_05256,BMS Institute of Technology,True,v2.1,False,False,False,2026-09-12T09:00:00+05:30,excluded,False,False,False,False,False,0
exp_offer_nudge_v1,subj_05257,PES University,True,v2.1,False,False,True,2026-09-12T09:00:00+05:30,treatment,True,False,False,False,False,1
exp_offer_nudge_v1,subj_05258,RV College of Engineering,True,v2.1,False,False,True,2026-09-12T09:00:00+05:30,control,True,False,True,False,False,2
exp_offer_nudge_v1,subj_05259,CMR Institute of Technology,True,v2.1,False,False,True,2026-09-12T09:00:00+05:30,treatment,True,False,False,False,False,1
exp_offer_nudge_v1,subj_05260,New Horizon College of Engineering,True,v2.1,False,False,True,2026-09-12T09:00:00+05:30,treatment,True,True,False,False,False,2
exp_offer_nudge_v1,subj_05261,Dayananda Sagar College of Engineering,True,v2.1,False,False,True,2026-09-12T09:00:00+05:30,control,True,False,False,False,False,1
exp_offer_nudge_v1,subj_05262,BMS Institute of Technology,True,v2.1,False,False,True,2026-09-12T09:00:00+05:30,control,True,False,False,False,False,1
exp_offer_nudge_v1,subj_05263,PES University,True,v2.1,False,False,True,2026-09-12T09:00:00+05:30,treatment,True,False,True,False,False,2
exp_offer_nudge_v1,subj_05264,RV College of Engineering,True,v2.1,False,False,True,2026-09-12T09:00:00+05:30,treatment,True,False,False,False,False,1
exp_offer_nudge_v1,subj_05265,CMR Institute of Technology,True,v2.1,False,False,True,2026-09-12T09:00:00+05:30,control,True,False,False,False,False,1
exp_offer_nudge_v1,subj_05266,New Horizon College of Engineering,True,v2.1,False,False,True,2026-09-12T09:00:00+05:30,treatment,True,False,False,False,False,1
exp_offer_nudge_v1,subj_05267,Dayananda Sagar College of Engineering,True,v2.1,False,False,False,2026-09-12T09:00:00+05:30,excluded,False,False,False,False,False,0
exp_offer_nudge_v1,subj_05268,BMS Institute of Technology,True,v2.1,False,False,False,2026-09-12T09:00:00+05:30,excluded,False,False,False,False,False,0
exp_offer_nudge_v1,subj_05269,PES University,True,v2.1,False,False,True,2026-09-12T09:00:00+05:30,treatment,True,False,True,False,False,2
exp_offer_nudge_v1,subj_05270,RV College of Engineering,True,v2.1,False,False,True,2026-09-12T09:00:00+05:30,control,True,False,False,False,False,1
exp_offer_nudge_v1,subj_05271,CMR Institute of Technology,True,v2.1,False,False,True,2026-09-12T09:00:00+05:30,treatment,True,True,False,False,False,2
exp_offer_nudge_v1,subj_05272,New Horizon College of Engineering,True,v2.1,False,False,True,2026-09-12T09:00:00+05:30,excluded,False,False,False,False,False,0
exp_offer_nudge_v1,subj_05273,Dayananda Sagar College of Engineering,True,v2.1,False,False,True,2026-09-12T09:00:00+05:30,treatment,True,True,False,False,False,2
exp_offer_nudge_v1,subj_05274,BMS Institute of Technology,True,v2.1,False,False,True,2026-09-12T09:00:00+05:30,control,True,False,False,False,False,1
exp_offer_nudge_v1,subj_05275,PES University,True,v2.1,False,False,True,2026-09-12T09:00:00+05:30,treatment,True,True,False,False,False,2
exp_offer_nudge_v1,subj_05276,RV College of Engineering,True,v2.1,False,False,True,2026-09-12T09:00:00+05:30,treatment,True,True,True,False,False,3
exp_offer_nudge_v1,subj_05277,CMR Institute of Technology,True,v2.1,False,False,True,2026-09-12T09:00:00+05:30,control,True,True,False,False,False,2
exp_offer_nudge_v1,subj_05278,New Horizon College of Engineering,True,v2.1,False,False,True,2026-09-12T09:00:00+05:30,control,True,False,True,False,False,2
exp_offer_nudge_v1,subj_05279,Dayananda Sagar College of Engineering,True,v2.1,False,False,True,2026-09-12T09:00:00+05:30,control,True,False,False,False,False,1
exp_offer_nudge_v1,subj_05280,BMS Institute of Technology,True,v2.1,False,False,True,2026-09-12T09:00:00+05:30,treatment,True,False,True,True,False,3
exp_offer_nudge_v1,subj_05281,PES University,True,v2.1,False,False,True,2026-09-12T09:00:00+05:30,control,True,False,False,False,False,1
exp_offer_nudge_v1,subj_05282,RV College of Engineering,True,v2.1,False,False,True,2026-09-12T09:00:00+05:30,treatment,True,True,False,False,False,2
exp_offer_nudge_v1,subj_05283,CMR Institute of Technology,True,v2.1,False,False,True,2026-09-12T09:00:00+05:30,treatment,True,True,True,True,False,4
exp_offer_nudge_v1,subj_05284,New Horizon College of Engineering,True,v2.1,False,False,True,2026-09-12T09:00:00+05:30,control,True,False,False,False,False,1
exp_offer_nudge_v1,subj_05285,Dayananda Sagar College of Engineering,True,v2.1,False,False,True,2026-09-12T09:00:00+05:30,control,True,False,True,True,False,3
exp_offer_nudge_v1,subj_05286,BMS Institute of Technology,True,v2.1,False,False,True,2026-09-12T09:00:00+05:30,control,True,False,False,False,False,1
exp_offer_nudge_v1,subj_05287,PES University,True,v2.1,False,False,True,2026-09-12T09:00:00+05:30,control,True,False,True,False,False,2
exp_offer_nudge_v1,subj_05288,RV College of Engineering,True,v2.1,False,False,True,2026-09-12T09:00:00+05:30,control,True,False,False,False,False,1
exp_offer_nudge_v1,subj_05289,CMR Institute of Technology,False,,False,False,False,2026-09-12T09:00:00+05:30,excluded,False,False,False,False,False,0
exp_offer_nudge_v1,subj_05290,New Horizon College of Engineering,True,v2.1,False,False,True,2026-09-12T09:00:00+05:30,treatment,True,False,False,False,False,1
exp_offer_nudge_v1,subj_05291,Dayananda Sagar College of Engineering,True,v2.1,False,False,True,2026-09-12T09:00:00+05:30,control,True,True,True,True,False,4
exp_offer_nudge_v1,subj_05292,BMS Institute of Technology,True,v2.1,False,False,True,2026-09-12T09:00:00+05:30,treatment,True,False,False,False,False,1
exp_offer_nudge_v1,subj_05293,PES University,True,v2.1,False,False,True,2026-09-12T09:00:00+05:30,control,True,False,True,False,False,2
exp_offer_nudge_v1,subj_05294,RV College of Engineering,True,v2.1,True,True,False,2026-09-12T09:00:00+05:30,excluded,False,False,False,False,False,0
exp_offer_nudge_v1,subj_05295,CMR Institute of Technology,True,v2.1,False,False,True,2026-09-12T09:00:00+05:30,control,True,False,False,False,False,1
exp_offer_nudge_v1,subj_05296,New Horizon College of Engineering,True,v2.1,False,False,True,2026-09-12T09:00:00+05:30,control,True,True,True,True,False,4
exp_offer_nudge_v1,subj_05297,Dayananda Sagar College of Engineering,True,v2.1,False,False,False,2026-09-12T09:00:00+05:30,excluded,False,False,False,False,False,0
exp_offer_nudge_v1,subj_05298,BMS Institute of Technology,True,v2.1,False,False,True,2026-09-12T09:00:00+05:30,treatment,True,False,False,False,False,1
exp_offer_nudge_v1,subj_05299,PES University,True,v2.1,False,False,True,2026-09-12T09:00:00+05:30,treatment,True,True,False,False,False,2
exp_offer_nudge_v1,subj_05300,RV College of Engineering,True,v2.1,False,False,True,2026-09-12T09:00:00+05:30,treatment,True,False,False,False,False,1
exp_offer_nudge_v1,subj_05301,CMR Institute of Technology,True,v2.1,False,False,True,2026-09-12T09:00:00+05:30,control,True,False,False,False,False,1
exp_offer_nudge_v1,subj_05302,New Horizon College of Engineering,True,v2.1,False,False,True,2026-09-12T09:00:00+05:30,treatment,True,False,False,False,False,1
exp_offer_nudge_v1,subj_05303,Dayananda Sagar College of Engineering,True,v2.1,False,False,True,2026-09-12T09:00:00+05:30,treatment,True,False,False,False,False,1
exp_offer_nudge_v1,subj_05304,BMS Institute of Technology,True,v2.1,False,False,True,2026-09-12T09:00:00+05:30,control,True,False,False,False,False,1
exp_offer_nudge_v1,subj_05305,PES University,True,v2.1,False,False,True,2026-09-12T09:00:00+05:30,treatment,True,False,False,False,False,1
exp_offer_nudge_v1,subj_05306,RV College of Engineering,True,v2.1,False,False,True,2026-09-12T09:00:00+05:30,control,True,False,False,False,False,1
exp_offer_nudge_v1,subj_05307,CMR Institute of Technology,True,v2.1,False,False,True,2026-09-12T09:00:00+05:30,treatment,True,False,True,False,False,2
exp_offer_nudge_v1,subj_05308,New Horizon College of Engineering,True,v2.1,False,False,True,2026-09-12T09:00:00+05:30,treatment,True,True,False,False,False,2
exp_offer_nudge_v1,subj_05309,Dayananda Sagar College of Engineering,True,v2.1,False,False,True,2026-09-12T09:00:00+05:30,treatment,True,True,False,False,False,2
exp_offer_nudge_v1,subj_05310,BMS Institute of Technology,True,v2.1,False,False,True,2026-09-12T09:00:00+05:30,control,True,False,False,False,False,1
exp_offer_nudge_v1,subj_05311,PES University,True,v2.1,False,False,True,2026-09-12T09:00:00+05:30,treatment,True,True,False,False,False,2
exp_offer_nudge_v1,subj_05312,RV College of Engineering,True,v2.1,False,False,True,2026-09-12T09:00:00+05:30,treatment,True,False,True,True,False,3
exp_offer_nudge_v1,subj_05313,CMR Institute of Technology,False,,False,False,False,2026-09-12T09:00:00+05:30,excluded,False,False,False,False,False,0
exp_offer_nudge_v1,subj_05314,New Horizon College of Engineering,True,v2.1,False,False,True,2026-09-12T09:00:00+05:30,treatment,True,True,False,False,False,2
exp_offer_nudge_v1,subj_05315,Dayananda Sagar College of Engineering,True,v2.1,False,False,True,2026-09-12T09:00:00+05:30,control,True,False,False,False,False,1
exp_offer_nudge_v1,subj_05316,BMS Institute of Technology,True,v2.1,False,False,True,2026-09-12T09:00:00+05:30,control,True,True,False,False,False,2
exp_offer_nudge_v1,subj_05317,PES University,True,v2.1,False,False,True,2026-09-12T09:00:00+05:30,treatment,True,False,False,False,False,1
exp_offer_nudge_v1,subj_05318,RV College of Engineering,True,v2.1,False,False,True,2026-09-12T09:00:00+05:30,treatment,True,False,False,False,False,1
exp_offer_nudge_v1,subj_05319,CMR Institute of Technology,True,v2.1,False,False,True,2026-09-12T09:00:00+05:30,treatment,True,False,False,False,False,1
exp_offer_nudge_v1,subj_05320,New Horizon College of Engineering,True,v2.1,False,False,True,2026-09-12T09:00:00+05:30,treatment,True,False,False,False,False,1
exp_offer_nudge_v1,subj_05321,Dayananda Sagar College of Engineering,True,v2.1,False,False,True,2026-09-12T09:00:00+05:30,control,True,True,False,False,False,2
exp_offer_nudge_v1,subj_05322,BMS Institute of Technology,True,v2.1,False,False,True,2026-09-12T09:00:00+05:30,treatment,True,False,False,False,False,1
exp_offer_nudge_v1,subj_05323,PES University,True,v2.1,False,False,True,2026-09-12T09:00:00+05:30,control,True,False,False,False,False,1
exp_offer_nudge_v1,subj_05324,RV College of Engineering,True,v2.1,False,False,True,2026-09-12T09:00:00+05:30,control,True,False,False,False,False,1
exp_offer_nudge_v1,subj_05325,CMR Institute of Technology,True,v2.1,False,False,True,2026-09-12T09:00:00+05:30,control,True,False,True,False,False,2
exp_offer_nudge_v1,subj_05326,New Horizon College of Engineering,True,v2.1,False,False,True,2026-09-12T09:00:00+05:30,control,True,False,False,False,False,1
exp_offer_nudge_v1,subj_05327,Dayananda Sagar College of Engineering,True,v2.1,False,False,True,2026-09-12T09:00:00+05:30,control,True,False,False,False,False,1
exp_offer_nudge_v1,subj_05328,BMS Institute of Technology,True,v2.1,False,False,True,2026-09-12T09:00:00+05:30,treatment,True,False,False,False,False,1
exp_offer_nudge_v1,subj_05329,PES University,True,v2.1,False,False,True,2026-09-12T09:00:00+05:30,control,True,True,False,False,False,2
exp_offer_nudge_v1,subj_05330,RV College of Engineering,True,v2.1,False,False,True,2026-09-12T09:00:00+05:30,control,True,False,True,True,False,3
exp_offer_nudge_v1,subj_05331,CMR Institute of Technology,True,v2.1,False,False,True,2026-09-12T09:00:00+05:30,control,True,False,False,False,False,1
exp_offer_nudge_v1,subj_05332,New Horizon College of Engineering,True,v2.1,False,False,True,2026-09-12T09:00:00+05:30,control,True,False,False,False,False,1
exp_offer_nudge_v1,subj_05333,Dayananda Sagar College of Engineering,True,v2.1,False,False,True,2026-09-12T09:00:00+05:30,treatment,True,True,True,False,False,3
exp_offer_nudge_v1,subj_05334,BMS Institute of Technology,True,v2.1,False,False,True,2026-09-12T09:00:00+05:30,treatment,True,False,False,False,False,1
exp_offer_nudge_v1,subj_05335,PES University,True,v2.1,False,False,True,2026-09-12T09:00:00+05:30,treatment,True,False,False,False,False,1
exp_offer_nudge_v1,subj_05336,RV College of Engineering,True,v2.1,False,False,False,2026-09-12T09:00:00+05:30,excluded,False,False,False,False,False,0
exp_offer_nudge_v1,subj_05337,CMR Institute of Technology,True,v2.1,False,False,True,2026-09-12T09:00:00+05:30,control,True,False,False,False,False,1
exp_offer_nudge_v1,subj_05338,New Horizon College of Engineering,True,v2.1,False,False,True,2026-09-12T09:00:00+05:30,treatment,True,False,False,False,False,1
exp_offer_nudge_v1,subj_05339,Dayananda Sagar College of Engineering,False,,False,False,False,2026-09-12T09:00:00+05:30,excluded,False,False,False,False,False,0
exp_offer_nudge_v1,subj_05340,BMS Institute of Technology,True,v2.1,False,False,True,2026-09-12T09:00:00+05:30,control,True,False,False,False,False,1
exp_offer_nudge_v1,subj_05341,PES University,True,v2.1,False,False,True,2026-09-12T09:00:00+05:30,control,True,False,False,False,False,1
exp_offer_nudge_v1,subj_05342,RV College of Engineering,True,v2.1,False,False,True,2026-09-12T09:00:00+05:30,treatment,True,False,False,False,False,1
exp_offer_nudge_v1,subj_05343,CMR Institute of Technology,True,v2.1,False,False,False,2026-09-12T09:00:00+05:30,excluded,False,False,False,False,False,0
exp_offer_nudge_v1,subj_05344,New Horizon College of Engineering,True,v2.1,False,False,True,2026-09-12T09:00:00+05:30,treatment,True,False,False,False,False,1
exp_offer_nudge_v1,subj_05345,Dayananda Sagar College of Engineering,True,v2.1,False,False,True,2026-09-12T09:00:00+05:30,treatment,True,True,False,False,False,2
exp_offer_nudge_v1,subj_05346,BMS Institute of Technology,True,v2.1,False,False,True,2026-09-12T09:00:00+05:30,treatment,True,True,False,False,False,2
exp_offer_nudge_v1,subj_05347,PES University,True,v2.1,False,False,True,2026-09-12T09:00:00+05:30,treatment,True,False,False,False,False,1
exp_offer_nudge_v1,subj_05348,RV College of Engineering,True,v2.1,False,False,True,2026-09-12T09:00:00+05:30,treatment,True,True,False,False,False,2
exp_offer_nudge_v1,subj_05349,CMR Institute of Technology,True,v2.1,False,False,False,2026-09-12T09:00:00+05:30,excluded,False,False,False,False,False,0
exp_offer_nudge_v1,subj_05350,New Horizon College of Engineering,True,v2.1,False,False,True,2026-09-12T09:00:00+05:30,treatment,True,False,False,False,False,1
exp_offer_nudge_v1,subj_05351,Dayananda Sagar College of Engineering,True,v2.1,False,False,False,2026-09-12T09:00:00+05:30,excluded,False,False,False,False,False,0
exp_offer_nudge_v1,subj_05352,BMS Institute of Technology,True,v2.1,False,False,True,2026-09-12T09:00:00+05:30,control,True,True,False,False,False,2
exp_offer_nudge_v1,subj_05353,PES University,True,v2.1,False,False,True,2026-09-12T09:00:00+05:30,treatment,True,True,False,False,False,2
exp_offer_nudge_v1,subj_05354,RV College of Engineering,True,v2.1,False,False,True,2026-09-12T09:00:00+05:30,treatment,True,False,False,False,False,1
exp_offer_nudge_v1,subj_05355,CMR Institute of Technology,True,v2.1,False,False,True,2026-09-12T09:00:00+05:30,treatment,True,False,True,False,False,2
exp_offer_nudge_v1,subj_05356,New Horizon College of Engineering,True,v2.1,False,False,True,2026-09-12T09:00:00+05:30,treatment,True,True,False,False,False,2
exp_offer_nudge_v1,subj_05357,Dayananda Sagar College of Engineering,False,,False,False,False,2026-09-12T09:00:00+05:30,excluded,False,False,False,False,False,0
exp_offer_nudge_v1,subj_05358,BMS Institute of Technology,True,v2.1,False,False,True,2026-09-12T09:00:00+05:30,control,True,True,False,False,False,2
exp_offer_nudge_v1,subj_05359,PES University,True,v2.1,False,False,True,2026-09-12T09:00:00+05:30,control,True,False,False,False,False,1
exp_offer_nudge_v1,subj_05360,RV College of Engineering,True,v2.1,False,False,True,2026-09-12T09:00:00+05:30,treatment,True,False,False,False,False,1
exp_offer_nudge_v1,subj_05361,CMR Institute of Technology,False,,False,False,False,2026-09-12T09:00:00+05:30,excluded,False,False,False,False,False,0
exp_offer_nudge_v1,subj_05362,New Horizon College of Engineering,True,v2.1,False,False,True,2026-09-12T09:00:00+05:30,treatment,True,False,False,False,False,1
exp_offer_nudge_v1,subj_05363,Dayananda Sagar College of Engineering,True,v2.1,False,False,True,2026-09-12T09:00:00+05:30,control,True,False,True,True,True,4
exp_offer_nudge_v1,subj_05364,BMS Institute of Technology,True,v2.1,False,False,True,2026-09-12T09:00:00+05:30,control,True,False,False,False,False,1
exp_offer_nudge_v1,subj_05365,PES University,True,v2.1,False,False,True,2026-09-12T09:00:00+05:30,treatment,True,False,False,False,False,1
exp_offer_nudge_v1,subj_05366,RV College of Engineering,True,v2.1,False,False,False,2026-09-12T09:00:00+05:30,excluded,False,False,False,False,False,0
exp_offer_nudge_v1,subj_05367,CMR Institute of Technology,True,v2.1,False,False,True,2026-09-12T09:00:00+05:30,treatment,True,True,False,False,False,2
exp_offer_nudge_v1,subj_05368,New Horizon College of Engineering,True,v2.1,False,False,False,2026-09-12T09:00:00+05:30,excluded,False,False,False,False,False,0
exp_offer_nudge_v1,subj_05369,Dayananda Sagar College of Engineering,True,v2.1,False,False,True,2026-09-12T09:00:00+05:30,control,True,True,False,False,False,2
exp_offer_nudge_v1,subj_05370,BMS Institute of Technology,False,,False,False,False,2026-09-12T09:00:00+05:30,excluded,False,False,False,False,False,0
exp_offer_nudge_v1,subj_05371,PES University,True,v2.1,False,False,True,2026-09-12T09:00:00+05:30,treatment,True,False,False,False,False,1
exp_offer_nudge_v1,subj_05372,RV College of Engineering,True,v2.1,False,False,True,2026-09-12T09:00:00+05:30,treatment,True,False,False,False,False,1
exp_offer_nudge_v1,subj_05373,CMR Institute of Technology,True,v2.1,False,True,False,2026-09-12T09:00:00+05:30,excluded,False,False,False,False,False,0
exp_offer_nudge_v1,subj_05374,New Horizon College of Engineering,True,v2.1,False,False,False,2026-09-12T09:00:00+05:30,excluded,False,False,False,False,False,0
exp_offer_nudge_v1,subj_05375,Dayananda Sagar College of Engineering,True,v2.1,False,False,False,2026-09-12T09:00:00+05:30,excluded,False,False,False,False,False,0
exp_offer_nudge_v1,subj_05376,BMS Institute of Technology,True,v2.1,False,False,True,2026-09-12T09:00:00+05:30,control,True,True,False,False,False,2
exp_offer_nudge_v1,subj_05377,PES University,True,v2.1,False,False,True,2026-09-12T09:00:00+05:30,treatment,True,False,False,False,False,1
exp_offer_nudge_v1,subj_05378,RV College of Engineering,True,v2.1,False,False,True,2026-09-12T09:00:00+05:30,control,True,False,False,False,False,1
exp_offer_nudge_v1,subj_05379,CMR Institute of Technology,True,v2.1,False,False,True,2026-09-12T09:00:00+05:30,treatment,True,False,True,False,False,2
exp_offer_nudge_v1,subj_05380,New Horizon College of Engineering,True,v2.1,False,False,True,2026-09-12T09:00:00+05:30,treatment,True,False,True,True,False,3
exp_offer_nudge_v1,subj_05381,Dayananda Sagar College of Engineering,True,v2.1,True,False,False,2026-09-12T09:00:00+05:30,excluded,False,False,False,False,False,0
exp_offer_nudge_v1,subj_05382,BMS Institute of Technology,True,v2.1,False,False,True,2026-09-12T09:00:00+05:30,excluded,False,False,False,False,False,0
exp_offer_nudge_v1,subj_05383,PES University,True,v2.1,False,False,True,2026-09-12T09:00:00+05:30,control,True,False,False,False,False,1
exp_offer_nudge_v1,subj_05384,RV College of Engineering,True,v2.1,False,False,True,2026-09-12T09:00:00+05:30,treatment,True,True,False,False,False,2
exp_offer_nudge_v1,subj_05385,CMR Institute of Technology,True,v2.1,False,False,True,2026-09-12T09:00:00+05:30,control,True,False,False,False,False,1
exp_offer_nudge_v1,subj_05386,New Horizon College of Engineering,True,v2.1,True,False,False,2026-09-12T09:00:00+05:30,excluded,False,False,False,False,False,0
exp_offer_nudge_v1,subj_05387,Dayananda Sagar College of Engineering,True,v2.1,False,False,False,2026-09-12T09:00:00+05:30,excluded,False,False,False,False,False,0
exp_offer_nudge_v1,subj_05388,BMS Institute of Technology,True,v2.1,False,False,True,2026-09-12T09:00:00+05:30,control,True,False,False,False,False,1
exp_offer_nudge_v1,subj_05389,PES University,True,v2.1,False,False,True,2026-09-12T09:00:00+05:30,treatment,True,False,False,False,False,1
exp_offer_nudge_v1,subj_05390,RV College of Engineering,True,v2.1,False,False,True,2026-09-12T09:00:00+05:30,treatment,True,True,False,False,False,2
exp_offer_nudge_v1,subj_05391,CMR Institute of Technology,True,v2.1,False,False,True,2026-09-12T09:00:00+05:30,treatment,True,False,False,False,False,1
exp_offer_nudge_v1,subj_05392,New Horizon College of Engineering,True,v2.1,False,False,True,2026-09-12T09:00:00+05:30,treatment,True,True,False,False,False,2
exp_offer_nudge_v1,subj_05393,Dayananda Sagar College of Engineering,True,v2.1,False,False,True,2026-09-12T09:00:00+05:30,control,True,False,False,False,False,1
exp_offer_nudge_v1,subj_05394,BMS Institute of Technology,True,v2.1,False,False,True,2026-09-12T09:00:00+05:30,control,True,True,False,False,False,2
exp_offer_nudge_v1,subj_05395,PES University,True,v2.1,False,False,True,2026-09-12T09:00:00+05:30,treatment,True,True,False,False,False,2
exp_offer_nudge_v1,subj_05396,RV College of Engineering,True,v2.1,False,False,True,2026-09-12T09:00:00+05:30,control,True,False,False,False,False,1
exp_offer_nudge_v1,subj_05397,CMR Institute of Technology,True,v2.1,False,False,True,2026-09-12T09:00:00+05:30,control,True,True,True,True,False,4
exp_offer_nudge_v1,subj_05398,New Horizon College of Engineering,True,v2.1,False,False,True,2026-09-12T09:00:00+05:30,treatment,True,False,False,False,False,1
exp_offer_nudge_v1,subj_05399,Dayananda Sagar College of Engineering,True,v2.1,False,False,True,2026-09-12T09:00:00+05:30,treatment,True,True,False,False,False,2
exp_offer_nudge_v1,subj_05400,BMS Institute of Technology,True,v2.1,False,False,True,2026-09-12T09:00:00+05:30,treatment,True,False,False,False,False,1
exp_offer_nudge_v1,subj_05401,PES University,True,v2.1,True,False,False,2026-09-12T09:00:00+05:30,excluded,False,False,False,False,False,0
exp_offer_nudge_v1,subj_05402,RV College of Engineering,True,v2.1,False,True,False,2026-09-12T09:00:00+05:30,excluded,False,False,False,False,False,0
exp_offer_nudge_v1,subj_05403,CMR Institute of Technology,True,v2.1,False,False,True,2026-09-12T09:00:00+05:30,treatment,True,True,False,False,False,2
exp_offer_nudge_v1,subj_05404,New Horizon College of Engineering,True,v2.1,False,False,True,2026-09-12T09:00:00+05:30,control,True,False,True,True,True,4
exp_offer_nudge_v1,subj_05405,Dayananda Sagar College of Engineering,True,v2.1,False,False,False,2026-09-12T09:00:00+05:30,excluded,False,False,False,False,False,0
exp_offer_nudge_v1,subj_05406,BMS Institute of Technology,True,v2.1,False,False,True,2026-09-12T09:00:00+05:30,treatment,True,False,False,False,False,1
exp_offer_nudge_v1,subj_05407,PES University,True,v2.1,False,False,True,2026-09-12T09:00:00+05:30,control,True,False,False,False,False,1
exp_offer_nudge_v1,subj_05408,RV College of Engineering,True,v2.1,False,False,True,2026-09-12T09:00:00+05:30,treatment,True,True,False,False,False,2
exp_offer_nudge_v1,subj_05409,CMR Institute of Technology,True,v2.1,False,False,True,2026-09-12T09:00:00+05:30,control,True,False,False,False,False,1
exp_offer_nudge_v1,subj_05410,New Horizon College of Engineering,True,v2.1,False,False,False,2026-09-12T09:00:00+05:30,excluded,False,False,False,False,False,0
exp_offer_nudge_v1,subj_05411,Dayananda Sagar College of Engineering,True,v2.1,False,False,True,2026-09-12T09:00:00+05:30,control,True,False,False,False,False,1
exp_offer_nudge_v1,subj_05412,BMS Institute of Technology,True,v2.1,False,False,True,2026-09-12T09:00:00+05:30,control,True,True,False,False,False,2
exp_offer_nudge_v1,subj_05413,PES University,True,v2.1,False,False,True,2026-09-12T09:00:00+05:30,treatment,True,False,False,False,False,1
exp_offer_nudge_v1,subj_05414,RV College of Engineering,True,v2.1,False,False,True,2026-09-12T09:00:00+05:30,control,True,False,True,True,False,3
exp_offer_nudge_v1,subj_05415,CMR Institute of Technology,True,v2.1,False,False,True,2026-09-12T09:00:00+05:30,treatment,True,False,False,False,False,1
exp_offer_nudge_v1,subj_05416,New Horizon College of Engineering,True,v2.1,False,False,True,2026-09-12T09:00:00+05:30,control,True,False,False,False,False,1
exp_offer_nudge_v1,subj_05417,Dayananda Sagar College of Engineering,True,v2.1,False,False,True,2026-09-12T09:00:00+05:30,control,True,False,True,False,False,2
exp_offer_nudge_v1,subj_05418,BMS Institute of Technology,True,v2.1,False,False,False,2026-09-12T09:00:00+05:30,excluded,False,False,False,False,False,0
exp_offer_nudge_v1,subj_05419,PES University,True,v2.1,False,False,True,2026-09-12T09:00:00+05:30,control,True,False,False,False,False,1
exp_offer_nudge_v1,subj_05420,RV College of Engineering,True,v2.1,False,False,True,2026-09-12T09:00:00+05:30,treatment,True,False,False,False,False,1
exp_offer_nudge_v1,subj_05421,CMR Institute of Technology,True,v2.1,False,False,True,2026-09-12T09:00:00+05:30,treatment,True,True,True,True,True,5
exp_offer_nudge_v1,subj_05422,New Horizon College of Engineering,True,v2.1,False,False,True,2026-09-12T09:00:00+05:30,treatment,True,False,False,False,False,1
exp_offer_nudge_v1,subj_05423,Dayananda Sagar College of Engineering,True,v2.1,False,False,True,2026-09-12T09:00:00+05:30,control,True,False,False,False,False,1
exp_offer_nudge_v1,subj_05424,BMS Institute of Technology,True,v2.1,False,False,True,2026-09-12T09:00:00+05:30,control,True,False,False,False,False,1
exp_offer_nudge_v1,subj_05425,PES University,True,v2.1,False,False,False,2026-09-12T09:00:00+05:30,excluded,False,False,False,False,False,0
exp_offer_nudge_v1,subj_05426,RV College of Engineering,True,v2.1,False,False,True,2026-09-12T09:00:00+05:30,control,True,False,False,False,False,1
exp_offer_nudge_v1,subj_05427,CMR Institute of Technology,True,v2.1,False,False,True,2026-09-12T09:00:00+05:30,control,True,True,False,False,False,2
exp_offer_nudge_v1,subj_05428,New Horizon College of Engineering,True,v2.1,False,False,True,2026-09-12T09:00:00+05:30,treatment,True,True,False,False,False,2
exp_offer_nudge_v1,subj_05429,Dayananda Sagar College of Engineering,False,,False,False,False,2026-09-12T09:00:00+05:30,excluded,False,False,False,False,False,0
exp_offer_nudge_v1,subj_05430,BMS Institute of Technology,True,v2.1,False,False,True,2026-09-12T09:00:00+05:30,treatment,True,False,False,False,False,1
exp_offer_nudge_v1,subj_05431,PES University,True,v2.1,False,False,True,2026-09-12T09:00:00+05:30,control,True,True,True,False,False,3
exp_offer_nudge_v1,subj_05432,RV College of Engineering,True,v2.1,False,False,True,2026-09-12T09:00:00+05:30,treatment,True,False,False,False,False,1
exp_offer_nudge_v1,subj_05433,CMR Institute of Technology,True,v2.1,False,False,True,2026-09-12T09:00:00+05:30,treatment,True,False,False,False,False,1
exp_offer_nudge_v1,subj_05434,New Horizon College of Engineering,True,v2.1,False,False,True,2026-09-12T09:00:00+05:30,treatment,True,False,True,True,False,3
exp_offer_nudge_v1,subj_05435,Dayananda Sagar College of Engineering,True,v2.1,False,False,True,2026-09-12T09:00:00+05:30,control,True,False,False,False,False,1
exp_offer_nudge_v1,subj_05436,BMS Institute of Technology,True,v2.1,False,False,False,2026-09-12T09:00:00+05:30,excluded,False,False,False,False,False,0
exp_offer_nudge_v1,subj_05437,PES University,True,v2.1,False,False,False,2026-09-12T09:00:00+05:30,excluded,False,False,False,False,False,0
exp_offer_nudge_v1,subj_05438,RV College of Engineering,True,v2.1,False,False,True,2026-09-12T09:00:00+05:30,control,True,False,True,True,False,3
exp_offer_nudge_v1,subj_05439,CMR Institute of Technology,True,v2.1,False,False,True,2026-09-12T09:00:00+05:30,treatment,True,False,False,False,False,1
exp_offer_nudge_v1,subj_05440,New Horizon College of Engineering,True,v2.1,False,False,True,2026-09-12T09:00:00+05:30,treatment,True,False,False,False,False,1
exp_offer_nudge_v1,subj_05441,Dayananda Sagar College of Engineering,False,,False,False,False,2026-09-12T09:00:00+05:30,excluded,False,False,False,False,False,0
exp_offer_nudge_v1,subj_05442,BMS Institute of Technology,True,v2.1,False,False,True,2026-09-12T09:00:00+05:30,control,True,False,False,False,False,1
exp_offer_nudge_v1,subj_05443,PES University,True,v2.1,False,False,True,2026-09-12T09:00:00+05:30,control,True,False,False,False,False,1
exp_offer_nudge_v1,subj_05444,RV College of Engineering,True,v2.1,False,False,True,2026-09-12T09:00:00+05:30,treatment,True,False,False,False,False,1
exp_offer_nudge_v1,subj_05445,CMR Institute of Technology,True,v2.1,False,False,True,2026-09-12T09:00:00+05:30,control,True,False,False,False,False,1
exp_offer_nudge_v1,subj_05446,New Horizon College of Engineering,True,v2.1,False,False,False,2026-09-12T09:00:00+05:30,excluded,False,False,False,False,False,0
exp_offer_nudge_v1,subj_05447,Dayananda Sagar College of Engineering,True,v2.1,False,False,True,2026-09-12T09:00:00+05:30,treatment,True,False,False,False,False,1
exp_offer_nudge_v1,subj_05448,BMS Institute of Technology,True,v2.1,False,False,False,2026-09-12T09:00:00+05:30,excluded,False,False,False,False,False,0
exp_offer_nudge_v1,subj_05449,PES University,True,v2.1,False,False,True,2026-09-12T09:00:00+05:30,control,True,False,True,True,False,3
exp_offer_nudge_v1,subj_05450,RV College of Engineering,True,v2.1,False,False,True,2026-09-12T09:00:00+05:30,treatment,True,False,True,True,False,3
exp_offer_nudge_v1,subj_05451,CMR Institute of Technology,True,v2.1,False,False,True,2026-09-12T09:00:00+05:30,treatment,True,True,False,False,False,2
exp_offer_nudge_v1,subj_05452,New Horizon College of Engineering,True,v2.1,False,False,True,2026-09-12T09:00:00+05:30,treatment,True,False,False,False,False,1
exp_offer_nudge_v1,subj_05453,Dayananda Sagar College of Engineering,True,v2.1,False,False,True,2026-09-12T09:00:00+05:30,control,True,False,False,False,False,1
exp_offer_nudge_v1,subj_05454,BMS Institute of Technology,True,v2.1,False,False,True,2026-09-12T09:00:00+05:30,treatment,True,False,True,True,True,4
exp_offer_nudge_v1,subj_05455,PES University,True,v2.1,False,False,True,2026-09-12T09:00:00+05:30,control,True,False,False,False,False,1
exp_offer_nudge_v1,subj_05456,RV College of Engineering,True,v2.1,False,False,True,2026-09-12T09:00:00+05:30,control,True,True,False,False,False,2
exp_offer_nudge_v1,subj_05457,CMR Institute of Technology,True,v2.1,False,False,True,2026-09-12T09:00:00+05:30,control,True,False,False,False,False,1
exp_offer_nudge_v1,subj_05458,New Horizon College of Engineering,True,v2.1,False,False,True,2026-09-12T09:00:00+05:30,treatment,True,False,False,False,False,1
exp_offer_nudge_v1,subj_05459,Dayananda Sagar College of Engineering,True,v2.1,False,False,True,2026-09-12T09:00:00+05:30,treatment,True,False,False,False,False,1
exp_offer_nudge_v1,subj_05460,BMS Institute of Technology,True,v2.1,False,False,True,2026-09-12T09:00:00+05:30,control,True,False,False,False,False,1
exp_offer_nudge_v1,subj_05461,PES University,False,,False,False,False,2026-09-12T09:00:00+05:30,excluded,False,False,False,False,False,0
exp_offer_nudge_v1,subj_05462,RV College of Engineering,True,v2.1,False,False,True,2026-09-12T09:00:00+05:30,control,True,False,False,False,False,1
exp_offer_nudge_v1,subj_05463,CMR Institute of Technology,True,v2.1,False,False,True,2026-09-12T09:00:00+05:30,control,True,False,False,False,False,1
exp_offer_nudge_v1,subj_05464,New Horizon College of Engineering,True,v2.1,False,False,True,2026-09-12T09:00:00+05:30,control,True,False,True,True,False,3
exp_offer_nudge_v1,subj_05465,Dayananda Sagar College of Engineering,True,v2.1,False,False,True,2026-09-12T09:00:00+05:30,control,True,True,False,False,False,2
exp_offer_nudge_v1,subj_05466,BMS Institute of Technology,False,,False,False,False,2026-09-12T09:00:00+05:30,excluded,False,False,False,False,False,0
exp_offer_nudge_v1,subj_05467,PES University,True,v2.1,False,False,True,2026-09-12T09:00:00+05:30,control,True,False,False,False,False,1
exp_offer_nudge_v1,subj_05468,RV College of Engineering,True,v2.1,False,False,True,2026-09-12T09:00:00+05:30,control,True,False,False,False,False,1
exp_offer_nudge_v1,subj_05469,CMR Institute of Technology,True,v2.1,False,False,True,2026-09-12T09:00:00+05:30,treatment,True,False,False,False,False,1
exp_offer_nudge_v1,subj_05470,New Horizon College of Engineering,True,v2.1,False,False,True,2026-09-12T09:00:00+05:30,treatment,True,False,False,False,False,1
exp_offer_nudge_v1,subj_05471,Dayananda Sagar College of Engineering,False,,False,False,False,2026-09-12T09:00:00+05:30,excluded,False,False,False,False,False,0
exp_offer_nudge_v1,subj_05472,BMS Institute of Technology,True,v2.1,False,False,True,2026-09-12T09:00:00+05:30,treatment,True,False,False,False,False,1
exp_offer_nudge_v1,subj_05473,PES University,True,v2.1,False,False,True,2026-09-12T09:00:00+05:30,control,True,True,False,False,False,2
exp_offer_nudge_v1,subj_05474,RV College of Engineering,True,v2.1,False,False,True,2026-09-12T09:00:00+05:30,treatment,True,True,False,False,False,2
exp_offer_nudge_v1,subj_05475,CMR Institute of Technology,True,v2.1,False,False,True,2026-09-12T09:00:00+05:30,control,True,True,False,False,False,2
exp_offer_nudge_v1,subj_05476,New Horizon College of Engineering,True,v2.1,False,False,False,2026-09-12T09:00:00+05:30,excluded,False,False,False,False,False,0
exp_offer_nudge_v1,subj_05477,Dayananda Sagar College of Engineering,False,,False,False,False,2026-09-12T09:00:00+05:30,excluded,False,False,False,False,False,0
exp_offer_nudge_v1,subj_05478,BMS Institute of Technology,True,v2.1,False,False,True,2026-09-12T09:00:00+05:30,treatment,True,False,False,False,False,1
exp_offer_nudge_v1,subj_05479,PES University,True,v2.1,False,False,True,2026-09-12T09:00:00+05:30,treatment,True,False,False,False,False,1
exp_offer_nudge_v1,subj_05480,RV College of Engineering,True,v2.1,False,False,True,2026-09-12T09:00:00+05:30,control,True,False,False,False,False,1
exp_offer_nudge_v1,subj_05481,CMR Institute of Technology,True,v2.1,False,False,True,2026-09-12T09:00:00+05:30,control,True,False,False,False,False,1
exp_offer_nudge_v1,subj_05482,New Horizon College of Engineering,True,v2.1,False,False,True,2026-09-12T09:00:00+05:30,control,True,False,False,False,False,1
exp_offer_nudge_v1,subj_05483,Dayananda Sagar College of Engineering,True,v2.1,False,False,True,2026-09-12T09:00:00+05:30,treatment,True,False,False,False,False,1
exp_offer_nudge_v1,subj_05484,BMS Institute of Technology,True,v2.1,False,False,True,2026-09-12T09:00:00+05:30,treatment,True,False,False,False,False,1
exp_offer_nudge_v1,subj_05485,PES University,True,v2.1,False,False,False,2026-09-12T09:00:00+05:30,excluded,False,False,False,False,False,0
exp_offer_nudge_v1,subj_05486,RV College of Engineering,True,v2.1,False,False,True,2026-09-12T09:00:00+05:30,control,True,False,False,False,False,1
exp_offer_nudge_v1,subj_05487,CMR Institute of Technology,True,v2.1,False,False,True,2026-09-12T09:00:00+05:30,control,True,True,False,False,False,2
exp_offer_nudge_v1,subj_05488,New Horizon College of Engineering,True,v2.1,False,False,True,2026-09-12T09:00:00+05:30,control,True,False,False,False,False,1
exp_offer_nudge_v1,subj_05489,Dayananda Sagar College of Engineering,True,v2.1,False,False,True,2026-09-12T09:00:00+05:30,control,True,False,False,False,False,1
exp_offer_nudge_v1,subj_05490,BMS Institute of Technology,True,v2.1,False,False,True,2026-09-12T09:00:00+05:30,treatment,True,True,True,True,True,5
exp_offer_nudge_v1,subj_05491,PES University,False,,False,False,False,2026-09-12T09:00:00+05:30,excluded,False,False,False,False,False,0
exp_offer_nudge_v1,subj_05492,RV College of Engineering,True,v2.1,False,False,True,2026-09-12T09:00:00+05:30,control,True,True,False,False,False,2
exp_offer_nudge_v1,subj_05493,CMR Institute of Technology,True,v2.1,False,False,True,2026-09-12T09:00:00+05:30,control,True,True,False,False,False,2
exp_offer_nudge_v1,subj_05494,New Horizon College of Engineering,True,v2.1,True,False,False,2026-09-12T09:00:00+05:30,excluded,False,False,False,False,False,0
exp_offer_nudge_v1,subj_05495,Dayananda Sagar College of Engineering,False,,False,False,False,2026-09-12T09:00:00+05:30,excluded,False,False,False,False,False,0
exp_offer_nudge_v1,subj_05496,BMS Institute of Technology,True,v2.1,False,False,True,2026-09-12T09:00:00+05:30,treatment,True,True,False,False,False,2
exp_offer_nudge_v1,subj_05497,PES University,True,v2.1,False,False,True,2026-09-12T09:00:00+05:30,control,True,False,False,False,False,1
exp_offer_nudge_v1,subj_05498,RV College of Engineering,True,v2.1,False,False,True,2026-09-12T09:00:00+05:30,control,True,True,False,False,False,2
exp_offer_nudge_v1,subj_05499,CMR Institute of Technology,True,v2.1,False,False,True,2026-09-12T09:00:00+05:30,control,True,True,False,False,False,2
exp_offer_nudge_v1,subj_05500,New Horizon College of Engineering,True,v2.1,False,False,True,2026-09-12T09:00:00+05:30,treatment,True,False,False,False,False,1
exp_offer_nudge_v1,subj_05501,Dayananda Sagar College of Engineering,True,v2.1,False,False,True,2026-09-12T09:00:00+05:30,treatment,True,False,False,False,False,1
exp_offer_nudge_v1,subj_05502,BMS Institute of Technology,True,v2.1,False,False,True,2026-09-12T09:00:00+05:30,treatment,True,False,True,True,True,4
exp_offer_nudge_v1,subj_05503,PES University,True,v2.1,False,False,True,2026-09-12T09:00:00+05:30,treatment,True,True,True,False,False,3
exp_offer_nudge_v1,subj_05504,RV College of Engineering,True,v2.1,False,False,True,2026-09-12T09:00:00+05:30,treatment,True,True,True,True,False,4
exp_offer_nudge_v1,subj_05505,CMR Institute of Technology,True,v2.1,False,False,True,2026-09-12T09:00:00+05:30,treatment,True,False,True,True,True,4
exp_offer_nudge_v1,subj_05506,New Horizon College of Engineering,True,v2.1,False,False,True,2026-09-12T09:00:00+05:30,control,True,False,False,False,False,1
exp_offer_nudge_v1,subj_05507,Dayananda Sagar College of Engineering,True,v2.1,False,False,True,2026-09-12T09:00:00+05:30,control,True,False,False,False,False,1
exp_offer_nudge_v1,subj_05508,BMS Institute of Technology,True,v2.1,False,False,True,2026-09-12T09:00:00+05:30,treatment,True,False,False,False,False,1
exp_offer_nudge_v1,subj_05509,PES University,True,v2.1,False,False,True,2026-09-12T09:00:00+05:30,control,True,False,False,False,False,1
exp_offer_nudge_v1,subj_05510,RV College of Engineering,False,,False,False,False,2026-09-12T09:00:00+05:30,excluded,False,False,False,False,False,0
exp_offer_nudge_v1,subj_05511,CMR Institute of Technology,True,v2.1,False,False,True,2026-09-12T09:00:00+05:30,control,True,False,False,False,False,1
exp_offer_nudge_v1,subj_05512,New Horizon College of Engineering,True,v2.1,False,False,True,2026-09-12T09:00:00+05:30,control,True,True,False,False,False,2
exp_offer_nudge_v1,subj_05513,Dayananda Sagar College of Engineering,True,v2.1,False,False,True,2026-09-12T09:00:00+05:30,control,True,True,False,False,False,2
exp_offer_nudge_v1,subj_05514,BMS Institute of Technology,True,v2.1,False,False,True,2026-09-12T09:00:00+05:30,treatment,True,True,False,False,False,2
exp_offer_nudge_v1,subj_05515,PES University,True,v2.1,False,False,True,2026-09-12T09:00:00+05:30,treatment,True,True,False,False,False,2
exp_offer_nudge_v1,subj_05516,RV College of Engineering,True,v2.1,False,False,True,2026-09-12T09:00:00+05:30,control,True,False,True,True,True,4
exp_offer_nudge_v1,subj_05517,CMR Institute of Technology,True,v2.1,False,False,False,2026-09-12T09:00:00+05:30,excluded,False,False,False,False,False,0
exp_offer_nudge_v1,subj_05518,New Horizon College of Engineering,True,v2.1,False,False,False,2026-09-12T09:00:00+05:30,excluded,False,False,False,False,False,0
exp_offer_nudge_v1,subj_05519,Dayananda Sagar College of Engineering,True,v2.1,False,False,True,2026-09-12T09:00:00+05:30,control,True,False,False,False,False,1
exp_offer_nudge_v1,subj_05520,BMS Institute of Technology,True,v2.1,True,False,False,2026-09-12T09:00:00+05:30,excluded,False,False,False,False,False,0
exp_offer_nudge_v1,subj_05521,PES University,True,v2.1,False,False,True,2026-09-12T09:00:00+05:30,treatment,True,True,True,False,False,3
exp_offer_nudge_v1,subj_05522,RV College of Engineering,True,v2.1,False,False,True,2026-09-12T09:00:00+05:30,treatment,True,False,False,False,False,1
exp_offer_nudge_v1,subj_05523,CMR Institute of Technology,True,v2.1,False,False,True,2026-09-12T09:00:00+05:30,treatment,True,True,False,False,False,2
exp_offer_nudge_v1,subj_05524,New Horizon College of Engineering,True,v2.1,False,False,True,2026-09-12T09:00:00+05:30,treatment,True,True,False,False,False,2
exp_offer_nudge_v1,subj_05525,Dayananda Sagar College of Engineering,True,v2.1,False,False,True,2026-09-12T09:00:00+05:30,control,True,False,False,False,False,1
exp_offer_nudge_v1,subj_05526,BMS Institute of Technology,True,v2.1,False,False,True,2026-09-12T09:00:00+05:30,excluded,False,False,False,False,False,0
exp_offer_nudge_v1,subj_05527,PES University,True,v2.1,False,False,True,2026-09-12T09:00:00+05:30,control,True,True,False,False,False,2
exp_offer_nudge_v1,subj_05528,RV College of Engineering,False,,False,False,False,2026-09-12T09:00:00+05:30,excluded,False,False,False,False,False,0
exp_offer_nudge_v1,subj_05529,CMR Institute of Technology,True,v2.1,False,True,False,2026-09-12T09:00:00+05:30,excluded,False,False,False,False,False,0
exp_offer_nudge_v1,subj_05530,New Horizon College of Engineering,True,v2.1,False,False,True,2026-09-12T09:00:00+05:30,treatment,True,True,False,False,False,2
exp_offer_nudge_v1,subj_05531,Dayananda Sagar College of Engineering,True,v2.1,False,False,True,2026-09-12T09:00:00+05:30,control,True,False,False,False,False,1
exp_offer_nudge_v1,subj_05532,BMS Institute of Technology,True,v2.1,False,False,True,2026-09-12T09:00:00+05:30,treatment,True,False,True,False,False,2
exp_offer_nudge_v1,subj_05533,PES University,True,v2.1,False,False,True,2026-09-12T09:00:00+05:30,control,True,False,False,False,False,1
exp_offer_nudge_v1,subj_05534,RV College of Engineering,False,,False,False,False,2026-09-12T09:00:00+05:30,excluded,False,False,False,False,False,0
exp_offer_nudge_v1,subj_05535,CMR Institute of Technology,True,v2.1,False,False,True,2026-09-12T09:00:00+05:30,control,True,False,False,False,False,1
exp_offer_nudge_v1,subj_05536,New Horizon College of Engineering,True,v2.1,False,False,True,2026-09-12T09:00:00+05:30,control,True,False,True,True,False,3
exp_offer_nudge_v1,subj_05537,Dayananda Sagar College of Engineering,True,v2.1,False,False,False,2026-09-12T09:00:00+05:30,excluded,False,False,False,False,False,0
exp_offer_nudge_v1,subj_05538,BMS Institute of Technology,True,v2.1,False,False,True,2026-09-12T09:00:00+05:30,control,True,False,False,False,False,1
exp_offer_nudge_v1,subj_05539,PES University,True,v2.1,False,False,True,2026-09-12T09:00:00+05:30,excluded,False,False,False,False,False,0
exp_offer_nudge_v1,subj_05540,RV College of Engineering,True,v2.1,False,False,True,2026-09-12T09:00:00+05:30,control,True,False,False,False,False,1
exp_offer_nudge_v1,subj_05541,CMR Institute of Technology,True,v2.1,False,False,True,2026-09-12T09:00:00+05:30,treatment,True,True,False,False,False,2
exp_offer_nudge_v1,subj_05542,New Horizon College of Engineering,True,v2.1,False,False,True,2026-09-12T09:00:00+05:30,treatment,True,False,True,True,False,3
exp_offer_nudge_v1,subj_05543,Dayananda Sagar College of Engineering,True,v2.1,True,False,False,2026-09-12T09:00:00+05:30,excluded,False,False,False,False,False,0
exp_offer_nudge_v1,subj_05544,BMS Institute of Technology,False,,False,False,False,2026-09-12T09:00:00+05:30,excluded,False,False,False,False,False,0
exp_offer_nudge_v1,subj_05545,PES University,True,v2.1,False,True,False,2026-09-12T09:00:00+05:30,excluded,False,False,False,False,False,0
exp_offer_nudge_v1,subj_05546,RV College of Engineering,True,v2.1,False,False,True,2026-09-12T09:00:00+05:30,treatment,True,False,False,False,False,1
exp_offer_nudge_v1,subj_05547,CMR Institute of Technology,True,v2.1,False,False,True,2026-09-12T09:00:00+05:30,treatment,True,False,True,True,False,3
exp_offer_nudge_v1,subj_05548,New Horizon College of Engineering,True,v2.1,False,False,True,2026-09-12T09:00:00+05:30,control,True,False,True,True,False,3
exp_offer_nudge_v1,subj_05549,Dayananda Sagar College of Engineering,True,v2.1,False,False,True,2026-09-12T09:00:00+05:30,treatment,True,False,False,False,False,1
exp_offer_nudge_v1,subj_05550,BMS Institute of Technology,True,v2.1,False,False,True,2026-09-12T09:00:00+05:30,control,True,False,False,False,False,1
exp_offer_nudge_v1,subj_05551,PES University,True,v2.1,False,True,False,2026-09-12T09:00:00+05:30,excluded,False,False,False,False,False,0
exp_offer_nudge_v1,subj_05552,RV College of Engineering,True,v2.1,False,False,True,2026-09-12T09:00:00+05:30,treatment,True,False,False,False,False,1
exp_offer_nudge_v1,subj_05553,CMR Institute of Technology,True,v2.1,False,False,True,2026-09-12T09:00:00+05:30,control,True,True,False,False,False,2
exp_offer_nudge_v1,subj_05554,New Horizon College of Engineering,False,,False,False,False,2026-09-12T09:00:00+05:30,excluded,False,False,False,False,False,0
exp_offer_nudge_v1,subj_05555,Dayananda Sagar College of Engineering,True,v2.1,False,False,True,2026-09-12T09:00:00+05:30,control,True,False,False,False,False,1
exp_offer_nudge_v1,subj_05556,BMS Institute of Technology,True,v2.1,False,False,True,2026-09-12T09:00:00+05:30,treatment,True,False,False,False,False,1
exp_offer_nudge_v1,subj_05557,PES University,True,v2.1,False,False,True,2026-09-12T09:00:00+05:30,treatment,True,False,False,False,False,1
exp_offer_nudge_v1,subj_05558,RV College of Engineering,True,v2.1,False,False,True,2026-09-12T09:00:00+05:30,control,True,False,True,True,True,4
exp_offer_nudge_v1,subj_05559,CMR Institute of Technology,True,v2.1,False,False,True,2026-09-12T09:00:00+05:30,control,True,False,False,False,False,1
exp_offer_nudge_v1,subj_05560,New Horizon College of Engineering,True,v2.1,False,False,True,2026-09-12T09:00:00+05:30,control,True,False,True,True,False,3
exp_offer_nudge_v1,subj_05561,Dayananda Sagar College of Engineering,True,v2.1,False,False,True,2026-09-12T09:00:00+05:30,treatment,True,False,False,False,False,1
exp_offer_nudge_v1,subj_05562,BMS Institute of Technology,False,,False,False,False,2026-09-12T09:00:00+05:30,excluded,False,False,False,False,False,0
exp_offer_nudge_v1,subj_05563,PES University,True,v2.1,False,False,False,2026-09-12T09:00:00+05:30,excluded,False,False,False,False,False,0
exp_offer_nudge_v1,subj_05564,RV College of Engineering,True,v2.1,False,False,True,2026-09-12T09:00:00+05:30,control,True,False,False,False,False,1
exp_offer_nudge_v1,subj_05565,CMR Institute of Technology,False,,False,False,False,2026-09-12T09:00:00+05:30,excluded,False,False,False,False,False,0
exp_offer_nudge_v1,subj_05566,New Horizon College of Engineering,True,v2.1,False,False,True,2026-09-12T09:00:00+05:30,control,True,False,False,False,False,1
exp_offer_nudge_v1,subj_05567,Dayananda Sagar College of Engineering,True,v2.1,False,False,True,2026-09-12T09:00:00+05:30,treatment,True,False,False,False,False,1
exp_offer_nudge_v1,subj_05568,BMS Institute of Technology,True,v2.1,False,False,True,2026-09-12T09:00:00+05:30,control,True,False,True,True,True,4
exp_offer_nudge_v1,subj_05569,PES University,True,v2.1,False,False,False,2026-09-12T09:00:00+05:30,excluded,False,False,False,False,False,0
exp_offer_nudge_v1,subj_05570,RV College of Engineering,True,v2.1,False,False,True,2026-09-12T09:00:00+05:30,control,True,False,False,False,False,1
exp_offer_nudge_v1,subj_05571,CMR Institute of Technology,True,v2.1,False,False,True,2026-09-12T09:00:00+05:30,control,True,True,False,False,False,2
exp_offer_nudge_v1,subj_05572,New Horizon College of Engineering,True,v2.1,False,False,True,2026-09-12T09:00:00+05:30,control,True,False,False,False,False,1
exp_offer_nudge_v1,subj_05573,Dayananda Sagar College of Engineering,True,v2.1,False,False,True,2026-09-12T09:00:00+05:30,treatment,True,True,False,False,False,2
exp_offer_nudge_v1,subj_05574,BMS Institute of Technology,True,v2.1,False,False,True,2026-09-12T09:00:00+05:30,control,True,False,False,False,False,1
exp_offer_nudge_v1,subj_05575,PES University,True,v2.1,False,False,True,2026-09-12T09:00:00+05:30,control,True,False,False,False,False,1
exp_offer_nudge_v1,subj_05576,RV College of Engineering,True,v2.1,False,False,True,2026-09-12T09:00:00+05:30,control,True,False,False,False,False,1
exp_offer_nudge_v1,subj_05577,CMR Institute of Technology,True,v2.1,False,False,True,2026-09-12T09:00:00+05:30,control,True,False,False,False,False,1
exp_offer_nudge_v1,subj_05578,New Horizon College of Engineering,True,v2.1,False,False,True,2026-09-12T09:00:00+05:30,treatment,True,True,False,False,False,2
exp_offer_nudge_v1,subj_05579,Dayananda Sagar College of Engineering,True,v2.1,True,False,False,2026-09-12T09:00:00+05:30,excluded,False,False,False,False,False,0
exp_offer_nudge_v1,subj_05580,BMS Institute of Technology,True,v2.1,False,False,True,2026-09-12T09:00:00+05:30,treatment,True,False,False,False,False,1
exp_offer_nudge_v1,subj_05581,PES University,True,v2.1,False,False,True,2026-09-12T09:00:00+05:30,control,True,False,True,True,True,4
exp_offer_nudge_v1,subj_05582,RV College of Engineering,True,v2.1,False,False,True,2026-09-12T09:00:00+05:30,control,True,False,False,False,False,1
exp_offer_nudge_v1,subj_05583,CMR Institute of Technology,True,v2.1,False,False,True,2026-09-12T09:00:00+05:30,control,True,False,False,False,False,1
exp_offer_nudge_v1,subj_05584,New Horizon College of Engineering,True,v2.1,False,False,True,2026-09-12T09:00:00+05:30,treatment,True,True,False,False,False,2
exp_offer_nudge_v1,subj_05585,Dayananda Sagar College of Engineering,True,v2.1,False,False,True,2026-09-12T09:00:00+05:30,treatment,True,False,False,False,False,1
exp_offer_nudge_v1,subj_05586,BMS Institute of Technology,True,v2.1,False,False,True,2026-09-12T09:00:00+05:30,treatment,True,True,False,False,False,2
exp_offer_nudge_v1,subj_05587,PES University,True,v2.1,False,False,True,2026-09-12T09:00:00+05:30,treatment,True,False,False,False,False,1
exp_offer_nudge_v1,subj_05588,RV College of Engineering,True,v2.1,False,False,True,2026-09-12T09:00:00+05:30,control,True,False,True,False,False,2
exp_offer_nudge_v1,subj_05589,CMR Institute of Technology,True,v2.1,False,False,True,2026-09-12T09:00:00+05:30,control,True,False,False,False,False,1
exp_offer_nudge_v1,subj_05590,New Horizon College of Engineering,True,v2.1,False,False,True,2026-09-12T09:00:00+05:30,control,True,False,False,False,False,1
exp_offer_nudge_v1,subj_05591,Dayananda Sagar College of Engineering,True,v2.1,False,False,True,2026-09-12T09:00:00+05:30,control,True,False,False,False,False,1
exp_offer_nudge_v1,subj_05592,BMS Institute of Technology,True,v2.1,False,False,True,2026-09-12T09:00:00+05:30,control,True,False,False,False,False,1
exp_offer_nudge_v1,subj_05593,PES University,True,v2.1,False,False,True,2026-09-12T09:00:00+05:30,treatment,True,True,True,False,False,3
exp_offer_nudge_v1,subj_05594,RV College of Engineering,True,v2.1,False,False,True,2026-09-12T09:00:00+05:30,control,True,True,False,False,False,2
exp_offer_nudge_v1,subj_05595,CMR Institute of Technology,True,v2.1,False,False,True,2026-09-12T09:00:00+05:30,control,True,True,False,False,False,2
exp_offer_nudge_v1,subj_05596,New Horizon College of Engineering,True,v2.1,False,False,False,2026-09-12T09:00:00+05:30,excluded,False,False,False,False,False,0
exp_offer_nudge_v1,subj_05597,Dayananda Sagar College of Engineering,True,v2.1,False,False,True,2026-09-12T09:00:00+05:30,control,True,True,False,False,False,2
exp_offer_nudge_v1,subj_05598,BMS Institute of Technology,True,v2.1,False,False,True,2026-09-12T09:00:00+05:30,treatment,True,True,False,False,False,2
exp_offer_nudge_v1,subj_05599,PES University,True,v2.1,True,False,False,2026-09-12T09:00:00+05:30,excluded,False,False,False,False,False,0
exp_offer_nudge_v1,subj_05600,RV College of Engineering,True,v2.1,False,False,True,2026-09-12T09:00:00+05:30,treatment,True,False,False,False,False,1
exp_offer_nudge_v1,subj_05601,CMR Institute of Technology,True,v2.1,False,False,True,2026-09-12T09:00:00+05:30,treatment,True,False,False,False,False,1
exp_offer_nudge_v1,subj_05602,New Horizon College of Engineering,True,v2.1,False,False,True,2026-09-12T09:00:00+05:30,control,True,False,True,True,False,3
exp_offer_nudge_v1,subj_05603,Dayananda Sagar College of Engineering,True,v2.1,False,False,True,2026-09-12T09:00:00+05:30,control,True,False,False,False,False,1
exp_offer_nudge_v1,subj_05604,BMS Institute of Technology,True,v2.1,False,False,False,2026-09-12T09:00:00+05:30,excluded,False,False,False,False,False,0
exp_offer_nudge_v1,subj_05605,PES University,True,v2.1,False,False,True,2026-09-12T09:00:00+05:30,treatment,True,False,False,False,False,1
exp_offer_nudge_v1,subj_05606,RV College of Engineering,True,v2.1,False,False,True,2026-09-12T09:00:00+05:30,control,True,False,False,False,False,1
exp_offer_nudge_v1,subj_05607,CMR Institute of Technology,True,v2.1,False,False,True,2026-09-12T09:00:00+05:30,control,True,True,False,False,False,2
exp_offer_nudge_v1,subj_05608,New Horizon College of Engineering,True,v2.1,False,False,True,2026-09-12T09:00:00+05:30,control,True,False,True,True,False,3
exp_offer_nudge_v1,subj_05609,Dayananda Sagar College of Engineering,True,v2.1,False,False,True,2026-09-12T09:00:00+05:30,control,True,False,False,False,False,1
exp_offer_nudge_v1,subj_05610,BMS Institute of Technology,True,v2.1,False,False,True,2026-09-12T09:00:00+05:30,control,True,True,True,False,False,3
exp_offer_nudge_v1,subj_05611,PES University,True,v2.1,False,False,True,2026-09-12T09:00:00+05:30,treatment,True,False,False,False,False,1
exp_offer_nudge_v1,subj_05612,RV College of Engineering,True,v2.1,False,False,True,2026-09-12T09:00:00+05:30,treatment,True,False,False,False,False,1
exp_offer_nudge_v1,subj_05613,CMR Institute of Technology,True,v2.1,False,False,True,2026-09-12T09:00:00+05:30,control,True,False,True,True,False,3
exp_offer_nudge_v1,subj_05614,New Horizon College of Engineering,True,v2.1,True,False,False,2026-09-12T09:00:00+05:30,excluded,False,False,False,False,False,0
exp_offer_nudge_v1,subj_05615,Dayananda Sagar College of Engineering,True,v2.1,False,False,True,2026-09-12T09:00:00+05:30,control,True,False,False,False,False,1
exp_offer_nudge_v1,subj_05616,BMS Institute of Technology,True,v2.1,False,False,True,2026-09-12T09:00:00+05:30,treatment,True,False,False,False,False,1
exp_offer_nudge_v1,subj_05617,PES University,False,,False,False,False,2026-09-12T09:00:00+05:30,excluded,False,False,False,False,False,0
exp_offer_nudge_v1,subj_05618,RV College of Engineering,True,v2.1,False,False,True,2026-09-12T09:00:00+05:30,treatment,True,False,False,False,False,1
exp_offer_nudge_v1,subj_05619,CMR Institute of Technology,True,v2.1,False,False,True,2026-09-12T09:00:00+05:30,control,True,False,False,False,False,1
exp_offer_nudge_v1,subj_05620,New Horizon College of Engineering,True,v2.1,True,False,False,2026-09-12T09:00:00+05:30,excluded,False,False,False,False,False,0
exp_offer_nudge_v1,subj_05621,Dayananda Sagar College of Engineering,True,v2.1,False,False,True,2026-09-12T09:00:00+05:30,treatment,True,False,False,False,False,1
exp_offer_nudge_v1,subj_05622,BMS Institute of Technology,True,v2.1,False,False,True,2026-09-12T09:00:00+05:30,control,True,False,False,False,False,1
exp_offer_nudge_v1,subj_05623,PES University,True,v2.1,False,False,True,2026-09-12T09:00:00+05:30,control,True,False,False,False,False,1
exp_offer_nudge_v1,subj_05624,RV College of Engineering,True,v2.1,False,False,False,2026-09-12T09:00:00+05:30,excluded,False,False,False,False,False,0
exp_offer_nudge_v1,subj_05625,CMR Institute of Technology,True,v2.1,False,False,True,2026-09-12T09:00:00+05:30,control,True,True,True,True,True,5
exp_offer_nudge_v1,subj_05626,New Horizon College of Engineering,True,v2.1,False,False,True,2026-09-12T09:00:00+05:30,treatment,True,True,False,False,False,2
exp_offer_nudge_v1,subj_05627,Dayananda Sagar College of Engineering,True,v2.1,False,False,True,2026-09-12T09:00:00+05:30,control,True,True,True,True,True,5
exp_offer_nudge_v1,subj_05628,BMS Institute of Technology,True,v2.1,False,False,True,2026-09-12T09:00:00+05:30,treatment,True,True,False,False,False,2
exp_offer_nudge_v1,subj_05629,PES University,True,v2.1,False,False,True,2026-09-12T09:00:00+05:30,treatment,True,False,True,True,False,3
exp_offer_nudge_v1,subj_05630,RV College of Engineering,True,v2.1,False,False,True,2026-09-12T09:00:00+05:30,control,True,False,False,False,False,1
exp_offer_nudge_v1,subj_05631,CMR Institute of Technology,True,v2.1,False,False,True,2026-09-12T09:00:00+05:30,treatment,True,False,False,False,False,1
exp_offer_nudge_v1,subj_05632,New Horizon College of Engineering,True,v2.1,False,False,True,2026-09-12T09:00:00+05:30,control,True,True,True,True,False,4
exp_offer_nudge_v1,subj_05633,Dayananda Sagar College of Engineering,True,v2.1,False,False,False,2026-09-12T09:00:00+05:30,excluded,False,False,False,False,False,0
exp_offer_nudge_v1,subj_05634,BMS Institute of Technology,True,v2.1,False,False,True,2026-09-12T09:00:00+05:30,control,True,True,False,False,False,2
exp_offer_nudge_v1,subj_05635,PES University,True,v2.1,False,False,True,2026-09-12T09:00:00+05:30,control,True,True,True,False,False,3
exp_offer_nudge_v1,subj_05636,RV College of Engineering,True,v2.1,False,False,True,2026-09-12T09:00:00+05:30,control,True,True,True,True,True,5
exp_offer_nudge_v1,subj_05637,CMR Institute of Technology,True,v2.1,False,False,True,2026-09-12T09:00:00+05:30,control,True,False,False,False,False,1
exp_offer_nudge_v1,subj_05638,New Horizon College of Engineering,True,v2.1,False,False,True,2026-09-12T09:00:00+05:30,treatment,True,False,False,False,False,1
exp_offer_nudge_v1,subj_05639,Dayananda Sagar College of Engineering,True,v2.1,False,False,True,2026-09-12T09:00:00+05:30,treatment,True,False,False,False,False,1
exp_offer_nudge_v1,subj_05640,BMS Institute of Technology,True,v2.1,False,True,False,2026-09-12T09:00:00+05:30,excluded,False,False,False,False,False,0
exp_offer_nudge_v1,subj_05641,PES University,True,v2.1,False,False,True,2026-09-12T09:00:00+05:30,control,True,True,False,False,False,2
exp_offer_nudge_v1,subj_05642,RV College of Engineering,True,v2.1,False,False,True,2026-09-12T09:00:00+05:30,control,True,True,False,False,False,2
exp_offer_nudge_v1,subj_05643,CMR Institute of Technology,True,v2.1,False,False,True,2026-09-12T09:00:00+05:30,treatment,True,False,False,False,False,1
exp_offer_nudge_v1,subj_05644,New Horizon College of Engineering,True,v2.1,False,False,True,2026-09-12T09:00:00+05:30,control,True,False,False,False,False,1
exp_offer_nudge_v1,subj_05645,Dayananda Sagar College of Engineering,True,v2.1,False,False,True,2026-09-12T09:00:00+05:30,control,True,True,False,False,False,2
exp_offer_nudge_v1,subj_05646,BMS Institute of Technology,True,v2.1,False,False,True,2026-09-12T09:00:00+05:30,treatment,True,False,False,False,False,1
exp_offer_nudge_v1,subj_05647,PES University,True,v2.1,False,False,True,2026-09-12T09:00:00+05:30,treatment,True,True,False,False,False,2
exp_offer_nudge_v1,subj_05648,RV College of Engineering,True,v2.1,False,False,True,2026-09-12T09:00:00+05:30,control,True,True,True,True,False,4
exp_offer_nudge_v1,subj_05649,CMR Institute of Technology,True,v2.1,False,False,True,2026-09-12T09:00:00+05:30,control,True,False,False,False,False,1
exp_offer_nudge_v1,subj_05650,New Horizon College of Engineering,True,v2.1,False,False,True,2026-09-12T09:00:00+05:30,treatment,True,True,False,False,False,2
exp_offer_nudge_v1,subj_05651,Dayananda Sagar College of Engineering,True,v2.1,False,False,True,2026-09-12T09:00:00+05:30,excluded,False,False,False,False,False,0
exp_offer_nudge_v1,subj_05652,BMS Institute of Technology,True,v2.1,False,False,True,2026-09-12T09:00:00+05:30,control,True,False,False,False,False,1
exp_offer_nudge_v1,subj_05653,PES University,True,v2.1,False,False,True,2026-09-12T09:00:00+05:30,treatment,True,False,False,False,False,1
exp_offer_nudge_v1,subj_05654,RV College of Engineering,True,v2.1,False,False,True,2026-09-12T09:00:00+05:30,control,True,False,False,False,False,1
exp_offer_nudge_v1,subj_05655,CMR Institute of Technology,True,v2.1,False,False,True,2026-09-12T09:00:00+05:30,control,True,False,False,False,False,1
exp_offer_nudge_v1,subj_05656,New Horizon College of Engineering,True,v2.1,False,False,True,2026-09-12T09:00:00+05:30,treatment,True,True,False,False,False,2
exp_offer_nudge_v1,subj_05657,Dayananda Sagar College of Engineering,True,v2.1,False,False,True,2026-09-12T09:00:00+05:30,treatment,True,True,True,True,True,5
exp_offer_nudge_v1,subj_05658,BMS Institute of Technology,True,v2.1,False,False,False,2026-09-12T09:00:00+05:30,excluded,False,False,False,False,False,0
exp_offer_nudge_v1,subj_05659,PES University,True,v2.1,False,False,True,2026-09-12T09:00:00+05:30,treatment,True,True,False,False,False,2
exp_offer_nudge_v1,subj_05660,RV College of Engineering,True,v2.1,False,False,True,2026-09-12T09:00:00+05:30,treatment,True,False,False,False,False,1
exp_offer_nudge_v1,subj_05661,CMR Institute of Technology,True,v2.1,False,False,True,2026-09-12T09:00:00+05:30,control,True,False,False,False,False,1
exp_offer_nudge_v1,subj_05662,New Horizon College of Engineering,True,v2.1,False,False,True,2026-09-12T09:00:00+05:30,control,True,False,False,False,False,1
exp_offer_nudge_v1,subj_05663,Dayananda Sagar College of Engineering,True,v2.1,False,False,False,2026-09-12T09:00:00+05:30,excluded,False,False,False,False,False,0
exp_offer_nudge_v1,subj_05664,BMS Institute of Technology,True,v2.1,False,False,True,2026-09-12T09:00:00+05:30,treatment,True,False,False,False,False,1
exp_offer_nudge_v1,subj_05665,PES University,True,v2.1,False,False,True,2026-09-12T09:00:00+05:30,control,True,True,False,False,False,2
exp_offer_nudge_v1,subj_05666,RV College of Engineering,True,v2.1,False,False,True,2026-09-12T09:00:00+05:30,control,True,False,True,False,False,2
exp_offer_nudge_v1,subj_05667,CMR Institute of Technology,True,v2.1,False,False,True,2026-09-12T09:00:00+05:30,treatment,True,True,False,False,False,2
exp_offer_nudge_v1,subj_05668,New Horizon College of Engineering,True,v2.1,False,False,False,2026-09-12T09:00:00+05:30,excluded,False,False,False,False,False,0
exp_offer_nudge_v1,subj_05669,Dayananda Sagar College of Engineering,True,v2.1,False,False,True,2026-09-12T09:00:00+05:30,control,True,True,False,False,False,2
exp_offer_nudge_v1,subj_05670,BMS Institute of Technology,True,v2.1,False,False,False,2026-09-12T09:00:00+05:30,excluded,False,False,False,False,False,0
exp_offer_nudge_v1,subj_05671,PES University,True,v2.1,False,False,True,2026-09-12T09:00:00+05:30,control,True,True,True,True,False,4
exp_offer_nudge_v1,subj_05672,RV College of Engineering,True,v2.1,False,False,True,2026-09-12T09:00:00+05:30,control,True,False,False,False,False,1
exp_offer_nudge_v1,subj_05673,CMR Institute of Technology,True,v2.1,False,False,True,2026-09-12T09:00:00+05:30,treatment,True,False,False,False,False,1
exp_offer_nudge_v1,subj_05674,New Horizon College of Engineering,True,v2.1,False,False,True,2026-09-12T09:00:00+05:30,treatment,True,False,False,False,False,1
exp_offer_nudge_v1,subj_05675,Dayananda Sagar College of Engineering,True,v2.1,False,False,True,2026-09-12T09:00:00+05:30,excluded,False,False,False,False,False,0
exp_offer_nudge_v1,subj_05676,BMS Institute of Technology,True,v2.1,False,False,True,2026-09-12T09:00:00+05:30,control,True,False,False,False,False,1
exp_offer_nudge_v1,subj_05677,PES University,True,v2.1,False,False,True,2026-09-12T09:00:00+05:30,control,True,True,True,False,False,3
exp_offer_nudge_v1,subj_05678,RV College of Engineering,True,v2.1,False,False,True,2026-09-12T09:00:00+05:30,control,True,False,False,False,False,1
exp_offer_nudge_v1,subj_05679,CMR Institute of Technology,True,v2.1,False,False,True,2026-09-12T09:00:00+05:30,treatment,True,False,False,False,False,1
exp_offer_nudge_v1,subj_05680,New Horizon College of Engineering,True,v2.1,False,False,True,2026-09-12T09:00:00+05:30,control,True,False,False,False,False,1
exp_offer_nudge_v1,subj_05681,Dayananda Sagar College of Engineering,True,v2.1,False,False,True,2026-09-12T09:00:00+05:30,control,True,False,False,False,False,1
exp_offer_nudge_v1,subj_05682,BMS Institute of Technology,True,v2.1,False,False,True,2026-09-12T09:00:00+05:30,control,True,False,True,False,False,2
exp_offer_nudge_v1,subj_05683,PES University,True,v2.1,False,False,True,2026-09-12T09:00:00+05:30,treatment,True,False,False,False,False,1
exp_offer_nudge_v1,subj_05684,RV College of Engineering,True,v2.1,False,False,True,2026-09-12T09:00:00+05:30,treatment,True,False,False,False,False,1
exp_offer_nudge_v1,subj_05685,CMR Institute of Technology,False,,False,False,False,2026-09-12T09:00:00+05:30,excluded,False,False,False,False,False,0
exp_offer_nudge_v1,subj_05686,New Horizon College of Engineering,True,v2.1,False,True,False,2026-09-12T09:00:00+05:30,excluded,False,False,False,False,False,0
exp_offer_nudge_v1,subj_05687,Dayananda Sagar College of Engineering,True,v2.1,False,False,True,2026-09-12T09:00:00+05:30,treatment,True,False,False,False,False,1
exp_offer_nudge_v1,subj_05688,BMS Institute of Technology,True,v2.1,False,False,True,2026-09-12T09:00:00+05:30,treatment,True,False,False,False,False,1
exp_offer_nudge_v1,subj_05689,PES University,True,v2.1,False,False,True,2026-09-12T09:00:00+05:30,control,True,False,False,False,False,1
exp_offer_nudge_v1,subj_05690,RV College of Engineering,True,v2.1,False,False,True,2026-09-12T09:00:00+05:30,control,True,False,False,False,False,1
exp_offer_nudge_v1,subj_05691,CMR Institute of Technology,True,v2.1,False,False,True,2026-09-12T09:00:00+05:30,control,True,False,True,True,False,3
exp_offer_nudge_v1,subj_05692,New Horizon College of Engineering,True,v2.1,False,False,True,2026-09-12T09:00:00+05:30,treatment,True,True,False,False,False,2
exp_offer_nudge_v1,subj_05693,Dayananda Sagar College of Engineering,True,v2.1,False,False,True,2026-09-12T09:00:00+05:30,treatment,True,True,False,False,False,2
exp_offer_nudge_v1,subj_05694,BMS Institute of Technology,True,v2.1,False,False,True,2026-09-12T09:00:00+05:30,treatment,True,False,False,False,False,1
exp_offer_nudge_v1,subj_05695,PES University,True,v2.1,False,False,True,2026-09-12T09:00:00+05:30,control,True,False,True,True,True,4
exp_offer_nudge_v1,subj_05696,RV College of Engineering,False,,False,True,False,2026-09-12T09:00:00+05:30,excluded,False,False,False,False,False,0
exp_offer_nudge_v1,subj_05697,CMR Institute of Technology,False,,False,False,False,2026-09-12T09:00:00+05:30,excluded,False,False,False,False,False,0
exp_offer_nudge_v1,subj_05698,New Horizon College of Engineering,True,v2.1,False,False,True,2026-09-12T09:00:00+05:30,control,True,False,False,False,False,1
exp_offer_nudge_v1,subj_05699,Dayananda Sagar College of Engineering,True,v2.1,False,False,True,2026-09-12T09:00:00+05:30,treatment,True,False,False,False,False,1
exp_offer_nudge_v1,subj_05700,BMS Institute of Technology,True,v2.1,False,False,True,2026-09-12T09:00:00+05:30,control,True,False,False,False,False,1
exp_offer_nudge_v1,subj_05701,PES University,True,v2.1,False,False,True,2026-09-12T09:00:00+05:30,treatment,True,False,False,False,False,1
exp_offer_nudge_v1,subj_05702,RV College of Engineering,True,v2.1,False,False,True,2026-09-12T09:00:00+05:30,treatment,True,True,False,False,False,2
exp_offer_nudge_v1,subj_05703,CMR Institute of Technology,True,v2.1,False,False,True,2026-09-12T09:00:00+05:30,treatment,True,True,False,False,False,2
exp_offer_nudge_v1,subj_05704,New Horizon College of Engineering,True,v2.1,False,False,True,2026-09-12T09:00:00+05:30,treatment,True,False,False,False,False,1
exp_offer_nudge_v1,subj_05705,Dayananda Sagar College of Engineering,True,v2.1,False,False,True,2026-09-12T09:00:00+05:30,treatment,True,True,False,False,False,2
exp_offer_nudge_v1,subj_05706,BMS Institute of Technology,True,v2.1,False,False,True,2026-09-12T09:00:00+05:30,control,True,False,True,True,False,3
exp_offer_nudge_v1,subj_05707,PES University,True,v2.1,False,False,True,2026-09-12T09:00:00+05:30,treatment,True,True,False,False,False,2
exp_offer_nudge_v1,subj_05708,RV College of Engineering,True,v2.1,False,False,True,2026-09-12T09:00:00+05:30,treatment,True,True,False,False,False,2
exp_offer_nudge_v1,subj_05709,CMR Institute of Technology,True,v2.1,False,False,True,2026-09-12T09:00:00+05:30,treatment,True,False,False,False,False,1
exp_offer_nudge_v1,subj_05710,New Horizon College of Engineering,True,v2.1,False,False,True,2026-09-12T09:00:00+05:30,control,True,False,False,False,False,1
exp_offer_nudge_v1,subj_05711,Dayananda Sagar College of Engineering,True,v2.1,False,False,True,2026-09-12T09:00:00+05:30,control,True,False,False,False,False,1
exp_offer_nudge_v1,subj_05712,BMS Institute of Technology,True,v2.1,False,False,True,2026-09-12T09:00:00+05:30,control,True,True,True,True,False,4
exp_offer_nudge_v1,subj_05713,PES University,True,v2.1,False,False,True,2026-09-12T09:00:00+05:30,control,True,False,False,False,False,1
exp_offer_nudge_v1,subj_05714,RV College of Engineering,True,v2.1,False,False,True,2026-09-12T09:00:00+05:30,treatment,True,True,False,False,False,2
exp_offer_nudge_v1,subj_05715,CMR Institute of Technology,True,v2.1,False,False,True,2026-09-12T09:00:00+05:30,treatment,True,False,False,False,False,1
exp_offer_nudge_v1,subj_05716,New Horizon College of Engineering,False,,False,False,False,2026-09-12T09:00:00+05:30,excluded,False,False,False,False,False,0
exp_offer_nudge_v1,subj_05717,Dayananda Sagar College of Engineering,False,,False,False,False,2026-09-12T09:00:00+05:30,excluded,False,False,False,False,False,0
exp_offer_nudge_v1,subj_05718,BMS Institute of Technology,True,v2.1,True,False,False,2026-09-12T09:00:00+05:30,excluded,False,False,False,False,False,0
exp_offer_nudge_v1,subj_05719,PES University,True,v2.1,False,False,True,2026-09-12T09:00:00+05:30,control,True,False,False,False,False,1
exp_offer_nudge_v1,subj_05720,RV College of Engineering,True,v2.1,False,False,False,2026-09-12T09:00:00+05:30,excluded,False,False,False,False,False,0
exp_offer_nudge_v1,subj_05721,CMR Institute of Technology,True,v2.1,False,False,True,2026-09-12T09:00:00+05:30,treatment,True,True,False,False,False,2
exp_offer_nudge_v1,subj_05722,New Horizon College of Engineering,True,v2.1,False,False,True,2026-09-12T09:00:00+05:30,treatment,True,False,False,False,False,1
exp_offer_nudge_v1,subj_05723,Dayananda Sagar College of Engineering,True,v2.1,False,False,False,2026-09-12T09:00:00+05:30,excluded,False,False,False,False,False,0
exp_offer_nudge_v1,subj_05724,BMS Institute of Technology,True,v2.1,False,False,True,2026-09-12T09:00:00+05:30,treatment,True,False,False,False,False,1
exp_offer_nudge_v1,subj_05725,PES University,True,v2.1,False,False,True,2026-09-12T09:00:00+05:30,control,True,False,False,False,False,1
exp_offer_nudge_v1,subj_05726,RV College of Engineering,True,v2.1,False,False,True,2026-09-12T09:00:00+05:30,treatment,True,False,False,False,False,1
exp_offer_nudge_v1,subj_05727,CMR Institute of Technology,True,v2.1,False,False,True,2026-09-12T09:00:00+05:30,control,True,False,False,False,False,1
exp_offer_nudge_v1,subj_05728,New Horizon College of Engineering,False,,False,False,False,2026-09-12T09:00:00+05:30,excluded,False,False,False,False,False,0
exp_offer_nudge_v1,subj_05729,Dayananda Sagar College of Engineering,True,v2.1,False,False,True,2026-09-12T09:00:00+05:30,treatment,True,False,False,False,False,1
exp_offer_nudge_v1,subj_05730,BMS Institute of Technology,True,v2.1,False,False,True,2026-09-12T09:00:00+05:30,treatment,True,False,False,False,False,1
exp_offer_nudge_v1,subj_05731,PES University,True,v2.1,True,False,False,2026-09-12T09:00:00+05:30,excluded,False,False,False,False,False,0
exp_offer_nudge_v1,subj_05732,RV College of Engineering,True,v2.1,False,False,True,2026-09-12T09:00:00+05:30,treatment,True,False,False,False,False,1
exp_offer_nudge_v1,subj_05733,CMR Institute of Technology,True,v2.1,False,False,True,2026-09-12T09:00:00+05:30,treatment,True,False,True,True,True,4
exp_offer_nudge_v1,subj_05734,New Horizon College of Engineering,True,v2.1,False,False,True,2026-09-12T09:00:00+05:30,control,True,True,True,False,False,3
exp_offer_nudge_v1,subj_05735,Dayananda Sagar College of Engineering,True,v2.1,True,False,False,2026-09-12T09:00:00+05:30,excluded,False,False,False,False,False,0
exp_offer_nudge_v1,subj_05736,BMS Institute of Technology,True,v2.1,False,False,True,2026-09-12T09:00:00+05:30,treatment,True,True,False,False,False,2
exp_offer_nudge_v1,subj_05737,PES University,True,v2.1,False,False,True,2026-09-12T09:00:00+05:30,treatment,True,False,False,False,False,1
exp_offer_nudge_v1,subj_05738,RV College of Engineering,True,v2.1,False,False,True,2026-09-12T09:00:00+05:30,control,True,False,True,True,False,3
exp_offer_nudge_v1,subj_05739,CMR Institute of Technology,True,v2.1,False,False,True,2026-09-12T09:00:00+05:30,control,True,False,True,True,False,3
exp_offer_nudge_v1,subj_05740,New Horizon College of Engineering,False,,False,False,False,2026-09-12T09:00:00+05:30,excluded,False,False,False,False,False,0
exp_offer_nudge_v1,subj_05741,Dayananda Sagar College of Engineering,True,v2.1,False,False,False,2026-09-12T09:00:00+05:30,excluded,False,False,False,False,False,0
exp_offer_nudge_v1,subj_05742,BMS Institute of Technology,True,v2.1,False,False,True,2026-09-12T09:00:00+05:30,treatment,True,False,False,False,False,1
exp_offer_nudge_v1,subj_05743,PES University,True,v2.1,False,False,True,2026-09-12T09:00:00+05:30,control,True,True,False,False,False,2
exp_offer_nudge_v1,subj_05744,RV College of Engineering,True,v2.1,False,False,True,2026-09-12T09:00:00+05:30,treatment,True,True,False,False,False,2
exp_offer_nudge_v1,subj_05745,CMR Institute of Technology,True,v2.1,False,False,True,2026-09-12T09:00:00+05:30,control,True,False,False,False,False,1
exp_offer_nudge_v1,subj_05746,New Horizon College of Engineering,True,v2.1,False,False,True,2026-09-12T09:00:00+05:30,treatment,True,True,False,False,False,2
exp_offer_nudge_v1,subj_05747,Dayananda Sagar College of Engineering,True,v2.1,False,False,True,2026-09-12T09:00:00+05:30,control,True,True,False,False,False,2
exp_offer_nudge_v1,subj_05748,BMS Institute of Technology,True,v2.1,False,False,True,2026-09-12T09:00:00+05:30,treatment,True,False,False,False,False,1
exp_offer_nudge_v1,subj_05749,PES University,True,v2.1,False,False,False,2026-09-12T09:00:00+05:30,excluded,False,False,False,False,False,0
exp_offer_nudge_v1,subj_05750,RV College of Engineering,True,v2.1,False,False,True,2026-09-12T09:00:00+05:30,treatment,True,False,False,False,False,1
exp_offer_nudge_v1,subj_05751,CMR Institute of Technology,True,v2.1,False,False,True,2026-09-12T09:00:00+05:30,treatment,True,False,True,True,False,3
exp_offer_nudge_v1,subj_05752,New Horizon College of Engineering,True,v2.1,False,False,True,2026-09-12T09:00:00+05:30,treatment,True,False,True,True,False,3
exp_offer_nudge_v1,subj_05753,Dayananda Sagar College of Engineering,True,v2.1,False,False,False,2026-09-12T09:00:00+05:30,excluded,False,False,False,False,False,0
exp_offer_nudge_v1,subj_05754,BMS Institute of Technology,True,v2.1,True,False,False,2026-09-12T09:00:00+05:30,excluded,False,False,False,False,False,0
exp_offer_nudge_v1,subj_05755,PES University,True,v2.1,False,False,True,2026-09-12T09:00:00+05:30,control,True,False,True,True,False,3
exp_offer_nudge_v1,subj_05756,RV College of Engineering,True,v2.1,False,False,True,2026-09-12T09:00:00+05:30,control,True,False,False,False,False,1
exp_offer_nudge_v1,subj_05757,CMR Institute of Technology,True,v2.1,False,False,True,2026-09-12T09:00:00+05:30,treatment,True,True,False,False,False,2
exp_offer_nudge_v1,subj_05758,New Horizon College of Engineering,True,v2.1,False,False,True,2026-09-12T09:00:00+05:30,control,True,False,False,False,False,1
exp_offer_nudge_v1,subj_05759,Dayananda Sagar College of Engineering,True,v2.1,False,False,True,2026-09-12T09:00:00+05:30,treatment,True,False,True,False,False,2
exp_offer_nudge_v1,subj_05760,BMS Institute of Technology,False,,False,False,False,2026-09-12T09:00:00+05:30,excluded,False,False,False,False,False,0
exp_offer_nudge_v1,subj_05761,PES University,True,v2.1,False,False,True,2026-09-12T09:00:00+05:30,treatment,True,True,True,False,False,3
exp_offer_nudge_v1,subj_05762,RV College of Engineering,True,v2.1,False,False,True,2026-09-12T09:00:00+05:30,control,True,False,False,False,False,1
exp_offer_nudge_v1,subj_05763,CMR Institute of Technology,True,v2.1,False,False,True,2026-09-12T09:00:00+05:30,treatment,True,False,False,False,False,1
exp_offer_nudge_v1,subj_05764,New Horizon College of Engineering,True,v2.1,False,False,False,2026-09-12T09:00:00+05:30,excluded,False,False,False,False,False,0
exp_offer_nudge_v1,subj_05765,Dayananda Sagar College of Engineering,True,v2.1,False,False,False,2026-09-12T09:00:00+05:30,excluded,False,False,False,False,False,0
exp_offer_nudge_v1,subj_05766,BMS Institute of Technology,True,v2.1,False,False,True,2026-09-12T09:00:00+05:30,treatment,True,True,False,False,False,2
exp_offer_nudge_v1,subj_05767,PES University,True,v2.1,False,False,True,2026-09-12T09:00:00+05:30,treatment,True,True,False,False,False,2
exp_offer_nudge_v1,subj_05768,RV College of Engineering,True,v2.1,False,False,True,2026-09-12T09:00:00+05:30,control,True,False,False,False,False,1
exp_offer_nudge_v1,subj_05769,CMR Institute of Technology,True,v2.1,False,False,True,2026-09-12T09:00:00+05:30,control,True,True,False,False,False,2
exp_offer_nudge_v1,subj_05770,New Horizon College of Engineering,True,v2.1,False,False,False,2026-09-12T09:00:00+05:30,excluded,False,False,False,False,False,0
exp_offer_nudge_v1,subj_05771,Dayananda Sagar College of Engineering,True,v2.1,False,False,True,2026-09-12T09:00:00+05:30,control,True,True,False,False,False,2
exp_offer_nudge_v1,subj_05772,BMS Institute of Technology,True,v2.1,False,False,True,2026-09-12T09:00:00+05:30,control,True,True,True,False,False,3
exp_offer_nudge_v1,subj_05773,PES University,True,v2.1,False,False,True,2026-09-12T09:00:00+05:30,treatment,True,False,False,False,False,1
exp_offer_nudge_v1,subj_05774,RV College of Engineering,True,v2.1,False,False,True,2026-09-12T09:00:00+05:30,treatment,True,False,False,False,False,1
exp_offer_nudge_v1,subj_05775,CMR Institute of Technology,True,v2.1,False,False,True,2026-09-12T09:00:00+05:30,control,True,False,False,False,False,1
exp_offer_nudge_v1,subj_05776,New Horizon College of Engineering,True,v2.1,False,False,True,2026-09-12T09:00:00+05:30,control,True,False,True,True,False,3
exp_offer_nudge_v1,subj_05777,Dayananda Sagar College of Engineering,True,v2.1,False,False,True,2026-09-12T09:00:00+05:30,control,True,True,False,False,False,2
exp_offer_nudge_v1,subj_05778,BMS Institute of Technology,True,v2.1,False,False,False,2026-09-12T09:00:00+05:30,excluded,False,False,False,False,False,0
exp_offer_nudge_v1,subj_05779,PES University,True,v2.1,False,False,True,2026-09-12T09:00:00+05:30,treatment,True,False,True,True,True,4
exp_offer_nudge_v1,subj_05780,RV College of Engineering,True,v2.1,False,True,False,2026-09-12T09:00:00+05:30,excluded,False,False,False,False,False,0
exp_offer_nudge_v1,subj_05781,CMR Institute of Technology,True,v2.1,False,False,True,2026-09-12T09:00:00+05:30,treatment,True,False,False,False,False,1
exp_offer_nudge_v1,subj_05782,New Horizon College of Engineering,False,,False,False,False,2026-09-12T09:00:00+05:30,excluded,False,False,False,False,False,0
exp_offer_nudge_v1,subj_05783,Dayananda Sagar College of Engineering,True,v2.1,False,False,True,2026-09-12T09:00:00+05:30,excluded,False,False,False,False,False,0
exp_offer_nudge_v1,subj_05784,BMS Institute of Technology,True,v2.1,False,False,True,2026-09-12T09:00:00+05:30,treatment,True,True,True,True,True,5
exp_offer_nudge_v1,subj_05785,PES University,True,v2.1,False,False,True,2026-09-12T09:00:00+05:30,control,True,True,True,False,False,3
exp_offer_nudge_v1,subj_05786,RV College of Engineering,True,v2.1,False,False,True,2026-09-12T09:00:00+05:30,treatment,True,True,False,False,False,2
exp_offer_nudge_v1,subj_05787,CMR Institute of Technology,True,v2.1,False,False,True,2026-09-12T09:00:00+05:30,control,True,False,False,False,False,1
exp_offer_nudge_v1,subj_05788,New Horizon College of Engineering,True,v2.1,False,False,True,2026-09-12T09:00:00+05:30,treatment,True,False,False,False,False,1
exp_offer_nudge_v1,subj_05789,Dayananda Sagar College of Engineering,True,v2.1,False,False,True,2026-09-12T09:00:00+05:30,treatment,True,False,False,False,False,1
exp_offer_nudge_v1,subj_05790,BMS Institute of Technology,True,v2.1,False,False,True,2026-09-12T09:00:00+05:30,treatment,True,False,True,True,False,3
exp_offer_nudge_v1,subj_05791,PES University,True,v2.1,False,False,True,2026-09-12T09:00:00+05:30,treatment,True,False,False,False,False,1
exp_offer_nudge_v1,subj_05792,RV College of Engineering,True,v2.1,False,False,True,2026-09-12T09:00:00+05:30,control,True,False,False,False,False,1
exp_offer_nudge_v1,subj_05793,CMR Institute of Technology,True,v2.1,False,False,True,2026-09-12T09:00:00+05:30,treatment,True,False,False,False,False,1
exp_offer_nudge_v1,subj_05794,New Horizon College of Engineering,True,v2.1,False,False,True,2026-09-12T09:00:00+05:30,control,True,False,False,False,False,1
exp_offer_nudge_v1,subj_05795,Dayananda Sagar College of Engineering,True,v2.1,False,False,False,2026-09-12T09:00:00+05:30,excluded,False,False,False,False,False,0
exp_offer_nudge_v1,subj_05796,BMS Institute of Technology,True,v2.1,False,False,True,2026-09-12T09:00:00+05:30,control,True,False,False,False,False,1
exp_offer_nudge_v1,subj_05797,PES University,True,v2.1,False,False,True,2026-09-12T09:00:00+05:30,treatment,True,False,False,False,False,1
exp_offer_nudge_v1,subj_05798,RV College of Engineering,True,v2.1,False,False,True,2026-09-12T09:00:00+05:30,control,True,True,False,False,False,2
exp_offer_nudge_v1,subj_05799,CMR Institute of Technology,True,v2.1,False,False,True,2026-09-12T09:00:00+05:30,treatment,True,True,False,False,False,2
exp_offer_nudge_v1,subj_05800,New Horizon College of Engineering,True,v2.1,False,False,True,2026-09-12T09:00:00+05:30,control,True,False,False,False,False,1
exp_offer_nudge_v1,subj_05801,Dayananda Sagar College of Engineering,True,v2.1,False,False,True,2026-09-12T09:00:00+05:30,control,True,True,False,False,False,2
exp_offer_nudge_v1,subj_05802,BMS Institute of Technology,True,v2.1,False,False,True,2026-09-12T09:00:00+05:30,treatment,True,False,False,False,False,1
exp_offer_nudge_v1,subj_05803,PES University,True,v2.1,False,False,True,2026-09-12T09:00:00+05:30,control,True,False,True,True,True,4
exp_offer_nudge_v1,subj_05804,RV College of Engineering,False,,False,False,False,2026-09-12T09:00:00+05:30,excluded,False,False,False,False,False,0
exp_offer_nudge_v1,subj_05805,CMR Institute of Technology,True,v2.1,False,False,True,2026-09-12T09:00:00+05:30,treatment,True,False,True,True,False,3
exp_offer_nudge_v1,subj_05806,New Horizon College of Engineering,True,v2.1,False,False,True,2026-09-12T09:00:00+05:30,treatment,True,True,False,False,False,2
exp_offer_nudge_v1,subj_05807,Dayananda Sagar College of Engineering,True,v2.1,False,False,True,2026-09-12T09:00:00+05:30,treatment,True,True,False,False,False,2
exp_offer_nudge_v1,subj_05808,BMS Institute of Technology,True,v2.1,False,False,True,2026-09-12T09:00:00+05:30,treatment,True,True,True,False,False,3
exp_offer_nudge_v1,subj_05809,PES University,True,v2.1,False,False,True,2026-09-12T09:00:00+05:30,control,True,False,False,False,False,1
exp_offer_nudge_v1,subj_05810,RV College of Engineering,True,v2.1,False,False,False,2026-09-12T09:00:00+05:30,excluded,False,False,False,False,False,0
exp_offer_nudge_v1,subj_05811,CMR Institute of Technology,True,v2.1,False,False,True,2026-09-12T09:00:00+05:30,treatment,True,False,False,False,False,1
exp_offer_nudge_v1,subj_05812,New Horizon College of Engineering,True,v2.1,False,False,True,2026-09-12T09:00:00+05:30,control,True,False,False,False,False,1
exp_offer_nudge_v1,subj_05813,Dayananda Sagar College of Engineering,True,v2.1,True,False,False,2026-09-12T09:00:00+05:30,excluded,False,False,False,False,False,0
exp_offer_nudge_v1,subj_05814,BMS Institute of Technology,True,v2.1,False,False,False,2026-09-12T09:00:00+05:30,excluded,False,False,False,False,False,0
exp_offer_nudge_v1,subj_05815,PES University,True,v2.1,False,False,True,2026-09-12T09:00:00+05:30,control,True,False,False,False,False,1
exp_offer_nudge_v1,subj_05816,RV College of Engineering,True,v2.1,False,False,True,2026-09-12T09:00:00+05:30,control,True,False,False,False,False,1
exp_offer_nudge_v1,subj_05817,CMR Institute of Technology,True,v2.1,False,False,True,2026-09-12T09:00:00+05:30,treatment,True,False,False,False,False,1
exp_offer_nudge_v1,subj_05818,New Horizon College of Engineering,True,v2.1,False,False,True,2026-09-12T09:00:00+05:30,control,True,False,False,False,False,1
exp_offer_nudge_v1,subj_05819,Dayananda Sagar College of Engineering,True,v2.1,False,False,True,2026-09-12T09:00:00+05:30,treatment,True,False,False,False,False,1
exp_offer_nudge_v1,subj_05820,BMS Institute of Technology,True,v2.1,False,False,True,2026-09-12T09:00:00+05:30,control,True,False,False,False,False,1
exp_offer_nudge_v1,subj_05821,PES University,True,v2.1,False,False,True,2026-09-12T09:00:00+05:30,control,True,True,False,False,False,2
exp_offer_nudge_v1,subj_05822,RV College of Engineering,True,v2.1,True,False,False,2026-09-12T09:00:00+05:30,excluded,False,False,False,False,False,0
exp_offer_nudge_v1,subj_05823,CMR Institute of Technology,True,v2.1,False,False,True,2026-09-12T09:00:00+05:30,control,True,True,False,False,False,2
exp_offer_nudge_v1,subj_05824,New Horizon College of Engineering,True,v2.1,True,False,False,2026-09-12T09:00:00+05:30,excluded,False,False,False,False,False,0
exp_offer_nudge_v1,subj_05825,Dayananda Sagar College of Engineering,True,v2.1,False,False,True,2026-09-12T09:00:00+05:30,control,True,True,False,False,False,2
exp_offer_nudge_v1,subj_05826,BMS Institute of Technology,True,v2.1,False,False,False,2026-09-12T09:00:00+05:30,excluded,False,False,False,False,False,0
exp_offer_nudge_v1,subj_05827,PES University,True,v2.1,False,False,True,2026-09-12T09:00:00+05:30,control,True,False,False,False,False,1
exp_offer_nudge_v1,subj_05828,RV College of Engineering,True,v2.1,False,False,True,2026-09-12T09:00:00+05:30,control,True,True,False,False,False,2
exp_offer_nudge_v1,subj_05829,CMR Institute of Technology,True,v2.1,False,True,False,2026-09-12T09:00:00+05:30,excluded,False,False,False,False,False,0
exp_offer_nudge_v1,subj_05830,New Horizon College of Engineering,True,v2.1,False,False,False,2026-09-12T09:00:00+05:30,excluded,False,False,False,False,False,0
exp_offer_nudge_v1,subj_05831,Dayananda Sagar College of Engineering,True,v2.1,False,False,False,2026-09-12T09:00:00+05:30,excluded,False,False,False,False,False,0
exp_offer_nudge_v1,subj_05832,BMS Institute of Technology,True,v2.1,False,False,True,2026-09-12T09:00:00+05:30,treatment,True,False,False,False,False,1
exp_offer_nudge_v1,subj_05833,PES University,False,,False,False,False,2026-09-12T09:00:00+05:30,excluded,False,False,False,False,False,0
exp_offer_nudge_v1,subj_05834,RV College of Engineering,True,v2.1,False,False,True,2026-09-12T09:00:00+05:30,control,True,False,False,False,False,1
exp_offer_nudge_v1,subj_05835,CMR Institute of Technology,True,v2.1,False,False,False,2026-09-12T09:00:00+05:30,excluded,False,False,False,False,False,0
exp_offer_nudge_v1,subj_05836,New Horizon College of Engineering,True,v2.1,False,False,True,2026-09-12T09:00:00+05:30,treatment,True,True,True,True,False,4
exp_offer_nudge_v1,subj_05837,Dayananda Sagar College of Engineering,True,v2.1,False,False,True,2026-09-12T09:00:00+05:30,control,True,False,False,False,False,1
exp_offer_nudge_v1,subj_05838,BMS Institute of Technology,True,v2.1,False,False,True,2026-09-12T09:00:00+05:30,treatment,True,False,False,False,False,1
exp_offer_nudge_v1,subj_05839,PES University,True,v2.1,False,False,True,2026-09-12T09:00:00+05:30,control,True,False,True,True,False,3
exp_offer_nudge_v1,subj_05840,RV College of Engineering,True,v2.1,False,False,True,2026-09-12T09:00:00+05:30,treatment,True,True,False,False,False,2
exp_offer_nudge_v1,subj_05841,CMR Institute of Technology,True,v2.1,False,False,True,2026-09-12T09:00:00+05:30,treatment,True,False,False,False,False,1
exp_offer_nudge_v1,subj_05842,New Horizon College of Engineering,True,v2.1,False,False,True,2026-09-12T09:00:00+05:30,treatment,True,True,False,False,False,2
exp_offer_nudge_v1,subj_05843,Dayananda Sagar College of Engineering,True,v2.1,False,False,True,2026-09-12T09:00:00+05:30,treatment,True,False,False,False,False,1
exp_offer_nudge_v1,subj_05844,BMS Institute of Technology,False,,False,False,False,2026-09-12T09:00:00+05:30,excluded,False,False,False,False,False,0
exp_offer_nudge_v1,subj_05845,PES University,True,v2.1,False,False,False,2026-09-12T09:00:00+05:30,excluded,False,False,False,False,False,0
exp_offer_nudge_v1,subj_05846,RV College of Engineering,True,v2.1,False,True,False,2026-09-12T09:00:00+05:30,excluded,False,False,False,False,False,0
exp_offer_nudge_v1,subj_05847,CMR Institute of Technology,True,v2.1,False,False,True,2026-09-12T09:00:00+05:30,control,True,True,False,False,False,2
exp_offer_nudge_v1,subj_05848,New Horizon College of Engineering,True,v2.1,False,True,False,2026-09-12T09:00:00+05:30,excluded,False,False,False,False,False,0
exp_offer_nudge_v1,subj_05849,Dayananda Sagar College of Engineering,True,v2.1,False,False,True,2026-09-12T09:00:00+05:30,control,True,False,True,True,False,3
exp_offer_nudge_v1,subj_05850,BMS Institute of Technology,True,v2.1,False,False,True,2026-09-12T09:00:00+05:30,treatment,True,False,False,False,False,1
exp_offer_nudge_v1,subj_05851,PES University,True,v2.1,False,False,True,2026-09-12T09:00:00+05:30,treatment,True,False,True,True,True,4
exp_offer_nudge_v1,subj_05852,RV College of Engineering,True,v2.1,False,False,True,2026-09-12T09:00:00+05:30,treatment,True,True,False,False,False,2
exp_offer_nudge_v1,subj_05853,CMR Institute of Technology,True,v2.1,False,False,True,2026-09-12T09:00:00+05:30,control,True,False,True,True,True,4
exp_offer_nudge_v1,subj_05854,New Horizon College of Engineering,True,v2.1,False,False,True,2026-09-12T09:00:00+05:30,treatment,True,False,False,False,False,1
exp_offer_nudge_v1,subj_05855,Dayananda Sagar College of Engineering,True,v2.1,False,False,True,2026-09-12T09:00:00+05:30,excluded,False,False,False,False,False,0
exp_offer_nudge_v1,subj_05856,BMS Institute of Technology,True,v2.1,False,False,True,2026-09-12T09:00:00+05:30,treatment,True,True,True,True,False,4
exp_offer_nudge_v1,subj_05857,PES University,True,v2.1,False,False,True,2026-09-12T09:00:00+05:30,treatment,True,False,False,False,False,1
exp_offer_nudge_v1,subj_05858,RV College of Engineering,True,v2.1,False,False,True,2026-09-12T09:00:00+05:30,treatment,True,False,False,False,False,1
exp_offer_nudge_v1,subj_05859,CMR Institute of Technology,True,v2.1,False,True,False,2026-09-12T09:00:00+05:30,excluded,False,False,False,False,False,0
exp_offer_nudge_v1,subj_05860,New Horizon College of Engineering,True,v2.1,False,False,True,2026-09-12T09:00:00+05:30,treatment,True,False,False,False,False,1
exp_offer_nudge_v1,subj_05861,Dayananda Sagar College of Engineering,True,v2.1,False,False,True,2026-09-12T09:00:00+05:30,control,True,False,False,False,False,1
exp_offer_nudge_v1,subj_05862,BMS Institute of Technology,True,v2.1,False,False,True,2026-09-12T09:00:00+05:30,treatment,True,False,False,False,False,1
exp_offer_nudge_v1,subj_05863,PES University,True,v2.1,False,False,True,2026-09-12T09:00:00+05:30,treatment,True,False,False,False,False,1
exp_offer_nudge_v1,subj_05864,RV College of Engineering,True,v2.1,False,False,True,2026-09-12T09:00:00+05:30,control,True,False,False,False,False,1
exp_offer_nudge_v1,subj_05865,CMR Institute of Technology,True,v2.1,False,False,True,2026-09-12T09:00:00+05:30,control,True,True,False,False,False,2
exp_offer_nudge_v1,subj_05866,New Horizon College of Engineering,True,v2.1,False,False,False,2026-09-12T09:00:00+05:30,excluded,False,False,False,False,False,0
exp_offer_nudge_v1,subj_05867,Dayananda Sagar College of Engineering,True,v2.1,False,False,True,2026-09-12T09:00:00+05:30,treatment,True,True,False,False,False,2
exp_offer_nudge_v1,subj_05868,BMS Institute of Technology,True,v2.1,False,False,True,2026-09-12T09:00:00+05:30,treatment,True,True,True,False,False,3
exp_offer_nudge_v1,subj_05869,PES University,True,v2.1,False,False,True,2026-09-12T09:00:00+05:30,treatment,True,False,False,False,False,1
exp_offer_nudge_v1,subj_05870,RV College of Engineering,False,,False,False,False,2026-09-12T09:00:00+05:30,excluded,False,False,False,False,False,0
exp_offer_nudge_v1,subj_05871,CMR Institute of Technology,False,,False,False,False,2026-09-12T09:00:00+05:30,excluded,False,False,False,False,False,0
exp_offer_nudge_v1,subj_05872,New Horizon College of Engineering,True,v2.1,False,True,False,2026-09-12T09:00:00+05:30,excluded,False,False,False,False,False,0
exp_offer_nudge_v1,subj_05873,Dayananda Sagar College of Engineering,True,v2.1,False,False,True,2026-09-12T09:00:00+05:30,control,True,True,False,False,False,2
exp_offer_nudge_v1,subj_05874,BMS Institute of Technology,True,v2.1,False,False,True,2026-09-12T09:00:00+05:30,control,True,False,False,False,False,1
exp_offer_nudge_v1,subj_05875,PES University,True,v2.1,False,False,True,2026-09-12T09:00:00+05:30,control,True,False,False,False,False,1
exp_offer_nudge_v1,subj_05876,RV College of Engineering,True,v2.1,False,False,False,2026-09-12T09:00:00+05:30,excluded,False,False,False,False,False,0
exp_offer_nudge_v1,subj_05877,CMR Institute of Technology,True,v2.1,True,False,False,2026-09-12T09:00:00+05:30,excluded,False,False,False,False,False,0
exp_offer_nudge_v1,subj_05878,New Horizon College of Engineering,True,v2.1,False,False,True,2026-09-12T09:00:00+05:30,control,True,False,True,True,True,4
exp_offer_nudge_v1,subj_05879,Dayananda Sagar College of Engineering,True,v2.1,False,False,True,2026-09-12T09:00:00+05:30,treatment,True,True,False,False,False,2
exp_offer_nudge_v1,subj_05880,BMS Institute of Technology,True,v2.1,False,False,True,2026-09-12T09:00:00+05:30,treatment,True,False,False,False,False,1
exp_offer_nudge_v1,subj_05881,PES University,True,v2.1,False,False,True,2026-09-12T09:00:00+05:30,treatment,True,True,False,False,False,2
exp_offer_nudge_v1,subj_05882,RV College of Engineering,True,v2.1,False,False,True,2026-09-12T09:00:00+05:30,control,True,True,False,False,False,2
exp_offer_nudge_v1,subj_05883,CMR Institute of Technology,True,v2.1,False,False,True,2026-09-12T09:00:00+05:30,treatment,True,True,False,False,False,2
exp_offer_nudge_v1,subj_05884,New Horizon College of Engineering,False,,False,False,False,2026-09-12T09:00:00+05:30,excluded,False,False,False,False,False,0
exp_offer_nudge_v1,subj_05885,Dayananda Sagar College of Engineering,True,v2.1,False,False,True,2026-09-12T09:00:00+05:30,treatment,True,False,False,False,False,1
exp_offer_nudge_v1,subj_05886,BMS Institute of Technology,True,v2.1,False,False,True,2026-09-12T09:00:00+05:30,treatment,True,False,False,False,False,1
exp_offer_nudge_v1,subj_05887,PES University,True,v2.1,False,False,True,2026-09-12T09:00:00+05:30,treatment,True,False,False,False,False,1
exp_offer_nudge_v1,subj_05888,RV College of Engineering,True,v2.1,False,False,True,2026-09-12T09:00:00+05:30,control,True,False,True,True,False,3
exp_offer_nudge_v1,subj_05889,CMR Institute of Technology,True,v2.1,False,False,True,2026-09-12T09:00:00+05:30,treatment,True,False,False,False,False,1
exp_offer_nudge_v1,subj_05890,New Horizon College of Engineering,True,v2.1,False,False,True,2026-09-12T09:00:00+05:30,treatment,True,False,False,False,False,1
exp_offer_nudge_v1,subj_05891,Dayananda Sagar College of Engineering,True,v2.1,False,False,True,2026-09-12T09:00:00+05:30,control,True,False,False,False,False,1
exp_offer_nudge_v1,subj_05892,BMS Institute of Technology,True,v2.1,False,False,True,2026-09-12T09:00:00+05:30,treatment,True,False,True,False,False,2
exp_offer_nudge_v1,subj_05893,PES University,True,v2.1,False,False,True,2026-09-12T09:00:00+05:30,treatment,True,False,False,False,False,1
exp_offer_nudge_v1,subj_05894,RV College of Engineering,True,v2.1,False,False,True,2026-09-12T09:00:00+05:30,treatment,True,False,True,True,True,4
exp_offer_nudge_v1,subj_05895,CMR Institute of Technology,True,v2.1,False,False,True,2026-09-12T09:00:00+05:30,treatment,True,True,False,False,False,2
exp_offer_nudge_v1,subj_05896,New Horizon College of Engineering,True,v2.1,False,False,True,2026-09-12T09:00:00+05:30,control,True,False,False,False,False,1
exp_offer_nudge_v1,subj_05897,Dayananda Sagar College of Engineering,True,v2.1,False,False,True,2026-09-12T09:00:00+05:30,control,True,False,False,False,False,1
exp_offer_nudge_v1,subj_05898,BMS Institute of Technology,True,v2.1,False,False,True,2026-09-12T09:00:00+05:30,control,True,False,False,False,False,1
exp_offer_nudge_v1,subj_05899,PES University,True,v2.1,False,False,True,2026-09-12T09:00:00+05:30,excluded,False,False,False,False,False,0
exp_offer_nudge_v1,subj_05900,RV College of Engineering,True,v2.1,False,False,True,2026-09-12T09:00:00+05:30,excluded,False,False,False,False,False,0
exp_offer_nudge_v1,subj_05901,CMR Institute of Technology,True,v2.1,False,False,True,2026-09-12T09:00:00+05:30,control,True,False,True,False,False,2
exp_offer_nudge_v1,subj_05902,New Horizon College of Engineering,True,v2.1,False,False,False,2026-09-12T09:00:00+05:30,excluded,False,False,False,False,False,0
exp_offer_nudge_v1,subj_05903,Dayananda Sagar College of Engineering,True,v2.1,False,False,True,2026-09-12T09:00:00+05:30,control,True,False,False,False,False,1
exp_offer_nudge_v1,subj_05904,BMS Institute of Technology,True,v2.1,False,True,False,2026-09-12T09:00:00+05:30,excluded,False,False,False,False,False,0
exp_offer_nudge_v1,subj_05905,PES University,True,v2.1,False,False,True,2026-09-12T09:00:00+05:30,treatment,True,True,False,False,False,2
exp_offer_nudge_v1,subj_05906,RV College of Engineering,True,v2.1,False,False,True,2026-09-12T09:00:00+05:30,control,True,True,True,True,False,4
exp_offer_nudge_v1,subj_05907,CMR Institute of Technology,True,v2.1,False,False,False,2026-09-12T09:00:00+05:30,excluded,False,False,False,False,False,0
exp_offer_nudge_v1,subj_05908,New Horizon College of Engineering,True,v2.1,False,False,True,2026-09-12T09:00:00+05:30,treatment,True,True,False,False,False,2
exp_offer_nudge_v1,subj_05909,Dayananda Sagar College of Engineering,True,v2.1,False,False,True,2026-09-12T09:00:00+05:30,treatment,True,False,False,False,False,1
exp_offer_nudge_v1,subj_05910,BMS Institute of Technology,True,v2.1,False,False,True,2026-09-12T09:00:00+05:30,treatment,True,False,False,False,False,1
exp_offer_nudge_v1,subj_05911,PES University,True,v2.1,False,False,True,2026-09-12T09:00:00+05:30,treatment,True,False,False,False,False,1
exp_offer_nudge_v1,subj_05912,RV College of Engineering,True,v2.1,False,False,True,2026-09-12T09:00:00+05:30,control,True,False,False,False,False,1
exp_offer_nudge_v1,subj_05913,CMR Institute of Technology,True,v2.1,False,False,True,2026-09-12T09:00:00+05:30,treatment,True,False,False,False,False,1
exp_offer_nudge_v1,subj_05914,New Horizon College of Engineering,True,v2.1,False,False,True,2026-09-12T09:00:00+05:30,treatment,True,True,False,False,False,2
exp_offer_nudge_v1,subj_05915,Dayananda Sagar College of Engineering,True,v2.1,False,False,False,2026-09-12T09:00:00+05:30,excluded,False,False,False,False,False,0
exp_offer_nudge_v1,subj_05916,BMS Institute of Technology,True,v2.1,False,False,True,2026-09-12T09:00:00+05:30,control,True,False,False,False,False,1
exp_offer_nudge_v1,subj_05917,PES University,True,v2.1,False,False,True,2026-09-12T09:00:00+05:30,treatment,True,True,False,False,False,2
exp_offer_nudge_v1,subj_05918,RV College of Engineering,True,v2.1,False,False,True,2026-09-12T09:00:00+05:30,treatment,True,False,False,False,False,1
exp_offer_nudge_v1,subj_05919,CMR Institute of Technology,True,v2.1,False,False,True,2026-09-12T09:00:00+05:30,control,True,True,False,False,False,2
exp_offer_nudge_v1,subj_05920,New Horizon College of Engineering,True,v2.1,False,False,True,2026-09-12T09:00:00+05:30,control,True,False,True,False,False,2
exp_offer_nudge_v1,subj_05921,Dayananda Sagar College of Engineering,True,v2.1,False,False,True,2026-09-12T09:00:00+05:30,control,True,False,False,False,False,1
exp_offer_nudge_v1,subj_05922,BMS Institute of Technology,True,v2.1,False,False,True,2026-09-12T09:00:00+05:30,treatment,True,True,True,False,False,3
exp_offer_nudge_v1,subj_05923,PES University,True,v2.1,False,False,True,2026-09-12T09:00:00+05:30,control,True,True,False,False,False,2
exp_offer_nudge_v1,subj_05924,RV College of Engineering,True,v2.1,False,True,False,2026-09-12T09:00:00+05:30,excluded,False,False,False,False,False,0
exp_offer_nudge_v1,subj_05925,CMR Institute of Technology,True,v2.1,False,False,False,2026-09-12T09:00:00+05:30,excluded,False,False,False,False,False,0
exp_offer_nudge_v1,subj_05926,New Horizon College of Engineering,True,v2.1,False,False,True,2026-09-12T09:00:00+05:30,treatment,True,False,True,True,False,3
exp_offer_nudge_v1,subj_05927,Dayananda Sagar College of Engineering,True,v2.1,False,False,True,2026-09-12T09:00:00+05:30,treatment,True,False,True,False,False,2
exp_offer_nudge_v1,subj_05928,BMS Institute of Technology,True,v2.1,False,False,True,2026-09-12T09:00:00+05:30,control,True,True,False,False,False,2
exp_offer_nudge_v1,subj_05929,PES University,False,,False,False,False,2026-09-12T09:00:00+05:30,excluded,False,False,False,False,False,0
exp_offer_nudge_v1,subj_05930,RV College of Engineering,True,v2.1,False,False,True,2026-09-12T09:00:00+05:30,treatment,True,False,False,False,False,1
exp_offer_nudge_v1,subj_05931,CMR Institute of Technology,True,v2.1,False,False,True,2026-09-12T09:00:00+05:30,control,True,False,False,False,False,1
exp_offer_nudge_v1,subj_05932,New Horizon College of Engineering,True,v2.1,False,False,True,2026-09-12T09:00:00+05:30,treatment,True,False,False,False,False,1
exp_offer_nudge_v1,subj_05933,Dayananda Sagar College of Engineering,True,v2.1,False,False,True,2026-09-12T09:00:00+05:30,control,True,True,False,False,False,2
exp_offer_nudge_v1,subj_05934,BMS Institute of Technology,True,v2.1,False,False,True,2026-09-12T09:00:00+05:30,control,True,False,True,True,False,3
exp_offer_nudge_v1,subj_05935,PES University,True,v2.1,False,False,True,2026-09-12T09:00:00+05:30,treatment,True,False,False,False,False,1
exp_offer_nudge_v1,subj_05936,RV College of Engineering,True,v2.1,False,False,False,2026-09-12T09:00:00+05:30,excluded,False,False,False,False,False,0
exp_offer_nudge_v1,subj_05937,CMR Institute of Technology,True,v2.1,False,False,True,2026-09-12T09:00:00+05:30,excluded,False,False,False,False,False,0
exp_offer_nudge_v1,subj_05938,New Horizon College of Engineering,True,v2.1,False,False,True,2026-09-12T09:00:00+05:30,control,True,False,False,False,False,1
exp_offer_nudge_v1,subj_05939,Dayananda Sagar College of Engineering,True,v2.1,False,False,True,2026-09-12T09:00:00+05:30,control,True,False,False,False,False,1
exp_offer_nudge_v1,subj_05940,BMS Institute of Technology,True,v2.1,False,False,True,2026-09-12T09:00:00+05:30,control,True,False,False,False,False,1
exp_offer_nudge_v1,subj_05941,PES University,True,v2.1,False,False,True,2026-09-12T09:00:00+05:30,control,True,True,False,False,False,2
exp_offer_nudge_v1,subj_05942,RV College of Engineering,True,v2.1,False,False,True,2026-09-12T09:00:00+05:30,control,True,True,True,False,False,3
exp_offer_nudge_v1,subj_05943,CMR Institute of Technology,True,v2.1,False,False,True,2026-09-12T09:00:00+05:30,control,True,False,False,False,False,1
exp_offer_nudge_v1,subj_05944,New Horizon College of Engineering,True,v2.1,False,False,True,2026-09-12T09:00:00+05:30,treatment,True,False,True,True,False,3
exp_offer_nudge_v1,subj_05945,Dayananda Sagar College of Engineering,True,v2.1,False,False,True,2026-09-12T09:00:00+05:30,treatment,True,True,False,False,False,2
exp_offer_nudge_v1,subj_05946,BMS Institute of Technology,True,v2.1,False,False,True,2026-09-12T09:00:00+05:30,control,True,True,True,True,False,4
exp_offer_nudge_v1,subj_05947,PES University,True,v2.1,False,False,True,2026-09-12T09:00:00+05:30,treatment,True,True,True,False,False,3
exp_offer_nudge_v1,subj_05948,RV College of Engineering,True,v2.1,False,False,True,2026-09-12T09:00:00+05:30,treatment,True,True,False,False,False,2
exp_offer_nudge_v1,subj_05949,CMR Institute of Technology,True,v2.1,False,False,True,2026-09-12T09:00:00+05:30,control,True,False,True,False,False,2
exp_offer_nudge_v1,subj_05950,New Horizon College of Engineering,True,v2.1,False,False,True,2026-09-12T09:00:00+05:30,treatment,True,False,False,False,False,1
exp_offer_nudge_v1,subj_05951,Dayananda Sagar College of Engineering,True,v2.1,False,False,True,2026-09-12T09:00:00+05:30,treatment,True,False,True,True,True,4
exp_offer_nudge_v1,subj_05952,BMS Institute of Technology,True,v2.1,False,False,False,2026-09-12T09:00:00+05:30,excluded,False,False,False,False,False,0
exp_offer_nudge_v1,subj_05953,PES University,True,v2.1,False,False,True,2026-09-12T09:00:00+05:30,control,True,False,False,False,False,1
exp_offer_nudge_v1,subj_05954,RV College of Engineering,True,v2.1,False,False,True,2026-09-12T09:00:00+05:30,treatment,True,True,False,False,False,2
exp_offer_nudge_v1,subj_05955,CMR Institute of Technology,True,v2.1,False,False,True,2026-09-12T09:00:00+05:30,control,True,False,True,True,False,3
exp_offer_nudge_v1,subj_05956,New Horizon College of Engineering,True,v2.1,False,False,True,2026-09-12T09:00:00+05:30,control,True,False,True,False,False,2
exp_offer_nudge_v1,subj_05957,Dayananda Sagar College of Engineering,True,v2.1,False,False,True,2026-09-12T09:00:00+05:30,control,True,True,True,True,False,4
exp_offer_nudge_v1,subj_05958,BMS Institute of Technology,True,v2.1,False,False,True,2026-09-12T09:00:00+05:30,control,True,False,False,False,False,1
exp_offer_nudge_v1,subj_05959,PES University,True,v2.1,False,False,True,2026-09-12T09:00:00+05:30,control,True,True,False,False,False,2
exp_offer_nudge_v1,subj_05960,RV College of Engineering,True,v2.1,False,False,False,2026-09-12T09:00:00+05:30,excluded,False,False,False,False,False,0
exp_offer_nudge_v1,subj_05961,CMR Institute of Technology,True,v2.1,False,False,False,2026-09-12T09:00:00+05:30,excluded,False,False,False,False,False,0
exp_offer_nudge_v1,subj_05962,New Horizon College of Engineering,True,v2.1,False,False,True,2026-09-12T09:00:00+05:30,control,True,False,False,False,False,1
exp_offer_nudge_v1,subj_05963,Dayananda Sagar College of Engineering,True,v2.1,False,False,True,2026-09-12T09:00:00+05:30,treatment,True,True,False,False,False,2
exp_offer_nudge_v1,subj_05964,BMS Institute of Technology,True,v2.1,False,False,True,2026-09-12T09:00:00+05:30,control,True,True,False,False,False,2
exp_offer_nudge_v1,subj_05965,PES University,True,v2.1,False,False,True,2026-09-12T09:00:00+05:30,treatment,True,False,False,False,False,1
exp_offer_nudge_v1,subj_05966,RV College of Engineering,False,,False,False,False,2026-09-12T09:00:00+05:30,excluded,False,False,False,False,False,0
exp_offer_nudge_v1,subj_05967,CMR Institute of Technology,True,v2.1,False,False,True,2026-09-12T09:00:00+05:30,control,True,False,False,False,False,1
exp_offer_nudge_v1,subj_05968,New Horizon College of Engineering,True,v2.1,False,False,True,2026-09-12T09:00:00+05:30,control,True,True,False,False,False,2
exp_offer_nudge_v1,subj_05969,Dayananda Sagar College of Engineering,True,v2.1,False,False,True,2026-09-12T09:00:00+05:30,treatment,True,True,True,True,False,4
exp_offer_nudge_v1,subj_05970,BMS Institute of Technology,True,v2.1,False,False,True,2026-09-12T09:00:00+05:30,treatment,True,True,False,False,False,2
exp_offer_nudge_v1,subj_05971,PES University,True,v2.1,False,False,True,2026-09-12T09:00:00+05:30,treatment,True,True,False,False,False,2
exp_offer_nudge_v1,subj_05972,RV College of Engineering,True,v2.1,False,False,True,2026-09-12T09:00:00+05:30,control,True,False,False,False,False,1
exp_offer_nudge_v1,subj_05973,CMR Institute of Technology,True,v2.1,False,False,True,2026-09-12T09:00:00+05:30,treatment,True,False,False,False,False,1
exp_offer_nudge_v1,subj_05974,New Horizon College of Engineering,True,v2.1,False,False,False,2026-09-12T09:00:00+05:30,excluded,False,False,False,False,False,0
exp_offer_nudge_v1,subj_05975,Dayananda Sagar College of Engineering,True,v2.1,False,False,True,2026-09-12T09:00:00+05:30,treatment,True,True,False,False,False,2
exp_offer_nudge_v1,subj_05976,BMS Institute of Technology,True,v2.1,False,False,True,2026-09-12T09:00:00+05:30,treatment,True,False,True,False,False,2
exp_offer_nudge_v1,subj_05977,PES University,True,v2.1,False,False,False,2026-09-12T09:00:00+05:30,excluded,False,False,False,False,False,0
exp_offer_nudge_v1,subj_05978,RV College of Engineering,True,v2.1,False,False,True,2026-09-12T09:00:00+05:30,control,True,False,False,False,False,1
exp_offer_nudge_v1,subj_05979,CMR Institute of Technology,True,v2.1,False,False,True,2026-09-12T09:00:00+05:30,control,True,False,False,False,False,1
exp_offer_nudge_v1,subj_05980,New Horizon College of Engineering,True,v2.1,False,False,True,2026-09-12T09:00:00+05:30,control,True,False,False,False,False,1
exp_offer_nudge_v1,subj_05981,Dayananda Sagar College of Engineering,True,v2.1,False,False,True,2026-09-12T09:00:00+05:30,treatment,True,False,True,False,False,2
exp_offer_nudge_v1,subj_05982,BMS Institute of Technology,True,v2.1,False,False,True,2026-09-12T09:00:00+05:30,treatment,True,True,False,False,False,2
exp_offer_nudge_v1,subj_05983,PES University,True,v2.1,False,False,True,2026-09-12T09:00:00+05:30,treatment,True,False,False,False,False,1
exp_offer_nudge_v1,subj_05984,RV College of Engineering,False,,False,False,False,2026-09-12T09:00:00+05:30,excluded,False,False,False,False,False,0
exp_offer_nudge_v1,subj_05985,CMR Institute of Technology,True,v2.1,False,False,True,2026-09-12T09:00:00+05:30,control,True,False,True,True,True,4
exp_offer_nudge_v1,subj_05986,New Horizon College of Engineering,True,v2.1,False,False,True,2026-09-12T09:00:00+05:30,control,True,False,False,False,False,1
exp_offer_nudge_v1,subj_05987,Dayananda Sagar College of Engineering,True,v2.1,False,False,True,2026-09-12T09:00:00+05:30,control,True,False,False,False,False,1
exp_offer_nudge_v1,subj_05988,BMS Institute of Technology,True,v2.1,False,False,False,2026-09-12T09:00:00+05:30,excluded,False,False,False,False,False,0
exp_offer_nudge_v1,subj_05989,PES University,True,v2.1,False,False,False,2026-09-12T09:00:00+05:30,excluded,False,False,False,False,False,0
exp_offer_nudge_v1,subj_05990,RV College of Engineering,True,v2.1,False,False,True,2026-09-12T09:00:00+05:30,treatment,True,True,True,True,True,5
exp_offer_nudge_v1,subj_05991,CMR Institute of Technology,True,v2.1,False,False,True,2026-09-12T09:00:00+05:30,treatment,True,False,False,False,False,1
exp_offer_nudge_v1,subj_05992,New Horizon College of Engineering,True,v2.1,False,False,True,2026-09-12T09:00:00+05:30,control,True,False,False,False,False,1
exp_offer_nudge_v1,subj_05993,Dayananda Sagar College of Engineering,True,v2.1,False,False,True,2026-09-12T09:00:00+05:30,control,True,False,False,False,False,1
exp_offer_nudge_v1,subj_05994,BMS Institute of Technology,True,v2.1,False,False,True,2026-09-12T09:00:00+05:30,control,True,False,False,False,False,1
exp_offer_nudge_v1,subj_05995,PES University,True,v2.1,False,False,True,2026-09-12T09:00:00+05:30,control,True,False,False,False,False,1
exp_offer_nudge_v1,subj_05996,RV College of Engineering,True,v2.1,False,False,True,2026-09-12T09:00:00+05:30,treatment,True,False,False,False,False,1
exp_offer_nudge_v1,subj_05997,CMR Institute of Technology,True,v2.1,False,False,True,2026-09-12T09:00:00+05:30,control,True,False,True,True,True,4
exp_offer_nudge_v1,subj_05998,New Horizon College of Engineering,True,v2.1,False,False,False,2026-09-12T09:00:00+05:30,excluded,False,False,False,False,False,0
exp_offer_nudge_v1,subj_05999,Dayananda Sagar College of Engineering,True,v2.1,False,False,True,2026-09-12T09:00:00+05:30,treatment,True,False,False,False,False,1
exp_offer_nudge_v1,subj_06000,BMS Institute of Technology,True,v2.1,False,False,True,2026-09-12T09:00:00+05:30,control,True,True,False,False,False,2
