event_id,event_name,event_timestamp,candidate_id,company_id,job_id,application_id,session_id,job_category,location,platform,source,event_version,submission_type,review_status,shortlist_stage,next_step_type,selection_type,outcome_id,outcome_type,outcome_status
E000037,application_started,2026-08-01 09:42:00,CAN061,CMP026,JOB027,APP00011,SESSION_00011,Software Developer,Bengaluru,mobile,referral,1.0,,,,,,,,
E000038,application_submitted,2026-08-01 10:46:00,CAN061,CMP026,JOB027,APP00011,SESSION_00011,Software Developer,Bengaluru,web,organic,1.0,standard,,,,,,,
E000001,application_started,2026-08-01 10:47:00,CAN004,CMP024,JOB018,APP00001,SESSION_00001,Software Developer,Hyderabad,web,organic,1.0,,,,,,,,
E000002,application_submitted,2026-08-01 10:56:00,CAN004,CMP024,JOB018,APP00001,SESSION_00001,Software Developer,Hyderabad,web,organic,1.0,standard,,,,,,,
E000024,application_started,2026-08-01 11:09:00,CAN039,CMP027,JOB041,APP00008,SESSION_00008,Digital Marketer,Chennai,mobile,direct,1.0,,,,,,,,
E000025,application_submitted,2026-08-01 12:21:00,CAN039,CMP027,JOB041,APP00008,SESSION_00008,Digital Marketer,Chennai,web,referral,1.0,standard,,,,,,,
E000004,application_started,2026-08-01 12:51:00,CAN070,CMP014,JOB015,APP00002,SESSION_00002,UI/UX Designer,Chennai,web,direct,1.0,,,,,,,,
E000005,application_submitted,2026-08-01 13:39:00,CAN070,CMP014,JOB015,APP00002,SESSION_00002,UI/UX Designer,Chennai,mobile,direct,1.0,standard,,,,,,,
E000014,application_started,2026-08-01 14:17:00,CAN008,CMP008,JOB053,APP00005,SESSION_00005,Data Analyst,Mumbai,web,direct,1.0,,,,,,,,
E000010,application_started,2026-08-01 15:40:00,CAN030,CMP028,JOB007,APP00004,SESSION_00004,UI/UX Designer,Mumbai,mobile,direct,1.0,,,,,,,,
E000030,application_started,2026-08-01 15:57:00,CAN026,CMP023,JOB020,APP00010,SESSION_00010,UI/UX Designer,Mumbai,mobile,organic,1.0,,,,,,,,
E000031,application_submitted,2026-08-01 16:10:00,CAN026,CMP023,JOB020,APP00010,SESSION_00010,UI/UX Designer,Mumbai,mobile,organic,1.0,standard,,,,,,,
E000011,application_submitted,2026-08-01 16:11:00,CAN030,CMP028,JOB007,APP00004,SESSION_00004,UI/UX Designer,Mumbai,mobile,organic,1.0,standard,,,,,,,
E000008,application_started,2026-08-01 16:18:00,CAN059,CMP018,JOB008,APP00003,SESSION_00003,UI/UX Designer,Bengaluru,mobile,direct,1.0,,,,,,,,
E000009,application_submitted,2026-08-01 16:28:00,CAN059,CMP018,JOB008,APP00003,SESSION_00003,UI/UX Designer,Bengaluru,web,referral,1.0,standard,,,,,,,
E000019,application_started,2026-08-01 17:04:00,CAN015,CMP005,JOB041,APP00007,SESSION_00007,Software Developer,Pune,mobile,campaign,1.0,,,,,,,,
E000020,application_submitted,2026-08-01 18:08:00,CAN015,CMP005,JOB041,APP00007,SESSION_00007,Software Developer,Pune,mobile,organic,1.0,standard,,,,,,,
E000028,application_started,2026-08-01 18:30:00,CAN009,CMP025,JOB035,APP00009,SESSION_00009,Software Developer,Hyderabad,web,referral,1.0,,,,,,,,
E000015,application_started,2026-08-01 18:31:00,CAN073,CMP029,JOB046,APP00006,SESSION_00006,Business Analyst,Hyderabad,mobile,campaign,1.0,,,,,,,,
E000016,application_submitted,2026-08-01 18:53:00,CAN073,CMP029,JOB046,APP00006,SESSION_00006,Business Analyst,Hyderabad,web,referral,1.0,standard,,,,,,,
E000029,application_submitted,2026-08-01 19:52:00,CAN009,CMP025,JOB035,APP00009,SESSION_00009,Software Developer,Hyderabad,mobile,direct,1.0,standard,,,,,,,
E000026,application_reviewed,2026-08-02 04:21:00,CAN039,CMP027,JOB041,APP00008,SESSION_00008,Digital Marketer,Chennai,mobile,referral,1.0,,reviewed,,,,,,
E000046,application_started,2026-08-02 08:03:00,CAN075,CMP024,JOB035,APP00015,SESSION_00015,Data Analyst,Mumbai,mobile,direct,1.0,,,,,,,,
E000065,application_started,2026-08-02 08:11:00,CAN031,CMP028,JOB011,APP00021,SESSION_00021,Software Developer,Pune,mobile,campaign,1.0,,,,,,,,
E000042,application_started,2026-08-02 08:41:00,CAN057,CMP026,JOB056,APP00012,SESSION_00012,Digital Marketer,Bengaluru,web,organic,1.0,,,,,,,,
E000066,application_submitted,2026-08-02 08:47:00,CAN031,CMP028,JOB011,APP00021,SESSION_00021,Software Developer,Pune,mobile,direct,1.0,standard,,,,,,,
E000047,application_submitted,2026-08-02 09:13:00,CAN075,CMP024,JOB035,APP00015,SESSION_00015,Data Analyst,Mumbai,web,direct,1.0,standard,,,,,,,
E000021,application_reviewed,2026-08-02 10:08:00,CAN015,CMP005,JOB041,APP00007,SESSION_00007,Software Developer,Pune,mobile,referral,1.0,,reviewed,,,,,,
E000045,application_started,2026-08-02 10:12:00,CAN059,CMP010,JOB028,APP00014,SESSION_00014,Digital Marketer,Pune,mobile,direct,1.0,,,,,,,,
E000057,application_started,2026-08-02 10:17:00,CAN018,CMP009,JOB008,APP00018,SESSION_00018,Data Analyst,Chennai,mobile,direct,1.0,,,,,,,,
E000055,application_started,2026-08-02 10:28:00,CAN009,CMP029,JOB016,APP00017,SESSION_00017,Business Analyst,Mumbai,mobile,organic,1.0,,,,,,,,
E000060,application_started,2026-08-02 10:47:00,CAN006,CMP001,JOB022,APP00019,SESSION_00019,Software Developer,Mumbai,mobile,campaign,1.0,,,,,,,,
E000058,application_submitted,2026-08-02 10:48:00,CAN018,CMP009,JOB008,APP00018,SESSION_00018,Data Analyst,Chennai,mobile,campaign,1.0,standard,,,,,,,
E000061,application_submitted,2026-08-02 11:06:00,CAN006,CMP001,JOB022,APP00019,SESSION_00019,Software Developer,Mumbai,web,direct,1.0,standard,,,,,,,
E000067,application_started,2026-08-02 11:12:00,CAN014,CMP013,JOB056,APP00022,SESSION_00022,Data Analyst,Pune,mobile,referral,1.0,,,,,,,,
E000056,application_submitted,2026-08-02 11:43:00,CAN009,CMP029,JOB016,APP00017,SESSION_00017,Business Analyst,Mumbai,mobile,organic,1.0,standard,,,,,,,
E000068,application_submitted,2026-08-02 11:46:00,CAN014,CMP013,JOB056,APP00022,SESSION_00022,Data Analyst,Pune,web,organic,1.0,standard,,,,,,,
E000043,application_started,2026-08-02 11:55:00,CAN031,CMP006,JOB027,APP00013,SESSION_00013,UI/UX Designer,Pune,mobile,organic,1.0,,,,,,,,
E000044,application_submitted,2026-08-02 12:00:00,CAN031,CMP006,JOB027,APP00013,SESSION_00013,UI/UX Designer,Pune,mobile,referral,1.0,standard,,,,,,,
E000012,application_reviewed,2026-08-02 15:11:00,CAN030,CMP028,JOB007,APP00004,SESSION_00004,UI/UX Designer,Mumbai,web,direct,1.0,,reviewed,,,,,,
E000053,application_started,2026-08-02 15:39:00,CAN041,CMP030,JOB049,APP00016,SESSION_00016,Data Analyst,Bengaluru,web,organic,1.0,,,,,,,,
E000054,application_submitted,2026-08-02 16:48:00,CAN041,CMP030,JOB049,APP00016,SESSION_00016,Data Analyst,Bengaluru,mobile,direct,1.0,standard,,,,,,,
E000064,application_started,2026-08-02 16:56:00,CAN027,CMP022,JOB016,APP00020,SESSION_00020,Data Analyst,Mumbai,mobile,direct,1.0,,,,,,,,
E000059,application_reviewed,2026-08-02 18:48:00,CAN018,CMP009,JOB008,APP00018,SESSION_00018,Data Analyst,Chennai,web,campaign,1.0,,reviewed,,,,,,
E000048,application_reviewed,2026-08-02 19:13:00,CAN075,CMP024,JOB035,APP00015,SESSION_00015,Data Analyst,Mumbai,web,campaign,1.0,,reviewed,,,,,,
E000027,application_shortlisted,2026-08-02 20:21:00,CAN039,CMP027,JOB041,APP00008,SESSION_00008,Digital Marketer,Chennai,web,organic,1.0,,,shortlisted,,,,,
E000032,application_reviewed,2026-08-02 23:10:00,CAN026,CMP023,JOB020,APP00010,SESSION_00010,UI/UX Designer,Mumbai,web,organic,1.0,,reviewed,,,,,,
E000039,application_reviewed,2026-08-03 07:46:00,CAN061,CMP026,JOB027,APP00011,SESSION_00011,Software Developer,Bengaluru,web,direct,1.0,,reviewed,,,,,,
E000103,application_started,2026-08-03 08:47:00,CAN054,CMP009,JOB054,APP00033,SESSION_00033,Data Analyst,Pune,web,referral,1.0,,,,,,,,
E000104,application_submitted,2026-08-03 09:00:00,CAN054,CMP009,JOB054,APP00033,SESSION_00033,Data Analyst,Pune,web,organic,1.0,standard,,,,,,,
E000013,application_shortlisted,2026-08-03 09:11:00,CAN030,CMP028,JOB007,APP00004,SESSION_00004,UI/UX Designer,Mumbai,web,referral,1.0,,,shortlisted,,,,,
E000117,application_started,2026-08-03 09:15:00,CAN036,CMP018,JOB001,APP00039,SESSION_00039,Digital Marketer,Hyderabad,mobile,campaign,1.0,,,,,,,,
E000135,application_started,2026-08-03 09:48:00,CAN040,CMP019,JOB040,APP00043,SESSION_00043,Data Analyst,Chennai,web,direct,1.0,,,,,,,,
E000118,application_submitted,2026-08-03 09:50:00,CAN036,CMP018,JOB001,APP00039,SESSION_00039,Digital Marketer,Hyderabad,mobile,campaign,1.0,standard,,,,,,,
E000136,application_submitted,2026-08-03 10:03:00,CAN040,CMP019,JOB040,APP00043,SESSION_00043,Data Analyst,Chennai,web,direct,1.0,standard,,,,,,,
E000006,application_reviewed,2026-08-03 10:39:00,CAN070,CMP014,JOB015,APP00002,SESSION_00002,UI/UX Designer,Chennai,web,organic,1.0,,reviewed,,,,,,
E000142,application_started,2026-08-03 10:50:00,CAN035,CMP027,JOB010,APP00044,SESSION_00044,Data Analyst,Bengaluru,mobile,referral,1.0,,,,,,,,
E000105,application_started,2026-08-03 11:08:00,CAN026,CMP027,JOB002,APP00034,SESSION_00034,Digital Marketer,Hyderabad,mobile,organic,1.0,,,,,,,,
E000106,application_submitted,2026-08-03 11:40:00,CAN026,CMP027,JOB002,APP00034,SESSION_00034,Digital Marketer,Hyderabad,mobile,referral,1.0,standard,,,,,,,
E000143,application_submitted,2026-08-03 11:54:00,CAN035,CMP027,JOB010,APP00044,SESSION_00044,Data Analyst,Bengaluru,mobile,campaign,1.0,standard,,,,,,,
E000073,application_started,2026-08-03 12:02:00,CAN066,CMP004,JOB025,APP00024,SESSION_00024,Digital Marketer,Hyderabad,mobile,organic,1.0,,,,,,,,
E000128,application_started,2026-08-03 12:30:00,CAN063,CMP004,JOB056,APP00042,SESSION_00042,Data Analyst,Chennai,mobile,campaign,1.0,,,,,,,,
E000129,application_submitted,2026-08-03 12:41:00,CAN063,CMP004,JOB056,APP00042,SESSION_00042,Data Analyst,Chennai,mobile,campaign,1.0,standard,,,,,,,
E000109,application_started,2026-08-03 12:54:00,CAN026,CMP003,JOB038,APP00036,SESSION_00036,Software Developer,Bengaluru,web,organic,1.0,,,,,,,,
E000070,application_started,2026-08-03 13:01:00,CAN045,CMP021,JOB033,APP00023,SESSION_00023,UI/UX Designer,Chennai,web,referral,1.0,,,,,,,,
E000074,application_submitted,2026-08-03 13:15:00,CAN066,CMP004,JOB025,APP00024,SESSION_00024,Digital Marketer,Hyderabad,web,referral,1.0,standard,,,,,,,
E000071,application_submitted,2026-08-03 13:39:00,CAN045,CMP021,JOB033,APP00023,SESSION_00023,UI/UX Designer,Chennai,web,organic,1.0,standard,,,,,,,
E000119,application_reviewed,2026-08-03 13:50:00,CAN036,CMP018,JOB001,APP00039,SESSION_00039,Digital Marketer,Hyderabad,web,referral,1.0,,reviewed,,,,,,
E000110,application_submitted,2026-08-03 13:53:00,CAN026,CMP003,JOB038,APP00036,SESSION_00036,Software Developer,Bengaluru,mobile,organic,1.0,standard,,,,,,,
E000022,application_shortlisted,2026-08-03 14:08:00,CAN015,CMP005,JOB041,APP00007,SESSION_00007,Software Developer,Pune,web,campaign,1.0,,,shortlisted,,,,,
E000112,application_started,2026-08-03 14:11:00,CAN014,CMP014,JOB024,APP00037,SESSION_00037,UI/UX Designer,Hyderabad,mobile,campaign,1.0,,,,,,,,
E000076,application_started,2026-08-03 14:44:00,CAN039,CMP017,JOB020,APP00025,SESSION_00025,UI/UX Designer,Mumbai,mobile,direct,1.0,,,,,,,,
E000121,application_started,2026-08-03 14:47:00,CAN048,CMP016,JOB036,APP00040,SESSION_00040,Digital Marketer,Mumbai,mobile,referral,1.0,,,,,,,,
E000095,application_started,2026-08-03 15:00:00,CAN075,CMP023,JOB002,APP00031,SESSION_00031,Digital Marketer,Pune,mobile,referral,1.0,,,,,,,,
E000122,application_submitted,2026-08-03 15:26:00,CAN048,CMP016,JOB036,APP00040,SESSION_00040,Digital Marketer,Mumbai,mobile,referral,1.0,standard,,,,,,,
E000113,application_submitted,2026-08-03 15:31:00,CAN014,CMP014,JOB024,APP00037,SESSION_00037,UI/UX Designer,Hyderabad,mobile,referral,1.0,standard,,,,,,,
E000114,application_started,2026-08-03 15:36:00,CAN012,CMP009,JOB057,APP00038,SESSION_00038,UI/UX Designer,Hyderabad,mobile,referral,1.0,,,,,,,,
E000096,application_submitted,2026-08-03 15:58:00,CAN075,CMP023,JOB002,APP00031,SESSION_00031,Digital Marketer,Pune,web,campaign,1.0,standard,,,,,,,
E000077,application_submitted,2026-08-03 16:14:00,CAN039,CMP017,JOB020,APP00025,SESSION_00025,UI/UX Designer,Mumbai,mobile,direct,1.0,standard,,,,,,,
E000115,application_submitted,2026-08-03 16:22:00,CAN012,CMP009,JOB057,APP00038,SESSION_00038,UI/UX Designer,Hyderabad,web,campaign,1.0,standard,,,,,,,
E000086,application_started,2026-08-03 16:29:00,CAN014,CMP025,JOB028,APP00028,SESSION_00028,Software Developer,Hyderabad,web,direct,1.0,,,,,,,,
E000089,application_started,2026-08-03 16:31:00,CAN061,CMP015,JOB017,APP00030,SESSION_00030,Software Developer,Mumbai,web,referral,1.0,,,,,,,,
E000087,application_started,2026-08-03 16:38:00,CAN016,CMP015,JOB009,APP00029,SESSION_00029,UI/UX Designer,Chennai,mobile,campaign,1.0,,,,,,,,
E000090,application_submitted,2026-08-03 17:12:00,CAN061,CMP015,JOB017,APP00030,SESSION_00030,Software Developer,Mumbai,web,referral,1.0,standard,,,,,,,
E000099,application_started,2026-08-03 17:36:00,CAN017,CMP020,JOB035,APP00032,SESSION_00032,Data Analyst,Pune,web,organic,1.0,,,,,,,,
E000088,application_submitted,2026-08-03 17:47:00,CAN016,CMP015,JOB009,APP00029,SESSION_00029,UI/UX Designer,Chennai,mobile,campaign,1.0,standard,,,,,,,
E000124,application_started,2026-08-03 17:48:00,CAN024,CMP007,JOB014,APP00041,SESSION_00041,UI/UX Designer,Mumbai,mobile,organic,1.0,,,,,,,,
E000083,application_started,2026-08-03 17:54:00,CAN019,CMP001,JOB003,APP00027,SESSION_00027,Software Developer,Pune,web,campaign,1.0,,,,,,,,
E000100,application_submitted,2026-08-03 17:58:00,CAN017,CMP020,JOB035,APP00032,SESSION_00032,Data Analyst,Pune,mobile,direct,1.0,standard,,,,,,,
E000125,application_submitted,2026-08-03 18:30:00,CAN024,CMP007,JOB014,APP00041,SESSION_00041,UI/UX Designer,Mumbai,web,referral,1.0,standard,,,,,,,
E000081,application_started,2026-08-03 18:40:00,CAN022,CMP022,JOB006,APP00026,SESSION_00026,Business Analyst,Chennai,mobile,organic,1.0,,,,,,,,
E000108,application_started,2026-08-03 18:58:00,CAN014,CMP019,JOB002,APP00035,SESSION_00035,Business Analyst,Chennai,mobile,campaign,1.0,,,,,,,,
E000082,application_submitted,2026-08-03 19:15:00,CAN022,CMP022,JOB006,APP00026,SESSION_00026,Business Analyst,Chennai,mobile,direct,1.0,standard,,,,,,,
E000084,application_submitted,2026-08-03 19:19:00,CAN019,CMP001,JOB003,APP00027,SESSION_00027,Software Developer,Pune,web,campaign,1.0,standard,,,,,,,
E000137,application_reviewed,2026-08-03 21:03:00,CAN040,CMP019,JOB040,APP00043,SESSION_00043,Data Analyst,Chennai,web,organic,1.0,,reviewed,,,,,,
E000126,application_reviewed,2026-08-03 21:30:00,CAN024,CMP007,JOB014,APP00041,SESSION_00041,UI/UX Designer,Mumbai,web,referral,1.0,,reviewed,,,,,,
E000130,application_reviewed,2026-08-03 22:41:00,CAN063,CMP004,JOB056,APP00042,SESSION_00042,Data Analyst,Chennai,mobile,campaign,1.0,,reviewed,,,,,,
E000127,application_shortlisted,2026-08-04 01:30:00,CAN024,CMP007,JOB014,APP00041,SESSION_00041,UI/UX Designer,Mumbai,mobile,direct,1.0,,,shortlisted,,,,,
E000017,application_reviewed,2026-08-04 02:53:00,CAN073,CMP029,JOB046,APP00006,SESSION_00006,Business Analyst,Hyderabad,mobile,referral,1.0,,reviewed,,,,,,
E000003,application_reviewed,2026-08-04 04:56:00,CAN004,CMP024,JOB018,APP00001,SESSION_00001,Software Developer,Hyderabad,web,direct,1.0,,reviewed,,,,,,
E000202,application_started,2026-08-04 08:03:00,CAN059,CMP003,JOB043,APP00065,SESSION_00065,Software Developer,Chennai,mobile,direct,1.0,,,,,,,,
E000049,application_shortlisted,2026-08-04 08:13:00,CAN075,CMP024,JOB035,APP00015,SESSION_00015,Data Analyst,Mumbai,web,organic,1.0,,,shortlisted,,,,,
E000146,application_started,2026-08-04 08:48:00,CAN074,CMP019,JOB002,APP00046,SESSION_00046,Business Analyst,Chennai,web,campaign,1.0,,,,,,,,
E000144,application_started,2026-08-04 08:56:00,CAN070,CMP016,JOB029,APP00045,SESSION_00045,Data Analyst,Chennai,mobile,referral,1.0,,,,,,,,
E000145,application_submitted,2026-08-04 09:04:00,CAN070,CMP016,JOB029,APP00045,SESSION_00045,Data Analyst,Chennai,web,direct,1.0,standard,,,,,,,
E000195,application_started,2026-08-04 09:08:00,CAN060,CMP030,JOB045,APP00062,SESSION_00062,Business Analyst,Pune,web,organic,1.0,,,,,,,,
E000007,application_shortlisted,2026-08-04 09:39:00,CAN070,CMP014,JOB015,APP00002,SESSION_00002,UI/UX Designer,Chennai,mobile,referral,1.0,,,shortlisted,,,,,
E000205,application_started,2026-08-04 09:42:00,CAN019,CMP005,JOB035,APP00067,SESSION_00067,Business Analyst,Hyderabad,web,direct,1.0,,,,,,,,
E000147,application_submitted,2026-08-04 09:49:00,CAN074,CMP019,JOB002,APP00046,SESSION_00046,Business Analyst,Chennai,mobile,direct,1.0,standard,,,,,,,
E000196,application_submitted,2026-08-04 10:16:00,CAN060,CMP030,JOB045,APP00062,SESSION_00062,Business Analyst,Pune,web,organic,1.0,standard,,,,,,,
E000206,application_submitted,2026-08-04 10:17:00,CAN019,CMP005,JOB035,APP00067,SESSION_00067,Business Analyst,Hyderabad,mobile,organic,1.0,standard,,,,,,,
E000107,application_reviewed,2026-08-04 10:40:00,CAN026,CMP027,JOB002,APP00034,SESSION_00034,Digital Marketer,Hyderabad,web,direct,1.0,,reviewed,,,,,,
E000187,application_started,2026-08-04 10:50:00,CAN042,CMP024,JOB027,APP00060,SESSION_00060,Software Developer,Hyderabad,mobile,referral,1.0,,,,,,,,
E000188,application_submitted,2026-08-04 11:27:00,CAN042,CMP024,JOB027,APP00060,SESSION_00060,Software Developer,Hyderabad,mobile,referral,1.0,standard,,,,,,,
E000018,application_shortlisted,2026-08-04 11:53:00,CAN073,CMP029,JOB046,APP00006,SESSION_00006,Business Analyst,Hyderabad,mobile,organic,1.0,,,shortlisted,,,,,
E000199,application_started,2026-08-04 12:02:00,CAN013,CMP027,JOB032,APP00063,SESSION_00063,Digital Marketer,Pune,mobile,direct,1.0,,,,,,,,
E000062,application_reviewed,2026-08-04 12:06:00,CAN006,CMP001,JOB022,APP00019,SESSION_00019,Software Developer,Mumbai,web,campaign,1.0,,reviewed,,,,,,
E000151,application_started,2026-08-04 12:20:00,CAN071,CMP002,JOB030,APP00048,SESSION_00048,Data Analyst,Mumbai,web,campaign,1.0,,,,,,,,
E000152,application_submitted,2026-08-04 12:25:00,CAN071,CMP002,JOB030,APP00048,SESSION_00048,Data Analyst,Mumbai,mobile,campaign,1.0,standard,,,,,,,
E000158,application_started,2026-08-04 12:26:00,CAN020,CMP016,JOB060,APP00050,SESSION_00050,Business Analyst,Chennai,mobile,campaign,1.0,,,,,,,,
E000154,application_started,2026-08-04 12:28:00,CAN007,CMP007,JOB018,APP00049,SESSION_00049,Digital Marketer,Hyderabad,mobile,organic,1.0,,,,,,,,
E000200,application_submitted,2026-08-04 12:37:00,CAN013,CMP027,JOB032,APP00063,SESSION_00063,Digital Marketer,Pune,mobile,organic,1.0,standard,,,,,,,
E000180,application_started,2026-08-04 12:40:00,CAN021,CMP003,JOB029,APP00056,SESSION_00056,Business Analyst,Chennai,mobile,referral,1.0,,,,,,,,
E000190,application_started,2026-08-04 13:05:00,CAN019,CMP025,JOB015,APP00061,SESSION_00061,UI/UX Designer,Chennai,mobile,organic,1.0,,,,,,,,
E000181,application_submitted,2026-08-04 13:23:00,CAN021,CMP003,JOB029,APP00056,SESSION_00056,Business Analyst,Chennai,web,campaign,1.0,standard,,,,,,,
E000191,application_submitted,2026-08-04 13:25:00,CAN019,CMP025,JOB015,APP00061,SESSION_00061,UI/UX Designer,Chennai,mobile,referral,1.0,standard,,,,,,,
E000170,application_started,2026-08-04 13:40:00,CAN043,CMP028,JOB044,APP00054,SESSION_00054,Digital Marketer,Pune,mobile,organic,1.0,,,,,,,,
E000159,application_submitted,2026-08-04 13:41:00,CAN020,CMP016,JOB060,APP00050,SESSION_00050,Business Analyst,Chennai,web,campaign,1.0,standard,,,,,,,
E000165,application_started,2026-08-04 13:47:00,CAN030,CMP028,JOB050,APP00052,SESSION_00052,UI/UX Designer,Bengaluru,mobile,campaign,1.0,,,,,,,,
E000155,application_submitted,2026-08-04 13:53:00,CAN007,CMP007,JOB018,APP00049,SESSION_00049,Digital Marketer,Hyderabad,web,direct,1.0,standard,,,,,,,
E000171,application_submitted,2026-08-04 14:15:00,CAN043,CMP028,JOB044,APP00054,SESSION_00054,Digital Marketer,Pune,mobile,direct,1.0,standard,,,,,,,
E000201,application_started,2026-08-04 14:17:00,CAN048,CMP018,JOB058,APP00064,SESSION_00064,Business Analyst,Bengaluru,web,organic,1.0,,,,,,,,
E000210,application_started,2026-08-04 15:04:00,CAN052,CMP014,JOB044,APP00070,SESSION_00070,Data Analyst,Pune,web,referral,1.0,,,,,,,,
E000167,application_started,2026-08-04 15:06:00,CAN017,CMP017,JOB038,APP00053,SESSION_00053,Business Analyst,Bengaluru,mobile,organic,1.0,,,,,,,,
E000166,application_submitted,2026-08-04 15:16:00,CAN030,CMP028,JOB050,APP00052,SESSION_00052,UI/UX Designer,Bengaluru,web,campaign,1.0,standard,,,,,,,
E000211,application_submitted,2026-08-04 15:17:00,CAN052,CMP014,JOB044,APP00070,SESSION_00070,Data Analyst,Pune,web,referral,1.0,standard,,,,,,,
E000148,application_started,2026-08-04 15:22:00,CAN056,CMP021,JOB053,APP00047,SESSION_00047,UI/UX Designer,Bengaluru,mobile,referral,1.0,,,,,,,,
E000149,application_submitted,2026-08-04 15:40:00,CAN056,CMP021,JOB053,APP00047,SESSION_00047,UI/UX Designer,Bengaluru,web,referral,1.0,standard,,,,,,,
E000209,application_started,2026-08-04 15:41:00,CAN006,CMP024,JOB051,APP00069,SESSION_00069,Digital Marketer,Mumbai,web,organic,1.0,,,,,,,,
E000168,application_submitted,2026-08-04 16:03:00,CAN017,CMP017,JOB038,APP00053,SESSION_00053,Business Analyst,Bengaluru,web,organic,1.0,standard,,,,,,,
E000033,application_shortlisted,2026-08-04 16:10:00,CAN026,CMP023,JOB020,APP00010,SESSION_00010,UI/UX Designer,Mumbai,web,direct,1.0,,,shortlisted,,,,,
E000069,application_reviewed,2026-08-04 16:46:00,CAN014,CMP013,JOB056,APP00022,SESSION_00022,Data Analyst,Pune,mobile,referral,1.0,,reviewed,,,,,,
E000156,application_reviewed,2026-08-04 16:53:00,CAN007,CMP007,JOB018,APP00049,SESSION_00049,Digital Marketer,Hyderabad,mobile,organic,1.0,,reviewed,,,,,,
E000208,application_started,2026-08-04 17:06:00,CAN009,CMP016,JOB029,APP00068,SESSION_00068,Business Analyst,Chennai,mobile,direct,1.0,,,,,,,,
E000203,application_started,2026-08-04 17:13:00,CAN073,CMP007,JOB005,APP00066,SESSION_00066,Digital Marketer,Hyderabad,web,referral,1.0,,,,,,,,
E000182,application_started,2026-08-04 17:18:00,CAN014,CMP008,JOB025,APP00057,SESSION_00057,Digital Marketer,Mumbai,mobile,organic,1.0,,,,,,,,
E000186,application_started,2026-08-04 17:23:00,CAN006,CMP010,JOB051,APP00059,SESSION_00059,UI/UX Designer,Bengaluru,web,organic,1.0,,,,,,,,
E000123,application_reviewed,2026-08-04 17:26:00,CAN048,CMP016,JOB036,APP00040,SESSION_00040,Digital Marketer,Mumbai,mobile,organic,1.0,,reviewed,,,,,,
E000183,application_started,2026-08-04 17:47:00,CAN051,CMP009,JOB001,APP00058,SESSION_00058,Digital Marketer,Bengaluru,mobile,referral,1.0,,,,,,,,
E000177,application_started,2026-08-04 18:15:00,CAN011,CMP020,JOB056,APP00055,SESSION_00055,UI/UX Designer,Chennai,mobile,direct,1.0,,,,,,,,
E000207,application_reviewed,2026-08-04 18:17:00,CAN019,CMP005,JOB035,APP00067,SESSION_00067,Business Analyst,Hyderabad,web,campaign,1.0,,reviewed,,,,,,
E000184,application_submitted,2026-08-04 18:21:00,CAN051,CMP009,JOB001,APP00058,SESSION_00058,Digital Marketer,Bengaluru,mobile,direct,1.0,standard,,,,,,,
E000162,application_started,2026-08-04 18:31:00,CAN037,CMP024,JOB020,APP00051,SESSION_00051,Digital Marketer,Chennai,web,campaign,1.0,,,,,,,,
E000204,application_submitted,2026-08-04 18:34:00,CAN073,CMP007,JOB005,APP00066,SESSION_00066,Digital Marketer,Hyderabad,web,referral,1.0,standard,,,,,,,
E000040,application_shortlisted,2026-08-04 18:46:00,CAN061,CMP026,JOB027,APP00011,SESSION_00011,Software Developer,Bengaluru,mobile,direct,1.0,,,shortlisted,,,,,
E000163,application_submitted,2026-08-04 19:20:00,CAN037,CMP024,JOB020,APP00051,SESSION_00051,Digital Marketer,Chennai,mobile,campaign,1.0,standard,,,,,,,
E000178,application_submitted,2026-08-04 19:41:00,CAN011,CMP020,JOB056,APP00055,SESSION_00055,UI/UX Designer,Chennai,mobile,campaign,1.0,standard,,,,,,,
E000034,application_next_step,2026-08-04 22:10:00,CAN026,CMP023,JOB020,APP00010,SESSION_00010,UI/UX Designer,Mumbai,mobile,organic,1.0,,,,interview,,,,
E000179,application_reviewed,2026-08-04 22:41:00,CAN011,CMP020,JOB056,APP00055,SESSION_00055,UI/UX Designer,Chennai,mobile,referral,1.0,,reviewed,,,,,,
E000157,application_shortlisted,2026-08-05 00:53:00,CAN007,CMP007,JOB018,APP00049,SESSION_00049,Digital Marketer,Hyderabad,mobile,organic,1.0,,,shortlisted,,,,,
E000023,application_next_step,2026-08-05 01:08:00,CAN015,CMP005,JOB041,APP00007,SESSION_00007,Software Developer,Pune,web,organic,1.0,,,,interview,,,,
E000116,application_reviewed,2026-08-05 03:22:00,CAN012,CMP009,JOB057,APP00038,SESSION_00038,UI/UX Designer,Hyderabad,mobile,referral,1.0,,reviewed,,,,,,
E000085,application_reviewed,2026-08-05 04:19:00,CAN019,CMP001,JOB003,APP00027,SESSION_00027,Software Developer,Pune,web,organic,1.0,,reviewed,,,,,,
E000063,application_shortlisted,2026-08-05 08:06:00,CAN006,CMP001,JOB022,APP00019,SESSION_00019,Software Developer,Mumbai,mobile,organic,1.0,,,shortlisted,,,,,
E000078,application_reviewed,2026-08-05 08:14:00,CAN039,CMP017,JOB020,APP00025,SESSION_00025,UI/UX Designer,Mumbai,mobile,organic,1.0,,reviewed,,,,,,
E000284,application_started,2026-08-05 08:22:00,CAN014,CMP025,JOB038,APP00094,SESSION_00094,Business Analyst,Hyderabad,mobile,direct,1.0,,,,,,,,
E000281,application_started,2026-08-05 08:24:00,CAN070,CMP017,JOB051,APP00093,SESSION_00093,Digital Marketer,Chennai,mobile,organic,1.0,,,,,,,,
E000241,application_started,2026-08-05 09:09:00,CAN045,CMP012,JOB047,APP00080,SESSION_00080,Software Developer,Hyderabad,mobile,direct,1.0,,,,,,,,
E000075,application_reviewed,2026-08-05 09:15:00,CAN066,CMP004,JOB025,APP00024,SESSION_00024,Digital Marketer,Hyderabad,mobile,organic,1.0,,reviewed,,,,,,
E000282,application_submitted,2026-08-05 09:16:00,CAN070,CMP017,JOB051,APP00093,SESSION_00093,Digital Marketer,Chennai,mobile,organic,1.0,standard,,,,,,,
E000285,application_submitted,2026-08-05 09:26:00,CAN014,CMP025,JOB038,APP00094,SESSION_00094,Business Analyst,Hyderabad,mobile,direct,1.0,standard,,,,,,,
E000242,application_submitted,2026-08-05 09:33:00,CAN045,CMP012,JOB047,APP00080,SESSION_00080,Software Developer,Hyderabad,web,direct,1.0,standard,,,,,,,
E000213,application_started,2026-08-05 09:50:00,CAN038,CMP015,JOB033,APP00071,SESSION_00071,Digital Marketer,Pune,web,direct,1.0,,,,,,,,
E000262,application_started,2026-08-05 10:11:00,CAN080,CMP005,JOB039,APP00086,SESSION_00086,UI/UX Designer,Hyderabad,web,campaign,1.0,,,,,,,,
E000269,application_started,2026-08-05 10:17:00,CAN067,CMP028,JOB008,APP00088,SESSION_00088,Business Analyst,Bengaluru,mobile,direct,1.0,,,,,,,,
E000214,application_submitted,2026-08-05 10:24:00,CAN038,CMP015,JOB033,APP00071,SESSION_00071,Digital Marketer,Pune,mobile,referral,1.0,standard,,,,,,,
E000270,application_submitted,2026-08-05 10:33:00,CAN067,CMP028,JOB008,APP00088,SESSION_00088,Business Analyst,Bengaluru,web,campaign,1.0,standard,,,,,,,
E000256,application_started,2026-08-05 10:38:00,CAN019,CMP030,JOB023,APP00084,SESSION_00084,Business Analyst,Pune,web,referral,1.0,,,,,,,,
E000219,application_started,2026-08-05 10:42:00,CAN046,CMP004,JOB037,APP00074,SESSION_00074,Digital Marketer,Hyderabad,mobile,direct,1.0,,,,,,,,
E000120,application_shortlisted,2026-08-05 10:50:00,CAN036,CMP018,JOB001,APP00039,SESSION_00039,Digital Marketer,Hyderabad,web,referral,1.0,,,shortlisted,,,,,
E000111,application_reviewed,2026-08-05 10:53:00,CAN026,CMP003,JOB038,APP00036,SESSION_00036,Software Developer,Bengaluru,web,campaign,1.0,,reviewed,,,,,,
E000263,application_submitted,2026-08-05 11:02:00,CAN080,CMP005,JOB039,APP00086,SESSION_00086,UI/UX Designer,Hyderabad,web,campaign,1.0,standard,,,,,,,
E000220,application_submitted,2026-08-05 11:31:00,CAN046,CMP004,JOB037,APP00074,SESSION_00074,Digital Marketer,Hyderabad,mobile,organic,1.0,standard,,,,,,,
E000279,application_started,2026-08-05 11:36:00,CAN038,CMP014,JOB001,APP00092,SESSION_00092,Digital Marketer,Mumbai,mobile,direct,1.0,,,,,,,,
E000072,application_reviewed,2026-08-05 11:39:00,CAN045,CMP021,JOB033,APP00023,SESSION_00023,UI/UX Designer,Chennai,mobile,campaign,1.0,,reviewed,,,,,,
E000280,application_submitted,2026-08-05 11:51:00,CAN038,CMP014,JOB001,APP00092,SESSION_00092,Digital Marketer,Mumbai,mobile,organic,1.0,standard,,,,,,,
E000257,application_submitted,2026-08-05 12:05:00,CAN019,CMP030,JOB023,APP00084,SESSION_00084,Business Analyst,Pune,mobile,direct,1.0,standard,,,,,,,
E000286,application_started,2026-08-05 12:12:00,CAN009,CMP023,JOB050,APP00095,SESSION_00095,UI/UX Designer,Bengaluru,web,direct,1.0,,,,,,,,
E000273,application_started,2026-08-05 12:58:00,CAN043,CMP026,JOB010,APP00090,SESSION_00090,Software Developer,Bengaluru,mobile,direct,1.0,,,,,,,,
E000237,application_started,2026-08-05 13:10:00,CAN054,CMP010,JOB008,APP00078,SESSION_00078,UI/UX Designer,Bengaluru,mobile,referral,1.0,,,,,,,,
E000271,application_started,2026-08-05 13:15:00,CAN004,CMP014,JOB004,APP00089,SESSION_00089,UI/UX Designer,Chennai,mobile,organic,1.0,,,,,,,,
E000222,application_started,2026-08-05 13:22:00,CAN035,CMP001,JOB012,APP00075,SESSION_00075,Business Analyst,Mumbai,web,direct,1.0,,,,,,,,
E000272,application_submitted,2026-08-05 13:23:00,CAN004,CMP014,JOB004,APP00089,SESSION_00089,UI/UX Designer,Chennai,mobile,organic,1.0,standard,,,,,,,
E000238,application_submitted,2026-08-05 13:28:00,CAN054,CMP010,JOB008,APP00078,SESSION_00078,UI/UX Designer,Bengaluru,web,campaign,1.0,standard,,,,,,,
E000253,application_started,2026-08-05 13:43:00,CAN048,CMP030,JOB019,APP00083,SESSION_00083,UI/UX Designer,Pune,web,referral,1.0,,,,,,,,
E000259,application_started,2026-08-05 13:49:00,CAN003,CMP012,JOB020,APP00085,SESSION_00085,Software Developer,Hyderabad,mobile,direct,1.0,,,,,,,,
E000246,application_started,2026-08-05 13:53:00,CAN040,CMP015,JOB029,APP00082,SESSION_00082,Data Analyst,Bengaluru,mobile,organic,1.0,,,,,,,,
E000254,application_submitted,2026-08-05 14:00:00,CAN048,CMP030,JOB019,APP00083,SESSION_00083,UI/UX Designer,Pune,mobile,referral,1.0,standard,,,,,,,
E000274,application_submitted,2026-08-05 14:03:00,CAN043,CMP026,JOB010,APP00090,SESSION_00090,Software Developer,Bengaluru,mobile,organic,1.0,standard,,,,,,,
E000216,application_started,2026-08-05 14:06:00,CAN061,CMP003,JOB006,APP00073,SESSION_00073,Data Analyst,Bengaluru,mobile,direct,1.0,,,,,,,,
E000247,application_submitted,2026-08-05 14:09:00,CAN040,CMP015,JOB029,APP00082,SESSION_00082,Data Analyst,Bengaluru,mobile,campaign,1.0,standard,,,,,,,
E000260,application_submitted,2026-08-05 14:11:00,CAN003,CMP012,JOB020,APP00085,SESSION_00085,Software Developer,Hyderabad,web,organic,1.0,standard,,,,,,,
E000215,application_started,2026-08-05 14:20:00,CAN052,CMP014,JOB047,APP00072,SESSION_00072,Data Analyst,Mumbai,mobile,referral,1.0,,,,,,,,
E000223,application_submitted,2026-08-05 14:39:00,CAN035,CMP001,JOB012,APP00075,SESSION_00075,Business Analyst,Mumbai,mobile,organic,1.0,standard,,,,,,,
E000217,application_submitted,2026-08-05 15:26:00,CAN061,CMP003,JOB006,APP00073,SESSION_00073,Data Analyst,Bengaluru,mobile,organic,1.0,standard,,,,,,,
E000131,application_shortlisted,2026-08-05 15:41:00,CAN063,CMP004,JOB056,APP00042,SESSION_00042,Data Analyst,Chennai,web,direct,1.0,,,shortlisted,,,,,
E000243,application_started,2026-08-05 15:43:00,CAN064,CMP015,JOB049,APP00081,SESSION_00081,Digital Marketer,Chennai,mobile,referral,1.0,,,,,,,,
E000244,application_submitted,2026-08-05 15:56:00,CAN064,CMP015,JOB049,APP00081,SESSION_00081,Digital Marketer,Chennai,mobile,campaign,1.0,standard,,,,,,,
E000229,application_started,2026-08-05 16:07:00,CAN078,CMP015,JOB027,APP00076,SESSION_00076,Business Analyst,Hyderabad,mobile,campaign,1.0,,,,,,,,
E000287,application_started,2026-08-05 16:30:00,CAN041,CMP030,JOB020,APP00096,SESSION_00096,Digital Marketer,Pune,mobile,organic,1.0,,,,,,,,
E000266,application_started,2026-08-05 16:33:00,CAN074,CMP015,JOB030,APP00087,SESSION_00087,Business Analyst,Pune,mobile,direct,1.0,,,,,,,,
E000234,application_started,2026-08-05 16:35:00,CAN023,CMP005,JOB025,APP00077,SESSION_00077,Digital Marketer,Hyderabad,mobile,organic,1.0,,,,,,,,
E000240,application_started,2026-08-05 16:40:00,CAN044,CMP008,JOB022,APP00079,SESSION_00079,Software Developer,Bengaluru,web,direct,1.0,,,,,,,,
E000235,application_submitted,2026-08-05 16:45:00,CAN023,CMP005,JOB025,APP00077,SESSION_00077,Digital Marketer,Hyderabad,mobile,organic,1.0,standard,,,,,,,
E000288,application_submitted,2026-08-05 16:59:00,CAN041,CMP030,JOB020,APP00096,SESSION_00096,Digital Marketer,Pune,mobile,referral,1.0,standard,,,,,,,
E000230,application_submitted,2026-08-05 17:27:00,CAN078,CMP015,JOB027,APP00076,SESSION_00076,Business Analyst,Hyderabad,mobile,referral,1.0,standard,,,,,,,
E000275,application_started,2026-08-05 17:33:00,CAN003,CMP009,JOB014,APP00091,SESSION_00091,Software Developer,Chennai,mobile,organic,1.0,,,,,,,,
E000267,application_submitted,2026-08-05 17:55:00,CAN074,CMP015,JOB030,APP00087,SESSION_00087,Business Analyst,Pune,web,referral,1.0,standard,,,,,,,
E000138,application_shortlisted,2026-08-05 18:03:00,CAN040,CMP019,JOB040,APP00043,SESSION_00043,Data Analyst,Chennai,mobile,referral,1.0,,,shortlisted,,,,,
E000276,application_submitted,2026-08-05 18:08:00,CAN003,CMP009,JOB014,APP00091,SESSION_00091,Software Developer,Chennai,mobile,organic,1.0,standard,,,,,,,
E000283,application_reviewed,2026-08-05 19:16:00,CAN070,CMP017,JOB051,APP00093,SESSION_00093,Digital Marketer,Chennai,mobile,direct,1.0,,reviewed,,,,,,
E000224,application_reviewed,2026-08-05 19:39:00,CAN035,CMP001,JOB012,APP00075,SESSION_00075,Business Analyst,Mumbai,web,direct,1.0,,reviewed,,,,,,
E000101,application_reviewed,2026-08-05 19:58:00,CAN017,CMP020,JOB035,APP00032,SESSION_00032,Data Analyst,Pune,mobile,direct,1.0,,reviewed,,,,,,
E000248,application_reviewed,2026-08-05 21:09:00,CAN040,CMP015,JOB029,APP00082,SESSION_00082,Data Analyst,Bengaluru,mobile,direct,1.0,,reviewed,,,,,,
E000079,application_shortlisted,2026-08-05 22:14:00,CAN039,CMP017,JOB020,APP00025,SESSION_00025,UI/UX Designer,Mumbai,mobile,referral,1.0,,,shortlisted,,,,,
E000192,application_reviewed,2026-08-06 00:25:00,CAN019,CMP025,JOB015,APP00061,SESSION_00061,UI/UX Designer,Chennai,mobile,referral,1.0,,reviewed,,,,,,
E000097,application_reviewed,2026-08-06 00:58:00,CAN075,CMP023,JOB002,APP00031,SESSION_00031,Digital Marketer,Pune,mobile,organic,1.0,,reviewed,,,,,,
E000169,application_reviewed,2026-08-06 03:03:00,CAN017,CMP017,JOB038,APP00053,SESSION_00053,Business Analyst,Bengaluru,mobile,campaign,1.0,,reviewed,,,,,,
E000236,application_reviewed,2026-08-06 03:45:00,CAN023,CMP005,JOB025,APP00077,SESSION_00077,Digital Marketer,Hyderabad,mobile,campaign,1.0,,reviewed,,,,,,
E000261,application_reviewed,2026-08-06 04:11:00,CAN003,CMP012,JOB020,APP00085,SESSION_00085,Software Developer,Hyderabad,web,referral,1.0,,reviewed,,,,,,
E000185,application_reviewed,2026-08-06 04:21:00,CAN051,CMP009,JOB001,APP00058,SESSION_00058,Digital Marketer,Bengaluru,web,organic,1.0,,reviewed,,,,,,
E000041,application_next_step,2026-08-06 07:46:00,CAN061,CMP026,JOB027,APP00011,SESSION_00011,Software Developer,Bengaluru,mobile,direct,1.0,,,,interview,,,,
E000330,application_started,2026-08-06 08:05:00,CAN060,CMP016,JOB057,APP00108,SESSION_00108,Business Analyst,Pune,mobile,campaign,1.0,,,,,,,,
E000189,application_reviewed,2026-08-06 08:27:00,CAN042,CMP024,JOB027,APP00060,SESSION_00060,Software Developer,Hyderabad,web,campaign,1.0,,reviewed,,,,,,
E000345,application_started,2026-08-06 08:28:00,CAN032,CMP002,JOB037,APP00114,SESSION_00114,Data Analyst,Hyderabad,mobile,campaign,1.0,,,,,,,,
E000346,application_submitted,2026-08-06 08:59:00,CAN032,CMP002,JOB037,APP00114,SESSION_00114,Data Analyst,Hyderabad,mobile,campaign,1.0,standard,,,,,,,
E000307,application_started,2026-08-06 10:45:00,CAN009,CMP018,JOB035,APP00101,SESSION_00101,Business Analyst,Mumbai,web,referral,1.0,,,,,,,,
E000255,application_reviewed,2026-08-06 11:00:00,CAN048,CMP030,JOB019,APP00083,SESSION_00083,UI/UX Designer,Pune,mobile,organic,1.0,,reviewed,,,,,,
E000308,application_submitted,2026-08-06 11:05:00,CAN009,CMP018,JOB035,APP00101,SESSION_00101,Business Analyst,Mumbai,web,direct,1.0,standard,,,,,,,
E000304,application_started,2026-08-06 11:39:00,CAN016,CMP009,JOB050,APP00100,SESSION_00100,Business Analyst,Pune,mobile,campaign,1.0,,,,,,,,
E000343,application_started,2026-08-06 11:46:00,CAN034,CMP021,JOB051,APP00113,SESSION_00113,Digital Marketer,Chennai,web,campaign,1.0,,,,,,,,
E000329,application_started,2026-08-06 11:48:00,CAN021,CMP027,JOB021,APP00107,SESSION_00107,Digital Marketer,Mumbai,web,campaign,1.0,,,,,,,,
E000322,application_started,2026-08-06 11:51:00,CAN070,CMP010,JOB042,APP00105,SESSION_00105,Business Analyst,Pune,mobile,referral,1.0,,,,,,,,
E000305,application_submitted,2026-08-06 12:01:00,CAN016,CMP009,JOB050,APP00100,SESSION_00100,Business Analyst,Pune,web,campaign,1.0,standard,,,,,,,
E000323,application_submitted,2026-08-06 12:03:00,CAN070,CMP010,JOB042,APP00105,SESSION_00105,Business Analyst,Pune,web,campaign,1.0,standard,,,,,,,
E000292,application_started,2026-08-06 12:20:00,CAN011,CMP014,JOB039,APP00098,SESSION_00098,Software Developer,Chennai,web,organic,1.0,,,,,,,,
E000331,application_started,2026-08-06 12:31:00,CAN028,CMP019,JOB023,APP00109,SESSION_00109,Data Analyst,Bengaluru,mobile,referral,1.0,,,,,,,,
E000332,application_submitted,2026-08-06 12:49:00,CAN028,CMP019,JOB023,APP00109,SESSION_00109,Data Analyst,Bengaluru,mobile,direct,1.0,standard,,,,,,,
E000293,application_submitted,2026-08-06 13:02:00,CAN011,CMP014,JOB039,APP00098,SESSION_00098,Software Developer,Chennai,mobile,campaign,1.0,standard,,,,,,,
E000035,application_selected,2026-08-06 13:10:00,CAN026,CMP023,JOB020,APP00010,SESSION_00010,UI/UX Designer,Mumbai,mobile,direct,1.0,,,,,selected,,,
E000344,application_submitted,2026-08-06 13:11:00,CAN034,CMP021,JOB051,APP00113,SESSION_00113,Digital Marketer,Chennai,mobile,direct,1.0,standard,,,,,,,
E000336,application_started,2026-08-06 13:48:00,CAN051,CMP012,JOB051,APP00111,SESSION_00111,Business Analyst,Chennai,web,direct,1.0,,,,,,,,
E000333,application_started,2026-08-06 14:03:00,CAN047,CMP025,JOB026,APP00110,SESSION_00110,Business Analyst,Bengaluru,web,referral,1.0,,,,,,,,
E000325,application_started,2026-08-06 14:08:00,CAN041,CMP028,JOB046,APP00106,SESSION_00106,Business Analyst,Mumbai,mobile,organic,1.0,,,,,,,,
E000334,application_submitted,2026-08-06 14:17:00,CAN047,CMP025,JOB026,APP00110,SESSION_00110,Business Analyst,Bengaluru,mobile,campaign,1.0,standard,,,,,,,
E000164,application_reviewed,2026-08-06 14:20:00,CAN037,CMP024,JOB020,APP00051,SESSION_00051,Digital Marketer,Chennai,web,direct,1.0,,reviewed,,,,,,
E000299,application_started,2026-08-06 14:36:00,CAN017,CMP003,JOB016,APP00099,SESSION_00099,Business Analyst,Mumbai,web,direct,1.0,,,,,,,,
E000337,application_submitted,2026-08-06 14:44:00,CAN051,CMP012,JOB051,APP00111,SESSION_00111,Business Analyst,Chennai,web,organic,1.0,standard,,,,,,,
E000289,application_started,2026-08-06 14:47:00,CAN043,CMP009,JOB008,APP00097,SESSION_00097,Business Analyst,Pune,mobile,campaign,1.0,,,,,,,,
E000326,application_submitted,2026-08-06 15:12:00,CAN041,CMP028,JOB046,APP00106,SESSION_00106,Business Analyst,Mumbai,web,referral,1.0,standard,,,,,,,
E000050,application_next_step,2026-08-06 15:13:00,CAN075,CMP024,JOB035,APP00015,SESSION_00015,Data Analyst,Mumbai,mobile,referral,1.0,,,,interview,,,,
E000290,application_submitted,2026-08-06 15:15:00,CAN043,CMP009,JOB008,APP00097,SESSION_00097,Business Analyst,Pune,mobile,campaign,1.0,standard,,,,,,,
E000193,application_shortlisted,2026-08-06 15:25:00,CAN019,CMP025,JOB015,APP00061,SESSION_00061,UI/UX Designer,Chennai,mobile,organic,1.0,,,shortlisted,,,,,
E000300,application_submitted,2026-08-06 15:28:00,CAN017,CMP003,JOB016,APP00099,SESSION_00099,Business Analyst,Mumbai,mobile,campaign,1.0,standard,,,,,,,
E000312,application_started,2026-08-06 15:43:00,CAN010,CMP005,JOB021,APP00103,SESSION_00103,Data Analyst,Pune,mobile,direct,1.0,,,,,,,,
E000091,application_reviewed,2026-08-06 16:12:00,CAN061,CMP015,JOB017,APP00030,SESSION_00030,Software Developer,Mumbai,web,direct,1.0,,reviewed,,,,,,
E000313,application_submitted,2026-08-06 16:58:00,CAN010,CMP005,JOB021,APP00103,SESSION_00103,Data Analyst,Pune,web,direct,1.0,standard,,,,,,,
E000319,application_started,2026-08-06 17:21:00,CAN076,CMP019,JOB010,APP00104,SESSION_00104,Software Developer,Chennai,web,organic,1.0,,,,,,,,
E000340,application_started,2026-08-06 17:21:00,CAN041,CMP006,JOB026,APP00112,SESSION_00112,Digital Marketer,Mumbai,mobile,referral,1.0,,,,,,,,
E000341,application_submitted,2026-08-06 17:28:00,CAN041,CMP006,JOB026,APP00112,SESSION_00112,Digital Marketer,Mumbai,mobile,referral,1.0,standard,,,,,,,
E000221,application_reviewed,2026-08-06 17:31:00,CAN046,CMP004,JOB037,APP00074,SESSION_00074,Digital Marketer,Hyderabad,mobile,organic,1.0,,reviewed,,,,,,
E000310,application_started,2026-08-06 17:56:00,CAN048,CMP015,JOB052,APP00102,SESSION_00102,Digital Marketer,Hyderabad,web,organic,1.0,,,,,,,,
E000102,application_shortlisted,2026-08-06 17:58:00,CAN017,CMP020,JOB035,APP00032,SESSION_00032,Data Analyst,Pune,mobile,referral,1.0,,,shortlisted,,,,,
E000320,application_submitted,2026-08-06 18:48:00,CAN076,CMP019,JOB010,APP00104,SESSION_00104,Software Developer,Chennai,mobile,direct,1.0,standard,,,,,,,
E000311,application_submitted,2026-08-06 19:02:00,CAN048,CMP015,JOB052,APP00102,SESSION_00102,Digital Marketer,Hyderabad,mobile,campaign,1.0,standard,,,,,,,
E000172,application_reviewed,2026-08-06 23:15:00,CAN043,CMP028,JOB044,APP00054,SESSION_00054,Digital Marketer,Pune,web,organic,1.0,,reviewed,,,,,,
E000225,application_shortlisted,2026-08-07 01:39:00,CAN035,CMP001,JOB012,APP00075,SESSION_00075,Business Analyst,Mumbai,mobile,direct,1.0,,,shortlisted,,,,,
E000314,application_reviewed,2026-08-07 01:58:00,CAN010,CMP005,JOB021,APP00103,SESSION_00103,Data Analyst,Pune,web,direct,1.0,,reviewed,,,,,,
E000249,application_shortlisted,2026-08-07 04:09:00,CAN040,CMP015,JOB029,APP00082,SESSION_00082,Data Analyst,Bengaluru,web,organic,1.0,,,shortlisted,,,,,
E000245,application_reviewed,2026-08-07 04:56:00,CAN064,CMP015,JOB049,APP00081,SESSION_00081,Digital Marketer,Chennai,web,referral,1.0,,reviewed,,,,,,
E000132,application_next_step,2026-08-07 07:41:00,CAN063,CMP004,JOB056,APP00042,SESSION_00042,Data Analyst,Chennai,web,direct,1.0,,,,interview,,,,
E000139,application_next_step,2026-08-07 08:03:00,CAN040,CMP019,JOB040,APP00043,SESSION_00043,Data Analyst,Chennai,mobile,campaign,1.0,,,,interview,,,,
E000197,application_reviewed,2026-08-07 08:16:00,CAN060,CMP030,JOB045,APP00062,SESSION_00062,Business Analyst,Pune,web,campaign,1.0,,reviewed,,,,,,
E000352,application_started,2026-08-07 08:18:00,CAN051,CMP027,JOB023,APP00118,SESSION_00118,Software Developer,Mumbai,web,referral,1.0,,,,,,,,
E000153,application_reviewed,2026-08-07 08:25:00,CAN071,CMP002,JOB030,APP00048,SESSION_00048,Data Analyst,Mumbai,mobile,campaign,1.0,,reviewed,,,,,,
E000150,application_reviewed,2026-08-07 08:40:00,CAN056,CMP021,JOB053,APP00047,SESSION_00047,UI/UX Designer,Bengaluru,mobile,campaign,1.0,,reviewed,,,,,,
E000160,application_reviewed,2026-08-07 08:41:00,CAN020,CMP016,JOB060,APP00050,SESSION_00050,Business Analyst,Chennai,web,organic,1.0,,reviewed,,,,,,
E000383,application_started,2026-08-07 09:43:00,CAN049,CMP015,JOB056,APP00131,SESSION_00131,UI/UX Designer,Pune,web,referral,1.0,,,,,,,,
E000366,application_started,2026-08-07 10:08:00,CAN066,CMP011,JOB006,APP00124,SESSION_00124,UI/UX Designer,Bengaluru,mobile,referral,1.0,,,,,,,,
E000301,application_reviewed,2026-08-07 10:28:00,CAN017,CMP003,JOB016,APP00099,SESSION_00099,Business Analyst,Mumbai,mobile,campaign,1.0,,reviewed,,,,,,
E000371,application_started,2026-08-07 10:30:00,CAN038,CMP012,JOB040,APP00126,SESSION_00126,Software Developer,Hyderabad,web,campaign,1.0,,,,,,,,
E000363,application_started,2026-08-07 10:46:00,CAN060,CMP009,JOB013,APP00123,SESSION_00123,Data Analyst,Mumbai,mobile,referral,1.0,,,,,,,,
E000382,application_started,2026-08-07 10:49:00,CAN061,CMP002,JOB019,APP00130,SESSION_00130,UI/UX Designer,Hyderabad,mobile,referral,1.0,,,,,,,,
E000364,application_submitted,2026-08-07 10:52:00,CAN060,CMP009,JOB013,APP00123,SESSION_00123,Data Analyst,Mumbai,mobile,referral,1.0,standard,,,,,,,
E000384,application_submitted,2026-08-07 10:56:00,CAN049,CMP015,JOB056,APP00131,SESSION_00131,UI/UX Designer,Pune,mobile,direct,1.0,standard,,,,,,,
E000327,application_reviewed,2026-08-07 11:12:00,CAN041,CMP028,JOB046,APP00106,SESSION_00106,Business Analyst,Mumbai,web,organic,1.0,,reviewed,,,,,,
E000375,application_started,2026-08-07 11:36:00,CAN015,CMP002,JOB054,APP00128,SESSION_00128,Digital Marketer,Chennai,web,direct,1.0,,,,,,,,
E000372,application_submitted,2026-08-07 11:52:00,CAN038,CMP012,JOB040,APP00126,SESSION_00126,Software Developer,Hyderabad,mobile,campaign,1.0,standard,,,,,,,
E000351,application_started,2026-08-07 12:18:00,CAN063,CMP011,JOB031,APP00117,SESSION_00117,Business Analyst,Chennai,web,campaign,1.0,,,,,,,,
E000367,application_started,2026-08-07 12:21:00,CAN001,CMP009,JOB025,APP00125,SESSION_00125,Software Developer,Pune,mobile,organic,1.0,,,,,,,,
E000376,application_submitted,2026-08-07 12:47:00,CAN015,CMP002,JOB054,APP00128,SESSION_00128,Digital Marketer,Chennai,mobile,organic,1.0,standard,,,,,,,
E000315,application_shortlisted,2026-08-07 12:58:00,CAN010,CMP005,JOB021,APP00103,SESSION_00103,Data Analyst,Pune,mobile,direct,1.0,,,shortlisted,,,,,
E000368,application_submitted,2026-08-07 13:12:00,CAN001,CMP009,JOB025,APP00125,SESSION_00125,Software Developer,Pune,web,organic,1.0,standard,,,,,,,
E000348,application_started,2026-08-07 13:43:00,CAN059,CMP030,JOB035,APP00116,SESSION_00116,Business Analyst,Chennai,mobile,campaign,1.0,,,,,,,,
E000349,application_submitted,2026-08-07 14:19:00,CAN059,CMP030,JOB035,APP00116,SESSION_00116,Business Analyst,Chennai,mobile,referral,1.0,standard,,,,,,,
E000360,application_started,2026-08-07 14:50:00,CAN023,CMP014,JOB057,APP00121,SESSION_00121,Software Developer,Bengaluru,mobile,direct,1.0,,,,,,,,
E000212,application_reviewed,2026-08-07 15:17:00,CAN052,CMP014,JOB044,APP00070,SESSION_00070,Data Analyst,Pune,mobile,campaign,1.0,,reviewed,,,,,,
E000374,application_started,2026-08-07 15:33:00,CAN077,CMP028,JOB051,APP00127,SESSION_00127,Data Analyst,Chennai,mobile,organic,1.0,,,,,,,,
E000353,application_started,2026-08-07 16:17:00,CAN033,CMP024,JOB031,APP00119,SESSION_00119,Software Developer,Hyderabad,mobile,direct,1.0,,,,,,,,
E000386,application_started,2026-08-07 16:24:00,CAN060,CMP022,JOB047,APP00132,SESSION_00132,Digital Marketer,Pune,web,direct,1.0,,,,,,,,
E000387,application_submitted,2026-08-07 16:48:00,CAN060,CMP022,JOB047,APP00132,SESSION_00132,Digital Marketer,Pune,mobile,direct,1.0,standard,,,,,,,
E000378,application_started,2026-08-07 17:03:00,CAN059,CMP005,JOB033,APP00129,SESSION_00129,UI/UX Designer,Pune,mobile,referral,1.0,,,,,,,,
E000092,application_shortlisted,2026-08-07 17:12:00,CAN061,CMP015,JOB017,APP00030,SESSION_00030,Software Developer,Mumbai,web,direct,1.0,,,shortlisted,,,,,
E000354,application_submitted,2026-08-07 17:37:00,CAN033,CMP024,JOB031,APP00119,SESSION_00119,Software Developer,Hyderabad,web,direct,1.0,standard,,,,,,,
E000361,application_started,2026-08-07 17:38:00,CAN038,CMP029,JOB003,APP00122,SESSION_00122,Data Analyst,Mumbai,web,referral,1.0,,,,,,,,
E000379,application_submitted,2026-08-07 17:58:00,CAN059,CMP005,JOB033,APP00129,SESSION_00129,UI/UX Designer,Pune,mobile,organic,1.0,standard,,,,,,,
E000347,application_started,2026-08-07 18:30:00,CAN018,CMP017,JOB014,APP00115,SESSION_00115,Digital Marketer,Mumbai,mobile,referral,1.0,,,,,,,,
E000359,application_started,2026-08-07 18:36:00,CAN037,CMP011,JOB019,APP00120,SESSION_00120,Data Analyst,Bengaluru,web,organic,1.0,,,,,,,,
E000362,application_submitted,2026-08-07 19:05:00,CAN038,CMP029,JOB003,APP00122,SESSION_00122,Data Analyst,Mumbai,mobile,direct,1.0,standard,,,,,,,
E000098,application_shortlisted,2026-08-07 19:58:00,CAN075,CMP023,JOB002,APP00031,SESSION_00031,Digital Marketer,Pune,mobile,direct,1.0,,,shortlisted,,,,,
E000231,application_reviewed,2026-08-07 21:27:00,CAN078,CMP015,JOB027,APP00076,SESSION_00076,Business Analyst,Hyderabad,web,organic,1.0,,reviewed,,,,,,
E000264,application_reviewed,2026-08-07 22:02:00,CAN080,CMP005,JOB039,APP00086,SESSION_00086,UI/UX Designer,Hyderabad,web,direct,1.0,,reviewed,,,,,,
E000218,application_reviewed,2026-08-07 23:26:00,CAN061,CMP003,JOB006,APP00073,SESSION_00073,Data Analyst,Bengaluru,web,referral,1.0,,reviewed,,,,,,
E000277,application_reviewed,2026-08-08 01:08:00,CAN003,CMP009,JOB014,APP00091,SESSION_00091,Software Developer,Chennai,mobile,organic,1.0,,reviewed,,,,,,
E000335,application_reviewed,2026-08-08 03:17:00,CAN047,CMP025,JOB026,APP00110,SESSION_00110,Business Analyst,Bengaluru,web,direct,1.0,,reviewed,,,,,,
E000302,application_shortlisted,2026-08-08 04:28:00,CAN017,CMP003,JOB016,APP00099,SESSION_00099,Business Analyst,Mumbai,web,organic,1.0,,,shortlisted,,,,,
E000380,application_reviewed,2026-08-08 04:58:00,CAN059,CMP005,JOB033,APP00129,SESSION_00129,UI/UX Designer,Pune,web,campaign,1.0,,reviewed,,,,,,
E000080,application_next_step,2026-08-08 08:14:00,CAN039,CMP017,JOB020,APP00025,SESSION_00025,UI/UX Designer,Mumbai,web,campaign,1.0,,,,interview,,,,
E000388,application_started,2026-08-08 08:15:00,CAN005,CMP026,JOB043,APP00133,SESSION_00133,UI/UX Designer,Chennai,web,organic,1.0,,,,,,,,
E000389,application_submitted,2026-08-08 08:24:00,CAN005,CMP026,JOB043,APP00133,SESSION_00133,UI/UX Designer,Chennai,mobile,organic,1.0,standard,,,,,,,
E000268,application_reviewed,2026-08-08 08:55:00,CAN074,CMP015,JOB030,APP00087,SESSION_00087,Business Analyst,Pune,mobile,organic,1.0,,reviewed,,,,,,
E000258,application_reviewed,2026-08-08 09:05:00,CAN019,CMP030,JOB023,APP00084,SESSION_00084,Business Analyst,Pune,web,campaign,1.0,,reviewed,,,,,,
E000423,application_started,2026-08-08 09:25:00,CAN029,CMP010,JOB044,APP00143,SESSION_00143,Data Analyst,Bengaluru,mobile,campaign,1.0,,,,,,,,
E000424,application_submitted,2026-08-08 09:37:00,CAN029,CMP010,JOB044,APP00143,SESSION_00143,Data Analyst,Bengaluru,web,direct,1.0,standard,,,,,,,
E000381,application_shortlisted,2026-08-08 09:58:00,CAN059,CMP005,JOB033,APP00129,SESSION_00129,UI/UX Designer,Pune,web,organic,1.0,,,shortlisted,,,,,
E000194,application_next_step,2026-08-08 10:25:00,CAN019,CMP025,JOB015,APP00061,SESSION_00061,UI/UX Designer,Chennai,web,organic,1.0,,,,interview,,,,
E000239,application_reviewed,2026-08-08 10:28:00,CAN054,CMP010,JOB008,APP00078,SESSION_00078,UI/UX Designer,Bengaluru,web,campaign,1.0,,reviewed,,,,,,
E000338,application_reviewed,2026-08-08 10:44:00,CAN051,CMP012,JOB051,APP00111,SESSION_00111,Business Analyst,Chennai,mobile,campaign,1.0,,reviewed,,,,,,
E000393,application_started,2026-08-08 11:26:00,CAN042,CMP008,JOB020,APP00134,SESSION_00134,Software Developer,Chennai,mobile,referral,1.0,,,,,,,,
E000232,application_shortlisted,2026-08-08 11:27:00,CAN078,CMP015,JOB027,APP00076,SESSION_00076,Business Analyst,Hyderabad,web,referral,1.0,,,shortlisted,,,,,
E000161,application_shortlisted,2026-08-08 11:41:00,CAN020,CMP016,JOB060,APP00050,SESSION_00050,Business Analyst,Chennai,mobile,referral,1.0,,,shortlisted,,,,,
E000408,application_started,2026-08-08 11:47:00,CAN048,CMP011,JOB027,APP00139,SESSION_00139,Data Analyst,Chennai,web,organic,1.0,,,,,,,,
E000328,application_shortlisted,2026-08-08 12:12:00,CAN041,CMP028,JOB046,APP00106,SESSION_00106,Business Analyst,Mumbai,mobile,direct,1.0,,,shortlisted,,,,,
E000396,application_started,2026-08-08 12:24:00,CAN041,CMP023,JOB027,APP00135,SESSION_00135,UI/UX Designer,Hyderabad,web,campaign,1.0,,,,,,,,
E000400,application_started,2026-08-08 12:24:00,CAN012,CMP018,JOB047,APP00137,SESSION_00137,Software Developer,Bengaluru,web,organic,1.0,,,,,,,,
E000394,application_submitted,2026-08-08 12:46:00,CAN042,CMP008,JOB020,APP00134,SESSION_00134,Software Developer,Chennai,web,campaign,1.0,standard,,,,,,,
E000421,application_started,2026-08-08 12:50:00,CAN025,CMP020,JOB034,APP00142,SESSION_00142,Business Analyst,Mumbai,mobile,organic,1.0,,,,,,,,
E000365,application_reviewed,2026-08-08 12:52:00,CAN060,CMP009,JOB013,APP00123,SESSION_00123,Data Analyst,Mumbai,web,campaign,1.0,,reviewed,,,,,,
E000397,application_submitted,2026-08-08 12:57:00,CAN041,CMP023,JOB027,APP00135,SESSION_00135,UI/UX Designer,Hyderabad,mobile,direct,1.0,standard,,,,,,,
E000409,application_submitted,2026-08-08 13:06:00,CAN048,CMP011,JOB027,APP00139,SESSION_00139,Data Analyst,Chennai,mobile,referral,1.0,standard,,,,,,,
E000401,application_submitted,2026-08-08 13:44:00,CAN012,CMP018,JOB047,APP00137,SESSION_00137,Software Developer,Bengaluru,web,campaign,1.0,standard,,,,,,,
E000422,application_submitted,2026-08-08 13:46:00,CAN025,CMP020,JOB034,APP00142,SESSION_00142,Business Analyst,Mumbai,mobile,direct,1.0,standard,,,,,,,
E000414,application_started,2026-08-08 14:08:00,CAN010,CMP027,JOB043,APP00141,SESSION_00141,Data Analyst,Bengaluru,web,organic,1.0,,,,,,,,
E000415,application_submitted,2026-08-08 14:14:00,CAN010,CMP027,JOB043,APP00141,SESSION_00141,Data Analyst,Bengaluru,web,campaign,1.0,standard,,,,,,,
E000390,application_reviewed,2026-08-08 15:24:00,CAN005,CMP026,JOB043,APP00133,SESSION_00133,UI/UX Designer,Chennai,mobile,campaign,1.0,,reviewed,,,,,,
E000411,application_started,2026-08-08 15:46:00,CAN032,CMP016,JOB036,APP00140,SESSION_00140,Business Analyst,Mumbai,mobile,campaign,1.0,,,,,,,,
E000398,application_started,2026-08-08 16:08:00,CAN008,CMP018,JOB027,APP00136,SESSION_00136,UI/UX Designer,Chennai,mobile,direct,1.0,,,,,,,,
E000404,application_started,2026-08-08 16:20:00,CAN078,CMP023,JOB014,APP00138,SESSION_00138,UI/UX Designer,Hyderabad,mobile,campaign,1.0,,,,,,,,
E000412,application_submitted,2026-08-08 16:36:00,CAN032,CMP016,JOB036,APP00140,SESSION_00140,Business Analyst,Mumbai,web,direct,1.0,standard,,,,,,,
E000399,application_submitted,2026-08-08 16:55:00,CAN008,CMP018,JOB027,APP00136,SESSION_00136,UI/UX Designer,Chennai,web,campaign,1.0,standard,,,,,,,
E000385,application_reviewed,2026-08-08 16:56:00,CAN049,CMP015,JOB056,APP00131,SESSION_00131,UI/UX Designer,Pune,web,organic,1.0,,reviewed,,,,,,
E000140,application_selected,2026-08-08 17:03:00,CAN040,CMP019,JOB040,APP00043,SESSION_00043,Data Analyst,Chennai,mobile,direct,1.0,,,,,selected,,,
E000405,application_submitted,2026-08-08 17:48:00,CAN078,CMP023,JOB014,APP00138,SESSION_00138,UI/UX Designer,Hyderabad,mobile,referral,1.0,standard,,,,,,,
E000173,application_shortlisted,2026-08-08 20:15:00,CAN043,CMP028,JOB044,APP00054,SESSION_00054,Digital Marketer,Pune,mobile,organic,1.0,,,shortlisted,,,,,
E000226,application_next_step,2026-08-08 20:39:00,CAN035,CMP001,JOB012,APP00075,SESSION_00075,Business Analyst,Mumbai,web,organic,1.0,,,,interview,,,,
E000395,application_reviewed,2026-08-08 20:46:00,CAN042,CMP008,JOB020,APP00134,SESSION_00134,Software Developer,Chennai,mobile,campaign,1.0,,reviewed,,,,,,
E000294,application_reviewed,2026-08-08 21:02:00,CAN011,CMP014,JOB039,APP00098,SESSION_00098,Software Developer,Chennai,web,campaign,1.0,,reviewed,,,,,,
E000306,application_reviewed,2026-08-08 22:01:00,CAN016,CMP009,JOB050,APP00100,SESSION_00100,Business Analyst,Pune,web,referral,1.0,,reviewed,,,,,,
E000295,application_shortlisted,2026-08-09 00:02:00,CAN011,CMP014,JOB039,APP00098,SESSION_00098,Software Developer,Chennai,mobile,campaign,1.0,,,shortlisted,,,,,
E000342,application_reviewed,2026-08-09 00:28:00,CAN041,CMP006,JOB026,APP00112,SESSION_00112,Digital Marketer,Mumbai,mobile,organic,1.0,,reviewed,,,,,,
E000324,application_reviewed,2026-08-09 01:03:00,CAN070,CMP010,JOB042,APP00105,SESSION_00105,Business Analyst,Pune,web,referral,1.0,,reviewed,,,,,,
E000250,application_next_step,2026-08-09 01:09:00,CAN040,CMP015,JOB029,APP00082,SESSION_00082,Data Analyst,Bengaluru,web,direct,1.0,,,,interview,,,,
E000321,application_reviewed,2026-08-09 01:48:00,CAN076,CMP019,JOB010,APP00104,SESSION_00104,Software Developer,Chennai,web,campaign,1.0,,reviewed,,,,,,
E000198,application_shortlisted,2026-08-09 03:16:00,CAN060,CMP030,JOB045,APP00062,SESSION_00062,Business Analyst,Pune,mobile,direct,1.0,,,shortlisted,,,,,
E000309,application_reviewed,2026-08-09 04:05:00,CAN009,CMP018,JOB035,APP00101,SESSION_00101,Business Analyst,Mumbai,web,referral,1.0,,reviewed,,,,,,
E000233,application_next_step,2026-08-09 04:27:00,CAN078,CMP015,JOB027,APP00076,SESSION_00076,Business Analyst,Hyderabad,web,campaign,1.0,,,,interview,,,,
E000265,application_shortlisted,2026-08-09 05:02:00,CAN080,CMP005,JOB039,APP00086,SESSION_00086,UI/UX Designer,Hyderabad,web,referral,1.0,,,shortlisted,,,,,
E000174,application_next_step,2026-08-09 05:15:00,CAN043,CMP028,JOB044,APP00054,SESSION_00054,Digital Marketer,Pune,mobile,referral,1.0,,,,interview,,,,
E000391,application_shortlisted,2026-08-09 05:24:00,CAN005,CMP026,JOB043,APP00133,SESSION_00133,UI/UX Designer,Chennai,web,direct,1.0,,,shortlisted,,,,,
E000303,application_next_step,2026-08-09 05:28:00,CAN017,CMP003,JOB016,APP00099,SESSION_00099,Business Analyst,Mumbai,mobile,campaign,1.0,,,,interview,,,,
E000350,application_reviewed,2026-08-09 06:19:00,CAN059,CMP030,JOB035,APP00116,SESSION_00116,Business Analyst,Chennai,mobile,direct,1.0,,reviewed,,,,,,
E000427,application_started,2026-08-09 08:13:00,CAN073,CMP022,JOB003,APP00145,SESSION_00145,Software Developer,Mumbai,web,campaign,1.0,,,,,,,,
E000296,application_next_step,2026-08-09 09:02:00,CAN011,CMP014,JOB039,APP00098,SESSION_00098,Software Developer,Chennai,web,campaign,1.0,,,,interview,,,,
E000278,application_shortlisted,2026-08-09 09:08:00,CAN003,CMP009,JOB014,APP00091,SESSION_00091,Software Developer,Chennai,web,direct,1.0,,,shortlisted,,,,,
E000446,application_started,2026-08-09 09:08:00,CAN064,CMP020,JOB040,APP00150,SESSION_00150,Software Developer,Pune,mobile,organic,1.0,,,,,,,,
E000435,application_started,2026-08-09 09:17:00,CAN080,CMP010,JOB052,APP00147,SESSION_00147,Software Developer,Bengaluru,web,campaign,1.0,,,,,,,,
E000438,application_started,2026-08-09 10:05:00,CAN057,CMP012,JOB049,APP00148,SESSION_00148,Business Analyst,Bengaluru,web,campaign,1.0,,,,,,,,
E000436,application_submitted,2026-08-09 10:43:00,CAN080,CMP010,JOB052,APP00147,SESSION_00147,Software Developer,Bengaluru,web,campaign,1.0,standard,,,,,,,
E000291,application_reviewed,2026-08-09 11:15:00,CAN043,CMP009,JOB008,APP00097,SESSION_00097,Business Analyst,Pune,mobile,organic,1.0,,reviewed,,,,,,
E000439,application_submitted,2026-08-09 11:21:00,CAN057,CMP012,JOB049,APP00148,SESSION_00148,Business Analyst,Bengaluru,mobile,organic,1.0,standard,,,,,,,
E000426,application_started,2026-08-09 12:02:00,CAN030,CMP007,JOB058,APP00144,SESSION_00144,Digital Marketer,Pune,web,referral,1.0,,,,,,,,
E000450,application_started,2026-08-09 14:17:00,CAN063,CMP019,JOB051,APP00152,SESSION_00152,Software Developer,Mumbai,mobile,referral,1.0,,,,,,,,
E000428,application_started,2026-08-09 14:43:00,CAN039,CMP006,JOB037,APP00146,SESSION_00146,Software Developer,Chennai,mobile,campaign,1.0,,,,,,,,
E000453,application_started,2026-08-09 14:43:00,CAN027,CMP015,JOB052,APP00153,SESSION_00153,Business Analyst,Bengaluru,mobile,direct,1.0,,,,,,,,
E000429,application_submitted,2026-08-09 15:05:00,CAN039,CMP006,JOB037,APP00146,SESSION_00146,Software Developer,Chennai,web,referral,1.0,standard,,,,,,,
E000454,application_submitted,2026-08-09 15:18:00,CAN027,CMP015,JOB052,APP00153,SESSION_00153,Business Analyst,Bengaluru,mobile,direct,1.0,standard,,,,,,,
E000447,application_started,2026-08-09 15:21:00,CAN043,CMP027,JOB040,APP00151,SESSION_00151,UI/UX Designer,Mumbai,mobile,direct,1.0,,,,,,,,
E000451,application_submitted,2026-08-09 15:34:00,CAN063,CMP019,JOB051,APP00152,SESSION_00152,Software Developer,Mumbai,web,direct,1.0,standard,,,,,,,
E000133,application_selected,2026-08-09 16:41:00,CAN063,CMP004,JOB056,APP00042,SESSION_00042,Data Analyst,Chennai,web,campaign,1.0,,,,,selected,,,
E000448,application_submitted,2026-08-09 16:43:00,CAN043,CMP027,JOB040,APP00151,SESSION_00151,UI/UX Designer,Mumbai,web,campaign,1.0,standard,,,,,,,
E000441,application_started,2026-08-09 16:57:00,CAN002,CMP010,JOB027,APP00149,SESSION_00149,UI/UX Designer,Bengaluru,web,direct,1.0,,,,,,,,
E000442,application_submitted,2026-08-09 17:23:00,CAN002,CMP010,JOB027,APP00149,SESSION_00149,UI/UX Designer,Bengaluru,web,referral,1.0,standard,,,,,,,
E000339,application_shortlisted,2026-08-09 19:44:00,CAN051,CMP012,JOB051,APP00111,SESSION_00111,Business Analyst,Chennai,web,referral,1.0,,,shortlisted,,,,,
E000093,application_next_step,2026-08-09 23:12:00,CAN061,CMP015,JOB017,APP00030,SESSION_00030,Software Developer,Mumbai,mobile,campaign,1.0,,,,interview,,,,
E000437,application_reviewed,2026-08-10 01:43:00,CAN080,CMP010,JOB052,APP00147,SESSION_00147,Software Developer,Bengaluru,web,organic,1.0,,reviewed,,,,,,
E000373,application_reviewed,2026-08-10 01:52:00,CAN038,CMP012,JOB040,APP00126,SESSION_00126,Software Developer,Hyderabad,web,direct,1.0,,reviewed,,,,,,
E000369,application_reviewed,2026-08-10 02:12:00,CAN001,CMP009,JOB025,APP00125,SESSION_00125,Software Developer,Pune,mobile,direct,1.0,,reviewed,,,,,,
E000175,application_selected,2026-08-10 03:15:00,CAN043,CMP028,JOB044,APP00054,SESSION_00054,Digital Marketer,Pune,web,campaign,1.0,,,,,selected,,,
E000377,application_reviewed,2026-08-10 04:47:00,CAN015,CMP002,JOB054,APP00128,SESSION_00128,Digital Marketer,Chennai,web,campaign,1.0,,reviewed,,,,,,
E000537,application_started,2026-08-10 08:30:00,CAN001,CMP002,JOB055,APP00177,SESSION_00177,Data Analyst,Hyderabad,mobile,campaign,1.0,,,,,,,,
E000469,application_started,2026-08-10 08:45:00,CAN026,CMP015,JOB038,APP00158,SESSION_00158,UI/UX Designer,Pune,web,direct,1.0,,,,,,,,
E000316,application_next_step,2026-08-10 08:58:00,CAN010,CMP005,JOB021,APP00103,SESSION_00103,Data Analyst,Pune,mobile,organic,1.0,,,,interview,,,,
E000470,application_submitted,2026-08-10 08:58:00,CAN026,CMP015,JOB038,APP00158,SESSION_00158,UI/UX Designer,Pune,web,direct,1.0,standard,,,,,,,
E000410,application_reviewed,2026-08-10 09:06:00,CAN048,CMP011,JOB027,APP00139,SESSION_00139,Data Analyst,Chennai,web,campaign,1.0,,reviewed,,,,,,
E000402,application_reviewed,2026-08-10 09:44:00,CAN012,CMP018,JOB047,APP00137,SESSION_00137,Software Developer,Bengaluru,mobile,organic,1.0,,reviewed,,,,,,
E000461,application_started,2026-08-10 09:53:00,CAN062,CMP004,JOB019,APP00156,SESSION_00156,UI/UX Designer,Bengaluru,web,referral,1.0,,,,,,,,
E000493,application_started,2026-08-10 10:15:00,CAN053,CMP030,JOB004,APP00165,SESSION_00165,Business Analyst,Hyderabad,web,referral,1.0,,,,,,,,
E000507,application_started,2026-08-10 10:37:00,CAN013,CMP001,JOB014,APP00169,SESSION_00169,UI/UX Designer,Bengaluru,web,campaign,1.0,,,,,,,,
E000462,application_submitted,2026-08-10 10:56:00,CAN062,CMP004,JOB019,APP00156,SESSION_00156,UI/UX Designer,Bengaluru,web,campaign,1.0,standard,,,,,,,
E000494,application_submitted,2026-08-10 11:10:00,CAN053,CMP030,JOB004,APP00165,SESSION_00165,Business Analyst,Hyderabad,mobile,direct,1.0,standard,,,,,,,
E000508,application_submitted,2026-08-10 11:25:00,CAN013,CMP001,JOB014,APP00169,SESSION_00169,UI/UX Designer,Bengaluru,web,campaign,1.0,standard,,,,,,,
E000459,application_started,2026-08-10 11:32:00,CAN056,CMP004,JOB001,APP00155,SESSION_00155,Data Analyst,Mumbai,web,campaign,1.0,,,,,,,,
E000503,application_started,2026-08-10 11:44:00,CAN021,CMP015,JOB030,APP00168,SESSION_00168,Data Analyst,Pune,web,referral,1.0,,,,,,,,
E000523,application_started,2026-08-10 12:13:00,CAN010,CMP001,JOB038,APP00173,SESSION_00173,Data Analyst,Bengaluru,web,organic,1.0,,,,,,,,
E000504,application_submitted,2026-08-10 12:24:00,CAN021,CMP015,JOB030,APP00168,SESSION_00168,Data Analyst,Pune,web,referral,1.0,standard,,,,,,,
E000460,application_submitted,2026-08-10 12:36:00,CAN056,CMP004,JOB001,APP00155,SESSION_00155,Data Analyst,Mumbai,web,referral,1.0,standard,,,,,,,
E000036,application_outcome_recorded,2026-08-10 13:10:00,CAN026,CMP023,JOB020,APP00010,SESSION_00010,UI/UX Designer,Mumbai,mobile,direct,1.0,,,,,,OUT00010,successful,success
E000515,application_started,2026-08-10 13:27:00,CAN018,CMP025,JOB008,APP00171,SESSION_00171,Digital Marketer,Pune,mobile,direct,1.0,,,,,,,,
E000522,application_started,2026-08-10 13:34:00,CAN017,CMP013,JOB056,APP00172,SESSION_00172,Digital Marketer,Pune,web,campaign,1.0,,,,,,,,
E000466,application_started,2026-08-10 13:35:00,CAN032,CMP017,JOB012,APP00157,SESSION_00157,Digital Marketer,Hyderabad,mobile,campaign,1.0,,,,,,,,
E000051,application_selected,2026-08-10 14:13:00,CAN075,CMP024,JOB035,APP00015,SESSION_00015,Data Analyst,Mumbai,mobile,direct,1.0,,,,,selected,,,
E000467,application_submitted,2026-08-10 14:31:00,CAN032,CMP017,JOB012,APP00157,SESSION_00157,Digital Marketer,Hyderabad,web,direct,1.0,standard,,,,,,,
E000355,application_reviewed,2026-08-10 14:37:00,CAN033,CMP024,JOB031,APP00119,SESSION_00119,Software Developer,Hyderabad,web,direct,1.0,,reviewed,,,,,,
E000524,application_started,2026-08-10 14:44:00,CAN051,CMP017,JOB019,APP00174,SESSION_00174,Digital Marketer,Pune,mobile,organic,1.0,,,,,,,,
E000480,application_started,2026-08-10 14:45:00,CAN065,CMP021,JOB032,APP00162,SESSION_00162,UI/UX Designer,Pune,mobile,campaign,1.0,,,,,,,,
E000527,application_started,2026-08-10 14:46:00,CAN051,CMP019,JOB041,APP00175,SESSION_00175,Data Analyst,Mumbai,web,organic,1.0,,,,,,,,
E000516,application_submitted,2026-08-10 14:54:00,CAN018,CMP025,JOB008,APP00171,SESSION_00171,Digital Marketer,Pune,web,direct,1.0,standard,,,,,,,
E000479,application_started,2026-08-10 15:08:00,CAN080,CMP002,JOB056,APP00161,SESSION_00161,Business Analyst,Bengaluru,web,campaign,1.0,,,,,,,,
E000534,application_started,2026-08-10 15:32:00,CAN034,CMP023,JOB037,APP00176,SESSION_00176,Data Analyst,Pune,mobile,organic,1.0,,,,,,,,
E000528,application_submitted,2026-08-10 15:46:00,CAN051,CMP019,JOB041,APP00175,SESSION_00175,Data Analyst,Mumbai,web,campaign,1.0,standard,,,,,,,
E000525,application_submitted,2026-08-10 15:57:00,CAN051,CMP017,JOB019,APP00174,SESSION_00174,Digital Marketer,Pune,web,referral,1.0,standard,,,,,,,
E000456,application_started,2026-08-10 16:02:00,CAN075,CMP013,JOB035,APP00154,SESSION_00154,Digital Marketer,Pune,mobile,organic,1.0,,,,,,,,
E000481,application_submitted,2026-08-10 16:02:00,CAN065,CMP021,JOB032,APP00162,SESSION_00162,UI/UX Designer,Pune,web,direct,1.0,standard,,,,,,,
E000500,application_started,2026-08-10 16:36:00,CAN064,CMP009,JOB021,APP00167,SESSION_00167,Business Analyst,Mumbai,web,campaign,1.0,,,,,,,,
E000512,application_started,2026-08-10 16:36:00,CAN018,CMP021,JOB044,APP00170,SESSION_00170,Software Developer,Bengaluru,web,direct,1.0,,,,,,,,
E000457,application_submitted,2026-08-10 16:38:00,CAN075,CMP013,JOB035,APP00154,SESSION_00154,Digital Marketer,Pune,mobile,direct,1.0,standard,,,,,,,
E000501,application_submitted,2026-08-10 16:47:00,CAN064,CMP009,JOB021,APP00167,SESSION_00167,Business Analyst,Mumbai,web,organic,1.0,standard,,,,,,,
E000535,application_submitted,2026-08-10 16:49:00,CAN034,CMP023,JOB037,APP00176,SESSION_00176,Data Analyst,Pune,web,referral,1.0,standard,,,,,,,
E000474,application_started,2026-08-10 17:05:00,CAN080,CMP006,JOB053,APP00159,SESSION_00159,Business Analyst,Chennai,web,referral,1.0,,,,,,,,
E000513,application_submitted,2026-08-10 17:08:00,CAN018,CMP021,JOB044,APP00170,SESSION_00170,Software Developer,Bengaluru,web,campaign,1.0,standard,,,,,,,
E000488,application_started,2026-08-10 17:40:00,CAN031,CMP007,JOB052,APP00164,SESSION_00164,Digital Marketer,Mumbai,mobile,direct,1.0,,,,,,,,
E000475,application_submitted,2026-08-10 17:49:00,CAN080,CMP006,JOB053,APP00159,SESSION_00159,Business Analyst,Chennai,web,direct,1.0,standard,,,,,,,
E000489,application_submitted,2026-08-10 18:11:00,CAN031,CMP007,JOB052,APP00164,SESSION_00164,Digital Marketer,Mumbai,web,organic,1.0,standard,,,,,,,
E000538,application_started,2026-08-10 18:26:00,CAN023,CMP030,JOB055,APP00178,SESSION_00178,Data Analyst,Chennai,web,referral,1.0,,,,,,,,
E000477,application_started,2026-08-10 18:34:00,CAN074,CMP013,JOB028,APP00160,SESSION_00160,Software Developer,Pune,web,direct,1.0,,,,,,,,
E000425,application_reviewed,2026-08-10 18:37:00,CAN029,CMP010,JOB044,APP00143,SESSION_00143,Data Analyst,Bengaluru,mobile,organic,1.0,,reviewed,,,,,,
E000498,application_started,2026-08-10 18:42:00,CAN042,CMP019,JOB001,APP00166,SESSION_00166,Data Analyst,Pune,mobile,organic,1.0,,,,,,,,
E000485,application_started,2026-08-10 18:48:00,CAN057,CMP018,JOB014,APP00163,SESSION_00163,UI/UX Designer,Bengaluru,web,referral,1.0,,,,,,,,
E000478,application_submitted,2026-08-10 18:56:00,CAN074,CMP013,JOB028,APP00160,SESSION_00160,Software Developer,Pune,web,referral,1.0,standard,,,,,,,
E000486,application_submitted,2026-08-10 18:57:00,CAN057,CMP018,JOB014,APP00163,SESSION_00163,UI/UX Designer,Bengaluru,mobile,referral,1.0,standard,,,,,,,
E000539,application_submitted,2026-08-10 19:11:00,CAN023,CMP030,JOB055,APP00178,SESSION_00178,Data Analyst,Chennai,mobile,organic,1.0,standard,,,,,,,
E000499,application_submitted,2026-08-10 19:37:00,CAN042,CMP019,JOB001,APP00166,SESSION_00166,Data Analyst,Pune,web,campaign,1.0,standard,,,,,,,
E000392,application_next_step,2026-08-10 20:24:00,CAN005,CMP026,JOB043,APP00133,SESSION_00133,UI/UX Designer,Chennai,web,referral,1.0,,,,interview,,,,
E000403,application_shortlisted,2026-08-10 22:44:00,CAN012,CMP018,JOB047,APP00137,SESSION_00137,Software Developer,Bengaluru,web,campaign,1.0,,,shortlisted,,,,,
E000458,application_reviewed,2026-08-10 23:38:00,CAN075,CMP013,JOB035,APP00154,SESSION_00154,Digital Marketer,Pune,mobile,referral,1.0,,reviewed,,,,,,
E000529,application_reviewed,2026-08-11 00:46:00,CAN051,CMP019,JOB041,APP00175,SESSION_00175,Data Analyst,Mumbai,mobile,direct,1.0,,reviewed,,,,,,
E000463,application_reviewed,2026-08-11 00:56:00,CAN062,CMP004,JOB019,APP00156,SESSION_00156,UI/UX Designer,Bengaluru,mobile,campaign,1.0,,reviewed,,,,,,
E000526,application_reviewed,2026-08-11 03:57:00,CAN051,CMP017,JOB019,APP00174,SESSION_00174,Digital Marketer,Pune,web,direct,1.0,,reviewed,,,,,,
E000094,application_selected,2026-08-11 05:12:00,CAN061,CMP015,JOB017,APP00030,SESSION_00030,Software Developer,Mumbai,mobile,campaign,1.0,,,,,selected,,,
E000416,application_reviewed,2026-08-11 05:14:00,CAN010,CMP027,JOB043,APP00141,SESSION_00141,Data Analyst,Bengaluru,mobile,organic,1.0,,reviewed,,,,,,
E000176,application_outcome_recorded,2026-08-11 06:15:00,CAN043,CMP028,JOB044,APP00054,SESSION_00054,Digital Marketer,Pune,web,direct,1.0,,,,,,OUT00054,successful,success
E000536,application_reviewed,2026-08-11 07:49:00,CAN034,CMP023,JOB037,APP00176,SESSION_00176,Data Analyst,Pune,web,direct,1.0,,reviewed,,,,,,
E000487,application_reviewed,2026-08-11 07:57:00,CAN057,CMP018,JOB014,APP00163,SESSION_00163,UI/UX Designer,Bengaluru,mobile,organic,1.0,,reviewed,,,,,,
E000569,application_started,2026-08-11 08:05:00,CAN064,CMP014,JOB057,APP00187,SESSION_00187,Digital Marketer,Pune,mobile,campaign,1.0,,,,,,,,
E000566,application_started,2026-08-11 08:24:00,CAN056,CMP027,JOB047,APP00186,SESSION_00186,UI/UX Designer,Pune,mobile,direct,1.0,,,,,,,,
E000570,application_submitted,2026-08-11 08:35:00,CAN064,CMP014,JOB057,APP00187,SESSION_00187,Digital Marketer,Pune,web,organic,1.0,standard,,,,,,,
E000413,application_reviewed,2026-08-11 08:36:00,CAN032,CMP016,JOB036,APP00140,SESSION_00140,Business Analyst,Mumbai,web,organic,1.0,,reviewed,,,,,,
E000567,application_submitted,2026-08-11 08:52:00,CAN056,CMP027,JOB047,APP00186,SESSION_00186,UI/UX Designer,Pune,mobile,referral,1.0,standard,,,,,,,
E000547,application_started,2026-08-11 09:13:00,CAN001,CMP025,JOB043,APP00180,SESSION_00180,UI/UX Designer,Mumbai,web,campaign,1.0,,,,,,,,
E000582,application_started,2026-08-11 09:21:00,CAN048,CMP023,JOB043,APP00193,SESSION_00193,UI/UX Designer,Chennai,mobile,referral,1.0,,,,,,,,
E000548,application_submitted,2026-08-11 09:25:00,CAN001,CMP025,JOB043,APP00180,SESSION_00180,UI/UX Designer,Mumbai,web,referral,1.0,standard,,,,,,,
E000583,application_submitted,2026-08-11 09:46:00,CAN048,CMP023,JOB043,APP00193,SESSION_00193,UI/UX Designer,Chennai,mobile,campaign,1.0,standard,,,,,,,
E000564,application_started,2026-08-11 09:57:00,CAN026,CMP029,JOB042,APP00185,SESSION_00185,UI/UX Designer,Hyderabad,mobile,organic,1.0,,,,,,,,
E000598,application_started,2026-08-11 10:03:00,CAN056,CMP021,JOB011,APP00197,SESSION_00197,Digital Marketer,Pune,web,referral,1.0,,,,,,,,
E000052,application_outcome_recorded,2026-08-11 10:13:00,CAN075,CMP024,JOB035,APP00015,SESSION_00015,Data Analyst,Mumbai,mobile,campaign,1.0,,,,,,OUT00015,successful,success
E000440,application_reviewed,2026-08-11 10:21:00,CAN057,CMP012,JOB049,APP00148,SESSION_00148,Business Analyst,Bengaluru,web,referral,1.0,,reviewed,,,,,,
E000599,application_submitted,2026-08-11 10:32:00,CAN056,CMP021,JOB011,APP00197,SESSION_00197,Digital Marketer,Pune,mobile,referral,1.0,standard,,,,,,,
E000585,application_started,2026-08-11 10:46:00,CAN023,CMP013,JOB020,APP00194,SESSION_00194,Business Analyst,Hyderabad,web,campaign,1.0,,,,,,,,
E000565,application_submitted,2026-08-11 11:01:00,CAN026,CMP029,JOB042,APP00185,SESSION_00185,UI/UX Designer,Hyderabad,web,direct,1.0,standard,,,,,,,
E000554,application_started,2026-08-11 11:08:00,CAN041,CMP015,JOB018,APP00181,SESSION_00181,Software Developer,Bengaluru,web,direct,1.0,,,,,,,,
E000545,application_started,2026-08-11 11:09:00,CAN048,CMP019,JOB032,APP00179,SESSION_00179,Software Developer,Chennai,web,campaign,1.0,,,,,,,,
E000370,application_shortlisted,2026-08-11 11:12:00,CAN001,CMP009,JOB025,APP00125,SESSION_00125,Software Developer,Pune,mobile,organic,1.0,,,shortlisted,,,,,
E000590,application_started,2026-08-11 11:44:00,CAN043,CMP015,JOB001,APP00195,SESSION_00195,Business Analyst,Hyderabad,web,referral,1.0,,,,,,,,
E000471,application_reviewed,2026-08-11 11:58:00,CAN026,CMP015,JOB038,APP00158,SESSION_00158,UI/UX Designer,Pune,mobile,organic,1.0,,reviewed,,,,,,
E000591,application_submitted,2026-08-11 12:02:00,CAN043,CMP015,JOB001,APP00195,SESSION_00195,Business Analyst,Hyderabad,web,organic,1.0,standard,,,,,,,
E000586,application_submitted,2026-08-11 12:03:00,CAN023,CMP013,JOB020,APP00194,SESSION_00194,Business Analyst,Hyderabad,web,direct,1.0,standard,,,,,,,
E000555,application_submitted,2026-08-11 12:10:00,CAN041,CMP015,JOB018,APP00181,SESSION_00181,Software Developer,Bengaluru,mobile,referral,1.0,standard,,,,,,,
E000540,application_reviewed,2026-08-11 12:11:00,CAN023,CMP030,JOB055,APP00178,SESSION_00178,Data Analyst,Chennai,web,direct,1.0,,reviewed,,,,,,
E000624,application_started,2026-08-11 12:19:00,CAN035,CMP029,JOB024,APP00203,SESSION_00203,Data Analyst,Mumbai,mobile,campaign,1.0,,,,,,,,
E000546,application_submitted,2026-08-11 12:23:00,CAN048,CMP019,JOB032,APP00179,SESSION_00179,Software Developer,Chennai,mobile,organic,1.0,standard,,,,,,,
E000625,application_submitted,2026-08-11 12:36:00,CAN035,CMP029,JOB024,APP00203,SESSION_00203,Data Analyst,Mumbai,web,direct,1.0,standard,,,,,,,
E000406,application_reviewed,2026-08-11 12:48:00,CAN078,CMP023,JOB014,APP00138,SESSION_00138,UI/UX Designer,Hyderabad,mobile,campaign,1.0,,reviewed,,,,,,
E000580,application_started,2026-08-11 13:03:00,CAN026,CMP026,JOB009,APP00192,SESSION_00192,Business Analyst,Hyderabad,web,direct,1.0,,,,,,,,
E000581,application_submitted,2026-08-11 13:26:00,CAN026,CMP026,JOB009,APP00192,SESSION_00192,Business Analyst,Hyderabad,web,referral,1.0,standard,,,,,,,
E000476,application_reviewed,2026-08-11 13:49:00,CAN080,CMP006,JOB053,APP00159,SESSION_00159,Business Analyst,Chennai,mobile,campaign,1.0,,reviewed,,,,,,
E000576,application_started,2026-08-11 13:58:00,CAN023,CMP006,JOB016,APP00190,SESSION_00190,Digital Marketer,Mumbai,web,referral,1.0,,,,,,,,
E000605,application_started,2026-08-11 14:30:00,CAN011,CMP016,JOB055,APP00198,SESSION_00198,Data Analyst,Mumbai,mobile,referral,1.0,,,,,,,,
E000559,application_started,2026-08-11 14:32:00,CAN042,CMP005,JOB006,APP00182,SESSION_00182,Software Developer,Mumbai,web,referral,1.0,,,,,,,,
E000610,application_started,2026-08-11 14:48:00,CAN013,CMP003,JOB043,APP00199,SESSION_00199,Business Analyst,Chennai,web,organic,1.0,,,,,,,,
E000560,application_submitted,2026-08-11 14:59:00,CAN042,CMP005,JOB006,APP00182,SESSION_00182,Software Developer,Mumbai,web,campaign,1.0,standard,,,,,,,
E000561,application_started,2026-08-11 15:06:00,CAN072,CMP024,JOB036,APP00183,SESSION_00183,Software Developer,Bengaluru,web,organic,1.0,,,,,,,,
E000562,application_submitted,2026-08-11 15:39:00,CAN072,CMP024,JOB036,APP00183,SESSION_00183,Software Developer,Bengaluru,web,direct,1.0,standard,,,,,,,
E000606,application_submitted,2026-08-11 15:44:00,CAN011,CMP016,JOB055,APP00198,SESSION_00198,Data Analyst,Mumbai,mobile,direct,1.0,standard,,,,,,,
E000593,application_started,2026-08-11 15:50:00,CAN049,CMP012,JOB035,APP00196,SESSION_00196,UI/UX Designer,Bengaluru,web,direct,1.0,,,,,,,,
E000594,application_submitted,2026-08-11 15:59:00,CAN049,CMP012,JOB035,APP00196,SESSION_00196,UI/UX Designer,Bengaluru,mobile,organic,1.0,standard,,,,,,,
E000611,application_submitted,2026-08-11 15:59:00,CAN013,CMP003,JOB043,APP00199,SESSION_00199,Business Analyst,Chennai,mobile,campaign,1.0,standard,,,,,,,
E000577,application_started,2026-08-11 16:19:00,CAN073,CMP005,JOB037,APP00191,SESSION_00191,Software Developer,Pune,web,campaign,1.0,,,,,,,,
E000578,application_submitted,2026-08-11 16:31:00,CAN073,CMP005,JOB037,APP00191,SESSION_00191,Software Developer,Pune,web,direct,1.0,standard,,,,,,,
E000618,application_started,2026-08-11 16:50:00,CAN002,CMP026,JOB045,APP00201,SESSION_00201,Digital Marketer,Chennai,mobile,organic,1.0,,,,,,,,
E000619,application_submitted,2026-08-11 17:13:00,CAN002,CMP026,JOB045,APP00201,SESSION_00201,Digital Marketer,Chennai,web,organic,1.0,standard,,,,,,,
E000563,application_started,2026-08-11 17:16:00,CAN048,CMP022,JOB041,APP00184,SESSION_00184,Data Analyst,Chennai,web,organic,1.0,,,,,,,,
E000455,application_reviewed,2026-08-11 17:18:00,CAN027,CMP015,JOB052,APP00153,SESSION_00153,Business Analyst,Bengaluru,web,campaign,1.0,,reviewed,,,,,,
E000621,application_started,2026-08-11 17:30:00,CAN034,CMP013,JOB042,APP00202,SESSION_00202,UI/UX Designer,Chennai,web,direct,1.0,,,,,,,,
E000571,application_started,2026-08-11 17:32:00,CAN046,CMP016,JOB035,APP00188,SESSION_00188,UI/UX Designer,Mumbai,mobile,campaign,1.0,,,,,,,,
E000356,application_shortlisted,2026-08-11 17:37:00,CAN033,CMP024,JOB031,APP00119,SESSION_00119,Software Developer,Hyderabad,mobile,campaign,1.0,,,shortlisted,,,,,
E000572,application_submitted,2026-08-11 17:40:00,CAN046,CMP016,JOB035,APP00188,SESSION_00188,UI/UX Designer,Mumbai,mobile,direct,1.0,standard,,,,,,,
E000622,application_submitted,2026-08-11 17:53:00,CAN034,CMP013,JOB042,APP00202,SESSION_00202,UI/UX Designer,Chennai,mobile,organic,1.0,standard,,,,,,,
E000141,application_outcome_recorded,2026-08-11 18:03:00,CAN040,CMP019,JOB040,APP00043,SESSION_00043,Data Analyst,Chennai,web,direct,1.0,,,,,,OUT00043,successful,success
E000574,application_started,2026-08-11 18:15:00,CAN075,CMP008,JOB011,APP00189,SESSION_00189,Data Analyst,Hyderabad,mobile,organic,1.0,,,,,,,,
E000615,application_started,2026-08-11 18:27:00,CAN025,CMP005,JOB003,APP00200,SESSION_00200,UI/UX Designer,Bengaluru,web,direct,1.0,,,,,,,,
E000575,application_submitted,2026-08-11 18:48:00,CAN075,CMP008,JOB011,APP00189,SESSION_00189,Data Analyst,Hyderabad,mobile,referral,1.0,standard,,,,,,,
E000616,application_submitted,2026-08-11 19:05:00,CAN025,CMP005,JOB003,APP00200,SESSION_00200,UI/UX Designer,Bengaluru,mobile,organic,1.0,standard,,,,,,,
E000449,application_reviewed,2026-08-11 20:43:00,CAN043,CMP027,JOB040,APP00151,SESSION_00151,UI/UX Designer,Mumbai,mobile,referral,1.0,,reviewed,,,,,,
E000464,application_shortlisted,2026-08-11 20:56:00,CAN062,CMP004,JOB019,APP00156,SESSION_00156,UI/UX Designer,Bengaluru,web,organic,1.0,,,shortlisted,,,,,
E000495,application_reviewed,2026-08-11 23:10:00,CAN053,CMP030,JOB004,APP00165,SESSION_00165,Business Analyst,Hyderabad,mobile,campaign,1.0,,reviewed,,,,,,
E000430,application_reviewed,2026-08-12 00:05:00,CAN039,CMP006,JOB037,APP00146,SESSION_00146,Software Developer,Chennai,web,organic,1.0,,reviewed,,,,,,
E000134,application_outcome_recorded,2026-08-12 04:41:00,CAN063,CMP004,JOB056,APP00042,SESSION_00042,Data Analyst,Chennai,mobile,campaign,1.0,,,,,,OUT00042,successful,success
E000517,application_reviewed,2026-08-12 04:54:00,CAN018,CMP025,JOB008,APP00171,SESSION_00171,Digital Marketer,Pune,web,referral,1.0,,reviewed,,,,,,
E000482,application_reviewed,2026-08-12 05:02:00,CAN065,CMP021,JOB032,APP00162,SESSION_00162,UI/UX Designer,Pune,web,referral,1.0,,reviewed,,,,,,
E000568,application_reviewed,2026-08-12 05:52:00,CAN056,CMP027,JOB047,APP00186,SESSION_00186,UI/UX Designer,Pune,web,direct,1.0,,reviewed,,,,,,
E000595,application_reviewed,2026-08-12 06:59:00,CAN049,CMP012,JOB035,APP00196,SESSION_00196,UI/UX Designer,Bengaluru,web,referral,1.0,,reviewed,,,,,,
E000620,application_reviewed,2026-08-12 07:13:00,CAN002,CMP026,JOB045,APP00201,SESSION_00201,Digital Marketer,Chennai,mobile,referral,1.0,,reviewed,,,,,,
E000227,application_selected,2026-08-12 07:39:00,CAN035,CMP001,JOB012,APP00075,SESSION_00075,Business Analyst,Mumbai,web,organic,1.0,,,,,selected,,,
E000661,application_started,2026-08-12 08:43:00,CAN042,CMP025,JOB054,APP00215,SESSION_00215,Digital Marketer,Hyderabad,web,direct,1.0,,,,,,,,
E000662,application_submitted,2026-08-12 09:32:00,CAN042,CMP025,JOB054,APP00215,SESSION_00215,Digital Marketer,Hyderabad,mobile,direct,1.0,standard,,,,,,,
E000584,application_reviewed,2026-08-12 09:46:00,CAN048,CMP023,JOB043,APP00193,SESSION_00193,UI/UX Designer,Chennai,mobile,direct,1.0,,reviewed,,,,,,
E000680,application_started,2026-08-12 09:57:00,CAN064,CMP005,JOB006,APP00219,SESSION_00219,Digital Marketer,Bengaluru,mobile,direct,1.0,,,,,,,,
E000443,application_reviewed,2026-08-12 10:23:00,CAN002,CMP010,JOB027,APP00149,SESSION_00149,UI/UX Designer,Bengaluru,web,organic,1.0,,reviewed,,,,,,
E000681,application_submitted,2026-08-12 10:39:00,CAN064,CMP005,JOB006,APP00219,SESSION_00219,Digital Marketer,Bengaluru,mobile,campaign,1.0,standard,,,,,,,
E000684,application_started,2026-08-12 10:42:00,CAN013,CMP028,JOB049,APP00220,SESSION_00220,Data Analyst,Bengaluru,web,referral,1.0,,,,,,,,
E000688,application_started,2026-08-12 10:44:00,CAN062,CMP026,JOB027,APP00221,SESSION_00221,Software Developer,Bengaluru,web,direct,1.0,,,,,,,,
E000643,application_started,2026-08-12 11:09:00,CAN042,CMP028,JOB018,APP00209,SESSION_00209,Business Analyst,Mumbai,web,organic,1.0,,,,,,,,
E000666,application_started,2026-08-12 11:10:00,CAN018,CMP011,JOB058,APP00216,SESSION_00216,UI/UX Designer,Mumbai,mobile,organic,1.0,,,,,,,,
E000676,application_started,2026-08-12 11:22:00,CAN078,CMP007,JOB050,APP00218,SESSION_00218,Business Analyst,Chennai,mobile,referral,1.0,,,,,,,,
E000667,application_submitted,2026-08-12 11:31:00,CAN018,CMP011,JOB058,APP00216,SESSION_00216,UI/UX Designer,Mumbai,web,organic,1.0,standard,,,,,,,
E000647,application_started,2026-08-12 11:43:00,CAN075,CMP023,JOB037,APP00210,SESSION_00210,Software Developer,Mumbai,mobile,referral,1.0,,,,,,,,
E000685,application_submitted,2026-08-12 11:43:00,CAN013,CMP028,JOB049,APP00220,SESSION_00220,Data Analyst,Bengaluru,mobile,organic,1.0,standard,,,,,,,
E000650,application_started,2026-08-12 11:47:00,CAN043,CMP021,JOB006,APP00211,SESSION_00211,Software Developer,Mumbai,mobile,campaign,1.0,,,,,,,,
E000689,application_submitted,2026-08-12 12:04:00,CAN062,CMP026,JOB027,APP00221,SESSION_00221,Software Developer,Bengaluru,mobile,campaign,1.0,standard,,,,,,,
E000648,application_submitted,2026-08-12 12:09:00,CAN075,CMP023,JOB037,APP00210,SESSION_00210,Software Developer,Mumbai,web,referral,1.0,standard,,,,,,,
E000654,application_started,2026-08-12 12:26:00,CAN065,CMP004,JOB056,APP00212,SESSION_00212,UI/UX Designer,Chennai,web,direct,1.0,,,,,,,,
E000644,application_submitted,2026-08-12 12:30:00,CAN042,CMP028,JOB018,APP00209,SESSION_00209,Business Analyst,Mumbai,mobile,referral,1.0,standard,,,,,,,
E000651,application_submitted,2026-08-12 12:34:00,CAN043,CMP021,JOB006,APP00211,SESSION_00211,Software Developer,Mumbai,mobile,referral,1.0,standard,,,,,,,
E000357,application_next_step,2026-08-12 12:37:00,CAN033,CMP024,JOB031,APP00119,SESSION_00119,Software Developer,Hyderabad,web,direct,1.0,,,,interview,,,,
E000677,application_submitted,2026-08-12 12:37:00,CAN078,CMP007,JOB050,APP00218,SESSION_00218,Business Analyst,Chennai,mobile,direct,1.0,standard,,,,,,,
E000638,application_started,2026-08-12 12:38:00,CAN023,CMP020,JOB052,APP00207,SESSION_00207,Data Analyst,Hyderabad,mobile,referral,1.0,,,,,,,,
E000655,application_submitted,2026-08-12 12:56:00,CAN065,CMP004,JOB056,APP00212,SESSION_00212,UI/UX Designer,Chennai,mobile,campaign,1.0,standard,,,,,,,
E000505,application_reviewed,2026-08-12 13:24:00,CAN021,CMP015,JOB030,APP00168,SESSION_00168,Data Analyst,Pune,web,organic,1.0,,reviewed,,,,,,
E000639,application_submitted,2026-08-12 13:31:00,CAN023,CMP020,JOB052,APP00207,SESSION_00207,Data Analyst,Hyderabad,mobile,campaign,1.0,standard,,,,,,,
E000659,application_started,2026-08-12 14:27:00,CAN012,CMP005,JOB040,APP00214,SESSION_00214,UI/UX Designer,Pune,mobile,campaign,1.0,,,,,,,,
E000691,application_started,2026-08-12 14:28:00,CAN017,CMP016,JOB059,APP00222,SESSION_00222,UI/UX Designer,Bengaluru,web,organic,1.0,,,,,,,,
E000692,application_submitted,2026-08-12 15:13:00,CAN017,CMP016,JOB059,APP00222,SESSION_00222,UI/UX Designer,Bengaluru,web,direct,1.0,standard,,,,,,,
E000656,application_started,2026-08-12 15:21:00,CAN059,CMP005,JOB021,APP00213,SESSION_00213,Software Developer,Bengaluru,web,referral,1.0,,,,,,,,
E000657,application_submitted,2026-08-12 15:26:00,CAN059,CMP005,JOB021,APP00213,SESSION_00213,Software Developer,Bengaluru,mobile,referral,1.0,standard,,,,,,,
E000452,application_reviewed,2026-08-12 15:34:00,CAN063,CMP019,JOB051,APP00152,SESSION_00152,Software Developer,Mumbai,web,campaign,1.0,,reviewed,,,,,,
E000660,application_submitted,2026-08-12 15:40:00,CAN012,CMP005,JOB040,APP00214,SESSION_00214,UI/UX Designer,Pune,web,referral,1.0,standard,,,,,,,
E000637,application_started,2026-08-12 16:01:00,CAN029,CMP022,JOB014,APP00206,SESSION_00206,Business Analyst,Pune,web,campaign,1.0,,,,,,,,
E000634,application_started,2026-08-12 16:22:00,CAN077,CMP015,JOB012,APP00205,SESSION_00205,UI/UX Designer,Chennai,mobile,direct,1.0,,,,,,,,
E000549,application_reviewed,2026-08-12 16:25:00,CAN001,CMP025,JOB043,APP00180,SESSION_00180,UI/UX Designer,Mumbai,mobile,referral,1.0,,reviewed,,,,,,
E000627,application_started,2026-08-12 16:55:00,CAN025,CMP015,JOB014,APP00204,SESSION_00204,UI/UX Designer,Pune,mobile,organic,1.0,,,,,,,,
E000635,application_submitted,2026-08-12 17:00:00,CAN077,CMP015,JOB012,APP00205,SESSION_00205,UI/UX Designer,Chennai,web,referral,1.0,standard,,,,,,,
E000669,application_started,2026-08-12 17:03:00,CAN005,CMP013,JOB057,APP00217,SESSION_00217,Business Analyst,Chennai,web,organic,1.0,,,,,,,,
E000670,application_submitted,2026-08-12 17:10:00,CAN005,CMP013,JOB057,APP00217,SESSION_00217,Business Analyst,Chennai,web,organic,1.0,standard,,,,,,,
E000417,application_shortlisted,2026-08-12 17:14:00,CAN010,CMP027,JOB043,APP00141,SESSION_00141,Data Analyst,Bengaluru,mobile,organic,1.0,,,shortlisted,,,,,
E000628,application_submitted,2026-08-12 17:20:00,CAN025,CMP015,JOB014,APP00204,SESSION_00204,UI/UX Designer,Pune,web,referral,1.0,standard,,,,,,,
E000645,application_reviewed,2026-08-12 17:30:00,CAN042,CMP028,JOB018,APP00209,SESSION_00209,Business Analyst,Mumbai,mobile,referral,1.0,,reviewed,,,,,,
E000587,application_reviewed,2026-08-12 18:03:00,CAN023,CMP013,JOB020,APP00194,SESSION_00194,Business Analyst,Hyderabad,web,campaign,1.0,,reviewed,,,,,,
E000641,application_started,2026-08-12 18:38:00,CAN001,CMP017,JOB043,APP00208,SESSION_00208,Business Analyst,Chennai,mobile,referral,1.0,,,,,,,,
E000642,application_submitted,2026-08-12 19:44:00,CAN001,CMP017,JOB043,APP00208,SESSION_00208,Business Analyst,Chennai,web,referral,1.0,standard,,,,,,,
E000472,application_shortlisted,2026-08-12 19:58:00,CAN026,CMP015,JOB038,APP00158,SESSION_00158,UI/UX Designer,Pune,mobile,campaign,1.0,,,shortlisted,,,,,
E000541,application_shortlisted,2026-08-12 22:11:00,CAN023,CMP030,JOB055,APP00178,SESSION_00178,Data Analyst,Chennai,web,campaign,1.0,,,shortlisted,,,,,
E000530,application_shortlisted,2026-08-12 22:46:00,CAN051,CMP019,JOB041,APP00175,SESSION_00175,Data Analyst,Mumbai,web,organic,1.0,,,shortlisted,,,,,
E000251,application_selected,2026-08-12 23:09:00,CAN040,CMP015,JOB029,APP00082,SESSION_00082,Data Analyst,Bengaluru,mobile,campaign,1.0,,,,,selected,,,
E000468,application_reviewed,2026-08-12 23:31:00,CAN032,CMP017,JOB012,APP00157,SESSION_00157,Digital Marketer,Hyderabad,mobile,organic,1.0,,reviewed,,,,,,
E000612,application_reviewed,2026-08-12 23:59:00,CAN013,CMP003,JOB043,APP00199,SESSION_00199,Business Analyst,Chennai,mobile,referral,1.0,,reviewed,,,,,,
E000636,application_reviewed,2026-08-13 01:00:00,CAN077,CMP015,JOB012,APP00205,SESSION_00205,UI/UX Designer,Chennai,web,direct,1.0,,reviewed,,,,,,
E000509,application_reviewed,2026-08-13 02:25:00,CAN013,CMP001,JOB014,APP00169,SESSION_00169,UI/UX Designer,Bengaluru,web,direct,1.0,,reviewed,,,,,,
E000600,application_reviewed,2026-08-13 02:32:00,CAN056,CMP021,JOB011,APP00197,SESSION_00197,Digital Marketer,Pune,web,organic,1.0,,reviewed,,,,,,
E000297,application_selected,2026-08-13 03:02:00,CAN011,CMP014,JOB039,APP00098,SESSION_00098,Software Developer,Chennai,web,organic,1.0,,,,,selected,,,
E000514,application_reviewed,2026-08-13 03:08:00,CAN018,CMP021,JOB044,APP00170,SESSION_00170,Software Developer,Bengaluru,web,organic,1.0,,reviewed,,,,,,
E000444,application_shortlisted,2026-08-13 04:23:00,CAN002,CMP010,JOB027,APP00149,SESSION_00149,UI/UX Designer,Bengaluru,mobile,referral,1.0,,,shortlisted,,,,,
E000502,application_reviewed,2026-08-13 04:47:00,CAN064,CMP009,JOB021,APP00167,SESSION_00167,Business Analyst,Mumbai,web,organic,1.0,,reviewed,,,,,,
E000649,application_reviewed,2026-08-13 06:09:00,CAN075,CMP023,JOB037,APP00210,SESSION_00210,Software Developer,Mumbai,mobile,direct,1.0,,reviewed,,,,,,
E000573,application_reviewed,2026-08-13 06:40:00,CAN046,CMP016,JOB035,APP00188,SESSION_00188,UI/UX Designer,Mumbai,web,campaign,1.0,,reviewed,,,,,,
E000596,application_shortlisted,2026-08-13 07:59:00,CAN049,CMP012,JOB035,APP00196,SESSION_00196,UI/UX Designer,Bengaluru,web,organic,1.0,,,shortlisted,,,,,
E000721,application_started,2026-08-13 08:42:00,CAN067,CMP004,JOB002,APP00231,SESSION_00231,UI/UX Designer,Hyderabad,web,direct,1.0,,,,,,,,
E000740,application_started,2026-08-13 08:58:00,CAN015,CMP013,JOB017,APP00238,SESSION_00238,Digital Marketer,Mumbai,mobile,campaign,1.0,,,,,,,,
E000722,application_submitted,2026-08-13 09:07:00,CAN067,CMP004,JOB002,APP00231,SESSION_00231,UI/UX Designer,Hyderabad,mobile,referral,1.0,standard,,,,,,,
E000743,application_started,2026-08-13 09:13:00,CAN027,CMP022,JOB041,APP00239,SESSION_00239,Software Developer,Pune,mobile,organic,1.0,,,,,,,,
E000506,application_shortlisted,2026-08-13 09:24:00,CAN021,CMP015,JOB030,APP00168,SESSION_00168,Data Analyst,Pune,web,campaign,1.0,,,shortlisted,,,,,
E000713,application_started,2026-08-13 09:24:00,CAN023,CMP023,JOB038,APP00228,SESSION_00228,Software Developer,Hyderabad,mobile,campaign,1.0,,,,,,,,
E000698,application_started,2026-08-13 09:29:00,CAN071,CMP021,JOB025,APP00225,SESSION_00225,UI/UX Designer,Hyderabad,mobile,campaign,1.0,,,,,,,,
E000744,application_submitted,2026-08-13 09:37:00,CAN027,CMP022,JOB041,APP00239,SESSION_00239,Software Developer,Pune,web,campaign,1.0,standard,,,,,,,
E000741,application_submitted,2026-08-13 09:40:00,CAN015,CMP013,JOB017,APP00238,SESSION_00238,Digital Marketer,Mumbai,web,referral,1.0,standard,,,,,,,
E000668,application_reviewed,2026-08-13 10:31:00,CAN018,CMP011,JOB058,APP00216,SESSION_00216,UI/UX Designer,Mumbai,web,referral,1.0,,reviewed,,,,,,
E000699,application_submitted,2026-08-13 10:37:00,CAN071,CMP021,JOB025,APP00225,SESSION_00225,UI/UX Designer,Hyderabad,mobile,referral,1.0,standard,,,,,,,
E000682,application_reviewed,2026-08-13 10:39:00,CAN064,CMP005,JOB006,APP00219,SESSION_00219,Digital Marketer,Bengaluru,web,referral,1.0,,reviewed,,,,,,
E000714,application_submitted,2026-08-13 10:46:00,CAN023,CMP023,JOB038,APP00228,SESSION_00228,Software Developer,Hyderabad,web,referral,1.0,standard,,,,,,,
E000752,application_started,2026-08-13 10:47:00,CAN004,CMP016,JOB011,APP00241,SESSION_00241,Digital Marketer,Hyderabad,mobile,referral,1.0,,,,,,,,
E000483,application_shortlisted,2026-08-13 11:02:00,CAN065,CMP021,JOB032,APP00162,SESSION_00162,UI/UX Designer,Pune,mobile,organic,1.0,,,shortlisted,,,,,
E000708,application_started,2026-08-13 11:07:00,CAN053,CMP004,JOB017,APP00227,SESSION_00227,Digital Marketer,Hyderabad,mobile,direct,1.0,,,,,,,,
E000709,application_submitted,2026-08-13 11:36:00,CAN053,CMP004,JOB017,APP00227,SESSION_00227,Digital Marketer,Hyderabad,mobile,organic,1.0,standard,,,,,,,
E000702,application_started,2026-08-13 11:41:00,CAN080,CMP021,JOB020,APP00226,SESSION_00226,Digital Marketer,Chennai,mobile,referral,1.0,,,,,,,,
E000407,application_shortlisted,2026-08-13 11:48:00,CAN078,CMP023,JOB014,APP00138,SESSION_00138,UI/UX Designer,Hyderabad,mobile,referral,1.0,,,shortlisted,,,,,
E000703,application_submitted,2026-08-13 11:52:00,CAN080,CMP021,JOB020,APP00226,SESSION_00226,Digital Marketer,Chennai,web,campaign,1.0,standard,,,,,,,
E000473,application_next_step,2026-08-13 11:58:00,CAN026,CMP015,JOB038,APP00158,SESSION_00158,UI/UX Designer,Pune,mobile,referral,1.0,,,,interview,,,,
E000747,application_started,2026-08-13 13:01:00,CAN053,CMP013,JOB029,APP00240,SESSION_00240,UI/UX Designer,Pune,mobile,organic,1.0,,,,,,,,
E000623,application_reviewed,2026-08-13 13:53:00,CAN034,CMP013,JOB042,APP00202,SESSION_00202,UI/UX Designer,Chennai,web,organic,1.0,,reviewed,,,,,,
E000658,application_reviewed,2026-08-13 14:26:00,CAN059,CMP005,JOB021,APP00213,SESSION_00213,Software Developer,Bengaluru,web,campaign,1.0,,reviewed,,,,,,
E000748,application_submitted,2026-08-13 14:28:00,CAN053,CMP013,JOB029,APP00240,SESSION_00240,UI/UX Designer,Pune,web,organic,1.0,standard,,,,,,,
E000693,application_started,2026-08-13 14:42:00,CAN067,CMP017,JOB045,APP00223,SESSION_00223,Digital Marketer,Bengaluru,web,campaign,1.0,,,,,,,,
E000445,application_next_step,2026-08-13 15:23:00,CAN002,CMP010,JOB027,APP00149,SESSION_00149,UI/UX Designer,Bengaluru,mobile,referral,1.0,,,,interview,,,,
E000745,application_reviewed,2026-08-13 15:37:00,CAN027,CMP022,JOB041,APP00239,SESSION_00239,Software Developer,Pune,web,organic,1.0,,reviewed,,,,,,
E000733,application_started,2026-08-13 15:50:00,CAN077,CMP002,JOB050,APP00235,SESSION_00235,Digital Marketer,Mumbai,mobile,organic,1.0,,,,,,,,
E000431,application_shortlisted,2026-08-13 16:05:00,CAN039,CMP006,JOB037,APP00146,SESSION_00146,Software Developer,Chennai,mobile,referral,1.0,,,shortlisted,,,,,
E000694,application_submitted,2026-08-13 16:09:00,CAN067,CMP017,JOB045,APP00223,SESSION_00223,Digital Marketer,Bengaluru,mobile,direct,1.0,standard,,,,,,,
E000496,application_shortlisted,2026-08-13 16:10:00,CAN053,CMP030,JOB004,APP00165,SESSION_00165,Business Analyst,Hyderabad,web,campaign,1.0,,,shortlisted,,,,,
E000490,application_reviewed,2026-08-13 16:11:00,CAN031,CMP007,JOB052,APP00164,SESSION_00164,Digital Marketer,Mumbai,mobile,direct,1.0,,reviewed,,,,,,
E000730,application_started,2026-08-13 16:16:00,CAN016,CMP013,JOB003,APP00234,SESSION_00234,UI/UX Designer,Mumbai,web,direct,1.0,,,,,,,,
E000734,application_submitted,2026-08-13 16:35:00,CAN077,CMP002,JOB050,APP00235,SESSION_00235,Digital Marketer,Mumbai,web,direct,1.0,standard,,,,,,,
E000718,application_started,2026-08-13 16:44:00,CAN017,CMP023,JOB042,APP00230,SESSION_00230,Software Developer,Chennai,mobile,organic,1.0,,,,,,,,
E000731,application_submitted,2026-08-13 16:53:00,CAN016,CMP013,JOB003,APP00234,SESSION_00234,UI/UX Designer,Mumbai,web,referral,1.0,standard,,,,,,,
E000716,application_started,2026-08-13 16:55:00,CAN018,CMP014,JOB039,APP00229,SESSION_00229,Digital Marketer,Mumbai,mobile,direct,1.0,,,,,,,,
E000753,application_started,2026-08-13 16:55:00,CAN019,CMP010,JOB044,APP00242,SESSION_00242,Business Analyst,Bengaluru,web,organic,1.0,,,,,,,,
E000761,application_started,2026-08-13 17:42:00,CAN025,CMP011,JOB032,APP00244,SESSION_00244,UI/UX Designer,Mumbai,mobile,direct,1.0,,,,,,,,
E000607,application_reviewed,2026-08-13 17:44:00,CAN011,CMP016,JOB055,APP00198,SESSION_00198,Data Analyst,Mumbai,mobile,direct,1.0,,reviewed,,,,,,
E000756,application_started,2026-08-13 17:53:00,CAN066,CMP005,JOB011,APP00243,SESSION_00243,Software Developer,Hyderabad,mobile,direct,1.0,,,,,,,,
E000724,application_started,2026-08-13 17:55:00,CAN005,CMP012,JOB053,APP00232,SESSION_00232,UI/UX Designer,Bengaluru,web,campaign,1.0,,,,,,,,
E000465,application_next_step,2026-08-13 17:56:00,CAN062,CMP004,JOB019,APP00156,SESSION_00156,UI/UX Designer,Bengaluru,web,direct,1.0,,,,interview,,,,
E000719,application_submitted,2026-08-13 18:00:00,CAN017,CMP023,JOB042,APP00230,SESSION_00230,Software Developer,Chennai,mobile,campaign,1.0,standard,,,,,,,
E000723,application_reviewed,2026-08-13 18:07:00,CAN067,CMP004,JOB002,APP00231,SESSION_00231,UI/UX Designer,Hyderabad,mobile,direct,1.0,,reviewed,,,,,,
E000754,application_submitted,2026-08-13 18:13:00,CAN019,CMP010,JOB044,APP00242,SESSION_00242,Business Analyst,Bengaluru,mobile,organic,1.0,standard,,,,,,,
E000717,application_submitted,2026-08-13 18:19:00,CAN018,CMP014,JOB039,APP00229,SESSION_00229,Digital Marketer,Mumbai,mobile,referral,1.0,standard,,,,,,,
E000736,application_started,2026-08-13 18:21:00,CAN052,CMP003,JOB023,APP00236,SESSION_00236,Software Developer,Hyderabad,mobile,referral,1.0,,,,,,,,
E000762,application_submitted,2026-08-13 18:33:00,CAN025,CMP011,JOB032,APP00244,SESSION_00244,UI/UX Designer,Mumbai,mobile,campaign,1.0,standard,,,,,,,
E000710,application_reviewed,2026-08-13 18:36:00,CAN053,CMP004,JOB017,APP00227,SESSION_00227,Digital Marketer,Hyderabad,web,campaign,1.0,,reviewed,,,,,,
E000725,application_submitted,2026-08-13 18:36:00,CAN005,CMP012,JOB053,APP00232,SESSION_00232,UI/UX Designer,Bengaluru,web,campaign,1.0,standard,,,,,,,
E000727,application_started,2026-08-13 18:45:00,CAN026,CMP020,JOB056,APP00233,SESSION_00233,UI/UX Designer,Hyderabad,mobile,direct,1.0,,,,,,,,
E000764,application_started,2026-08-13 18:46:00,CAN056,CMP009,JOB054,APP00245,SESSION_00245,Business Analyst,Hyderabad,mobile,campaign,1.0,,,,,,,,
E000739,application_started,2026-08-13 18:56:00,CAN079,CMP030,JOB040,APP00237,SESSION_00237,Software Developer,Bengaluru,mobile,campaign,1.0,,,,,,,,
E000695,application_started,2026-08-13 18:59:00,CAN072,CMP029,JOB040,APP00224,SESSION_00224,Data Analyst,Bengaluru,web,campaign,1.0,,,,,,,,
E000592,application_reviewed,2026-08-13 19:02:00,CAN043,CMP015,JOB001,APP00195,SESSION_00195,Business Analyst,Hyderabad,web,campaign,1.0,,reviewed,,,,,,
E000728,application_submitted,2026-08-13 19:14:00,CAN026,CMP020,JOB056,APP00233,SESSION_00233,UI/UX Designer,Hyderabad,mobile,campaign,1.0,standard,,,,,,,
E000757,application_submitted,2026-08-13 19:23:00,CAN066,CMP005,JOB011,APP00243,SESSION_00243,Software Developer,Hyderabad,web,campaign,1.0,standard,,,,,,,
E000696,application_submitted,2026-08-13 19:25:00,CAN072,CMP029,JOB040,APP00224,SESSION_00224,Data Analyst,Bengaluru,web,campaign,1.0,standard,,,,,,,
E000765,application_submitted,2026-08-13 19:36:00,CAN056,CMP009,JOB054,APP00245,SESSION_00245,Business Analyst,Hyderabad,mobile,campaign,1.0,standard,,,,,,,
E000737,application_submitted,2026-08-13 19:45:00,CAN052,CMP003,JOB023,APP00236,SESSION_00236,Software Developer,Hyderabad,mobile,organic,1.0,standard,,,,,,,
E000518,application_shortlisted,2026-08-13 19:54:00,CAN018,CMP025,JOB008,APP00171,SESSION_00171,Digital Marketer,Pune,web,campaign,1.0,,,shortlisted,,,,,
E000646,application_shortlisted,2026-08-13 20:30:00,CAN042,CMP028,JOB018,APP00209,SESSION_00209,Business Analyst,Mumbai,mobile,campaign,1.0,,,shortlisted,,,,,
E000597,application_next_step,2026-08-13 20:59:00,CAN049,CMP012,JOB035,APP00196,SESSION_00196,UI/UX Designer,Bengaluru,mobile,campaign,1.0,,,,interview,,,,
E000317,application_selected,2026-08-13 21:58:00,CAN010,CMP005,JOB021,APP00103,SESSION_00103,Data Analyst,Pune,mobile,direct,1.0,,,,,selected,,,
E000626,application_reviewed,2026-08-13 22:36:00,CAN035,CMP029,JOB024,APP00203,SESSION_00203,Data Analyst,Mumbai,mobile,referral,1.0,,reviewed,,,,,,
E000617,application_reviewed,2026-08-13 23:05:00,CAN025,CMP005,JOB003,APP00200,SESSION_00200,UI/UX Designer,Bengaluru,mobile,referral,1.0,,reviewed,,,,,,
E000742,application_reviewed,2026-08-13 23:40:00,CAN015,CMP013,JOB017,APP00238,SESSION_00238,Digital Marketer,Mumbai,web,organic,1.0,,reviewed,,,,,,
E000749,application_reviewed,2026-08-14 01:28:00,CAN053,CMP013,JOB029,APP00240,SESSION_00240,UI/UX Designer,Pune,mobile,organic,1.0,,reviewed,,,,,,
E000519,application_next_step,2026-08-14 03:54:00,CAN018,CMP025,JOB008,APP00171,SESSION_00171,Digital Marketer,Pune,web,campaign,1.0,,,,interview,,,,
E000418,application_next_step,2026-08-14 06:14:00,CAN010,CMP027,JOB043,APP00141,SESSION_00141,Data Analyst,Bengaluru,mobile,organic,1.0,,,,interview,,,,
E000729,application_reviewed,2026-08-14 06:14:00,CAN026,CMP020,JOB056,APP00233,SESSION_00233,UI/UX Designer,Hyderabad,web,direct,1.0,,reviewed,,,,,,
E000758,application_reviewed,2026-08-14 06:23:00,CAN066,CMP005,JOB011,APP00243,SESSION_00243,Software Developer,Hyderabad,mobile,organic,1.0,,reviewed,,,,,,
E000579,application_reviewed,2026-08-14 07:31:00,CAN073,CMP005,JOB037,APP00191,SESSION_00191,Software Developer,Pune,web,referral,1.0,,reviewed,,,,,,
E000780,application_started,2026-08-14 08:32:00,CAN045,CMP016,JOB051,APP00250,SESSION_00250,UI/UX Designer,Chennai,web,campaign,1.0,,,,,,,,
E000746,application_shortlisted,2026-08-14 08:37:00,CAN027,CMP022,JOB041,APP00239,SESSION_00239,Software Developer,Pune,web,direct,1.0,,,shortlisted,,,,,
E000686,application_reviewed,2026-08-14 08:43:00,CAN013,CMP028,JOB049,APP00220,SESSION_00220,Data Analyst,Bengaluru,web,organic,1.0,,reviewed,,,,,,
E000781,application_submitted,2026-08-14 08:46:00,CAN045,CMP016,JOB051,APP00250,SESSION_00250,UI/UX Designer,Chennai,mobile,direct,1.0,standard,,,,,,,
E000767,application_started,2026-08-14 08:54:00,CAN069,CMP007,JOB017,APP00246,SESSION_00246,Data Analyst,Bengaluru,web,campaign,1.0,,,,,,,,
E000793,application_started,2026-08-14 08:56:00,CAN023,CMP016,JOB058,APP00254,SESSION_00254,Digital Marketer,Chennai,web,organic,1.0,,,,,,,,
E000774,application_started,2026-08-14 09:16:00,CAN006,CMP008,JOB049,APP00248,SESSION_00248,UI/UX Designer,Hyderabad,mobile,direct,1.0,,,,,,,,
E000794,application_submitted,2026-08-14 09:17:00,CAN023,CMP016,JOB058,APP00254,SESSION_00254,Digital Marketer,Chennai,web,campaign,1.0,standard,,,,,,,
E000768,application_submitted,2026-08-14 09:26:00,CAN069,CMP007,JOB017,APP00246,SESSION_00246,Data Analyst,Bengaluru,web,referral,1.0,standard,,,,,,,
E000775,application_submitted,2026-08-14 09:47:00,CAN006,CMP008,JOB049,APP00248,SESSION_00248,UI/UX Designer,Hyderabad,mobile,campaign,1.0,standard,,,,,,,
E000556,application_reviewed,2026-08-14 10:10:00,CAN041,CMP015,JOB018,APP00181,SESSION_00181,Software Developer,Bengaluru,mobile,direct,1.0,,reviewed,,,,,,
E000788,application_started,2026-08-14 10:14:00,CAN028,CMP015,JOB039,APP00253,SESSION_00253,UI/UX Designer,Pune,mobile,direct,1.0,,,,,,,,
E000786,application_started,2026-08-14 10:16:00,CAN006,CMP029,JOB037,APP00252,SESSION_00252,Software Developer,Bengaluru,web,campaign,1.0,,,,,,,,
E000789,application_submitted,2026-08-14 10:42:00,CAN028,CMP015,JOB039,APP00253,SESSION_00253,UI/UX Designer,Pune,mobile,direct,1.0,standard,,,,,,,
E000608,application_shortlisted,2026-08-14 10:44:00,CAN011,CMP016,JOB055,APP00198,SESSION_00198,Data Analyst,Mumbai,mobile,campaign,1.0,,,shortlisted,,,,,
E000787,application_submitted,2026-08-14 11:33:00,CAN006,CMP029,JOB037,APP00252,SESSION_00252,Software Developer,Bengaluru,web,referral,1.0,standard,,,,,,,
E000829,application_started,2026-08-14 11:55:00,CAN025,CMP016,JOB048,APP00263,SESSION_00263,Software Developer,Hyderabad,mobile,direct,1.0,,,,,,,,
E000830,application_submitted,2026-08-14 12:31:00,CAN025,CMP016,JOB048,APP00263,SESSION_00263,Software Developer,Hyderabad,mobile,direct,1.0,standard,,,,,,,
E000777,application_started,2026-08-14 12:37:00,CAN042,CMP004,JOB046,APP00249,SESSION_00249,Digital Marketer,Mumbai,web,campaign,1.0,,,,,,,,
E000811,application_started,2026-08-14 12:45:00,CAN050,CMP030,JOB026,APP00258,SESSION_00258,Digital Marketer,Chennai,web,direct,1.0,,,,,,,,
E000778,application_submitted,2026-08-14 13:28:00,CAN042,CMP004,JOB046,APP00249,SESSION_00249,Digital Marketer,Mumbai,web,referral,1.0,standard,,,,,,,
E000812,application_submitted,2026-08-14 13:46:00,CAN050,CMP030,JOB026,APP00258,SESSION_00258,Digital Marketer,Chennai,web,direct,1.0,standard,,,,,,,
E000822,application_started,2026-08-14 13:49:00,CAN057,CMP013,JOB037,APP00261,SESSION_00261,UI/UX Designer,Hyderabad,mobile,campaign,1.0,,,,,,,,
E000732,application_reviewed,2026-08-14 13:53:00,CAN016,CMP013,JOB003,APP00234,SESSION_00234,UI/UX Designer,Mumbai,web,direct,1.0,,reviewed,,,,,,
E000690,application_reviewed,2026-08-14 14:04:00,CAN062,CMP026,JOB027,APP00221,SESSION_00221,Software Developer,Bengaluru,mobile,organic,1.0,,reviewed,,,,,,
E000823,application_started,2026-08-14 14:40:00,CAN004,CMP016,JOB008,APP00262,SESSION_00262,Business Analyst,Bengaluru,web,direct,1.0,,,,,,,,
E000601,application_shortlisted,2026-08-14 15:32:00,CAN056,CMP021,JOB011,APP00197,SESSION_00197,Digital Marketer,Pune,mobile,direct,1.0,,,shortlisted,,,,,
E000824,application_submitted,2026-08-14 15:37:00,CAN004,CMP016,JOB008,APP00262,SESSION_00262,Business Analyst,Bengaluru,mobile,organic,1.0,standard,,,,,,,
E000806,application_started,2026-08-14 15:50:00,CAN051,CMP024,JOB009,APP00257,SESSION_00257,Data Analyst,Hyderabad,web,organic,1.0,,,,,,,,
E000800,application_started,2026-08-14 16:07:00,CAN025,CMP001,JOB046,APP00255,SESSION_00255,Data Analyst,Chennai,web,campaign,1.0,,,,,,,,
E000550,application_shortlisted,2026-08-14 16:25:00,CAN001,CMP025,JOB043,APP00180,SESSION_00180,UI/UX Designer,Mumbai,web,organic,1.0,,,shortlisted,,,,,
E000813,application_started,2026-08-14 16:33:00,CAN067,CMP010,JOB013,APP00259,SESSION_00259,Data Analyst,Chennai,web,direct,1.0,,,,,,,,
E000807,application_submitted,2026-08-14 16:46:00,CAN051,CMP024,JOB009,APP00257,SESSION_00257,Data Analyst,Hyderabad,mobile,organic,1.0,standard,,,,,,,
E000801,application_submitted,2026-08-14 16:52:00,CAN025,CMP001,JOB046,APP00255,SESSION_00255,Data Analyst,Chennai,mobile,referral,1.0,standard,,,,,,,
E000832,application_started,2026-08-14 17:20:00,CAN070,CMP002,JOB055,APP00264,SESSION_00264,UI/UX Designer,Mumbai,mobile,referral,1.0,,,,,,,,
E000814,application_submitted,2026-08-14 17:24:00,CAN067,CMP010,JOB013,APP00259,SESSION_00259,Data Analyst,Chennai,web,organic,1.0,standard,,,,,,,
E000602,application_next_step,2026-08-14 17:32:00,CAN056,CMP021,JOB011,APP00197,SESSION_00197,Digital Marketer,Pune,mobile,organic,1.0,,,,interview,,,,
E000773,application_started,2026-08-14 17:42:00,CAN018,CMP015,JOB011,APP00247,SESSION_00247,Software Developer,Chennai,web,campaign,1.0,,,,,,,,
E000588,application_shortlisted,2026-08-14 18:03:00,CAN023,CMP013,JOB020,APP00194,SESSION_00194,Business Analyst,Hyderabad,web,direct,1.0,,,shortlisted,,,,,
E000837,application_started,2026-08-14 18:13:00,CAN059,CMP011,JOB045,APP00265,SESSION_00265,Data Analyst,Bengaluru,mobile,organic,1.0,,,,,,,,
E000803,application_started,2026-08-14 18:25:00,CAN055,CMP019,JOB024,APP00256,SESSION_00256,Digital Marketer,Mumbai,web,campaign,1.0,,,,,,,,
E000815,application_started,2026-08-14 18:25:00,CAN012,CMP009,JOB050,APP00260,SESSION_00260,UI/UX Designer,Mumbai,mobile,direct,1.0,,,,,,,,
E000783,application_started,2026-08-14 18:30:00,CAN054,CMP026,JOB022,APP00251,SESSION_00251,Data Analyst,Pune,mobile,direct,1.0,,,,,,,,
E000833,application_submitted,2026-08-14 18:30:00,CAN070,CMP002,JOB055,APP00264,SESSION_00264,UI/UX Designer,Mumbai,mobile,campaign,1.0,standard,,,,,,,
E000816,application_submitted,2026-08-14 18:38:00,CAN012,CMP009,JOB050,APP00260,SESSION_00260,UI/UX Designer,Mumbai,web,referral,1.0,standard,,,,,,,
E000808,application_reviewed,2026-08-14 18:46:00,CAN051,CMP024,JOB009,APP00257,SESSION_00257,Data Analyst,Hyderabad,web,direct,1.0,,reviewed,,,,,,
E000671,application_reviewed,2026-08-14 19:10:00,CAN005,CMP013,JOB057,APP00217,SESSION_00217,Business Analyst,Chennai,web,referral,1.0,,reviewed,,,,,,
E000759,application_shortlisted,2026-08-14 19:23:00,CAN066,CMP005,JOB011,APP00243,SESSION_00243,Software Developer,Hyderabad,mobile,referral,1.0,,,shortlisted,,,,,
E000766,application_reviewed,2026-08-14 19:36:00,CAN056,CMP009,JOB054,APP00245,SESSION_00245,Business Analyst,Hyderabad,web,referral,1.0,,reviewed,,,,,,
E000838,application_submitted,2026-08-14 19:36:00,CAN059,CMP011,JOB045,APP00265,SESSION_00265,Data Analyst,Bengaluru,mobile,direct,1.0,standard,,,,,,,
E000804,application_submitted,2026-08-14 19:41:00,CAN055,CMP019,JOB024,APP00256,SESSION_00256,Digital Marketer,Mumbai,mobile,direct,1.0,standard,,,,,,,
E000784,application_submitted,2026-08-14 19:57:00,CAN054,CMP026,JOB022,APP00251,SESSION_00251,Data Analyst,Pune,mobile,organic,1.0,standard,,,,,,,
E000531,application_next_step,2026-08-14 20:46:00,CAN051,CMP019,JOB041,APP00175,SESSION_00175,Data Analyst,Mumbai,mobile,direct,1.0,,,,interview,,,,
E000613,application_shortlisted,2026-08-14 21:59:00,CAN013,CMP003,JOB043,APP00199,SESSION_00199,Business Analyst,Chennai,web,direct,1.0,,,shortlisted,,,,,
E000629,application_reviewed,2026-08-14 22:20:00,CAN025,CMP015,JOB014,APP00204,SESSION_00204,UI/UX Designer,Pune,web,organic,1.0,,reviewed,,,,,,
E000484,application_next_step,2026-08-14 23:02:00,CAN065,CMP021,JOB032,APP00162,SESSION_00162,UI/UX Designer,Pune,mobile,organic,1.0,,,,interview,,,,
E000510,application_shortlisted,2026-08-15 01:25:00,CAN013,CMP001,JOB014,APP00169,SESSION_00169,UI/UX Designer,Bengaluru,web,organic,1.0,,,shortlisted,,,,,
E000652,application_reviewed,2026-08-15 01:34:00,CAN043,CMP021,JOB006,APP00211,SESSION_00211,Software Developer,Mumbai,web,campaign,1.0,,reviewed,,,,,,
E000640,application_reviewed,2026-08-15 02:31:00,CAN023,CMP020,JOB052,APP00207,SESSION_00207,Data Analyst,Hyderabad,mobile,campaign,1.0,,reviewed,,,,,,
E000663,application_reviewed,2026-08-15 03:32:00,CAN042,CMP025,JOB054,APP00215,SESSION_00215,Digital Marketer,Hyderabad,mobile,direct,1.0,,reviewed,,,,,,
E000678,application_reviewed,2026-08-15 03:37:00,CAN078,CMP007,JOB050,APP00218,SESSION_00218,Business Analyst,Chennai,mobile,direct,1.0,,reviewed,,,,,,
E000432,application_next_step,2026-08-15 04:05:00,CAN039,CMP006,JOB037,APP00146,SESSION_00146,Software Developer,Chennai,mobile,campaign,1.0,,,,interview,,,,
E000358,application_selected,2026-08-15 04:37:00,CAN033,CMP024,JOB031,APP00119,SESSION_00119,Software Developer,Hyderabad,mobile,direct,1.0,,,,,selected,,,
E000497,application_next_step,2026-08-15 05:10:00,CAN053,CMP030,JOB004,APP00165,SESSION_00165,Business Analyst,Hyderabad,mobile,campaign,1.0,,,,interview,,,,
E000672,application_shortlisted,2026-08-15 05:10:00,CAN005,CMP013,JOB057,APP00217,SESSION_00217,Business Analyst,Chennai,web,organic,1.0,,,shortlisted,,,,,
E000831,application_reviewed,2026-08-15 05:31:00,CAN025,CMP016,JOB048,APP00263,SESSION_00263,Software Developer,Hyderabad,web,campaign,1.0,,reviewed,,,,,,
E000664,application_shortlisted,2026-08-15 06:32:00,CAN042,CMP025,JOB054,APP00215,SESSION_00215,Digital Marketer,Hyderabad,mobile,referral,1.0,,,shortlisted,,,,,
E000683,application_shortlisted,2026-08-15 06:39:00,CAN064,CMP005,JOB006,APP00219,SESSION_00219,Digital Marketer,Bengaluru,mobile,campaign,1.0,,,shortlisted,,,,,
E000782,application_reviewed,2026-08-15 06:46:00,CAN045,CMP016,JOB051,APP00250,SESSION_00250,UI/UX Designer,Chennai,mobile,organic,1.0,,reviewed,,,,,,
E000715,application_reviewed,2026-08-15 07:46:00,CAN023,CMP023,JOB038,APP00228,SESSION_00228,Software Developer,Hyderabad,mobile,campaign,1.0,,reviewed,,,,,,
E000878,application_started,2026-08-15 08:34:00,CAN063,CMP007,JOB021,APP00276,SESSION_00276,Data Analyst,Hyderabad,web,direct,1.0,,,,,,,,
E000711,application_shortlisted,2026-08-15 08:36:00,CAN053,CMP004,JOB017,APP00227,SESSION_00227,Digital Marketer,Hyderabad,web,campaign,1.0,,,shortlisted,,,,,
E000888,application_started,2026-08-15 09:15:00,CAN039,CMP007,JOB024,APP00280,SESSION_00280,Data Analyst,Hyderabad,mobile,referral,1.0,,,,,,,,
E000881,application_started,2026-08-15 09:53:00,CAN064,CMP012,JOB030,APP00278,SESSION_00278,Data Analyst,Mumbai,web,organic,1.0,,,,,,,,
E000889,application_submitted,2026-08-15 09:55:00,CAN039,CMP007,JOB024,APP00280,SESSION_00280,Data Analyst,Hyderabad,web,campaign,1.0,standard,,,,,,,
E000882,application_submitted,2026-08-15 10:48:00,CAN064,CMP012,JOB030,APP00278,SESSION_00278,Data Analyst,Mumbai,web,campaign,1.0,standard,,,,,,,
E000843,application_started,2026-08-15 10:51:00,CAN072,CMP014,JOB055,APP00267,SESSION_00267,UI/UX Designer,Hyderabad,web,campaign,1.0,,,,,,,,
E000879,application_started,2026-08-15 11:05:00,CAN037,CMP009,JOB009,APP00277,SESSION_00277,UI/UX Designer,Bengaluru,web,organic,1.0,,,,,,,,
E000542,application_next_step,2026-08-15 11:11:00,CAN023,CMP030,JOB055,APP00178,SESSION_00178,Data Analyst,Chennai,mobile,referral,1.0,,,,interview,,,,
E000844,application_submitted,2026-08-15 11:18:00,CAN072,CMP014,JOB055,APP00267,SESSION_00267,UI/UX Designer,Hyderabad,mobile,campaign,1.0,standard,,,,,,,
E000630,application_shortlisted,2026-08-15 11:20:00,CAN025,CMP015,JOB014,APP00204,SESSION_00204,UI/UX Designer,Pune,web,direct,1.0,,,shortlisted,,,,,
E000880,application_submitted,2026-08-15 11:53:00,CAN037,CMP009,JOB009,APP00277,SESSION_00277,UI/UX Designer,Bengaluru,mobile,referral,1.0,standard,,,,,,,
E000834,application_reviewed,2026-08-15 12:30:00,CAN070,CMP002,JOB055,APP00264,SESSION_00264,UI/UX Designer,Mumbai,web,campaign,1.0,,reviewed,,,,,,
E000763,application_reviewed,2026-08-15 12:33:00,CAN025,CMP011,JOB032,APP00244,SESSION_00244,UI/UX Designer,Mumbai,web,direct,1.0,,reviewed,,,,,,
E000726,application_reviewed,2026-08-15 12:36:00,CAN005,CMP012,JOB053,APP00232,SESSION_00232,UI/UX Designer,Bengaluru,web,organic,1.0,,reviewed,,,,,,
E000848,application_started,2026-08-15 13:16:00,CAN061,CMP027,JOB041,APP00268,SESSION_00268,Data Analyst,Pune,mobile,referral,1.0,,,,,,,,
E000854,application_started,2026-08-15 13:20:00,CAN010,CMP003,JOB011,APP00270,SESSION_00270,Business Analyst,Hyderabad,mobile,referral,1.0,,,,,,,,
E000849,application_submitted,2026-08-15 13:53:00,CAN061,CMP027,JOB041,APP00268,SESSION_00268,Data Analyst,Pune,mobile,organic,1.0,standard,,,,,,,
E000520,application_selected,2026-08-15 13:54:00,CAN018,CMP025,JOB008,APP00171,SESSION_00171,Digital Marketer,Pune,mobile,organic,1.0,,,,,selected,,,
E000785,application_reviewed,2026-08-15 13:57:00,CAN054,CMP026,JOB022,APP00251,SESSION_00251,Data Analyst,Pune,web,direct,1.0,,reviewed,,,,,,
E000856,application_started,2026-08-15 14:10:00,CAN047,CMP024,JOB038,APP00271,SESSION_00271,Digital Marketer,Pune,web,organic,1.0,,,,,,,,
E000491,application_shortlisted,2026-08-15 14:11:00,CAN031,CMP007,JOB052,APP00164,SESSION_00164,Digital Marketer,Mumbai,mobile,referral,1.0,,,shortlisted,,,,,
E000855,application_submitted,2026-08-15 14:15:00,CAN010,CMP003,JOB011,APP00270,SESSION_00270,Business Analyst,Hyderabad,mobile,campaign,1.0,standard,,,,,,,
E000872,application_started,2026-08-15 14:25:00,CAN071,CMP012,JOB013,APP00274,SESSION_00274,UI/UX Designer,Chennai,web,direct,1.0,,,,,,,,
E000687,application_shortlisted,2026-08-15 14:43:00,CAN013,CMP028,JOB049,APP00220,SESSION_00220,Data Analyst,Bengaluru,mobile,campaign,1.0,,,shortlisted,,,,,
E000840,application_started,2026-08-15 14:44:00,CAN047,CMP006,JOB032,APP00266,SESSION_00266,UI/UX Designer,Hyderabad,mobile,referral,1.0,,,,,,,,
E000857,application_submitted,2026-08-15 14:45:00,CAN047,CMP024,JOB038,APP00271,SESSION_00271,Digital Marketer,Pune,mobile,organic,1.0,standard,,,,,,,
E000867,application_started,2026-08-15 15:19:00,CAN045,CMP016,JOB035,APP00273,SESSION_00273,Software Developer,Bengaluru,mobile,campaign,1.0,,,,,,,,
E000841,application_submitted,2026-08-15 15:24:00,CAN047,CMP006,JOB032,APP00266,SESSION_00266,UI/UX Designer,Hyderabad,mobile,direct,1.0,standard,,,,,,,
E000697,application_reviewed,2026-08-15 15:25:00,CAN072,CMP029,JOB040,APP00224,SESSION_00224,Data Analyst,Bengaluru,mobile,organic,1.0,,reviewed,,,,,,
E000885,application_started,2026-08-15 15:47:00,CAN057,CMP008,JOB048,APP00279,SESSION_00279,Data Analyst,Hyderabad,web,direct,1.0,,,,,,,,
E000873,application_submitted,2026-08-15 15:52:00,CAN071,CMP012,JOB013,APP00274,SESSION_00274,UI/UX Designer,Chennai,mobile,campaign,1.0,standard,,,,,,,
E000851,application_started,2026-08-15 15:56:00,CAN037,CMP012,JOB021,APP00269,SESSION_00269,Digital Marketer,Pune,web,campaign,1.0,,,,,,,,
E000868,application_submitted,2026-08-15 16:02:00,CAN045,CMP016,JOB035,APP00273,SESSION_00273,Software Developer,Bengaluru,web,organic,1.0,standard,,,,,,,
E000557,application_shortlisted,2026-08-15 16:10:00,CAN041,CMP015,JOB018,APP00181,SESSION_00181,Software Developer,Bengaluru,mobile,organic,1.0,,,shortlisted,,,,,
E000755,application_reviewed,2026-08-15 16:13:00,CAN019,CMP010,JOB044,APP00242,SESSION_00242,Business Analyst,Bengaluru,web,campaign,1.0,,reviewed,,,,,,
E000886,application_submitted,2026-08-15 16:31:00,CAN057,CMP008,JOB048,APP00279,SESSION_00279,Data Analyst,Hyderabad,mobile,direct,1.0,standard,,,,,,,
E000712,application_next_step,2026-08-15 16:36:00,CAN053,CMP004,JOB017,APP00227,SESSION_00227,Digital Marketer,Hyderabad,mobile,campaign,1.0,,,,interview,,,,
E000852,application_submitted,2026-08-15 17:00:00,CAN037,CMP012,JOB021,APP00269,SESSION_00269,Digital Marketer,Pune,web,direct,1.0,standard,,,,,,,
E000860,application_started,2026-08-15 17:09:00,CAN068,CMP025,JOB006,APP00272,SESSION_00272,Data Analyst,Mumbai,web,campaign,1.0,,,,,,,,
E000738,application_reviewed,2026-08-15 17:45:00,CAN052,CMP003,JOB023,APP00236,SESSION_00236,Software Developer,Hyderabad,mobile,direct,1.0,,reviewed,,,,,,
E000861,application_submitted,2026-08-15 17:45:00,CAN068,CMP025,JOB006,APP00272,SESSION_00272,Data Analyst,Mumbai,mobile,campaign,1.0,standard,,,,,,,
E000875,application_started,2026-08-15 18:47:00,CAN079,CMP026,JOB045,APP00275,SESSION_00275,Business Analyst,Mumbai,mobile,campaign,1.0,,,,,,,,
E000521,application_outcome_recorded,2026-08-15 18:54:00,CAN018,CMP025,JOB008,APP00171,SESSION_00171,Digital Marketer,Pune,mobile,referral,1.0,,,,,,OUT00171,successful,success
E000876,application_submitted,2026-08-15 19:00:00,CAN079,CMP026,JOB045,APP00275,SESSION_00275,Business Analyst,Mumbai,web,direct,1.0,standard,,,,,,,
E000673,application_next_step,2026-08-15 19:10:00,CAN005,CMP013,JOB057,APP00217,SESSION_00217,Business Analyst,Chennai,mobile,direct,1.0,,,,interview,,,,
E000631,application_next_step,2026-08-15 19:20:00,CAN025,CMP015,JOB014,APP00204,SESSION_00204,UI/UX Designer,Pune,mobile,direct,1.0,,,,interview,,,,
E000779,application_reviewed,2026-08-15 19:28:00,CAN042,CMP004,JOB046,APP00249,SESSION_00249,Digital Marketer,Mumbai,mobile,referral,1.0,,reviewed,,,,,,
E000750,application_shortlisted,2026-08-15 21:28:00,CAN053,CMP013,JOB029,APP00240,SESSION_00240,UI/UX Designer,Pune,mobile,organic,1.0,,,shortlisted,,,,,
E000609,application_next_step,2026-08-15 22:44:00,CAN011,CMP016,JOB055,APP00198,SESSION_00198,Data Analyst,Mumbai,web,direct,1.0,,,,interview,,,,
E000887,application_reviewed,2026-08-15 23:31:00,CAN057,CMP008,JOB048,APP00279,SESSION_00279,Data Analyst,Hyderabad,web,referral,1.0,,reviewed,,,,,,
E000228,application_outcome_recorded,2026-08-15 23:39:00,CAN035,CMP001,JOB012,APP00075,SESSION_00075,Business Analyst,Mumbai,mobile,campaign,1.0,,,,,,OUT00075,successful,success
E000704,application_reviewed,2026-08-16 01:52:00,CAN080,CMP021,JOB020,APP00226,SESSION_00226,Digital Marketer,Chennai,mobile,campaign,1.0,,reviewed,,,,,,
E000825,application_reviewed,2026-08-16 02:37:00,CAN004,CMP016,JOB008,APP00262,SESSION_00262,Business Analyst,Bengaluru,web,referral,1.0,,reviewed,,,,,,
E000760,application_next_step,2026-08-16 03:23:00,CAN066,CMP005,JOB011,APP00243,SESSION_00243,Software Developer,Hyderabad,web,referral,1.0,,,,interview,,,,
E000839,application_reviewed,2026-08-16 03:36:00,CAN059,CMP011,JOB045,APP00265,SESSION_00265,Data Analyst,Bengaluru,mobile,campaign,1.0,,reviewed,,,,,,
E000700,application_reviewed,2026-08-16 03:37:00,CAN071,CMP021,JOB025,APP00225,SESSION_00225,UI/UX Designer,Hyderabad,web,organic,1.0,,reviewed,,,,,,
E000874,application_reviewed,2026-08-16 03:52:00,CAN071,CMP012,JOB013,APP00274,SESSION_00274,UI/UX Designer,Chennai,mobile,direct,1.0,,reviewed,,,,,,
E000701,application_shortlisted,2026-08-16 06:37:00,CAN071,CMP021,JOB025,APP00225,SESSION_00225,UI/UX Designer,Hyderabad,web,organic,1.0,,,shortlisted,,,,,
E000790,application_reviewed,2026-08-16 07:42:00,CAN028,CMP015,JOB039,APP00253,SESSION_00253,UI/UX Designer,Pune,mobile,organic,1.0,,reviewed,,,,,,
E000902,application_started,2026-08-16 08:12:00,CAN009,CMP002,JOB054,APP00285,SESSION_00285,Software Developer,Hyderabad,web,campaign,1.0,,,,,,,,
E000903,application_submitted,2026-08-16 08:21:00,CAN009,CMP002,JOB054,APP00285,SESSION_00285,Software Developer,Hyderabad,mobile,campaign,1.0,standard,,,,,,,
E000252,application_outcome_recorded,2026-08-16 09:09:00,CAN040,CMP015,JOB029,APP00082,SESSION_00082,Data Analyst,Bengaluru,web,referral,1.0,,,,,,OUT00082,successful,success
E000809,application_shortlisted,2026-08-16 09:46:00,CAN051,CMP024,JOB009,APP00257,SESSION_00257,Data Analyst,Hyderabad,mobile,organic,1.0,,,shortlisted,,,,,
E000795,application_reviewed,2026-08-16 10:17:00,CAN023,CMP016,JOB058,APP00254,SESSION_00254,Digital Marketer,Chennai,web,campaign,1.0,,reviewed,,,,,,
E000890,application_started,2026-08-16 10:23:00,CAN006,CMP019,JOB051,APP00281,SESSION_00281,UI/UX Designer,Chennai,web,direct,1.0,,,,,,,,
E000735,application_reviewed,2026-08-16 10:35:00,CAN077,CMP002,JOB050,APP00235,SESSION_00235,Digital Marketer,Mumbai,web,campaign,1.0,,reviewed,,,,,,
E000891,application_submitted,2026-08-16 10:39:00,CAN006,CMP019,JOB051,APP00281,SESSION_00281,UI/UX Designer,Chennai,mobile,organic,1.0,standard,,,,,,,
E000532,application_selected,2026-08-16 10:46:00,CAN051,CMP019,JOB041,APP00175,SESSION_00175,Data Analyst,Mumbai,web,organic,1.0,,,,,selected,,,
E000893,application_started,2026-08-16 11:01:00,CAN041,CMP018,JOB051,APP00282,SESSION_00282,Business Analyst,Pune,mobile,referral,1.0,,,,,,,,
E000869,application_reviewed,2026-08-16 11:02:00,CAN045,CMP016,JOB035,APP00273,SESSION_00273,Software Developer,Bengaluru,mobile,referral,1.0,,reviewed,,,,,,
E000899,application_started,2026-08-16 11:20:00,CAN003,CMP020,JOB055,APP00284,SESSION_00284,Business Analyst,Chennai,web,campaign,1.0,,,,,,,,
E000894,application_submitted,2026-08-16 11:38:00,CAN041,CMP018,JOB051,APP00282,SESSION_00282,Business Analyst,Pune,web,campaign,1.0,standard,,,,,,,
E000862,application_reviewed,2026-08-16 11:45:00,CAN068,CMP025,JOB006,APP00272,SESSION_00272,Data Analyst,Mumbai,web,organic,1.0,,reviewed,,,,,,
E000298,application_outcome_recorded,2026-08-16 12:02:00,CAN011,CMP014,JOB039,APP00098,SESSION_00098,Software Developer,Chennai,mobile,organic,1.0,,,,,,OUT00098,successful,success
E000870,application_shortlisted,2026-08-16 12:02:00,CAN045,CMP016,JOB035,APP00273,SESSION_00273,Software Developer,Bengaluru,mobile,campaign,1.0,,,shortlisted,,,,,
E000589,application_next_step,2026-08-16 12:03:00,CAN023,CMP013,JOB020,APP00194,SESSION_00194,Business Analyst,Hyderabad,web,organic,1.0,,,,interview,,,,
E000674,application_selected,2026-08-16 12:10:00,CAN005,CMP013,JOB057,APP00217,SESSION_00217,Business Analyst,Chennai,web,referral,1.0,,,,,selected,,,
E000900,application_submitted,2026-08-16 12:28:00,CAN003,CMP020,JOB055,APP00284,SESSION_00284,Business Analyst,Chennai,web,referral,1.0,standard,,,,,,,
E000909,application_started,2026-08-16 14:12:00,CAN013,CMP004,JOB047,APP00287,SESSION_00287,Software Developer,Chennai,web,direct,1.0,,,,,,,,
E000910,application_submitted,2026-08-16 14:39:00,CAN013,CMP004,JOB047,APP00287,SESSION_00287,Software Developer,Chennai,mobile,organic,1.0,standard,,,,,,,
E000720,application_reviewed,2026-08-16 16:00:00,CAN017,CMP023,JOB042,APP00230,SESSION_00230,Software Developer,Chennai,mobile,campaign,1.0,,reviewed,,,,,,
E000912,application_started,2026-08-16 16:21:00,CAN022,CMP026,JOB012,APP00288,SESSION_00288,Digital Marketer,Pune,web,campaign,1.0,,,,,,,,
E000918,application_started,2026-08-16 16:32:00,CAN028,CMP028,JOB021,APP00290,SESSION_00290,Data Analyst,Mumbai,web,organic,1.0,,,,,,,,
E000817,application_reviewed,2026-08-16 16:38:00,CAN012,CMP009,JOB050,APP00260,SESSION_00260,UI/UX Designer,Mumbai,mobile,referral,1.0,,reviewed,,,,,,
E000919,application_submitted,2026-08-16 17:22:00,CAN028,CMP028,JOB021,APP00290,SESSION_00290,Data Analyst,Mumbai,web,direct,1.0,standard,,,,,,,
E000511,application_next_step,2026-08-16 17:25:00,CAN013,CMP001,JOB014,APP00169,SESSION_00169,UI/UX Designer,Bengaluru,web,campaign,1.0,,,,interview,,,,
E000896,application_started,2026-08-16 17:58:00,CAN070,CMP012,JOB021,APP00283,SESSION_00283,UI/UX Designer,Mumbai,web,organic,1.0,,,,,,,,
E000906,application_started,2026-08-16 18:03:00,CAN027,CMP021,JOB032,APP00286,SESSION_00286,Data Analyst,Pune,mobile,campaign,1.0,,,,,,,,
E000907,application_submitted,2026-08-16 18:15:00,CAN027,CMP021,JOB032,APP00286,SESSION_00286,Data Analyst,Pune,mobile,organic,1.0,standard,,,,,,,
E000913,application_started,2026-08-16 18:27:00,CAN041,CMP018,JOB021,APP00289,SESSION_00289,Business Analyst,Pune,mobile,direct,1.0,,,,,,,,
E000653,application_shortlisted,2026-08-16 18:34:00,CAN043,CMP021,JOB006,APP00211,SESSION_00211,Software Developer,Mumbai,web,campaign,1.0,,,shortlisted,,,,,
E000914,application_submitted,2026-08-16 18:59:00,CAN041,CMP018,JOB021,APP00289,SESSION_00289,Business Analyst,Pune,mobile,referral,1.0,standard,,,,,,,
E000897,application_submitted,2026-08-16 19:00:00,CAN070,CMP012,JOB021,APP00283,SESSION_00283,UI/UX Designer,Mumbai,mobile,referral,1.0,standard,,,,,,,
E000551,application_next_step,2026-08-16 20:25:00,CAN001,CMP025,JOB043,APP00180,SESSION_00180,UI/UX Designer,Mumbai,web,organic,1.0,,,,interview,,,,
E000883,application_reviewed,2026-08-16 20:48:00,CAN064,CMP012,JOB030,APP00278,SESSION_00278,Data Analyst,Mumbai,mobile,organic,1.0,,reviewed,,,,,,
E000776,application_reviewed,2026-08-16 21:47:00,CAN006,CMP008,JOB049,APP00248,SESSION_00248,UI/UX Designer,Hyderabad,web,organic,1.0,,reviewed,,,,,,
E000842,application_reviewed,2026-08-16 22:24:00,CAN047,CMP006,JOB032,APP00266,SESSION_00266,UI/UX Designer,Hyderabad,web,referral,1.0,,reviewed,,,,,,
E000679,application_shortlisted,2026-08-16 22:37:00,CAN078,CMP007,JOB050,APP00218,SESSION_00218,Business Analyst,Chennai,web,organic,1.0,,,shortlisted,,,,,
E000835,application_shortlisted,2026-08-16 23:30:00,CAN070,CMP002,JOB055,APP00264,SESSION_00264,UI/UX Designer,Mumbai,web,referral,1.0,,,shortlisted,,,,,
E000802,application_reviewed,2026-08-17 00:52:00,CAN025,CMP001,JOB046,APP00255,SESSION_00255,Data Analyst,Chennai,mobile,referral,1.0,,reviewed,,,,,,
E000675,application_outcome_recorded,2026-08-17 05:10:00,CAN005,CMP013,JOB057,APP00217,SESSION_00217,Business Analyst,Chennai,mobile,direct,1.0,,,,,,OUT00217,successful,success
E000818,application_shortlisted,2026-08-17 05:38:00,CAN012,CMP009,JOB050,APP00260,SESSION_00260,UI/UX Designer,Mumbai,mobile,campaign,1.0,,,shortlisted,,,,,
E000892,application_reviewed,2026-08-17 07:39:00,CAN006,CMP019,JOB051,APP00281,SESSION_00281,UI/UX Designer,Chennai,web,direct,1.0,,reviewed,,,,,,
E000318,application_outcome_recorded,2026-08-17 07:58:00,CAN010,CMP005,JOB021,APP00103,SESSION_00103,Data Analyst,Pune,web,direct,1.0,,,,,,OUT00103,successful,success
E000558,application_next_step,2026-08-17 08:10:00,CAN041,CMP015,JOB018,APP00181,SESSION_00181,Software Developer,Bengaluru,web,direct,1.0,,,,interview,,,,
E000769,application_reviewed,2026-08-17 08:26:00,CAN069,CMP007,JOB017,APP00246,SESSION_00246,Data Analyst,Bengaluru,mobile,direct,1.0,,reviewed,,,,,,
E000791,application_shortlisted,2026-08-17 08:42:00,CAN028,CMP015,JOB039,APP00253,SESSION_00253,UI/UX Designer,Pune,web,organic,1.0,,,shortlisted,,,,,
E000614,application_next_step,2026-08-17 08:59:00,CAN013,CMP003,JOB043,APP00199,SESSION_00199,Business Analyst,Chennai,web,direct,1.0,,,,interview,,,,
E000965,application_started,2026-08-17 09:11:00,CAN029,CMP024,JOB043,APP00305,SESSION_00305,Software Developer,Hyderabad,mobile,campaign,1.0,,,,,,,,
E000924,application_started,2026-08-17 09:55:00,CAN043,CMP012,JOB057,APP00292,SESSION_00292,UI/UX Designer,Pune,web,organic,1.0,,,,,,,,
E000966,application_submitted,2026-08-17 10:14:00,CAN029,CMP024,JOB043,APP00305,SESSION_00305,Software Developer,Hyderabad,web,campaign,1.0,standard,,,,,,,
E000937,application_started,2026-08-17 10:28:00,CAN022,CMP012,JOB040,APP00294,SESSION_00294,UI/UX Designer,Chennai,web,direct,1.0,,,,,,,,
E000805,application_reviewed,2026-08-17 10:41:00,CAN055,CMP019,JOB024,APP00256,SESSION_00256,Digital Marketer,Mumbai,mobile,referral,1.0,,reviewed,,,,,,
E000863,application_shortlisted,2026-08-17 10:45:00,CAN068,CMP025,JOB006,APP00272,SESSION_00272,Data Analyst,Mumbai,mobile,campaign,1.0,,,shortlisted,,,,,
E000959,application_started,2026-08-17 10:49:00,CAN053,CMP014,JOB020,APP00303,SESSION_00303,UI/UX Designer,Mumbai,web,organic,1.0,,,,,,,,
E000960,application_submitted,2026-08-17 10:57:00,CAN053,CMP014,JOB020,APP00303,SESSION_00303,UI/UX Designer,Mumbai,mobile,direct,1.0,standard,,,,,,,
E000970,application_started,2026-08-17 11:18:00,CAN006,CMP018,JOB025,APP00306,SESSION_00306,Digital Marketer,Bengaluru,mobile,campaign,1.0,,,,,,,,
E000925,application_submitted,2026-08-17 11:20:00,CAN043,CMP012,JOB057,APP00292,SESSION_00292,UI/UX Designer,Pune,mobile,organic,1.0,standard,,,,,,,
E000938,application_submitted,2026-08-17 11:20:00,CAN022,CMP012,JOB040,APP00294,SESSION_00294,UI/UX Designer,Chennai,web,organic,1.0,standard,,,,,,,
E000954,application_started,2026-08-17 11:36:00,CAN067,CMP022,JOB040,APP00300,SESSION_00300,Software Developer,Pune,web,campaign,1.0,,,,,,,,
E000955,application_started,2026-08-17 11:41:00,CAN078,CMP011,JOB029,APP00301,SESSION_00301,Digital Marketer,Hyderabad,web,direct,1.0,,,,,,,,
E000850,application_reviewed,2026-08-17 11:53:00,CAN061,CMP027,JOB041,APP00268,SESSION_00268,Data Analyst,Pune,web,direct,1.0,,reviewed,,,,,,
E000943,application_started,2026-08-17 12:10:00,CAN003,CMP013,JOB038,APP00296,SESSION_00296,Digital Marketer,Bengaluru,web,referral,1.0,,,,,,,,
E000956,application_submitted,2026-08-17 12:25:00,CAN078,CMP011,JOB029,APP00301,SESSION_00301,Digital Marketer,Hyderabad,web,campaign,1.0,standard,,,,,,,
E000951,application_started,2026-08-17 12:51:00,CAN046,CMP021,JOB020,APP00299,SESSION_00299,Software Developer,Chennai,web,referral,1.0,,,,,,,,
E000952,application_submitted,2026-08-17 12:59:00,CAN046,CMP021,JOB020,APP00299,SESSION_00299,Software Developer,Chennai,mobile,direct,1.0,standard,,,,,,,
E000957,application_started,2026-08-17 13:04:00,CAN019,CMP021,JOB060,APP00302,SESSION_00302,Digital Marketer,Hyderabad,web,direct,1.0,,,,,,,,
E000958,application_submitted,2026-08-17 13:27:00,CAN019,CMP021,JOB060,APP00302,SESSION_00302,Digital Marketer,Hyderabad,web,referral,1.0,standard,,,,,,,
E000944,application_submitted,2026-08-17 13:34:00,CAN003,CMP013,JOB038,APP00296,SESSION_00296,Digital Marketer,Bengaluru,mobile,organic,1.0,standard,,,,,,,
E000921,application_started,2026-08-17 13:50:00,CAN074,CMP013,JOB037,APP00291,SESSION_00291,Software Developer,Bengaluru,mobile,direct,1.0,,,,,,,,
E000853,application_reviewed,2026-08-17 14:00:00,CAN037,CMP012,JOB021,APP00269,SESSION_00269,Digital Marketer,Pune,mobile,campaign,1.0,,reviewed,,,,,,
E000922,application_submitted,2026-08-17 15:08:00,CAN074,CMP013,JOB037,APP00291,SESSION_00291,Software Developer,Bengaluru,web,referral,1.0,standard,,,,,,,
E000963,application_started,2026-08-17 15:08:00,CAN048,CMP006,JOB055,APP00304,SESSION_00304,UI/UX Designer,Pune,web,direct,1.0,,,,,,,,
E000940,application_started,2026-08-17 15:30:00,CAN037,CMP001,JOB022,APP00295,SESSION_00295,Data Analyst,Mumbai,web,referral,1.0,,,,,,,,
E000948,application_started,2026-08-17 15:35:00,CAN069,CMP003,JOB012,APP00298,SESSION_00298,Software Developer,Chennai,web,organic,1.0,,,,,,,,
E000810,application_next_step,2026-08-17 15:46:00,CAN051,CMP024,JOB009,APP00257,SESSION_00257,Data Analyst,Hyderabad,mobile,organic,1.0,,,,interview,,,,
E000964,application_submitted,2026-08-17 16:05:00,CAN048,CMP006,JOB055,APP00304,SESSION_00304,UI/UX Designer,Pune,web,referral,1.0,standard,,,,,,,
E000552,application_selected,2026-08-17 16:25:00,CAN001,CMP025,JOB043,APP00180,SESSION_00180,UI/UX Designer,Mumbai,web,referral,1.0,,,,,selected,,,
E000931,application_started,2026-08-17 16:27:00,CAN071,CMP013,JOB017,APP00293,SESSION_00293,Data Analyst,Pune,web,direct,1.0,,,,,,,,
E000945,application_reviewed,2026-08-17 16:34:00,CAN003,CMP013,JOB038,APP00296,SESSION_00296,Digital Marketer,Bengaluru,web,campaign,1.0,,reviewed,,,,,,
E000941,application_submitted,2026-08-17 16:43:00,CAN037,CMP001,JOB022,APP00295,SESSION_00295,Data Analyst,Mumbai,web,direct,1.0,standard,,,,,,,
E000949,application_submitted,2026-08-17 16:47:00,CAN069,CMP003,JOB012,APP00298,SESSION_00298,Software Developer,Chennai,mobile,referral,1.0,standard,,,,,,,
E000932,application_submitted,2026-08-17 16:57:00,CAN071,CMP013,JOB017,APP00293,SESSION_00293,Data Analyst,Pune,mobile,campaign,1.0,standard,,,,,,,
E000978,application_started,2026-08-17 17:10:00,CAN011,CMP017,JOB046,APP00308,SESSION_00308,UI/UX Designer,Chennai,mobile,campaign,1.0,,,,,,,,
E000967,application_reviewed,2026-08-17 17:14:00,CAN029,CMP024,JOB043,APP00305,SESSION_00305,Software Developer,Hyderabad,mobile,referral,1.0,,reviewed,,,,,,
E000796,application_shortlisted,2026-08-17 17:17:00,CAN023,CMP016,JOB058,APP00254,SESSION_00254,Digital Marketer,Chennai,mobile,referral,1.0,,,shortlisted,,,,,
E000979,application_submitted,2026-08-17 17:36:00,CAN011,CMP017,JOB046,APP00308,SESSION_00308,UI/UX Designer,Chennai,mobile,direct,1.0,standard,,,,,,,
E000982,application_started,2026-08-17 17:48:00,CAN016,CMP029,JOB009,APP00309,SESSION_00309,Software Developer,Bengaluru,mobile,organic,1.0,,,,,,,,
E000971,application_started,2026-08-17 17:58:00,CAN037,CMP015,JOB011,APP00307,SESSION_00307,UI/UX Designer,Mumbai,web,direct,1.0,,,,,,,,
E000926,application_reviewed,2026-08-17 18:20:00,CAN043,CMP012,JOB057,APP00292,SESSION_00292,UI/UX Designer,Pune,mobile,direct,1.0,,reviewed,,,,,,
E000904,application_reviewed,2026-08-17 18:21:00,CAN009,CMP002,JOB054,APP00285,SESSION_00285,Software Developer,Hyderabad,web,referral,1.0,,reviewed,,,,,,
E000946,application_started,2026-08-17 18:24:00,CAN047,CMP028,JOB007,APP00297,SESSION_00297,Data Analyst,Mumbai,web,campaign,1.0,,,,,,,,
E000947,application_submitted,2026-08-17 18:41:00,CAN047,CMP028,JOB007,APP00297,SESSION_00297,Data Analyst,Mumbai,mobile,campaign,1.0,standard,,,,,,,
E000858,application_reviewed,2026-08-17 18:45:00,CAN047,CMP024,JOB038,APP00271,SESSION_00271,Digital Marketer,Pune,web,organic,1.0,,reviewed,,,,,,
E000983,application_submitted,2026-08-17 18:56:00,CAN016,CMP029,JOB009,APP00309,SESSION_00309,Software Developer,Bengaluru,web,campaign,1.0,standard,,,,,,,
E000939,application_reviewed,2026-08-17 19:20:00,CAN022,CMP012,JOB040,APP00294,SESSION_00294,UI/UX Designer,Chennai,web,direct,1.0,,reviewed,,,,,,
E000972,application_submitted,2026-08-17 19:25:00,CAN037,CMP015,JOB011,APP00307,SESSION_00307,UI/UX Designer,Mumbai,mobile,organic,1.0,standard,,,,,,,
E000705,application_shortlisted,2026-08-17 20:52:00,CAN080,CMP021,JOB020,APP00226,SESSION_00226,Digital Marketer,Chennai,web,organic,1.0,,,shortlisted,,,,,
E000826,application_shortlisted,2026-08-17 22:37:00,CAN004,CMP016,JOB008,APP00262,SESSION_00262,Business Analyst,Bengaluru,mobile,organic,1.0,,,shortlisted,,,,,
E000770,application_shortlisted,2026-08-17 23:26:00,CAN069,CMP007,JOB017,APP00246,SESSION_00246,Data Analyst,Bengaluru,mobile,direct,1.0,,,shortlisted,,,,,
E000836,application_next_step,2026-08-17 23:30:00,CAN070,CMP002,JOB055,APP00264,SESSION_00264,UI/UX Designer,Mumbai,mobile,organic,1.0,,,,interview,,,,
E000920,application_reviewed,2026-08-18 02:22:00,CAN028,CMP028,JOB021,APP00290,SESSION_00290,Data Analyst,Mumbai,web,referral,1.0,,reviewed,,,,,,
E000665,application_next_step,2026-08-18 02:32:00,CAN042,CMP025,JOB054,APP00215,SESSION_00215,Digital Marketer,Hyderabad,mobile,campaign,1.0,,,,interview,,,,
E000895,application_reviewed,2026-08-18 02:38:00,CAN041,CMP018,JOB051,APP00282,SESSION_00282,Business Analyst,Pune,mobile,direct,1.0,,reviewed,,,,,,
E000419,application_selected,2026-08-18 03:14:00,CAN010,CMP027,JOB043,APP00141,SESSION_00141,Data Analyst,Bengaluru,mobile,direct,1.0,,,,,selected,,,
E000433,application_selected,2026-08-18 06:05:00,CAN039,CMP006,JOB037,APP00146,SESSION_00146,Software Developer,Chennai,mobile,campaign,1.0,,,,,selected,,,
E000877,application_reviewed,2026-08-18 07:00:00,CAN079,CMP026,JOB045,APP00275,SESSION_00275,Business Analyst,Mumbai,mobile,referral,1.0,,reviewed,,,,,,
E000797,application_next_step,2026-08-18 07:17:00,CAN023,CMP016,JOB058,APP00254,SESSION_00254,Digital Marketer,Chennai,mobile,direct,1.0,,,,interview,,,,
E000845,application_reviewed,2026-08-18 07:18:00,CAN072,CMP014,JOB055,APP00267,SESSION_00267,UI/UX Designer,Hyderabad,mobile,campaign,1.0,,reviewed,,,,,,
E000751,application_next_step,2026-08-18 07:28:00,CAN053,CMP013,JOB029,APP00240,SESSION_00240,UI/UX Designer,Pune,mobile,campaign,1.0,,,,interview,,,,
E000901,application_reviewed,2026-08-18 07:28:00,CAN003,CMP020,JOB055,APP00284,SESSION_00284,Business Analyst,Chennai,web,organic,1.0,,reviewed,,,,,,
E001051,application_started,2026-08-18 08:04:00,CAN020,CMP010,JOB056,APP00328,SESSION_00328,Software Developer,Hyderabad,web,direct,1.0,,,,,,,,
E000997,application_started,2026-08-18 08:07:00,CAN079,CMP008,JOB046,APP00314,SESSION_00314,Business Analyst,Hyderabad,web,campaign,1.0,,,,,,,,
E001001,application_started,2026-08-18 08:07:00,CAN040,CMP010,JOB033,APP00315,SESSION_00315,Digital Marketer,Mumbai,mobile,referral,1.0,,,,,,,,
E001015,application_started,2026-08-18 08:19:00,CAN059,CMP013,JOB046,APP00319,SESSION_00319,Digital Marketer,Bengaluru,web,organic,1.0,,,,,,,,
E000998,application_submitted,2026-08-18 08:27:00,CAN079,CMP008,JOB046,APP00314,SESSION_00314,Business Analyst,Hyderabad,web,campaign,1.0,standard,,,,,,,
E001016,application_submitted,2026-08-18 08:29:00,CAN059,CMP013,JOB046,APP00319,SESSION_00319,Digital Marketer,Bengaluru,web,referral,1.0,standard,,,,,,,
E001046,application_started,2026-08-18 08:45:00,CAN008,CMP012,JOB058,APP00327,SESSION_00327,Digital Marketer,Bengaluru,mobile,organic,1.0,,,,,,,,
E001047,application_submitted,2026-08-18 08:53:00,CAN008,CMP012,JOB058,APP00327,SESSION_00327,Digital Marketer,Bengaluru,web,campaign,1.0,standard,,,,,,,
E001019,application_started,2026-08-18 09:00:00,CAN016,CMP009,JOB010,APP00320,SESSION_00320,Software Developer,Mumbai,web,direct,1.0,,,,,,,,
E000492,application_next_step,2026-08-18 09:11:00,CAN031,CMP007,JOB052,APP00164,SESSION_00164,Digital Marketer,Mumbai,web,direct,1.0,,,,interview,,,,
E001052,application_submitted,2026-08-18 09:11:00,CAN020,CMP010,JOB056,APP00328,SESSION_00328,Software Developer,Hyderabad,mobile,direct,1.0,standard,,,,,,,
E001002,application_submitted,2026-08-18 09:24:00,CAN040,CMP010,JOB033,APP00315,SESSION_00315,Digital Marketer,Mumbai,web,direct,1.0,standard,,,,,,,
E000603,application_selected,2026-08-18 09:32:00,CAN056,CMP021,JOB011,APP00197,SESSION_00197,Digital Marketer,Pune,mobile,direct,1.0,,,,,selected,,,
E001026,application_started,2026-08-18 09:59:00,CAN040,CMP011,JOB053,APP00321,SESSION_00321,Software Developer,Chennai,mobile,direct,1.0,,,,,,,,
E000986,application_started,2026-08-18 10:09:00,CAN080,CMP021,JOB036,APP00310,SESSION_00310,Software Developer,Bengaluru,web,referral,1.0,,,,,,,,
E000908,application_reviewed,2026-08-18 10:15:00,CAN027,CMP021,JOB032,APP00286,SESSION_00286,Data Analyst,Pune,web,direct,1.0,,reviewed,,,,,,
E001020,application_submitted,2026-08-18 10:15:00,CAN016,CMP009,JOB010,APP00320,SESSION_00320,Software Developer,Mumbai,mobile,referral,1.0,standard,,,,,,,
E000987,application_submitted,2026-08-18 10:18:00,CAN080,CMP021,JOB036,APP00310,SESSION_00310,Software Developer,Bengaluru,mobile,referral,1.0,standard,,,,,,,
E000632,application_selected,2026-08-18 10:20:00,CAN025,CMP015,JOB014,APP00204,SESSION_00204,UI/UX Designer,Pune,mobile,organic,1.0,,,,,selected,,,
E001027,application_submitted,2026-08-18 11:03:00,CAN040,CMP011,JOB053,APP00321,SESSION_00321,Software Developer,Chennai,web,campaign,1.0,standard,,,,,,,
E001037,application_started,2026-08-18 11:11:00,CAN056,CMP019,JOB051,APP00324,SESSION_00324,Business Analyst,Chennai,web,campaign,1.0,,,,,,,,
E000973,application_reviewed,2026-08-18 11:25:00,CAN037,CMP015,JOB011,APP00307,SESSION_00307,UI/UX Designer,Mumbai,web,direct,1.0,,reviewed,,,,,,
E001066,application_started,2026-08-18 12:31:00,CAN038,CMP026,JOB048,APP00331,SESSION_00331,Digital Marketer,Bengaluru,web,direct,1.0,,,,,,,,
E001038,application_submitted,2026-08-18 12:32:00,CAN056,CMP019,JOB051,APP00324,SESSION_00324,Business Analyst,Chennai,mobile,referral,1.0,standard,,,,,,,
E000543,application_selected,2026-08-18 13:11:00,CAN023,CMP030,JOB055,APP00178,SESSION_00178,Data Analyst,Chennai,mobile,organic,1.0,,,,,selected,,,
E001067,application_submitted,2026-08-18 13:11:00,CAN038,CMP026,JOB048,APP00331,SESSION_00331,Digital Marketer,Bengaluru,mobile,direct,1.0,standard,,,,,,,
E001029,application_started,2026-08-18 13:25:00,CAN019,CMP028,JOB058,APP00322,SESSION_00322,Digital Marketer,Mumbai,web,referral,1.0,,,,,,,,
E001004,application_started,2026-08-18 13:29:00,CAN018,CMP016,JOB010,APP00316,SESSION_00316,UI/UX Designer,Chennai,mobile,organic,1.0,,,,,,,,
E001040,application_started,2026-08-18 13:31:00,CAN009,CMP020,JOB007,APP00325,SESSION_00325,Digital Marketer,Pune,web,organic,1.0,,,,,,,,
E000980,application_reviewed,2026-08-18 13:36:00,CAN011,CMP017,JOB046,APP00308,SESSION_00308,UI/UX Designer,Chennai,web,organic,1.0,,reviewed,,,,,,
E000911,application_reviewed,2026-08-18 13:39:00,CAN013,CMP004,JOB047,APP00287,SESSION_00287,Software Developer,Chennai,mobile,campaign,1.0,,reviewed,,,,,,
E001041,application_submitted,2026-08-18 13:53:00,CAN009,CMP020,JOB007,APP00325,SESSION_00325,Digital Marketer,Pune,web,direct,1.0,standard,,,,,,,
E001030,application_submitted,2026-08-18 14:11:00,CAN019,CMP028,JOB058,APP00322,SESSION_00322,Digital Marketer,Mumbai,mobile,campaign,1.0,standard,,,,,,,
E001005,application_submitted,2026-08-18 14:12:00,CAN018,CMP016,JOB010,APP00316,SESSION_00316,UI/UX Designer,Chennai,mobile,organic,1.0,standard,,,,,,,
E001054,application_started,2026-08-18 14:22:00,CAN059,CMP017,JOB028,APP00329,SESSION_00329,Digital Marketer,Pune,web,direct,1.0,,,,,,,,
E001055,application_submitted,2026-08-18 14:27:00,CAN059,CMP017,JOB028,APP00329,SESSION_00329,Digital Marketer,Pune,mobile,direct,1.0,standard,,,,,,,
E000950,application_reviewed,2026-08-18 14:47:00,CAN069,CMP003,JOB012,APP00298,SESSION_00298,Software Developer,Chennai,web,referral,1.0,,reviewed,,,,,,
E000991,application_started,2026-08-18 15:08:00,CAN055,CMP027,JOB036,APP00312,SESSION_00312,Data Analyst,Mumbai,web,referral,1.0,,,,,,,,
E000992,application_submitted,2026-08-18 16:05:00,CAN055,CMP027,JOB036,APP00312,SESSION_00312,Data Analyst,Mumbai,web,direct,1.0,standard,,,,,,,
E001059,application_started,2026-08-18 16:05:00,CAN068,CMP028,JOB049,APP00330,SESSION_00330,Business Analyst,Pune,web,direct,1.0,,,,,,,,
E001010,application_started,2026-08-18 16:19:00,CAN031,CMP012,JOB029,APP00318,SESSION_00318,Business Analyst,Hyderabad,web,organic,1.0,,,,,,,,
E001011,application_submitted,2026-08-18 16:28:00,CAN031,CMP012,JOB029,APP00318,SESSION_00318,Business Analyst,Hyderabad,web,organic,1.0,standard,,,,,,,
E001034,application_started,2026-08-18 16:29:00,CAN014,CMP011,JOB036,APP00323,SESSION_00323,Data Analyst,Mumbai,mobile,campaign,1.0,,,,,,,,
E000819,application_next_step,2026-08-18 16:38:00,CAN012,CMP009,JOB050,APP00260,SESSION_00260,UI/UX Designer,Mumbai,web,campaign,1.0,,,,interview,,,,
E001035,application_submitted,2026-08-18 17:05:00,CAN014,CMP011,JOB036,APP00323,SESSION_00323,Data Analyst,Mumbai,web,campaign,1.0,standard,,,,,,,
E001060,application_submitted,2026-08-18 17:34:00,CAN068,CMP028,JOB049,APP00330,SESSION_00330,Business Analyst,Pune,web,referral,1.0,standard,,,,,,,
E001043,application_started,2026-08-18 17:50:00,CAN058,CMP007,JOB014,APP00326,SESSION_00326,Business Analyst,Mumbai,mobile,campaign,1.0,,,,,,,,
E000994,application_started,2026-08-18 17:54:00,CAN078,CMP030,JOB051,APP00313,SESSION_00313,Business Analyst,Pune,mobile,referral,1.0,,,,,,,,
E000961,application_reviewed,2026-08-18 17:57:00,CAN053,CMP014,JOB020,APP00303,SESSION_00303,UI/UX Designer,Mumbai,web,referral,1.0,,reviewed,,,,,,
E000988,application_started,2026-08-18 18:18:00,CAN007,CMP004,JOB027,APP00311,SESSION_00311,Software Developer,Hyderabad,web,campaign,1.0,,,,,,,,
E001007,application_started,2026-08-18 18:34:00,CAN036,CMP027,JOB002,APP00317,SESSION_00317,Business Analyst,Pune,web,campaign,1.0,,,,,,,,
E001044,application_submitted,2026-08-18 18:39:00,CAN058,CMP007,JOB014,APP00326,SESSION_00326,Business Analyst,Mumbai,web,organic,1.0,standard,,,,,,,
E000884,application_shortlisted,2026-08-18 18:48:00,CAN064,CMP012,JOB030,APP00278,SESSION_00278,Data Analyst,Mumbai,web,campaign,1.0,,,shortlisted,,,,,
E001008,application_submitted,2026-08-18 18:53:00,CAN036,CMP027,JOB002,APP00317,SESSION_00317,Business Analyst,Pune,mobile,referral,1.0,standard,,,,,,,
E000989,application_submitted,2026-08-18 19:09:00,CAN007,CMP004,JOB027,APP00311,SESSION_00311,Software Developer,Hyderabad,web,organic,1.0,standard,,,,,,,
E000420,application_outcome_recorded,2026-08-18 19:14:00,CAN010,CMP027,JOB043,APP00141,SESSION_00141,Data Analyst,Bengaluru,web,direct,1.0,,,,,,OUT00141,successful,success
E000995,application_submitted,2026-08-18 19:18:00,CAN078,CMP030,JOB051,APP00313,SESSION_00313,Business Analyst,Pune,mobile,direct,1.0,standard,,,,,,,
E000933,application_reviewed,2026-08-18 19:57:00,CAN071,CMP013,JOB017,APP00293,SESSION_00293,Data Analyst,Pune,web,direct,1.0,,reviewed,,,,,,
E000533,application_outcome_recorded,2026-08-18 20:46:00,CAN051,CMP019,JOB041,APP00175,SESSION_00175,Data Analyst,Mumbai,mobile,organic,1.0,,,,,,OUT00175,successful,success
E000871,application_next_step,2026-08-18 21:02:00,CAN045,CMP016,JOB035,APP00273,SESSION_00273,Software Developer,Bengaluru,mobile,direct,1.0,,,,interview,,,,
E001012,application_reviewed,2026-08-18 21:28:00,CAN031,CMP012,JOB029,APP00318,SESSION_00318,Business Analyst,Hyderabad,mobile,direct,1.0,,reviewed,,,,,,
E000827,application_next_step,2026-08-18 22:37:00,CAN004,CMP016,JOB008,APP00262,SESSION_00262,Business Analyst,Bengaluru,mobile,referral,1.0,,,,interview,,,,
E000859,application_shortlisted,2026-08-19 01:45:00,CAN047,CMP024,JOB038,APP00271,SESSION_00271,Digital Marketer,Pune,web,organic,1.0,,,shortlisted,,,,,
E000942,application_reviewed,2026-08-19 03:43:00,CAN037,CMP001,JOB022,APP00295,SESSION_00295,Data Analyst,Mumbai,mobile,direct,1.0,,reviewed,,,,,,
E000915,application_reviewed,2026-08-19 05:59:00,CAN041,CMP018,JOB021,APP00289,SESSION_00289,Business Analyst,Pune,mobile,campaign,1.0,,reviewed,,,,,,
E000898,application_reviewed,2026-08-19 07:00:00,CAN070,CMP012,JOB021,APP00283,SESSION_00283,UI/UX Designer,Mumbai,web,campaign,1.0,,reviewed,,,,,,
E000993,application_reviewed,2026-08-19 07:05:00,CAN055,CMP027,JOB036,APP00312,SESSION_00312,Data Analyst,Mumbai,web,campaign,1.0,,reviewed,,,,,,
E000974,application_shortlisted,2026-08-19 08:25:00,CAN037,CMP015,JOB011,APP00307,SESSION_00307,UI/UX Designer,Mumbai,mobile,organic,1.0,,,shortlisted,,,,,
E001095,application_started,2026-08-19 08:42:00,CAN003,CMP029,JOB032,APP00340,SESSION_00340,Software Developer,Bengaluru,mobile,referral,1.0,,,,,,,,
E000916,application_shortlisted,2026-08-19 08:59:00,CAN041,CMP018,JOB021,APP00289,SESSION_00289,Business Analyst,Pune,mobile,organic,1.0,,,shortlisted,,,,,
E001109,application_started,2026-08-19 09:13:00,CAN044,CMP002,JOB022,APP00342,SESSION_00342,Data Analyst,Pune,mobile,direct,1.0,,,,,,,,
E001096,application_submitted,2026-08-19 09:29:00,CAN003,CMP029,JOB032,APP00340,SESSION_00340,Software Developer,Bengaluru,mobile,organic,1.0,standard,,,,,,,
E000981,application_shortlisted,2026-08-19 09:36:00,CAN011,CMP017,JOB046,APP00308,SESSION_00308,UI/UX Designer,Chennai,mobile,referral,1.0,,,shortlisted,,,,,
E001110,application_submitted,2026-08-19 09:47:00,CAN044,CMP002,JOB022,APP00342,SESSION_00342,Data Analyst,Pune,web,organic,1.0,standard,,,,,,,
E001069,application_started,2026-08-19 10:16:00,CAN076,CMP024,JOB010,APP00332,SESSION_00332,UI/UX Designer,Mumbai,web,campaign,1.0,,,,,,,,
E001112,application_started,2026-08-19 10:40:00,CAN080,CMP002,JOB016,APP00343,SESSION_00343,Software Developer,Bengaluru,web,referral,1.0,,,,,,,,
E001113,application_submitted,2026-08-19 10:57:00,CAN080,CMP002,JOB016,APP00343,SESSION_00343,Software Developer,Bengaluru,mobile,direct,1.0,standard,,,,,,,
E001143,application_started,2026-08-19 11:05:00,CAN079,CMP029,JOB011,APP00351,SESSION_00351,Digital Marketer,Chennai,mobile,campaign,1.0,,,,,,,,
E001070,application_submitted,2026-08-19 11:28:00,CAN076,CMP024,JOB010,APP00332,SESSION_00332,UI/UX Designer,Mumbai,web,referral,1.0,standard,,,,,,,
E001144,application_submitted,2026-08-19 11:37:00,CAN079,CMP029,JOB011,APP00351,SESSION_00351,Digital Marketer,Chennai,mobile,campaign,1.0,standard,,,,,,,
E001091,application_started,2026-08-19 11:39:00,CAN034,CMP006,JOB029,APP00339,SESSION_00339,Data Analyst,Pune,mobile,direct,1.0,,,,,,,,
E000706,application_next_step,2026-08-19 11:52:00,CAN080,CMP021,JOB020,APP00226,SESSION_00226,Digital Marketer,Chennai,mobile,organic,1.0,,,,interview,,,,
E001092,application_submitted,2026-08-19 11:57:00,CAN034,CMP006,JOB029,APP00339,SESSION_00339,Data Analyst,Pune,web,campaign,1.0,standard,,,,,,,
E001128,application_started,2026-08-19 12:03:00,CAN070,CMP017,JOB015,APP00347,SESSION_00347,UI/UX Designer,Hyderabad,web,organic,1.0,,,,,,,,
E001078,application_started,2026-08-19 12:17:00,CAN056,CMP020,JOB059,APP00336,SESSION_00336,Business Analyst,Mumbai,web,referral,1.0,,,,,,,,
E000553,application_outcome_recorded,2026-08-19 12:25:00,CAN001,CMP025,JOB043,APP00180,SESSION_00180,UI/UX Designer,Mumbai,mobile,referral,1.0,,,,,,OUT00180,successful,success
E001102,application_started,2026-08-19 12:41:00,CAN069,CMP028,JOB022,APP00341,SESSION_00341,Data Analyst,Pune,web,direct,1.0,,,,,,,,
E001117,application_started,2026-08-19 13:04:00,CAN028,CMP025,JOB003,APP00345,SESSION_00345,Digital Marketer,Hyderabad,web,referral,1.0,,,,,,,,
E001129,application_submitted,2026-08-19 13:08:00,CAN070,CMP017,JOB015,APP00347,SESSION_00347,UI/UX Designer,Hyderabad,mobile,direct,1.0,standard,,,,,,,
E001079,application_submitted,2026-08-19 13:12:00,CAN056,CMP020,JOB059,APP00336,SESSION_00336,Business Analyst,Mumbai,mobile,direct,1.0,standard,,,,,,,
E001103,application_submitted,2026-08-19 13:35:00,CAN069,CMP028,JOB022,APP00341,SESSION_00341,Data Analyst,Pune,web,referral,1.0,standard,,,,,,,
E001118,application_submitted,2026-08-19 14:02:00,CAN028,CMP025,JOB003,APP00345,SESSION_00345,Digital Marketer,Hyderabad,web,referral,1.0,standard,,,,,,,
E001124,application_started,2026-08-19 14:15:00,CAN019,CMP021,JOB018,APP00346,SESSION_00346,Digital Marketer,Pune,web,organic,1.0,,,,,,,,
E001071,application_started,2026-08-19 14:49:00,CAN019,CMP020,JOB060,APP00333,SESSION_00333,Software Developer,Pune,mobile,direct,1.0,,,,,,,,
E001074,application_started,2026-08-19 15:19:00,CAN015,CMP002,JOB011,APP00334,SESSION_00334,UI/UX Designer,Pune,mobile,direct,1.0,,,,,,,,
E000927,application_shortlisted,2026-08-19 15:20:00,CAN043,CMP012,JOB057,APP00292,SESSION_00292,UI/UX Designer,Pune,web,direct,1.0,,,shortlisted,,,,,
E001125,application_submitted,2026-08-19 15:23:00,CAN019,CMP021,JOB018,APP00346,SESSION_00346,Digital Marketer,Pune,web,referral,1.0,standard,,,,,,,
E000604,application_outcome_recorded,2026-08-19 15:32:00,CAN056,CMP021,JOB011,APP00197,SESSION_00197,Digital Marketer,Pune,web,referral,1.0,,,,,,OUT00197,successful,success
E001114,application_started,2026-08-19 15:38:00,CAN009,CMP027,JOB053,APP00344,SESSION_00344,Data Analyst,Bengaluru,web,organic,1.0,,,,,,,,
E001133,application_started,2026-08-19 16:07:00,CAN069,CMP006,JOB011,APP00348,SESSION_00348,Data Analyst,Pune,web,direct,1.0,,,,,,,,
E001075,application_submitted,2026-08-19 16:13:00,CAN015,CMP002,JOB011,APP00334,SESSION_00334,UI/UX Designer,Pune,mobile,referral,1.0,standard,,,,,,,
E001072,application_submitted,2026-08-19 16:15:00,CAN019,CMP020,JOB060,APP00333,SESSION_00333,Software Developer,Pune,web,direct,1.0,standard,,,,,,,
E000798,application_selected,2026-08-19 16:17:00,CAN023,CMP016,JOB058,APP00254,SESSION_00254,Digital Marketer,Chennai,web,referral,1.0,,,,,selected,,,
E000905,application_shortlisted,2026-08-19 16:21:00,CAN009,CMP002,JOB054,APP00285,SESSION_00285,Software Developer,Hyderabad,web,organic,1.0,,,shortlisted,,,,,
E001115,application_submitted,2026-08-19 16:37:00,CAN009,CMP027,JOB053,APP00344,SESSION_00344,Data Analyst,Bengaluru,mobile,campaign,1.0,standard,,,,,,,
E000953,application_reviewed,2026-08-19 16:59:00,CAN046,CMP021,JOB020,APP00299,SESSION_00299,Software Developer,Chennai,web,organic,1.0,,reviewed,,,,,,
E001140,application_started,2026-08-19 17:03:00,CAN035,CMP007,JOB022,APP00350,SESSION_00350,Software Developer,Bengaluru,mobile,direct,1.0,,,,,,,,
E000923,application_reviewed,2026-08-19 17:08:00,CAN074,CMP013,JOB037,APP00291,SESSION_00291,Software Developer,Bengaluru,web,organic,1.0,,reviewed,,,,,,
E000968,application_shortlisted,2026-08-19 17:14:00,CAN029,CMP024,JOB043,APP00305,SESSION_00305,Software Developer,Hyderabad,web,organic,1.0,,,shortlisted,,,,,
E001126,application_reviewed,2026-08-19 17:23:00,CAN019,CMP021,JOB018,APP00346,SESSION_00346,Digital Marketer,Pune,web,direct,1.0,,reviewed,,,,,,
E001134,application_submitted,2026-08-19 17:27:00,CAN069,CMP006,JOB011,APP00348,SESSION_00348,Data Analyst,Pune,mobile,campaign,1.0,standard,,,,,,,
E001137,application_started,2026-08-19 17:31:00,CAN049,CMP029,JOB015,APP00349,SESSION_00349,Data Analyst,Pune,web,campaign,1.0,,,,,,,,
E001077,application_started,2026-08-19 18:02:00,CAN058,CMP013,JOB044,APP00335,SESSION_00335,Business Analyst,Chennai,web,referral,1.0,,,,,,,,
E001085,application_started,2026-08-19 18:07:00,CAN077,CMP022,JOB058,APP00337,SESSION_00337,Software Developer,Chennai,web,organic,1.0,,,,,,,,
E001141,application_submitted,2026-08-19 18:07:00,CAN035,CMP007,JOB022,APP00350,SESSION_00350,Software Developer,Bengaluru,mobile,campaign,1.0,standard,,,,,,,
E001086,application_submitted,2026-08-19 18:28:00,CAN077,CMP022,JOB058,APP00337,SESSION_00337,Software Developer,Chennai,mobile,direct,1.0,standard,,,,,,,
E001087,application_started,2026-08-19 18:29:00,CAN024,CMP009,JOB019,APP00338,SESSION_00338,UI/UX Designer,Bengaluru,mobile,campaign,1.0,,,,,,,,
E001138,application_submitted,2026-08-19 18:54:00,CAN049,CMP029,JOB015,APP00349,SESSION_00349,Data Analyst,Pune,mobile,direct,1.0,standard,,,,,,,
E000846,application_shortlisted,2026-08-19 19:18:00,CAN072,CMP014,JOB055,APP00267,SESSION_00267,UI/UX Designer,Hyderabad,web,campaign,1.0,,,shortlisted,,,,,
E001088,application_submitted,2026-08-19 19:59:00,CAN024,CMP009,JOB019,APP00338,SESSION_00338,UI/UX Designer,Bengaluru,mobile,referral,1.0,standard,,,,,,,
E001130,application_reviewed,2026-08-19 20:08:00,CAN070,CMP017,JOB015,APP00347,SESSION_00347,UI/UX Designer,Hyderabad,web,referral,1.0,,reviewed,,,,,,
E000633,application_outcome_recorded,2026-08-19 20:20:00,CAN025,CMP015,JOB014,APP00204,SESSION_00204,UI/UX Designer,Pune,mobile,campaign,1.0,,,,,,OUT00204,successful,success
E000934,application_shortlisted,2026-08-19 23:57:00,CAN071,CMP013,JOB017,APP00293,SESSION_00293,Data Analyst,Pune,mobile,organic,1.0,,,shortlisted,,,,,
E000969,application_next_step,2026-08-20 00:14:00,CAN029,CMP024,JOB043,APP00305,SESSION_00305,Software Developer,Hyderabad,web,campaign,1.0,,,,interview,,,,
E001021,application_reviewed,2026-08-20 00:15:00,CAN016,CMP009,JOB010,APP00320,SESSION_00320,Software Developer,Mumbai,web,direct,1.0,,reviewed,,,,,,
E000962,application_shortlisted,2026-08-20 00:57:00,CAN053,CMP014,JOB020,APP00303,SESSION_00303,UI/UX Designer,Mumbai,web,campaign,1.0,,,shortlisted,,,,,
E001017,application_reviewed,2026-08-20 01:29:00,CAN059,CMP013,JOB046,APP00319,SESSION_00319,Digital Marketer,Bengaluru,web,referral,1.0,,reviewed,,,,,,
E001068,application_reviewed,2026-08-20 02:11:00,CAN038,CMP026,JOB048,APP00331,SESSION_00331,Digital Marketer,Bengaluru,mobile,organic,1.0,,reviewed,,,,,,
E001056,application_reviewed,2026-08-20 02:27:00,CAN059,CMP017,JOB028,APP00329,SESSION_00329,Digital Marketer,Pune,mobile,referral,1.0,,reviewed,,,,,,
E001093,application_reviewed,2026-08-20 02:57:00,CAN034,CMP006,JOB029,APP00339,SESSION_00339,Data Analyst,Pune,mobile,referral,1.0,,reviewed,,,,,,
E000999,application_reviewed,2026-08-20 04:27:00,CAN079,CMP008,JOB046,APP00314,SESSION_00314,Business Analyst,Hyderabad,mobile,direct,1.0,,reviewed,,,,,,
E001013,application_shortlisted,2026-08-20 04:28:00,CAN031,CMP012,JOB029,APP00318,SESSION_00318,Business Analyst,Hyderabad,mobile,referral,1.0,,,shortlisted,,,,,
E001104,application_reviewed,2026-08-20 04:35:00,CAN069,CMP028,JOB022,APP00341,SESSION_00341,Data Analyst,Pune,mobile,campaign,1.0,,reviewed,,,,,,
E000792,application_next_step,2026-08-20 04:42:00,CAN028,CMP015,JOB039,APP00253,SESSION_00253,UI/UX Designer,Pune,mobile,direct,1.0,,,,interview,,,,
E001057,application_shortlisted,2026-08-20 05:27:00,CAN059,CMP017,JOB028,APP00329,SESSION_00329,Digital Marketer,Pune,mobile,referral,1.0,,,shortlisted,,,,,
E000544,application_outcome_recorded,2026-08-20 06:11:00,CAN023,CMP030,JOB055,APP00178,SESSION_00178,Data Analyst,Chennai,mobile,direct,1.0,,,,,,OUT00178,successful,success
E001003,application_reviewed,2026-08-20 06:24:00,CAN040,CMP010,JOB033,APP00315,SESSION_00315,Digital Marketer,Mumbai,mobile,campaign,1.0,,reviewed,,,,,,
E001009,application_reviewed,2026-08-20 06:53:00,CAN036,CMP027,JOB002,APP00317,SESSION_00317,Business Analyst,Pune,mobile,organic,1.0,,reviewed,,,,,,
E001089,application_reviewed,2026-08-20 06:59:00,CAN024,CMP009,JOB019,APP00338,SESSION_00338,UI/UX Designer,Bengaluru,mobile,organic,1.0,,reviewed,,,,,,
E001094,application_shortlisted,2026-08-20 07:57:00,CAN034,CMP006,JOB029,APP00339,SESSION_00339,Data Analyst,Pune,web,referral,1.0,,,shortlisted,,,,,
E001156,application_started,2026-08-20 08:23:00,CAN015,CMP013,JOB024,APP00355,SESSION_00355,UI/UX Designer,Chennai,mobile,direct,1.0,,,,,,,,
E001147,application_started,2026-08-20 08:27:00,CAN054,CMP002,JOB003,APP00352,SESSION_00352,UI/UX Designer,Chennai,mobile,campaign,1.0,,,,,,,,
E001157,application_submitted,2026-08-20 08:36:00,CAN015,CMP013,JOB024,APP00355,SESSION_00355,UI/UX Designer,Chennai,web,direct,1.0,standard,,,,,,,
E001148,application_submitted,2026-08-20 08:44:00,CAN054,CMP002,JOB003,APP00352,SESSION_00352,UI/UX Designer,Chennai,mobile,campaign,1.0,standard,,,,,,,
E001179,application_started,2026-08-20 08:47:00,CAN019,CMP015,JOB060,APP00361,SESSION_00361,Business Analyst,Hyderabad,mobile,referral,1.0,,,,,,,,
E000984,application_reviewed,2026-08-20 08:56:00,CAN016,CMP029,JOB009,APP00309,SESSION_00309,Software Developer,Bengaluru,mobile,campaign,1.0,,reviewed,,,,,,
E001180,application_submitted,2026-08-20 09:29:00,CAN019,CMP015,JOB060,APP00361,SESSION_00361,Business Analyst,Hyderabad,web,campaign,1.0,standard,,,,,,,
E000864,application_next_step,2026-08-20 09:45:00,CAN068,CMP025,JOB006,APP00272,SESSION_00272,Data Analyst,Mumbai,mobile,campaign,1.0,,,,interview,,,,
E001209,application_started,2026-08-20 10:00:00,CAN047,CMP004,JOB035,APP00368,SESSION_00368,Digital Marketer,Mumbai,web,referral,1.0,,,,,,,,
E001006,application_reviewed,2026-08-20 10:12:00,CAN018,CMP016,JOB010,APP00316,SESSION_00316,UI/UX Designer,Chennai,mobile,organic,1.0,,reviewed,,,,,,
E001164,application_started,2026-08-20 10:31:00,CAN010,CMP004,JOB011,APP00358,SESSION_00358,Business Analyst,Bengaluru,web,direct,1.0,,,,,,,,
E001172,application_started,2026-08-20 10:39:00,CAN007,CMP005,JOB023,APP00360,SESSION_00360,Business Analyst,Pune,web,referral,1.0,,,,,,,,
E001190,application_started,2026-08-20 10:51:00,CAN057,CMP024,JOB027,APP00363,SESSION_00363,UI/UX Designer,Mumbai,mobile,campaign,1.0,,,,,,,,
E001173,application_submitted,2026-08-20 11:06:00,CAN007,CMP005,JOB023,APP00360,SESSION_00360,Business Analyst,Pune,web,direct,1.0,standard,,,,,,,
E001210,application_submitted,2026-08-20 11:07:00,CAN047,CMP004,JOB035,APP00368,SESSION_00368,Digital Marketer,Mumbai,mobile,referral,1.0,standard,,,,,,,
E000975,application_next_step,2026-08-20 11:25:00,CAN037,CMP015,JOB011,APP00307,SESSION_00307,UI/UX Designer,Mumbai,mobile,organic,1.0,,,,interview,,,,
E001149,application_reviewed,2026-08-20 11:44:00,CAN054,CMP002,JOB003,APP00352,SESSION_00352,UI/UX Designer,Chennai,mobile,direct,1.0,,reviewed,,,,,,
E001158,application_started,2026-08-20 11:48:00,CAN031,CMP018,JOB008,APP00356,SESSION_00356,UI/UX Designer,Chennai,web,referral,1.0,,,,,,,,
E001211,application_started,2026-08-20 11:53:00,CAN021,CMP004,JOB014,APP00369,SESSION_00369,Software Developer,Chennai,web,organic,1.0,,,,,,,,
E001165,application_submitted,2026-08-20 11:56:00,CAN010,CMP004,JOB011,APP00358,SESSION_00358,Business Analyst,Bengaluru,web,referral,1.0,standard,,,,,,,
E001212,application_submitted,2026-08-20 12:07:00,CAN021,CMP004,JOB014,APP00369,SESSION_00369,Software Developer,Chennai,web,direct,1.0,standard,,,,,,,
E001191,application_submitted,2026-08-20 12:11:00,CAN057,CMP024,JOB027,APP00363,SESSION_00363,UI/UX Designer,Mumbai,web,direct,1.0,standard,,,,,,,
E001171,application_started,2026-08-20 12:14:00,CAN039,CMP019,JOB009,APP00359,SESSION_00359,Business Analyst,Hyderabad,mobile,referral,1.0,,,,,,,,
E001159,application_submitted,2026-08-20 12:27:00,CAN031,CMP018,JOB008,APP00356,SESSION_00356,UI/UX Designer,Chennai,mobile,referral,1.0,standard,,,,,,,
E001201,application_started,2026-08-20 12:40:00,CAN047,CMP019,JOB031,APP00366,SESSION_00366,Digital Marketer,Pune,mobile,organic,1.0,,,,,,,,
E001154,application_started,2026-08-20 12:44:00,CAN043,CMP017,JOB003,APP00354,SESSION_00354,Business Analyst,Pune,web,organic,1.0,,,,,,,,
E000707,application_selected,2026-08-20 12:52:00,CAN080,CMP021,JOB020,APP00226,SESSION_00226,Digital Marketer,Chennai,mobile,direct,1.0,,,,,selected,,,
E001048,application_reviewed,2026-08-20 12:53:00,CAN008,CMP012,JOB058,APP00327,SESSION_00327,Digital Marketer,Bengaluru,mobile,campaign,1.0,,reviewed,,,,,,
E001155,application_submitted,2026-08-20 13:31:00,CAN043,CMP017,JOB003,APP00354,SESSION_00354,Business Analyst,Pune,web,referral,1.0,standard,,,,,,,
E001139,application_reviewed,2026-08-20 13:54:00,CAN049,CMP029,JOB015,APP00349,SESSION_00349,Data Analyst,Pune,mobile,direct,1.0,,reviewed,,,,,,
E001202,application_submitted,2026-08-20 13:58:00,CAN047,CMP019,JOB031,APP00366,SESSION_00366,Digital Marketer,Pune,web,referral,1.0,standard,,,,,,,
E001036,application_reviewed,2026-08-20 14:05:00,CAN014,CMP011,JOB036,APP00323,SESSION_00323,Data Analyst,Mumbai,web,campaign,1.0,,reviewed,,,,,,
E000990,application_reviewed,2026-08-20 14:09:00,CAN007,CMP004,JOB027,APP00311,SESSION_00311,Software Developer,Hyderabad,mobile,campaign,1.0,,reviewed,,,,,,
E001152,application_started,2026-08-20 14:11:00,CAN075,CMP001,JOB030,APP00353,SESSION_00353,UI/UX Designer,Hyderabad,mobile,campaign,1.0,,,,,,,,
E001153,application_submitted,2026-08-20 14:16:00,CAN075,CMP001,JOB030,APP00353,SESSION_00353,UI/UX Designer,Hyderabad,web,campaign,1.0,standard,,,,,,,
E001061,application_reviewed,2026-08-20 14:34:00,CAN068,CMP028,JOB049,APP00330,SESSION_00330,Business Analyst,Pune,web,campaign,1.0,,reviewed,,,,,,
E001193,application_started,2026-08-20 14:40:00,CAN076,CMP025,JOB025,APP00364,SESSION_00364,Data Analyst,Bengaluru,mobile,campaign,1.0,,,,,,,,
E001080,application_reviewed,2026-08-20 15:12:00,CAN056,CMP020,JOB059,APP00336,SESSION_00336,Business Analyst,Mumbai,mobile,direct,1.0,,reviewed,,,,,,
E001185,application_started,2026-08-20 15:43:00,CAN036,CMP007,JOB002,APP00362,SESSION_00362,Data Analyst,Chennai,web,campaign,1.0,,,,,,,,
E001194,application_submitted,2026-08-20 15:44:00,CAN076,CMP025,JOB025,APP00364,SESSION_00364,Data Analyst,Bengaluru,web,direct,1.0,standard,,,,,,,
E001053,application_reviewed,2026-08-20 16:11:00,CAN020,CMP010,JOB056,APP00328,SESSION_00328,Software Developer,Hyderabad,mobile,campaign,1.0,,reviewed,,,,,,
E001081,application_shortlisted,2026-08-20 16:12:00,CAN056,CMP020,JOB059,APP00336,SESSION_00336,Business Analyst,Mumbai,web,organic,1.0,,,shortlisted,,,,,
E001186,application_submitted,2026-08-20 16:28:00,CAN036,CMP007,JOB002,APP00362,SESSION_00362,Data Analyst,Chennai,web,referral,1.0,standard,,,,,,,
E000847,application_next_step,2026-08-20 17:18:00,CAN072,CMP014,JOB055,APP00267,SESSION_00267,UI/UX Designer,Hyderabad,web,direct,1.0,,,,interview,,,,
E001000,application_shortlisted,2026-08-20 17:27:00,CAN079,CMP008,JOB046,APP00314,SESSION_00314,Business Analyst,Hyderabad,mobile,referral,1.0,,,shortlisted,,,,,
E001174,application_reviewed,2026-08-20 18:06:00,CAN007,CMP005,JOB023,APP00360,SESSION_00360,Business Analyst,Pune,mobile,direct,1.0,,reviewed,,,,,,
E000771,application_next_step,2026-08-20 18:26:00,CAN069,CMP007,JOB017,APP00246,SESSION_00246,Data Analyst,Bengaluru,web,campaign,1.0,,,,interview,,,,
E001014,application_next_step,2026-08-20 18:28:00,CAN031,CMP012,JOB029,APP00318,SESSION_00318,Business Analyst,Hyderabad,web,direct,1.0,,,,interview,,,,
E001198,application_started,2026-08-20 18:42:00,CAN020,CMP009,JOB020,APP00365,SESSION_00365,UI/UX Designer,Bengaluru,mobile,campaign,1.0,,,,,,,,
E001161,application_started,2026-08-20 18:52:00,CAN068,CMP027,JOB008,APP00357,SESSION_00357,UI/UX Designer,Chennai,mobile,campaign,1.0,,,,,,,,
E001206,application_started,2026-08-20 18:59:00,CAN046,CMP002,JOB019,APP00367,SESSION_00367,Business Analyst,Chennai,web,direct,1.0,,,,,,,,
E001162,application_submitted,2026-08-20 19:05:00,CAN068,CMP027,JOB008,APP00357,SESSION_00357,UI/UX Designer,Chennai,web,campaign,1.0,standard,,,,,,,
E001207,application_submitted,2026-08-20 19:27:00,CAN046,CMP002,JOB019,APP00367,SESSION_00367,Business Analyst,Chennai,web,direct,1.0,standard,,,,,,,
E001199,application_submitted,2026-08-20 20:09:00,CAN020,CMP009,JOB020,APP00365,SESSION_00365,UI/UX Designer,Bengaluru,web,organic,1.0,standard,,,,,,,
E001018,application_shortlisted,2026-08-20 20:29:00,CAN059,CMP013,JOB046,APP00319,SESSION_00319,Digital Marketer,Bengaluru,mobile,referral,1.0,,,shortlisted,,,,,
E001039,application_reviewed,2026-08-20 22:32:00,CAN056,CMP019,JOB051,APP00324,SESSION_00324,Business Analyst,Chennai,web,referral,1.0,,reviewed,,,,,,
E001203,application_reviewed,2026-08-20 22:58:00,CAN047,CMP019,JOB031,APP00366,SESSION_00366,Digital Marketer,Pune,web,referral,1.0,,reviewed,,,,,,
E000772,application_selected,2026-08-20 23:26:00,CAN069,CMP007,JOB017,APP00246,SESSION_00246,Data Analyst,Bengaluru,web,direct,1.0,,,,,selected,,,
E001028,application_reviewed,2026-08-21 00:03:00,CAN040,CMP011,JOB053,APP00321,SESSION_00321,Software Developer,Chennai,mobile,direct,1.0,,reviewed,,,,,,
E001131,application_shortlisted,2026-08-21 00:08:00,CAN070,CMP017,JOB015,APP00347,SESSION_00347,UI/UX Designer,Hyderabad,mobile,referral,1.0,,,shortlisted,,,,,
E001042,application_reviewed,2026-08-21 00:53:00,CAN009,CMP020,JOB007,APP00325,SESSION_00325,Digital Marketer,Pune,mobile,campaign,1.0,,reviewed,,,,,,
E000917,application_next_step,2026-08-21 00:59:00,CAN041,CMP018,JOB021,APP00289,SESSION_00289,Business Analyst,Pune,web,referral,1.0,,,,interview,,,,
E001181,application_reviewed,2026-08-21 01:29:00,CAN019,CMP015,JOB060,APP00361,SESSION_00361,Business Analyst,Hyderabad,mobile,organic,1.0,,reviewed,,,,,,
E001127,application_shortlisted,2026-08-21 03:23:00,CAN019,CMP021,JOB018,APP00346,SESSION_00346,Digital Marketer,Pune,web,referral,1.0,,,shortlisted,,,,,
E001031,application_reviewed,2026-08-21 04:11:00,CAN019,CMP028,JOB058,APP00322,SESSION_00322,Digital Marketer,Mumbai,web,referral,1.0,,reviewed,,,,,,
E001090,application_shortlisted,2026-08-21 04:59:00,CAN024,CMP009,JOB019,APP00338,SESSION_00338,UI/UX Designer,Bengaluru,web,referral,1.0,,,shortlisted,,,,,
E001082,application_next_step,2026-08-21 06:12:00,CAN056,CMP020,JOB059,APP00336,SESSION_00336,Business Analyst,Mumbai,web,campaign,1.0,,,,interview,,,,
E001150,application_shortlisted,2026-08-21 06:44:00,CAN054,CMP002,JOB003,APP00352,SESSION_00352,UI/UX Designer,Chennai,web,organic,1.0,,,shortlisted,,,,,
E001252,application_started,2026-08-21 08:08:00,CAN037,CMP011,JOB004,APP00381,SESSION_00381,Data Analyst,Chennai,mobile,referral,1.0,,,,,,,,
E001217,application_started,2026-08-21 08:12:00,CAN015,CMP003,JOB002,APP00371,SESSION_00371,UI/UX Designer,Pune,web,organic,1.0,,,,,,,,
E001218,application_submitted,2026-08-21 09:22:00,CAN015,CMP003,JOB002,APP00371,SESSION_00371,UI/UX Designer,Pune,web,campaign,1.0,standard,,,,,,,
E001253,application_submitted,2026-08-21 09:27:00,CAN037,CMP011,JOB004,APP00381,SESSION_00381,Data Analyst,Chennai,web,referral,1.0,standard,,,,,,,
E001228,application_started,2026-08-21 09:48:00,CAN055,CMP007,JOB033,APP00374,SESSION_00374,Software Developer,Pune,mobile,organic,1.0,,,,,,,,
E001225,application_started,2026-08-21 09:59:00,CAN037,CMP006,JOB058,APP00373,SESSION_00373,Digital Marketer,Bengaluru,web,campaign,1.0,,,,,,,,
E001280,application_started,2026-08-21 10:15:00,CAN053,CMP029,JOB024,APP00390,SESSION_00390,Data Analyst,Pune,web,organic,1.0,,,,,,,,
E001229,application_submitted,2026-08-21 10:59:00,CAN055,CMP007,JOB033,APP00374,SESSION_00374,Software Developer,Pune,web,campaign,1.0,standard,,,,,,,
E001226,application_submitted,2026-08-21 11:19:00,CAN037,CMP006,JOB058,APP00373,SESSION_00373,Digital Marketer,Bengaluru,web,campaign,1.0,standard,,,,,,,
E001281,application_submitted,2026-08-21 11:34:00,CAN053,CMP029,JOB024,APP00390,SESSION_00390,Data Analyst,Pune,mobile,campaign,1.0,standard,,,,,,,
E001269,application_started,2026-08-21 11:42:00,CAN067,CMP028,JOB012,APP00386,SESSION_00386,Digital Marketer,Pune,mobile,referral,1.0,,,,,,,,
E000434,application_outcome_recorded,2026-08-21 12:05:00,CAN039,CMP006,JOB037,APP00146,SESSION_00146,Software Developer,Chennai,mobile,organic,1.0,,,,,,OUT00146,successful,success
E001290,application_started,2026-08-21 12:05:00,CAN050,CMP001,JOB059,APP00394,SESSION_00394,UI/UX Designer,Mumbai,web,referral,1.0,,,,,,,,
E001263,application_started,2026-08-21 12:16:00,CAN010,CMP027,JOB055,APP00384,SESSION_00384,Digital Marketer,Hyderabad,web,referral,1.0,,,,,,,,
E000996,application_reviewed,2026-08-21 12:18:00,CAN078,CMP030,JOB051,APP00313,SESSION_00313,Business Analyst,Pune,mobile,campaign,1.0,,reviewed,,,,,,
E001135,application_reviewed,2026-08-21 12:27:00,CAN069,CMP006,JOB011,APP00348,SESSION_00348,Data Analyst,Pune,web,organic,1.0,,reviewed,,,,,,
E001283,application_started,2026-08-21 12:28:00,CAN028,CMP005,JOB007,APP00392,SESSION_00392,Software Developer,Hyderabad,mobile,referral,1.0,,,,,,,,
E001291,application_submitted,2026-08-21 12:30:00,CAN050,CMP001,JOB059,APP00394,SESSION_00394,UI/UX Designer,Mumbai,mobile,referral,1.0,standard,,,,,,,
E001288,application_started,2026-08-21 12:35:00,CAN078,CMP002,JOB054,APP00393,SESSION_00393,Data Analyst,Hyderabad,mobile,referral,1.0,,,,,,,,
E001284,application_submitted,2026-08-21 12:40:00,CAN028,CMP005,JOB007,APP00392,SESSION_00392,Software Developer,Hyderabad,mobile,referral,1.0,standard,,,,,,,
E001238,application_started,2026-08-21 12:48:00,CAN052,CMP004,JOB015,APP00376,SESSION_00376,UI/UX Designer,Pune,mobile,campaign,1.0,,,,,,,,
E001257,application_started,2026-08-21 13:02:00,CAN015,CMP011,JOB011,APP00382,SESSION_00382,Data Analyst,Chennai,mobile,campaign,1.0,,,,,,,,
E001289,application_submitted,2026-08-21 13:26:00,CAN078,CMP002,JOB054,APP00393,SESSION_00393,Data Analyst,Hyderabad,web,direct,1.0,standard,,,,,,,
E001279,application_started,2026-08-21 13:38:00,CAN063,CMP026,JOB002,APP00389,SESSION_00389,Data Analyst,Bengaluru,mobile,organic,1.0,,,,,,,,
E001045,application_reviewed,2026-08-21 13:39:00,CAN058,CMP007,JOB014,APP00326,SESSION_00326,Business Analyst,Mumbai,mobile,direct,1.0,,reviewed,,,,,,
E001258,application_submitted,2026-08-21 14:00:00,CAN015,CMP011,JOB011,APP00382,SESSION_00382,Data Analyst,Chennai,mobile,organic,1.0,standard,,,,,,,
E001073,application_reviewed,2026-08-21 14:15:00,CAN019,CMP020,JOB060,APP00333,SESSION_00333,Software Developer,Pune,web,referral,1.0,,reviewed,,,,,,
E001272,application_started,2026-08-21 14:17:00,CAN053,CMP011,JOB056,APP00388,SESSION_00388,Data Analyst,Hyderabad,mobile,direct,1.0,,,,,,,,
E001239,application_submitted,2026-08-21 14:18:00,CAN052,CMP004,JOB015,APP00376,SESSION_00376,UI/UX Designer,Pune,mobile,campaign,1.0,standard,,,,,,,
E001248,application_started,2026-08-21 14:31:00,CAN022,CMP016,JOB028,APP00380,SESSION_00380,Software Developer,Mumbai,web,campaign,1.0,,,,,,,,
E001142,application_reviewed,2026-08-21 15:07:00,CAN035,CMP007,JOB022,APP00350,SESSION_00350,Software Developer,Bengaluru,web,referral,1.0,,reviewed,,,,,,
E001032,application_shortlisted,2026-08-21 15:11:00,CAN019,CMP028,JOB058,APP00322,SESSION_00322,Digital Marketer,Mumbai,mobile,referral,1.0,,,shortlisted,,,,,
E001246,application_started,2026-08-21 15:20:00,CAN005,CMP014,JOB057,APP00379,SESSION_00379,Data Analyst,Pune,mobile,campaign,1.0,,,,,,,,
E001247,application_submitted,2026-08-21 15:29:00,CAN005,CMP014,JOB057,APP00379,SESSION_00379,Data Analyst,Pune,web,referral,1.0,standard,,,,,,,
E001273,application_submitted,2026-08-21 15:38:00,CAN053,CMP011,JOB056,APP00388,SESSION_00388,Data Analyst,Hyderabad,web,campaign,1.0,standard,,,,,,,
E001233,application_started,2026-08-21 15:43:00,CAN038,CMP028,JOB028,APP00375,SESSION_00375,Software Developer,Bengaluru,mobile,direct,1.0,,,,,,,,
E001242,application_started,2026-08-21 15:43:00,CAN018,CMP001,JOB007,APP00377,SESSION_00377,Data Analyst,Bengaluru,web,direct,1.0,,,,,,,,
E001249,application_submitted,2026-08-21 15:45:00,CAN022,CMP016,JOB028,APP00380,SESSION_00380,Software Developer,Mumbai,mobile,campaign,1.0,standard,,,,,,,
E001213,application_started,2026-08-21 15:56:00,CAN045,CMP010,JOB045,APP00370,SESSION_00370,Business Analyst,Hyderabad,mobile,direct,1.0,,,,,,,,
E001214,application_submitted,2026-08-21 16:04:00,CAN045,CMP010,JOB045,APP00370,SESSION_00370,Business Analyst,Hyderabad,web,direct,1.0,standard,,,,,,,
E001022,application_shortlisted,2026-08-21 16:15:00,CAN016,CMP009,JOB010,APP00320,SESSION_00320,Software Developer,Mumbai,mobile,campaign,1.0,,,shortlisted,,,,,
E001245,application_started,2026-08-21 16:16:00,CAN026,CMP010,JOB043,APP00378,SESSION_00378,UI/UX Designer,Pune,mobile,organic,1.0,,,,,,,,
E001243,application_submitted,2026-08-21 16:29:00,CAN018,CMP001,JOB007,APP00377,SESSION_00377,Data Analyst,Bengaluru,web,referral,1.0,standard,,,,,,,
E001234,application_submitted,2026-08-21 16:50:00,CAN038,CMP028,JOB028,APP00375,SESSION_00375,Software Developer,Bengaluru,web,campaign,1.0,standard,,,,,,,
E001049,application_shortlisted,2026-08-21 16:53:00,CAN008,CMP012,JOB058,APP00327,SESSION_00327,Digital Marketer,Bengaluru,web,direct,1.0,,,shortlisted,,,,,
E001264,application_started,2026-08-21 17:06:00,CAN052,CMP026,JOB015,APP00385,SESSION_00385,Digital Marketer,Bengaluru,mobile,referral,1.0,,,,,,,,
E001282,application_started,2026-08-21 17:47:00,CAN031,CMP020,JOB008,APP00391,SESSION_00391,Business Analyst,Mumbai,mobile,direct,1.0,,,,,,,,
E001259,application_reviewed,2026-08-21 18:00:00,CAN015,CMP011,JOB011,APP00382,SESSION_00382,Data Analyst,Chennai,mobile,campaign,1.0,,reviewed,,,,,,
E001270,application_started,2026-08-21 18:03:00,CAN069,CMP026,JOB040,APP00387,SESSION_00387,UI/UX Designer,Chennai,web,referral,1.0,,,,,,,,
E001175,application_shortlisted,2026-08-21 18:06:00,CAN007,CMP005,JOB023,APP00360,SESSION_00360,Business Analyst,Pune,web,direct,1.0,,,shortlisted,,,,,
E001260,application_started,2026-08-21 18:13:00,CAN042,CMP019,JOB007,APP00383,SESSION_00383,UI/UX Designer,Bengaluru,mobile,campaign,1.0,,,,,,,,
E001265,application_submitted,2026-08-21 18:18:00,CAN052,CMP026,JOB015,APP00385,SESSION_00385,Digital Marketer,Bengaluru,mobile,campaign,1.0,standard,,,,,,,
E001221,application_started,2026-08-21 18:22:00,CAN027,CMP019,JOB058,APP00372,SESSION_00372,Software Developer,Hyderabad,web,organic,1.0,,,,,,,,
E001271,application_submitted,2026-08-21 18:38:00,CAN069,CMP026,JOB040,APP00387,SESSION_00387,UI/UX Designer,Chennai,web,referral,1.0,standard,,,,,,,
E001222,application_submitted,2026-08-21 19:02:00,CAN027,CMP019,JOB058,APP00372,SESSION_00372,Software Developer,Hyderabad,mobile,referral,1.0,standard,,,,,,,
E000928,application_next_step,2026-08-21 19:20:00,CAN043,CMP012,JOB057,APP00292,SESSION_00292,UI/UX Designer,Pune,mobile,organic,1.0,,,,interview,,,,
E001136,application_shortlisted,2026-08-21 19:27:00,CAN069,CMP006,JOB011,APP00348,SESSION_00348,Data Analyst,Pune,web,campaign,1.0,,,shortlisted,,,,,
E001145,application_reviewed,2026-08-21 19:37:00,CAN079,CMP029,JOB011,APP00351,SESSION_00351,Digital Marketer,Chennai,web,direct,1.0,,reviewed,,,,,,
E000820,application_selected,2026-08-21 19:38:00,CAN012,CMP009,JOB050,APP00260,SESSION_00260,UI/UX Designer,Mumbai,web,referral,1.0,,,,,selected,,,
E001261,application_submitted,2026-08-21 19:43:00,CAN042,CMP019,JOB007,APP00383,SESSION_00383,UI/UX Designer,Bengaluru,mobile,direct,1.0,standard,,,,,,,
E001023,application_next_step,2026-08-21 21:15:00,CAN016,CMP009,JOB010,APP00320,SESSION_00320,Software Developer,Mumbai,mobile,organic,1.0,,,,interview,,,,
E001062,application_shortlisted,2026-08-21 21:34:00,CAN068,CMP028,JOB049,APP00330,SESSION_00330,Business Analyst,Pune,mobile,campaign,1.0,,,shortlisted,,,,,
E001105,application_shortlisted,2026-08-21 21:35:00,CAN069,CMP028,JOB022,APP00341,SESSION_00341,Data Analyst,Pune,mobile,direct,1.0,,,shortlisted,,,,,
E000985,application_shortlisted,2026-08-21 23:56:00,CAN016,CMP029,JOB009,APP00309,SESSION_00309,Software Developer,Bengaluru,web,direct,1.0,,,shortlisted,,,,,
E001119,application_reviewed,2026-08-22 00:02:00,CAN028,CMP025,JOB003,APP00345,SESSION_00345,Digital Marketer,Hyderabad,web,organic,1.0,,reviewed,,,,,,
E001176,application_next_step,2026-08-22 00:06:00,CAN007,CMP005,JOB023,APP00360,SESSION_00360,Business Analyst,Pune,mobile,referral,1.0,,,,interview,,,,
E001076,application_reviewed,2026-08-22 01:13:00,CAN015,CMP002,JOB011,APP00334,SESSION_00334,UI/UX Designer,Pune,web,referral,1.0,,reviewed,,,,,,
E001097,application_reviewed,2026-08-22 01:29:00,CAN003,CMP029,JOB032,APP00340,SESSION_00340,Software Developer,Bengaluru,mobile,campaign,1.0,,reviewed,,,,,,
E001111,application_reviewed,2026-08-22 01:47:00,CAN044,CMP002,JOB022,APP00342,SESSION_00342,Data Analyst,Pune,web,campaign,1.0,,reviewed,,,,,,
E001227,application_reviewed,2026-08-22 02:19:00,CAN037,CMP006,JOB058,APP00373,SESSION_00373,Digital Marketer,Bengaluru,web,referral,1.0,,reviewed,,,,,,
E000828,application_selected,2026-08-22 03:37:00,CAN004,CMP016,JOB008,APP00262,SESSION_00262,Business Analyst,Bengaluru,mobile,direct,1.0,,,,,selected,,,
E001285,application_reviewed,2026-08-22 04:40:00,CAN028,CMP005,JOB007,APP00392,SESSION_00392,Software Developer,Hyderabad,mobile,campaign,1.0,,reviewed,,,,,,
E001235,application_reviewed,2026-08-22 04:50:00,CAN038,CMP028,JOB028,APP00375,SESSION_00375,Software Developer,Bengaluru,web,direct,1.0,,reviewed,,,,,,
E001266,application_reviewed,2026-08-22 05:18:00,CAN052,CMP026,JOB015,APP00385,SESSION_00385,Digital Marketer,Bengaluru,mobile,referral,1.0,,reviewed,,,,,,
E000935,application_next_step,2026-08-22 05:57:00,CAN071,CMP013,JOB017,APP00293,SESSION_00293,Data Analyst,Pune,mobile,referral,1.0,,,,interview,,,,
E001244,application_reviewed,2026-08-22 06:29:00,CAN018,CMP001,JOB007,APP00377,SESSION_00377,Data Analyst,Bengaluru,web,campaign,1.0,,reviewed,,,,,,
E001024,application_selected,2026-08-22 07:15:00,CAN016,CMP009,JOB010,APP00320,SESSION_00320,Software Developer,Mumbai,web,campaign,1.0,,,,,selected,,,
E001329,application_started,2026-08-22 08:18:00,CAN032,CMP025,JOB032,APP00405,SESSION_00405,Data Analyst,Mumbai,web,campaign,1.0,,,,,,,,
E001330,application_submitted,2026-08-22 08:36:00,CAN032,CMP025,JOB032,APP00405,SESSION_00405,Data Analyst,Mumbai,mobile,direct,1.0,standard,,,,,,,
E001332,application_started,2026-08-22 08:41:00,CAN035,CMP020,JOB043,APP00406,SESSION_00406,Data Analyst,Mumbai,mobile,referral,1.0,,,,,,,,
E001200,application_reviewed,2026-08-22 09:09:00,CAN020,CMP009,JOB020,APP00365,SESSION_00365,UI/UX Designer,Bengaluru,mobile,organic,1.0,,reviewed,,,,,,
E001033,application_next_step,2026-08-22 09:11:00,CAN019,CMP028,JOB058,APP00322,SESSION_00322,Digital Marketer,Mumbai,web,campaign,1.0,,,,interview,,,,
E001339,application_started,2026-08-22 09:48:00,CAN061,CMP009,JOB037,APP00410,SESSION_00410,Digital Marketer,Pune,mobile,referral,1.0,,,,,,,,
E001240,application_reviewed,2026-08-22 10:18:00,CAN052,CMP004,JOB015,APP00376,SESSION_00376,UI/UX Designer,Pune,mobile,organic,1.0,,reviewed,,,,,,
E001298,application_started,2026-08-22 10:43:00,CAN041,CMP015,JOB031,APP00397,SESSION_00397,Software Developer,Mumbai,mobile,referral,1.0,,,,,,,,
E001340,application_submitted,2026-08-22 10:48:00,CAN061,CMP009,JOB037,APP00410,SESSION_00410,Digital Marketer,Pune,mobile,organic,1.0,standard,,,,,,,
E001322,application_started,2026-08-22 11:09:00,CAN020,CMP018,JOB055,APP00403,SESSION_00403,UI/UX Designer,Bengaluru,web,direct,1.0,,,,,,,,
E001299,application_submitted,2026-08-22 11:41:00,CAN041,CMP015,JOB031,APP00397,SESSION_00397,Software Developer,Mumbai,mobile,direct,1.0,standard,,,,,,,
E001215,application_reviewed,2026-08-22 12:04:00,CAN045,CMP010,JOB045,APP00370,SESSION_00370,Business Analyst,Hyderabad,web,referral,1.0,,reviewed,,,,,,
E001323,application_submitted,2026-08-22 12:14:00,CAN020,CMP018,JOB055,APP00403,SESSION_00403,UI/UX Designer,Bengaluru,mobile,direct,1.0,standard,,,,,,,
E001305,application_started,2026-08-22 12:18:00,CAN064,CMP004,JOB015,APP00399,SESSION_00399,Software Developer,Hyderabad,mobile,campaign,1.0,,,,,,,,
E001337,application_started,2026-08-22 12:31:00,CAN037,CMP021,JOB049,APP00408,SESSION_00408,Software Developer,Bengaluru,mobile,referral,1.0,,,,,,,,
E001314,application_started,2026-08-22 12:32:00,CAN077,CMP023,JOB048,APP00401,SESSION_00401,Data Analyst,Bengaluru,mobile,referral,1.0,,,,,,,,
E001274,application_reviewed,2026-08-22 12:38:00,CAN053,CMP011,JOB056,APP00388,SESSION_00388,Data Analyst,Hyderabad,web,organic,1.0,,reviewed,,,,,,
E001306,application_submitted,2026-08-22 12:49:00,CAN064,CMP004,JOB015,APP00399,SESSION_00399,Software Developer,Hyderabad,web,referral,1.0,standard,,,,,,,
E001160,application_reviewed,2026-08-22 13:27:00,CAN031,CMP018,JOB008,APP00356,SESSION_00356,UI/UX Designer,Chennai,mobile,campaign,1.0,,reviewed,,,,,,
E001208,application_reviewed,2026-08-22 13:27:00,CAN046,CMP002,JOB019,APP00367,SESSION_00367,Business Analyst,Chennai,mobile,referral,1.0,,reviewed,,,,,,
E001182,application_shortlisted,2026-08-22 13:29:00,CAN019,CMP015,JOB060,APP00361,SESSION_00361,Business Analyst,Hyderabad,web,referral,1.0,,,shortlisted,,,,,
E001296,application_started,2026-08-22 13:36:00,CAN018,CMP001,JOB026,APP00396,SESSION_00396,Software Developer,Mumbai,web,organic,1.0,,,,,,,,
E000821,application_outcome_recorded,2026-08-22 13:38:00,CAN012,CMP009,JOB050,APP00260,SESSION_00260,UI/UX Designer,Mumbai,mobile,referral,1.0,,,,,,OUT00260,successful,success
E001250,application_reviewed,2026-08-22 13:45:00,CAN022,CMP016,JOB028,APP00380,SESSION_00380,Software Developer,Mumbai,web,campaign,1.0,,reviewed,,,,,,
E001333,application_started,2026-08-22 13:51:00,CAN073,CMP005,JOB014,APP00407,SESSION_00407,Data Analyst,Mumbai,web,organic,1.0,,,,,,,,
E001297,application_submitted,2026-08-22 14:47:00,CAN018,CMP001,JOB026,APP00396,SESSION_00396,Software Developer,Mumbai,web,campaign,1.0,standard,,,,,,,
E001301,application_started,2026-08-22 15:12:00,CAN072,CMP021,JOB040,APP00398,SESSION_00398,Software Developer,Bengaluru,mobile,direct,1.0,,,,,,,,
E001334,application_submitted,2026-08-22 15:13:00,CAN073,CMP005,JOB014,APP00407,SESSION_00407,Data Analyst,Mumbai,mobile,organic,1.0,standard,,,,,,,
E001116,application_reviewed,2026-08-22 15:37:00,CAN009,CMP027,JOB053,APP00344,SESSION_00344,Data Analyst,Bengaluru,web,referral,1.0,,reviewed,,,,,,
E001292,application_started,2026-08-22 15:47:00,CAN005,CMP009,JOB056,APP00395,SESSION_00395,Data Analyst,Pune,mobile,referral,1.0,,,,,,,,
E001293,application_submitted,2026-08-22 16:04:00,CAN005,CMP009,JOB056,APP00395,SESSION_00395,Data Analyst,Pune,web,referral,1.0,standard,,,,,,,
E001338,application_started,2026-08-22 16:12:00,CAN078,CMP005,JOB023,APP00409,SESSION_00409,Data Analyst,Mumbai,mobile,campaign,1.0,,,,,,,,
E001302,application_submitted,2026-08-22 16:36:00,CAN072,CMP021,JOB040,APP00398,SESSION_00398,Software Developer,Bengaluru,mobile,referral,1.0,standard,,,,,,,
E001328,application_started,2026-08-22 17:00:00,CAN035,CMP019,JOB058,APP00404,SESSION_00404,Digital Marketer,Hyderabad,web,campaign,1.0,,,,,,,,
E001315,application_started,2026-08-22 17:11:00,CAN048,CMP005,JOB058,APP00402,SESSION_00402,Digital Marketer,Bengaluru,mobile,direct,1.0,,,,,,,,
E000799,application_outcome_recorded,2026-08-22 17:17:00,CAN023,CMP016,JOB058,APP00254,SESSION_00254,Digital Marketer,Chennai,mobile,referral,1.0,,,,,,OUT00254,successful,success
E001309,application_started,2026-08-22 17:43:00,CAN031,CMP020,JOB029,APP00400,SESSION_00400,Software Developer,Mumbai,mobile,organic,1.0,,,,,,,,
E001195,application_reviewed,2026-08-22 17:44:00,CAN076,CMP025,JOB025,APP00364,SESSION_00364,Data Analyst,Bengaluru,mobile,campaign,1.0,,reviewed,,,,,,
E001316,application_submitted,2026-08-22 17:59:00,CAN048,CMP005,JOB058,APP00402,SESSION_00402,Digital Marketer,Bengaluru,mobile,direct,1.0,standard,,,,,,,
E001310,application_submitted,2026-08-22 18:05:00,CAN031,CMP020,JOB029,APP00400,SESSION_00400,Software Developer,Mumbai,mobile,campaign,1.0,standard,,,,,,,
E001050,application_next_step,2026-08-22 18:53:00,CAN008,CMP012,JOB058,APP00327,SESSION_00327,Digital Marketer,Bengaluru,mobile,referral,1.0,,,,interview,,,,
E001219,application_reviewed,2026-08-22 19:22:00,CAN015,CMP003,JOB002,APP00371,SESSION_00371,UI/UX Designer,Pune,web,organic,1.0,,reviewed,,,,,,
E001204,application_shortlisted,2026-08-22 19:58:00,CAN047,CMP019,JOB031,APP00366,SESSION_00366,Digital Marketer,Pune,web,referral,1.0,,,shortlisted,,,,,
E001220,application_shortlisted,2026-08-22 20:22:00,CAN015,CMP003,JOB002,APP00371,SESSION_00371,UI/UX Designer,Pune,web,organic,1.0,,,shortlisted,,,,,
E001058,application_next_step,2026-08-22 20:27:00,CAN059,CMP017,JOB028,APP00329,SESSION_00329,Digital Marketer,Pune,web,direct,1.0,,,,interview,,,,
E001286,application_shortlisted,2026-08-22 20:40:00,CAN028,CMP005,JOB007,APP00392,SESSION_00392,Software Developer,Hyderabad,mobile,direct,1.0,,,shortlisted,,,,,
E001216,application_shortlisted,2026-08-22 21:04:00,CAN045,CMP010,JOB045,APP00370,SESSION_00370,Business Analyst,Hyderabad,web,campaign,1.0,,,shortlisted,,,,,
E001163,application_reviewed,2026-08-22 23:05:00,CAN068,CMP027,JOB008,APP00357,SESSION_00357,UI/UX Designer,Chennai,web,referral,1.0,,reviewed,,,,,,
E001106,application_next_step,2026-08-22 23:35:00,CAN069,CMP028,JOB022,APP00341,SESSION_00341,Data Analyst,Pune,web,direct,1.0,,,,interview,,,,
E001151,application_next_step,2026-08-22 23:44:00,CAN054,CMP002,JOB003,APP00352,SESSION_00352,UI/UX Designer,Chennai,web,campaign,1.0,,,,interview,,,,
E001187,application_reviewed,2026-08-23 00:28:00,CAN036,CMP007,JOB002,APP00362,SESSION_00362,Data Analyst,Chennai,mobile,campaign,1.0,,reviewed,,,,,,
E001230,application_reviewed,2026-08-23 00:59:00,CAN055,CMP007,JOB033,APP00374,SESSION_00374,Software Developer,Pune,web,organic,1.0,,reviewed,,,,,,
E001192,application_reviewed,2026-08-23 02:11:00,CAN057,CMP024,JOB027,APP00363,SESSION_00363,UI/UX Designer,Mumbai,mobile,organic,1.0,,reviewed,,,,,,
E001348,application_started,2026-08-23 08:05:00,CAN060,CMP006,JOB051,APP00413,SESSION_00413,Software Developer,Pune,mobile,referral,1.0,,,,,,,,
E001380,application_started,2026-08-23 08:32:00,CAN079,CMP020,JOB051,APP00422,SESSION_00422,Data Analyst,Chennai,web,direct,1.0,,,,,,,,
E001275,application_shortlisted,2026-08-23 08:38:00,CAN053,CMP011,JOB056,APP00388,SESSION_00388,Data Analyst,Hyderabad,mobile,campaign,1.0,,,shortlisted,,,,,
E001231,application_shortlisted,2026-08-23 08:59:00,CAN055,CMP007,JOB033,APP00374,SESSION_00374,Software Developer,Pune,mobile,referral,1.0,,,shortlisted,,,,,
E001381,application_submitted,2026-08-23 09:03:00,CAN079,CMP020,JOB051,APP00422,SESSION_00422,Data Analyst,Chennai,mobile,direct,1.0,standard,,,,,,,
E001349,application_submitted,2026-08-23 09:08:00,CAN060,CMP006,JOB051,APP00413,SESSION_00413,Software Developer,Pune,mobile,referral,1.0,standard,,,,,,,
E001146,application_shortlisted,2026-08-23 09:37:00,CAN079,CMP029,JOB011,APP00351,SESSION_00351,Digital Marketer,Chennai,web,direct,1.0,,,shortlisted,,,,,
E001166,application_reviewed,2026-08-23 10:56:00,CAN010,CMP004,JOB011,APP00358,SESSION_00358,Business Analyst,Bengaluru,web,campaign,1.0,,reviewed,,,,,,
E001371,application_started,2026-08-23 11:18:00,CAN047,CMP026,JOB031,APP00419,SESSION_00419,Software Developer,Chennai,web,campaign,1.0,,,,,,,,
E001343,application_started,2026-08-23 11:33:00,CAN062,CMP010,JOB010,APP00412,SESSION_00412,Software Developer,Mumbai,mobile,referral,1.0,,,,,,,,
E001107,application_selected,2026-08-23 11:35:00,CAN069,CMP028,JOB022,APP00341,SESSION_00341,Data Analyst,Pune,mobile,campaign,1.0,,,,,selected,,,
E001372,application_submitted,2026-08-23 11:48:00,CAN047,CMP026,JOB031,APP00419,SESSION_00419,Software Developer,Chennai,web,campaign,1.0,standard,,,,,,,
E001355,application_started,2026-08-23 12:05:00,CAN080,CMP027,JOB040,APP00414,SESSION_00414,Business Analyst,Pune,web,direct,1.0,,,,,,,,
E001132,application_next_step,2026-08-23 12:08:00,CAN070,CMP017,JOB015,APP00347,SESSION_00347,UI/UX Designer,Hyderabad,web,organic,1.0,,,,interview,,,,
E000929,application_selected,2026-08-23 12:20:00,CAN043,CMP012,JOB057,APP00292,SESSION_00292,UI/UX Designer,Pune,mobile,direct,1.0,,,,,selected,,,
E001356,application_submitted,2026-08-23 12:24:00,CAN080,CMP027,JOB040,APP00414,SESSION_00414,Business Analyst,Pune,web,direct,1.0,standard,,,,,,,
E001342,application_started,2026-08-23 12:29:00,CAN064,CMP017,JOB041,APP00411,SESSION_00411,Digital Marketer,Bengaluru,mobile,organic,1.0,,,,,,,,
E001063,application_next_step,2026-08-23 12:34:00,CAN068,CMP028,JOB049,APP00330,SESSION_00330,Business Analyst,Pune,mobile,direct,1.0,,,,interview,,,,
E001344,application_submitted,2026-08-23 12:48:00,CAN062,CMP010,JOB010,APP00412,SESSION_00412,Software Developer,Mumbai,web,organic,1.0,standard,,,,,,,
E001196,application_shortlisted,2026-08-23 13:44:00,CAN076,CMP025,JOB025,APP00364,SESSION_00364,Data Analyst,Bengaluru,mobile,campaign,1.0,,,shortlisted,,,,,
E001378,application_started,2026-08-23 13:49:00,CAN072,CMP008,JOB032,APP00420,SESSION_00420,Business Analyst,Mumbai,web,referral,1.0,,,,,,,,
E001307,application_reviewed,2026-08-23 14:49:00,CAN064,CMP004,JOB015,APP00399,SESSION_00399,Software Developer,Hyderabad,mobile,direct,1.0,,reviewed,,,,,,
E001357,application_started,2026-08-23 14:53:00,CAN027,CMP016,JOB042,APP00415,SESSION_00415,Software Developer,Hyderabad,web,organic,1.0,,,,,,,,
E001335,application_reviewed,2026-08-23 15:13:00,CAN073,CMP005,JOB014,APP00407,SESSION_00407,Data Analyst,Mumbai,web,campaign,1.0,,reviewed,,,,,,
E001363,application_started,2026-08-23 15:25:00,CAN077,CMP024,JOB036,APP00417,SESSION_00417,Business Analyst,Bengaluru,mobile,campaign,1.0,,,,,,,,
E001364,application_submitted,2026-08-23 15:37:00,CAN077,CMP024,JOB036,APP00417,SESSION_00417,Business Analyst,Bengaluru,web,campaign,1.0,standard,,,,,,,
E001379,application_started,2026-08-23 15:51:00,CAN066,CMP020,JOB043,APP00421,SESSION_00421,Data Analyst,Bengaluru,mobile,organic,1.0,,,,,,,,
E001358,application_submitted,2026-08-23 15:57:00,CAN027,CMP016,JOB042,APP00415,SESSION_00415,Software Developer,Hyderabad,web,campaign,1.0,standard,,,,,,,
E001267,application_shortlisted,2026-08-23 16:18:00,CAN052,CMP026,JOB015,APP00385,SESSION_00385,Digital Marketer,Bengaluru,mobile,direct,1.0,,,shortlisted,,,,,
E001120,application_shortlisted,2026-08-23 17:02:00,CAN028,CMP025,JOB003,APP00345,SESSION_00345,Digital Marketer,Hyderabad,mobile,direct,1.0,,,shortlisted,,,,,
E001360,application_started,2026-08-23 17:15:00,CAN057,CMP016,JOB031,APP00416,SESSION_00416,Data Analyst,Pune,web,referral,1.0,,,,,,,,
E001254,application_reviewed,2026-08-23 17:27:00,CAN037,CMP011,JOB004,APP00381,SESSION_00381,Data Analyst,Chennai,mobile,referral,1.0,,reviewed,,,,,,
E001366,application_started,2026-08-23 17:41:00,CAN054,CMP029,JOB031,APP00418,SESSION_00418,Data Analyst,Pune,mobile,campaign,1.0,,,,,,,,
E001367,application_submitted,2026-08-23 17:48:00,CAN054,CMP029,JOB031,APP00418,SESSION_00418,Data Analyst,Pune,web,referral,1.0,standard,,,,,,,
E001361,application_submitted,2026-08-23 18:10:00,CAN057,CMP016,JOB031,APP00416,SESSION_00416,Data Analyst,Pune,web,referral,1.0,standard,,,,,,,
E001241,application_shortlisted,2026-08-23 18:18:00,CAN052,CMP004,JOB015,APP00376,SESSION_00376,UI/UX Designer,Pune,mobile,direct,1.0,,,shortlisted,,,,,
E001188,application_shortlisted,2026-08-23 19:28:00,CAN036,CMP007,JOB002,APP00362,SESSION_00362,Data Analyst,Chennai,mobile,referral,1.0,,,shortlisted,,,,,
E001183,application_next_step,2026-08-23 19:29:00,CAN019,CMP015,JOB060,APP00361,SESSION_00361,Business Analyst,Hyderabad,mobile,referral,1.0,,,,interview,,,,
E001262,application_reviewed,2026-08-23 19:43:00,CAN042,CMP019,JOB007,APP00383,SESSION_00383,UI/UX Designer,Bengaluru,mobile,direct,1.0,,reviewed,,,,,,
E001255,application_shortlisted,2026-08-23 21:27:00,CAN037,CMP011,JOB004,APP00381,SESSION_00381,Data Analyst,Chennai,web,direct,1.0,,,shortlisted,,,,,
E001098,application_shortlisted,2026-08-24 00:29:00,CAN003,CMP029,JOB032,APP00340,SESSION_00340,Software Developer,Bengaluru,web,direct,1.0,,,shortlisted,,,,,
E001308,application_shortlisted,2026-08-24 00:49:00,CAN064,CMP004,JOB015,APP00399,SESSION_00399,Software Developer,Hyderabad,web,referral,1.0,,,shortlisted,,,,,
E001236,application_shortlisted,2026-08-24 01:50:00,CAN038,CMP028,JOB028,APP00375,SESSION_00375,Software Developer,Bengaluru,web,direct,1.0,,,shortlisted,,,,,
E000930,application_outcome_recorded,2026-08-24 02:20:00,CAN043,CMP012,JOB057,APP00292,SESSION_00292,UI/UX Designer,Pune,mobile,organic,1.0,,,,,,OUT00292,successful,success
E000936,application_selected,2026-08-24 02:57:00,CAN071,CMP013,JOB017,APP00293,SESSION_00293,Data Analyst,Pune,mobile,organic,1.0,,,,,selected,,,
E001251,application_shortlisted,2026-08-24 03:45:00,CAN022,CMP016,JOB028,APP00380,SESSION_00380,Software Developer,Mumbai,mobile,referral,1.0,,,shortlisted,,,,,
E001336,application_shortlisted,2026-08-24 05:13:00,CAN073,CMP005,JOB014,APP00407,SESSION_00407,Data Analyst,Mumbai,web,campaign,1.0,,,shortlisted,,,,,
E001184,application_selected,2026-08-24 06:29:00,CAN019,CMP015,JOB060,APP00361,SESSION_00361,Business Analyst,Hyderabad,web,direct,1.0,,,,,selected,,,
E000865,application_selected,2026-08-24 06:45:00,CAN068,CMP025,JOB006,APP00272,SESSION_00272,Data Analyst,Mumbai,web,campaign,1.0,,,,,selected,,,
E000976,application_selected,2026-08-24 07:25:00,CAN037,CMP015,JOB011,APP00307,SESSION_00307,UI/UX Designer,Mumbai,web,organic,1.0,,,,,selected,,,
E001341,application_reviewed,2026-08-24 07:48:00,CAN061,CMP009,JOB037,APP00410,SESSION_00410,Digital Marketer,Pune,mobile,direct,1.0,,reviewed,,,,,,
E001359,application_reviewed,2026-08-24 07:57:00,CAN027,CMP016,JOB042,APP00415,SESSION_00415,Software Developer,Hyderabad,web,direct,1.0,,reviewed,,,,,,
E001205,application_next_step,2026-08-24 07:58:00,CAN047,CMP019,JOB031,APP00366,SESSION_00366,Digital Marketer,Pune,mobile,campaign,1.0,,,,interview,,,,
E001424,application_started,2026-08-24 08:07:00,CAN067,CMP007,JOB049,APP00438,SESSION_00438,UI/UX Designer,Chennai,web,organic,1.0,,,,,,,,
E001395,application_started,2026-08-24 08:34:00,CAN052,CMP025,JOB013,APP00427,SESSION_00427,Business Analyst,Bengaluru,mobile,campaign,1.0,,,,,,,,
E001422,application_started,2026-08-24 08:36:00,CAN057,CMP024,JOB018,APP00437,SESSION_00437,Data Analyst,Hyderabad,mobile,organic,1.0,,,,,,,,
E001425,application_submitted,2026-08-24 08:38:00,CAN067,CMP007,JOB049,APP00438,SESSION_00438,UI/UX Designer,Chennai,web,campaign,1.0,standard,,,,,,,
E001423,application_submitted,2026-08-24 08:51:00,CAN057,CMP024,JOB018,APP00437,SESSION_00437,Data Analyst,Hyderabad,web,organic,1.0,standard,,,,,,,
E001396,application_submitted,2026-08-24 08:55:00,CAN052,CMP025,JOB013,APP00427,SESSION_00427,Business Analyst,Bengaluru,mobile,direct,1.0,standard,,,,,,,
E001405,application_started,2026-08-24 09:09:00,CAN025,CMP027,JOB050,APP00431,SESSION_00431,Business Analyst,Pune,mobile,campaign,1.0,,,,,,,,
E001406,application_submitted,2026-08-24 09:21:00,CAN025,CMP027,JOB050,APP00431,SESSION_00431,Business Analyst,Pune,mobile,direct,1.0,standard,,,,,,,
E001412,application_started,2026-08-24 09:23:00,CAN016,CMP020,JOB055,APP00434,SESSION_00434,UI/UX Designer,Bengaluru,mobile,organic,1.0,,,,,,,,
E001413,application_submitted,2026-08-24 09:43:00,CAN016,CMP020,JOB055,APP00434,SESSION_00434,UI/UX Designer,Bengaluru,mobile,referral,1.0,standard,,,,,,,
E001350,application_reviewed,2026-08-24 10:08:00,CAN060,CMP006,JOB051,APP00413,SESSION_00413,Software Developer,Pune,web,direct,1.0,,reviewed,,,,,,
E001393,application_started,2026-08-24 10:44:00,CAN002,CMP027,JOB018,APP00426,SESSION_00426,Digital Marketer,Chennai,mobile,campaign,1.0,,,,,,,,
E001414,application_started,2026-08-24 10:50:00,CAN039,CMP010,JOB032,APP00435,SESSION_00435,Data Analyst,Hyderabad,mobile,organic,1.0,,,,,,,,
E001402,application_started,2026-08-24 11:22:00,CAN075,CMP019,JOB046,APP00430,SESSION_00430,Digital Marketer,Chennai,mobile,referral,1.0,,,,,,,,
E001394,application_submitted,2026-08-24 11:58:00,CAN002,CMP027,JOB018,APP00426,SESSION_00426,Digital Marketer,Chennai,mobile,referral,1.0,standard,,,,,,,
E001398,application_started,2026-08-24 12:15:00,CAN021,CMP001,JOB002,APP00428,SESSION_00428,Digital Marketer,Chennai,mobile,campaign,1.0,,,,,,,,
E001385,application_started,2026-08-24 12:32:00,CAN032,CMP027,JOB052,APP00423,SESSION_00423,UI/UX Designer,Mumbai,web,organic,1.0,,,,,,,,
E001408,application_started,2026-08-24 12:37:00,CAN052,CMP019,JOB036,APP00432,SESSION_00432,Digital Marketer,Pune,mobile,campaign,1.0,,,,,,,,
E001403,application_submitted,2026-08-24 12:40:00,CAN075,CMP019,JOB046,APP00430,SESSION_00430,Digital Marketer,Chennai,web,campaign,1.0,standard,,,,,,,
E001223,application_reviewed,2026-08-24 13:02:00,CAN027,CMP019,JOB058,APP00372,SESSION_00372,Software Developer,Hyderabad,web,organic,1.0,,reviewed,,,,,,
E001177,application_selected,2026-08-24 13:06:00,CAN007,CMP005,JOB023,APP00360,SESSION_00360,Business Analyst,Pune,web,referral,1.0,,,,,selected,,,
E001386,application_submitted,2026-08-24 13:30:00,CAN032,CMP027,JOB052,APP00423,SESSION_00423,UI/UX Designer,Mumbai,mobile,direct,1.0,standard,,,,,,,
E001300,application_reviewed,2026-08-24 13:41:00,CAN041,CMP015,JOB031,APP00397,SESSION_00397,Software Developer,Mumbai,web,organic,1.0,,reviewed,,,,,,
E001432,application_started,2026-08-24 14:06:00,CAN042,CMP006,JOB002,APP00440,SESSION_00440,Data Analyst,Mumbai,mobile,direct,1.0,,,,,,,,
E001427,application_started,2026-08-24 14:11:00,CAN063,CMP028,JOB060,APP00439,SESSION_00439,Data Analyst,Mumbai,mobile,organic,1.0,,,,,,,,
E001392,application_started,2026-08-24 14:25:00,CAN008,CMP021,JOB046,APP00425,SESSION_00425,Digital Marketer,Mumbai,mobile,referral,1.0,,,,,,,,
E001433,application_submitted,2026-08-24 14:52:00,CAN042,CMP006,JOB002,APP00440,SESSION_00440,Data Analyst,Mumbai,mobile,campaign,1.0,standard,,,,,,,
E001428,application_submitted,2026-08-24 14:56:00,CAN063,CMP028,JOB060,APP00439,SESSION_00439,Data Analyst,Mumbai,mobile,referral,1.0,standard,,,,,,,
E001415,application_started,2026-08-24 15:00:00,CAN040,CMP029,JOB019,APP00436,SESSION_00436,Software Developer,Hyderabad,web,referral,1.0,,,,,,,,
E001294,application_reviewed,2026-08-24 15:04:00,CAN005,CMP009,JOB056,APP00395,SESSION_00395,Data Analyst,Pune,mobile,referral,1.0,,reviewed,,,,,,
E001389,application_started,2026-08-24 15:09:00,CAN067,CMP026,JOB044,APP00424,SESSION_00424,Business Analyst,Bengaluru,web,organic,1.0,,,,,,,,
E001416,application_submitted,2026-08-24 15:10:00,CAN040,CMP029,JOB019,APP00436,SESSION_00436,Software Developer,Hyderabad,mobile,campaign,1.0,standard,,,,,,,
E001390,application_submitted,2026-08-24 15:54:00,CAN067,CMP026,JOB044,APP00424,SESSION_00424,Business Analyst,Bengaluru,mobile,direct,1.0,standard,,,,,,,
E001167,application_shortlisted,2026-08-24 15:56:00,CAN010,CMP004,JOB011,APP00358,SESSION_00358,Business Analyst,Bengaluru,web,referral,1.0,,,shortlisted,,,,,
E001409,application_started,2026-08-24 16:08:00,CAN063,CMP024,JOB027,APP00433,SESSION_00433,Software Developer,Hyderabad,mobile,campaign,1.0,,,,,,,,
E001295,application_shortlisted,2026-08-24 17:04:00,CAN005,CMP009,JOB056,APP00395,SESSION_00395,Data Analyst,Pune,web,direct,1.0,,,shortlisted,,,,,
E001410,application_submitted,2026-08-24 17:18:00,CAN063,CMP024,JOB027,APP00433,SESSION_00433,Software Developer,Hyderabad,web,direct,1.0,standard,,,,,,,
E001303,application_reviewed,2026-08-24 17:36:00,CAN072,CMP021,JOB040,APP00398,SESSION_00398,Software Developer,Bengaluru,web,organic,1.0,,reviewed,,,,,,
E001399,application_started,2026-08-24 18:32:00,CAN015,CMP024,JOB004,APP00429,SESSION_00429,Business Analyst,Mumbai,mobile,organic,1.0,,,,,,,,
E001168,application_next_step,2026-08-24 19:56:00,CAN010,CMP004,JOB011,APP00358,SESSION_00358,Business Analyst,Bengaluru,web,referral,1.0,,,,interview,,,,
E001400,application_submitted,2026-08-24 20:00:00,CAN015,CMP024,JOB004,APP00429,SESSION_00429,Business Analyst,Mumbai,web,campaign,1.0,standard,,,,,,,
E001178,application_outcome_recorded,2026-08-24 20:06:00,CAN007,CMP005,JOB023,APP00360,SESSION_00360,Business Analyst,Pune,mobile,campaign,1.0,,,,,,OUT00360,successful,success
E001331,application_reviewed,2026-08-24 20:36:00,CAN032,CMP025,JOB032,APP00405,SESSION_00405,Data Analyst,Mumbai,mobile,campaign,1.0,,reviewed,,,,,,
E001311,application_reviewed,2026-08-24 21:05:00,CAN031,CMP020,JOB029,APP00400,SESSION_00400,Software Developer,Mumbai,mobile,referral,1.0,,reviewed,,,,,,
E001324,application_reviewed,2026-08-24 21:14:00,CAN020,CMP018,JOB055,APP00403,SESSION_00403,UI/UX Designer,Bengaluru,web,campaign,1.0,,reviewed,,,,,,
E001287,application_next_step,2026-08-24 21:40:00,CAN028,CMP005,JOB007,APP00392,SESSION_00392,Software Developer,Hyderabad,mobile,organic,1.0,,,,interview,,,,
E001401,application_reviewed,2026-08-24 22:00:00,CAN015,CMP024,JOB004,APP00429,SESSION_00429,Business Analyst,Mumbai,mobile,referral,1.0,,reviewed,,,,,,
E001411,application_reviewed,2026-08-24 23:18:00,CAN063,CMP024,JOB027,APP00433,SESSION_00433,Software Developer,Hyderabad,web,referral,1.0,,reviewed,,,,,,
E001232,application_next_step,2026-08-25 01:59:00,CAN055,CMP007,JOB033,APP00374,SESSION_00374,Software Developer,Pune,mobile,direct,1.0,,,,interview,,,,
E001268,application_next_step,2026-08-25 02:18:00,CAN052,CMP026,JOB015,APP00385,SESSION_00385,Digital Marketer,Bengaluru,mobile,direct,1.0,,,,interview,,,,
E001237,application_next_step,2026-08-25 04:50:00,CAN038,CMP028,JOB028,APP00375,SESSION_00375,Software Developer,Bengaluru,mobile,direct,1.0,,,,interview,,,,
E001429,application_reviewed,2026-08-25 04:56:00,CAN063,CMP028,JOB060,APP00439,SESSION_00439,Data Analyst,Mumbai,web,referral,1.0,,reviewed,,,,,,
E001083,application_selected,2026-08-25 06:12:00,CAN056,CMP020,JOB059,APP00336,SESSION_00336,Business Analyst,Mumbai,mobile,referral,1.0,,,,,selected,,,
E001472,application_started,2026-08-25 08:58:00,CAN005,CMP013,JOB021,APP00453,SESSION_00453,Data Analyst,Hyderabad,mobile,organic,1.0,,,,,,,,
E001466,application_started,2026-08-25 10:21:00,CAN055,CMP003,JOB059,APP00451,SESSION_00451,Software Developer,Hyderabad,mobile,organic,1.0,,,,,,,,
E001473,application_submitted,2026-08-25 10:23:00,CAN005,CMP013,JOB021,APP00453,SESSION_00453,Data Analyst,Hyderabad,mobile,organic,1.0,standard,,,,,,,
E001467,application_submitted,2026-08-25 10:38:00,CAN055,CMP003,JOB059,APP00451,SESSION_00451,Software Developer,Hyderabad,web,campaign,1.0,standard,,,,,,,
E001451,application_started,2026-08-25 10:53:00,CAN049,CMP027,JOB039,APP00447,SESSION_00447,Business Analyst,Pune,web,organic,1.0,,,,,,,,
E001463,application_started,2026-08-25 11:03:00,CAN060,CMP016,JOB024,APP00450,SESSION_00450,Digital Marketer,Bengaluru,mobile,campaign,1.0,,,,,,,,
E001490,application_started,2026-08-25 11:15:00,CAN029,CMP023,JOB015,APP00458,SESSION_00458,UI/UX Designer,Chennai,mobile,referral,1.0,,,,,,,,
E001452,application_submitted,2026-08-25 11:22:00,CAN049,CMP027,JOB039,APP00447,SESSION_00447,Business Analyst,Pune,mobile,organic,1.0,standard,,,,,,,
E001434,application_started,2026-08-25 11:31:00,CAN007,CMP007,JOB016,APP00441,SESSION_00441,Digital Marketer,Chennai,mobile,organic,1.0,,,,,,,,
E001437,application_started,2026-08-25 11:48:00,CAN003,CMP009,JOB036,APP00442,SESSION_00442,Digital Marketer,Bengaluru,web,referral,1.0,,,,,,,,
E001464,application_submitted,2026-08-25 11:48:00,CAN060,CMP016,JOB024,APP00450,SESSION_00450,Digital Marketer,Bengaluru,web,campaign,1.0,standard,,,,,,,
E001491,application_submitted,2026-08-25 12:08:00,CAN029,CMP023,JOB015,APP00458,SESSION_00458,UI/UX Designer,Chennai,web,campaign,1.0,standard,,,,,,,
E001435,application_submitted,2026-08-25 12:16:00,CAN007,CMP007,JOB016,APP00441,SESSION_00441,Digital Marketer,Chennai,mobile,campaign,1.0,standard,,,,,,,
E001483,application_started,2026-08-25 12:38:00,CAN070,CMP025,JOB010,APP00456,SESSION_00456,Software Developer,Pune,mobile,referral,1.0,,,,,,,,
E001484,application_submitted,2026-08-25 12:44:00,CAN070,CMP025,JOB010,APP00456,SESSION_00456,Software Developer,Pune,web,organic,1.0,standard,,,,,,,
E001495,application_started,2026-08-25 12:46:00,CAN026,CMP007,JOB019,APP00459,SESSION_00459,Software Developer,Hyderabad,web,referral,1.0,,,,,,,,
E001438,application_submitted,2026-08-25 12:50:00,CAN003,CMP009,JOB036,APP00442,SESSION_00442,Digital Marketer,Bengaluru,web,direct,1.0,standard,,,,,,,
E001488,application_started,2026-08-25 13:10:00,CAN073,CMP011,JOB040,APP00457,SESSION_00457,Business Analyst,Pune,web,campaign,1.0,,,,,,,,
E001084,application_outcome_recorded,2026-08-25 13:12:00,CAN056,CMP020,JOB059,APP00336,SESSION_00336,Business Analyst,Mumbai,web,organic,1.0,,,,,,OUT00336,successful,success
E001489,application_submitted,2026-08-25 13:20:00,CAN073,CMP011,JOB040,APP00457,SESSION_00457,Business Analyst,Pune,mobile,direct,1.0,standard,,,,,,,
E001496,application_submitted,2026-08-25 13:22:00,CAN026,CMP007,JOB019,APP00459,SESSION_00459,Software Developer,Hyderabad,web,direct,1.0,standard,,,,,,,
E001492,application_reviewed,2026-08-25 14:08:00,CAN029,CMP023,JOB015,APP00458,SESSION_00458,UI/UX Designer,Chennai,mobile,organic,1.0,,reviewed,,,,,,
E001256,application_next_step,2026-08-25 14:27:00,CAN037,CMP011,JOB004,APP00381,SESSION_00381,Data Analyst,Chennai,web,organic,1.0,,,,interview,,,,
E001317,application_reviewed,2026-08-25 14:59:00,CAN048,CMP005,JOB058,APP00402,SESSION_00402,Digital Marketer,Bengaluru,mobile,direct,1.0,,reviewed,,,,,,
E001453,application_reviewed,2026-08-25 15:22:00,CAN049,CMP027,JOB039,APP00447,SESSION_00447,Business Analyst,Pune,mobile,referral,1.0,,reviewed,,,,,,
E001468,application_reviewed,2026-08-25 15:38:00,CAN055,CMP003,JOB059,APP00451,SESSION_00451,Software Developer,Hyderabad,mobile,referral,1.0,,reviewed,,,,,,
E001493,application_shortlisted,2026-08-25 16:08:00,CAN029,CMP023,JOB015,APP00458,SESSION_00458,UI/UX Designer,Chennai,web,direct,1.0,,,shortlisted,,,,,
E001458,application_started,2026-08-25 16:12:00,CAN036,CMP019,JOB033,APP00448,SESSION_00448,UI/UX Designer,Hyderabad,web,organic,1.0,,,,,,,,
E001442,application_started,2026-08-25 16:18:00,CAN049,CMP012,JOB054,APP00444,SESSION_00444,Software Developer,Chennai,web,direct,1.0,,,,,,,,
E001459,application_submitted,2026-08-25 16:25:00,CAN036,CMP019,JOB033,APP00448,SESSION_00448,UI/UX Designer,Hyderabad,web,referral,1.0,standard,,,,,,,
E001439,application_started,2026-08-25 16:27:00,CAN019,CMP012,JOB035,APP00443,SESSION_00443,Software Developer,Hyderabad,mobile,organic,1.0,,,,,,,,
E001436,application_reviewed,2026-08-25 17:16:00,CAN007,CMP007,JOB016,APP00441,SESSION_00441,Digital Marketer,Chennai,mobile,direct,1.0,,reviewed,,,,,,
E001440,application_submitted,2026-08-25 17:31:00,CAN019,CMP012,JOB035,APP00443,SESSION_00443,Software Developer,Hyderabad,mobile,direct,1.0,standard,,,,,,,
E001443,application_submitted,2026-08-25 17:35:00,CAN049,CMP012,JOB054,APP00444,SESSION_00444,Software Developer,Chennai,web,referral,1.0,standard,,,,,,,
E001276,application_next_step,2026-08-25 17:38:00,CAN053,CMP011,JOB056,APP00388,SESSION_00388,Data Analyst,Hyderabad,mobile,organic,1.0,,,,interview,,,,
E001470,application_started,2026-08-25 17:39:00,CAN043,CMP017,JOB051,APP00452,SESSION_00452,Software Developer,Bengaluru,mobile,organic,1.0,,,,,,,,
E001475,application_started,2026-08-25 17:50:00,CAN052,CMP004,JOB040,APP00454,SESSION_00454,UI/UX Designer,Hyderabad,web,campaign,1.0,,,,,,,,
E001478,application_started,2026-08-25 17:50:00,CAN014,CMP004,JOB001,APP00455,SESSION_00455,Digital Marketer,Bengaluru,web,direct,1.0,,,,,,,,
E001460,application_started,2026-08-25 18:01:00,CAN030,CMP029,JOB034,APP00449,SESSION_00449,Business Analyst,Hyderabad,mobile,campaign,1.0,,,,,,,,
E001448,application_started,2026-08-25 18:11:00,CAN001,CMP020,JOB031,APP00446,SESSION_00446,Data Analyst,Bengaluru,mobile,campaign,1.0,,,,,,,,
E001445,application_started,2026-08-25 18:16:00,CAN027,CMP020,JOB033,APP00445,SESSION_00445,Business Analyst,Mumbai,mobile,referral,1.0,,,,,,,,
E001479,application_submitted,2026-08-25 18:27:00,CAN014,CMP004,JOB001,APP00455,SESSION_00455,Digital Marketer,Bengaluru,mobile,campaign,1.0,standard,,,,,,,
E001373,application_reviewed,2026-08-25 18:48:00,CAN047,CMP026,JOB031,APP00419,SESSION_00419,Software Developer,Chennai,mobile,referral,1.0,,reviewed,,,,,,
E001476,application_submitted,2026-08-25 18:49:00,CAN052,CMP004,JOB040,APP00454,SESSION_00454,UI/UX Designer,Hyderabad,web,referral,1.0,standard,,,,,,,
E001471,application_submitted,2026-08-25 18:58:00,CAN043,CMP017,JOB051,APP00452,SESSION_00452,Software Developer,Bengaluru,web,organic,1.0,standard,,,,,,,
E001461,application_submitted,2026-08-25 19:00:00,CAN030,CMP029,JOB034,APP00449,SESSION_00449,Business Analyst,Hyderabad,web,referral,1.0,standard,,,,,,,
E001446,application_submitted,2026-08-25 19:02:00,CAN027,CMP020,JOB033,APP00445,SESSION_00445,Business Analyst,Mumbai,mobile,direct,1.0,standard,,,,,,,
E001382,application_reviewed,2026-08-25 19:03:00,CAN079,CMP020,JOB051,APP00422,SESSION_00422,Data Analyst,Chennai,mobile,organic,1.0,,reviewed,,,,,,
E001474,application_reviewed,2026-08-25 19:23:00,CAN005,CMP013,JOB021,APP00453,SESSION_00453,Data Analyst,Hyderabad,web,referral,1.0,,reviewed,,,,,,
E001449,application_submitted,2026-08-25 19:24:00,CAN001,CMP020,JOB031,APP00446,SESSION_00446,Data Analyst,Bengaluru,web,organic,1.0,standard,,,,,,,
E001325,application_shortlisted,2026-08-25 20:14:00,CAN020,CMP018,JOB055,APP00403,SESSION_00403,UI/UX Designer,Bengaluru,mobile,campaign,1.0,,,shortlisted,,,,,
E001485,application_reviewed,2026-08-25 20:44:00,CAN070,CMP025,JOB010,APP00456,SESSION_00456,Software Developer,Pune,mobile,referral,1.0,,reviewed,,,,,,
E001404,application_reviewed,2026-08-25 21:40:00,CAN075,CMP019,JOB046,APP00430,SESSION_00430,Digital Marketer,Chennai,web,referral,1.0,,reviewed,,,,,,
E001430,application_shortlisted,2026-08-25 21:56:00,CAN063,CMP028,JOB060,APP00439,SESSION_00439,Data Analyst,Mumbai,web,direct,1.0,,,shortlisted,,,,,
E001465,application_reviewed,2026-08-25 23:48:00,CAN060,CMP016,JOB024,APP00450,SESSION_00450,Digital Marketer,Bengaluru,web,direct,1.0,,reviewed,,,,,,
E001477,application_reviewed,2026-08-25 23:49:00,CAN052,CMP004,JOB040,APP00454,SESSION_00454,UI/UX Designer,Hyderabad,mobile,referral,1.0,,reviewed,,,,,,
E001108,application_outcome_recorded,2026-08-26 00:35:00,CAN069,CMP028,JOB022,APP00341,SESSION_00341,Data Analyst,Pune,web,organic,1.0,,,,,,OUT00341,successful,success
E001351,application_shortlisted,2026-08-26 01:08:00,CAN060,CMP006,JOB051,APP00413,SESSION_00413,Software Developer,Pune,mobile,organic,1.0,,,shortlisted,,,,,
E001197,application_next_step,2026-08-26 02:44:00,CAN076,CMP025,JOB025,APP00364,SESSION_00364,Data Analyst,Bengaluru,web,organic,1.0,,,,interview,,,,
E001224,application_shortlisted,2026-08-26 03:02:00,CAN027,CMP019,JOB058,APP00372,SESSION_00372,Software Developer,Hyderabad,web,direct,1.0,,,shortlisted,,,,,
E001362,application_reviewed,2026-08-26 03:10:00,CAN057,CMP016,JOB031,APP00416,SESSION_00416,Data Analyst,Pune,mobile,campaign,1.0,,reviewed,,,,,,
E001304,application_shortlisted,2026-08-26 03:36:00,CAN072,CMP021,JOB040,APP00398,SESSION_00398,Software Developer,Bengaluru,mobile,campaign,1.0,,,shortlisted,,,,,
E001352,application_next_step,2026-08-26 05:08:00,CAN060,CMP006,JOB051,APP00413,SESSION_00413,Software Developer,Pune,web,campaign,1.0,,,,interview,,,,
E001025,application_outcome_recorded,2026-08-26 05:15:00,CAN016,CMP009,JOB010,APP00320,SESSION_00320,Software Developer,Mumbai,mobile,referral,1.0,,,,,,OUT00320,successful,success
E001189,application_next_step,2026-08-26 06:28:00,CAN036,CMP007,JOB002,APP00362,SESSION_00362,Data Analyst,Chennai,web,direct,1.0,,,,interview,,,,
E001345,application_reviewed,2026-08-26 07:48:00,CAN062,CMP010,JOB010,APP00412,SESSION_00412,Software Developer,Mumbai,mobile,campaign,1.0,,reviewed,,,,,,
E001368,application_reviewed,2026-08-26 07:48:00,CAN054,CMP029,JOB031,APP00418,SESSION_00418,Data Analyst,Pune,mobile,campaign,1.0,,reviewed,,,,,,
E001517,application_started,2026-08-26 08:34:00,CAN030,CMP004,JOB008,APP00465,SESSION_00465,Data Analyst,Mumbai,web,referral,1.0,,,,,,,,
E001121,application_next_step,2026-08-26 09:02:00,CAN028,CMP025,JOB003,APP00345,SESSION_00345,Digital Marketer,Hyderabad,web,organic,1.0,,,,interview,,,,
E001312,application_shortlisted,2026-08-26 09:05:00,CAN031,CMP020,JOB029,APP00400,SESSION_00400,Software Developer,Mumbai,web,organic,1.0,,,shortlisted,,,,,
E001510,application_started,2026-08-26 09:18:00,CAN048,CMP009,JOB036,APP00464,SESSION_00464,Data Analyst,Hyderabad,mobile,referral,1.0,,,,,,,,
E001544,application_started,2026-08-26 09:18:00,CAN063,CMP015,JOB030,APP00472,SESSION_00472,Digital Marketer,Bengaluru,mobile,referral,1.0,,,,,,,,
E001518,application_submitted,2026-08-26 09:21:00,CAN030,CMP004,JOB008,APP00465,SESSION_00465,Data Analyst,Mumbai,mobile,referral,1.0,standard,,,,,,,
E001568,application_started,2026-08-26 09:22:00,CAN051,CMP014,JOB008,APP00478,SESSION_00478,Software Developer,Hyderabad,mobile,direct,1.0,,,,,,,,
E001511,application_submitted,2026-08-26 09:28:00,CAN048,CMP009,JOB036,APP00464,SESSION_00464,Data Analyst,Hyderabad,mobile,referral,1.0,standard,,,,,,,
E001486,application_shortlisted,2026-08-26 09:44:00,CAN070,CMP025,JOB010,APP00456,SESSION_00456,Software Developer,Pune,web,organic,1.0,,,shortlisted,,,,,
E001551,application_started,2026-08-26 09:48:00,CAN053,CMP025,JOB036,APP00473,SESSION_00473,Data Analyst,Mumbai,web,referral,1.0,,,,,,,,
E001571,application_started,2026-08-26 09:56:00,CAN036,CMP021,JOB040,APP00479,SESSION_00479,Business Analyst,Bengaluru,web,campaign,1.0,,,,,,,,
E001545,application_submitted,2026-08-26 10:01:00,CAN063,CMP015,JOB030,APP00472,SESSION_00472,Digital Marketer,Bengaluru,mobile,direct,1.0,standard,,,,,,,
E001534,application_started,2026-08-26 10:02:00,CAN039,CMP003,JOB011,APP00470,SESSION_00470,Data Analyst,Chennai,mobile,organic,1.0,,,,,,,,
E001566,application_started,2026-08-26 10:02:00,CAN009,CMP008,JOB057,APP00477,SESSION_00477,Data Analyst,Hyderabad,mobile,organic,1.0,,,,,,,,
E001552,application_submitted,2026-08-26 10:14:00,CAN053,CMP025,JOB036,APP00473,SESSION_00473,Data Analyst,Mumbai,mobile,direct,1.0,standard,,,,,,,
E001535,application_submitted,2026-08-26 10:15:00,CAN039,CMP003,JOB011,APP00470,SESSION_00470,Data Analyst,Chennai,mobile,referral,1.0,standard,,,,,,,
E001444,application_reviewed,2026-08-26 10:35:00,CAN049,CMP012,JOB054,APP00444,SESSION_00444,Software Developer,Chennai,web,referral,1.0,,reviewed,,,,,,
E001567,application_submitted,2026-08-26 10:48:00,CAN009,CMP008,JOB057,APP00477,SESSION_00477,Data Analyst,Hyderabad,web,direct,1.0,standard,,,,,,,
E001569,application_submitted,2026-08-26 10:50:00,CAN051,CMP014,JOB008,APP00478,SESSION_00478,Software Developer,Hyderabad,mobile,organic,1.0,standard,,,,,,,
E001557,application_started,2026-08-26 10:53:00,CAN057,CMP005,JOB031,APP00475,SESSION_00475,Business Analyst,Hyderabad,web,organic,1.0,,,,,,,,
E001558,application_submitted,2026-08-26 11:13:00,CAN057,CMP005,JOB031,APP00475,SESSION_00475,Business Analyst,Hyderabad,mobile,direct,1.0,standard,,,,,,,
E001572,application_submitted,2026-08-26 11:17:00,CAN036,CMP021,JOB040,APP00479,SESSION_00479,Business Analyst,Bengaluru,mobile,organic,1.0,standard,,,,,,,
E001498,application_started,2026-08-26 11:19:00,CAN049,CMP021,JOB051,APP00460,SESSION_00460,Data Analyst,Mumbai,mobile,direct,1.0,,,,,,,,
E001528,application_started,2026-08-26 11:26:00,CAN064,CMP026,JOB043,APP00468,SESSION_00468,Business Analyst,Mumbai,mobile,campaign,1.0,,,,,,,,
E001500,application_started,2026-08-26 11:34:00,CAN009,CMP004,JOB010,APP00461,SESSION_00461,Software Developer,Hyderabad,mobile,referral,1.0,,,,,,,,
E001318,application_shortlisted,2026-08-26 11:59:00,CAN048,CMP005,JOB058,APP00402,SESSION_00402,Digital Marketer,Bengaluru,web,direct,1.0,,,shortlisted,,,,,
E001499,application_submitted,2026-08-26 12:11:00,CAN049,CMP021,JOB051,APP00460,SESSION_00460,Data Analyst,Mumbai,web,campaign,1.0,standard,,,,,,,
E001501,application_submitted,2026-08-26 12:33:00,CAN009,CMP004,JOB010,APP00461,SESSION_00461,Software Developer,Hyderabad,web,organic,1.0,standard,,,,,,,
E001529,application_submitted,2026-08-26 12:39:00,CAN064,CMP026,JOB043,APP00468,SESSION_00468,Business Analyst,Mumbai,mobile,referral,1.0,standard,,,,,,,
E001520,application_started,2026-08-26 12:52:00,CAN070,CMP030,JOB017,APP00466,SESSION_00466,Data Analyst,Mumbai,mobile,campaign,1.0,,,,,,,,
E001554,application_started,2026-08-26 14:02:00,CAN060,CMP013,JOB022,APP00474,SESSION_00474,UI/UX Designer,Hyderabad,web,referral,1.0,,,,,,,,
E001559,application_reviewed,2026-08-26 14:13:00,CAN057,CMP005,JOB031,APP00475,SESSION_00475,Business Analyst,Hyderabad,mobile,direct,1.0,,reviewed,,,,,,
E001555,application_submitted,2026-08-26 14:24:00,CAN060,CMP013,JOB022,APP00474,SESSION_00474,UI/UX Designer,Hyderabad,mobile,campaign,1.0,standard,,,,,,,
E001539,application_started,2026-08-26 14:57:00,CAN017,CMP018,JOB027,APP00471,SESSION_00471,UI/UX Designer,Bengaluru,web,direct,1.0,,,,,,,,
E001099,application_next_step,2026-08-26 15:29:00,CAN003,CMP029,JOB032,APP00340,SESSION_00340,Software Developer,Bengaluru,web,referral,1.0,,,,interview,,,,
E001365,application_reviewed,2026-08-26 15:37:00,CAN077,CMP024,JOB036,APP00417,SESSION_00417,Business Analyst,Bengaluru,web,referral,1.0,,reviewed,,,,,,
E001540,application_submitted,2026-08-26 15:41:00,CAN017,CMP018,JOB027,APP00471,SESSION_00471,UI/UX Designer,Bengaluru,mobile,campaign,1.0,standard,,,,,,,
E001504,application_started,2026-08-26 15:50:00,CAN075,CMP029,JOB032,APP00462,SESSION_00462,Software Developer,Bengaluru,web,direct,1.0,,,,,,,,
E001326,application_next_step,2026-08-26 16:14:00,CAN020,CMP018,JOB055,APP00403,SESSION_00403,UI/UX Designer,Bengaluru,web,referral,1.0,,,,interview,,,,
E001505,application_submitted,2026-08-26 17:17:00,CAN075,CMP029,JOB032,APP00462,SESSION_00462,Software Developer,Bengaluru,mobile,campaign,1.0,standard,,,,,,,
E001507,application_started,2026-08-26 17:25:00,CAN062,CMP023,JOB032,APP00463,SESSION_00463,UI/UX Designer,Mumbai,web,direct,1.0,,,,,,,,
E001508,application_submitted,2026-08-26 17:55:00,CAN062,CMP023,JOB032,APP00463,SESSION_00463,UI/UX Designer,Mumbai,mobile,direct,1.0,standard,,,,,,,
E001531,application_started,2026-08-26 17:55:00,CAN043,CMP019,JOB041,APP00469,SESSION_00469,Digital Marketer,Chennai,mobile,campaign,1.0,,,,,,,,
E001494,application_next_step,2026-08-26 18:08:00,CAN029,CMP023,JOB015,APP00458,SESSION_00458,UI/UX Designer,Chennai,mobile,organic,1.0,,,,interview,,,,
E001521,application_started,2026-08-26 18:32:00,CAN075,CMP025,JOB042,APP00467,SESSION_00467,Data Analyst,Pune,web,campaign,1.0,,,,,,,,
E001530,application_reviewed,2026-08-26 18:39:00,CAN064,CMP026,JOB043,APP00468,SESSION_00468,Business Analyst,Mumbai,web,direct,1.0,,reviewed,,,,,,
E001561,application_started,2026-08-26 18:42:00,CAN069,CMP007,JOB029,APP00476,SESSION_00476,Data Analyst,Chennai,web,campaign,1.0,,,,,,,,
E001532,application_submitted,2026-08-26 18:50:00,CAN043,CMP019,JOB041,APP00469,SESSION_00469,Digital Marketer,Chennai,web,campaign,1.0,standard,,,,,,,
E001169,application_selected,2026-08-26 18:56:00,CAN010,CMP004,JOB011,APP00358,SESSION_00358,Business Analyst,Bengaluru,mobile,campaign,1.0,,,,,selected,,,
E001383,application_shortlisted,2026-08-26 19:03:00,CAN079,CMP020,JOB051,APP00422,SESSION_00422,Data Analyst,Chennai,mobile,direct,1.0,,,shortlisted,,,,,
E001522,application_submitted,2026-08-26 19:03:00,CAN075,CMP025,JOB042,APP00467,SESSION_00467,Data Analyst,Pune,mobile,direct,1.0,standard,,,,,,,
E001562,application_submitted,2026-08-26 19:43:00,CAN069,CMP007,JOB029,APP00476,SESSION_00476,Data Analyst,Chennai,web,organic,1.0,standard,,,,,,,
E001391,application_reviewed,2026-08-26 19:54:00,CAN067,CMP026,JOB044,APP00424,SESSION_00424,Business Analyst,Bengaluru,web,direct,1.0,,reviewed,,,,,,
E001407,application_reviewed,2026-08-26 20:21:00,CAN025,CMP027,JOB050,APP00431,SESSION_00431,Business Analyst,Pune,web,referral,1.0,,reviewed,,,,,,
E001064,application_selected,2026-08-26 20:34:00,CAN068,CMP028,JOB049,APP00330,SESSION_00330,Business Analyst,Pune,mobile,referral,1.0,,,,,selected,,,
E001469,application_shortlisted,2026-08-26 22:38:00,CAN055,CMP003,JOB059,APP00451,SESSION_00451,Software Developer,Hyderabad,web,referral,1.0,,,shortlisted,,,,,
E001369,application_shortlisted,2026-08-26 22:48:00,CAN054,CMP029,JOB031,APP00418,SESSION_00418,Data Analyst,Pune,mobile,campaign,1.0,,,shortlisted,,,,,
E001122,application_selected,2026-08-27 00:02:00,CAN028,CMP025,JOB003,APP00345,SESSION_00345,Digital Marketer,Hyderabad,mobile,campaign,1.0,,,,,selected,,,
E001497,application_reviewed,2026-08-27 00:22:00,CAN026,CMP007,JOB019,APP00459,SESSION_00459,Software Developer,Hyderabad,web,organic,1.0,,reviewed,,,,,,
E001556,application_reviewed,2026-08-27 00:24:00,CAN060,CMP013,JOB022,APP00474,SESSION_00474,UI/UX Designer,Hyderabad,web,direct,1.0,,reviewed,,,,,,
E001417,application_reviewed,2026-08-27 02:10:00,CAN040,CMP029,JOB019,APP00436,SESSION_00436,Software Developer,Hyderabad,mobile,campaign,1.0,,reviewed,,,,,,
E001560,application_shortlisted,2026-08-27 02:13:00,CAN057,CMP005,JOB031,APP00475,SESSION_00475,Business Analyst,Hyderabad,web,organic,1.0,,,shortlisted,,,,,
E001353,application_selected,2026-08-27 06:08:00,CAN060,CMP006,JOB051,APP00413,SESSION_00413,Software Developer,Pune,mobile,campaign,1.0,,,,,selected,,,
E001426,application_reviewed,2026-08-27 06:38:00,CAN067,CMP007,JOB049,APP00438,SESSION_00438,UI/UX Designer,Chennai,mobile,campaign,1.0,,reviewed,,,,,,
E001374,application_shortlisted,2026-08-27 06:48:00,CAN047,CMP026,JOB031,APP00419,SESSION_00419,Software Developer,Chennai,web,organic,1.0,,,shortlisted,,,,,
E001454,application_shortlisted,2026-08-27 07:22:00,CAN049,CMP027,JOB039,APP00447,SESSION_00447,Business Analyst,Pune,mobile,direct,1.0,,,shortlisted,,,,,
E001277,application_selected,2026-08-27 07:38:00,CAN053,CMP011,JOB056,APP00388,SESSION_00388,Data Analyst,Hyderabad,web,organic,1.0,,,,,selected,,,
E001397,application_reviewed,2026-08-27 08:55:00,CAN052,CMP025,JOB013,APP00427,SESSION_00427,Business Analyst,Bengaluru,mobile,referral,1.0,,reviewed,,,,,,
E001581,application_started,2026-08-27 08:58:00,CAN043,CMP011,JOB016,APP00483,SESSION_00483,Software Developer,Chennai,web,direct,1.0,,,,,,,,
E001614,application_started,2026-08-27 09:17:00,CAN022,CMP003,JOB019,APP00492,SESSION_00492,Data Analyst,Pune,web,referral,1.0,,,,,,,,
E001574,application_started,2026-08-27 09:21:00,CAN018,CMP011,JOB012,APP00480,SESSION_00480,Business Analyst,Pune,web,campaign,1.0,,,,,,,,
E001632,application_started,2026-08-27 09:27:00,CAN031,CMP008,JOB014,APP00496,SESSION_00496,Software Developer,Bengaluru,web,direct,1.0,,,,,,,,
E001635,application_started,2026-08-27 09:41:00,CAN043,CMP028,JOB015,APP00498,SESSION_00498,Digital Marketer,Chennai,mobile,campaign,1.0,,,,,,,,
E001533,application_reviewed,2026-08-27 09:50:00,CAN043,CMP019,JOB041,APP00469,SESSION_00469,Digital Marketer,Chennai,mobile,campaign,1.0,,reviewed,,,,,,
E001582,application_submitted,2026-08-27 09:51:00,CAN043,CMP011,JOB016,APP00483,SESSION_00483,Software Developer,Chennai,mobile,direct,1.0,standard,,,,,,,
E001615,application_submitted,2026-08-27 09:52:00,CAN022,CMP003,JOB019,APP00492,SESSION_00492,Data Analyst,Pune,mobile,campaign,1.0,standard,,,,,,,
E001546,application_reviewed,2026-08-27 10:01:00,CAN063,CMP015,JOB030,APP00472,SESSION_00472,Digital Marketer,Bengaluru,mobile,campaign,1.0,,reviewed,,,,,,
E001610,application_started,2026-08-27 10:12:00,CAN056,CMP006,JOB012,APP00491,SESSION_00491,Business Analyst,Hyderabad,mobile,direct,1.0,,,,,,,,
E001592,application_started,2026-08-27 10:16:00,CAN039,CMP020,JOB035,APP00486,SESSION_00486,Software Developer,Chennai,mobile,campaign,1.0,,,,,,,,
E001573,application_reviewed,2026-08-27 10:17:00,CAN036,CMP021,JOB040,APP00479,SESSION_00479,Business Analyst,Bengaluru,mobile,organic,1.0,,reviewed,,,,,,
E001607,application_started,2026-08-27 10:17:00,CAN012,CMP004,JOB041,APP00490,SESSION_00490,Digital Marketer,Mumbai,web,campaign,1.0,,,,,,,,
E001608,application_submitted,2026-08-27 10:22:00,CAN012,CMP004,JOB041,APP00490,SESSION_00490,Digital Marketer,Mumbai,web,campaign,1.0,standard,,,,,,,
E001387,application_reviewed,2026-08-27 10:30:00,CAN032,CMP027,JOB052,APP00423,SESSION_00423,UI/UX Designer,Mumbai,mobile,direct,1.0,,reviewed,,,,,,
E001589,application_started,2026-08-27 10:30:00,CAN062,CMP003,JOB024,APP00485,SESSION_00485,UI/UX Designer,Pune,mobile,campaign,1.0,,,,,,,,
E001611,application_submitted,2026-08-27 10:31:00,CAN056,CMP006,JOB012,APP00491,SESSION_00491,Business Analyst,Hyderabad,mobile,direct,1.0,standard,,,,,,,
E001575,application_submitted,2026-08-27 10:47:00,CAN018,CMP011,JOB012,APP00480,SESSION_00480,Business Analyst,Pune,web,organic,1.0,standard,,,,,,,
E001593,application_submitted,2026-08-27 10:57:00,CAN039,CMP020,JOB035,APP00486,SESSION_00486,Software Developer,Chennai,mobile,campaign,1.0,standard,,,,,,,
E001636,application_started,2026-08-27 11:14:00,CAN049,CMP021,JOB042,APP00499,SESSION_00499,Digital Marketer,Pune,mobile,organic,1.0,,,,,,,,
E001585,application_started,2026-08-27 11:15:00,CAN017,CMP003,JOB012,APP00484,SESSION_00484,Digital Marketer,Chennai,web,campaign,1.0,,,,,,,,
E001590,application_submitted,2026-08-27 11:30:00,CAN062,CMP003,JOB024,APP00485,SESSION_00485,UI/UX Designer,Pune,web,campaign,1.0,standard,,,,,,,
E001637,application_submitted,2026-08-27 11:33:00,CAN049,CMP021,JOB042,APP00499,SESSION_00499,Digital Marketer,Pune,web,referral,1.0,standard,,,,,,,
E001626,application_started,2026-08-27 11:38:00,CAN047,CMP028,JOB003,APP00494,SESSION_00494,Business Analyst,Pune,mobile,campaign,1.0,,,,,,,,
E001598,application_started,2026-08-27 11:48:00,CAN016,CMP013,JOB060,APP00488,SESSION_00488,Digital Marketer,Hyderabad,mobile,referral,1.0,,,,,,,,
E001583,application_reviewed,2026-08-27 11:51:00,CAN043,CMP011,JOB016,APP00483,SESSION_00483,Software Developer,Chennai,web,campaign,1.0,,reviewed,,,,,,
E001627,application_submitted,2026-08-27 11:53:00,CAN047,CMP028,JOB003,APP00494,SESSION_00494,Business Analyst,Pune,mobile,campaign,1.0,standard,,,,,,,
E001586,application_submitted,2026-08-27 11:59:00,CAN017,CMP003,JOB012,APP00484,SESSION_00484,Digital Marketer,Chennai,web,direct,1.0,standard,,,,,,,
E001602,application_started,2026-08-27 12:15:00,CAN019,CMP009,JOB039,APP00489,SESSION_00489,UI/UX Designer,Hyderabad,web,organic,1.0,,,,,,,,
E001579,application_started,2026-08-27 12:20:00,CAN077,CMP015,JOB048,APP00482,SESSION_00482,Business Analyst,Hyderabad,web,campaign,1.0,,,,,,,,
E001603,application_submitted,2026-08-27 12:31:00,CAN019,CMP009,JOB039,APP00489,SESSION_00489,UI/UX Designer,Hyderabad,mobile,campaign,1.0,standard,,,,,,,
E001599,application_submitted,2026-08-27 12:37:00,CAN016,CMP013,JOB060,APP00488,SESSION_00488,Digital Marketer,Hyderabad,mobile,referral,1.0,standard,,,,,,,
E001628,application_started,2026-08-27 12:38:00,CAN061,CMP022,JOB055,APP00495,SESSION_00495,Data Analyst,Pune,web,direct,1.0,,,,,,,,
E001633,application_started,2026-08-27 12:42:00,CAN042,CMP029,JOB025,APP00497,SESSION_00497,Business Analyst,Hyderabad,mobile,organic,1.0,,,,,,,,
E001650,application_started,2026-08-27 12:44:00,CAN051,CMP013,JOB005,APP00503,SESSION_00503,Digital Marketer,Mumbai,web,campaign,1.0,,,,,,,,
E001580,application_submitted,2026-08-27 13:01:00,CAN077,CMP015,JOB048,APP00482,SESSION_00482,Business Analyst,Hyderabad,web,direct,1.0,standard,,,,,,,
E001619,application_started,2026-08-27 13:23:00,CAN061,CMP025,JOB022,APP00493,SESSION_00493,Digital Marketer,Pune,mobile,referral,1.0,,,,,,,,
E001596,application_started,2026-08-27 13:24:00,CAN048,CMP016,JOB026,APP00487,SESSION_00487,UI/UX Designer,Pune,mobile,referral,1.0,,,,,,,,
E001651,application_submitted,2026-08-27 13:30:00,CAN051,CMP013,JOB005,APP00503,SESSION_00503,Digital Marketer,Mumbai,web,referral,1.0,standard,,,,,,,
E001577,application_started,2026-08-27 13:31:00,CAN032,CMP020,JOB006,APP00481,SESSION_00481,Data Analyst,Hyderabad,mobile,direct,1.0,,,,,,,,
E001634,application_submitted,2026-08-27 13:55:00,CAN042,CMP029,JOB025,APP00497,SESSION_00497,Business Analyst,Hyderabad,mobile,organic,1.0,standard,,,,,,,
E001629,application_submitted,2026-08-27 13:56:00,CAN061,CMP022,JOB055,APP00495,SESSION_00495,Data Analyst,Pune,web,direct,1.0,standard,,,,,,,
E001578,application_submitted,2026-08-27 14:02:00,CAN032,CMP020,JOB006,APP00481,SESSION_00481,Data Analyst,Hyderabad,web,direct,1.0,standard,,,,,,,
E001620,application_submitted,2026-08-27 14:14:00,CAN061,CMP025,JOB022,APP00493,SESSION_00493,Digital Marketer,Pune,mobile,campaign,1.0,standard,,,,,,,
E001648,application_started,2026-08-27 14:19:00,CAN007,CMP030,JOB056,APP00502,SESSION_00502,Software Developer,Pune,web,organic,1.0,,,,,,,,
E001502,application_reviewed,2026-08-27 14:33:00,CAN009,CMP004,JOB010,APP00461,SESSION_00461,Software Developer,Hyderabad,mobile,direct,1.0,,reviewed,,,,,,
E001597,application_submitted,2026-08-27 14:44:00,CAN048,CMP016,JOB026,APP00487,SESSION_00487,UI/UX Designer,Pune,web,campaign,1.0,standard,,,,,,,
E001447,application_reviewed,2026-08-27 15:02:00,CAN027,CMP020,JOB033,APP00445,SESSION_00445,Business Analyst,Mumbai,web,direct,1.0,,reviewed,,,,,,
E001649,application_submitted,2026-08-27 15:07:00,CAN007,CMP030,JOB056,APP00502,SESSION_00502,Software Developer,Pune,mobile,campaign,1.0,standard,,,,,,,
E001313,application_next_step,2026-08-27 17:05:00,CAN031,CMP020,JOB029,APP00400,SESSION_00400,Software Developer,Mumbai,mobile,referral,1.0,,,,interview,,,,
E001506,application_reviewed,2026-08-27 17:17:00,CAN075,CMP029,JOB032,APP00462,SESSION_00462,Software Developer,Bengaluru,mobile,referral,1.0,,reviewed,,,,,,
E001644,application_started,2026-08-27 17:20:00,CAN019,CMP020,JOB019,APP00501,SESSION_00501,Software Developer,Bengaluru,mobile,organic,1.0,,,,,,,,
E001503,application_shortlisted,2026-08-27 18:33:00,CAN009,CMP004,JOB010,APP00461,SESSION_00461,Software Developer,Hyderabad,mobile,direct,1.0,,,shortlisted,,,,,
E001641,application_started,2026-08-27 18:38:00,CAN041,CMP025,JOB024,APP00500,SESSION_00500,Software Developer,Chennai,web,organic,1.0,,,,,,,,
E001645,application_submitted,2026-08-27 18:38:00,CAN019,CMP020,JOB019,APP00501,SESSION_00501,Software Developer,Bengaluru,mobile,direct,1.0,standard,,,,,,,
E001612,application_reviewed,2026-08-27 19:31:00,CAN056,CMP006,JOB012,APP00491,SESSION_00491,Business Analyst,Hyderabad,web,direct,1.0,,reviewed,,,,,,
E000866,application_outcome_recorded,2026-08-27 19:45:00,CAN068,CMP025,JOB006,APP00272,SESSION_00272,Data Analyst,Mumbai,mobile,referral,1.0,,,,,,OUT00272,successful,success
E001642,application_submitted,2026-08-27 19:51:00,CAN041,CMP025,JOB024,APP00500,SESSION_00500,Software Developer,Chennai,mobile,referral,1.0,standard,,,,,,,
E001609,application_reviewed,2026-08-27 20:22:00,CAN012,CMP004,JOB041,APP00490,SESSION_00490,Digital Marketer,Mumbai,mobile,campaign,1.0,,reviewed,,,,,,
E001384,application_next_step,2026-08-27 22:03:00,CAN079,CMP020,JOB051,APP00422,SESSION_00422,Data Analyst,Chennai,mobile,campaign,1.0,,,,interview,,,,
E001519,application_reviewed,2026-08-27 22:21:00,CAN030,CMP004,JOB008,APP00465,SESSION_00465,Data Analyst,Mumbai,web,direct,1.0,,reviewed,,,,,,
E001616,application_reviewed,2026-08-27 23:52:00,CAN022,CMP003,JOB019,APP00492,SESSION_00492,Data Analyst,Pune,web,organic,1.0,,reviewed,,,,,,
E001604,application_reviewed,2026-08-28 00:31:00,CAN019,CMP009,JOB039,APP00489,SESSION_00489,UI/UX Designer,Hyderabad,web,campaign,1.0,,reviewed,,,,,,
E001584,application_shortlisted,2026-08-28 00:51:00,CAN043,CMP011,JOB016,APP00483,SESSION_00483,Software Developer,Chennai,web,direct,1.0,,,shortlisted,,,,,
E001617,application_shortlisted,2026-08-28 00:52:00,CAN022,CMP003,JOB019,APP00492,SESSION_00492,Data Analyst,Pune,web,organic,1.0,,,shortlisted,,,,,
E001319,application_next_step,2026-08-28 00:59:00,CAN048,CMP005,JOB058,APP00402,SESSION_00402,Digital Marketer,Bengaluru,mobile,campaign,1.0,,,,interview,,,,
E001462,application_reviewed,2026-08-28 01:00:00,CAN030,CMP029,JOB034,APP00449,SESSION_00449,Business Analyst,Hyderabad,mobile,organic,1.0,,reviewed,,,,,,
E001536,application_reviewed,2026-08-28 01:15:00,CAN039,CMP003,JOB011,APP00470,SESSION_00470,Data Analyst,Chennai,web,campaign,1.0,,reviewed,,,,,,
E001346,application_shortlisted,2026-08-28 02:48:00,CAN062,CMP010,JOB010,APP00412,SESSION_00412,Software Developer,Mumbai,mobile,referral,1.0,,,shortlisted,,,,,
E001618,application_next_step,2026-08-28 02:52:00,CAN022,CMP003,JOB019,APP00492,SESSION_00492,Data Analyst,Pune,mobile,referral,1.0,,,,interview,,,,
E001630,application_reviewed,2026-08-28 02:56:00,CAN061,CMP022,JOB055,APP00495,SESSION_00495,Data Analyst,Pune,mobile,campaign,1.0,,reviewed,,,,,,
E001576,application_reviewed,2026-08-28 03:47:00,CAN018,CMP011,JOB012,APP00480,SESSION_00480,Business Analyst,Pune,mobile,direct,1.0,,reviewed,,,,,,
E001431,application_next_step,2026-08-28 03:56:00,CAN063,CMP028,JOB060,APP00439,SESSION_00439,Data Analyst,Mumbai,web,organic,1.0,,,,interview,,,,
E001480,application_reviewed,2026-08-28 04:27:00,CAN014,CMP004,JOB001,APP00455,SESSION_00455,Digital Marketer,Bengaluru,web,direct,1.0,,reviewed,,,,,,
E001450,application_reviewed,2026-08-28 05:24:00,CAN001,CMP020,JOB031,APP00446,SESSION_00446,Data Analyst,Bengaluru,web,referral,1.0,,reviewed,,,,,,
E000977,application_outcome_recorded,2026-08-28 05:25:00,CAN037,CMP015,JOB011,APP00307,SESSION_00307,UI/UX Designer,Mumbai,mobile,referral,1.0,,,,,,OUT00307,successful,success
E001594,application_reviewed,2026-08-28 05:57:00,CAN039,CMP020,JOB035,APP00486,SESSION_00486,Software Developer,Chennai,mobile,direct,1.0,,reviewed,,,,,,
E001481,application_shortlisted,2026-08-28 07:27:00,CAN014,CMP004,JOB001,APP00455,SESSION_00455,Digital Marketer,Bengaluru,web,direct,1.0,,,shortlisted,,,,,
E001681,application_started,2026-08-28 08:06:00,CAN019,CMP028,JOB052,APP00514,SESSION_00514,Software Developer,Mumbai,mobile,direct,1.0,,,,,,,,
E001659,application_started,2026-08-28 08:07:00,CAN049,CMP009,JOB041,APP00506,SESSION_00506,UI/UX Designer,Mumbai,web,organic,1.0,,,,,,,,
E001327,application_selected,2026-08-28 08:14:00,CAN020,CMP018,JOB055,APP00403,SESSION_00403,UI/UX Designer,Bengaluru,web,direct,1.0,,,,,selected,,,
E001709,application_started,2026-08-28 08:22:00,CAN057,CMP006,JOB009,APP00525,SESSION_00525,Business Analyst,Pune,web,organic,1.0,,,,,,,,
E001682,application_submitted,2026-08-28 08:24:00,CAN019,CMP028,JOB052,APP00514,SESSION_00514,Software Developer,Mumbai,web,direct,1.0,standard,,,,,,,
E001441,application_reviewed,2026-08-28 08:31:00,CAN019,CMP012,JOB035,APP00443,SESSION_00443,Software Developer,Hyderabad,mobile,referral,1.0,,reviewed,,,,,,
E001710,application_submitted,2026-08-28 08:32:00,CAN057,CMP006,JOB009,APP00525,SESSION_00525,Business Analyst,Pune,web,campaign,1.0,standard,,,,,,,
E001665,application_started,2026-08-28 08:35:00,CAN016,CMP006,JOB056,APP00509,SESSION_00509,Digital Marketer,Hyderabad,mobile,referral,1.0,,,,,,,,
E001541,application_reviewed,2026-08-28 08:41:00,CAN017,CMP018,JOB027,APP00471,SESSION_00471,UI/UX Designer,Bengaluru,web,campaign,1.0,,reviewed,,,,,,
E001666,application_submitted,2026-08-28 08:56:00,CAN016,CMP006,JOB056,APP00509,SESSION_00509,Digital Marketer,Hyderabad,web,direct,1.0,standard,,,,,,,
E001692,application_started,2026-08-28 09:10:00,CAN012,CMP021,JOB006,APP00518,SESSION_00518,Data Analyst,Hyderabad,web,organic,1.0,,,,,,,,
E001100,application_selected,2026-08-28 09:29:00,CAN003,CMP029,JOB032,APP00340,SESSION_00340,Software Developer,Bengaluru,mobile,organic,1.0,,,,,selected,,,
E001660,application_submitted,2026-08-28 09:34:00,CAN049,CMP009,JOB041,APP00506,SESSION_00506,UI/UX Designer,Mumbai,web,organic,1.0,standard,,,,,,,
E001542,application_shortlisted,2026-08-28 09:41:00,CAN017,CMP018,JOB027,APP00471,SESSION_00471,UI/UX Designer,Bengaluru,web,campaign,1.0,,,shortlisted,,,,,
E001697,application_started,2026-08-28 10:04:00,CAN022,CMP022,JOB060,APP00520,SESSION_00520,Digital Marketer,Hyderabad,mobile,direct,1.0,,,,,,,,
E001698,application_submitted,2026-08-28 10:15:00,CAN022,CMP022,JOB060,APP00520,SESSION_00520,Digital Marketer,Hyderabad,mobile,campaign,1.0,standard,,,,,,,
E001693,application_submitted,2026-08-28 10:25:00,CAN012,CMP021,JOB006,APP00518,SESSION_00518,Data Analyst,Hyderabad,mobile,organic,1.0,standard,,,,,,,
E001689,application_started,2026-08-28 10:28:00,CAN032,CMP022,JOB039,APP00517,SESSION_00517,UI/UX Designer,Pune,mobile,campaign,1.0,,,,,,,,
E001509,application_reviewed,2026-08-28 10:55:00,CAN062,CMP023,JOB032,APP00463,SESSION_00463,UI/UX Designer,Mumbai,mobile,campaign,1.0,,reviewed,,,,,,
E001671,application_started,2026-08-28 11:02:00,CAN066,CMP007,JOB045,APP00511,SESSION_00511,Data Analyst,Bengaluru,web,direct,1.0,,,,,,,,
E001690,application_submitted,2026-08-28 11:08:00,CAN032,CMP022,JOB039,APP00517,SESSION_00517,UI/UX Designer,Pune,mobile,direct,1.0,standard,,,,,,,
E001652,application_reviewed,2026-08-28 11:30:00,CAN051,CMP013,JOB005,APP00503,SESSION_00503,Digital Marketer,Mumbai,web,campaign,1.0,,reviewed,,,,,,
E001672,application_submitted,2026-08-28 11:34:00,CAN066,CMP007,JOB045,APP00511,SESSION_00511,Data Analyst,Bengaluru,web,direct,1.0,standard,,,,,,,
E001587,application_reviewed,2026-08-28 11:59:00,CAN017,CMP003,JOB012,APP00484,SESSION_00484,Digital Marketer,Chennai,web,referral,1.0,,reviewed,,,,,,
E001700,application_started,2026-08-28 12:30:00,CAN032,CMP027,JOB035,APP00521,SESSION_00521,Data Analyst,Mumbai,mobile,referral,1.0,,,,,,,,
E001638,application_reviewed,2026-08-28 13:33:00,CAN049,CMP021,JOB042,APP00499,SESSION_00499,Digital Marketer,Pune,web,referral,1.0,,reviewed,,,,,,
E001653,application_started,2026-08-28 13:46:00,CAN019,CMP007,JOB014,APP00504,SESSION_00504,Software Developer,Bengaluru,web,direct,1.0,,,,,,,,
E001370,application_next_step,2026-08-28 13:48:00,CAN054,CMP029,JOB031,APP00418,SESSION_00418,Data Analyst,Pune,mobile,campaign,1.0,,,,interview,,,,
E001701,application_submitted,2026-08-28 13:55:00,CAN032,CMP027,JOB035,APP00521,SESSION_00521,Data Analyst,Mumbai,mobile,direct,1.0,standard,,,,,,,
E001388,application_shortlisted,2026-08-28 14:30:00,CAN032,CMP027,JOB052,APP00423,SESSION_00423,UI/UX Designer,Mumbai,mobile,campaign,1.0,,,shortlisted,,,,,
E001657,application_started,2026-08-28 14:31:00,CAN052,CMP008,JOB003,APP00505,SESSION_00505,Data Analyst,Hyderabad,mobile,direct,1.0,,,,,,,,
E001705,application_started,2026-08-28 14:31:00,CAN024,CMP013,JOB023,APP00523,SESSION_00523,Data Analyst,Bengaluru,web,organic,1.0,,,,,,,,
E001668,application_started,2026-08-28 14:42:00,CAN065,CMP010,JOB024,APP00510,SESSION_00510,Digital Marketer,Hyderabad,web,direct,1.0,,,,,,,,
E001654,application_submitted,2026-08-28 14:45:00,CAN019,CMP007,JOB014,APP00504,SESSION_00504,Software Developer,Bengaluru,web,organic,1.0,standard,,,,,,,
E001347,application_next_step,2026-08-28 14:48:00,CAN062,CMP010,JOB010,APP00412,SESSION_00412,Software Developer,Mumbai,web,organic,1.0,,,,interview,,,,
E001706,application_submitted,2026-08-28 14:55:00,CAN024,CMP013,JOB023,APP00523,SESSION_00523,Data Analyst,Bengaluru,mobile,organic,1.0,standard,,,,,,,
E001664,application_started,2026-08-28 15:04:00,CAN003,CMP013,JOB036,APP00508,SESSION_00508,Digital Marketer,Chennai,web,direct,1.0,,,,,,,,
E001658,application_submitted,2026-08-28 15:24:00,CAN052,CMP008,JOB003,APP00505,SESSION_00505,Data Analyst,Hyderabad,web,campaign,1.0,standard,,,,,,,
E001707,application_started,2026-08-28 15:25:00,CAN001,CMP005,JOB050,APP00524,SESSION_00524,Business Analyst,Hyderabad,mobile,referral,1.0,,,,,,,,
E001694,application_started,2026-08-28 15:32:00,CAN055,CMP022,JOB033,APP00519,SESSION_00519,Software Developer,Pune,web,campaign,1.0,,,,,,,,
E001669,application_submitted,2026-08-28 15:53:00,CAN065,CMP010,JOB024,APP00510,SESSION_00510,Digital Marketer,Hyderabad,mobile,campaign,1.0,standard,,,,,,,
E001708,application_submitted,2026-08-28 15:53:00,CAN001,CMP005,JOB050,APP00524,SESSION_00524,Business Analyst,Hyderabad,mobile,organic,1.0,standard,,,,,,,
E001695,application_submitted,2026-08-28 16:01:00,CAN055,CMP022,JOB033,APP00519,SESSION_00519,Software Developer,Pune,web,campaign,1.0,standard,,,,,,,
E001684,application_started,2026-08-28 17:06:00,CAN074,CMP028,JOB019,APP00515,SESSION_00515,Digital Marketer,Mumbai,web,direct,1.0,,,,,,,,
E001662,application_started,2026-08-28 17:08:00,CAN024,CMP013,JOB031,APP00507,SESSION_00507,UI/UX Designer,Mumbai,web,referral,1.0,,,,,,,,
E001686,application_started,2026-08-28 17:08:00,CAN069,CMP018,JOB039,APP00516,SESSION_00516,UI/UX Designer,Pune,mobile,organic,1.0,,,,,,,,
E001678,application_started,2026-08-28 17:15:00,CAN041,CMP026,JOB028,APP00513,SESSION_00513,UI/UX Designer,Bengaluru,web,referral,1.0,,,,,,,,
E001687,application_submitted,2026-08-28 17:32:00,CAN069,CMP018,JOB039,APP00516,SESSION_00516,UI/UX Designer,Pune,web,direct,1.0,standard,,,,,,,
E001679,application_submitted,2026-08-28 17:34:00,CAN041,CMP026,JOB028,APP00513,SESSION_00513,UI/UX Designer,Bengaluru,mobile,organic,1.0,standard,,,,,,,
E001375,application_next_step,2026-08-28 17:48:00,CAN047,CMP026,JOB031,APP00419,SESSION_00419,Software Developer,Chennai,mobile,direct,1.0,,,,interview,,,,
E001702,application_started,2026-08-28 17:54:00,CAN066,CMP027,JOB058,APP00522,SESSION_00522,Data Analyst,Pune,mobile,organic,1.0,,,,,,,,
E001685,application_submitted,2026-08-28 18:00:00,CAN074,CMP028,JOB019,APP00515,SESSION_00515,Digital Marketer,Mumbai,web,referral,1.0,standard,,,,,,,
E001663,application_submitted,2026-08-28 18:21:00,CAN024,CMP013,JOB031,APP00507,SESSION_00507,UI/UX Designer,Mumbai,web,campaign,1.0,standard,,,,,,,
E001675,application_started,2026-08-28 18:27:00,CAN021,CMP013,JOB030,APP00512,SESSION_00512,Data Analyst,Mumbai,web,direct,1.0,,,,,,,,
E001595,application_shortlisted,2026-08-28 18:57:00,CAN039,CMP020,JOB035,APP00486,SESSION_00486,Software Developer,Chennai,web,organic,1.0,,,shortlisted,,,,,
E001676,application_submitted,2026-08-28 19:06:00,CAN021,CMP013,JOB030,APP00512,SESSION_00512,Data Analyst,Mumbai,web,referral,1.0,standard,,,,,,,
E001703,application_submitted,2026-08-28 19:17:00,CAN066,CMP027,JOB058,APP00522,SESSION_00522,Data Analyst,Pune,mobile,referral,1.0,standard,,,,,,,
E001563,application_reviewed,2026-08-28 21:43:00,CAN069,CMP007,JOB029,APP00476,SESSION_00476,Data Analyst,Chennai,web,direct,1.0,,reviewed,,,,,,
E001512,application_reviewed,2026-08-28 22:28:00,CAN048,CMP009,JOB036,APP00464,SESSION_00464,Data Analyst,Hyderabad,mobile,campaign,1.0,,reviewed,,,,,,
E001613,application_shortlisted,2026-08-28 22:31:00,CAN056,CMP006,JOB012,APP00491,SESSION_00491,Business Analyst,Hyderabad,mobile,organic,1.0,,,shortlisted,,,,,
E001278,application_outcome_recorded,2026-08-28 22:38:00,CAN053,CMP011,JOB056,APP00388,SESSION_00388,Data Analyst,Hyderabad,web,organic,1.0,,,,,,OUT00388,successful,success
E001570,application_reviewed,2026-08-28 22:50:00,CAN051,CMP014,JOB008,APP00478,SESSION_00478,Software Developer,Hyderabad,web,organic,1.0,,reviewed,,,,,,
E001553,application_reviewed,2026-08-28 23:14:00,CAN053,CMP025,JOB036,APP00473,SESSION_00473,Data Analyst,Mumbai,web,organic,1.0,,reviewed,,,,,,
E001487,application_next_step,2026-08-28 23:44:00,CAN070,CMP025,JOB010,APP00456,SESSION_00456,Software Developer,Pune,mobile,referral,1.0,,,,interview,,,,
E001691,application_reviewed,2026-08-29 00:08:00,CAN032,CMP022,JOB039,APP00517,SESSION_00517,UI/UX Designer,Pune,mobile,campaign,1.0,,reviewed,,,,,,
E001418,application_shortlisted,2026-08-29 01:10:00,CAN040,CMP029,JOB019,APP00436,SESSION_00436,Software Developer,Hyderabad,web,direct,1.0,,,shortlisted,,,,,
E001605,application_shortlisted,2026-08-29 04:31:00,CAN019,CMP009,JOB039,APP00489,SESSION_00489,UI/UX Designer,Hyderabad,mobile,referral,1.0,,,shortlisted,,,,,
E001547,application_shortlisted,2026-08-29 05:01:00,CAN063,CMP015,JOB030,APP00472,SESSION_00472,Digital Marketer,Bengaluru,web,organic,1.0,,,shortlisted,,,,,
E001680,application_reviewed,2026-08-29 06:34:00,CAN041,CMP026,JOB028,APP00513,SESSION_00513,UI/UX Designer,Bengaluru,mobile,referral,1.0,,reviewed,,,,,,
E001631,application_shortlisted,2026-08-29 07:56:00,CAN061,CMP022,JOB055,APP00495,SESSION_00495,Data Analyst,Pune,web,campaign,1.0,,,shortlisted,,,,,
E001728,application_started,2026-08-29 08:00:00,CAN054,CMP008,JOB021,APP00529,SESSION_00529,Data Analyst,Hyderabad,web,referral,1.0,,,,,,,,
E001734,application_started,2026-08-29 08:37:00,CAN017,CMP021,JOB048,APP00531,SESSION_00531,Digital Marketer,Bengaluru,web,direct,1.0,,,,,,,,
E001735,application_submitted,2026-08-29 08:54:00,CAN017,CMP021,JOB048,APP00531,SESSION_00531,Digital Marketer,Bengaluru,web,referral,1.0,standard,,,,,,,
E001729,application_submitted,2026-08-29 09:05:00,CAN054,CMP008,JOB021,APP00529,SESSION_00529,Data Analyst,Hyderabad,mobile,organic,1.0,standard,,,,,,,
E001721,application_started,2026-08-29 09:08:00,CAN076,CMP021,JOB041,APP00528,SESSION_00528,Software Developer,Hyderabad,mobile,organic,1.0,,,,,,,,
E001722,application_submitted,2026-08-29 09:37:00,CAN076,CMP021,JOB041,APP00528,SESSION_00528,Software Developer,Hyderabad,web,campaign,1.0,standard,,,,,,,
E001758,application_started,2026-08-29 10:04:00,CAN051,CMP022,JOB039,APP00539,SESSION_00539,Software Developer,Bengaluru,mobile,direct,1.0,,,,,,,,
E001756,application_started,2026-08-29 10:12:00,CAN012,CMP016,JOB012,APP00538,SESSION_00538,UI/UX Designer,Hyderabad,mobile,direct,1.0,,,,,,,,
E001752,application_started,2026-08-29 10:16:00,CAN002,CMP027,JOB023,APP00536,SESSION_00536,Software Developer,Mumbai,web,organic,1.0,,,,,,,,
E001704,application_reviewed,2026-08-29 10:17:00,CAN066,CMP027,JOB058,APP00522,SESSION_00522,Data Analyst,Pune,web,referral,1.0,,reviewed,,,,,,
E001757,application_submitted,2026-08-29 10:19:00,CAN012,CMP016,JOB012,APP00538,SESSION_00538,UI/UX Designer,Hyderabad,mobile,direct,1.0,standard,,,,,,,
E001639,application_shortlisted,2026-08-29 10:33:00,CAN049,CMP021,JOB042,APP00499,SESSION_00499,Digital Marketer,Pune,mobile,organic,1.0,,,shortlisted,,,,,
E001762,application_started,2026-08-29 10:40:00,CAN006,CMP005,JOB016,APP00540,SESSION_00540,Data Analyst,Mumbai,web,organic,1.0,,,,,,,,
E001643,application_reviewed,2026-08-29 10:51:00,CAN041,CMP025,JOB024,APP00500,SESSION_00500,Software Developer,Chennai,web,campaign,1.0,,reviewed,,,,,,
E001763,application_started,2026-08-29 11:08:00,CAN014,CMP018,JOB048,APP00541,SESSION_00541,Business Analyst,Bengaluru,mobile,campaign,1.0,,,,,,,,
E001753,application_submitted,2026-08-29 11:09:00,CAN002,CMP027,JOB023,APP00536,SESSION_00536,Software Developer,Mumbai,mobile,direct,1.0,standard,,,,,,,
E001537,application_shortlisted,2026-08-29 11:15:00,CAN039,CMP003,JOB011,APP00470,SESSION_00470,Data Analyst,Chennai,web,direct,1.0,,,shortlisted,,,,,
E001759,application_submitted,2026-08-29 11:31:00,CAN051,CMP022,JOB039,APP00539,SESSION_00539,Software Developer,Bengaluru,mobile,organic,1.0,standard,,,,,,,
E001764,application_submitted,2026-08-29 11:52:00,CAN014,CMP018,JOB048,APP00541,SESSION_00541,Business Analyst,Bengaluru,mobile,campaign,1.0,standard,,,,,,,
E001548,application_next_step,2026-08-29 12:01:00,CAN063,CMP015,JOB030,APP00472,SESSION_00472,Digital Marketer,Bengaluru,web,direct,1.0,,,,interview,,,,
E001065,application_outcome_recorded,2026-08-29 12:34:00,CAN068,CMP028,JOB049,APP00330,SESSION_00330,Business Analyst,Pune,web,organic,1.0,,,,,,OUT00330,successful,success
E001719,application_started,2026-08-29 12:44:00,CAN066,CMP006,JOB016,APP00527,SESSION_00527,Business Analyst,Bengaluru,web,campaign,1.0,,,,,,,,
E001745,application_started,2026-08-29 12:54:00,CAN066,CMP015,JOB033,APP00534,SESSION_00534,Digital Marketer,Mumbai,web,referral,1.0,,,,,,,,
E001720,application_submitted,2026-08-29 13:02:00,CAN066,CMP006,JOB016,APP00527,SESSION_00527,Business Analyst,Bengaluru,web,direct,1.0,standard,,,,,,,
E001750,application_started,2026-08-29 13:05:00,CAN001,CMP021,JOB023,APP00535,SESSION_00535,Digital Marketer,Mumbai,mobile,direct,1.0,,,,,,,,
E001621,application_reviewed,2026-08-29 13:14:00,CAN061,CMP025,JOB022,APP00493,SESSION_00493,Digital Marketer,Pune,mobile,organic,1.0,,reviewed,,,,,,
E001591,application_reviewed,2026-08-29 13:30:00,CAN062,CMP003,JOB024,APP00485,SESSION_00485,UI/UX Designer,Pune,mobile,organic,1.0,,reviewed,,,,,,
E001768,application_started,2026-08-29 13:41:00,CAN004,CMP008,JOB028,APP00542,SESSION_00542,UI/UX Designer,Hyderabad,mobile,direct,1.0,,,,,,,,
E001564,application_shortlisted,2026-08-29 13:43:00,CAN069,CMP007,JOB029,APP00476,SESSION_00476,Data Analyst,Chennai,web,organic,1.0,,,shortlisted,,,,,
E001320,application_selected,2026-08-29 13:59:00,CAN048,CMP005,JOB058,APP00402,SESSION_00402,Digital Marketer,Bengaluru,mobile,referral,1.0,,,,,selected,,,
E001746,application_submitted,2026-08-29 14:09:00,CAN066,CMP015,JOB033,APP00534,SESSION_00534,Digital Marketer,Mumbai,web,direct,1.0,standard,,,,,,,
E001751,application_submitted,2026-08-29 14:28:00,CAN001,CMP021,JOB023,APP00535,SESSION_00535,Digital Marketer,Mumbai,mobile,referral,1.0,standard,,,,,,,
E001600,application_reviewed,2026-08-29 15:37:00,CAN016,CMP013,JOB060,APP00488,SESSION_00488,Digital Marketer,Hyderabad,mobile,direct,1.0,,reviewed,,,,,,
E001741,application_started,2026-08-29 15:43:00,CAN008,CMP026,JOB045,APP00533,SESSION_00533,Software Developer,Pune,web,direct,1.0,,,,,,,,
E001712,application_started,2026-08-29 15:51:00,CAN035,CMP004,JOB027,APP00526,SESSION_00526,UI/UX Designer,Chennai,web,referral,1.0,,,,,,,,
E001123,application_outcome_recorded,2026-08-29 16:02:00,CAN028,CMP025,JOB003,APP00345,SESSION_00345,Digital Marketer,Hyderabad,web,direct,1.0,,,,,,OUT00345,successful,success
E001732,application_started,2026-08-29 16:38:00,CAN017,CMP011,JOB024,APP00530,SESSION_00530,Business Analyst,Chennai,mobile,direct,1.0,,,,,,,,
E001713,application_submitted,2026-08-29 16:47:00,CAN035,CMP004,JOB027,APP00526,SESSION_00526,UI/UX Designer,Chennai,mobile,direct,1.0,standard,,,,,,,
E001742,application_submitted,2026-08-29 16:53:00,CAN008,CMP026,JOB045,APP00533,SESSION_00533,Software Developer,Pune,mobile,campaign,1.0,standard,,,,,,,
E001588,application_shortlisted,2026-08-29 16:59:00,CAN017,CMP003,JOB012,APP00484,SESSION_00484,Digital Marketer,Chennai,web,referral,1.0,,,shortlisted,,,,,
E001733,application_submitted,2026-08-29 17:09:00,CAN017,CMP011,JOB024,APP00530,SESSION_00530,Business Analyst,Chennai,mobile,organic,1.0,standard,,,,,,,
E001601,application_shortlisted,2026-08-29 18:37:00,CAN016,CMP013,JOB060,APP00488,SESSION_00488,Digital Marketer,Hyderabad,mobile,organic,1.0,,,shortlisted,,,,,
E001565,application_next_step,2026-08-29 18:43:00,CAN069,CMP007,JOB029,APP00476,SESSION_00476,Data Analyst,Chennai,web,referral,1.0,,,,interview,,,,
E001738,application_started,2026-08-29 18:45:00,CAN072,CMP012,JOB058,APP00532,SESSION_00532,Business Analyst,Pune,web,campaign,1.0,,,,,,,,
E001754,application_started,2026-08-29 18:51:00,CAN029,CMP011,JOB018,APP00537,SESSION_00537,Software Developer,Chennai,mobile,direct,1.0,,,,,,,,
E001667,application_reviewed,2026-08-29 18:56:00,CAN016,CMP006,JOB056,APP00509,SESSION_00509,Digital Marketer,Hyderabad,web,organic,1.0,,reviewed,,,,,,
E001523,application_reviewed,2026-08-29 19:03:00,CAN075,CMP025,JOB042,APP00467,SESSION_00467,Data Analyst,Pune,mobile,campaign,1.0,,reviewed,,,,,,
E001739,application_submitted,2026-08-29 19:43:00,CAN072,CMP012,JOB058,APP00532,SESSION_00532,Business Analyst,Pune,web,direct,1.0,standard,,,,,,,
E001755,application_submitted,2026-08-29 19:51:00,CAN029,CMP011,JOB018,APP00537,SESSION_00537,Software Developer,Chennai,mobile,direct,1.0,standard,,,,,,,
E001646,application_reviewed,2026-08-29 20:38:00,CAN019,CMP020,JOB019,APP00501,SESSION_00501,Software Developer,Bengaluru,web,referral,1.0,,reviewed,,,,,,
E001765,application_reviewed,2026-08-29 20:52:00,CAN014,CMP018,JOB048,APP00541,SESSION_00541,Business Analyst,Bengaluru,mobile,organic,1.0,,reviewed,,,,,,
E001766,application_shortlisted,2026-08-29 23:52:00,CAN014,CMP018,JOB048,APP00541,SESSION_00541,Business Analyst,Bengaluru,web,referral,1.0,,,shortlisted,,,,,
E001455,application_next_step,2026-08-30 00:22:00,CAN049,CMP027,JOB039,APP00447,SESSION_00447,Business Analyst,Pune,mobile,organic,1.0,,,,interview,,,,
E001673,application_reviewed,2026-08-30 00:34:00,CAN066,CMP007,JOB045,APP00511,SESSION_00511,Data Analyst,Bengaluru,web,campaign,1.0,,reviewed,,,,,,
E001524,application_shortlisted,2026-08-30 01:03:00,CAN075,CMP025,JOB042,APP00467,SESSION_00467,Data Analyst,Pune,mobile,direct,1.0,,,shortlisted,,,,,
E001683,application_reviewed,2026-08-30 01:24:00,CAN019,CMP028,JOB052,APP00514,SESSION_00514,Software Developer,Mumbai,mobile,organic,1.0,,reviewed,,,,,,
E001711,application_reviewed,2026-08-30 04:32:00,CAN057,CMP006,JOB009,APP00525,SESSION_00525,Business Analyst,Pune,web,direct,1.0,,reviewed,,,,,,
E001688,application_reviewed,2026-08-30 05:32:00,CAN069,CMP018,JOB039,APP00516,SESSION_00516,UI/UX Designer,Pune,web,referral,1.0,,reviewed,,,,,,
E001513,application_shortlisted,2026-08-30 06:28:00,CAN048,CMP009,JOB036,APP00464,SESSION_00464,Data Analyst,Hyderabad,mobile,referral,1.0,,,shortlisted,,,,,
E001760,application_reviewed,2026-08-30 06:31:00,CAN051,CMP022,JOB039,APP00539,SESSION_00539,Software Developer,Bengaluru,web,organic,1.0,,reviewed,,,,,,
E001714,application_reviewed,2026-08-30 07:47:00,CAN035,CMP004,JOB027,APP00526,SESSION_00526,UI/UX Designer,Chennai,web,direct,1.0,,reviewed,,,,,,
E001796,application_started,2026-08-30 08:14:00,CAN017,CMP024,JOB014,APP00550,SESSION_00550,UI/UX Designer,Chennai,mobile,direct,1.0,,,,,,,,
E001761,application_shortlisted,2026-08-30 08:31:00,CAN051,CMP022,JOB039,APP00539,SESSION_00539,Software Developer,Bengaluru,web,organic,1.0,,,shortlisted,,,,,
E001769,application_started,2026-08-30 09:18:00,CAN015,CMP016,JOB011,APP00543,SESSION_00543,Data Analyst,Hyderabad,mobile,organic,1.0,,,,,,,,
E001797,application_submitted,2026-08-30 09:30:00,CAN017,CMP024,JOB014,APP00550,SESSION_00550,UI/UX Designer,Chennai,web,campaign,1.0,standard,,,,,,,
E001770,application_submitted,2026-08-30 09:38:00,CAN015,CMP016,JOB011,APP00543,SESSION_00543,Data Analyst,Hyderabad,mobile,organic,1.0,standard,,,,,,,
E001786,application_started,2026-08-30 09:44:00,CAN027,CMP027,JOB015,APP00547,SESSION_00547,Data Analyst,Hyderabad,web,campaign,1.0,,,,,,,,
E001795,application_started,2026-08-30 10:17:00,CAN065,CMP010,JOB046,APP00549,SESSION_00549,Software Developer,Pune,web,campaign,1.0,,,,,,,,
E001811,application_started,2026-08-30 10:32:00,CAN012,CMP023,JOB015,APP00553,SESSION_00553,Software Developer,Hyderabad,mobile,campaign,1.0,,,,,,,,
E001787,application_submitted,2026-08-30 10:43:00,CAN027,CMP027,JOB015,APP00547,SESSION_00547,Data Analyst,Hyderabad,mobile,organic,1.0,standard,,,,,,,
E001774,application_started,2026-08-30 10:49:00,CAN034,CMP026,JOB059,APP00545,SESSION_00545,Data Analyst,Bengaluru,web,referral,1.0,,,,,,,,
E001699,application_reviewed,2026-08-30 11:15:00,CAN022,CMP022,JOB060,APP00520,SESSION_00520,Digital Marketer,Hyderabad,web,referral,1.0,,reviewed,,,,,,
E001812,application_submitted,2026-08-30 11:20:00,CAN012,CMP023,JOB015,APP00553,SESSION_00553,Software Developer,Hyderabad,mobile,referral,1.0,standard,,,,,,,
E001775,application_submitted,2026-08-30 11:51:00,CAN034,CMP026,JOB059,APP00545,SESSION_00545,Data Analyst,Bengaluru,mobile,organic,1.0,standard,,,,,,,
E001723,application_reviewed,2026-08-30 12:37:00,CAN076,CMP021,JOB041,APP00528,SESSION_00528,Software Developer,Hyderabad,web,organic,1.0,,reviewed,,,,,,
E001818,application_started,2026-08-30 13:05:00,CAN021,CMP003,JOB018,APP00554,SESSION_00554,Digital Marketer,Mumbai,web,direct,1.0,,,,,,,,
E001771,application_started,2026-08-30 13:38:00,CAN078,CMP005,JOB012,APP00544,SESSION_00544,UI/UX Designer,Chennai,web,campaign,1.0,,,,,,,,
E001740,application_reviewed,2026-08-30 13:43:00,CAN072,CMP012,JOB058,APP00532,SESSION_00532,Business Analyst,Pune,mobile,organic,1.0,,reviewed,,,,,,
E001696,application_reviewed,2026-08-30 14:01:00,CAN055,CMP022,JOB033,APP00519,SESSION_00519,Software Developer,Pune,web,organic,1.0,,reviewed,,,,,,
E001819,application_submitted,2026-08-30 14:08:00,CAN021,CMP003,JOB018,APP00554,SESSION_00554,Digital Marketer,Mumbai,mobile,campaign,1.0,standard,,,,,,,
E001543,application_next_step,2026-08-30 14:41:00,CAN017,CMP018,JOB027,APP00471,SESSION_00471,UI/UX Designer,Bengaluru,web,referral,1.0,,,,interview,,,,
E001808,application_started,2026-08-30 14:57:00,CAN017,CMP023,JOB044,APP00552,SESSION_00552,Data Analyst,Mumbai,web,direct,1.0,,,,,,,,
E001321,application_outcome_recorded,2026-08-30 14:59:00,CAN048,CMP005,JOB058,APP00402,SESSION_00402,Digital Marketer,Bengaluru,mobile,campaign,1.0,,,,,,OUT00402,successful,success
E001772,application_submitted,2026-08-30 15:08:00,CAN078,CMP005,JOB012,APP00544,SESSION_00544,UI/UX Designer,Chennai,mobile,referral,1.0,standard,,,,,,,
E001791,application_started,2026-08-30 15:26:00,CAN061,CMP024,JOB009,APP00548,SESSION_00548,Digital Marketer,Mumbai,mobile,campaign,1.0,,,,,,,,
E001792,application_submitted,2026-08-30 15:32:00,CAN061,CMP024,JOB009,APP00548,SESSION_00548,Digital Marketer,Mumbai,mobile,organic,1.0,standard,,,,,,,
E001809,application_submitted,2026-08-30 15:50:00,CAN017,CMP023,JOB044,APP00552,SESSION_00552,Data Analyst,Mumbai,mobile,organic,1.0,standard,,,,,,,
E001170,application_outcome_recorded,2026-08-30 15:56:00,CAN010,CMP004,JOB011,APP00358,SESSION_00358,Business Analyst,Bengaluru,mobile,campaign,1.0,,,,,,OUT00358,successful,success
E001824,application_started,2026-08-30 16:00:00,CAN006,CMP020,JOB042,APP00556,SESSION_00556,Data Analyst,Hyderabad,web,organic,1.0,,,,,,,,
E001801,application_started,2026-08-30 16:06:00,CAN043,CMP001,JOB016,APP00551,SESSION_00551,Business Analyst,Hyderabad,web,direct,1.0,,,,,,,,
E001831,application_started,2026-08-30 16:09:00,CAN061,CMP004,JOB018,APP00557,SESSION_00557,UI/UX Designer,Bengaluru,mobile,direct,1.0,,,,,,,,
E001825,application_submitted,2026-08-30 16:25:00,CAN006,CMP020,JOB042,APP00556,SESSION_00556,Data Analyst,Hyderabad,mobile,organic,1.0,standard,,,,,,,
E001482,application_next_step,2026-08-30 16:27:00,CAN014,CMP004,JOB001,APP00455,SESSION_00455,Digital Marketer,Bengaluru,mobile,referral,1.0,,,,interview,,,,
E001802,application_submitted,2026-08-30 16:50:00,CAN043,CMP001,JOB016,APP00551,SESSION_00551,Business Analyst,Hyderabad,web,direct,1.0,standard,,,,,,,
E001832,application_submitted,2026-08-30 16:54:00,CAN061,CMP004,JOB018,APP00557,SESSION_00557,UI/UX Designer,Bengaluru,web,campaign,1.0,standard,,,,,,,
E001820,application_started,2026-08-30 17:31:00,CAN057,CMP021,JOB060,APP00555,SESSION_00555,Software Developer,Bengaluru,web,referral,1.0,,,,,,,,
E001674,application_shortlisted,2026-08-30 17:34:00,CAN066,CMP007,JOB045,APP00511,SESSION_00511,Data Analyst,Bengaluru,mobile,campaign,1.0,,,shortlisted,,,,,
E001821,application_submitted,2026-08-30 18:27:00,CAN057,CMP021,JOB060,APP00555,SESSION_00555,Software Developer,Bengaluru,mobile,direct,1.0,standard,,,,,,,
E001837,application_started,2026-08-30 18:57:00,CAN058,CMP028,JOB027,APP00558,SESSION_00558,Digital Marketer,Hyderabad,mobile,direct,1.0,,,,,,,,
E001779,application_started,2026-08-30 18:58:00,CAN053,CMP020,JOB051,APP00546,SESSION_00546,Business Analyst,Hyderabad,web,campaign,1.0,,,,,,,,
E001730,application_reviewed,2026-08-30 19:05:00,CAN054,CMP008,JOB021,APP00529,SESSION_00529,Data Analyst,Hyderabad,mobile,referral,1.0,,reviewed,,,,,,
E001838,application_submitted,2026-08-30 19:13:00,CAN058,CMP028,JOB027,APP00558,SESSION_00558,Digital Marketer,Hyderabad,mobile,referral,1.0,standard,,,,,,,
E001780,application_submitted,2026-08-30 20:06:00,CAN053,CMP020,JOB051,APP00546,SESSION_00546,Business Analyst,Hyderabad,mobile,direct,1.0,standard,,,,,,,
E001793,application_reviewed,2026-08-30 21:32:00,CAN061,CMP024,JOB009,APP00548,SESSION_00548,Digital Marketer,Mumbai,web,direct,1.0,,reviewed,,,,,,
E001788,application_reviewed,2026-08-30 21:43:00,CAN027,CMP027,JOB015,APP00547,SESSION_00547,Data Analyst,Hyderabad,mobile,direct,1.0,,reviewed,,,,,,
E001354,application_outcome_recorded,2026-08-30 22:08:00,CAN060,CMP006,JOB051,APP00413,SESSION_00413,Software Developer,Pune,mobile,referral,1.0,,,,,,OUT00413,successful,success
E001803,application_reviewed,2026-08-30 22:50:00,CAN043,CMP001,JOB016,APP00551,SESSION_00551,Business Analyst,Hyderabad,web,referral,1.0,,reviewed,,,,,,
E001661,application_reviewed,2026-08-31 00:34:00,CAN049,CMP009,JOB041,APP00506,SESSION_00506,UI/UX Designer,Mumbai,mobile,organic,1.0,,reviewed,,,,,,
E001731,application_shortlisted,2026-08-31 03:05:00,CAN054,CMP008,JOB021,APP00529,SESSION_00529,Data Analyst,Hyderabad,web,organic,1.0,,,shortlisted,,,,,
E001655,application_reviewed,2026-08-31 04:45:00,CAN019,CMP007,JOB014,APP00504,SESSION_00504,Software Developer,Bengaluru,web,organic,1.0,,reviewed,,,,,,
E001743,application_reviewed,2026-08-31 04:53:00,CAN008,CMP026,JOB045,APP00533,SESSION_00533,Software Developer,Pune,web,direct,1.0,,reviewed,,,,,,
E001773,application_reviewed,2026-08-31 06:08:00,CAN078,CMP005,JOB012,APP00544,SESSION_00544,UI/UX Designer,Chennai,mobile,campaign,1.0,,reviewed,,,,,,
E001514,application_next_step,2026-08-31 06:28:00,CAN048,CMP009,JOB036,APP00464,SESSION_00464,Data Analyst,Hyderabad,mobile,direct,1.0,,,,interview,,,,
E001670,application_reviewed,2026-08-31 07:53:00,CAN065,CMP010,JOB024,APP00510,SESSION_00510,Digital Marketer,Hyderabad,mobile,referral,1.0,,reviewed,,,,,,
E001622,application_shortlisted,2026-08-31 10:14:00,CAN061,CMP025,JOB022,APP00493,SESSION_00493,Digital Marketer,Pune,mobile,direct,1.0,,,shortlisted,,,,,
E001810,application_reviewed,2026-08-31 12:50:00,CAN017,CMP023,JOB044,APP00552,SESSION_00552,Data Analyst,Mumbai,mobile,organic,1.0,,reviewed,,,,,,
E001419,application_next_step,2026-08-31 13:10:00,CAN040,CMP029,JOB019,APP00436,SESSION_00436,Software Developer,Hyderabad,mobile,campaign,1.0,,,,interview,,,,
E001376,application_selected,2026-08-31 13:48:00,CAN047,CMP026,JOB031,APP00419,SESSION_00419,Software Developer,Chennai,web,organic,1.0,,,,,selected,,,
E001677,application_reviewed,2026-08-31 14:06:00,CAN021,CMP013,JOB030,APP00512,SESSION_00512,Data Analyst,Mumbai,web,campaign,1.0,,reviewed,,,,,,
E001715,application_shortlisted,2026-08-31 16:47:00,CAN035,CMP004,JOB027,APP00526,SESSION_00526,UI/UX Designer,Chennai,web,direct,1.0,,,shortlisted,,,,,
E001538,application_next_step,2026-08-31 17:15:00,CAN039,CMP003,JOB011,APP00470,SESSION_00470,Data Analyst,Chennai,mobile,direct,1.0,,,,interview,,,,
E001647,application_shortlisted,2026-08-31 18:38:00,CAN019,CMP020,JOB019,APP00501,SESSION_00501,Software Developer,Bengaluru,web,direct,1.0,,,shortlisted,,,,,
E001515,application_selected,2026-08-31 19:28:00,CAN048,CMP009,JOB036,APP00464,SESSION_00464,Data Analyst,Hyderabad,mobile,organic,1.0,,,,,selected,,,
E001789,application_shortlisted,2026-08-31 21:43:00,CAN027,CMP027,JOB015,APP00547,SESSION_00547,Data Analyst,Hyderabad,web,organic,1.0,,,shortlisted,,,,,
E001724,application_shortlisted,2026-08-31 22:37:00,CAN076,CMP021,JOB041,APP00528,SESSION_00528,Software Developer,Hyderabad,mobile,direct,1.0,,,shortlisted,,,,,
E001736,application_reviewed,2026-08-31 22:54:00,CAN017,CMP021,JOB048,APP00531,SESSION_00531,Digital Marketer,Bengaluru,web,direct,1.0,,reviewed,,,,,,
E001101,application_outcome_recorded,2026-08-31 23:29:00,CAN003,CMP029,JOB032,APP00340,SESSION_00340,Software Developer,Bengaluru,web,referral,1.0,,,,,,OUT00340,successful,success
E001790,application_next_step,2026-09-01 00:43:00,CAN027,CMP027,JOB015,APP00547,SESSION_00547,Data Analyst,Hyderabad,mobile,direct,1.0,,,,interview,,,,
E001794,application_shortlisted,2026-09-01 01:32:00,CAN061,CMP024,JOB009,APP00548,SESSION_00548,Digital Marketer,Mumbai,mobile,referral,1.0,,,shortlisted,,,,,
E001606,application_next_step,2026-09-01 02:31:00,CAN019,CMP009,JOB039,APP00489,SESSION_00489,UI/UX Designer,Hyderabad,mobile,referral,1.0,,,,interview,,,,
E001623,application_next_step,2026-09-01 03:14:00,CAN061,CMP025,JOB022,APP00493,SESSION_00493,Digital Marketer,Pune,mobile,direct,1.0,,,,interview,,,,
E001767,application_next_step,2026-09-01 06:52:00,CAN014,CMP018,JOB048,APP00541,SESSION_00541,Business Analyst,Bengaluru,web,organic,1.0,,,,interview,,,,
E001377,application_outcome_recorded,2026-09-01 07:48:00,CAN047,CMP026,JOB031,APP00419,SESSION_00419,Software Developer,Chennai,web,organic,1.0,,,,,,OUT00419,successful,success
E001525,application_next_step,2026-09-01 08:03:00,CAN075,CMP025,JOB042,APP00467,SESSION_00467,Data Analyst,Pune,web,campaign,1.0,,,,interview,,,,
E001640,application_next_step,2026-09-01 08:33:00,CAN049,CMP021,JOB042,APP00499,SESSION_00499,Digital Marketer,Pune,web,campaign,1.0,,,,interview,,,,
E001804,application_shortlisted,2026-09-01 11:50:00,CAN043,CMP001,JOB016,APP00551,SESSION_00551,Business Analyst,Hyderabad,web,campaign,1.0,,,shortlisted,,,,,
E001737,application_shortlisted,2026-09-01 11:54:00,CAN017,CMP021,JOB048,APP00531,SESSION_00531,Digital Marketer,Bengaluru,mobile,referral,1.0,,,shortlisted,,,,,
E001747,application_reviewed,2026-09-01 12:09:00,CAN066,CMP015,JOB033,APP00534,SESSION_00534,Digital Marketer,Mumbai,web,referral,1.0,,reviewed,,,,,,
E001656,application_shortlisted,2026-09-01 13:45:00,CAN019,CMP007,JOB014,APP00504,SESSION_00504,Software Developer,Bengaluru,mobile,campaign,1.0,,,shortlisted,,,,,
E001798,application_reviewed,2026-09-01 14:30:00,CAN017,CMP024,JOB014,APP00550,SESSION_00550,UI/UX Designer,Chennai,mobile,direct,1.0,,reviewed,,,,,,
E001833,application_reviewed,2026-09-01 16:54:00,CAN061,CMP004,JOB018,APP00557,SESSION_00557,UI/UX Designer,Bengaluru,mobile,campaign,1.0,,reviewed,,,,,,
E001744,application_shortlisted,2026-09-01 17:53:00,CAN008,CMP026,JOB045,APP00533,SESSION_00533,Software Developer,Pune,web,organic,1.0,,,shortlisted,,,,,
E001776,application_reviewed,2026-09-01 19:51:00,CAN034,CMP026,JOB059,APP00545,SESSION_00545,Data Analyst,Bengaluru,mobile,direct,1.0,,reviewed,,,,,,
E001813,application_reviewed,2026-09-01 20:20:00,CAN012,CMP023,JOB015,APP00553,SESSION_00553,Software Developer,Hyderabad,web,campaign,1.0,,reviewed,,,,,,
E001748,application_shortlisted,2026-09-01 22:09:00,CAN066,CMP015,JOB033,APP00534,SESSION_00534,Digital Marketer,Mumbai,mobile,direct,1.0,,,shortlisted,,,,,
E001549,application_selected,2026-09-02 00:01:00,CAN063,CMP015,JOB030,APP00472,SESSION_00472,Digital Marketer,Bengaluru,mobile,organic,1.0,,,,,selected,,,
E001781,application_reviewed,2026-09-02 03:06:00,CAN053,CMP020,JOB051,APP00546,SESSION_00546,Business Analyst,Hyderabad,web,organic,1.0,,reviewed,,,,,,
E001782,application_shortlisted,2026-09-02 04:06:00,CAN053,CMP020,JOB051,APP00546,SESSION_00546,Business Analyst,Hyderabad,web,organic,1.0,,,shortlisted,,,,,
E001777,application_shortlisted,2026-09-02 04:51:00,CAN034,CMP026,JOB059,APP00545,SESSION_00545,Data Analyst,Bengaluru,web,campaign,1.0,,,shortlisted,,,,,
E001826,application_reviewed,2026-09-02 05:25:00,CAN006,CMP020,JOB042,APP00556,SESSION_00556,Data Analyst,Hyderabad,web,referral,1.0,,reviewed,,,,,,
E001749,application_next_step,2026-09-02 06:09:00,CAN066,CMP015,JOB033,APP00534,SESSION_00534,Digital Marketer,Mumbai,web,direct,1.0,,,,interview,,,,
E001834,application_shortlisted,2026-09-02 06:54:00,CAN061,CMP004,JOB018,APP00557,SESSION_00557,UI/UX Designer,Bengaluru,web,campaign,1.0,,,shortlisted,,,,,
E001420,application_selected,2026-09-02 10:10:00,CAN040,CMP029,JOB019,APP00436,SESSION_00436,Software Developer,Hyderabad,web,campaign,1.0,,,,,selected,,,
E001822,application_reviewed,2026-09-02 13:27:00,CAN057,CMP021,JOB060,APP00555,SESSION_00555,Software Developer,Bengaluru,mobile,referral,1.0,,reviewed,,,,,,
E001716,application_next_step,2026-09-02 13:47:00,CAN035,CMP004,JOB027,APP00526,SESSION_00526,UI/UX Designer,Chennai,mobile,organic,1.0,,,,interview,,,,
E001799,application_shortlisted,2026-09-02 14:30:00,CAN017,CMP024,JOB014,APP00550,SESSION_00550,UI/UX Designer,Chennai,mobile,direct,1.0,,,shortlisted,,,,,
E001456,application_selected,2026-09-02 22:22:00,CAN049,CMP027,JOB039,APP00447,SESSION_00447,Business Analyst,Pune,web,organic,1.0,,,,,selected,,,
E001800,application_next_step,2026-09-03 05:30:00,CAN017,CMP024,JOB014,APP00550,SESSION_00550,UI/UX Designer,Chennai,web,referral,1.0,,,,interview,,,,
E001805,application_next_step,2026-09-03 05:50:00,CAN043,CMP001,JOB016,APP00551,SESSION_00551,Business Analyst,Hyderabad,web,referral,1.0,,,,interview,,,,
E001725,application_next_step,2026-09-03 06:37:00,CAN076,CMP021,JOB041,APP00528,SESSION_00528,Software Developer,Hyderabad,mobile,organic,1.0,,,,interview,,,,
E001835,application_next_step,2026-09-03 06:54:00,CAN061,CMP004,JOB018,APP00557,SESSION_00557,UI/UX Designer,Bengaluru,web,direct,1.0,,,,interview,,,,
E001814,application_shortlisted,2026-09-03 12:20:00,CAN012,CMP023,JOB015,APP00553,SESSION_00553,Software Developer,Hyderabad,web,direct,1.0,,,shortlisted,,,,,
E001516,application_outcome_recorded,2026-09-03 15:28:00,CAN048,CMP009,JOB036,APP00464,SESSION_00464,Data Analyst,Hyderabad,web,referral,1.0,,,,,,OUT00464,successful,success
E001823,application_shortlisted,2026-09-03 16:27:00,CAN057,CMP021,JOB060,APP00555,SESSION_00555,Software Developer,Bengaluru,mobile,referral,1.0,,,shortlisted,,,,,
E001827,application_shortlisted,2026-09-03 23:25:00,CAN006,CMP020,JOB042,APP00556,SESSION_00556,Data Analyst,Hyderabad,mobile,organic,1.0,,,shortlisted,,,,,
E001717,application_selected,2026-09-04 06:47:00,CAN035,CMP004,JOB027,APP00526,SESSION_00526,UI/UX Designer,Chennai,mobile,campaign,1.0,,,,,selected,,,
E001526,application_selected,2026-09-04 11:03:00,CAN075,CMP025,JOB042,APP00467,SESSION_00467,Data Analyst,Pune,web,referral,1.0,,,,,selected,,,
E001624,application_selected,2026-09-04 14:14:00,CAN061,CMP025,JOB022,APP00493,SESSION_00493,Digital Marketer,Pune,mobile,campaign,1.0,,,,,selected,,,
E001828,application_next_step,2026-09-04 14:25:00,CAN006,CMP020,JOB042,APP00556,SESSION_00556,Data Analyst,Hyderabad,mobile,campaign,1.0,,,,interview,,,,
E001421,application_outcome_recorded,2026-09-04 16:10:00,CAN040,CMP029,JOB019,APP00436,SESSION_00436,Software Developer,Hyderabad,mobile,organic,1.0,,,,,,OUT00436,successful,success
E001783,application_next_step,2026-09-04 18:06:00,CAN053,CMP020,JOB051,APP00546,SESSION_00546,Business Analyst,Hyderabad,web,organic,1.0,,,,interview,,,,
E001625,application_outcome_recorded,2026-09-04 18:14:00,CAN061,CMP025,JOB022,APP00493,SESSION_00493,Digital Marketer,Pune,mobile,organic,1.0,,,,,,OUT00493,successful,success
E001778,application_next_step,2026-09-04 21:51:00,CAN034,CMP026,JOB059,APP00545,SESSION_00545,Data Analyst,Bengaluru,mobile,campaign,1.0,,,,interview,,,,
E001806,application_selected,2026-09-05 06:50:00,CAN043,CMP001,JOB016,APP00551,SESSION_00551,Business Analyst,Hyderabad,mobile,campaign,1.0,,,,,selected,,,
E001527,application_outcome_recorded,2026-09-05 07:03:00,CAN075,CMP025,JOB042,APP00467,SESSION_00467,Data Analyst,Pune,mobile,organic,1.0,,,,,,OUT00467,successful,success
E001836,application_selected,2026-09-05 13:54:00,CAN061,CMP004,JOB018,APP00557,SESSION_00557,UI/UX Designer,Bengaluru,web,referral,1.0,,,,,selected,,,
E001550,application_outcome_recorded,2026-09-06 00:01:00,CAN063,CMP015,JOB030,APP00472,SESSION_00472,Digital Marketer,Bengaluru,web,campaign,1.0,,,,,,OUT00472,successful,success
E001815,application_next_step,2026-09-06 05:20:00,CAN012,CMP023,JOB015,APP00553,SESSION_00553,Software Developer,Hyderabad,web,organic,1.0,,,,interview,,,,
E001457,application_outcome_recorded,2026-09-06 11:22:00,CAN049,CMP027,JOB039,APP00447,SESSION_00447,Business Analyst,Pune,mobile,organic,1.0,,,,,,OUT00447,successful,success
E001829,application_selected,2026-09-06 12:25:00,CAN006,CMP020,JOB042,APP00556,SESSION_00556,Data Analyst,Hyderabad,web,referral,1.0,,,,,selected,,,
E001718,application_outcome_recorded,2026-09-06 16:47:00,CAN035,CMP004,JOB027,APP00526,SESSION_00526,UI/UX Designer,Chennai,web,direct,1.0,,,,,,OUT00526,successful,success
E001784,application_selected,2026-09-06 18:06:00,CAN053,CMP020,JOB051,APP00546,SESSION_00546,Business Analyst,Hyderabad,mobile,direct,1.0,,,,,selected,,,
E001726,application_selected,2026-09-06 20:37:00,CAN076,CMP021,JOB041,APP00528,SESSION_00528,Software Developer,Hyderabad,web,referral,1.0,,,,,selected,,,
E001807,application_outcome_recorded,2026-09-07 02:50:00,CAN043,CMP001,JOB016,APP00551,SESSION_00551,Business Analyst,Hyderabad,mobile,referral,1.0,,,,,,OUT00551,successful,success
E001785,application_outcome_recorded,2026-09-07 16:06:00,CAN053,CMP020,JOB051,APP00546,SESSION_00546,Business Analyst,Hyderabad,mobile,direct,1.0,,,,,,OUT00546,successful,success
E001816,application_selected,2026-09-08 00:20:00,CAN012,CMP023,JOB015,APP00553,SESSION_00553,Software Developer,Hyderabad,web,campaign,1.0,,,,,selected,,,
E001727,application_outcome_recorded,2026-09-08 22:37:00,CAN076,CMP021,JOB041,APP00528,SESSION_00528,Software Developer,Hyderabad,mobile,referral,1.0,,,,,,OUT00528,successful,success
E001817,application_outcome_recorded,2026-09-09 20:20:00,CAN012,CMP023,JOB015,APP00553,SESSION_00553,Software Developer,Hyderabad,web,referral,1.0,,,,,,OUT00553,successful,success
E001830,application_outcome_recorded,2026-09-09 21:25:00,CAN006,CMP020,JOB042,APP00556,SESSION_00556,Data Analyst,Hyderabad,mobile,direct,1.0,,,,,,OUT00556,successful,success
