student_id,college_id,college,city,branch,cgpa,active_backlogs,profile_complete,documents_verified,eligible,registered_at
STU00001,COL005,New Horizon College of Engineering,Bangalore,ECE,9.02,0,True,True,True,2026-07-21T17:20
STU00002,COL003,PES University,Bangalore,ISE,7.78,0,True,True,True,2026-07-28T15:26
STU00003,COL001,BMS Institute of Technology,Bangalore,ME,6.51,0,True,True,True,2026-08-16T19:20
STU00004,COL003,PES University,Bangalore,EEE,7.39,0,True,True,True,2026-08-18T11:42
STU00005,COL004,Dayananda Sagar College of Engineering,Bangalore,ISE,8.05,0,True,True,True,2026-08-05T13:01
STU00006,COL005,New Horizon College of Engineering,Bangalore,ISE,7.16,0,True,True,True,2026-08-05T12:37
STU00007,COL006,CMR Institute of Technology,Bangalore,EEE,8.02,0,True,True,True,2026-08-23T10:51
STU00008,COL006,CMR Institute of Technology,Bangalore,ECE,8.53,0,False,True,False,2026-07-11T17:06
STU00009,COL005,New Horizon College of Engineering,Bangalore,AI&ML,7.19,0,True,True,True,2026-07-05T16:04
STU00010,COL001,BMS Institute of Technology,Bangalore,ECE,6.92,0,True,True,True,2026-08-14T14:41
STU00011,COL005,New Horizon College of Engineering,Bangalore,AI&ML,6.59,0,True,True,True,2026-08-15T09:48
STU00012,COL002,RV College of Engineering,Bangalore,AI&ML,7.81,0,True,True,True,2026-07-01T17:36
STU00013,COL006,CMR Institute of Technology,Bangalore,ISE,8.13,0,True,True,True,2026-08-23T19:14
STU00014,COL001,BMS Institute of Technology,Bangalore,AI&ML,6.41,0,True,True,False,2026-07-05T13:53
STU00015,COL001,BMS Institute of Technology,Bangalore,ME,8.51,0,True,True,True,2026-08-17T13:26
STU00016,COL003,PES University,Bangalore,ECE,8.6,0,True,True,True,2026-07-08T10:52
STU00017,COL004,Dayananda Sagar College of Engineering,Bangalore,EEE,8.03,1,True,True,False,2026-07-01T15:23
STU00018,COL001,BMS Institute of Technology,Bangalore,ECE,7.59,0,True,True,True,2026-08-01T10:45
STU00019,COL003,PES University,Bangalore,ECE,6.9,0,True,True,True,2026-08-11T20:32
STU00020,COL004,Dayananda Sagar College of Engineering,Bangalore,ME,9.29,0,True,True,True,2026-07-06T10:14
STU00021,COL002,RV College of Engineering,Bangalore,ISE,7.11,0,False,True,False,2026-07-01T10:19
STU00022,COL005,New Horizon College of Engineering,Bangalore,ECE,7.62,0,True,True,True,2026-07-07T14:18
STU00023,COL006,CMR Institute of Technology,Bangalore,ME,7.09,0,True,True,True,2026-07-19T16:09
STU00024,COL004,Dayananda Sagar College of Engineering,Bangalore,EEE,6.24,1,True,True,False,2026-08-16T16:13
STU00025,COL002,RV College of Engineering,Bangalore,ME,7.65,0,True,True,True,2026-08-24T18:39
STU00026,COL003,PES University,Bangalore,AI&ML,7.21,0,True,True,True,2026-07-04T10:30
STU00027,COL004,Dayananda Sagar College of Engineering,Bangalore,ISE,7.32,2,True,True,False,2026-07-14T11:38
STU00028,COL004,Dayananda Sagar College of Engineering,Bangalore,ME,8.43,0,True,True,True,2026-08-14T10:59
STU00029,COL001,BMS Institute of Technology,Bangalore,ISE,7.03,2,False,False,False,2026-08-13T09:36
STU00030,COL006,CMR Institute of Technology,Bangalore,ISE,7.04,0,True,False,False,2026-07-11T19:20
STU00031,COL002,RV College of Engineering,Bangalore,ECE,7.14,0,True,False,False,2026-08-01T12:13
STU00032,COL003,PES University,Bangalore,ISE,8.31,0,True,True,True,2026-07-24T16:00
STU00033,COL001,BMS Institute of Technology,Bangalore,ISE,7.6,0,True,True,True,2026-08-25T14:08
STU00034,COL006,CMR Institute of Technology,Bangalore,EEE,8.39,0,True,True,True,2026-07-02T18:00
STU00035,COL002,RV College of Engineering,Bangalore,AI&ML,6.89,0,True,True,True,2026-07-07T15:24
STU00036,COL004,Dayananda Sagar College of Engineering,Bangalore,ECE,7.48,0,False,True,False,2026-08-11T14:41
STU00037,COL001,BMS Institute of Technology,Bangalore,ME,8.16,0,True,True,True,2026-08-24T17:22
STU00038,COL002,RV College of Engineering,Bangalore,CSE,7.54,0,True,True,True,2026-07-16T16:20
STU00039,COL003,PES University,Bangalore,AI&ML,7.42,0,True,True,True,2026-07-29T09:36
STU00040,COL002,RV College of Engineering,Bangalore,ISE,7.13,0,True,True,True,2026-08-05T16:41
STU00041,COL001,BMS Institute of Technology,Bangalore,EEE,7.07,0,True,True,True,2026-07-06T18:41
STU00042,COL006,CMR Institute of Technology,Bangalore,ECE,7.86,0,True,False,False,2026-07-27T13:17
STU00043,COL001,BMS Institute of Technology,Bangalore,ECE,7.4,0,True,True,True,2026-08-12T18:38
STU00044,COL005,New Horizon College of Engineering,Bangalore,AI&ML,9.09,1,True,True,False,2026-07-05T19:24
STU00045,COL006,CMR Institute of Technology,Bangalore,AI&ML,7.42,1,True,True,False,2026-07-06T12:04
STU00046,COL003,PES University,Bangalore,CSE,6.86,0,True,True,True,2026-07-12T15:02
STU00047,COL002,RV College of Engineering,Bangalore,EEE,8.21,0,True,True,True,2026-08-18T16:41
STU00048,COL005,New Horizon College of Engineering,Bangalore,EEE,7.29,1,True,False,False,2026-07-07T19:06
STU00049,COL001,BMS Institute of Technology,Bangalore,ECE,7.75,0,True,True,True,2026-07-04T19:37
STU00050,COL006,CMR Institute of Technology,Bangalore,CSE,7.94,1,False,True,False,2026-07-15T18:13
STU00051,COL001,BMS Institute of Technology,Bangalore,ME,6.78,1,True,True,False,2026-08-03T16:17
STU00052,COL003,PES University,Bangalore,EEE,6.38,0,True,True,False,2026-08-18T18:57
STU00053,COL004,Dayananda Sagar College of Engineering,Bangalore,ME,8.01,0,True,True,True,2026-08-25T14:01
STU00054,COL002,RV College of Engineering,Bangalore,EEE,7.38,2,True,True,False,2026-07-26T16:05
STU00055,COL002,RV College of Engineering,Bangalore,ECE,7.85,0,True,True,True,2026-07-04T17:54
STU00056,COL001,BMS Institute of Technology,Bangalore,ME,8.52,0,True,True,True,2026-07-18T19:34
STU00057,COL004,Dayananda Sagar College of Engineering,Bangalore,AI&ML,7.21,0,True,True,True,2026-08-23T13:29
STU00058,COL002,RV College of Engineering,Bangalore,CSE,8.54,0,True,True,True,2026-08-08T12:11
STU00059,COL003,PES University,Bangalore,EEE,7.2,0,True,True,True,2026-07-08T10:30
STU00060,COL002,RV College of Engineering,Bangalore,EEE,7.45,0,True,True,True,2026-07-06T18:45
STU00061,COL003,PES University,Bangalore,AI&ML,8.39,0,True,True,True,2026-07-22T13:42
STU00062,COL004,Dayananda Sagar College of Engineering,Bangalore,ECE,7.97,0,True,True,True,2026-07-19T11:32
STU00063,COL004,Dayananda Sagar College of Engineering,Bangalore,ECE,7.47,0,True,True,True,2026-07-18T19:34
STU00064,COL002,RV College of Engineering,Bangalore,CSE,7.4,0,True,True,True,2026-08-02T19:16
STU00065,COL004,Dayananda Sagar College of Engineering,Bangalore,ISE,7.7,0,True,True,True,2026-08-12T12:42
STU00066,COL004,Dayananda Sagar College of Engineering,Bangalore,ECE,7.58,0,True,True,True,2026-08-07T13:13
STU00067,COL004,Dayananda Sagar College of Engineering,Bangalore,AI&ML,7.58,0,True,True,True,2026-07-09T20:14
STU00068,COL001,BMS Institute of Technology,Bangalore,ISE,7.04,0,True,False,False,2026-07-23T15:56
STU00069,COL003,PES University,Bangalore,ME,7.5,0,True,True,True,2026-07-09T16:30
STU00070,COL005,New Horizon College of Engineering,Bangalore,AI&ML,8.28,0,True,True,True,2026-07-19T19:49
STU00071,COL003,PES University,Bangalore,ECE,7.95,0,False,True,False,2026-07-26T13:49
STU00072,COL006,CMR Institute of Technology,Bangalore,AI&ML,6.91,0,True,True,True,2026-08-21T17:32
STU00073,COL006,CMR Institute of Technology,Bangalore,ECE,8.41,0,True,False,False,2026-08-15T12:05
STU00074,COL004,Dayananda Sagar College of Engineering,Bangalore,AI&ML,7.21,0,True,True,True,2026-08-06T11:08
STU00075,COL001,BMS Institute of Technology,Bangalore,CSE,8.57,0,True,True,True,2026-07-31T16:45
STU00076,COL003,PES University,Bangalore,CSE,7.2,0,True,True,True,2026-07-23T14:20
STU00077,COL002,RV College of Engineering,Bangalore,ISE,8.57,1,True,True,False,2026-07-15T11:23
STU00078,COL006,CMR Institute of Technology,Bangalore,CSE,7.2,2,False,True,False,2026-07-20T13:27
STU00079,COL005,New Horizon College of Engineering,Bangalore,EEE,9.18,0,True,True,True,2026-07-18T19:11
STU00080,COL002,RV College of Engineering,Bangalore,ME,8.43,0,True,True,True,2026-07-16T11:30
STU00081,COL003,PES University,Bangalore,EEE,7.66,0,True,False,False,2026-07-27T10:02
STU00082,COL004,Dayananda Sagar College of Engineering,Bangalore,ECE,8.68,0,True,True,True,2026-07-23T19:26
STU00083,COL004,Dayananda Sagar College of Engineering,Bangalore,ISE,7.54,2,False,True,False,2026-08-25T09:20
STU00084,COL005,New Horizon College of Engineering,Bangalore,ISE,7.74,1,True,True,False,2026-07-27T12:49
STU00085,COL004,Dayananda Sagar College of Engineering,Bangalore,AI&ML,6.52,0,True,False,False,2026-07-30T11:43
STU00086,COL005,New Horizon College of Engineering,Bangalore,ECE,7.68,2,True,True,False,2026-07-06T14:33
STU00087,COL001,BMS Institute of Technology,Bangalore,AI&ML,6.5,1,True,True,False,2026-08-03T20:12
STU00088,COL001,BMS Institute of Technology,Bangalore,AI&ML,7.16,0,True,False,False,2026-07-23T18:59
STU00089,COL004,Dayananda Sagar College of Engineering,Bangalore,ME,6.76,0,True,True,True,2026-07-05T17:31
STU00090,COL003,PES University,Bangalore,ECE,7.42,0,True,False,False,2026-07-09T19:13
STU00091,COL001,BMS Institute of Technology,Bangalore,ECE,6.44,2,True,True,False,2026-08-01T18:37
STU00092,COL003,PES University,Bangalore,ISE,7.82,0,True,True,True,2026-07-30T10:17
STU00093,COL004,Dayananda Sagar College of Engineering,Bangalore,ECE,7.16,0,True,True,True,2026-08-21T20:34
STU00094,COL001,BMS Institute of Technology,Bangalore,CSE,7.51,1,True,False,False,2026-07-17T20:08
STU00095,COL001,BMS Institute of Technology,Bangalore,ISE,7.59,0,True,True,True,2026-08-05T11:27
STU00096,COL003,PES University,Bangalore,ECE,8.55,0,True,True,True,2026-08-22T20:44
STU00097,COL006,CMR Institute of Technology,Bangalore,AI&ML,7.74,0,True,True,True,2026-07-03T14:19
STU00098,COL005,New Horizon College of Engineering,Bangalore,ECE,7.0,0,True,True,True,2026-08-08T11:43
STU00099,COL005,New Horizon College of Engineering,Bangalore,ECE,6.81,0,True,True,True,2026-07-03T10:13
STU00100,COL006,CMR Institute of Technology,Bangalore,ME,8.22,1,True,True,False,2026-08-05T10:05
STU00101,COL002,RV College of Engineering,Bangalore,ECE,7.64,1,True,True,False,2026-07-14T14:32
STU00102,COL006,CMR Institute of Technology,Bangalore,CSE,7.65,0,True,True,True,2026-07-25T18:33
STU00103,COL005,New Horizon College of Engineering,Bangalore,EEE,6.19,0,True,False,False,2026-07-13T09:07
STU00104,COL001,BMS Institute of Technology,Bangalore,ECE,8.5,1,True,True,False,2026-07-29T18:36
STU00105,COL006,CMR Institute of Technology,Bangalore,CSE,7.59,0,True,True,True,2026-08-16T10:31
STU00106,COL005,New Horizon College of Engineering,Bangalore,ISE,6.96,0,True,True,True,2026-08-18T19:18
STU00107,COL003,PES University,Bangalore,CSE,6.98,0,True,True,True,2026-07-30T11:56
STU00108,COL003,PES University,Bangalore,ISE,8.23,0,True,True,True,2026-07-30T10:06
STU00109,COL002,RV College of Engineering,Bangalore,CSE,8.22,0,True,True,True,2026-07-16T19:51
STU00110,COL006,CMR Institute of Technology,Bangalore,ME,6.45,0,True,True,False,2026-08-12T19:32
STU00111,COL001,BMS Institute of Technology,Bangalore,AI&ML,8.96,0,True,True,True,2026-07-20T16:08
STU00112,COL006,CMR Institute of Technology,Bangalore,ECE,7.77,0,True,True,True,2026-07-19T18:06
STU00113,COL005,New Horizon College of Engineering,Bangalore,CSE,8.35,0,True,True,True,2026-07-27T20:01
STU00114,COL001,BMS Institute of Technology,Bangalore,AI&ML,8.54,0,True,True,True,2026-08-19T19:55
STU00115,COL002,RV College of Engineering,Bangalore,EEE,7.13,0,True,True,True,2026-07-18T16:32
STU00116,COL005,New Horizon College of Engineering,Bangalore,ECE,8.35,0,True,True,True,2026-07-26T10:16
STU00117,COL003,PES University,Bangalore,ISE,7.62,1,True,True,False,2026-07-21T10:52
STU00118,COL004,Dayananda Sagar College of Engineering,Bangalore,CSE,7.68,0,True,True,True,2026-07-01T16:39
STU00119,COL004,Dayananda Sagar College of Engineering,Bangalore,AI&ML,7.07,0,True,True,True,2026-07-10T15:19
STU00120,COL005,New Horizon College of Engineering,Bangalore,ISE,7.01,0,True,True,True,2026-07-18T20:08
STU00121,COL002,RV College of Engineering,Bangalore,ECE,7.41,0,False,False,False,2026-07-31T09:34
STU00122,COL005,New Horizon College of Engineering,Bangalore,EEE,7.82,0,True,True,True,2026-07-20T09:30
STU00123,COL004,Dayananda Sagar College of Engineering,Bangalore,CSE,8.29,0,True,True,True,2026-07-12T13:09
STU00124,COL001,BMS Institute of Technology,Bangalore,CSE,7.79,0,True,True,True,2026-08-09T20:22
STU00125,COL006,CMR Institute of Technology,Bangalore,ECE,7.83,0,True,True,True,2026-08-20T09:34
STU00126,COL004,Dayananda Sagar College of Engineering,Bangalore,CSE,6.19,0,True,True,False,2026-08-08T10:45
STU00127,COL005,New Horizon College of Engineering,Bangalore,AI&ML,8.3,0,True,True,True,2026-08-20T09:26
STU00128,COL002,RV College of Engineering,Bangalore,CSE,8.15,1,True,True,False,2026-07-09T10:48
STU00129,COL002,RV College of Engineering,Bangalore,CSE,7.73,0,True,True,True,2026-08-06T15:24
STU00130,COL005,New Horizon College of Engineering,Bangalore,EEE,6.82,0,True,True,True,2026-08-03T12:54
STU00131,COL002,RV College of Engineering,Bangalore,ISE,8.0,0,True,True,True,2026-08-09T12:08
STU00132,COL003,PES University,Bangalore,ECE,7.1,0,True,True,True,2026-07-30T16:45
STU00133,COL006,CMR Institute of Technology,Bangalore,CSE,7.89,0,True,True,True,2026-08-06T12:43
STU00134,COL005,New Horizon College of Engineering,Bangalore,CSE,8.1,0,True,True,True,2026-07-05T18:30
STU00135,COL005,New Horizon College of Engineering,Bangalore,AI&ML,8.4,0,True,True,True,2026-07-08T17:14
STU00136,COL002,RV College of Engineering,Bangalore,AI&ML,7.94,0,True,False,False,2026-07-10T15:28
STU00137,COL006,CMR Institute of Technology,Bangalore,ISE,7.63,1,True,True,False,2026-08-13T15:49
STU00138,COL005,New Horizon College of Engineering,Bangalore,ISE,7.8,0,True,False,False,2026-08-01T12:14
STU00139,COL006,CMR Institute of Technology,Bangalore,ECE,7.36,0,True,True,True,2026-08-22T09:37
STU00140,COL005,New Horizon College of Engineering,Bangalore,AI&ML,8.4,0,True,True,True,2026-07-02T12:01
STU00141,COL003,PES University,Bangalore,CSE,8.86,0,True,True,True,2026-08-09T14:58
STU00142,COL005,New Horizon College of Engineering,Bangalore,ECE,7.49,0,False,True,False,2026-08-19T16:14
STU00143,COL003,PES University,Bangalore,CSE,7.89,0,True,True,True,2026-07-06T12:12
STU00144,COL006,CMR Institute of Technology,Bangalore,EEE,6.66,0,False,True,False,2026-08-16T14:31
STU00145,COL006,CMR Institute of Technology,Bangalore,ISE,7.05,0,True,False,False,2026-07-06T09:11
STU00146,COL001,BMS Institute of Technology,Bangalore,ME,7.17,1,True,True,False,2026-07-11T17:01
STU00147,COL006,CMR Institute of Technology,Bangalore,ME,8.42,0,True,True,True,2026-08-06T19:38
STU00148,COL003,PES University,Bangalore,ISE,7.82,0,True,True,True,2026-08-07T20:24
STU00149,COL004,Dayananda Sagar College of Engineering,Bangalore,ISE,6.98,1,True,True,False,2026-07-25T10:12
STU00150,COL003,PES University,Bangalore,CSE,7.06,0,True,True,True,2026-07-17T20:55
STU00151,COL004,Dayananda Sagar College of Engineering,Bangalore,ISE,6.81,0,True,True,True,2026-08-03T13:10
STU00152,COL002,RV College of Engineering,Bangalore,ISE,8.34,0,True,True,True,2026-07-06T12:10
STU00153,COL003,PES University,Bangalore,ISE,9.04,0,True,True,True,2026-07-04T20:52
STU00154,COL004,Dayananda Sagar College of Engineering,Bangalore,ME,8.01,0,True,True,True,2026-07-26T16:41
STU00155,COL001,BMS Institute of Technology,Bangalore,ECE,6.61,0,True,False,False,2026-07-11T16:18
STU00156,COL004,Dayananda Sagar College of Engineering,Bangalore,ME,8.28,0,True,True,True,2026-07-11T09:27
STU00157,COL002,RV College of Engineering,Bangalore,ECE,6.89,0,True,True,True,2026-07-02T20:34
STU00158,COL004,Dayananda Sagar College of Engineering,Bangalore,ISE,6.95,0,True,True,True,2026-08-08T17:29
STU00159,COL005,New Horizon College of Engineering,Bangalore,EEE,7.15,0,True,True,True,2026-07-15T17:31
STU00160,COL004,Dayananda Sagar College of Engineering,Bangalore,ISE,8.26,0,True,True,True,2026-08-12T13:41
STU00161,COL001,BMS Institute of Technology,Bangalore,ME,6.97,0,True,True,True,2026-07-08T12:23
STU00162,COL004,Dayananda Sagar College of Engineering,Bangalore,ISE,7.5,1,True,True,False,2026-07-19T14:06
STU00163,COL003,PES University,Bangalore,EEE,6.25,1,True,True,False,2026-07-23T14:28
STU00164,COL001,BMS Institute of Technology,Bangalore,EEE,8.23,0,True,True,True,2026-07-03T13:33
STU00165,COL001,BMS Institute of Technology,Bangalore,EEE,7.25,0,True,True,True,2026-08-10T19:17
STU00166,COL001,BMS Institute of Technology,Bangalore,ME,7.68,2,True,True,False,2026-08-12T17:53
STU00167,COL002,RV College of Engineering,Bangalore,ME,6.68,0,False,True,False,2026-07-26T17:35
STU00168,COL003,PES University,Bangalore,CSE,8.64,0,True,True,True,2026-08-05T19:14
STU00169,COL004,Dayananda Sagar College of Engineering,Bangalore,ISE,7.22,0,True,True,True,2026-07-04T11:40
STU00170,COL004,Dayananda Sagar College of Engineering,Bangalore,ECE,7.45,1,True,True,False,2026-08-21T20:48
STU00171,COL004,Dayananda Sagar College of Engineering,Bangalore,CSE,8.33,0,True,True,True,2026-08-05T17:39
STU00172,COL002,RV College of Engineering,Bangalore,EEE,8.01,0,False,True,False,2026-07-12T17:08
STU00173,COL001,BMS Institute of Technology,Bangalore,ME,7.58,0,True,True,True,2026-07-18T12:58
STU00174,COL005,New Horizon College of Engineering,Bangalore,CSE,7.98,0,True,True,True,2026-08-18T11:07
STU00175,COL001,BMS Institute of Technology,Bangalore,CSE,7.72,0,True,True,True,2026-07-03T15:08
STU00176,COL001,BMS Institute of Technology,Bangalore,AI&ML,6.67,1,True,True,False,2026-07-19T16:57
STU00177,COL004,Dayananda Sagar College of Engineering,Bangalore,CSE,7.64,2,True,True,False,2026-07-15T10:28
STU00178,COL004,Dayananda Sagar College of Engineering,Bangalore,CSE,7.79,0,True,True,True,2026-07-15T20:31
STU00179,COL006,CMR Institute of Technology,Bangalore,CSE,7.43,1,True,False,False,2026-08-11T12:18
STU00180,COL003,PES University,Bangalore,ECE,7.83,0,True,True,True,2026-07-20T13:48
STU00181,COL002,RV College of Engineering,Bangalore,ISE,8.89,1,False,True,False,2026-07-02T11:36
STU00182,COL003,PES University,Bangalore,ECE,6.66,0,True,True,True,2026-08-25T13:32
STU00183,COL004,Dayananda Sagar College of Engineering,Bangalore,ISE,7.53,1,True,True,False,2026-07-16T12:17
STU00184,COL006,CMR Institute of Technology,Bangalore,ECE,8.02,0,True,True,True,2026-08-12T15:40
STU00185,COL005,New Horizon College of Engineering,Bangalore,ISE,7.7,0,True,False,False,2026-07-27T09:07
STU00186,COL001,BMS Institute of Technology,Bangalore,ECE,8.59,0,True,True,True,2026-08-06T09:22
STU00187,COL004,Dayananda Sagar College of Engineering,Bangalore,AI&ML,8.46,0,True,True,True,2026-08-03T19:22
STU00188,COL006,CMR Institute of Technology,Bangalore,ECE,7.89,0,True,True,True,2026-07-19T16:28
STU00189,COL001,BMS Institute of Technology,Bangalore,ISE,7.72,0,True,True,True,2026-07-14T12:51
STU00190,COL003,PES University,Bangalore,EEE,7.68,1,True,True,False,2026-07-22T15:18
STU00191,COL002,RV College of Engineering,Bangalore,CSE,7.81,2,True,True,False,2026-07-15T11:38
STU00192,COL004,Dayananda Sagar College of Engineering,Bangalore,AI&ML,7.26,0,True,False,False,2026-07-28T11:32
STU00193,COL003,PES University,Bangalore,AI&ML,6.26,1,True,True,False,2026-08-23T15:19
STU00194,COL006,CMR Institute of Technology,Bangalore,EEE,7.71,0,True,True,True,2026-08-02T12:15
STU00195,COL004,Dayananda Sagar College of Engineering,Bangalore,AI&ML,6.06,0,True,True,False,2026-08-19T16:13
STU00196,COL006,CMR Institute of Technology,Bangalore,EEE,7.08,0,True,True,True,2026-08-06T14:58
STU00197,COL001,BMS Institute of Technology,Bangalore,AI&ML,8.32,0,True,True,True,2026-08-21T09:31
STU00198,COL002,RV College of Engineering,Bangalore,AI&ML,8.79,0,False,True,False,2026-08-19T09:06
STU00199,COL004,Dayananda Sagar College of Engineering,Bangalore,AI&ML,7.43,0,True,True,True,2026-07-13T10:58
STU00200,COL005,New Horizon College of Engineering,Bangalore,CSE,7.26,2,True,True,False,2026-07-04T10:54
STU00201,COL005,New Horizon College of Engineering,Bangalore,EEE,8.3,0,True,True,True,2026-07-22T11:54
STU00202,COL005,New Horizon College of Engineering,Bangalore,ISE,8.27,0,True,True,True,2026-07-01T18:09
STU00203,COL002,RV College of Engineering,Bangalore,ISE,7.62,0,True,True,True,2026-07-25T09:32
STU00204,COL006,CMR Institute of Technology,Bangalore,CSE,7.31,0,True,True,True,2026-07-20T11:33
STU00205,COL006,CMR Institute of Technology,Bangalore,ECE,8.9,0,True,False,False,2026-07-12T14:42
STU00206,COL003,PES University,Bangalore,AI&ML,7.54,2,True,True,False,2026-07-19T20:50
STU00207,COL001,BMS Institute of Technology,Bangalore,ECE,7.65,0,True,True,True,2026-07-22T21:00
STU00208,COL003,PES University,Bangalore,ISE,8.65,0,True,False,False,2026-07-14T13:14
STU00209,COL003,PES University,Bangalore,EEE,7.42,0,True,True,True,2026-07-30T13:28
STU00210,COL003,PES University,Bangalore,EEE,7.3,1,True,True,False,2026-08-01T15:06
STU00211,COL005,New Horizon College of Engineering,Bangalore,CSE,7.43,0,False,True,False,2026-08-16T09:05
STU00212,COL001,BMS Institute of Technology,Bangalore,ME,8.18,0,True,True,True,2026-07-26T16:29
STU00213,COL002,RV College of Engineering,Bangalore,ECE,6.96,0,True,True,True,2026-08-12T16:43
STU00214,COL003,PES University,Bangalore,ME,9.17,0,True,True,True,2026-07-31T16:56
STU00215,COL002,RV College of Engineering,Bangalore,CSE,8.2,2,True,True,False,2026-07-20T14:09
STU00216,COL006,CMR Institute of Technology,Bangalore,CSE,7.8,0,False,True,False,2026-08-13T10:09
STU00217,COL005,New Horizon College of Engineering,Bangalore,ME,7.2,0,False,True,False,2026-08-24T19:44
STU00218,COL004,Dayananda Sagar College of Engineering,Bangalore,CSE,9.25,0,True,True,True,2026-07-26T09:45
STU00219,COL003,PES University,Bangalore,ECE,8.34,0,True,True,True,2026-07-26T14:22
STU00220,COL003,PES University,Bangalore,ME,7.9,1,True,False,False,2026-08-10T09:03
STU00221,COL005,New Horizon College of Engineering,Bangalore,CSE,7.69,0,False,True,False,2026-07-01T14:28
STU00222,COL006,CMR Institute of Technology,Bangalore,ME,8.86,2,True,True,False,2026-08-06T14:02
STU00223,COL003,PES University,Bangalore,ISE,7.66,0,False,True,False,2026-08-15T12:54
STU00224,COL006,CMR Institute of Technology,Bangalore,AI&ML,9.55,0,True,True,True,2026-08-22T11:28
STU00225,COL005,New Horizon College of Engineering,Bangalore,ME,6.25,0,False,True,False,2026-08-18T13:16
STU00226,COL001,BMS Institute of Technology,Bangalore,CSE,7.83,1,True,True,False,2026-07-06T09:09
STU00227,COL006,CMR Institute of Technology,Bangalore,AI&ML,7.23,0,True,True,True,2026-07-23T16:39
STU00228,COL004,Dayananda Sagar College of Engineering,Bangalore,ME,6.84,0,True,True,True,2026-07-04T14:19
STU00229,COL003,PES University,Bangalore,ME,8.22,0,True,True,True,2026-08-15T20:30
STU00230,COL006,CMR Institute of Technology,Bangalore,ME,7.65,0,True,True,True,2026-07-12T16:55
STU00231,COL006,CMR Institute of Technology,Bangalore,ISE,7.43,0,True,True,True,2026-07-14T10:49
STU00232,COL003,PES University,Bangalore,ECE,8.17,0,True,True,True,2026-07-21T10:06
STU00233,COL006,CMR Institute of Technology,Bangalore,ECE,8.21,0,True,True,True,2026-07-23T18:54
STU00234,COL001,BMS Institute of Technology,Bangalore,AI&ML,7.24,0,True,False,False,2026-08-25T15:46
STU00235,COL006,CMR Institute of Technology,Bangalore,CSE,7.87,0,True,True,True,2026-08-14T13:50
STU00236,COL003,PES University,Bangalore,ME,6.8,0,True,True,True,2026-07-16T09:19
STU00237,COL002,RV College of Engineering,Bangalore,ISE,7.32,0,False,True,False,2026-08-05T11:06
STU00238,COL005,New Horizon College of Engineering,Bangalore,ISE,8.08,1,True,True,False,2026-08-09T19:47
STU00239,COL003,PES University,Bangalore,AI&ML,8.18,0,True,True,True,2026-07-06T19:31
STU00240,COL005,New Horizon College of Engineering,Bangalore,EEE,7.7,0,True,True,True,2026-08-01T13:43
STU00241,COL004,Dayananda Sagar College of Engineering,Bangalore,EEE,8.71,0,True,True,True,2026-08-02T15:20
STU00242,COL003,PES University,Bangalore,ISE,6.46,0,True,True,False,2026-07-27T13:47
STU00243,COL001,BMS Institute of Technology,Bangalore,ECE,7.96,1,True,True,False,2026-07-09T16:43
STU00244,COL006,CMR Institute of Technology,Bangalore,CSE,7.02,0,True,False,False,2026-08-23T15:35
STU00245,COL005,New Horizon College of Engineering,Bangalore,ISE,7.31,0,True,True,True,2026-07-14T12:29
STU00246,COL003,PES University,Bangalore,ECE,7.64,1,True,False,False,2026-07-11T17:44
STU00247,COL004,Dayananda Sagar College of Engineering,Bangalore,ISE,8.31,0,True,True,True,2026-07-22T15:28
STU00248,COL001,BMS Institute of Technology,Bangalore,ME,8.19,0,True,True,True,2026-07-27T12:53
STU00249,COL005,New Horizon College of Engineering,Bangalore,AI&ML,7.04,0,True,True,True,2026-08-05T17:38
STU00250,COL002,RV College of Engineering,Bangalore,ECE,6.88,0,True,True,True,2026-07-31T14:07
STU00251,COL006,CMR Institute of Technology,Bangalore,ISE,7.06,0,True,True,True,2026-08-18T10:18
STU00252,COL005,New Horizon College of Engineering,Bangalore,ME,7.24,0,True,True,True,2026-08-20T14:21
STU00253,COL001,BMS Institute of Technology,Bangalore,EEE,7.17,0,True,True,True,2026-07-31T09:27
STU00254,COL004,Dayananda Sagar College of Engineering,Bangalore,EEE,7.77,0,True,True,True,2026-07-19T13:04
STU00255,COL004,Dayananda Sagar College of Engineering,Bangalore,ECE,8.88,0,True,True,True,2026-08-01T17:34
STU00256,COL001,BMS Institute of Technology,Bangalore,CSE,7.11,0,False,True,False,2026-07-27T14:32
STU00257,COL005,New Horizon College of Engineering,Bangalore,CSE,7.41,1,True,True,False,2026-07-29T20:40
STU00258,COL001,BMS Institute of Technology,Bangalore,EEE,8.94,0,True,True,True,2026-07-14T16:37
STU00259,COL003,PES University,Bangalore,EEE,7.51,1,True,True,False,2026-07-14T20:41
STU00260,COL001,BMS Institute of Technology,Bangalore,CSE,8.0,0,True,True,True,2026-08-22T14:03
STU00261,COL004,Dayananda Sagar College of Engineering,Bangalore,CSE,7.57,0,True,True,True,2026-08-21T15:11
STU00262,COL002,RV College of Engineering,Bangalore,AI&ML,7.27,0,True,True,True,2026-08-18T20:43
STU00263,COL005,New Horizon College of Engineering,Bangalore,ECE,7.75,1,True,True,False,2026-07-26T19:59
STU00264,COL004,Dayananda Sagar College of Engineering,Bangalore,ISE,6.16,0,True,True,False,2026-07-25T09:45
STU00265,COL001,BMS Institute of Technology,Bangalore,AI&ML,6.92,0,True,True,True,2026-08-20T10:35
STU00266,COL004,Dayananda Sagar College of Engineering,Bangalore,ECE,6.95,1,True,True,False,2026-07-09T13:49
STU00267,COL004,Dayananda Sagar College of Engineering,Bangalore,EEE,8.55,0,True,True,True,2026-07-12T10:19
STU00268,COL001,BMS Institute of Technology,Bangalore,ME,7.59,0,True,True,True,2026-08-10T20:38
STU00269,COL005,New Horizon College of Engineering,Bangalore,ISE,7.59,0,True,True,True,2026-07-25T18:21
STU00270,COL003,PES University,Bangalore,ISE,9.29,0,True,True,True,2026-07-31T11:40
STU00271,COL003,PES University,Bangalore,EEE,8.47,0,True,True,True,2026-07-15T20:46
STU00272,COL005,New Horizon College of Engineering,Bangalore,AI&ML,7.76,0,True,False,False,2026-08-02T12:24
STU00273,COL003,PES University,Bangalore,ME,8.01,0,True,True,True,2026-08-05T19:32
STU00274,COL001,BMS Institute of Technology,Bangalore,ECE,8.37,0,True,True,True,2026-07-17T13:45
STU00275,COL006,CMR Institute of Technology,Bangalore,CSE,7.55,0,True,True,True,2026-08-18T19:33
STU00276,COL003,PES University,Bangalore,AI&ML,7.66,0,True,True,True,2026-07-30T20:47
STU00277,COL001,BMS Institute of Technology,Bangalore,CSE,8.6,0,True,True,True,2026-07-19T17:12
STU00278,COL006,CMR Institute of Technology,Bangalore,ME,8.13,0,True,True,True,2026-07-18T16:05
STU00279,COL002,RV College of Engineering,Bangalore,EEE,8.26,1,True,True,False,2026-08-15T15:53
STU00280,COL004,Dayananda Sagar College of Engineering,Bangalore,CSE,8.07,0,True,True,True,2026-07-22T16:15
STU00281,COL003,PES University,Bangalore,ECE,8.25,0,True,True,True,2026-07-20T16:25
STU00282,COL005,New Horizon College of Engineering,Bangalore,EEE,8.09,0,True,True,True,2026-07-22T10:34
STU00283,COL003,PES University,Bangalore,CSE,7.71,1,True,True,False,2026-07-24T20:35
STU00284,COL005,New Horizon College of Engineering,Bangalore,AI&ML,7.31,0,True,True,True,2026-08-23T19:38
STU00285,COL001,BMS Institute of Technology,Bangalore,ISE,8.63,0,True,True,True,2026-08-18T18:21
STU00286,COL006,CMR Institute of Technology,Bangalore,ISE,6.91,0,True,True,True,2026-07-03T18:59
STU00287,COL005,New Horizon College of Engineering,Bangalore,CSE,6.86,0,True,True,True,2026-07-05T16:24
STU00288,COL006,CMR Institute of Technology,Bangalore,ECE,8.61,1,True,True,False,2026-08-14T13:09
STU00289,COL006,CMR Institute of Technology,Bangalore,ME,7.71,0,True,True,True,2026-08-13T20:41
STU00290,COL005,New Horizon College of Engineering,Bangalore,ME,8.18,0,True,True,True,2026-07-25T10:42
STU00291,COL002,RV College of Engineering,Bangalore,ISE,6.15,0,True,True,False,2026-07-21T10:19
STU00292,COL003,PES University,Bangalore,ECE,8.39,1,True,True,False,2026-07-31T09:40
STU00293,COL001,BMS Institute of Technology,Bangalore,AI&ML,8.5,0,True,True,True,2026-07-31T14:24
STU00294,COL002,RV College of Engineering,Bangalore,ME,5.86,0,False,False,False,2026-08-15T17:27
STU00295,COL003,PES University,Bangalore,CSE,7.43,0,True,True,True,2026-07-24T20:07
STU00296,COL001,BMS Institute of Technology,Bangalore,ECE,9.04,0,True,True,True,2026-08-09T10:28
STU00297,COL003,PES University,Bangalore,ECE,8.51,0,True,True,True,2026-07-31T20:40
STU00298,COL006,CMR Institute of Technology,Bangalore,ISE,7.76,0,True,False,False,2026-07-08T19:45
STU00299,COL001,BMS Institute of Technology,Bangalore,ISE,7.95,0,True,True,True,2026-07-15T12:54
STU00300,COL006,CMR Institute of Technology,Bangalore,ECE,7.66,0,True,False,False,2026-07-24T16:46
STU00301,COL004,Dayananda Sagar College of Engineering,Bangalore,ISE,7.22,0,True,True,True,2026-07-05T10:39
STU00302,COL002,RV College of Engineering,Bangalore,AI&ML,8.76,0,True,True,True,2026-07-08T19:36
STU00303,COL002,RV College of Engineering,Bangalore,ISE,7.09,0,True,True,True,2026-07-24T16:25
STU00304,COL002,RV College of Engineering,Bangalore,ISE,7.64,0,True,True,True,2026-08-16T17:05
STU00305,COL006,CMR Institute of Technology,Bangalore,ME,7.82,1,False,True,False,2026-07-28T17:07
STU00306,COL005,New Horizon College of Engineering,Bangalore,ME,6.86,1,True,True,False,2026-07-12T15:31
STU00307,COL006,CMR Institute of Technology,Bangalore,ME,8.47,0,True,True,True,2026-08-05T13:12
STU00308,COL003,PES University,Bangalore,CSE,7.03,0,True,True,True,2026-07-10T09:04
STU00309,COL005,New Horizon College of Engineering,Bangalore,ISE,8.32,1,True,True,False,2026-08-13T17:51
STU00310,COL004,Dayananda Sagar College of Engineering,Bangalore,ME,7.94,0,True,True,True,2026-08-10T12:44
STU00311,COL005,New Horizon College of Engineering,Bangalore,CSE,7.5,0,True,False,False,2026-08-18T09:24
STU00312,COL004,Dayananda Sagar College of Engineering,Bangalore,ECE,6.63,0,True,True,True,2026-07-11T19:42
STU00313,COL001,BMS Institute of Technology,Bangalore,EEE,7.8,0,True,True,True,2026-07-07T12:31
STU00314,COL004,Dayananda Sagar College of Engineering,Bangalore,ME,7.2,1,True,True,False,2026-08-09T18:01
STU00315,COL006,CMR Institute of Technology,Bangalore,ECE,7.62,1,True,True,False,2026-08-06T11:17
STU00316,COL003,PES University,Bangalore,ISE,7.19,0,True,True,True,2026-08-09T19:35
STU00317,COL002,RV College of Engineering,Bangalore,CSE,8.89,0,False,True,False,2026-07-25T20:32
STU00318,COL006,CMR Institute of Technology,Bangalore,ME,7.91,0,True,True,True,2026-08-22T13:54
STU00319,COL003,PES University,Bangalore,AI&ML,8.09,0,True,True,True,2026-08-05T10:46
STU00320,COL002,RV College of Engineering,Bangalore,ECE,7.93,0,True,True,True,2026-08-23T11:13
STU00321,COL001,BMS Institute of Technology,Bangalore,ME,7.35,0,True,True,True,2026-07-08T11:03
STU00322,COL003,PES University,Bangalore,CSE,8.34,0,True,True,True,2026-07-20T19:38
STU00323,COL001,BMS Institute of Technology,Bangalore,ISE,7.21,1,True,True,False,2026-08-18T16:08
STU00324,COL002,RV College of Engineering,Bangalore,CSE,7.7,0,True,True,True,2026-08-23T12:53
STU00325,COL005,New Horizon College of Engineering,Bangalore,ECE,8.11,0,True,True,True,2026-07-13T20:40
STU00326,COL001,BMS Institute of Technology,Bangalore,EEE,8.49,1,False,True,False,2026-07-07T13:05
STU00327,COL001,BMS Institute of Technology,Bangalore,ECE,6.99,0,True,True,True,2026-08-17T16:12
STU00328,COL002,RV College of Engineering,Bangalore,CSE,6.94,0,True,True,True,2026-08-04T19:19
STU00329,COL001,BMS Institute of Technology,Bangalore,EEE,7.35,0,False,True,False,2026-07-22T19:04
STU00330,COL005,New Horizon College of Engineering,Bangalore,ME,5.97,0,True,True,False,2026-07-14T15:44
STU00331,COL003,PES University,Bangalore,ECE,6.63,0,True,True,True,2026-07-27T16:34
STU00332,COL002,RV College of Engineering,Bangalore,ISE,7.97,0,True,True,True,2026-08-01T20:17
STU00333,COL001,BMS Institute of Technology,Bangalore,AI&ML,6.63,0,True,True,True,2026-08-10T17:10
STU00334,COL003,PES University,Bangalore,ECE,7.64,0,True,False,False,2026-07-03T19:13
STU00335,COL004,Dayananda Sagar College of Engineering,Bangalore,ECE,7.46,1,True,True,False,2026-08-03T14:20
STU00336,COL006,CMR Institute of Technology,Bangalore,ISE,7.89,0,True,False,False,2026-08-02T11:56
STU00337,COL004,Dayananda Sagar College of Engineering,Bangalore,AI&ML,7.54,2,False,True,False,2026-07-03T10:29
STU00338,COL002,RV College of Engineering,Bangalore,ECE,9.43,0,True,True,True,2026-07-09T19:40
STU00339,COL004,Dayananda Sagar College of Engineering,Bangalore,ISE,7.54,0,True,True,True,2026-08-08T18:35
STU00340,COL006,CMR Institute of Technology,Bangalore,CSE,7.43,0,True,True,True,2026-07-21T10:42
STU00341,COL003,PES University,Bangalore,EEE,8.79,0,True,True,True,2026-08-21T18:54
STU00342,COL006,CMR Institute of Technology,Bangalore,ECE,7.79,0,True,True,True,2026-08-07T20:37
STU00343,COL004,Dayananda Sagar College of Engineering,Bangalore,ECE,7.38,0,True,True,True,2026-08-07T17:43
STU00344,COL001,BMS Institute of Technology,Bangalore,ISE,7.52,0,True,True,True,2026-07-30T18:36
STU00345,COL005,New Horizon College of Engineering,Bangalore,AI&ML,6.83,0,True,True,True,2026-07-03T18:14
STU00346,COL005,New Horizon College of Engineering,Bangalore,ISE,7.5,0,True,True,True,2026-07-22T10:40
STU00347,COL001,BMS Institute of Technology,Bangalore,ISE,7.86,2,False,True,False,2026-07-29T13:52
STU00348,COL004,Dayananda Sagar College of Engineering,Bangalore,ECE,8.33,0,True,True,True,2026-08-02T19:58
STU00349,COL002,RV College of Engineering,Bangalore,ECE,6.93,0,True,True,True,2026-07-11T13:23
STU00350,COL002,RV College of Engineering,Bangalore,ISE,7.55,0,True,True,True,2026-07-19T18:28
STU00351,COL001,BMS Institute of Technology,Bangalore,ISE,7.51,0,True,True,True,2026-07-13T19:29
STU00352,COL003,PES University,Bangalore,CSE,8.2,0,True,False,False,2026-08-05T11:48
STU00353,COL002,RV College of Engineering,Bangalore,EEE,7.29,0,True,True,True,2026-08-11T15:58
STU00354,COL001,BMS Institute of Technology,Bangalore,ISE,8.1,1,True,True,False,2026-08-10T18:16
STU00355,COL005,New Horizon College of Engineering,Bangalore,CSE,7.45,1,True,True,False,2026-07-29T19:44
STU00356,COL005,New Horizon College of Engineering,Bangalore,CSE,6.79,0,True,True,True,2026-08-11T09:56
STU00357,COL006,CMR Institute of Technology,Bangalore,ECE,7.89,0,True,True,True,2026-07-30T19:06
STU00358,COL005,New Horizon College of Engineering,Bangalore,ISE,8.34,0,True,True,True,2026-08-07T14:34
STU00359,COL002,RV College of Engineering,Bangalore,EEE,7.01,1,True,False,False,2026-07-06T12:15
STU00360,COL004,Dayananda Sagar College of Engineering,Bangalore,ISE,7.7,0,True,True,True,2026-08-20T17:16
STU00361,COL005,New Horizon College of Engineering,Bangalore,ECE,8.29,0,True,True,True,2026-08-05T15:35
STU00362,COL003,PES University,Bangalore,CSE,7.12,0,False,True,False,2026-08-05T16:18
STU00363,COL006,CMR Institute of Technology,Bangalore,ECE,9.32,0,True,True,True,2026-08-03T11:48
STU00364,COL003,PES University,Bangalore,CSE,6.38,0,True,True,False,2026-07-01T16:06
STU00365,COL005,New Horizon College of Engineering,Bangalore,ECE,8.5,2,True,True,False,2026-08-15T16:46
STU00366,COL003,PES University,Bangalore,CSE,7.33,0,True,True,True,2026-08-19T15:16
STU00367,COL001,BMS Institute of Technology,Bangalore,ME,7.28,1,True,True,False,2026-08-17T16:55
STU00368,COL005,New Horizon College of Engineering,Bangalore,AI&ML,8.45,0,True,False,False,2026-07-30T10:12
STU00369,COL006,CMR Institute of Technology,Bangalore,ECE,8.22,0,True,True,True,2026-07-22T17:18
STU00370,COL005,New Horizon College of Engineering,Bangalore,ISE,8.69,0,True,True,True,2026-07-01T17:41
STU00371,COL004,Dayananda Sagar College of Engineering,Bangalore,EEE,6.89,0,True,False,False,2026-07-30T10:39
STU00372,COL002,RV College of Engineering,Bangalore,EEE,7.61,0,False,True,False,2026-08-10T14:26
STU00373,COL003,PES University,Bangalore,EEE,7.62,0,False,True,False,2026-08-04T17:38
STU00374,COL001,BMS Institute of Technology,Bangalore,AI&ML,9.37,0,True,True,True,2026-07-19T15:50
STU00375,COL005,New Horizon College of Engineering,Bangalore,ECE,7.83,0,True,True,True,2026-07-10T12:22
STU00376,COL005,New Horizon College of Engineering,Bangalore,AI&ML,7.52,0,True,True,True,2026-07-17T13:56
STU00377,COL004,Dayananda Sagar College of Engineering,Bangalore,AI&ML,6.64,1,True,True,False,2026-08-12T15:48
STU00378,COL001,BMS Institute of Technology,Bangalore,CSE,7.54,1,True,True,False,2026-07-07T11:13
STU00379,COL005,New Horizon College of Engineering,Bangalore,ISE,7.93,0,True,True,True,2026-07-02T18:28
STU00380,COL004,Dayananda Sagar College of Engineering,Bangalore,ECE,7.13,0,True,True,True,2026-08-07T17:57
STU00381,COL003,PES University,Bangalore,AI&ML,7.59,0,True,True,True,2026-08-04T17:02
STU00382,COL006,CMR Institute of Technology,Bangalore,CSE,7.93,1,True,True,False,2026-07-15T13:19
STU00383,COL006,CMR Institute of Technology,Bangalore,ISE,7.72,0,True,True,True,2026-07-20T09:20
STU00384,COL002,RV College of Engineering,Bangalore,ISE,7.55,0,True,True,True,2026-07-03T14:32
STU00385,COL006,CMR Institute of Technology,Bangalore,AI&ML,7.66,0,True,True,True,2026-08-03T18:58
STU00386,COL002,RV College of Engineering,Bangalore,ME,6.24,0,True,True,False,2026-08-04T11:49
STU00387,COL005,New Horizon College of Engineering,Bangalore,EEE,7.07,0,True,True,True,2026-07-14T17:31
STU00388,COL005,New Horizon College of Engineering,Bangalore,CSE,7.88,0,True,True,True,2026-07-26T10:27
STU00389,COL006,CMR Institute of Technology,Bangalore,AI&ML,8.45,0,True,True,True,2026-07-01T19:40
STU00390,COL003,PES University,Bangalore,AI&ML,8.5,0,True,True,True,2026-08-13T16:49
STU00391,COL004,Dayananda Sagar College of Engineering,Bangalore,AI&ML,7.31,0,True,True,True,2026-07-18T18:41
STU00392,COL005,New Horizon College of Engineering,Bangalore,ECE,7.72,0,True,True,True,2026-08-04T16:40
STU00393,COL001,BMS Institute of Technology,Bangalore,ME,7.5,0,True,True,True,2026-07-31T09:48
STU00394,COL005,New Horizon College of Engineering,Bangalore,ISE,6.45,0,True,True,False,2026-08-02T12:37
STU00395,COL001,BMS Institute of Technology,Bangalore,AI&ML,8.15,0,True,True,True,2026-07-02T20:06
STU00396,COL003,PES University,Bangalore,EEE,8.11,0,True,True,True,2026-07-11T14:55
STU00397,COL004,Dayananda Sagar College of Engineering,Bangalore,EEE,8.51,1,True,True,False,2026-07-17T16:22
STU00398,COL006,CMR Institute of Technology,Bangalore,ME,7.71,0,True,True,True,2026-08-19T14:45
STU00399,COL004,Dayananda Sagar College of Engineering,Bangalore,AI&ML,7.87,0,True,True,True,2026-08-16T17:36
STU00400,COL002,RV College of Engineering,Bangalore,CSE,8.18,0,True,True,True,2026-08-13T19:08
STU00401,COL005,New Horizon College of Engineering,Bangalore,EEE,8.2,0,True,True,True,2026-08-01T15:23
STU00402,COL002,RV College of Engineering,Bangalore,AI&ML,7.76,0,True,True,True,2026-07-04T10:59
STU00403,COL002,RV College of Engineering,Bangalore,ECE,8.7,0,True,True,True,2026-08-11T10:22
STU00404,COL004,Dayananda Sagar College of Engineering,Bangalore,AI&ML,7.23,0,True,True,True,2026-08-15T12:20
STU00405,COL001,BMS Institute of Technology,Bangalore,EEE,8.52,0,True,True,True,2026-08-04T17:39
STU00406,COL003,PES University,Bangalore,AI&ML,7.38,0,True,True,True,2026-07-07T17:52
STU00407,COL001,BMS Institute of Technology,Bangalore,ECE,7.78,0,True,True,True,2026-07-23T11:26
STU00408,COL004,Dayananda Sagar College of Engineering,Bangalore,ME,7.06,0,True,True,True,2026-08-02T10:31
STU00409,COL005,New Horizon College of Engineering,Bangalore,ISE,8.46,0,False,True,False,2026-07-29T16:09
STU00410,COL002,RV College of Engineering,Bangalore,ECE,8.59,0,True,True,True,2026-08-10T20:01
STU00411,COL004,Dayananda Sagar College of Engineering,Bangalore,AI&ML,8.18,0,True,True,True,2026-08-23T18:52
STU00412,COL001,BMS Institute of Technology,Bangalore,CSE,7.94,0,True,True,True,2026-07-31T11:15
STU00413,COL004,Dayananda Sagar College of Engineering,Bangalore,EEE,7.55,0,True,True,True,2026-08-14T09:23
STU00414,COL004,Dayananda Sagar College of Engineering,Bangalore,ME,7.34,0,True,True,True,2026-08-23T12:56
STU00415,COL005,New Horizon College of Engineering,Bangalore,ECE,7.91,0,True,True,True,2026-07-10T09:04
STU00416,COL002,RV College of Engineering,Bangalore,ME,7.14,0,True,False,False,2026-07-03T11:02
STU00417,COL001,BMS Institute of Technology,Bangalore,ISE,7.71,0,True,True,True,2026-08-03T15:59
STU00418,COL002,RV College of Engineering,Bangalore,EEE,7.81,0,True,True,True,2026-07-07T18:06
STU00419,COL001,BMS Institute of Technology,Bangalore,AI&ML,8.38,0,True,True,True,2026-07-14T11:04
STU00420,COL005,New Horizon College of Engineering,Bangalore,AI&ML,7.95,1,True,True,False,2026-08-24T13:56
STU00421,COL004,Dayananda Sagar College of Engineering,Bangalore,ECE,7.62,0,False,True,False,2026-07-05T19:56
STU00422,COL006,CMR Institute of Technology,Bangalore,ME,7.84,0,False,True,False,2026-07-10T10:57
STU00423,COL004,Dayananda Sagar College of Engineering,Bangalore,ECE,7.24,0,True,True,True,2026-07-31T18:15
STU00424,COL004,Dayananda Sagar College of Engineering,Bangalore,ECE,8.12,0,True,True,True,2026-08-19T17:12
STU00425,COL005,New Horizon College of Engineering,Bangalore,ISE,7.6,0,True,True,True,2026-08-05T19:37
STU00426,COL002,RV College of Engineering,Bangalore,EEE,7.15,0,True,False,False,2026-07-08T13:28
STU00427,COL003,PES University,Bangalore,EEE,6.99,0,True,True,True,2026-08-16T19:03
STU00428,COL001,BMS Institute of Technology,Bangalore,EEE,7.48,0,True,True,True,2026-08-06T17:34
STU00429,COL001,BMS Institute of Technology,Bangalore,EEE,8.32,0,True,True,True,2026-07-01T09:55
STU00430,COL003,PES University,Bangalore,ME,7.0,2,True,True,False,2026-07-11T18:15
STU00431,COL004,Dayananda Sagar College of Engineering,Bangalore,CSE,7.69,2,True,True,False,2026-08-22T17:57
STU00432,COL004,Dayananda Sagar College of Engineering,Bangalore,AI&ML,7.74,0,True,True,True,2026-08-09T15:16
STU00433,COL001,BMS Institute of Technology,Bangalore,AI&ML,7.99,0,True,False,False,2026-07-16T20:22
STU00434,COL002,RV College of Engineering,Bangalore,CSE,7.65,0,True,True,True,2026-07-01T20:34
STU00435,COL006,CMR Institute of Technology,Bangalore,EEE,6.97,0,True,True,True,2026-08-24T17:14
STU00436,COL006,CMR Institute of Technology,Bangalore,CSE,7.7,1,True,True,False,2026-07-09T14:30
STU00437,COL001,BMS Institute of Technology,Bangalore,AI&ML,6.32,0,True,True,False,2026-07-05T14:39
STU00438,COL002,RV College of Engineering,Bangalore,ISE,7.36,0,True,True,True,2026-08-20T09:27
STU00439,COL006,CMR Institute of Technology,Bangalore,ISE,7.8,2,False,True,False,2026-07-29T14:03
STU00440,COL001,BMS Institute of Technology,Bangalore,CSE,7.82,0,True,True,True,2026-07-10T16:08
STU00441,COL001,BMS Institute of Technology,Bangalore,AI&ML,7.97,0,True,True,True,2026-08-11T18:13
STU00442,COL005,New Horizon College of Engineering,Bangalore,ISE,7.61,0,True,True,True,2026-08-07T17:07
STU00443,COL003,PES University,Bangalore,ECE,7.45,0,True,True,True,2026-07-08T17:48
STU00444,COL005,New Horizon College of Engineering,Bangalore,CSE,7.42,0,True,True,True,2026-08-11T18:03
STU00445,COL003,PES University,Bangalore,ISE,7.05,2,True,False,False,2026-08-05T16:36
STU00446,COL004,Dayananda Sagar College of Engineering,Bangalore,CSE,6.79,0,True,True,True,2026-08-24T10:40
STU00447,COL001,BMS Institute of Technology,Bangalore,AI&ML,6.91,0,False,True,False,2026-08-21T09:34
STU00448,COL001,BMS Institute of Technology,Bangalore,ECE,7.31,0,False,True,False,2026-07-13T15:20
STU00449,COL002,RV College of Engineering,Bangalore,ME,8.99,0,True,True,True,2026-08-24T19:53
STU00450,COL002,RV College of Engineering,Bangalore,CSE,7.28,0,True,True,True,2026-07-03T20:21
STU00451,COL003,PES University,Bangalore,ISE,7.6,0,True,True,True,2026-07-03T20:14
STU00452,COL005,New Horizon College of Engineering,Bangalore,ECE,7.42,0,True,True,True,2026-07-26T17:55
STU00453,COL006,CMR Institute of Technology,Bangalore,EEE,7.49,0,True,True,True,2026-08-20T17:01
STU00454,COL004,Dayananda Sagar College of Engineering,Bangalore,AI&ML,7.88,0,False,True,False,2026-07-24T11:46
STU00455,COL003,PES University,Bangalore,EEE,7.51,0,True,False,False,2026-07-20T15:59
STU00456,COL005,New Horizon College of Engineering,Bangalore,EEE,7.27,0,True,True,True,2026-07-07T15:47
STU00457,COL003,PES University,Bangalore,AI&ML,8.52,0,True,True,True,2026-07-03T13:53
STU00458,COL004,Dayananda Sagar College of Engineering,Bangalore,ISE,7.65,0,True,True,True,2026-08-20T17:43
STU00459,COL002,RV College of Engineering,Bangalore,ME,8.19,0,True,True,True,2026-07-08T11:31
STU00460,COL001,BMS Institute of Technology,Bangalore,ECE,8.31,0,True,True,True,2026-07-03T09:14
STU00461,COL004,Dayananda Sagar College of Engineering,Bangalore,AI&ML,7.67,0,True,True,True,2026-08-09T18:57
STU00462,COL004,Dayananda Sagar College of Engineering,Bangalore,ME,8.02,1,True,True,False,2026-08-17T14:34
STU00463,COL004,Dayananda Sagar College of Engineering,Bangalore,ECE,7.33,0,True,True,True,2026-07-19T10:29
STU00464,COL002,RV College of Engineering,Bangalore,EEE,8.04,0,True,True,True,2026-08-04T13:20
STU00465,COL001,BMS Institute of Technology,Bangalore,ECE,7.78,0,True,True,True,2026-08-07T18:11
STU00466,COL004,Dayananda Sagar College of Engineering,Bangalore,CSE,7.88,0,True,True,True,2026-07-24T17:14
STU00467,COL001,BMS Institute of Technology,Bangalore,AI&ML,7.85,0,True,True,True,2026-08-24T09:12
STU00468,COL004,Dayananda Sagar College of Engineering,Bangalore,ECE,7.61,1,True,True,False,2026-08-01T19:36
STU00469,COL006,CMR Institute of Technology,Bangalore,AI&ML,9.02,0,True,False,False,2026-08-10T16:00
STU00470,COL002,RV College of Engineering,Bangalore,CSE,7.61,0,True,True,True,2026-07-11T18:20
STU00471,COL001,BMS Institute of Technology,Bangalore,EEE,7.0,0,True,True,True,2026-07-15T10:07
STU00472,COL002,RV College of Engineering,Bangalore,AI&ML,6.93,0,True,True,True,2026-08-25T14:10
STU00473,COL001,BMS Institute of Technology,Bangalore,ME,7.53,0,True,True,True,2026-07-17T18:43
STU00474,COL002,RV College of Engineering,Bangalore,EEE,8.82,0,True,True,True,2026-07-19T13:37
STU00475,COL001,BMS Institute of Technology,Bangalore,ISE,6.98,0,True,True,True,2026-07-12T12:00
STU00476,COL006,CMR Institute of Technology,Bangalore,CSE,7.39,0,True,True,True,2026-08-15T09:32
STU00477,COL002,RV College of Engineering,Bangalore,ISE,7.09,0,False,True,False,2026-08-10T09:30
STU00478,COL006,CMR Institute of Technology,Bangalore,ME,8.45,0,True,False,False,2026-07-11T16:22
STU00479,COL005,New Horizon College of Engineering,Bangalore,ECE,7.5,0,True,True,True,2026-07-20T17:38
STU00480,COL006,CMR Institute of Technology,Bangalore,CSE,7.12,0,True,True,True,2026-07-30T12:31
STU00481,COL003,PES University,Bangalore,ISE,8.5,0,True,True,True,2026-07-10T19:37
STU00482,COL005,New Horizon College of Engineering,Bangalore,CSE,7.41,0,True,True,True,2026-08-10T17:12
STU00483,COL006,CMR Institute of Technology,Bangalore,CSE,8.59,0,True,True,True,2026-08-25T10:56
STU00484,COL006,CMR Institute of Technology,Bangalore,CSE,7.81,0,True,True,True,2026-07-05T11:54
STU00485,COL003,PES University,Bangalore,ECE,8.05,1,True,True,False,2026-08-09T17:45
STU00486,COL006,CMR Institute of Technology,Bangalore,CSE,6.74,0,True,False,False,2026-08-19T19:04
STU00487,COL003,PES University,Bangalore,ISE,7.68,0,True,True,True,2026-07-14T19:43
STU00488,COL003,PES University,Bangalore,ECE,8.78,0,True,True,True,2026-08-17T09:32
STU00489,COL002,RV College of Engineering,Bangalore,ECE,7.32,0,True,False,False,2026-07-15T15:33
STU00490,COL004,Dayananda Sagar College of Engineering,Bangalore,ME,7.44,0,True,True,True,2026-07-29T13:34
STU00491,COL006,CMR Institute of Technology,Bangalore,CSE,7.93,0,True,False,False,2026-08-17T09:25
STU00492,COL006,CMR Institute of Technology,Bangalore,ISE,7.48,0,True,True,True,2026-07-24T14:02
STU00493,COL002,RV College of Engineering,Bangalore,AI&ML,7.13,0,True,True,True,2026-08-06T17:05
STU00494,COL002,RV College of Engineering,Bangalore,CSE,7.6,0,True,True,True,2026-07-13T19:39
STU00495,COL006,CMR Institute of Technology,Bangalore,ECE,7.67,1,False,True,False,2026-08-15T09:39
STU00496,COL005,New Horizon College of Engineering,Bangalore,ME,8.43,1,False,True,False,2026-08-12T20:13
STU00497,COL004,Dayananda Sagar College of Engineering,Bangalore,CSE,7.71,2,True,True,False,2026-08-11T12:25
STU00498,COL005,New Horizon College of Engineering,Bangalore,CSE,8.21,0,True,True,True,2026-07-06T15:32
STU00499,COL004,Dayananda Sagar College of Engineering,Bangalore,ME,8.56,0,True,True,True,2026-08-02T09:39
STU00500,COL005,New Horizon College of Engineering,Bangalore,ME,7.77,0,True,True,True,2026-08-10T11:14
STU00501,COL002,RV College of Engineering,Bangalore,ME,6.63,0,True,True,True,2026-07-05T20:35
STU00502,COL001,BMS Institute of Technology,Bangalore,ME,7.72,0,False,False,False,2026-07-19T09:08
STU00503,COL006,CMR Institute of Technology,Bangalore,ISE,6.98,0,True,True,True,2026-08-10T14:25
STU00504,COL005,New Horizon College of Engineering,Bangalore,ME,6.2,0,True,True,False,2026-08-17T13:23
STU00505,COL005,New Horizon College of Engineering,Bangalore,CSE,6.57,0,True,False,False,2026-07-15T15:53
STU00506,COL002,RV College of Engineering,Bangalore,ISE,7.46,0,False,True,False,2026-07-18T16:46
STU00507,COL002,RV College of Engineering,Bangalore,ECE,6.66,0,True,True,True,2026-07-05T18:29
STU00508,COL003,PES University,Bangalore,ISE,8.13,0,True,True,True,2026-07-30T20:13
STU00509,COL005,New Horizon College of Engineering,Bangalore,ECE,7.3,0,True,True,True,2026-07-29T11:44
STU00510,COL003,PES University,Bangalore,EEE,6.64,0,True,True,True,2026-07-05T11:11
STU00511,COL004,Dayananda Sagar College of Engineering,Bangalore,ME,7.69,0,True,True,True,2026-08-24T14:29
STU00512,COL002,RV College of Engineering,Bangalore,ISE,7.78,0,True,True,True,2026-08-05T14:25
STU00513,COL004,Dayananda Sagar College of Engineering,Bangalore,AI&ML,7.21,0,True,True,True,2026-08-14T15:15
STU00514,COL001,BMS Institute of Technology,Bangalore,ECE,8.17,0,True,True,True,2026-07-01T18:11
STU00515,COL006,CMR Institute of Technology,Bangalore,ECE,7.46,0,True,True,True,2026-07-11T10:59
STU00516,COL006,CMR Institute of Technology,Bangalore,ECE,7.27,1,True,True,False,2026-07-11T19:29
STU00517,COL006,CMR Institute of Technology,Bangalore,CSE,6.42,1,True,True,False,2026-07-09T11:47
STU00518,COL001,BMS Institute of Technology,Bangalore,AI&ML,7.1,0,True,True,True,2026-08-13T13:30
STU00519,COL006,CMR Institute of Technology,Bangalore,EEE,6.69,0,True,False,False,2026-07-28T14:41
STU00520,COL005,New Horizon College of Engineering,Bangalore,ME,7.29,0,True,True,True,2026-07-29T10:28
STU00521,COL003,PES University,Bangalore,ME,7.43,1,True,False,False,2026-07-23T10:23
STU00522,COL002,RV College of Engineering,Bangalore,ISE,7.91,0,True,True,True,2026-07-06T11:43
STU00523,COL003,PES University,Bangalore,ME,8.64,0,True,True,True,2026-08-22T16:51
STU00524,COL006,CMR Institute of Technology,Bangalore,AI&ML,7.87,0,True,True,True,2026-08-08T20:54
STU00525,COL006,CMR Institute of Technology,Bangalore,EEE,7.89,0,True,False,False,2026-08-10T13:18
STU00526,COL002,RV College of Engineering,Bangalore,EEE,6.59,0,True,True,True,2026-08-22T13:29
STU00527,COL001,BMS Institute of Technology,Bangalore,CSE,7.9,0,True,False,False,2026-07-12T20:36
STU00528,COL001,BMS Institute of Technology,Bangalore,EEE,6.81,0,True,True,True,2026-07-18T10:24
STU00529,COL001,BMS Institute of Technology,Bangalore,AI&ML,8.28,0,True,False,False,2026-07-23T09:41
STU00530,COL002,RV College of Engineering,Bangalore,EEE,7.93,0,True,True,True,2026-07-09T13:09
STU00531,COL006,CMR Institute of Technology,Bangalore,EEE,9.23,0,True,True,True,2026-08-11T13:03
STU00532,COL001,BMS Institute of Technology,Bangalore,ME,7.22,2,True,True,False,2026-07-17T16:41
STU00533,COL006,CMR Institute of Technology,Bangalore,ISE,8.14,1,True,False,False,2026-08-09T19:01
STU00534,COL004,Dayananda Sagar College of Engineering,Bangalore,ISE,7.65,0,True,True,True,2026-07-26T18:46
STU00535,COL006,CMR Institute of Technology,Bangalore,CSE,5.8,1,True,True,False,2026-07-15T13:30
STU00536,COL002,RV College of Engineering,Bangalore,ISE,6.89,0,False,True,False,2026-07-05T16:51
STU00537,COL003,PES University,Bangalore,AI&ML,8.06,0,True,True,True,2026-07-08T10:28
STU00538,COL002,RV College of Engineering,Bangalore,AI&ML,8.09,0,True,True,True,2026-07-01T12:16
STU00539,COL006,CMR Institute of Technology,Bangalore,AI&ML,7.44,0,True,True,True,2026-07-24T19:58
STU00540,COL006,CMR Institute of Technology,Bangalore,ME,7.79,0,True,True,True,2026-07-01T18:36
STU00541,COL005,New Horizon College of Engineering,Bangalore,AI&ML,8.7,1,True,True,False,2026-08-06T16:45
STU00542,COL003,PES University,Bangalore,AI&ML,8.41,0,True,True,True,2026-08-22T13:58
STU00543,COL005,New Horizon College of Engineering,Bangalore,ME,7.38,0,True,True,True,2026-08-02T19:01
STU00544,COL001,BMS Institute of Technology,Bangalore,EEE,9.35,2,True,True,False,2026-07-26T17:26
STU00545,COL004,Dayananda Sagar College of Engineering,Bangalore,AI&ML,7.99,1,True,True,False,2026-08-06T16:35
STU00546,COL005,New Horizon College of Engineering,Bangalore,ME,7.66,0,True,True,True,2026-07-01T16:08
STU00547,COL001,BMS Institute of Technology,Bangalore,ME,7.17,0,True,True,True,2026-07-24T14:01
STU00548,COL001,BMS Institute of Technology,Bangalore,CSE,8.13,0,True,True,True,2026-08-15T18:16
STU00549,COL003,PES University,Bangalore,ISE,8.5,0,True,True,True,2026-07-01T14:19
STU00550,COL002,RV College of Engineering,Bangalore,CSE,6.72,0,True,True,True,2026-07-26T18:02
STU00551,COL003,PES University,Bangalore,ECE,7.67,0,True,True,True,2026-08-22T10:20
STU00552,COL001,BMS Institute of Technology,Bangalore,CSE,8.03,0,True,True,True,2026-08-09T18:41
STU00553,COL006,CMR Institute of Technology,Bangalore,ISE,8.67,1,False,True,False,2026-07-27T12:05
STU00554,COL006,CMR Institute of Technology,Bangalore,AI&ML,7.49,0,True,True,True,2026-08-03T13:38
STU00555,COL005,New Horizon College of Engineering,Bangalore,EEE,6.59,0,True,True,True,2026-07-20T12:53
STU00556,COL002,RV College of Engineering,Bangalore,ME,8.12,0,False,True,False,2026-08-17T18:42
STU00557,COL004,Dayananda Sagar College of Engineering,Bangalore,ECE,6.58,0,True,True,True,2026-08-06T18:41
STU00558,COL006,CMR Institute of Technology,Bangalore,ECE,7.43,0,True,False,False,2026-07-28T11:48
STU00559,COL004,Dayananda Sagar College of Engineering,Bangalore,AI&ML,6.92,0,True,True,True,2026-07-22T10:50
STU00560,COL003,PES University,Bangalore,ISE,7.08,0,True,True,True,2026-07-12T20:46
STU00561,COL001,BMS Institute of Technology,Bangalore,CSE,7.96,0,True,True,True,2026-07-01T09:57
STU00562,COL004,Dayananda Sagar College of Engineering,Bangalore,AI&ML,7.0,0,True,True,True,2026-07-20T09:03
STU00563,COL006,CMR Institute of Technology,Bangalore,AI&ML,7.62,0,True,True,True,2026-07-14T20:16
STU00564,COL002,RV College of Engineering,Bangalore,ME,6.91,0,True,True,True,2026-07-09T17:00
STU00565,COL001,BMS Institute of Technology,Bangalore,AI&ML,6.83,1,True,True,False,2026-07-26T09:29
STU00566,COL004,Dayananda Sagar College of Engineering,Bangalore,ME,7.9,0,True,False,False,2026-07-15T12:20
STU00567,COL004,Dayananda Sagar College of Engineering,Bangalore,EEE,8.84,0,True,True,True,2026-07-01T19:24
STU00568,COL003,PES University,Bangalore,ECE,6.93,0,True,True,True,2026-07-16T16:58
STU00569,COL004,Dayananda Sagar College of Engineering,Bangalore,AI&ML,7.19,2,True,True,False,2026-08-05T17:13
STU00570,COL003,PES University,Bangalore,AI&ML,8.23,0,False,True,False,2026-08-04T10:14
STU00571,COL005,New Horizon College of Engineering,Bangalore,AI&ML,8.31,0,True,False,False,2026-08-08T11:14
STU00572,COL006,CMR Institute of Technology,Bangalore,ME,7.93,2,True,False,False,2026-08-25T13:09
STU00573,COL003,PES University,Bangalore,CSE,7.99,0,True,True,True,2026-07-10T15:00
STU00574,COL004,Dayananda Sagar College of Engineering,Bangalore,ME,7.4,0,False,True,False,2026-07-12T15:53
STU00575,COL004,Dayananda Sagar College of Engineering,Bangalore,EEE,7.6,0,True,True,True,2026-08-17T16:24
STU00576,COL003,PES University,Bangalore,EEE,6.8,0,False,False,False,2026-08-18T20:51
STU00577,COL004,Dayananda Sagar College of Engineering,Bangalore,CSE,6.8,0,True,True,True,2026-07-21T10:50
STU00578,COL001,BMS Institute of Technology,Bangalore,CSE,6.23,0,True,True,False,2026-07-05T09:04
STU00579,COL005,New Horizon College of Engineering,Bangalore,ME,8.97,0,True,True,True,2026-08-04T09:28
STU00580,COL002,RV College of Engineering,Bangalore,CSE,9.12,1,True,True,False,2026-07-22T15:56
STU00581,COL003,PES University,Bangalore,EEE,8.09,0,True,True,True,2026-08-11T15:33
STU00582,COL002,RV College of Engineering,Bangalore,EEE,6.53,0,True,True,True,2026-07-26T14:45
STU00583,COL004,Dayananda Sagar College of Engineering,Bangalore,ME,7.82,1,True,True,False,2026-08-16T12:48
STU00584,COL003,PES University,Bangalore,AI&ML,8.49,0,True,True,True,2026-07-05T17:12
STU00585,COL001,BMS Institute of Technology,Bangalore,ECE,7.25,0,True,True,True,2026-07-14T09:03
STU00586,COL001,BMS Institute of Technology,Bangalore,ISE,8.92,2,True,True,False,2026-07-23T11:20
STU00587,COL001,BMS Institute of Technology,Bangalore,AI&ML,7.34,0,True,False,False,2026-07-23T10:49
STU00588,COL006,CMR Institute of Technology,Bangalore,EEE,7.7,0,True,True,True,2026-07-21T20:57
STU00589,COL004,Dayananda Sagar College of Engineering,Bangalore,ECE,7.91,0,True,True,True,2026-07-30T13:15
STU00590,COL003,PES University,Bangalore,AI&ML,7.77,0,True,True,True,2026-07-15T14:48
STU00591,COL003,PES University,Bangalore,ME,7.39,1,True,True,False,2026-08-03T15:01
STU00592,COL004,Dayananda Sagar College of Engineering,Bangalore,ME,6.97,0,True,True,True,2026-08-03T15:21
STU00593,COL003,PES University,Bangalore,EEE,8.25,0,True,True,True,2026-07-11T12:53
STU00594,COL002,RV College of Engineering,Bangalore,CSE,7.95,0,True,True,True,2026-07-12T13:40
STU00595,COL006,CMR Institute of Technology,Bangalore,CSE,7.01,0,True,True,True,2026-07-10T15:01
STU00596,COL002,RV College of Engineering,Bangalore,ME,8.62,0,True,True,True,2026-08-22T09:08
STU00597,COL004,Dayananda Sagar College of Engineering,Bangalore,ECE,8.3,0,True,True,True,2026-07-26T16:59
STU00598,COL004,Dayananda Sagar College of Engineering,Bangalore,ECE,7.85,0,True,True,True,2026-07-02T16:22
STU00599,COL001,BMS Institute of Technology,Bangalore,CSE,7.88,2,True,True,False,2026-08-06T14:03
STU00600,COL006,CMR Institute of Technology,Bangalore,CSE,7.19,1,True,True,False,2026-08-17T10:07
STU00601,COL001,BMS Institute of Technology,Bangalore,ECE,8.69,0,True,True,True,2026-07-08T13:30
STU00602,COL001,BMS Institute of Technology,Bangalore,CSE,8.02,0,True,True,True,2026-07-25T20:49
STU00603,COL006,CMR Institute of Technology,Bangalore,ECE,7.72,0,True,True,True,2026-07-06T12:58
STU00604,COL005,New Horizon College of Engineering,Bangalore,EEE,6.94,1,True,True,False,2026-08-09T10:56
STU00605,COL003,PES University,Bangalore,ECE,8.37,2,True,True,False,2026-07-27T20:40
STU00606,COL005,New Horizon College of Engineering,Bangalore,ECE,7.73,0,True,True,True,2026-08-25T15:05
STU00607,COL002,RV College of Engineering,Bangalore,ME,7.1,0,True,True,True,2026-08-16T13:09
STU00608,COL004,Dayananda Sagar College of Engineering,Bangalore,CSE,6.91,0,True,True,True,2026-08-01T17:28
STU00609,COL006,CMR Institute of Technology,Bangalore,AI&ML,7.83,0,True,True,True,2026-08-15T11:43
STU00610,COL004,Dayananda Sagar College of Engineering,Bangalore,ISE,8.57,0,True,True,True,2026-07-21T19:27
STU00611,COL006,CMR Institute of Technology,Bangalore,EEE,7.12,0,False,True,False,2026-08-18T14:06
STU00612,COL006,CMR Institute of Technology,Bangalore,ECE,6.81,0,False,True,False,2026-08-11T09:19
STU00613,COL004,Dayananda Sagar College of Engineering,Bangalore,ECE,6.72,0,True,True,True,2026-07-11T10:26
STU00614,COL002,RV College of Engineering,Bangalore,EEE,7.96,0,False,True,False,2026-07-23T20:31
STU00615,COL004,Dayananda Sagar College of Engineering,Bangalore,ECE,7.41,0,True,True,True,2026-07-05T12:43
STU00616,COL006,CMR Institute of Technology,Bangalore,ISE,6.03,0,True,True,False,2026-07-16T16:11
STU00617,COL003,PES University,Bangalore,EEE,7.04,0,True,True,True,2026-07-31T17:26
STU00618,COL005,New Horizon College of Engineering,Bangalore,ISE,7.42,0,True,True,True,2026-08-25T13:16
STU00619,COL004,Dayananda Sagar College of Engineering,Bangalore,CSE,6.79,0,True,True,True,2026-08-02T10:55
STU00620,COL001,BMS Institute of Technology,Bangalore,ISE,6.82,0,True,True,True,2026-07-15T19:30
STU00621,COL001,BMS Institute of Technology,Bangalore,ECE,7.09,0,True,True,True,2026-07-18T18:57
STU00622,COL002,RV College of Engineering,Bangalore,ISE,8.11,0,True,True,True,2026-07-31T19:28
STU00623,COL002,RV College of Engineering,Bangalore,ISE,7.2,0,True,False,False,2026-08-05T15:08
STU00624,COL006,CMR Institute of Technology,Bangalore,ISE,7.45,0,True,True,True,2026-08-25T13:07
STU00625,COL001,BMS Institute of Technology,Bangalore,CSE,7.49,0,True,True,True,2026-08-04T12:42
STU00626,COL001,BMS Institute of Technology,Bangalore,ECE,7.72,0,True,True,True,2026-07-16T15:48
STU00627,COL001,BMS Institute of Technology,Bangalore,CSE,7.41,0,True,True,True,2026-08-09T16:18
STU00628,COL002,RV College of Engineering,Bangalore,CSE,7.19,0,True,True,True,2026-07-05T12:44
STU00629,COL006,CMR Institute of Technology,Bangalore,ECE,7.33,1,True,True,False,2026-08-19T19:46
STU00630,COL006,CMR Institute of Technology,Bangalore,AI&ML,8.14,0,True,True,True,2026-07-11T12:00
STU00631,COL006,CMR Institute of Technology,Bangalore,ECE,7.37,2,True,True,False,2026-07-04T10:06
STU00632,COL003,PES University,Bangalore,CSE,7.29,0,True,True,True,2026-07-21T17:34
STU00633,COL004,Dayananda Sagar College of Engineering,Bangalore,AI&ML,7.86,1,True,False,False,2026-07-17T19:12
STU00634,COL002,RV College of Engineering,Bangalore,CSE,6.67,0,False,True,False,2026-07-30T13:18
STU00635,COL004,Dayananda Sagar College of Engineering,Bangalore,ECE,7.4,0,True,True,True,2026-08-01T14:03
STU00636,COL004,Dayananda Sagar College of Engineering,Bangalore,EEE,7.7,1,True,True,False,2026-08-14T19:55
STU00637,COL006,CMR Institute of Technology,Bangalore,ECE,6.68,0,True,True,True,2026-07-18T09:26
STU00638,COL003,PES University,Bangalore,AI&ML,7.87,2,True,True,False,2026-07-15T20:58
STU00639,COL006,CMR Institute of Technology,Bangalore,EEE,8.24,0,True,True,True,2026-07-19T19:09
STU00640,COL004,Dayananda Sagar College of Engineering,Bangalore,ME,7.7,0,True,False,False,2026-08-25T19:28
STU00641,COL006,CMR Institute of Technology,Bangalore,ISE,7.88,0,True,True,True,2026-08-21T09:15
STU00642,COL006,CMR Institute of Technology,Bangalore,ECE,9.05,0,True,True,True,2026-07-20T16:17
STU00643,COL005,New Horizon College of Engineering,Bangalore,EEE,7.47,0,True,True,True,2026-08-17T11:40
STU00644,COL003,PES University,Bangalore,ISE,7.71,0,True,True,True,2026-07-08T13:31
STU00645,COL002,RV College of Engineering,Bangalore,EEE,7.56,2,True,True,False,2026-07-18T09:25
STU00646,COL003,PES University,Bangalore,ECE,7.49,0,True,True,True,2026-08-03T16:43
STU00647,COL003,PES University,Bangalore,ISE,8.22,0,True,True,True,2026-07-26T19:50
STU00648,COL006,CMR Institute of Technology,Bangalore,ISE,7.14,0,True,True,True,2026-07-27T12:12
STU00649,COL005,New Horizon College of Engineering,Bangalore,EEE,7.44,0,True,True,True,2026-07-14T19:02
STU00650,COL005,New Horizon College of Engineering,Bangalore,ECE,9.63,2,True,True,False,2026-07-11T14:31
STU00651,COL006,CMR Institute of Technology,Bangalore,EEE,8.43,1,True,True,False,2026-08-17T18:05
STU00652,COL004,Dayananda Sagar College of Engineering,Bangalore,CSE,7.28,0,True,True,True,2026-07-21T17:21
STU00653,COL004,Dayananda Sagar College of Engineering,Bangalore,ME,7.15,1,False,False,False,2026-07-21T17:28
STU00654,COL001,BMS Institute of Technology,Bangalore,ISE,7.09,0,True,True,True,2026-08-06T16:16
STU00655,COL005,New Horizon College of Engineering,Bangalore,ME,7.23,0,True,True,True,2026-08-05T10:25
STU00656,COL005,New Horizon College of Engineering,Bangalore,AI&ML,7.23,0,True,True,True,2026-07-28T18:25
STU00657,COL001,BMS Institute of Technology,Bangalore,EEE,7.4,0,True,True,True,2026-07-23T12:10
STU00658,COL005,New Horizon College of Engineering,Bangalore,ECE,7.51,0,True,True,True,2026-08-16T09:36
STU00659,COL002,RV College of Engineering,Bangalore,AI&ML,7.91,0,True,True,True,2026-08-18T19:32
STU00660,COL005,New Horizon College of Engineering,Bangalore,AI&ML,6.27,0,True,True,False,2026-07-01T13:22
STU00661,COL006,CMR Institute of Technology,Bangalore,ECE,8.76,0,True,True,True,2026-08-17T14:33
STU00662,COL004,Dayananda Sagar College of Engineering,Bangalore,EEE,7.44,2,True,True,False,2026-08-03T17:58
STU00663,COL005,New Horizon College of Engineering,Bangalore,ME,8.37,0,True,True,True,2026-07-30T19:14
STU00664,COL006,CMR Institute of Technology,Bangalore,EEE,7.16,0,False,True,False,2026-08-10T18:29
STU00665,COL003,PES University,Bangalore,EEE,7.53,1,True,True,False,2026-08-24T15:34
STU00666,COL002,RV College of Engineering,Bangalore,CSE,7.33,0,True,True,True,2026-07-08T18:57
STU00667,COL001,BMS Institute of Technology,Bangalore,CSE,7.38,0,True,True,True,2026-07-25T12:48
STU00668,COL006,CMR Institute of Technology,Bangalore,CSE,8.26,0,True,True,True,2026-08-19T09:25
STU00669,COL002,RV College of Engineering,Bangalore,ECE,9.02,0,True,True,True,2026-07-10T16:18
STU00670,COL003,PES University,Bangalore,ME,8.3,1,True,True,False,2026-08-15T20:58
STU00671,COL005,New Horizon College of Engineering,Bangalore,ECE,7.88,2,True,True,False,2026-08-08T16:05
STU00672,COL001,BMS Institute of Technology,Bangalore,AI&ML,8.74,1,True,True,False,2026-07-06T11:51
STU00673,COL001,BMS Institute of Technology,Bangalore,AI&ML,7.59,0,True,True,True,2026-07-05T17:07
STU00674,COL003,PES University,Bangalore,AI&ML,8.95,0,True,True,True,2026-07-14T21:00
STU00675,COL006,CMR Institute of Technology,Bangalore,ISE,6.73,0,False,True,False,2026-07-14T16:09
STU00676,COL005,New Horizon College of Engineering,Bangalore,ECE,8.11,0,False,True,False,2026-08-03T15:17
STU00677,COL004,Dayananda Sagar College of Engineering,Bangalore,EEE,8.47,0,True,True,True,2026-07-04T09:10
STU00678,COL003,PES University,Bangalore,AI&ML,7.02,2,True,False,False,2026-08-08T15:54
STU00679,COL005,New Horizon College of Engineering,Bangalore,AI&ML,8.41,1,False,True,False,2026-07-14T10:36
STU00680,COL001,BMS Institute of Technology,Bangalore,EEE,7.93,2,True,True,False,2026-07-13T17:59
STU00681,COL006,CMR Institute of Technology,Bangalore,ECE,7.62,0,False,True,False,2026-08-10T11:17
STU00682,COL006,CMR Institute of Technology,Bangalore,ISE,6.64,0,True,True,True,2026-08-05T13:02
STU00683,COL003,PES University,Bangalore,ISE,6.71,0,True,True,True,2026-08-11T17:43
STU00684,COL006,CMR Institute of Technology,Bangalore,ECE,7.93,2,True,True,False,2026-07-11T14:55
STU00685,COL005,New Horizon College of Engineering,Bangalore,ECE,7.39,0,True,True,True,2026-07-29T12:54
STU00686,COL003,PES University,Bangalore,CSE,7.6,0,True,False,False,2026-08-13T13:20
STU00687,COL004,Dayananda Sagar College of Engineering,Bangalore,ECE,8.31,0,True,True,True,2026-08-21T11:50
STU00688,COL002,RV College of Engineering,Bangalore,ECE,7.17,2,True,True,False,2026-08-16T09:39
STU00689,COL001,BMS Institute of Technology,Bangalore,EEE,7.32,0,True,True,True,2026-08-22T16:29
STU00690,COL002,RV College of Engineering,Bangalore,CSE,7.59,0,True,True,True,2026-08-19T13:57
STU00691,COL001,BMS Institute of Technology,Bangalore,EEE,7.36,0,True,True,True,2026-07-02T14:54
STU00692,COL001,BMS Institute of Technology,Bangalore,ISE,7.6,0,True,True,True,2026-07-27T16:53
STU00693,COL004,Dayananda Sagar College of Engineering,Bangalore,ECE,7.26,0,True,True,True,2026-08-01T17:43
STU00694,COL006,CMR Institute of Technology,Bangalore,ISE,7.46,0,True,True,True,2026-07-29T10:15
STU00695,COL005,New Horizon College of Engineering,Bangalore,AI&ML,7.62,0,True,True,True,2026-08-05T14:40
STU00696,COL005,New Horizon College of Engineering,Bangalore,ECE,7.64,0,True,True,True,2026-07-19T12:00
STU00697,COL003,PES University,Bangalore,ME,6.55,0,True,True,True,2026-08-12T12:25
STU00698,COL003,PES University,Bangalore,ECE,7.74,0,True,True,True,2026-07-08T17:42
STU00699,COL006,CMR Institute of Technology,Bangalore,ECE,6.74,0,True,True,True,2026-08-03T14:24
STU00700,COL006,CMR Institute of Technology,Bangalore,EEE,8.11,0,True,True,True,2026-07-17T16:07
STU00701,COL005,New Horizon College of Engineering,Bangalore,CSE,8.83,0,True,False,False,2026-07-02T20:17
STU00702,COL004,Dayananda Sagar College of Engineering,Bangalore,EEE,7.03,0,True,False,False,2026-08-11T20:12
STU00703,COL004,Dayananda Sagar College of Engineering,Bangalore,AI&ML,7.02,0,True,True,True,2026-07-19T15:24
STU00704,COL006,CMR Institute of Technology,Bangalore,ISE,6.94,0,True,True,True,2026-07-29T13:55
STU00705,COL003,PES University,Bangalore,ECE,7.83,1,True,True,False,2026-07-10T11:51
STU00706,COL003,PES University,Bangalore,ISE,7.91,0,True,True,True,2026-08-14T13:31
STU00707,COL003,PES University,Bangalore,CSE,7.76,0,True,True,True,2026-08-05T19:24
STU00708,COL003,PES University,Bangalore,AI&ML,6.28,0,True,False,False,2026-08-20T11:04
STU00709,COL004,Dayananda Sagar College of Engineering,Bangalore,ECE,7.52,0,True,True,True,2026-08-20T16:19
STU00710,COL005,New Horizon College of Engineering,Bangalore,AI&ML,7.31,0,False,True,False,2026-08-25T19:03
STU00711,COL005,New Horizon College of Engineering,Bangalore,ISE,7.03,0,True,True,True,2026-07-30T11:33
STU00712,COL002,RV College of Engineering,Bangalore,ECE,6.73,0,True,True,True,2026-08-21T17:25
STU00713,COL006,CMR Institute of Technology,Bangalore,EEE,6.53,0,True,True,True,2026-08-19T15:15
STU00714,COL004,Dayananda Sagar College of Engineering,Bangalore,CSE,7.09,0,True,True,True,2026-07-23T16:54
STU00715,COL001,BMS Institute of Technology,Bangalore,ISE,7.05,0,True,True,True,2026-08-20T12:07
STU00716,COL004,Dayananda Sagar College of Engineering,Bangalore,EEE,7.34,0,True,True,True,2026-07-08T18:06
STU00717,COL003,PES University,Bangalore,AI&ML,6.96,2,True,True,False,2026-08-15T15:41
STU00718,COL001,BMS Institute of Technology,Bangalore,EEE,8.33,2,True,True,False,2026-07-16T19:51
STU00719,COL001,BMS Institute of Technology,Bangalore,ECE,7.35,1,True,True,False,2026-08-04T20:09
STU00720,COL006,CMR Institute of Technology,Bangalore,AI&ML,7.12,0,True,True,True,2026-08-19T20:17
STU00721,COL003,PES University,Bangalore,AI&ML,7.97,1,True,True,False,2026-08-09T19:32
STU00722,COL006,CMR Institute of Technology,Bangalore,ME,7.84,0,True,True,True,2026-08-11T13:28
STU00723,COL002,RV College of Engineering,Bangalore,CSE,8.38,0,True,True,True,2026-08-03T10:44
STU00724,COL006,CMR Institute of Technology,Bangalore,ISE,7.32,0,True,True,True,2026-07-15T12:55
STU00725,COL003,PES University,Bangalore,EEE,7.68,0,True,True,True,2026-08-03T12:23
STU00726,COL003,PES University,Bangalore,ISE,7.73,2,True,True,False,2026-07-20T19:36
STU00727,COL004,Dayananda Sagar College of Engineering,Bangalore,ECE,7.38,2,True,True,False,2026-08-02T09:32
STU00728,COL005,New Horizon College of Engineering,Bangalore,AI&ML,8.8,0,True,True,True,2026-07-28T11:12
STU00729,COL003,PES University,Bangalore,ECE,7.81,0,True,True,True,2026-08-12T11:23
STU00730,COL005,New Horizon College of Engineering,Bangalore,AI&ML,7.87,0,True,True,True,2026-07-18T09:44
STU00731,COL001,BMS Institute of Technology,Bangalore,ISE,8.5,0,True,True,True,2026-08-18T12:38
STU00732,COL003,PES University,Bangalore,AI&ML,8.67,0,True,True,True,2026-07-30T09:21
STU00733,COL003,PES University,Bangalore,AI&ML,7.35,0,False,True,False,2026-08-25T09:16
STU00734,COL001,BMS Institute of Technology,Bangalore,ISE,7.22,0,True,True,True,2026-07-24T09:49
STU00735,COL002,RV College of Engineering,Bangalore,CSE,8.24,0,True,True,True,2026-08-17T15:27
STU00736,COL004,Dayananda Sagar College of Engineering,Bangalore,ISE,7.67,0,True,True,True,2026-08-15T12:43
STU00737,COL006,CMR Institute of Technology,Bangalore,ME,7.0,0,True,True,True,2026-07-30T14:00
STU00738,COL001,BMS Institute of Technology,Bangalore,EEE,7.23,0,True,True,True,2026-07-22T15:25
STU00739,COL003,PES University,Bangalore,AI&ML,7.64,2,True,True,False,2026-07-15T09:46
STU00740,COL005,New Horizon College of Engineering,Bangalore,ME,6.67,0,False,False,False,2026-08-24T09:04
STU00741,COL003,PES University,Bangalore,ME,7.42,0,True,True,True,2026-08-01T12:17
STU00742,COL003,PES University,Bangalore,ME,6.88,0,True,True,True,2026-08-24T14:28
STU00743,COL002,RV College of Engineering,Bangalore,EEE,7.68,2,True,True,False,2026-08-16T16:37
STU00744,COL002,RV College of Engineering,Bangalore,AI&ML,7.29,1,True,True,False,2026-07-29T18:04
STU00745,COL006,CMR Institute of Technology,Bangalore,ECE,8.28,0,True,True,True,2026-08-17T20:02
STU00746,COL005,New Horizon College of Engineering,Bangalore,ECE,7.58,0,True,True,True,2026-07-17T15:41
STU00747,COL005,New Horizon College of Engineering,Bangalore,ISE,7.12,1,True,True,False,2026-08-18T16:52
STU00748,COL005,New Horizon College of Engineering,Bangalore,ECE,8.19,0,True,True,True,2026-08-01T13:46
STU00749,COL004,Dayananda Sagar College of Engineering,Bangalore,ISE,8.0,0,True,True,True,2026-07-24T10:41
STU00750,COL001,BMS Institute of Technology,Bangalore,ISE,7.23,0,True,True,True,2026-08-23T16:58
STU00751,COL005,New Horizon College of Engineering,Bangalore,ME,8.56,0,True,True,True,2026-08-03T16:40
STU00752,COL006,CMR Institute of Technology,Bangalore,CSE,6.88,0,True,True,True,2026-07-20T17:55
STU00753,COL004,Dayananda Sagar College of Engineering,Bangalore,ECE,7.37,0,True,True,True,2026-07-25T14:15
STU00754,COL005,New Horizon College of Engineering,Bangalore,EEE,6.87,0,True,True,True,2026-07-12T17:37
STU00755,COL006,CMR Institute of Technology,Bangalore,EEE,7.39,0,True,True,True,2026-08-20T18:28
STU00756,COL006,CMR Institute of Technology,Bangalore,AI&ML,8.35,1,True,True,False,2026-07-24T16:51
STU00757,COL005,New Horizon College of Engineering,Bangalore,EEE,8.3,0,True,True,True,2026-08-22T17:49
STU00758,COL003,PES University,Bangalore,ECE,7.23,0,True,True,True,2026-08-08T15:43
STU00759,COL001,BMS Institute of Technology,Bangalore,CSE,7.39,0,True,True,True,2026-07-30T20:25
STU00760,COL003,PES University,Bangalore,ME,7.2,0,True,True,True,2026-07-14T12:59
STU00761,COL001,BMS Institute of Technology,Bangalore,ECE,7.74,0,True,True,True,2026-08-20T12:05
STU00762,COL003,PES University,Bangalore,ME,7.55,0,True,False,False,2026-07-22T20:08
STU00763,COL005,New Horizon College of Engineering,Bangalore,ECE,7.47,1,True,True,False,2026-07-13T15:08
STU00764,COL005,New Horizon College of Engineering,Bangalore,ISE,8.07,0,True,False,False,2026-07-26T11:56
STU00765,COL001,BMS Institute of Technology,Bangalore,ME,7.65,1,True,True,False,2026-07-01T19:46
STU00766,COL001,BMS Institute of Technology,Bangalore,ISE,8.65,0,True,True,True,2026-07-11T10:14
STU00767,COL005,New Horizon College of Engineering,Bangalore,ECE,7.92,0,True,True,True,2026-08-02T12:49
STU00768,COL006,CMR Institute of Technology,Bangalore,ECE,8.91,0,True,True,True,2026-07-05T17:55
STU00769,COL003,PES University,Bangalore,AI&ML,7.6,0,True,True,True,2026-08-14T17:01
STU00770,COL006,CMR Institute of Technology,Bangalore,CSE,8.65,0,False,True,False,2026-08-10T13:41
STU00771,COL002,RV College of Engineering,Bangalore,EEE,7.72,0,True,True,True,2026-07-12T10:26
STU00772,COL003,PES University,Bangalore,CSE,8.09,0,True,False,False,2026-07-18T15:52
STU00773,COL001,BMS Institute of Technology,Bangalore,ME,6.79,0,True,True,True,2026-07-03T15:13
STU00774,COL001,BMS Institute of Technology,Bangalore,EEE,6.53,0,True,True,True,2026-08-21T09:55
STU00775,COL002,RV College of Engineering,Bangalore,CSE,8.74,0,True,True,True,2026-07-12T16:03
STU00776,COL001,BMS Institute of Technology,Bangalore,AI&ML,7.87,0,True,True,True,2026-07-04T09:38
STU00777,COL004,Dayananda Sagar College of Engineering,Bangalore,ISE,7.61,0,True,True,True,2026-07-08T20:17
STU00778,COL005,New Horizon College of Engineering,Bangalore,ISE,7.08,0,True,False,False,2026-07-21T20:32
STU00779,COL001,BMS Institute of Technology,Bangalore,ME,7.15,0,True,True,True,2026-08-02T18:32
STU00780,COL002,RV College of Engineering,Bangalore,EEE,8.6,0,True,True,True,2026-07-25T14:40
STU00781,COL003,PES University,Bangalore,CSE,7.27,0,True,True,True,2026-08-02T17:27
STU00782,COL002,RV College of Engineering,Bangalore,CSE,6.41,1,True,False,False,2026-08-14T20:44
STU00783,COL003,PES University,Bangalore,ECE,7.39,1,True,True,False,2026-08-14T09:45
STU00784,COL006,CMR Institute of Technology,Bangalore,ME,6.3,0,True,True,False,2026-08-01T10:09
STU00785,COL003,PES University,Bangalore,ECE,8.88,0,True,True,True,2026-07-31T11:27
STU00786,COL003,PES University,Bangalore,AI&ML,8.36,1,True,True,False,2026-07-15T10:11
STU00787,COL006,CMR Institute of Technology,Bangalore,ISE,7.38,0,True,True,True,2026-07-24T14:56
STU00788,COL004,Dayananda Sagar College of Engineering,Bangalore,AI&ML,7.14,0,True,True,True,2026-07-18T20:45
STU00789,COL006,CMR Institute of Technology,Bangalore,ISE,8.86,0,True,True,True,2026-08-22T09:19
STU00790,COL003,PES University,Bangalore,ME,7.79,0,True,True,True,2026-08-21T13:54
STU00791,COL006,CMR Institute of Technology,Bangalore,CSE,6.97,2,True,False,False,2026-07-11T10:24
STU00792,COL005,New Horizon College of Engineering,Bangalore,EEE,6.88,0,True,True,True,2026-08-02T20:44
STU00793,COL003,PES University,Bangalore,AI&ML,8.08,0,False,True,False,2026-07-07T11:55
STU00794,COL006,CMR Institute of Technology,Bangalore,ISE,8.03,0,True,True,True,2026-07-30T13:38
STU00795,COL005,New Horizon College of Engineering,Bangalore,AI&ML,6.72,0,True,True,True,2026-07-28T10:16
STU00796,COL001,BMS Institute of Technology,Bangalore,AI&ML,7.3,0,True,False,False,2026-07-17T13:26
STU00797,COL004,Dayananda Sagar College of Engineering,Bangalore,CSE,7.07,0,True,True,True,2026-07-23T14:02
STU00798,COL003,PES University,Bangalore,AI&ML,7.56,0,False,True,False,2026-08-11T11:03
STU00799,COL006,CMR Institute of Technology,Bangalore,ECE,7.95,2,True,False,False,2026-08-03T17:39
STU00800,COL001,BMS Institute of Technology,Bangalore,ECE,7.39,0,True,True,True,2026-08-10T10:17
STU00801,COL001,BMS Institute of Technology,Bangalore,ISE,7.99,0,True,True,True,2026-07-07T19:58
STU00802,COL001,BMS Institute of Technology,Bangalore,ISE,7.09,0,True,True,True,2026-08-09T16:09
STU00803,COL003,PES University,Bangalore,ECE,6.62,1,True,True,False,2026-07-18T19:09
STU00804,COL005,New Horizon College of Engineering,Bangalore,ECE,8.11,0,True,True,True,2026-08-12T18:04
STU00805,COL006,CMR Institute of Technology,Bangalore,ME,7.03,0,True,True,True,2026-07-27T10:50
STU00806,COL006,CMR Institute of Technology,Bangalore,ISE,7.11,0,True,True,True,2026-07-08T09:22
STU00807,COL005,New Horizon College of Engineering,Bangalore,ISE,7.12,0,True,True,True,2026-07-14T10:51
STU00808,COL001,BMS Institute of Technology,Bangalore,ME,7.71,0,True,True,True,2026-08-12T17:21
STU00809,COL004,Dayananda Sagar College of Engineering,Bangalore,EEE,7.92,0,True,True,True,2026-07-12T11:12
STU00810,COL001,BMS Institute of Technology,Bangalore,CSE,8.56,0,True,True,True,2026-07-08T12:37
STU00811,COL002,RV College of Engineering,Bangalore,ME,6.54,0,True,True,True,2026-07-31T18:25
STU00812,COL002,RV College of Engineering,Bangalore,ISE,7.49,0,True,True,True,2026-08-17T13:59
STU00813,COL005,New Horizon College of Engineering,Bangalore,ISE,7.92,0,False,True,False,2026-08-18T16:49
STU00814,COL001,BMS Institute of Technology,Bangalore,ECE,7.71,0,True,True,True,2026-08-15T09:11
STU00815,COL002,RV College of Engineering,Bangalore,AI&ML,8.02,0,True,True,True,2026-07-17T13:48
STU00816,COL002,RV College of Engineering,Bangalore,CSE,6.33,0,True,True,False,2026-08-04T09:38
STU00817,COL003,PES University,Bangalore,AI&ML,7.45,2,True,True,False,2026-08-20T11:45
STU00818,COL004,Dayananda Sagar College of Engineering,Bangalore,ECE,9.15,0,True,False,False,2026-08-05T14:57
STU00819,COL005,New Horizon College of Engineering,Bangalore,ISE,7.07,0,True,True,True,2026-07-14T12:13
STU00820,COL006,CMR Institute of Technology,Bangalore,AI&ML,7.66,0,False,True,False,2026-08-25T19:01
STU00821,COL002,RV College of Engineering,Bangalore,ME,6.9,1,True,True,False,2026-07-23T17:53
STU00822,COL003,PES University,Bangalore,AI&ML,8.06,0,True,True,True,2026-08-18T20:40
STU00823,COL001,BMS Institute of Technology,Bangalore,ECE,7.52,0,True,True,True,2026-08-22T13:37
STU00824,COL002,RV College of Engineering,Bangalore,ME,7.64,0,True,True,True,2026-08-14T12:01
STU00825,COL001,BMS Institute of Technology,Bangalore,ME,7.86,0,True,True,True,2026-07-14T18:53
STU00826,COL001,BMS Institute of Technology,Bangalore,ISE,8.7,0,True,True,True,2026-07-06T17:05
STU00827,COL001,BMS Institute of Technology,Bangalore,AI&ML,6.69,0,True,True,True,2026-08-14T10:33
STU00828,COL005,New Horizon College of Engineering,Bangalore,ME,8.67,1,True,True,False,2026-07-13T10:01
STU00829,COL006,CMR Institute of Technology,Bangalore,ME,8.18,0,True,True,True,2026-08-06T20:41
STU00830,COL004,Dayananda Sagar College of Engineering,Bangalore,AI&ML,7.02,0,True,True,True,2026-07-20T12:01
STU00831,COL002,RV College of Engineering,Bangalore,ME,7.68,0,True,True,True,2026-07-27T18:47
STU00832,COL002,RV College of Engineering,Bangalore,CSE,7.47,0,True,True,True,2026-07-28T17:40
STU00833,COL005,New Horizon College of Engineering,Bangalore,ME,7.37,0,True,True,True,2026-07-07T14:16
STU00834,COL003,PES University,Bangalore,CSE,7.94,0,True,True,True,2026-08-22T16:54
STU00835,COL001,BMS Institute of Technology,Bangalore,ME,7.59,0,True,True,True,2026-07-22T19:54
STU00836,COL004,Dayananda Sagar College of Engineering,Bangalore,ISE,7.61,0,True,True,True,2026-07-02T10:24
STU00837,COL001,BMS Institute of Technology,Bangalore,AI&ML,9.01,0,True,True,True,2026-08-08T12:39
STU00838,COL006,CMR Institute of Technology,Bangalore,ECE,7.66,0,True,True,True,2026-08-20T09:38
STU00839,COL001,BMS Institute of Technology,Bangalore,EEE,7.43,0,True,True,True,2026-07-29T12:33
STU00840,COL002,RV College of Engineering,Bangalore,ECE,8.66,0,True,True,True,2026-08-05T17:13
STU00841,COL001,BMS Institute of Technology,Bangalore,EEE,8.12,0,True,True,True,2026-07-23T15:38
STU00842,COL003,PES University,Bangalore,ECE,8.58,0,True,True,True,2026-07-14T16:55
STU00843,COL003,PES University,Bangalore,ME,7.55,1,True,True,False,2026-07-17T10:17
STU00844,COL005,New Horizon College of Engineering,Bangalore,ISE,7.68,0,True,True,True,2026-08-14T15:24
STU00845,COL003,PES University,Bangalore,AI&ML,7.68,0,True,False,False,2026-07-10T09:28
STU00846,COL003,PES University,Bangalore,ME,6.76,1,True,True,False,2026-08-12T11:23
STU00847,COL005,New Horizon College of Engineering,Bangalore,ME,7.17,0,True,True,True,2026-08-12T10:29
STU00848,COL006,CMR Institute of Technology,Bangalore,ISE,8.56,0,True,True,True,2026-08-15T13:30
STU00849,COL001,BMS Institute of Technology,Bangalore,ME,7.19,0,True,True,True,2026-07-07T16:04
STU00850,COL001,BMS Institute of Technology,Bangalore,AI&ML,7.13,0,False,True,False,2026-07-18T19:45
STU00851,COL004,Dayananda Sagar College of Engineering,Bangalore,ME,7.25,0,True,True,True,2026-07-13T20:43
STU00852,COL005,New Horizon College of Engineering,Bangalore,ECE,8.21,1,True,True,False,2026-07-03T09:00
STU00853,COL003,PES University,Bangalore,EEE,7.32,2,True,True,False,2026-08-06T12:29
STU00854,COL003,PES University,Bangalore,ECE,8.75,0,True,True,True,2026-07-06T16:13
STU00855,COL002,RV College of Engineering,Bangalore,AI&ML,7.85,0,True,True,True,2026-07-29T20:13
STU00856,COL001,BMS Institute of Technology,Bangalore,ME,7.66,1,True,True,False,2026-08-06T18:14
STU00857,COL002,RV College of Engineering,Bangalore,ISE,7.14,0,True,True,True,2026-08-15T14:58
STU00858,COL005,New Horizon College of Engineering,Bangalore,ECE,8.32,0,True,True,True,2026-08-19T10:14
STU00859,COL005,New Horizon College of Engineering,Bangalore,ME,7.28,0,True,True,True,2026-07-15T20:55
STU00860,COL002,RV College of Engineering,Bangalore,ME,7.81,0,True,True,True,2026-07-30T13:04
STU00861,COL005,New Horizon College of Engineering,Bangalore,ECE,8.23,0,True,True,True,2026-07-27T18:37
STU00862,COL002,RV College of Engineering,Bangalore,ECE,7.65,0,False,True,False,2026-08-11T19:06
STU00863,COL006,CMR Institute of Technology,Bangalore,ISE,6.58,0,True,False,False,2026-07-09T09:13
STU00864,COL004,Dayananda Sagar College of Engineering,Bangalore,EEE,8.22,0,True,True,True,2026-08-22T10:51
STU00865,COL001,BMS Institute of Technology,Bangalore,ISE,8.07,0,True,True,True,2026-07-05T11:13
STU00866,COL001,BMS Institute of Technology,Bangalore,CSE,7.33,0,True,True,True,2026-07-16T16:01
STU00867,COL004,Dayananda Sagar College of Engineering,Bangalore,ISE,7.81,0,True,True,True,2026-07-02T11:36
STU00868,COL003,PES University,Bangalore,ECE,7.55,0,True,True,True,2026-07-24T12:53
STU00869,COL005,New Horizon College of Engineering,Bangalore,ME,7.86,0,True,True,True,2026-08-19T14:39
STU00870,COL006,CMR Institute of Technology,Bangalore,ECE,7.2,0,True,True,True,2026-07-23T09:16
STU00871,COL006,CMR Institute of Technology,Bangalore,CSE,8.96,0,True,False,False,2026-08-09T16:14
STU00872,COL001,BMS Institute of Technology,Bangalore,ME,7.83,0,True,True,True,2026-07-09T11:53
STU00873,COL001,BMS Institute of Technology,Bangalore,AI&ML,7.85,0,True,True,True,2026-07-17T18:14
STU00874,COL002,RV College of Engineering,Bangalore,ECE,8.5,0,True,True,True,2026-07-17T10:27
STU00875,COL006,CMR Institute of Technology,Bangalore,ME,7.65,0,True,True,True,2026-08-14T20:04
STU00876,COL006,CMR Institute of Technology,Bangalore,ECE,8.3,0,True,True,True,2026-07-07T12:46
STU00877,COL001,BMS Institute of Technology,Bangalore,CSE,7.76,0,True,True,True,2026-07-05T19:28
STU00878,COL004,Dayananda Sagar College of Engineering,Bangalore,ECE,7.11,0,True,True,True,2026-07-22T17:36
STU00879,COL005,New Horizon College of Engineering,Bangalore,ME,6.93,0,True,True,True,2026-07-09T17:56
STU00880,COL004,Dayananda Sagar College of Engineering,Bangalore,ME,6.87,0,True,True,True,2026-08-25T13:49
STU00881,COL003,PES University,Bangalore,AI&ML,7.13,0,True,True,True,2026-08-05T18:14
STU00882,COL001,BMS Institute of Technology,Bangalore,CSE,7.75,0,True,True,True,2026-07-18T12:52
STU00883,COL005,New Horizon College of Engineering,Bangalore,AI&ML,6.93,0,False,False,False,2026-08-13T16:02
STU00884,COL004,Dayananda Sagar College of Engineering,Bangalore,ME,8.89,0,True,True,True,2026-08-13T18:20
STU00885,COL001,BMS Institute of Technology,Bangalore,AI&ML,7.94,0,True,False,False,2026-07-06T19:30
STU00886,COL003,PES University,Bangalore,EEE,7.11,0,True,True,True,2026-08-05T10:46
STU00887,COL002,RV College of Engineering,Bangalore,AI&ML,7.66,0,True,True,True,2026-08-02T13:16
STU00888,COL001,BMS Institute of Technology,Bangalore,ISE,7.07,0,True,True,True,2026-07-07T16:23
STU00889,COL004,Dayananda Sagar College of Engineering,Bangalore,ECE,7.57,1,True,True,False,2026-08-05T15:24
STU00890,COL006,CMR Institute of Technology,Bangalore,ISE,6.73,1,True,True,False,2026-07-03T10:18
STU00891,COL004,Dayananda Sagar College of Engineering,Bangalore,ECE,8.01,0,True,True,True,2026-08-16T14:08
STU00892,COL004,Dayananda Sagar College of Engineering,Bangalore,AI&ML,8.64,0,True,True,True,2026-08-25T18:48
STU00893,COL005,New Horizon College of Engineering,Bangalore,ME,8.32,1,False,True,False,2026-08-24T09:56
STU00894,COL002,RV College of Engineering,Bangalore,EEE,8.05,1,True,True,False,2026-08-04T15:32
STU00895,COL004,Dayananda Sagar College of Engineering,Bangalore,CSE,6.94,1,True,True,False,2026-08-24T13:21
STU00896,COL004,Dayananda Sagar College of Engineering,Bangalore,AI&ML,7.07,2,True,True,False,2026-08-14T20:27
STU00897,COL003,PES University,Bangalore,ECE,6.71,1,True,True,False,2026-08-23T16:11
STU00898,COL004,Dayananda Sagar College of Engineering,Bangalore,CSE,7.48,0,True,True,True,2026-08-02T15:10
STU00899,COL005,New Horizon College of Engineering,Bangalore,ECE,8.11,0,True,False,False,2026-07-06T13:04
STU00900,COL003,PES University,Bangalore,ISE,8.28,0,True,True,True,2026-08-23T20:49
STU00901,COL005,New Horizon College of Engineering,Bangalore,EEE,7.22,0,True,True,True,2026-07-08T14:09
STU00902,COL006,CMR Institute of Technology,Bangalore,ME,8.8,0,True,True,True,2026-07-27T18:35
STU00903,COL004,Dayananda Sagar College of Engineering,Bangalore,ME,8.35,1,True,True,False,2026-08-02T15:20
STU00904,COL006,CMR Institute of Technology,Bangalore,AI&ML,8.79,0,True,True,True,2026-07-26T14:55
STU00905,COL004,Dayananda Sagar College of Engineering,Bangalore,ISE,6.74,2,False,True,False,2026-08-02T16:05
STU00906,COL003,PES University,Bangalore,EEE,8.34,0,False,True,False,2026-07-23T14:02
STU00907,COL001,BMS Institute of Technology,Bangalore,AI&ML,7.63,0,True,True,True,2026-07-13T10:14
STU00908,COL002,RV College of Engineering,Bangalore,CSE,7.9,0,True,False,False,2026-08-10T12:08
STU00909,COL003,PES University,Bangalore,CSE,6.74,0,True,True,True,2026-08-08T15:08
STU00910,COL003,PES University,Bangalore,ECE,7.28,0,True,True,True,2026-08-11T20:22
STU00911,COL003,PES University,Bangalore,ISE,7.8,0,True,False,False,2026-08-11T13:32
STU00912,COL005,New Horizon College of Engineering,Bangalore,ME,8.57,0,True,True,True,2026-08-08T20:02
STU00913,COL006,CMR Institute of Technology,Bangalore,AI&ML,7.3,1,True,True,False,2026-08-12T16:40
STU00914,COL006,CMR Institute of Technology,Bangalore,ME,7.44,0,True,True,True,2026-07-15T20:39
STU00915,COL006,CMR Institute of Technology,Bangalore,AI&ML,7.05,1,True,True,False,2026-07-25T13:50
STU00916,COL006,CMR Institute of Technology,Bangalore,ECE,8.17,0,True,True,True,2026-08-22T12:28
STU00917,COL005,New Horizon College of Engineering,Bangalore,ECE,8.11,0,True,True,True,2026-08-23T09:48
STU00918,COL001,BMS Institute of Technology,Bangalore,ISE,8.36,1,True,True,False,2026-08-02T18:53
STU00919,COL002,RV College of Engineering,Bangalore,ME,6.78,0,True,True,True,2026-07-13T11:28
STU00920,COL004,Dayananda Sagar College of Engineering,Bangalore,ME,7.98,0,True,True,True,2026-08-18T17:59
STU00921,COL004,Dayananda Sagar College of Engineering,Bangalore,ECE,7.34,0,True,True,True,2026-08-19T14:28
STU00922,COL001,BMS Institute of Technology,Bangalore,EEE,8.2,0,True,False,False,2026-07-16T13:43
STU00923,COL002,RV College of Engineering,Bangalore,ECE,7.11,0,False,True,False,2026-08-04T19:15
STU00924,COL001,BMS Institute of Technology,Bangalore,ISE,7.79,0,True,True,True,2026-07-27T17:40
STU00925,COL006,CMR Institute of Technology,Bangalore,ISE,7.85,0,True,False,False,2026-07-24T14:44
STU00926,COL006,CMR Institute of Technology,Bangalore,EEE,7.86,0,True,True,True,2026-07-21T15:06
STU00927,COL002,RV College of Engineering,Bangalore,ISE,6.89,0,True,True,True,2026-07-26T17:14
STU00928,COL003,PES University,Bangalore,ISE,7.87,0,True,True,True,2026-08-17T16:59
STU00929,COL001,BMS Institute of Technology,Bangalore,ME,7.62,0,True,True,True,2026-08-07T12:01
STU00930,COL002,RV College of Engineering,Bangalore,ISE,6.49,0,True,True,False,2026-08-15T20:21
STU00931,COL004,Dayananda Sagar College of Engineering,Bangalore,ISE,8.38,0,True,True,True,2026-07-24T14:06
STU00932,COL005,New Horizon College of Engineering,Bangalore,ME,9.0,0,True,True,True,2026-08-12T16:23
STU00933,COL006,CMR Institute of Technology,Bangalore,ECE,6.87,0,True,True,True,2026-07-09T15:15
STU00934,COL005,New Horizon College of Engineering,Bangalore,ME,7.41,0,True,True,True,2026-07-02T09:16
STU00935,COL006,CMR Institute of Technology,Bangalore,ECE,6.94,1,True,True,False,2026-08-10T14:56
STU00936,COL002,RV College of Engineering,Bangalore,EEE,7.28,2,True,True,False,2026-07-15T11:32
STU00937,COL004,Dayananda Sagar College of Engineering,Bangalore,EEE,7.49,0,True,True,True,2026-08-04T11:07
STU00938,COL002,RV College of Engineering,Bangalore,CSE,8.64,0,True,True,True,2026-07-28T18:34
STU00939,COL003,PES University,Bangalore,EEE,7.36,0,True,True,True,2026-07-06T14:25
STU00940,COL002,RV College of Engineering,Bangalore,ECE,8.14,0,True,True,True,2026-07-15T18:24
STU00941,COL004,Dayananda Sagar College of Engineering,Bangalore,ECE,7.03,0,True,True,True,2026-08-18T16:17
STU00942,COL002,RV College of Engineering,Bangalore,EEE,8.19,0,True,False,False,2026-07-05T11:55
STU00943,COL001,BMS Institute of Technology,Bangalore,ME,7.42,0,True,True,True,2026-08-19T20:27
STU00944,COL006,CMR Institute of Technology,Bangalore,ECE,7.54,0,True,True,True,2026-08-03T11:38
STU00945,COL006,CMR Institute of Technology,Bangalore,ISE,7.36,0,True,True,True,2026-08-12T20:01
STU00946,COL001,BMS Institute of Technology,Bangalore,ECE,7.36,1,True,True,False,2026-07-06T12:30
STU00947,COL004,Dayananda Sagar College of Engineering,Bangalore,EEE,6.01,1,True,True,False,2026-08-11T09:35
STU00948,COL003,PES University,Bangalore,ECE,7.73,1,True,True,False,2026-08-17T19:19
STU00949,COL005,New Horizon College of Engineering,Bangalore,AI&ML,7.58,0,True,True,True,2026-08-22T15:00
STU00950,COL002,RV College of Engineering,Bangalore,CSE,6.67,0,True,True,True,2026-08-24T18:49
STU00951,COL004,Dayananda Sagar College of Engineering,Bangalore,EEE,8.51,0,True,True,True,2026-08-06T20:11
STU00952,COL001,BMS Institute of Technology,Bangalore,ECE,8.03,0,True,True,True,2026-07-05T09:33
STU00953,COL002,RV College of Engineering,Bangalore,EEE,7.23,1,True,True,False,2026-08-04T15:39
STU00954,COL003,PES University,Bangalore,EEE,7.49,0,False,True,False,2026-08-10T16:42
STU00955,COL001,BMS Institute of Technology,Bangalore,EEE,8.28,0,True,True,True,2026-08-25T19:25
STU00956,COL006,CMR Institute of Technology,Bangalore,CSE,7.95,0,True,True,True,2026-08-09T17:38
STU00957,COL004,Dayananda Sagar College of Engineering,Bangalore,EEE,7.33,0,True,True,True,2026-07-20T14:23
STU00958,COL002,RV College of Engineering,Bangalore,ISE,7.75,0,True,True,True,2026-07-15T10:11
STU00959,COL001,BMS Institute of Technology,Bangalore,CSE,8.19,0,True,True,True,2026-07-04T14:07
STU00960,COL001,BMS Institute of Technology,Bangalore,CSE,7.67,0,True,True,True,2026-07-28T12:27
STU00961,COL006,CMR Institute of Technology,Bangalore,ME,7.03,1,True,True,False,2026-07-15T11:42
STU00962,COL004,Dayananda Sagar College of Engineering,Bangalore,ISE,7.1,0,True,True,True,2026-07-13T11:38
STU00963,COL002,RV College of Engineering,Bangalore,AI&ML,8.94,1,True,True,False,2026-07-18T17:30
STU00964,COL002,RV College of Engineering,Bangalore,CSE,7.55,0,True,True,True,2026-08-09T09:54
STU00965,COL001,BMS Institute of Technology,Bangalore,CSE,7.38,1,True,True,False,2026-07-13T12:37
STU00966,COL001,BMS Institute of Technology,Bangalore,AI&ML,8.18,1,True,False,False,2026-07-01T09:14
STU00967,COL005,New Horizon College of Engineering,Bangalore,AI&ML,7.99,0,True,True,True,2026-07-04T19:18
STU00968,COL006,CMR Institute of Technology,Bangalore,ISE,7.57,0,True,True,True,2026-08-11T20:18
STU00969,COL002,RV College of Engineering,Bangalore,ECE,8.32,0,True,True,True,2026-07-10T14:28
STU00970,COL005,New Horizon College of Engineering,Bangalore,ECE,8.59,0,True,True,True,2026-07-24T18:43
STU00971,COL005,New Horizon College of Engineering,Bangalore,ECE,8.12,0,True,True,True,2026-07-23T14:13
STU00972,COL003,PES University,Bangalore,EEE,8.05,0,True,True,True,2026-07-07T10:33
STU00973,COL004,Dayananda Sagar College of Engineering,Bangalore,ECE,7.58,0,True,True,True,2026-07-24T20:01
STU00974,COL002,RV College of Engineering,Bangalore,ECE,6.98,0,True,True,True,2026-08-23T13:31
STU00975,COL003,PES University,Bangalore,ISE,8.55,0,True,True,True,2026-07-06T20:45
STU00976,COL005,New Horizon College of Engineering,Bangalore,CSE,8.11,0,True,True,True,2026-07-22T20:51
STU00977,COL001,BMS Institute of Technology,Bangalore,ME,7.28,0,True,True,True,2026-07-09T16:47
STU00978,COL005,New Horizon College of Engineering,Bangalore,AI&ML,7.0,0,False,True,False,2026-08-03T18:27
STU00979,COL004,Dayananda Sagar College of Engineering,Bangalore,CSE,7.89,0,True,True,True,2026-08-12T18:24
STU00980,COL003,PES University,Bangalore,ISE,8.31,1,True,True,False,2026-08-08T10:02
STU00981,COL006,CMR Institute of Technology,Bangalore,ME,7.75,1,True,True,False,2026-07-30T13:03
STU00982,COL003,PES University,Bangalore,ECE,7.85,0,True,True,True,2026-08-22T17:32
STU00983,COL003,PES University,Bangalore,ECE,7.39,1,True,True,False,2026-08-16T14:12
STU00984,COL005,New Horizon College of Engineering,Bangalore,EEE,6.7,2,True,True,False,2026-07-16T19:22
STU00985,COL002,RV College of Engineering,Bangalore,AI&ML,8.0,0,True,True,True,2026-07-26T11:18
STU00986,COL002,RV College of Engineering,Bangalore,CSE,7.97,0,True,True,True,2026-07-11T17:22
STU00987,COL001,BMS Institute of Technology,Bangalore,EEE,7.95,0,True,True,True,2026-07-04T12:50
STU00988,COL003,PES University,Bangalore,AI&ML,8.35,0,True,True,True,2026-07-17T16:28
STU00989,COL001,BMS Institute of Technology,Bangalore,ISE,7.73,0,True,True,True,2026-08-25T20:24
STU00990,COL003,PES University,Bangalore,AI&ML,6.7,0,True,True,True,2026-08-14T09:37
STU00991,COL005,New Horizon College of Engineering,Bangalore,AI&ML,7.87,0,True,False,False,2026-08-01T12:51
STU00992,COL004,Dayananda Sagar College of Engineering,Bangalore,ME,7.97,0,True,True,True,2026-07-17T14:50
STU00993,COL003,PES University,Bangalore,ME,8.83,1,True,False,False,2026-07-18T18:20
STU00994,COL004,Dayananda Sagar College of Engineering,Bangalore,ME,6.64,0,True,True,True,2026-07-27T12:24
STU00995,COL005,New Horizon College of Engineering,Bangalore,ISE,7.71,0,True,True,True,2026-08-11T12:32
STU00996,COL001,BMS Institute of Technology,Bangalore,CSE,8.26,0,True,True,True,2026-08-03T14:44
STU00997,COL004,Dayananda Sagar College of Engineering,Bangalore,EEE,9.03,0,True,False,False,2026-07-24T16:16
STU00998,COL002,RV College of Engineering,Bangalore,CSE,7.51,0,True,True,True,2026-08-10T15:07
STU00999,COL001,BMS Institute of Technology,Bangalore,ECE,6.99,0,True,True,True,2026-07-23T15:30
STU01000,COL005,New Horizon College of Engineering,Bangalore,AI&ML,7.04,1,True,True,False,2026-08-07T10:52
STU01001,COL002,RV College of Engineering,Bangalore,AI&ML,6.72,0,True,True,True,2026-08-23T16:34
STU01002,COL003,PES University,Bangalore,ECE,6.7,0,True,True,True,2026-08-14T15:13
STU01003,COL001,BMS Institute of Technology,Bangalore,ISE,7.92,0,True,True,True,2026-08-01T18:05
STU01004,COL006,CMR Institute of Technology,Bangalore,AI&ML,7.27,0,True,True,True,2026-07-16T16:32
STU01005,COL003,PES University,Bangalore,EEE,7.39,1,True,True,False,2026-08-25T11:06
STU01006,COL004,Dayananda Sagar College of Engineering,Bangalore,ME,6.74,0,True,True,True,2026-08-03T15:50
STU01007,COL003,PES University,Bangalore,CSE,8.09,0,True,True,True,2026-07-02T20:25
STU01008,COL002,RV College of Engineering,Bangalore,ECE,7.31,0,True,True,True,2026-07-12T12:00
STU01009,COL004,Dayananda Sagar College of Engineering,Bangalore,AI&ML,8.56,0,True,True,True,2026-07-30T15:12
STU01010,COL003,PES University,Bangalore,ISE,7.52,0,True,True,True,2026-08-22T09:32
STU01011,COL005,New Horizon College of Engineering,Bangalore,ISE,7.38,0,True,True,True,2026-08-23T17:02
STU01012,COL006,CMR Institute of Technology,Bangalore,ECE,6.36,0,True,True,False,2026-08-12T10:56
STU01013,COL004,Dayananda Sagar College of Engineering,Bangalore,ECE,6.54,0,True,False,False,2026-07-15T19:46
STU01014,COL003,PES University,Bangalore,EEE,7.75,0,True,True,True,2026-07-15T10:10
STU01015,COL005,New Horizon College of Engineering,Bangalore,AI&ML,8.47,1,False,True,False,2026-08-02T15:45
STU01016,COL002,RV College of Engineering,Bangalore,ECE,7.43,0,True,False,False,2026-07-07T09:00
STU01017,COL005,New Horizon College of Engineering,Bangalore,EEE,8.08,0,True,True,True,2026-07-15T11:48
STU01018,COL001,BMS Institute of Technology,Bangalore,ECE,8.09,0,True,True,True,2026-07-24T10:14
STU01019,COL006,CMR Institute of Technology,Bangalore,CSE,7.39,0,True,True,True,2026-07-21T09:08
STU01020,COL005,New Horizon College of Engineering,Bangalore,AI&ML,8.6,0,True,True,True,2026-08-06T15:15
STU01021,COL001,BMS Institute of Technology,Bangalore,AI&ML,8.38,0,True,True,True,2026-08-14T14:42
STU01022,COL003,PES University,Bangalore,AI&ML,5.8,0,True,True,False,2026-07-26T14:45
STU01023,COL004,Dayananda Sagar College of Engineering,Bangalore,AI&ML,8.34,0,True,True,True,2026-08-04T19:38
STU01024,COL003,PES University,Bangalore,ECE,7.22,0,True,True,True,2026-08-03T18:24
STU01025,COL001,BMS Institute of Technology,Bangalore,ME,7.28,0,True,True,True,2026-07-28T19:28
STU01026,COL005,New Horizon College of Engineering,Bangalore,ISE,8.6,2,True,True,False,2026-07-09T19:24
STU01027,COL006,CMR Institute of Technology,Bangalore,CSE,7.71,1,False,True,False,2026-08-20T12:18
STU01028,COL003,PES University,Bangalore,ECE,6.34,0,True,False,False,2026-08-20T13:09
STU01029,COL002,RV College of Engineering,Bangalore,CSE,7.42,0,True,True,True,2026-07-16T19:27
STU01030,COL006,CMR Institute of Technology,Bangalore,ME,6.78,1,True,True,False,2026-08-20T20:07
STU01031,COL003,PES University,Bangalore,EEE,7.39,2,True,True,False,2026-08-05T13:22
STU01032,COL006,CMR Institute of Technology,Bangalore,AI&ML,6.95,0,True,True,True,2026-07-18T12:09
STU01033,COL006,CMR Institute of Technology,Bangalore,AI&ML,7.52,0,True,True,True,2026-07-15T10:30
STU01034,COL004,Dayananda Sagar College of Engineering,Bangalore,ISE,8.79,0,True,True,True,2026-07-18T20:45
STU01035,COL004,Dayananda Sagar College of Engineering,Bangalore,ME,8.93,0,True,True,True,2026-07-04T19:14
STU01036,COL004,Dayananda Sagar College of Engineering,Bangalore,EEE,9.02,0,True,True,True,2026-07-06T10:35
STU01037,COL003,PES University,Bangalore,ECE,8.61,0,True,True,True,2026-07-15T09:39
STU01038,COL001,BMS Institute of Technology,Bangalore,CSE,8.21,0,True,False,False,2026-08-01T11:28
STU01039,COL004,Dayananda Sagar College of Engineering,Bangalore,AI&ML,7.52,0,True,True,True,2026-07-18T12:13
STU01040,COL001,BMS Institute of Technology,Bangalore,CSE,6.92,0,True,True,True,2026-08-04T15:18
STU01041,COL006,CMR Institute of Technology,Bangalore,AI&ML,7.04,2,True,True,False,2026-08-08T15:46
STU01042,COL004,Dayananda Sagar College of Engineering,Bangalore,EEE,7.54,0,False,True,False,2026-08-18T18:21
STU01043,COL005,New Horizon College of Engineering,Bangalore,EEE,7.19,0,True,True,True,2026-07-21T20:03
STU01044,COL001,BMS Institute of Technology,Bangalore,EEE,8.46,0,True,True,True,2026-07-15T14:12
STU01045,COL003,PES University,Bangalore,ME,8.4,0,True,False,False,2026-07-10T17:33
STU01046,COL005,New Horizon College of Engineering,Bangalore,AI&ML,7.21,2,True,True,False,2026-07-18T10:52
STU01047,COL004,Dayananda Sagar College of Engineering,Bangalore,ME,7.27,0,True,True,True,2026-08-21T15:07
STU01048,COL005,New Horizon College of Engineering,Bangalore,EEE,7.36,0,True,False,False,2026-08-08T10:03
STU01049,COL002,RV College of Engineering,Bangalore,EEE,7.39,0,True,True,True,2026-07-31T11:07
STU01050,COL002,RV College of Engineering,Bangalore,ME,8.02,1,False,False,False,2026-07-27T20:54
STU01051,COL006,CMR Institute of Technology,Bangalore,ISE,7.71,0,True,True,True,2026-07-18T14:35
STU01052,COL005,New Horizon College of Engineering,Bangalore,ISE,6.91,0,False,True,False,2026-08-09T11:41
STU01053,COL001,BMS Institute of Technology,Bangalore,ECE,8.11,0,False,True,False,2026-07-03T10:31
STU01054,COL006,CMR Institute of Technology,Bangalore,ECE,7.23,0,True,True,True,2026-08-15T18:04
STU01055,COL004,Dayananda Sagar College of Engineering,Bangalore,CSE,6.98,1,True,True,False,2026-08-18T13:06
STU01056,COL002,RV College of Engineering,Bangalore,CSE,6.57,0,True,True,True,2026-08-14T10:46
STU01057,COL001,BMS Institute of Technology,Bangalore,AI&ML,7.18,0,True,True,True,2026-07-22T20:40
STU01058,COL003,PES University,Bangalore,ISE,8.16,0,True,True,True,2026-08-20T16:03
STU01059,COL006,CMR Institute of Technology,Bangalore,ME,7.47,0,True,True,True,2026-08-05T15:22
STU01060,COL002,RV College of Engineering,Bangalore,AI&ML,7.19,1,True,True,False,2026-08-08T18:58
STU01061,COL001,BMS Institute of Technology,Bangalore,AI&ML,7.99,0,True,True,True,2026-08-01T12:36
STU01062,COL001,BMS Institute of Technology,Bangalore,AI&ML,7.54,0,True,True,True,2026-07-04T17:38
STU01063,COL001,BMS Institute of Technology,Bangalore,AI&ML,8.02,0,True,True,True,2026-08-25T21:00
STU01064,COL006,CMR Institute of Technology,Bangalore,ME,7.13,0,True,False,False,2026-08-11T11:49
STU01065,COL003,PES University,Bangalore,AI&ML,8.09,0,True,True,True,2026-08-17T20:45
STU01066,COL002,RV College of Engineering,Bangalore,AI&ML,7.51,0,True,False,False,2026-07-31T19:26
STU01067,COL003,PES University,Bangalore,ECE,7.56,0,True,True,True,2026-07-28T11:51
STU01068,COL003,PES University,Bangalore,ME,8.06,0,True,True,True,2026-08-23T20:28
STU01069,COL005,New Horizon College of Engineering,Bangalore,ECE,7.53,0,True,True,True,2026-07-16T13:25
STU01070,COL005,New Horizon College of Engineering,Bangalore,EEE,7.77,0,True,True,True,2026-07-06T12:42
STU01071,COL001,BMS Institute of Technology,Bangalore,AI&ML,7.37,0,True,True,True,2026-08-12T15:13
STU01072,COL006,CMR Institute of Technology,Bangalore,ECE,7.52,0,True,False,False,2026-07-16T13:40
STU01073,COL003,PES University,Bangalore,ME,7.98,0,True,True,True,2026-08-05T11:24
STU01074,COL006,CMR Institute of Technology,Bangalore,ISE,9.16,0,True,True,True,2026-08-19T12:06
STU01075,COL004,Dayananda Sagar College of Engineering,Bangalore,EEE,7.49,1,True,False,False,2026-08-13T13:19
STU01076,COL002,RV College of Engineering,Bangalore,ISE,8.4,0,True,True,True,2026-07-15T16:11
STU01077,COL003,PES University,Bangalore,AI&ML,8.09,0,True,True,True,2026-07-23T10:26
STU01078,COL002,RV College of Engineering,Bangalore,AI&ML,7.38,0,True,True,True,2026-08-12T14:27
STU01079,COL001,BMS Institute of Technology,Bangalore,AI&ML,7.9,1,True,True,False,2026-07-19T09:24
STU01080,COL004,Dayananda Sagar College of Engineering,Bangalore,ME,7.14,2,True,True,False,2026-07-01T20:42
STU01081,COL002,RV College of Engineering,Bangalore,ISE,7.34,0,True,False,False,2026-07-27T15:54
STU01082,COL003,PES University,Bangalore,CSE,7.28,0,True,True,True,2026-08-10T12:53
STU01083,COL006,CMR Institute of Technology,Bangalore,ECE,7.89,0,True,True,True,2026-07-12T20:56
STU01084,COL002,RV College of Engineering,Bangalore,ECE,7.12,0,False,True,False,2026-08-16T16:43
STU01085,COL006,CMR Institute of Technology,Bangalore,ISE,7.47,0,True,True,True,2026-08-17T15:39
STU01086,COL006,CMR Institute of Technology,Bangalore,ECE,7.59,0,False,True,False,2026-08-25T19:26
STU01087,COL003,PES University,Bangalore,AI&ML,7.87,1,False,True,False,2026-07-23T17:53
STU01088,COL005,New Horizon College of Engineering,Bangalore,EEE,6.82,0,True,True,True,2026-08-06T12:47
STU01089,COL005,New Horizon College of Engineering,Bangalore,AI&ML,7.57,0,True,True,True,2026-08-13T18:45
STU01090,COL001,BMS Institute of Technology,Bangalore,ECE,6.68,0,True,True,True,2026-08-01T19:18
STU01091,COL004,Dayananda Sagar College of Engineering,Bangalore,ME,7.89,0,True,True,True,2026-07-15T10:14
STU01092,COL004,Dayananda Sagar College of Engineering,Bangalore,EEE,6.61,2,True,True,False,2026-07-11T13:00
STU01093,COL001,BMS Institute of Technology,Bangalore,ECE,7.53,0,True,True,True,2026-07-28T11:22
STU01094,COL001,BMS Institute of Technology,Bangalore,EEE,8.18,0,True,True,True,2026-08-18T18:28
STU01095,COL003,PES University,Bangalore,ISE,7.9,0,True,True,True,2026-07-19T10:35
STU01096,COL004,Dayananda Sagar College of Engineering,Bangalore,EEE,7.22,1,True,True,False,2026-08-08T18:37
STU01097,COL001,BMS Institute of Technology,Bangalore,ISE,7.79,0,True,True,True,2026-07-15T10:34
STU01098,COL005,New Horizon College of Engineering,Bangalore,ISE,7.27,0,True,True,True,2026-07-20T09:25
STU01099,COL001,BMS Institute of Technology,Bangalore,AI&ML,7.15,1,False,True,False,2026-07-14T14:39
STU01100,COL005,New Horizon College of Engineering,Bangalore,CSE,7.81,0,True,True,True,2026-07-05T19:25
STU01101,COL005,New Horizon College of Engineering,Bangalore,ECE,7.7,0,True,True,True,2026-08-02T12:21
STU01102,COL006,CMR Institute of Technology,Bangalore,CSE,7.25,1,True,True,False,2026-08-14T15:06
STU01103,COL005,New Horizon College of Engineering,Bangalore,ME,7.11,0,True,False,False,2026-08-02T18:00
STU01104,COL003,PES University,Bangalore,ECE,7.67,0,True,True,True,2026-07-15T11:22
STU01105,COL002,RV College of Engineering,Bangalore,ECE,7.24,0,True,True,True,2026-07-31T16:04
STU01106,COL005,New Horizon College of Engineering,Bangalore,CSE,6.37,0,True,False,False,2026-08-03T16:26
STU01107,COL003,PES University,Bangalore,ECE,8.06,2,True,False,False,2026-07-10T10:40
STU01108,COL006,CMR Institute of Technology,Bangalore,ME,7.27,0,False,True,False,2026-08-22T12:23
STU01109,COL001,BMS Institute of Technology,Bangalore,EEE,8.65,1,True,True,False,2026-08-23T13:45
STU01110,COL001,BMS Institute of Technology,Bangalore,EEE,7.23,0,True,True,True,2026-08-20T14:17
STU01111,COL005,New Horizon College of Engineering,Bangalore,CSE,7.92,0,True,True,True,2026-08-19T19:08
STU01112,COL001,BMS Institute of Technology,Bangalore,ECE,7.07,0,True,True,True,2026-07-15T20:41
STU01113,COL004,Dayananda Sagar College of Engineering,Bangalore,CSE,7.56,0,True,True,True,2026-08-03T16:25
STU01114,COL004,Dayananda Sagar College of Engineering,Bangalore,AI&ML,7.87,0,True,True,True,2026-07-09T19:26
STU01115,COL004,Dayananda Sagar College of Engineering,Bangalore,EEE,7.06,0,True,True,True,2026-07-09T20:05
STU01116,COL005,New Horizon College of Engineering,Bangalore,ISE,6.89,0,True,True,True,2026-07-05T13:14
STU01117,COL005,New Horizon College of Engineering,Bangalore,ECE,6.86,0,True,False,False,2026-07-07T17:31
STU01118,COL003,PES University,Bangalore,EEE,7.57,0,True,True,True,2026-07-23T16:26
STU01119,COL001,BMS Institute of Technology,Bangalore,EEE,6.95,0,True,True,True,2026-07-26T18:00
STU01120,COL001,BMS Institute of Technology,Bangalore,ECE,7.19,0,True,True,True,2026-07-16T18:10
STU01121,COL006,CMR Institute of Technology,Bangalore,ISE,7.59,0,True,True,True,2026-07-15T10:15
STU01122,COL005,New Horizon College of Engineering,Bangalore,CSE,7.85,0,False,True,False,2026-07-16T12:24
STU01123,COL004,Dayananda Sagar College of Engineering,Bangalore,CSE,7.67,0,True,True,True,2026-07-02T12:50
STU01124,COL003,PES University,Bangalore,CSE,7.19,1,True,True,False,2026-07-18T11:47
STU01125,COL006,CMR Institute of Technology,Bangalore,ME,7.91,0,True,True,True,2026-07-14T12:20
STU01126,COL002,RV College of Engineering,Bangalore,ME,7.52,0,True,True,True,2026-08-05T09:49
STU01127,COL002,RV College of Engineering,Bangalore,ISE,6.56,0,True,True,True,2026-08-06T16:38
STU01128,COL003,PES University,Bangalore,ISE,7.58,0,False,True,False,2026-07-21T11:22
STU01129,COL002,RV College of Engineering,Bangalore,ME,7.91,0,True,True,True,2026-07-03T13:29
STU01130,COL003,PES University,Bangalore,AI&ML,7.8,0,True,True,True,2026-07-10T13:34
STU01131,COL006,CMR Institute of Technology,Bangalore,AI&ML,7.54,0,True,True,True,2026-07-02T14:04
STU01132,COL001,BMS Institute of Technology,Bangalore,ME,7.11,1,True,True,False,2026-08-02T11:43
STU01133,COL001,BMS Institute of Technology,Bangalore,ME,7.28,0,True,True,True,2026-08-09T19:18
STU01134,COL006,CMR Institute of Technology,Bangalore,ECE,8.11,0,True,True,True,2026-08-06T13:02
STU01135,COL002,RV College of Engineering,Bangalore,ECE,9.07,0,True,True,True,2026-08-02T13:31
STU01136,COL001,BMS Institute of Technology,Bangalore,ECE,8.33,0,True,True,True,2026-08-21T10:47
STU01137,COL005,New Horizon College of Engineering,Bangalore,EEE,6.62,2,True,True,False,2026-07-25T20:40
STU01138,COL002,RV College of Engineering,Bangalore,ECE,8.05,0,True,True,True,2026-08-16T19:46
STU01139,COL006,CMR Institute of Technology,Bangalore,CSE,6.38,0,True,True,False,2026-07-22T19:25
STU01140,COL003,PES University,Bangalore,ME,8.52,0,True,True,True,2026-07-30T18:03
STU01141,COL006,CMR Institute of Technology,Bangalore,ECE,8.08,0,True,True,True,2026-08-25T17:35
STU01142,COL002,RV College of Engineering,Bangalore,ME,7.59,0,True,True,True,2026-08-16T14:28
STU01143,COL005,New Horizon College of Engineering,Bangalore,AI&ML,7.53,2,True,True,False,2026-07-07T16:42
STU01144,COL002,RV College of Engineering,Bangalore,CSE,8.45,0,True,True,True,2026-08-03T09:03
STU01145,COL001,BMS Institute of Technology,Bangalore,ME,7.59,0,True,True,True,2026-07-25T13:05
STU01146,COL001,BMS Institute of Technology,Bangalore,AI&ML,6.13,0,True,True,False,2026-08-18T13:59
STU01147,COL006,CMR Institute of Technology,Bangalore,CSE,8.27,0,True,True,True,2026-07-31T10:05
STU01148,COL006,CMR Institute of Technology,Bangalore,AI&ML,7.79,0,False,True,False,2026-08-08T19:35
STU01149,COL001,BMS Institute of Technology,Bangalore,CSE,6.67,0,False,False,False,2026-07-22T09:01
STU01150,COL006,CMR Institute of Technology,Bangalore,ME,6.5,1,True,True,False,2026-08-22T17:18
STU01151,COL004,Dayananda Sagar College of Engineering,Bangalore,AI&ML,8.42,0,True,False,False,2026-07-25T13:17
STU01152,COL004,Dayananda Sagar College of Engineering,Bangalore,ME,7.26,0,True,True,True,2026-08-18T19:50
STU01153,COL004,Dayananda Sagar College of Engineering,Bangalore,ME,7.26,0,False,True,False,2026-07-07T10:11
STU01154,COL001,BMS Institute of Technology,Bangalore,ECE,7.82,0,False,True,False,2026-08-22T20:03
STU01155,COL001,BMS Institute of Technology,Bangalore,ME,8.04,0,True,True,True,2026-07-31T13:14
STU01156,COL005,New Horizon College of Engineering,Bangalore,ME,7.9,0,True,True,True,2026-07-02T20:06
STU01157,COL003,PES University,Bangalore,CSE,7.71,0,True,True,True,2026-07-25T20:29
STU01158,COL003,PES University,Bangalore,ME,7.27,0,True,True,True,2026-08-19T09:14
STU01159,COL006,CMR Institute of Technology,Bangalore,CSE,6.86,0,True,True,True,2026-07-01T15:05
STU01160,COL005,New Horizon College of Engineering,Bangalore,ECE,7.02,0,True,True,True,2026-08-24T11:03
STU01161,COL004,Dayananda Sagar College of Engineering,Bangalore,ECE,7.95,0,True,True,True,2026-08-24T10:51
STU01162,COL001,BMS Institute of Technology,Bangalore,ECE,7.9,2,True,True,False,2026-08-16T11:02
STU01163,COL006,CMR Institute of Technology,Bangalore,ME,8.3,0,True,True,True,2026-07-27T18:24
STU01164,COL004,Dayananda Sagar College of Engineering,Bangalore,ME,7.8,2,True,True,False,2026-07-03T12:22
STU01165,COL002,RV College of Engineering,Bangalore,EEE,7.51,2,True,True,False,2026-07-14T18:43
STU01166,COL003,PES University,Bangalore,ECE,8.21,0,True,True,True,2026-07-16T11:02
STU01167,COL003,PES University,Bangalore,EEE,7.84,0,True,True,True,2026-08-22T19:16
STU01168,COL004,Dayananda Sagar College of Engineering,Bangalore,ISE,6.74,0,True,False,False,2026-08-02T12:46
STU01169,COL005,New Horizon College of Engineering,Bangalore,ME,7.88,0,True,True,True,2026-07-29T17:59
STU01170,COL003,PES University,Bangalore,ECE,7.22,1,True,True,False,2026-08-18T13:50
STU01171,COL006,CMR Institute of Technology,Bangalore,AI&ML,8.17,0,True,True,True,2026-08-18T12:59
STU01172,COL003,PES University,Bangalore,AI&ML,6.95,0,True,True,True,2026-07-16T14:57
STU01173,COL001,BMS Institute of Technology,Bangalore,ECE,8.68,1,True,True,False,2026-08-16T15:20
STU01174,COL001,BMS Institute of Technology,Bangalore,AI&ML,6.81,0,True,True,True,2026-07-19T20:39
STU01175,COL005,New Horizon College of Engineering,Bangalore,CSE,7.29,0,True,True,True,2026-08-21T13:39
STU01176,COL001,BMS Institute of Technology,Bangalore,ISE,8.55,0,True,True,True,2026-07-10T10:24
STU01177,COL003,PES University,Bangalore,ISE,7.19,0,True,True,True,2026-08-22T09:32
STU01178,COL003,PES University,Bangalore,AI&ML,7.07,0,True,True,True,2026-08-20T14:23
STU01179,COL003,PES University,Bangalore,AI&ML,7.86,0,True,True,True,2026-08-10T16:23
STU01180,COL006,CMR Institute of Technology,Bangalore,ECE,7.71,0,True,True,True,2026-07-12T14:16
STU01181,COL001,BMS Institute of Technology,Bangalore,ISE,6.1,0,True,True,False,2026-07-11T14:12
STU01182,COL005,New Horizon College of Engineering,Bangalore,ME,7.75,1,True,True,False,2026-07-04T10:50
STU01183,COL002,RV College of Engineering,Bangalore,AI&ML,8.38,1,True,True,False,2026-07-15T14:58
STU01184,COL001,BMS Institute of Technology,Bangalore,AI&ML,8.09,0,True,True,True,2026-08-16T10:18
STU01185,COL003,PES University,Bangalore,EEE,8.01,0,True,True,True,2026-08-19T16:51
STU01186,COL006,CMR Institute of Technology,Bangalore,ECE,6.84,0,True,True,True,2026-07-04T12:06
STU01187,COL002,RV College of Engineering,Bangalore,ECE,6.61,0,True,True,True,2026-07-29T19:59
STU01188,COL005,New Horizon College of Engineering,Bangalore,CSE,7.16,0,True,True,True,2026-08-20T16:34
STU01189,COL003,PES University,Bangalore,ISE,6.78,0,True,True,True,2026-08-02T10:18
STU01190,COL004,Dayananda Sagar College of Engineering,Bangalore,ME,7.63,0,True,True,True,2026-07-29T21:00
STU01191,COL003,PES University,Bangalore,ECE,7.83,1,False,True,False,2026-08-01T19:28
STU01192,COL006,CMR Institute of Technology,Bangalore,ME,6.89,2,True,True,False,2026-08-11T12:39
STU01193,COL005,New Horizon College of Engineering,Bangalore,ME,7.33,0,True,True,True,2026-07-08T19:43
STU01194,COL002,RV College of Engineering,Bangalore,ISE,6.98,0,False,False,False,2026-08-07T11:21
STU01195,COL005,New Horizon College of Engineering,Bangalore,CSE,7.24,0,True,True,True,2026-07-09T18:57
STU01196,COL001,BMS Institute of Technology,Bangalore,ECE,7.12,0,True,True,True,2026-07-18T13:13
STU01197,COL005,New Horizon College of Engineering,Bangalore,CSE,9.44,0,True,True,True,2026-07-13T13:50
STU01198,COL006,CMR Institute of Technology,Bangalore,ISE,8.67,0,True,True,True,2026-07-20T13:10
STU01199,COL005,New Horizon College of Engineering,Bangalore,ME,7.97,0,True,True,True,2026-07-03T10:37
STU01200,COL005,New Horizon College of Engineering,Bangalore,ISE,8.24,0,True,True,True,2026-08-17T17:23
STU01201,COL001,BMS Institute of Technology,Bangalore,CSE,8.06,0,True,False,False,2026-07-19T20:02
STU01202,COL003,PES University,Bangalore,ME,7.03,0,True,True,True,2026-08-12T14:40
STU01203,COL002,RV College of Engineering,Bangalore,ME,8.94,0,True,True,True,2026-07-10T18:48
STU01204,COL003,PES University,Bangalore,ME,7.11,0,True,True,True,2026-07-09T16:31
STU01205,COL003,PES University,Bangalore,EEE,6.0,0,True,True,False,2026-07-16T15:44
STU01206,COL001,BMS Institute of Technology,Bangalore,CSE,8.29,0,True,True,True,2026-08-01T19:03
STU01207,COL001,BMS Institute of Technology,Bangalore,ISE,7.29,0,True,True,True,2026-07-31T15:05
STU01208,COL004,Dayananda Sagar College of Engineering,Bangalore,EEE,7.49,1,True,True,False,2026-07-05T13:40
STU01209,COL006,CMR Institute of Technology,Bangalore,CSE,7.33,0,True,True,True,2026-08-14T13:54
STU01210,COL006,CMR Institute of Technology,Bangalore,ECE,7.6,0,True,True,True,2026-07-05T14:03
STU01211,COL005,New Horizon College of Engineering,Bangalore,ME,8.57,0,True,True,True,2026-07-22T18:28
STU01212,COL004,Dayananda Sagar College of Engineering,Bangalore,ME,7.38,0,True,True,True,2026-07-11T13:53
STU01213,COL004,Dayananda Sagar College of Engineering,Bangalore,EEE,8.37,0,False,True,False,2026-08-12T09:53
STU01214,COL005,New Horizon College of Engineering,Bangalore,AI&ML,7.59,0,True,True,True,2026-07-03T13:57
STU01215,COL003,PES University,Bangalore,ME,9.37,0,True,True,True,2026-08-25T11:01
STU01216,COL004,Dayananda Sagar College of Engineering,Bangalore,AI&ML,8.93,1,True,True,False,2026-08-05T12:53
STU01217,COL006,CMR Institute of Technology,Bangalore,CSE,8.19,1,True,True,False,2026-07-16T19:15
STU01218,COL004,Dayananda Sagar College of Engineering,Bangalore,AI&ML,8.31,0,True,True,True,2026-07-11T18:22
STU01219,COL003,PES University,Bangalore,EEE,7.81,2,True,True,False,2026-07-11T14:49
STU01220,COL002,RV College of Engineering,Bangalore,ISE,7.4,0,True,True,True,2026-07-23T16:53
STU01221,COL001,BMS Institute of Technology,Bangalore,CSE,7.27,0,True,True,True,2026-08-18T15:54
STU01222,COL003,PES University,Bangalore,CSE,8.25,0,True,True,True,2026-07-05T17:36
STU01223,COL005,New Horizon College of Engineering,Bangalore,ECE,7.35,0,True,True,True,2026-07-19T09:15
STU01224,COL004,Dayananda Sagar College of Engineering,Bangalore,AI&ML,7.66,0,True,True,True,2026-08-12T16:02
STU01225,COL005,New Horizon College of Engineering,Bangalore,CSE,7.96,0,True,True,True,2026-07-15T19:18
STU01226,COL005,New Horizon College of Engineering,Bangalore,AI&ML,7.37,0,True,True,True,2026-07-26T17:43
STU01227,COL001,BMS Institute of Technology,Bangalore,ISE,7.71,0,True,True,True,2026-07-31T15:38
STU01228,COL005,New Horizon College of Engineering,Bangalore,EEE,8.07,2,False,True,False,2026-08-12T15:49
STU01229,COL001,BMS Institute of Technology,Bangalore,ECE,8.18,1,True,True,False,2026-07-11T14:03
STU01230,COL003,PES University,Bangalore,ME,7.07,0,True,True,True,2026-08-10T16:07
STU01231,COL003,PES University,Bangalore,AI&ML,6.12,1,True,True,False,2026-07-26T16:09
STU01232,COL006,CMR Institute of Technology,Bangalore,AI&ML,7.71,0,False,True,False,2026-07-07T18:47
STU01233,COL002,RV College of Engineering,Bangalore,EEE,6.42,0,True,True,False,2026-08-25T12:17
STU01234,COL005,New Horizon College of Engineering,Bangalore,EEE,7.21,0,True,False,False,2026-07-20T20:08
STU01235,COL004,Dayananda Sagar College of Engineering,Bangalore,ISE,9.13,0,True,True,True,2026-07-11T17:10
STU01236,COL005,New Horizon College of Engineering,Bangalore,ME,9.4,0,True,True,True,2026-07-05T12:05
STU01237,COL001,BMS Institute of Technology,Bangalore,EEE,6.46,1,True,True,False,2026-08-21T10:59
STU01238,COL006,CMR Institute of Technology,Bangalore,CSE,7.81,0,True,True,True,2026-07-02T12:21
STU01239,COL003,PES University,Bangalore,ISE,6.81,2,True,True,False,2026-07-25T18:33
STU01240,COL002,RV College of Engineering,Bangalore,ISE,7.92,0,True,True,True,2026-07-16T18:49
STU01241,COL005,New Horizon College of Engineering,Bangalore,ECE,8.31,0,True,True,True,2026-07-18T09:45
STU01242,COL005,New Horizon College of Engineering,Bangalore,ISE,6.49,0,True,True,False,2026-07-16T20:54
STU01243,COL002,RV College of Engineering,Bangalore,ME,8.16,2,True,False,False,2026-07-04T10:14
STU01244,COL003,PES University,Bangalore,ME,7.62,0,True,True,True,2026-08-23T14:38
STU01245,COL001,BMS Institute of Technology,Bangalore,ME,7.17,0,True,True,True,2026-07-08T09:17
STU01246,COL004,Dayananda Sagar College of Engineering,Bangalore,ECE,7.65,0,True,True,True,2026-07-01T11:59
STU01247,COL003,PES University,Bangalore,AI&ML,6.44,0,True,True,False,2026-08-11T12:40
STU01248,COL006,CMR Institute of Technology,Bangalore,CSE,7.27,0,True,True,True,2026-08-13T17:57
STU01249,COL004,Dayananda Sagar College of Engineering,Bangalore,ISE,7.99,2,True,True,False,2026-08-24T14:48
STU01250,COL003,PES University,Bangalore,EEE,7.99,0,True,True,True,2026-08-11T11:10
STU01251,COL001,BMS Institute of Technology,Bangalore,ECE,7.63,0,True,True,True,2026-08-17T18:16
STU01252,COL004,Dayananda Sagar College of Engineering,Bangalore,EEE,8.02,0,True,True,True,2026-08-18T20:24
STU01253,COL002,RV College of Engineering,Bangalore,ECE,8.13,0,True,False,False,2026-07-16T14:57
STU01254,COL004,Dayananda Sagar College of Engineering,Bangalore,AI&ML,7.58,0,True,True,True,2026-08-10T10:10
STU01255,COL003,PES University,Bangalore,ME,8.35,2,False,True,False,2026-07-08T16:26
STU01256,COL002,RV College of Engineering,Bangalore,ISE,8.74,0,True,True,True,2026-08-03T19:35
STU01257,COL004,Dayananda Sagar College of Engineering,Bangalore,CSE,9.04,0,True,False,False,2026-08-02T20:49
STU01258,COL002,RV College of Engineering,Bangalore,ME,8.42,0,True,True,True,2026-07-29T14:55
STU01259,COL003,PES University,Bangalore,ECE,8.17,1,True,True,False,2026-08-09T18:25
STU01260,COL005,New Horizon College of Engineering,Bangalore,ECE,8.77,2,True,True,False,2026-08-22T20:55
STU01261,COL003,PES University,Bangalore,EEE,7.52,0,True,True,True,2026-07-04T12:34
STU01262,COL005,New Horizon College of Engineering,Bangalore,ISE,7.08,0,True,True,True,2026-08-02T16:03
STU01263,COL005,New Horizon College of Engineering,Bangalore,AI&ML,6.95,0,False,True,False,2026-07-25T16:50
STU01264,COL002,RV College of Engineering,Bangalore,ECE,8.5,1,True,True,False,2026-07-10T13:05
STU01265,COL005,New Horizon College of Engineering,Bangalore,ME,7.78,0,True,True,True,2026-07-22T17:17
STU01266,COL006,CMR Institute of Technology,Bangalore,ECE,7.81,0,True,True,True,2026-08-04T19:05
STU01267,COL006,CMR Institute of Technology,Bangalore,ISE,7.15,0,False,True,False,2026-08-23T11:50
STU01268,COL001,BMS Institute of Technology,Bangalore,ECE,7.58,0,True,True,True,2026-07-24T10:24
STU01269,COL001,BMS Institute of Technology,Bangalore,CSE,7.79,0,True,False,False,2026-08-09T18:54
STU01270,COL002,RV College of Engineering,Bangalore,ECE,8.04,0,True,True,True,2026-07-02T13:19
STU01271,COL002,RV College of Engineering,Bangalore,AI&ML,6.44,0,True,False,False,2026-08-07T13:15
STU01272,COL003,PES University,Bangalore,CSE,7.49,0,True,True,True,2026-08-24T19:20
STU01273,COL001,BMS Institute of Technology,Bangalore,ECE,7.05,1,True,False,False,2026-08-09T12:13
STU01274,COL004,Dayananda Sagar College of Engineering,Bangalore,ISE,7.73,0,True,True,True,2026-08-14T20:43
STU01275,COL001,BMS Institute of Technology,Bangalore,CSE,7.66,0,True,True,True,2026-07-25T15:57
STU01276,COL005,New Horizon College of Engineering,Bangalore,ME,7.02,0,True,True,True,2026-07-27T15:53
STU01277,COL001,BMS Institute of Technology,Bangalore,ISE,7.72,0,True,True,True,2026-08-11T19:19
STU01278,COL001,BMS Institute of Technology,Bangalore,CSE,6.6,0,True,True,True,2026-08-17T13:59
STU01279,COL002,RV College of Engineering,Bangalore,ME,6.78,0,True,True,True,2026-07-29T13:38
STU01280,COL003,PES University,Bangalore,ME,6.08,0,True,True,False,2026-08-15T17:46
STU01281,COL003,PES University,Bangalore,AI&ML,7.96,0,True,True,True,2026-07-26T20:16
STU01282,COL003,PES University,Bangalore,ME,7.67,0,True,True,True,2026-07-15T16:56
STU01283,COL004,Dayananda Sagar College of Engineering,Bangalore,ME,7.4,0,True,True,True,2026-07-21T14:17
STU01284,COL002,RV College of Engineering,Bangalore,ISE,8.77,0,True,True,True,2026-08-11T11:12
STU01285,COL002,RV College of Engineering,Bangalore,CSE,7.13,0,True,True,True,2026-07-03T10:15
STU01286,COL006,CMR Institute of Technology,Bangalore,ME,8.16,0,True,True,True,2026-08-04T12:37
STU01287,COL001,BMS Institute of Technology,Bangalore,AI&ML,8.74,0,True,True,True,2026-07-23T19:21
STU01288,COL001,BMS Institute of Technology,Bangalore,ISE,8.07,1,True,True,False,2026-07-19T09:34
STU01289,COL005,New Horizon College of Engineering,Bangalore,ME,8.0,0,False,True,False,2026-07-28T19:16
STU01290,COL004,Dayananda Sagar College of Engineering,Bangalore,ISE,7.94,0,True,True,True,2026-08-04T17:03
STU01291,COL001,BMS Institute of Technology,Bangalore,ME,7.32,0,True,True,True,2026-07-29T09:55
STU01292,COL005,New Horizon College of Engineering,Bangalore,ECE,6.7,0,True,True,True,2026-07-05T09:40
STU01293,COL002,RV College of Engineering,Bangalore,EEE,8.43,0,True,True,True,2026-08-16T19:13
STU01294,COL004,Dayananda Sagar College of Engineering,Bangalore,ECE,7.03,2,True,True,False,2026-07-05T12:08
STU01295,COL005,New Horizon College of Engineering,Bangalore,ECE,8.12,0,True,True,True,2026-07-28T10:18
STU01296,COL004,Dayananda Sagar College of Engineering,Bangalore,ME,6.91,1,True,True,False,2026-07-10T17:37
STU01297,COL005,New Horizon College of Engineering,Bangalore,ECE,7.94,0,True,True,True,2026-07-28T18:02
STU01298,COL003,PES University,Bangalore,AI&ML,7.57,0,True,True,True,2026-08-11T17:19
STU01299,COL004,Dayananda Sagar College of Engineering,Bangalore,ME,9.02,0,True,True,True,2026-07-23T13:50
STU01300,COL004,Dayananda Sagar College of Engineering,Bangalore,ME,7.87,0,True,True,True,2026-08-09T14:10
STU01301,COL003,PES University,Bangalore,CSE,9.32,0,True,True,True,2026-08-08T18:30
STU01302,COL004,Dayananda Sagar College of Engineering,Bangalore,ISE,8.44,1,True,True,False,2026-08-14T12:46
STU01303,COL005,New Horizon College of Engineering,Bangalore,ECE,7.59,0,True,True,True,2026-08-14T13:29
STU01304,COL002,RV College of Engineering,Bangalore,EEE,7.71,0,True,True,True,2026-08-13T19:28
STU01305,COL001,BMS Institute of Technology,Bangalore,ME,7.72,0,True,True,True,2026-08-18T13:42
STU01306,COL002,RV College of Engineering,Bangalore,AI&ML,8.33,0,True,True,True,2026-08-25T10:17
STU01307,COL004,Dayananda Sagar College of Engineering,Bangalore,ME,8.28,0,True,True,True,2026-07-23T16:02
STU01308,COL005,New Horizon College of Engineering,Bangalore,AI&ML,7.75,0,True,True,True,2026-07-22T10:56
STU01309,COL003,PES University,Bangalore,EEE,8.08,0,True,True,True,2026-08-11T20:13
STU01310,COL004,Dayananda Sagar College of Engineering,Bangalore,ME,7.58,0,True,True,True,2026-08-03T09:28
STU01311,COL005,New Horizon College of Engineering,Bangalore,EEE,7.94,0,True,True,True,2026-07-11T14:52
STU01312,COL001,BMS Institute of Technology,Bangalore,AI&ML,7.14,0,False,True,False,2026-08-02T19:52
STU01313,COL003,PES University,Bangalore,AI&ML,7.79,2,True,True,False,2026-07-23T13:27
STU01314,COL003,PES University,Bangalore,ECE,8.05,1,True,True,False,2026-07-05T18:26
STU01315,COL002,RV College of Engineering,Bangalore,ECE,7.66,0,True,True,True,2026-08-12T18:57
STU01316,COL001,BMS Institute of Technology,Bangalore,AI&ML,8.16,0,True,True,True,2026-07-01T15:57
STU01317,COL006,CMR Institute of Technology,Bangalore,CSE,6.51,0,True,True,True,2026-07-20T14:38
STU01318,COL006,CMR Institute of Technology,Bangalore,AI&ML,8.05,0,True,True,True,2026-08-13T16:09
STU01319,COL002,RV College of Engineering,Bangalore,ECE,7.99,1,True,True,False,2026-07-04T15:39
STU01320,COL006,CMR Institute of Technology,Bangalore,ME,7.67,0,True,True,True,2026-08-06T20:21
STU01321,COL002,RV College of Engineering,Bangalore,ECE,8.22,0,True,True,True,2026-07-12T09:25
STU01322,COL005,New Horizon College of Engineering,Bangalore,ME,7.16,0,True,False,False,2026-08-21T10:08
STU01323,COL003,PES University,Bangalore,ECE,7.26,1,True,True,False,2026-08-16T11:17
STU01324,COL006,CMR Institute of Technology,Bangalore,ECE,7.56,1,True,True,False,2026-07-13T19:20
STU01325,COL006,CMR Institute of Technology,Bangalore,EEE,8.42,1,True,True,False,2026-08-11T09:03
STU01326,COL004,Dayananda Sagar College of Engineering,Bangalore,CSE,7.32,0,True,True,True,2026-07-30T10:33
STU01327,COL004,Dayananda Sagar College of Engineering,Bangalore,CSE,7.48,0,True,True,True,2026-07-29T15:16
STU01328,COL001,BMS Institute of Technology,Bangalore,ME,7.59,0,True,True,True,2026-07-22T14:30
STU01329,COL001,BMS Institute of Technology,Bangalore,CSE,7.98,0,True,True,True,2026-07-20T15:08
STU01330,COL006,CMR Institute of Technology,Bangalore,CSE,9.08,0,True,True,True,2026-08-03T17:22
STU01331,COL001,BMS Institute of Technology,Bangalore,CSE,7.17,0,True,True,True,2026-07-17T10:00
STU01332,COL003,PES University,Bangalore,ECE,7.5,0,True,True,True,2026-08-21T11:35
STU01333,COL005,New Horizon College of Engineering,Bangalore,ISE,7.81,1,True,True,False,2026-07-09T18:29
STU01334,COL004,Dayananda Sagar College of Engineering,Bangalore,EEE,7.66,0,True,True,True,2026-07-12T13:27
STU01335,COL005,New Horizon College of Engineering,Bangalore,EEE,7.2,0,True,True,True,2026-07-27T12:28
STU01336,COL003,PES University,Bangalore,ECE,8.27,0,True,True,True,2026-07-19T14:25
STU01337,COL003,PES University,Bangalore,ISE,7.37,1,True,True,False,2026-07-26T11:22
STU01338,COL003,PES University,Bangalore,AI&ML,7.25,0,True,True,True,2026-07-18T20:28
STU01339,COL005,New Horizon College of Engineering,Bangalore,EEE,6.38,0,True,True,False,2026-07-31T19:48
STU01340,COL006,CMR Institute of Technology,Bangalore,CSE,6.99,0,True,True,True,2026-07-15T20:04
STU01341,COL001,BMS Institute of Technology,Bangalore,AI&ML,7.33,1,True,True,False,2026-07-24T11:55
STU01342,COL005,New Horizon College of Engineering,Bangalore,ME,7.68,0,True,True,True,2026-07-14T18:06
STU01343,COL004,Dayananda Sagar College of Engineering,Bangalore,ISE,7.24,1,False,True,False,2026-07-18T17:22
STU01344,COL001,BMS Institute of Technology,Bangalore,ECE,7.26,0,True,True,True,2026-08-07T15:39
STU01345,COL006,CMR Institute of Technology,Bangalore,ME,7.98,0,True,True,True,2026-07-16T16:04
STU01346,COL005,New Horizon College of Engineering,Bangalore,CSE,6.73,0,True,True,True,2026-07-07T13:58
STU01347,COL005,New Horizon College of Engineering,Bangalore,ME,7.59,0,True,True,True,2026-08-15T09:14
STU01348,COL002,RV College of Engineering,Bangalore,CSE,7.04,0,True,True,True,2026-07-30T10:27
STU01349,COL001,BMS Institute of Technology,Bangalore,ME,8.34,0,True,True,True,2026-07-30T17:05
STU01350,COL004,Dayananda Sagar College of Engineering,Bangalore,ECE,7.29,0,True,False,False,2026-07-27T21:00
STU01351,COL001,BMS Institute of Technology,Bangalore,EEE,8.02,0,True,True,True,2026-07-24T20:23
STU01352,COL003,PES University,Bangalore,ISE,7.7,0,True,True,True,2026-07-30T19:49
STU01353,COL003,PES University,Bangalore,AI&ML,8.19,0,True,True,True,2026-07-25T16:25
STU01354,COL004,Dayananda Sagar College of Engineering,Bangalore,ISE,6.54,0,True,True,True,2026-08-01T16:19
STU01355,COL005,New Horizon College of Engineering,Bangalore,EEE,7.04,0,True,True,True,2026-07-22T11:27
STU01356,COL004,Dayananda Sagar College of Engineering,Bangalore,ISE,7.27,0,True,True,True,2026-07-01T10:14
STU01357,COL006,CMR Institute of Technology,Bangalore,ECE,8.08,0,True,False,False,2026-08-02T09:02
STU01358,COL005,New Horizon College of Engineering,Bangalore,ME,7.14,0,True,True,True,2026-07-27T17:07
STU01359,COL006,CMR Institute of Technology,Bangalore,CSE,7.53,0,True,False,False,2026-07-15T09:48
STU01360,COL003,PES University,Bangalore,ISE,6.15,1,True,True,False,2026-07-11T20:19
STU01361,COL005,New Horizon College of Engineering,Bangalore,CSE,8.74,0,True,True,True,2026-08-22T17:22
STU01362,COL005,New Horizon College of Engineering,Bangalore,ME,8.72,0,True,True,True,2026-08-22T18:35
STU01363,COL006,CMR Institute of Technology,Bangalore,ME,7.69,2,True,True,False,2026-08-02T14:12
STU01364,COL002,RV College of Engineering,Bangalore,ME,7.15,0,True,True,True,2026-08-05T20:36
STU01365,COL006,CMR Institute of Technology,Bangalore,ME,9.13,0,True,True,True,2026-07-06T15:21
STU01366,COL006,CMR Institute of Technology,Bangalore,AI&ML,6.38,0,True,True,False,2026-07-18T16:01
STU01367,COL005,New Horizon College of Engineering,Bangalore,ECE,8.33,0,True,False,False,2026-07-13T10:31
STU01368,COL001,BMS Institute of Technology,Bangalore,AI&ML,7.95,0,True,True,True,2026-08-15T11:00
STU01369,COL003,PES University,Bangalore,ISE,7.87,0,True,True,True,2026-08-05T10:09
STU01370,COL003,PES University,Bangalore,ECE,6.38,0,True,True,False,2026-08-02T15:32
STU01371,COL006,CMR Institute of Technology,Bangalore,ME,7.57,0,True,True,True,2026-08-18T12:17
STU01372,COL004,Dayananda Sagar College of Engineering,Bangalore,ME,8.0,0,True,True,True,2026-08-23T15:55
STU01373,COL001,BMS Institute of Technology,Bangalore,ISE,8.25,0,True,True,True,2026-07-11T17:05
STU01374,COL001,BMS Institute of Technology,Bangalore,EEE,8.51,0,True,True,True,2026-08-16T12:54
STU01375,COL003,PES University,Bangalore,CSE,7.82,0,True,False,False,2026-08-23T14:58
STU01376,COL004,Dayananda Sagar College of Engineering,Bangalore,ISE,6.71,1,True,True,False,2026-07-21T09:27
STU01377,COL003,PES University,Bangalore,ME,8.79,0,True,True,True,2026-07-30T09:46
STU01378,COL005,New Horizon College of Engineering,Bangalore,EEE,7.01,0,True,True,True,2026-08-21T19:22
STU01379,COL006,CMR Institute of Technology,Bangalore,CSE,8.23,0,True,True,True,2026-07-26T12:03
STU01380,COL003,PES University,Bangalore,EEE,8.61,0,True,True,True,2026-07-12T09:52
STU01381,COL001,BMS Institute of Technology,Bangalore,AI&ML,7.49,0,True,True,True,2026-07-14T14:35
STU01382,COL001,BMS Institute of Technology,Bangalore,ISE,7.89,1,True,True,False,2026-07-17T15:09
STU01383,COL002,RV College of Engineering,Bangalore,ME,7.56,0,True,True,True,2026-07-31T17:20
STU01384,COL004,Dayananda Sagar College of Engineering,Bangalore,ECE,7.84,0,True,True,True,2026-07-29T14:08
STU01385,COL003,PES University,Bangalore,EEE,7.35,0,True,True,True,2026-08-01T11:21
STU01386,COL005,New Horizon College of Engineering,Bangalore,ISE,6.83,1,True,True,False,2026-07-19T12:04
STU01387,COL002,RV College of Engineering,Bangalore,AI&ML,7.29,0,True,True,True,2026-08-17T19:06
STU01388,COL006,CMR Institute of Technology,Bangalore,ME,7.2,0,True,True,True,2026-07-22T16:22
STU01389,COL001,BMS Institute of Technology,Bangalore,CSE,7.98,2,True,False,False,2026-07-25T12:01
STU01390,COL005,New Horizon College of Engineering,Bangalore,ME,7.95,0,True,True,True,2026-08-08T16:31
STU01391,COL005,New Horizon College of Engineering,Bangalore,ISE,7.07,0,True,True,True,2026-07-02T19:13
STU01392,COL006,CMR Institute of Technology,Bangalore,EEE,7.86,0,True,False,False,2026-07-09T19:55
STU01393,COL005,New Horizon College of Engineering,Bangalore,AI&ML,7.61,0,True,True,True,2026-08-18T19:50
STU01394,COL005,New Horizon College of Engineering,Bangalore,AI&ML,8.72,0,True,True,True,2026-08-12T17:34
STU01395,COL003,PES University,Bangalore,EEE,7.77,0,True,True,True,2026-07-25T13:06
STU01396,COL004,Dayananda Sagar College of Engineering,Bangalore,ISE,6.48,0,True,True,False,2026-07-31T09:39
STU01397,COL002,RV College of Engineering,Bangalore,ME,7.92,1,True,True,False,2026-07-26T09:01
STU01398,COL005,New Horizon College of Engineering,Bangalore,AI&ML,8.29,0,True,True,True,2026-08-04T16:56
STU01399,COL004,Dayananda Sagar College of Engineering,Bangalore,ISE,7.83,2,True,True,False,2026-08-05T18:04
STU01400,COL005,New Horizon College of Engineering,Bangalore,ME,7.93,0,True,True,True,2026-07-09T20:29
STU01401,COL002,RV College of Engineering,Bangalore,ISE,6.72,0,True,True,True,2026-08-03T17:00
STU01402,COL006,CMR Institute of Technology,Bangalore,ME,7.39,0,True,True,True,2026-08-12T13:59
STU01403,COL004,Dayananda Sagar College of Engineering,Bangalore,CSE,8.57,0,True,True,True,2026-07-17T19:55
STU01404,COL006,CMR Institute of Technology,Bangalore,ME,8.79,0,True,True,True,2026-07-19T15:28
STU01405,COL004,Dayananda Sagar College of Engineering,Bangalore,ISE,6.93,0,True,True,True,2026-07-09T15:37
STU01406,COL001,BMS Institute of Technology,Bangalore,CSE,7.8,0,True,True,True,2026-08-05T15:48
STU01407,COL002,RV College of Engineering,Bangalore,ME,7.29,0,True,True,True,2026-07-13T18:27
STU01408,COL006,CMR Institute of Technology,Bangalore,CSE,8.31,0,True,True,True,2026-08-20T16:45
STU01409,COL004,Dayananda Sagar College of Engineering,Bangalore,CSE,8.17,0,True,True,True,2026-07-28T15:20
STU01410,COL004,Dayananda Sagar College of Engineering,Bangalore,EEE,8.94,0,True,True,True,2026-07-01T19:05
STU01411,COL002,RV College of Engineering,Bangalore,EEE,7.54,0,True,True,True,2026-08-17T16:39
STU01412,COL001,BMS Institute of Technology,Bangalore,CSE,7.32,0,True,True,True,2026-08-06T10:48
STU01413,COL002,RV College of Engineering,Bangalore,CSE,7.95,0,True,True,True,2026-07-31T18:17
STU01414,COL006,CMR Institute of Technology,Bangalore,CSE,8.1,0,True,True,True,2026-08-02T17:42
STU01415,COL004,Dayananda Sagar College of Engineering,Bangalore,AI&ML,8.2,0,True,True,True,2026-07-13T19:08
STU01416,COL006,CMR Institute of Technology,Bangalore,ISE,6.98,0,True,True,True,2026-07-04T17:25
STU01417,COL002,RV College of Engineering,Bangalore,ME,8.21,0,False,True,False,2026-08-15T10:10
STU01418,COL004,Dayananda Sagar College of Engineering,Bangalore,ME,7.49,2,True,True,False,2026-08-16T17:35
STU01419,COL001,BMS Institute of Technology,Bangalore,ECE,7.68,0,False,True,False,2026-07-07T14:30
STU01420,COL003,PES University,Bangalore,EEE,7.92,0,True,True,True,2026-08-22T10:09
STU01421,COL005,New Horizon College of Engineering,Bangalore,AI&ML,7.76,0,True,True,True,2026-08-13T15:10
STU01422,COL001,BMS Institute of Technology,Bangalore,EEE,7.19,0,True,False,False,2026-07-10T09:04
STU01423,COL004,Dayananda Sagar College of Engineering,Bangalore,ISE,7.65,0,True,True,True,2026-07-30T20:09
STU01424,COL002,RV College of Engineering,Bangalore,CSE,9.12,0,False,False,False,2026-07-13T12:34
STU01425,COL002,RV College of Engineering,Bangalore,ME,7.51,0,False,False,False,2026-07-16T12:06
STU01426,COL005,New Horizon College of Engineering,Bangalore,CSE,7.89,0,True,True,True,2026-07-26T11:13
STU01427,COL002,RV College of Engineering,Bangalore,ISE,7.13,0,True,True,True,2026-08-06T11:10
STU01428,COL001,BMS Institute of Technology,Bangalore,ISE,7.92,0,True,True,True,2026-08-09T10:59
STU01429,COL004,Dayananda Sagar College of Engineering,Bangalore,CSE,8.09,0,True,True,True,2026-07-23T16:41
STU01430,COL004,Dayananda Sagar College of Engineering,Bangalore,ME,7.99,0,True,True,True,2026-08-11T16:02
STU01431,COL002,RV College of Engineering,Bangalore,ECE,8.14,0,True,True,True,2026-07-13T17:55
STU01432,COL003,PES University,Bangalore,ISE,7.24,0,False,True,False,2026-08-16T14:04
STU01433,COL001,BMS Institute of Technology,Bangalore,ECE,8.2,0,True,True,True,2026-08-11T14:28
STU01434,COL004,Dayananda Sagar College of Engineering,Bangalore,ECE,8.48,0,False,True,False,2026-08-08T20:57
STU01435,COL003,PES University,Bangalore,ME,7.07,1,True,True,False,2026-07-27T15:19
STU01436,COL002,RV College of Engineering,Bangalore,EEE,7.95,0,True,True,True,2026-07-06T13:30
STU01437,COL004,Dayananda Sagar College of Engineering,Bangalore,CSE,8.21,0,True,True,True,2026-07-26T12:23
STU01438,COL005,New Horizon College of Engineering,Bangalore,ECE,6.59,0,True,True,True,2026-07-20T10:28
STU01439,COL004,Dayananda Sagar College of Engineering,Bangalore,ISE,7.99,0,True,True,True,2026-08-10T09:53
STU01440,COL004,Dayananda Sagar College of Engineering,Bangalore,ME,7.19,0,False,True,False,2026-08-01T14:04
STU01441,COL006,CMR Institute of Technology,Bangalore,CSE,8.28,0,True,True,True,2026-08-15T20:59
STU01442,COL001,BMS Institute of Technology,Bangalore,EEE,8.13,0,True,False,False,2026-08-23T16:30
STU01443,COL006,CMR Institute of Technology,Bangalore,ISE,7.82,0,True,True,True,2026-07-01T19:08
STU01444,COL006,CMR Institute of Technology,Bangalore,AI&ML,6.98,1,True,True,False,2026-08-10T16:12
STU01445,COL001,BMS Institute of Technology,Bangalore,AI&ML,6.22,0,True,True,False,2026-08-10T09:16
STU01446,COL001,BMS Institute of Technology,Bangalore,ECE,8.35,2,False,True,False,2026-08-16T09:59
STU01447,COL005,New Horizon College of Engineering,Bangalore,EEE,7.9,0,True,True,True,2026-07-26T16:13
STU01448,COL001,BMS Institute of Technology,Bangalore,AI&ML,8.72,0,True,True,True,2026-08-13T10:17
STU01449,COL006,CMR Institute of Technology,Bangalore,EEE,6.84,0,True,True,True,2026-07-20T17:48
STU01450,COL005,New Horizon College of Engineering,Bangalore,ECE,6.69,0,True,True,True,2026-07-16T11:20
STU01451,COL001,BMS Institute of Technology,Bangalore,AI&ML,7.29,0,True,True,True,2026-07-10T19:25
STU01452,COL004,Dayananda Sagar College of Engineering,Bangalore,CSE,7.29,0,True,True,True,2026-07-19T19:47
STU01453,COL003,PES University,Bangalore,AI&ML,6.95,0,True,True,True,2026-08-02T10:55
STU01454,COL003,PES University,Bangalore,AI&ML,7.12,0,False,True,False,2026-07-01T14:44
STU01455,COL005,New Horizon College of Engineering,Bangalore,AI&ML,7.52,0,True,True,True,2026-07-12T18:14
STU01456,COL005,New Horizon College of Engineering,Bangalore,ECE,8.14,1,True,True,False,2026-07-06T21:00
STU01457,COL002,RV College of Engineering,Bangalore,CSE,8.94,1,True,True,False,2026-07-17T14:58
STU01458,COL001,BMS Institute of Technology,Bangalore,CSE,9.02,0,True,True,True,2026-08-06T16:09
STU01459,COL003,PES University,Bangalore,ECE,6.7,0,True,True,True,2026-08-20T10:00
STU01460,COL003,PES University,Bangalore,ME,7.86,0,False,True,False,2026-08-25T13:33
STU01461,COL003,PES University,Bangalore,AI&ML,6.69,0,True,True,True,2026-08-09T13:55
STU01462,COL002,RV College of Engineering,Bangalore,ISE,7.34,0,True,True,True,2026-07-12T10:10
STU01463,COL002,RV College of Engineering,Bangalore,ECE,7.92,0,True,True,True,2026-08-04T14:09
STU01464,COL005,New Horizon College of Engineering,Bangalore,ISE,7.03,0,True,True,True,2026-07-05T13:17
STU01465,COL006,CMR Institute of Technology,Bangalore,ECE,7.93,0,True,True,True,2026-07-15T16:38
STU01466,COL001,BMS Institute of Technology,Bangalore,ME,6.58,0,True,False,False,2026-07-23T17:10
STU01467,COL004,Dayananda Sagar College of Engineering,Bangalore,CSE,8.52,0,True,True,True,2026-07-10T16:00
STU01468,COL005,New Horizon College of Engineering,Bangalore,ISE,8.08,0,True,True,True,2026-07-01T14:40
STU01469,COL004,Dayananda Sagar College of Engineering,Bangalore,EEE,7.93,0,True,True,True,2026-07-05T14:22
STU01470,COL002,RV College of Engineering,Bangalore,ISE,7.9,0,True,True,True,2026-07-24T12:13
STU01471,COL006,CMR Institute of Technology,Bangalore,ECE,7.52,2,True,False,False,2026-07-17T17:00
STU01472,COL002,RV College of Engineering,Bangalore,ISE,8.29,0,True,True,True,2026-07-11T09:04
STU01473,COL005,New Horizon College of Engineering,Bangalore,ME,9.12,0,True,True,True,2026-07-30T11:18
STU01474,COL002,RV College of Engineering,Bangalore,EEE,6.74,1,True,True,False,2026-08-21T09:44
STU01475,COL003,PES University,Bangalore,ISE,8.29,0,True,True,True,2026-07-11T19:20
STU01476,COL003,PES University,Bangalore,ME,8.86,0,True,True,True,2026-07-14T12:15
STU01477,COL003,PES University,Bangalore,ME,9.23,0,True,True,True,2026-08-06T13:00
STU01478,COL001,BMS Institute of Technology,Bangalore,EEE,7.82,0,True,True,True,2026-07-25T13:36
STU01479,COL003,PES University,Bangalore,ME,7.42,0,False,False,False,2026-07-12T16:51
STU01480,COL004,Dayananda Sagar College of Engineering,Bangalore,EEE,8.51,0,True,True,True,2026-07-26T13:35
STU01481,COL003,PES University,Bangalore,AI&ML,8.15,0,True,True,True,2026-07-24T11:26
STU01482,COL004,Dayananda Sagar College of Engineering,Bangalore,CSE,7.5,0,True,True,True,2026-07-04T17:36
STU01483,COL005,New Horizon College of Engineering,Bangalore,CSE,8.03,0,True,True,True,2026-07-12T14:00
STU01484,COL006,CMR Institute of Technology,Bangalore,ME,8.4,0,False,True,False,2026-07-06T17:14
STU01485,COL004,Dayananda Sagar College of Engineering,Bangalore,CSE,6.81,0,True,True,True,2026-07-27T14:55
STU01486,COL003,PES University,Bangalore,ME,5.8,0,True,False,False,2026-07-14T12:39
STU01487,COL001,BMS Institute of Technology,Bangalore,AI&ML,7.49,0,True,True,True,2026-07-08T12:48
STU01488,COL005,New Horizon College of Engineering,Bangalore,CSE,7.75,0,True,True,True,2026-07-19T20:55
STU01489,COL001,BMS Institute of Technology,Bangalore,ME,7.63,0,False,True,False,2026-07-29T14:38
STU01490,COL001,BMS Institute of Technology,Bangalore,CSE,8.43,2,True,False,False,2026-07-27T12:16
STU01491,COL005,New Horizon College of Engineering,Bangalore,AI&ML,7.48,0,True,True,True,2026-08-17T12:33
STU01492,COL006,CMR Institute of Technology,Bangalore,ISE,6.56,0,True,True,True,2026-07-29T10:41
STU01493,COL003,PES University,Bangalore,ISE,7.05,0,True,True,True,2026-08-14T18:25
STU01494,COL001,BMS Institute of Technology,Bangalore,EEE,9.07,0,True,True,True,2026-08-18T10:43
STU01495,COL002,RV College of Engineering,Bangalore,AI&ML,8.64,0,True,True,True,2026-07-06T09:58
STU01496,COL001,BMS Institute of Technology,Bangalore,ME,8.45,0,True,True,True,2026-08-06T19:44
STU01497,COL005,New Horizon College of Engineering,Bangalore,EEE,7.75,1,True,False,False,2026-08-06T09:47
STU01498,COL003,PES University,Bangalore,ISE,7.85,1,True,True,False,2026-07-01T18:22
STU01499,COL004,Dayananda Sagar College of Engineering,Bangalore,ECE,6.91,0,True,True,True,2026-07-21T12:02
STU01500,COL006,CMR Institute of Technology,Bangalore,ISE,8.23,0,True,True,True,2026-07-19T10:24
STU01501,COL005,New Horizon College of Engineering,Bangalore,EEE,8.19,0,True,True,True,2026-07-06T09:48
STU01502,COL005,New Horizon College of Engineering,Bangalore,AI&ML,6.76,0,True,True,True,2026-07-27T15:16
STU01503,COL001,BMS Institute of Technology,Bangalore,CSE,7.22,0,True,False,False,2026-08-21T20:04
STU01504,COL002,RV College of Engineering,Bangalore,ISE,6.47,0,True,True,False,2026-07-31T13:47
STU01505,COL004,Dayananda Sagar College of Engineering,Bangalore,ME,8.29,2,True,True,False,2026-07-28T12:40
STU01506,COL002,RV College of Engineering,Bangalore,ISE,7.09,0,True,True,True,2026-08-20T16:52
STU01507,COL001,BMS Institute of Technology,Bangalore,ME,6.6,0,True,True,True,2026-07-16T14:56
STU01508,COL001,BMS Institute of Technology,Bangalore,EEE,7.2,1,True,True,False,2026-08-05T20:11
STU01509,COL003,PES University,Bangalore,CSE,6.73,0,True,True,True,2026-08-21T15:10
STU01510,COL002,RV College of Engineering,Bangalore,EEE,7.81,0,True,True,True,2026-08-20T20:13
STU01511,COL005,New Horizon College of Engineering,Bangalore,EEE,8.24,0,True,True,True,2026-08-02T11:26
STU01512,COL002,RV College of Engineering,Bangalore,ISE,7.7,0,True,True,True,2026-08-02T09:26
STU01513,COL002,RV College of Engineering,Bangalore,AI&ML,7.29,0,True,True,True,2026-07-01T19:11
STU01514,COL002,RV College of Engineering,Bangalore,CSE,7.43,0,True,True,True,2026-07-20T09:37
STU01515,COL006,CMR Institute of Technology,Bangalore,CSE,7.73,0,True,True,True,2026-08-11T19:11
STU01516,COL006,CMR Institute of Technology,Bangalore,AI&ML,6.09,0,True,True,False,2026-07-12T11:00
STU01517,COL006,CMR Institute of Technology,Bangalore,CSE,7.64,0,True,True,True,2026-07-06T18:53
STU01518,COL002,RV College of Engineering,Bangalore,ME,7.77,0,True,True,True,2026-07-01T13:32
STU01519,COL001,BMS Institute of Technology,Bangalore,ECE,7.26,2,True,True,False,2026-08-18T12:30
STU01520,COL001,BMS Institute of Technology,Bangalore,EEE,7.9,0,True,False,False,2026-07-01T14:19
STU01521,COL001,BMS Institute of Technology,Bangalore,ECE,6.82,0,True,True,True,2026-08-21T11:08
STU01522,COL004,Dayananda Sagar College of Engineering,Bangalore,EEE,7.28,0,True,True,True,2026-08-08T15:55
STU01523,COL001,BMS Institute of Technology,Bangalore,AI&ML,7.97,0,True,True,True,2026-08-25T13:03
STU01524,COL002,RV College of Engineering,Bangalore,ECE,7.66,0,True,True,True,2026-07-22T18:04
STU01525,COL004,Dayananda Sagar College of Engineering,Bangalore,EEE,7.84,1,True,True,False,2026-08-02T17:42
STU01526,COL006,CMR Institute of Technology,Bangalore,EEE,8.08,0,True,True,True,2026-07-30T10:23
STU01527,COL006,CMR Institute of Technology,Bangalore,ECE,6.57,0,True,True,True,2026-07-14T19:20
STU01528,COL006,CMR Institute of Technology,Bangalore,ME,7.13,0,False,True,False,2026-07-31T11:03
STU01529,COL003,PES University,Bangalore,ISE,7.5,0,True,False,False,2026-07-07T15:07
STU01530,COL001,BMS Institute of Technology,Bangalore,CSE,7.41,0,True,True,True,2026-08-19T17:44
STU01531,COL006,CMR Institute of Technology,Bangalore,CSE,7.57,0,True,True,True,2026-07-10T16:28
STU01532,COL002,RV College of Engineering,Bangalore,ISE,8.42,0,True,False,False,2026-07-08T20:07
STU01533,COL006,CMR Institute of Technology,Bangalore,EEE,7.23,0,True,True,True,2026-07-10T12:21
STU01534,COL005,New Horizon College of Engineering,Bangalore,ISE,8.53,0,True,True,True,2026-07-08T15:20
STU01535,COL004,Dayananda Sagar College of Engineering,Bangalore,ISE,7.86,0,True,True,True,2026-07-19T15:23
STU01536,COL005,New Horizon College of Engineering,Bangalore,AI&ML,7.69,0,True,True,True,2026-07-14T10:11
STU01537,COL002,RV College of Engineering,Bangalore,EEE,7.28,2,True,True,False,2026-07-11T17:07
STU01538,COL001,BMS Institute of Technology,Bangalore,CSE,7.46,2,True,True,False,2026-08-12T19:18
STU01539,COL003,PES University,Bangalore,ECE,8.17,0,True,True,True,2026-08-13T10:08
STU01540,COL006,CMR Institute of Technology,Bangalore,EEE,7.24,0,True,True,True,2026-08-22T20:17
STU01541,COL003,PES University,Bangalore,ME,7.65,0,True,False,False,2026-08-13T10:54
STU01542,COL004,Dayananda Sagar College of Engineering,Bangalore,AI&ML,7.63,0,True,True,True,2026-08-13T17:22
STU01543,COL002,RV College of Engineering,Bangalore,EEE,7.75,0,True,True,True,2026-07-10T19:01
STU01544,COL001,BMS Institute of Technology,Bangalore,EEE,8.02,1,True,True,False,2026-08-05T14:36
STU01545,COL004,Dayananda Sagar College of Engineering,Bangalore,EEE,8.79,0,True,True,True,2026-08-02T09:09
STU01546,COL003,PES University,Bangalore,CSE,8.31,1,True,True,False,2026-07-27T19:41
STU01547,COL004,Dayananda Sagar College of Engineering,Bangalore,EEE,6.99,0,True,True,True,2026-08-22T15:54
STU01548,COL003,PES University,Bangalore,ECE,8.47,0,True,True,True,2026-08-10T16:24
STU01549,COL003,PES University,Bangalore,ECE,8.34,0,True,True,True,2026-08-02T09:17
STU01550,COL003,PES University,Bangalore,EEE,8.54,1,True,True,False,2026-07-11T10:36
STU01551,COL001,BMS Institute of Technology,Bangalore,ECE,7.1,0,True,True,True,2026-07-22T12:17
STU01552,COL005,New Horizon College of Engineering,Bangalore,CSE,6.74,1,False,True,False,2026-07-24T13:04
STU01553,COL005,New Horizon College of Engineering,Bangalore,AI&ML,7.5,0,True,True,True,2026-07-26T20:19
STU01554,COL003,PES University,Bangalore,ISE,8.04,0,True,True,True,2026-07-25T18:44
STU01555,COL004,Dayananda Sagar College of Engineering,Bangalore,ECE,8.44,0,True,True,True,2026-07-24T12:41
STU01556,COL005,New Horizon College of Engineering,Bangalore,EEE,7.48,0,True,True,True,2026-08-21T18:43
STU01557,COL006,CMR Institute of Technology,Bangalore,EEE,6.89,0,True,True,True,2026-07-13T13:35
STU01558,COL006,CMR Institute of Technology,Bangalore,ME,8.54,0,True,True,True,2026-07-03T15:33
STU01559,COL005,New Horizon College of Engineering,Bangalore,ISE,8.3,0,True,True,True,2026-07-14T11:02
STU01560,COL001,BMS Institute of Technology,Bangalore,EEE,6.6,0,True,True,True,2026-07-12T11:23
STU01561,COL003,PES University,Bangalore,ME,7.69,0,True,True,True,2026-08-18T18:30
STU01562,COL002,RV College of Engineering,Bangalore,CSE,8.35,2,True,False,False,2026-08-08T14:33
STU01563,COL001,BMS Institute of Technology,Bangalore,ECE,7.47,0,True,True,True,2026-08-06T09:40
STU01564,COL003,PES University,Bangalore,ECE,7.01,0,True,True,True,2026-07-24T19:12
STU01565,COL005,New Horizon College of Engineering,Bangalore,AI&ML,7.79,0,True,True,True,2026-07-16T15:40
STU01566,COL003,PES University,Bangalore,EEE,8.9,1,True,True,False,2026-07-26T19:02
STU01567,COL005,New Horizon College of Engineering,Bangalore,ME,7.93,2,True,True,False,2026-08-08T15:49
STU01568,COL004,Dayananda Sagar College of Engineering,Bangalore,EEE,7.6,1,True,True,False,2026-07-01T19:50
STU01569,COL002,RV College of Engineering,Bangalore,ISE,7.51,0,True,True,True,2026-07-02T14:41
STU01570,COL004,Dayananda Sagar College of Engineering,Bangalore,AI&ML,8.61,1,True,False,False,2026-07-11T14:32
STU01571,COL002,RV College of Engineering,Bangalore,ECE,6.34,0,False,True,False,2026-08-06T20:55
STU01572,COL006,CMR Institute of Technology,Bangalore,ECE,7.26,0,True,True,True,2026-07-24T09:46
STU01573,COL006,CMR Institute of Technology,Bangalore,ISE,7.99,0,True,True,True,2026-08-21T09:03
STU01574,COL002,RV College of Engineering,Bangalore,AI&ML,7.58,0,True,True,True,2026-07-09T12:20
STU01575,COL004,Dayananda Sagar College of Engineering,Bangalore,AI&ML,7.28,0,True,True,True,2026-07-18T20:23
STU01576,COL002,RV College of Engineering,Bangalore,ISE,6.85,0,True,True,True,2026-07-09T14:36
STU01577,COL002,RV College of Engineering,Bangalore,CSE,7.92,0,True,True,True,2026-08-18T18:55
STU01578,COL006,CMR Institute of Technology,Bangalore,ISE,7.25,0,True,True,True,2026-07-08T09:16
STU01579,COL004,Dayananda Sagar College of Engineering,Bangalore,ME,6.6,1,True,True,False,2026-08-21T19:08
STU01580,COL005,New Horizon College of Engineering,Bangalore,ECE,8.36,1,True,True,False,2026-07-25T20:38
STU01581,COL006,CMR Institute of Technology,Bangalore,AI&ML,7.42,0,True,True,True,2026-07-31T16:17
STU01582,COL005,New Horizon College of Engineering,Bangalore,AI&ML,7.88,0,True,True,True,2026-08-05T16:50
STU01583,COL004,Dayananda Sagar College of Engineering,Bangalore,ECE,7.48,0,True,True,True,2026-08-04T15:55
STU01584,COL005,New Horizon College of Engineering,Bangalore,AI&ML,7.71,0,True,True,True,2026-07-18T12:30
STU01585,COL002,RV College of Engineering,Bangalore,ISE,8.48,0,True,True,True,2026-07-06T17:19
STU01586,COL006,CMR Institute of Technology,Bangalore,CSE,7.12,0,True,True,True,2026-07-21T12:04
STU01587,COL005,New Horizon College of Engineering,Bangalore,ME,7.85,0,True,False,False,2026-07-01T17:11
STU01588,COL004,Dayananda Sagar College of Engineering,Bangalore,ECE,7.66,0,True,True,True,2026-07-15T12:33
STU01589,COL002,RV College of Engineering,Bangalore,EEE,7.31,0,False,True,False,2026-08-14T19:52
STU01590,COL005,New Horizon College of Engineering,Bangalore,CSE,7.82,0,True,True,True,2026-08-11T10:44
STU01591,COL002,RV College of Engineering,Bangalore,ECE,7.46,1,True,False,False,2026-08-08T20:31
STU01592,COL001,BMS Institute of Technology,Bangalore,ISE,7.01,0,True,True,True,2026-07-12T15:18
STU01593,COL004,Dayananda Sagar College of Engineering,Bangalore,ME,9.52,0,True,True,True,2026-07-19T16:42
STU01594,COL004,Dayananda Sagar College of Engineering,Bangalore,CSE,7.61,1,True,True,False,2026-07-08T17:06
STU01595,COL004,Dayananda Sagar College of Engineering,Bangalore,CSE,7.98,0,True,True,True,2026-07-11T18:11
STU01596,COL001,BMS Institute of Technology,Bangalore,AI&ML,7.72,0,True,True,True,2026-07-09T15:01
STU01597,COL001,BMS Institute of Technology,Bangalore,AI&ML,7.64,0,True,True,True,2026-07-23T17:48
STU01598,COL003,PES University,Bangalore,ME,8.1,0,True,True,True,2026-08-17T11:16
STU01599,COL002,RV College of Engineering,Bangalore,ECE,7.66,0,True,True,True,2026-07-11T19:31
STU01600,COL002,RV College of Engineering,Bangalore,ISE,7.2,0,True,True,True,2026-08-16T10:01
STU01601,COL001,BMS Institute of Technology,Bangalore,AI&ML,7.65,0,True,True,True,2026-07-18T09:44
STU01602,COL001,BMS Institute of Technology,Bangalore,ISE,7.4,0,False,True,False,2026-08-06T19:31
STU01603,COL005,New Horizon College of Engineering,Bangalore,ME,7.23,0,True,True,True,2026-08-03T16:55
STU01604,COL001,BMS Institute of Technology,Bangalore,CSE,8.19,1,True,True,False,2026-07-04T16:03
STU01605,COL004,Dayananda Sagar College of Engineering,Bangalore,CSE,7.3,0,True,True,True,2026-08-01T12:25
STU01606,COL004,Dayananda Sagar College of Engineering,Bangalore,ME,7.96,0,True,True,True,2026-08-16T19:15
STU01607,COL005,New Horizon College of Engineering,Bangalore,CSE,7.81,0,True,True,True,2026-07-22T14:10
STU01608,COL006,CMR Institute of Technology,Bangalore,CSE,7.07,0,True,True,True,2026-07-20T19:05
STU01609,COL004,Dayananda Sagar College of Engineering,Bangalore,ECE,6.6,0,True,True,True,2026-07-19T16:48
STU01610,COL003,PES University,Bangalore,ME,8.1,2,True,True,False,2026-07-12T16:34
STU01611,COL006,CMR Institute of Technology,Bangalore,ECE,8.19,0,True,True,True,2026-07-16T16:56
STU01612,COL002,RV College of Engineering,Bangalore,ME,7.79,0,False,True,False,2026-07-13T16:37
STU01613,COL004,Dayananda Sagar College of Engineering,Bangalore,ECE,7.34,0,True,True,True,2026-07-03T14:58
STU01614,COL006,CMR Institute of Technology,Bangalore,ISE,7.08,2,True,True,False,2026-08-14T12:35
STU01615,COL002,RV College of Engineering,Bangalore,CSE,7.72,0,True,True,True,2026-07-02T15:35
STU01616,COL002,RV College of Engineering,Bangalore,CSE,7.19,0,False,True,False,2026-08-09T17:06
STU01617,COL006,CMR Institute of Technology,Bangalore,AI&ML,7.12,0,True,True,True,2026-08-12T12:53
STU01618,COL004,Dayananda Sagar College of Engineering,Bangalore,CSE,7.75,0,True,True,True,2026-08-10T16:01
STU01619,COL006,CMR Institute of Technology,Bangalore,ISE,7.88,0,True,True,True,2026-07-27T20:14
STU01620,COL003,PES University,Bangalore,AI&ML,6.65,0,True,True,True,2026-08-20T15:51
STU01621,COL001,BMS Institute of Technology,Bangalore,AI&ML,7.12,0,True,True,True,2026-07-10T17:57
STU01622,COL004,Dayananda Sagar College of Engineering,Bangalore,ISE,6.75,0,True,True,True,2026-07-07T17:51
STU01623,COL006,CMR Institute of Technology,Bangalore,AI&ML,7.03,0,True,True,True,2026-08-23T14:11
STU01624,COL004,Dayananda Sagar College of Engineering,Bangalore,EEE,8.02,0,True,True,True,2026-08-22T17:49
STU01625,COL001,BMS Institute of Technology,Bangalore,EEE,7.89,0,True,True,True,2026-07-06T09:11
STU01626,COL002,RV College of Engineering,Bangalore,ME,7.53,0,True,True,True,2026-08-20T19:36
STU01627,COL005,New Horizon College of Engineering,Bangalore,CSE,7.56,0,True,True,True,2026-08-04T18:18
STU01628,COL003,PES University,Bangalore,CSE,8.26,0,True,True,True,2026-08-02T16:01
STU01629,COL005,New Horizon College of Engineering,Bangalore,ISE,8.47,0,True,True,True,2026-07-15T19:35
STU01630,COL001,BMS Institute of Technology,Bangalore,ISE,7.82,1,True,True,False,2026-08-25T20:50
STU01631,COL005,New Horizon College of Engineering,Bangalore,CSE,7.11,0,True,True,True,2026-08-07T15:46
STU01632,COL002,RV College of Engineering,Bangalore,EEE,8.22,0,True,True,True,2026-07-08T15:02
STU01633,COL005,New Horizon College of Engineering,Bangalore,ECE,7.09,1,True,True,False,2026-08-09T17:31
STU01634,COL001,BMS Institute of Technology,Bangalore,ME,7.72,0,True,True,True,2026-07-05T11:39
STU01635,COL006,CMR Institute of Technology,Bangalore,ME,7.73,0,True,True,True,2026-08-11T10:51
STU01636,COL006,CMR Institute of Technology,Bangalore,ISE,7.59,0,True,True,True,2026-08-08T14:49
STU01637,COL001,BMS Institute of Technology,Bangalore,ME,7.38,0,False,True,False,2026-07-30T13:08
STU01638,COL002,RV College of Engineering,Bangalore,ISE,7.03,0,True,True,True,2026-08-04T12:37
STU01639,COL006,CMR Institute of Technology,Bangalore,ISE,7.47,0,False,True,False,2026-07-01T13:32
STU01640,COL003,PES University,Bangalore,AI&ML,9.45,0,True,True,True,2026-07-05T13:54
STU01641,COL002,RV College of Engineering,Bangalore,EEE,9.25,0,True,False,False,2026-08-06T17:42
STU01642,COL004,Dayananda Sagar College of Engineering,Bangalore,EEE,6.97,1,True,True,False,2026-08-11T13:37
STU01643,COL006,CMR Institute of Technology,Bangalore,CSE,7.67,0,False,True,False,2026-07-25T20:52
STU01644,COL003,PES University,Bangalore,EEE,8.52,0,True,True,True,2026-08-12T17:51
STU01645,COL005,New Horizon College of Engineering,Bangalore,ME,8.11,0,True,True,True,2026-07-02T16:50
STU01646,COL005,New Horizon College of Engineering,Bangalore,ECE,8.01,0,True,True,True,2026-07-25T20:38
STU01647,COL005,New Horizon College of Engineering,Bangalore,ISE,7.99,0,True,True,True,2026-07-08T19:59
STU01648,COL002,RV College of Engineering,Bangalore,ISE,8.05,0,True,True,True,2026-07-27T11:14
STU01649,COL004,Dayananda Sagar College of Engineering,Bangalore,CSE,7.5,1,True,True,False,2026-07-25T19:37
STU01650,COL004,Dayananda Sagar College of Engineering,Bangalore,ISE,7.88,0,True,True,True,2026-07-31T12:33
STU01651,COL005,New Horizon College of Engineering,Bangalore,ECE,7.53,0,True,True,True,2026-07-05T10:23
STU01652,COL006,CMR Institute of Technology,Bangalore,CSE,7.62,0,True,True,True,2026-08-13T17:01
STU01653,COL003,PES University,Bangalore,CSE,8.37,0,True,True,True,2026-08-05T10:28
STU01654,COL004,Dayananda Sagar College of Engineering,Bangalore,ECE,7.56,1,True,True,False,2026-07-12T13:52
STU01655,COL005,New Horizon College of Engineering,Bangalore,AI&ML,7.25,0,True,True,True,2026-07-22T19:19
STU01656,COL003,PES University,Bangalore,EEE,7.18,0,True,True,True,2026-08-19T10:35
STU01657,COL001,BMS Institute of Technology,Bangalore,AI&ML,6.7,0,True,True,True,2026-07-09T20:10
STU01658,COL001,BMS Institute of Technology,Bangalore,ISE,7.22,0,True,True,True,2026-07-27T16:25
STU01659,COL003,PES University,Bangalore,ME,7.35,0,True,True,True,2026-08-22T10:06
STU01660,COL005,New Horizon College of Engineering,Bangalore,ME,7.13,0,True,True,True,2026-08-12T12:14
STU01661,COL004,Dayananda Sagar College of Engineering,Bangalore,EEE,8.32,0,True,True,True,2026-08-18T14:40
STU01662,COL002,RV College of Engineering,Bangalore,EEE,7.21,2,True,True,False,2026-08-07T15:57
STU01663,COL006,CMR Institute of Technology,Bangalore,ME,7.21,0,True,True,True,2026-07-03T12:47
STU01664,COL004,Dayananda Sagar College of Engineering,Bangalore,ECE,6.18,0,True,False,False,2026-07-15T13:24
STU01665,COL004,Dayananda Sagar College of Engineering,Bangalore,CSE,7.01,0,True,True,True,2026-07-17T18:01
STU01666,COL001,BMS Institute of Technology,Bangalore,AI&ML,8.47,0,True,True,True,2026-08-11T10:16
STU01667,COL006,CMR Institute of Technology,Bangalore,ISE,6.66,0,True,True,True,2026-07-15T15:59
STU01668,COL003,PES University,Bangalore,EEE,7.17,0,True,True,True,2026-07-10T16:50
STU01669,COL006,CMR Institute of Technology,Bangalore,ECE,7.46,0,True,True,True,2026-08-08T20:41
STU01670,COL004,Dayananda Sagar College of Engineering,Bangalore,EEE,7.84,2,True,True,False,2026-07-28T16:52
STU01671,COL002,RV College of Engineering,Bangalore,ME,7.78,1,True,True,False,2026-07-01T16:30
STU01672,COL002,RV College of Engineering,Bangalore,ME,7.72,0,True,True,True,2026-07-07T15:44
STU01673,COL004,Dayananda Sagar College of Engineering,Bangalore,ECE,7.82,0,True,True,True,2026-08-18T10:55
STU01674,COL003,PES University,Bangalore,ECE,7.05,0,True,True,True,2026-07-29T09:50
STU01675,COL005,New Horizon College of Engineering,Bangalore,ISE,8.01,0,True,True,True,2026-07-17T11:06
STU01676,COL004,Dayananda Sagar College of Engineering,Bangalore,AI&ML,8.12,0,False,True,False,2026-07-24T16:10
STU01677,COL003,PES University,Bangalore,EEE,7.37,1,True,True,False,2026-07-25T10:55
STU01678,COL006,CMR Institute of Technology,Bangalore,EEE,6.8,0,True,True,True,2026-08-09T18:12
STU01679,COL003,PES University,Bangalore,EEE,7.54,0,True,True,True,2026-07-08T19:02
STU01680,COL006,CMR Institute of Technology,Bangalore,ECE,7.35,2,True,True,False,2026-08-23T10:04
STU01681,COL005,New Horizon College of Engineering,Bangalore,ME,7.02,0,True,True,True,2026-08-05T11:40
STU01682,COL005,New Horizon College of Engineering,Bangalore,AI&ML,6.83,1,True,True,False,2026-07-31T11:39
STU01683,COL005,New Horizon College of Engineering,Bangalore,AI&ML,7.7,0,True,True,True,2026-08-10T17:46
STU01684,COL006,CMR Institute of Technology,Bangalore,ECE,6.65,0,True,True,True,2026-08-04T09:29
STU01685,COL002,RV College of Engineering,Bangalore,ME,8.21,0,True,True,True,2026-07-10T11:22
STU01686,COL006,CMR Institute of Technology,Bangalore,ME,7.39,0,True,True,True,2026-07-02T13:54
STU01687,COL004,Dayananda Sagar College of Engineering,Bangalore,CSE,7.57,0,True,True,True,2026-08-10T13:55
STU01688,COL002,RV College of Engineering,Bangalore,EEE,8.22,0,True,True,True,2026-07-17T16:36
STU01689,COL006,CMR Institute of Technology,Bangalore,ECE,8.37,0,False,True,False,2026-07-19T17:40
STU01690,COL002,RV College of Engineering,Bangalore,ME,7.35,0,True,True,True,2026-08-18T10:18
STU01691,COL002,RV College of Engineering,Bangalore,ME,6.99,1,False,True,False,2026-08-13T15:21
STU01692,COL001,BMS Institute of Technology,Bangalore,CSE,7.81,2,True,True,False,2026-08-02T18:53
STU01693,COL004,Dayananda Sagar College of Engineering,Bangalore,CSE,7.27,1,False,False,False,2026-08-05T12:31
STU01694,COL003,PES University,Bangalore,ISE,8.03,0,True,True,True,2026-08-05T09:08
STU01695,COL001,BMS Institute of Technology,Bangalore,ME,7.4,0,True,True,True,2026-07-12T18:03
STU01696,COL003,PES University,Bangalore,ISE,7.66,2,True,True,False,2026-08-05T13:21
STU01697,COL004,Dayananda Sagar College of Engineering,Bangalore,CSE,8.32,0,True,False,False,2026-08-21T12:47
STU01698,COL005,New Horizon College of Engineering,Bangalore,ECE,8.79,0,True,True,True,2026-07-11T19:10
STU01699,COL003,PES University,Bangalore,ECE,7.29,1,True,True,False,2026-07-12T12:01
STU01700,COL004,Dayananda Sagar College of Engineering,Bangalore,ISE,8.61,0,True,True,True,2026-08-20T19:46
STU01701,COL003,PES University,Bangalore,ME,7.42,0,True,True,True,2026-07-21T10:57
STU01702,COL002,RV College of Engineering,Bangalore,AI&ML,7.22,0,False,True,False,2026-08-03T19:59
STU01703,COL004,Dayananda Sagar College of Engineering,Bangalore,ISE,8.66,0,True,True,True,2026-07-15T12:02
STU01704,COL002,RV College of Engineering,Bangalore,EEE,7.35,1,True,True,False,2026-07-23T11:18
STU01705,COL001,BMS Institute of Technology,Bangalore,ISE,8.36,0,True,True,True,2026-07-31T14:29
STU01706,COL005,New Horizon College of Engineering,Bangalore,CSE,6.49,0,True,True,False,2026-07-02T18:01
STU01707,COL005,New Horizon College of Engineering,Bangalore,ECE,7.58,0,True,True,True,2026-07-20T09:52
STU01708,COL003,PES University,Bangalore,EEE,7.55,0,True,True,True,2026-07-17T17:00
STU01709,COL004,Dayananda Sagar College of Engineering,Bangalore,AI&ML,7.44,0,True,True,True,2026-08-07T14:55
STU01710,COL002,RV College of Engineering,Bangalore,ECE,7.59,0,True,True,True,2026-08-17T14:23
STU01711,COL002,RV College of Engineering,Bangalore,ECE,6.83,0,True,False,False,2026-08-09T16:07
STU01712,COL001,BMS Institute of Technology,Bangalore,EEE,8.01,0,True,True,True,2026-08-12T12:58
STU01713,COL005,New Horizon College of Engineering,Bangalore,CSE,6.92,0,True,True,True,2026-07-04T20:18
STU01714,COL005,New Horizon College of Engineering,Bangalore,EEE,7.55,1,True,True,False,2026-08-03T18:47
STU01715,COL006,CMR Institute of Technology,Bangalore,ECE,7.67,0,True,True,True,2026-08-16T15:32
STU01716,COL005,New Horizon College of Engineering,Bangalore,ECE,8.03,0,True,True,True,2026-07-20T16:05
STU01717,COL001,BMS Institute of Technology,Bangalore,ME,8.05,0,True,True,True,2026-08-01T20:37
STU01718,COL004,Dayananda Sagar College of Engineering,Bangalore,EEE,6.8,0,True,False,False,2026-07-03T16:09
STU01719,COL004,Dayananda Sagar College of Engineering,Bangalore,AI&ML,7.1,0,False,True,False,2026-08-13T16:32
STU01720,COL001,BMS Institute of Technology,Bangalore,EEE,7.17,0,True,True,True,2026-08-22T13:58
STU01721,COL004,Dayananda Sagar College of Engineering,Bangalore,CSE,7.08,0,True,True,True,2026-08-02T18:40
STU01722,COL001,BMS Institute of Technology,Bangalore,EEE,6.63,0,True,True,True,2026-07-25T13:55
STU01723,COL002,RV College of Engineering,Bangalore,AI&ML,8.04,0,True,False,False,2026-08-20T16:20
STU01724,COL004,Dayananda Sagar College of Engineering,Bangalore,CSE,8.27,0,True,False,False,2026-07-14T10:13
STU01725,COL002,RV College of Engineering,Bangalore,AI&ML,8.12,0,True,True,True,2026-08-19T20:56
STU01726,COL003,PES University,Bangalore,AI&ML,8.18,0,True,True,True,2026-07-06T11:46
STU01727,COL006,CMR Institute of Technology,Bangalore,ME,7.0,0,True,True,True,2026-07-20T14:47
STU01728,COL001,BMS Institute of Technology,Bangalore,ME,8.4,2,True,True,False,2026-08-25T10:32
STU01729,COL005,New Horizon College of Engineering,Bangalore,EEE,7.59,0,True,True,True,2026-07-09T20:00
STU01730,COL005,New Horizon College of Engineering,Bangalore,ME,6.84,0,True,True,True,2026-08-03T14:08
STU01731,COL001,BMS Institute of Technology,Bangalore,AI&ML,7.06,0,True,True,True,2026-07-21T19:38
STU01732,COL006,CMR Institute of Technology,Bangalore,CSE,7.97,0,True,True,True,2026-07-20T09:48
STU01733,COL005,New Horizon College of Engineering,Bangalore,ME,7.42,0,True,True,True,2026-07-01T11:28
STU01734,COL003,PES University,Bangalore,ISE,8.38,0,True,True,True,2026-08-06T12:31
STU01735,COL004,Dayananda Sagar College of Engineering,Bangalore,AI&ML,8.1,1,True,False,False,2026-08-18T17:12
STU01736,COL004,Dayananda Sagar College of Engineering,Bangalore,CSE,7.4,0,True,True,True,2026-08-19T14:13
STU01737,COL001,BMS Institute of Technology,Bangalore,ME,8.0,0,True,True,True,2026-08-07T11:39
STU01738,COL004,Dayananda Sagar College of Engineering,Bangalore,EEE,8.44,0,True,True,True,2026-07-15T11:52
STU01739,COL006,CMR Institute of Technology,Bangalore,EEE,6.67,2,True,False,False,2026-07-30T15:39
STU01740,COL005,New Horizon College of Engineering,Bangalore,ME,7.41,0,True,True,True,2026-08-06T18:02
STU01741,COL004,Dayananda Sagar College of Engineering,Bangalore,EEE,8.23,0,True,True,True,2026-08-19T11:23
STU01742,COL001,BMS Institute of Technology,Bangalore,ECE,7.58,0,False,True,False,2026-07-19T09:02
STU01743,COL003,PES University,Bangalore,CSE,8.05,0,True,False,False,2026-07-03T15:41
STU01744,COL003,PES University,Bangalore,ECE,6.79,0,True,True,True,2026-07-13T13:52
STU01745,COL006,CMR Institute of Technology,Bangalore,CSE,8.09,0,True,True,True,2026-08-06T15:38
STU01746,COL001,BMS Institute of Technology,Bangalore,AI&ML,8.13,0,True,True,True,2026-07-09T20:12
STU01747,COL001,BMS Institute of Technology,Bangalore,AI&ML,5.99,0,True,False,False,2026-08-03T18:56
STU01748,COL002,RV College of Engineering,Bangalore,CSE,7.34,0,True,True,True,2026-07-22T15:09
STU01749,COL004,Dayananda Sagar College of Engineering,Bangalore,AI&ML,8.27,0,True,False,False,2026-07-12T13:37
STU01750,COL004,Dayananda Sagar College of Engineering,Bangalore,ME,7.23,0,True,True,True,2026-08-08T19:56
STU01751,COL006,CMR Institute of Technology,Bangalore,AI&ML,7.46,0,True,True,True,2026-08-09T15:45
STU01752,COL003,PES University,Bangalore,ME,6.8,1,False,True,False,2026-08-25T10:32
STU01753,COL002,RV College of Engineering,Bangalore,CSE,7.5,0,False,True,False,2026-07-01T18:37
STU01754,COL002,RV College of Engineering,Bangalore,AI&ML,8.44,0,True,True,True,2026-07-23T19:08
STU01755,COL004,Dayananda Sagar College of Engineering,Bangalore,ECE,6.81,0,True,False,False,2026-07-10T16:37
STU01756,COL002,RV College of Engineering,Bangalore,ME,8.42,0,True,True,True,2026-07-19T18:08
STU01757,COL006,CMR Institute of Technology,Bangalore,ME,6.69,0,True,True,True,2026-07-11T13:47
STU01758,COL005,New Horizon College of Engineering,Bangalore,CSE,6.5,0,True,True,True,2026-08-16T20:54
STU01759,COL006,CMR Institute of Technology,Bangalore,EEE,8.31,0,True,True,True,2026-07-16T15:58
STU01760,COL003,PES University,Bangalore,CSE,8.3,0,True,True,True,2026-07-06T13:06
STU01761,COL004,Dayananda Sagar College of Engineering,Bangalore,ECE,7.35,0,True,True,True,2026-08-07T15:57
STU01762,COL001,BMS Institute of Technology,Bangalore,EEE,7.92,0,True,True,True,2026-08-23T20:41
STU01763,COL005,New Horizon College of Engineering,Bangalore,EEE,8.24,0,True,True,True,2026-08-09T17:43
STU01764,COL006,CMR Institute of Technology,Bangalore,AI&ML,7.66,0,True,True,True,2026-08-17T16:05
STU01765,COL002,RV College of Engineering,Bangalore,ECE,7.5,0,True,True,True,2026-08-23T12:11
STU01766,COL004,Dayananda Sagar College of Engineering,Bangalore,ECE,7.48,0,True,True,True,2026-08-04T13:59
STU01767,COL005,New Horizon College of Engineering,Bangalore,EEE,8.48,0,True,True,True,2026-08-21T17:53
STU01768,COL004,Dayananda Sagar College of Engineering,Bangalore,ISE,6.93,0,False,True,False,2026-07-11T14:54
STU01769,COL006,CMR Institute of Technology,Bangalore,ECE,6.82,1,True,True,False,2026-08-19T15:42
STU01770,COL005,New Horizon College of Engineering,Bangalore,EEE,7.4,0,True,True,True,2026-08-08T13:53
STU01771,COL004,Dayananda Sagar College of Engineering,Bangalore,ECE,6.85,0,True,True,True,2026-07-05T19:39
STU01772,COL002,RV College of Engineering,Bangalore,ISE,7.77,0,True,False,False,2026-08-14T10:08
STU01773,COL002,RV College of Engineering,Bangalore,ME,8.26,1,True,False,False,2026-08-20T14:07
STU01774,COL005,New Horizon College of Engineering,Bangalore,EEE,7.51,0,True,True,True,2026-08-11T16:31
STU01775,COL003,PES University,Bangalore,ECE,8.0,2,True,True,False,2026-08-08T17:06
STU01776,COL001,BMS Institute of Technology,Bangalore,ISE,7.42,0,False,True,False,2026-08-09T11:21
STU01777,COL004,Dayananda Sagar College of Engineering,Bangalore,AI&ML,6.81,0,True,True,True,2026-07-19T09:59
STU01778,COL002,RV College of Engineering,Bangalore,CSE,8.35,0,True,True,True,2026-07-15T18:00
STU01779,COL001,BMS Institute of Technology,Bangalore,ME,8.42,0,True,True,True,2026-07-02T11:35
STU01780,COL005,New Horizon College of Engineering,Bangalore,ECE,6.91,1,True,True,False,2026-08-24T18:17
STU01781,COL005,New Horizon College of Engineering,Bangalore,EEE,7.24,0,True,False,False,2026-08-25T12:49
STU01782,COL006,CMR Institute of Technology,Bangalore,ECE,7.02,0,True,True,True,2026-07-25T20:20
STU01783,COL003,PES University,Bangalore,ISE,7.36,0,True,True,True,2026-07-15T13:09
STU01784,COL004,Dayananda Sagar College of Engineering,Bangalore,CSE,6.61,0,True,True,True,2026-08-13T18:01
STU01785,COL006,CMR Institute of Technology,Bangalore,ISE,8.04,0,True,True,True,2026-07-04T12:39
STU01786,COL004,Dayananda Sagar College of Engineering,Bangalore,EEE,7.66,0,True,True,True,2026-08-17T11:16
STU01787,COL003,PES University,Bangalore,ME,7.15,0,True,True,True,2026-07-29T20:44
STU01788,COL005,New Horizon College of Engineering,Bangalore,EEE,8.36,0,True,True,True,2026-08-07T13:31
STU01789,COL003,PES University,Bangalore,AI&ML,7.15,1,True,True,False,2026-08-12T17:42
STU01790,COL001,BMS Institute of Technology,Bangalore,AI&ML,7.32,0,True,True,True,2026-07-06T11:15
STU01791,COL004,Dayananda Sagar College of Engineering,Bangalore,ME,6.4,0,True,True,False,2026-08-14T09:11
STU01792,COL006,CMR Institute of Technology,Bangalore,ME,7.78,2,True,False,False,2026-07-20T20:02
STU01793,COL001,BMS Institute of Technology,Bangalore,ME,8.39,0,True,True,True,2026-07-27T11:34
STU01794,COL002,RV College of Engineering,Bangalore,ISE,7.77,0,True,False,False,2026-08-25T16:03
STU01795,COL006,CMR Institute of Technology,Bangalore,AI&ML,7.96,0,True,True,True,2026-07-09T10:39
STU01796,COL006,CMR Institute of Technology,Bangalore,AI&ML,8.03,1,True,True,False,2026-08-24T16:44
STU01797,COL006,CMR Institute of Technology,Bangalore,AI&ML,8.88,0,True,True,True,2026-08-17T17:16
STU01798,COL006,CMR Institute of Technology,Bangalore,AI&ML,8.28,0,True,True,True,2026-07-19T12:23
STU01799,COL006,CMR Institute of Technology,Bangalore,ISE,8.27,1,True,True,False,2026-07-29T09:42
STU01800,COL005,New Horizon College of Engineering,Bangalore,ISE,7.64,1,True,True,False,2026-07-28T19:40
STU01801,COL005,New Horizon College of Engineering,Bangalore,ECE,6.99,0,True,False,False,2026-08-25T16:59
STU01802,COL002,RV College of Engineering,Bangalore,ECE,8.14,0,True,True,True,2026-07-27T16:55
STU01803,COL004,Dayananda Sagar College of Engineering,Bangalore,ECE,6.53,0,True,True,True,2026-08-12T15:54
STU01804,COL003,PES University,Bangalore,ME,8.03,0,False,True,False,2026-08-06T11:59
STU01805,COL006,CMR Institute of Technology,Bangalore,CSE,6.41,0,True,True,False,2026-08-04T10:17
STU01806,COL002,RV College of Engineering,Bangalore,ME,6.75,1,False,True,False,2026-08-14T19:31
STU01807,COL003,PES University,Bangalore,CSE,6.93,0,True,True,True,2026-07-26T13:44
STU01808,COL002,RV College of Engineering,Bangalore,EEE,7.24,0,True,True,True,2026-08-22T09:33
STU01809,COL006,CMR Institute of Technology,Bangalore,ME,7.74,1,True,True,False,2026-08-19T14:52
STU01810,COL002,RV College of Engineering,Bangalore,EEE,7.24,0,True,True,True,2026-07-10T19:19
STU01811,COL003,PES University,Bangalore,ME,8.2,0,False,True,False,2026-07-23T17:46
STU01812,COL003,PES University,Bangalore,ECE,7.97,0,False,True,False,2026-07-05T13:33
STU01813,COL005,New Horizon College of Engineering,Bangalore,ECE,7.87,0,True,False,False,2026-07-17T10:10
STU01814,COL002,RV College of Engineering,Bangalore,CSE,8.09,0,True,True,True,2026-07-09T17:12
STU01815,COL005,New Horizon College of Engineering,Bangalore,ECE,8.06,0,True,True,True,2026-08-13T12:13
STU01816,COL003,PES University,Bangalore,ISE,7.23,0,True,True,True,2026-07-02T18:47
STU01817,COL005,New Horizon College of Engineering,Bangalore,ECE,7.5,2,True,True,False,2026-07-28T11:25
STU01818,COL002,RV College of Engineering,Bangalore,EEE,6.58,0,True,True,True,2026-08-19T09:22
STU01819,COL001,BMS Institute of Technology,Bangalore,ISE,8.09,1,True,True,False,2026-08-07T12:41
STU01820,COL004,Dayananda Sagar College of Engineering,Bangalore,CSE,8.03,0,True,True,True,2026-07-21T17:21
STU01821,COL004,Dayananda Sagar College of Engineering,Bangalore,ECE,7.83,0,False,True,False,2026-07-07T10:36
STU01822,COL002,RV College of Engineering,Bangalore,ISE,7.1,0,True,True,True,2026-08-22T14:00
STU01823,COL004,Dayananda Sagar College of Engineering,Bangalore,ISE,6.81,0,True,False,False,2026-08-09T19:16
STU01824,COL003,PES University,Bangalore,EEE,7.48,0,True,True,True,2026-08-21T13:56
STU01825,COL006,CMR Institute of Technology,Bangalore,EEE,7.87,0,True,False,False,2026-08-23T20:20
STU01826,COL003,PES University,Bangalore,CSE,7.19,0,False,True,False,2026-08-17T15:02
STU01827,COL006,CMR Institute of Technology,Bangalore,ECE,8.28,1,False,True,False,2026-08-19T12:53
STU01828,COL002,RV College of Engineering,Bangalore,ME,8.21,1,True,True,False,2026-08-10T17:32
STU01829,COL002,RV College of Engineering,Bangalore,EEE,8.34,2,False,True,False,2026-08-06T19:49
STU01830,COL005,New Horizon College of Engineering,Bangalore,ME,8.23,0,True,False,False,2026-08-03T10:06
STU01831,COL004,Dayananda Sagar College of Engineering,Bangalore,AI&ML,8.02,0,True,True,True,2026-07-28T17:01
STU01832,COL002,RV College of Engineering,Bangalore,ISE,7.44,0,True,True,True,2026-08-16T12:37
STU01833,COL006,CMR Institute of Technology,Bangalore,EEE,7.47,0,True,True,True,2026-07-02T19:21
STU01834,COL004,Dayananda Sagar College of Engineering,Bangalore,AI&ML,7.33,0,True,True,True,2026-07-27T18:13
STU01835,COL005,New Horizon College of Engineering,Bangalore,AI&ML,7.15,0,True,True,True,2026-08-12T11:03
STU01836,COL004,Dayananda Sagar College of Engineering,Bangalore,CSE,6.72,0,True,False,False,2026-08-25T20:33
STU01837,COL006,CMR Institute of Technology,Bangalore,CSE,7.4,0,True,True,True,2026-07-23T16:07
STU01838,COL006,CMR Institute of Technology,Bangalore,ISE,8.16,0,True,True,True,2026-08-15T12:03
STU01839,COL001,BMS Institute of Technology,Bangalore,ME,7.55,1,True,True,False,2026-08-13T16:37
STU01840,COL006,CMR Institute of Technology,Bangalore,EEE,7.75,0,True,True,True,2026-07-03T17:29
STU01841,COL002,RV College of Engineering,Bangalore,ECE,6.7,0,True,True,True,2026-07-25T19:19
STU01842,COL003,PES University,Bangalore,AI&ML,6.94,0,True,True,True,2026-07-12T10:11
STU01843,COL004,Dayananda Sagar College of Engineering,Bangalore,AI&ML,8.22,0,True,True,True,2026-07-30T20:08
STU01844,COL003,PES University,Bangalore,ECE,7.46,0,True,False,False,2026-07-07T11:23
STU01845,COL004,Dayananda Sagar College of Engineering,Bangalore,ISE,7.36,1,True,True,False,2026-07-14T15:51
STU01846,COL005,New Horizon College of Engineering,Bangalore,EEE,7.18,0,True,False,False,2026-07-16T18:07
STU01847,COL003,PES University,Bangalore,CSE,7.92,0,True,True,True,2026-08-08T17:38
STU01848,COL005,New Horizon College of Engineering,Bangalore,CSE,7.81,0,True,True,True,2026-08-24T13:37
STU01849,COL005,New Horizon College of Engineering,Bangalore,ME,7.75,0,True,True,True,2026-07-02T17:48
STU01850,COL005,New Horizon College of Engineering,Bangalore,ISE,8.39,0,True,False,False,2026-07-12T14:42
STU01851,COL006,CMR Institute of Technology,Bangalore,ME,7.29,1,True,True,False,2026-07-02T18:45
STU01852,COL004,Dayananda Sagar College of Engineering,Bangalore,ECE,7.76,0,True,True,True,2026-07-02T16:03
STU01853,COL002,RV College of Engineering,Bangalore,AI&ML,8.07,0,True,True,True,2026-07-15T09:14
STU01854,COL005,New Horizon College of Engineering,Bangalore,ME,7.37,0,True,True,True,2026-08-15T19:19
STU01855,COL001,BMS Institute of Technology,Bangalore,ECE,6.76,0,True,True,True,2026-08-15T09:42
STU01856,COL002,RV College of Engineering,Bangalore,EEE,7.58,0,True,True,True,2026-08-16T17:38
STU01857,COL002,RV College of Engineering,Bangalore,ME,7.44,0,True,False,False,2026-08-20T20:29
STU01858,COL004,Dayananda Sagar College of Engineering,Bangalore,ME,8.02,0,True,True,True,2026-07-14T11:43
STU01859,COL003,PES University,Bangalore,EEE,8.31,1,True,True,False,2026-08-14T20:59
STU01860,COL006,CMR Institute of Technology,Bangalore,AI&ML,7.91,0,True,False,False,2026-07-14T15:17
STU01861,COL001,BMS Institute of Technology,Bangalore,EEE,7.25,0,True,True,True,2026-08-06T10:01
STU01862,COL004,Dayananda Sagar College of Engineering,Bangalore,CSE,7.93,0,True,True,True,2026-07-05T13:35
STU01863,COL006,CMR Institute of Technology,Bangalore,ISE,7.36,2,True,True,False,2026-07-23T13:23
STU01864,COL005,New Horizon College of Engineering,Bangalore,CSE,8.63,0,False,True,False,2026-08-16T19:01
STU01865,COL006,CMR Institute of Technology,Bangalore,CSE,7.02,0,True,True,True,2026-07-09T11:23
STU01866,COL003,PES University,Bangalore,AI&ML,9.0,0,True,True,True,2026-07-25T19:27
STU01867,COL004,Dayananda Sagar College of Engineering,Bangalore,AI&ML,7.58,2,False,True,False,2026-07-13T12:11
STU01868,COL002,RV College of Engineering,Bangalore,CSE,7.74,2,True,False,False,2026-07-24T09:03
STU01869,COL005,New Horizon College of Engineering,Bangalore,EEE,6.6,0,True,True,True,2026-07-15T13:43
STU01870,COL001,BMS Institute of Technology,Bangalore,EEE,8.55,1,True,False,False,2026-08-22T18:38
STU01871,COL005,New Horizon College of Engineering,Bangalore,ISE,6.97,0,True,True,True,2026-07-12T16:34
STU01872,COL002,RV College of Engineering,Bangalore,ECE,8.4,0,True,True,True,2026-07-22T17:09
STU01873,COL005,New Horizon College of Engineering,Bangalore,ISE,6.46,0,True,True,False,2026-08-03T17:48
STU01874,COL004,Dayananda Sagar College of Engineering,Bangalore,ME,8.2,0,True,True,True,2026-07-07T12:11
STU01875,COL001,BMS Institute of Technology,Bangalore,EEE,6.43,0,True,True,False,2026-07-21T14:42
STU01876,COL001,BMS Institute of Technology,Bangalore,ISE,6.44,1,True,True,False,2026-07-24T13:31
STU01877,COL006,CMR Institute of Technology,Bangalore,ECE,8.61,0,True,True,True,2026-07-03T12:03
STU01878,COL004,Dayananda Sagar College of Engineering,Bangalore,ECE,7.02,0,True,True,True,2026-07-13T14:49
STU01879,COL002,RV College of Engineering,Bangalore,CSE,8.39,0,True,True,True,2026-07-07T10:10
STU01880,COL005,New Horizon College of Engineering,Bangalore,AI&ML,6.48,0,True,True,False,2026-08-12T19:21
STU01881,COL001,BMS Institute of Technology,Bangalore,ME,7.83,0,True,False,False,2026-07-07T17:48
STU01882,COL004,Dayananda Sagar College of Engineering,Bangalore,AI&ML,8.17,0,True,True,True,2026-07-31T14:43
STU01883,COL003,PES University,Bangalore,ISE,8.44,0,True,True,True,2026-07-05T11:35
STU01884,COL001,BMS Institute of Technology,Bangalore,EEE,8.61,0,True,True,True,2026-07-01T09:02
STU01885,COL005,New Horizon College of Engineering,Bangalore,AI&ML,7.32,0,True,True,True,2026-08-03T14:15
STU01886,COL001,BMS Institute of Technology,Bangalore,ME,5.95,0,True,True,False,2026-07-09T09:23
STU01887,COL004,Dayananda Sagar College of Engineering,Bangalore,CSE,8.7,2,True,True,False,2026-08-04T11:40
STU01888,COL004,Dayananda Sagar College of Engineering,Bangalore,ECE,7.48,0,True,True,True,2026-07-05T19:20
STU01889,COL004,Dayananda Sagar College of Engineering,Bangalore,ME,7.09,2,False,True,False,2026-08-12T12:52
STU01890,COL002,RV College of Engineering,Bangalore,AI&ML,6.35,0,True,True,False,2026-08-04T09:36
STU01891,COL004,Dayananda Sagar College of Engineering,Bangalore,CSE,7.7,0,True,True,True,2026-07-03T19:31
STU01892,COL004,Dayananda Sagar College of Engineering,Bangalore,AI&ML,7.04,0,True,True,True,2026-07-16T20:15
STU01893,COL004,Dayananda Sagar College of Engineering,Bangalore,EEE,6.33,0,True,False,False,2026-07-07T16:58
STU01894,COL006,CMR Institute of Technology,Bangalore,ME,7.26,1,True,True,False,2026-07-13T11:41
STU01895,COL003,PES University,Bangalore,EEE,7.45,1,True,True,False,2026-08-16T12:05
STU01896,COL001,BMS Institute of Technology,Bangalore,EEE,6.33,0,True,True,False,2026-08-02T09:17
STU01897,COL001,BMS Institute of Technology,Bangalore,ISE,9.0,0,True,True,True,2026-07-05T11:19
STU01898,COL005,New Horizon College of Engineering,Bangalore,EEE,6.98,0,True,True,True,2026-08-11T10:43
STU01899,COL006,CMR Institute of Technology,Bangalore,ME,7.06,0,True,True,True,2026-07-18T12:47
STU01900,COL006,CMR Institute of Technology,Bangalore,ECE,8.04,2,True,True,False,2026-07-14T13:50
STU01901,COL002,RV College of Engineering,Bangalore,ME,8.05,0,True,True,True,2026-07-03T17:06
STU01902,COL004,Dayananda Sagar College of Engineering,Bangalore,ISE,6.2,0,True,True,False,2026-08-22T09:34
STU01903,COL002,RV College of Engineering,Bangalore,ME,7.83,0,True,True,True,2026-07-25T09:57
STU01904,COL004,Dayananda Sagar College of Engineering,Bangalore,ME,6.5,0,True,True,True,2026-07-29T09:26
STU01905,COL001,BMS Institute of Technology,Bangalore,CSE,7.65,1,True,True,False,2026-08-01T16:03
STU01906,COL002,RV College of Engineering,Bangalore,ECE,8.92,0,True,False,False,2026-08-19T18:16
STU01907,COL003,PES University,Bangalore,ISE,7.04,0,True,True,True,2026-07-30T14:30
STU01908,COL003,PES University,Bangalore,ISE,7.27,2,True,True,False,2026-08-10T13:31
STU01909,COL002,RV College of Engineering,Bangalore,ISE,7.87,0,True,True,True,2026-08-01T11:40
STU01910,COL001,BMS Institute of Technology,Bangalore,ME,7.9,0,True,True,True,2026-07-07T13:23
STU01911,COL005,New Horizon College of Engineering,Bangalore,ECE,5.8,0,True,True,False,2026-08-13T16:29
STU01912,COL004,Dayananda Sagar College of Engineering,Bangalore,EEE,8.12,0,True,True,True,2026-08-21T18:22
STU01913,COL005,New Horizon College of Engineering,Bangalore,ME,6.39,0,True,True,False,2026-07-20T19:47
STU01914,COL006,CMR Institute of Technology,Bangalore,ISE,7.76,0,True,True,True,2026-07-04T11:33
STU01915,COL001,BMS Institute of Technology,Bangalore,ECE,7.57,0,True,True,True,2026-08-01T15:09
STU01916,COL003,PES University,Bangalore,ISE,8.39,0,True,True,True,2026-07-16T18:13
STU01917,COL006,CMR Institute of Technology,Bangalore,ISE,6.93,1,True,True,False,2026-07-14T15:39
STU01918,COL005,New Horizon College of Engineering,Bangalore,AI&ML,6.76,0,True,True,True,2026-08-14T16:26
STU01919,COL001,BMS Institute of Technology,Bangalore,EEE,6.44,0,True,True,False,2026-08-03T13:05
STU01920,COL004,Dayananda Sagar College of Engineering,Bangalore,ECE,7.13,0,True,True,True,2026-08-02T12:15
STU01921,COL001,BMS Institute of Technology,Bangalore,AI&ML,6.91,0,True,True,True,2026-07-21T16:07
STU01922,COL002,RV College of Engineering,Bangalore,CSE,8.25,0,True,True,True,2026-07-08T12:02
STU01923,COL001,BMS Institute of Technology,Bangalore,ECE,7.8,0,True,True,True,2026-07-09T10:16
STU01924,COL002,RV College of Engineering,Bangalore,CSE,7.71,1,True,False,False,2026-07-31T16:47
STU01925,COL006,CMR Institute of Technology,Bangalore,ISE,7.94,0,True,True,True,2026-08-02T12:08
STU01926,COL003,PES University,Bangalore,EEE,7.08,1,False,True,False,2026-08-09T18:43
STU01927,COL002,RV College of Engineering,Bangalore,AI&ML,6.61,0,True,True,True,2026-07-10T20:32
STU01928,COL003,PES University,Bangalore,ME,6.8,2,True,True,False,2026-07-25T11:20
STU01929,COL002,RV College of Engineering,Bangalore,ME,7.5,1,True,False,False,2026-08-13T12:24
STU01930,COL002,RV College of Engineering,Bangalore,ISE,7.14,1,True,True,False,2026-07-19T20:35
STU01931,COL005,New Horizon College of Engineering,Bangalore,ECE,6.03,2,True,True,False,2026-08-12T20:00
STU01932,COL001,BMS Institute of Technology,Bangalore,ECE,8.19,0,True,True,True,2026-07-01T12:20
STU01933,COL005,New Horizon College of Engineering,Bangalore,ISE,8.26,0,True,True,True,2026-08-22T13:04
STU01934,COL001,BMS Institute of Technology,Bangalore,ECE,8.25,1,True,True,False,2026-08-01T19:52
STU01935,COL001,BMS Institute of Technology,Bangalore,EEE,8.26,1,True,False,False,2026-07-27T17:16
STU01936,COL006,CMR Institute of Technology,Bangalore,CSE,8.39,0,False,False,False,2026-08-06T16:57
STU01937,COL003,PES University,Bangalore,CSE,7.68,0,True,True,True,2026-08-25T12:56
STU01938,COL005,New Horizon College of Engineering,Bangalore,EEE,7.58,0,True,True,True,2026-08-07T17:06
STU01939,COL004,Dayananda Sagar College of Engineering,Bangalore,AI&ML,7.92,1,True,False,False,2026-08-21T17:43
STU01940,COL005,New Horizon College of Engineering,Bangalore,ISE,8.54,0,True,True,True,2026-07-25T11:53
STU01941,COL004,Dayananda Sagar College of Engineering,Bangalore,CSE,7.63,0,True,True,True,2026-07-01T19:31
STU01942,COL001,BMS Institute of Technology,Bangalore,EEE,6.47,1,True,True,False,2026-07-03T10:02
STU01943,COL005,New Horizon College of Engineering,Bangalore,AI&ML,7.2,0,True,True,True,2026-08-01T11:28
STU01944,COL006,CMR Institute of Technology,Bangalore,AI&ML,6.63,0,False,True,False,2026-08-24T20:02
STU01945,COL002,RV College of Engineering,Bangalore,ME,7.5,0,True,True,True,2026-07-09T15:06
STU01946,COL001,BMS Institute of Technology,Bangalore,ISE,6.75,0,True,True,True,2026-08-04T16:49
STU01947,COL001,BMS Institute of Technology,Bangalore,EEE,6.97,0,True,False,False,2026-08-24T18:12
STU01948,COL004,Dayananda Sagar College of Engineering,Bangalore,ME,9.09,0,True,True,True,2026-07-29T11:25
STU01949,COL001,BMS Institute of Technology,Bangalore,ISE,6.87,0,True,True,True,2026-07-19T15:16
STU01950,COL004,Dayananda Sagar College of Engineering,Bangalore,ECE,7.26,0,True,True,True,2026-07-01T18:00
STU01951,COL003,PES University,Bangalore,ME,8.09,0,True,True,True,2026-08-07T15:10
STU01952,COL006,CMR Institute of Technology,Bangalore,EEE,7.67,0,True,True,True,2026-08-06T19:56
STU01953,COL006,CMR Institute of Technology,Bangalore,ME,8.46,1,True,True,False,2026-07-27T11:09
STU01954,COL003,PES University,Bangalore,ISE,8.82,0,True,True,True,2026-08-22T14:05
STU01955,COL005,New Horizon College of Engineering,Bangalore,CSE,8.45,0,True,False,False,2026-08-23T10:48
STU01956,COL005,New Horizon College of Engineering,Bangalore,ME,7.97,0,True,True,True,2026-08-19T11:21
STU01957,COL004,Dayananda Sagar College of Engineering,Bangalore,ECE,8.29,0,True,True,True,2026-07-24T11:17
STU01958,COL003,PES University,Bangalore,ISE,8.48,0,True,True,True,2026-07-27T14:10
STU01959,COL003,PES University,Bangalore,ECE,6.96,0,False,True,False,2026-08-07T14:13
STU01960,COL006,CMR Institute of Technology,Bangalore,AI&ML,7.94,1,False,False,False,2026-08-03T14:57
STU01961,COL006,CMR Institute of Technology,Bangalore,ECE,7.88,2,True,True,False,2026-08-22T13:44
STU01962,COL004,Dayananda Sagar College of Engineering,Bangalore,ISE,6.98,0,True,True,True,2026-08-01T09:25
STU01963,COL004,Dayananda Sagar College of Engineering,Bangalore,CSE,7.78,0,True,True,True,2026-07-24T19:27
STU01964,COL001,BMS Institute of Technology,Bangalore,ECE,7.77,1,True,True,False,2026-07-15T10:18
STU01965,COL001,BMS Institute of Technology,Bangalore,ISE,7.28,0,True,True,True,2026-07-24T11:55
STU01966,COL004,Dayananda Sagar College of Engineering,Bangalore,AI&ML,7.8,0,True,True,True,2026-07-06T18:50
STU01967,COL003,PES University,Bangalore,EEE,8.18,0,True,True,True,2026-07-23T14:15
STU01968,COL003,PES University,Bangalore,AI&ML,8.28,0,True,True,True,2026-08-08T10:22
STU01969,COL001,BMS Institute of Technology,Bangalore,CSE,7.3,0,True,True,True,2026-08-22T15:01
STU01970,COL005,New Horizon College of Engineering,Bangalore,AI&ML,8.25,0,True,True,True,2026-07-29T18:47
STU01971,COL003,PES University,Bangalore,CSE,7.98,2,False,True,False,2026-07-19T10:12
STU01972,COL002,RV College of Engineering,Bangalore,CSE,8.0,1,True,True,False,2026-08-23T12:01
STU01973,COL001,BMS Institute of Technology,Bangalore,ECE,8.33,0,True,True,True,2026-08-09T20:09
STU01974,COL005,New Horizon College of Engineering,Bangalore,ECE,8.54,0,True,True,True,2026-08-24T17:50
STU01975,COL003,PES University,Bangalore,ME,6.79,0,True,True,True,2026-07-12T11:15
STU01976,COL001,BMS Institute of Technology,Bangalore,AI&ML,7.08,0,True,False,False,2026-07-18T12:17
STU01977,COL005,New Horizon College of Engineering,Bangalore,ISE,8.06,0,True,False,False,2026-07-17T14:30
STU01978,COL002,RV College of Engineering,Bangalore,AI&ML,6.65,0,False,True,False,2026-07-07T11:04
STU01979,COL001,BMS Institute of Technology,Bangalore,ISE,9.16,0,True,True,True,2026-07-15T13:13
STU01980,COL002,RV College of Engineering,Bangalore,ME,6.63,0,True,True,True,2026-07-18T18:01
STU01981,COL002,RV College of Engineering,Bangalore,ECE,8.21,0,True,True,True,2026-07-11T18:17
STU01982,COL001,BMS Institute of Technology,Bangalore,EEE,6.8,0,True,True,True,2026-07-14T14:23
STU01983,COL006,CMR Institute of Technology,Bangalore,ISE,7.78,0,True,True,True,2026-08-20T15:10
STU01984,COL005,New Horizon College of Engineering,Bangalore,ME,6.39,0,True,True,False,2026-07-23T16:13
STU01985,COL002,RV College of Engineering,Bangalore,ME,7.5,0,True,True,True,2026-07-26T19:14
STU01986,COL003,PES University,Bangalore,AI&ML,6.68,0,True,True,True,2026-08-15T09:47
STU01987,COL003,PES University,Bangalore,AI&ML,8.73,0,True,True,True,2026-08-19T20:57
STU01988,COL003,PES University,Bangalore,ECE,7.46,0,True,True,True,2026-08-19T09:14
STU01989,COL005,New Horizon College of Engineering,Bangalore,ISE,7.22,1,True,True,False,2026-07-06T17:55
STU01990,COL001,BMS Institute of Technology,Bangalore,ME,7.2,0,True,True,True,2026-07-30T16:20
STU01991,COL006,CMR Institute of Technology,Bangalore,ME,7.2,0,True,True,True,2026-08-08T18:53
STU01992,COL002,RV College of Engineering,Bangalore,CSE,7.12,0,True,True,True,2026-07-29T11:40
STU01993,COL006,CMR Institute of Technology,Bangalore,EEE,8.05,0,True,True,True,2026-07-10T13:33
STU01994,COL002,RV College of Engineering,Bangalore,ME,7.83,0,True,True,True,2026-08-11T13:29
STU01995,COL002,RV College of Engineering,Bangalore,CSE,7.64,0,False,True,False,2026-08-04T10:36
STU01996,COL004,Dayananda Sagar College of Engineering,Bangalore,ECE,7.1,0,True,True,True,2026-07-14T13:36
STU01997,COL003,PES University,Bangalore,CSE,8.06,0,True,True,True,2026-07-24T10:50
STU01998,COL004,Dayananda Sagar College of Engineering,Bangalore,CSE,7.32,1,True,True,False,2026-08-19T12:41
STU01999,COL001,BMS Institute of Technology,Bangalore,ISE,7.6,0,True,True,True,2026-07-08T10:11
STU02000,COL005,New Horizon College of Engineering,Bangalore,AI&ML,7.59,2,True,False,False,2026-08-20T20:05
STU02001,COL004,Dayananda Sagar College of Engineering,Bangalore,CSE,7.53,0,False,True,False,2026-07-19T18:33
STU02002,COL006,CMR Institute of Technology,Bangalore,ECE,7.87,2,True,False,False,2026-07-22T17:54
STU02003,COL006,CMR Institute of Technology,Bangalore,ME,7.26,0,True,True,True,2026-07-03T14:58
STU02004,COL001,BMS Institute of Technology,Bangalore,ECE,7.43,1,False,True,False,2026-07-03T13:23
STU02005,COL006,CMR Institute of Technology,Bangalore,CSE,7.88,0,True,True,True,2026-08-18T13:54
STU02006,COL006,CMR Institute of Technology,Bangalore,EEE,7.83,0,True,True,True,2026-08-10T17:02
STU02007,COL002,RV College of Engineering,Bangalore,ECE,7.28,0,True,True,True,2026-07-17T18:30
STU02008,COL006,CMR Institute of Technology,Bangalore,EEE,7.88,0,True,True,True,2026-07-28T18:38
STU02009,COL002,RV College of Engineering,Bangalore,CSE,7.78,0,True,True,True,2026-08-10T09:07
STU02010,COL004,Dayananda Sagar College of Engineering,Bangalore,ECE,7.3,0,True,True,True,2026-07-26T11:32
STU02011,COL005,New Horizon College of Engineering,Bangalore,ISE,8.56,1,True,True,False,2026-08-15T12:38
STU02012,COL001,BMS Institute of Technology,Bangalore,ISE,7.54,2,True,True,False,2026-08-12T19:04
STU02013,COL006,CMR Institute of Technology,Bangalore,ME,8.22,0,True,True,True,2026-07-24T17:20
STU02014,COL003,PES University,Bangalore,ME,8.53,0,True,True,True,2026-07-10T17:52
STU02015,COL003,PES University,Bangalore,ME,6.96,0,True,True,True,2026-07-19T13:23
STU02016,COL001,BMS Institute of Technology,Bangalore,EEE,7.74,0,True,True,True,2026-07-19T09:59
STU02017,COL006,CMR Institute of Technology,Bangalore,CSE,7.53,0,True,True,True,2026-07-12T16:03
STU02018,COL001,BMS Institute of Technology,Bangalore,ISE,7.86,1,True,True,False,2026-07-03T10:10
STU02019,COL006,CMR Institute of Technology,Bangalore,ME,8.0,0,True,True,True,2026-07-14T11:34
STU02020,COL003,PES University,Bangalore,ECE,8.35,0,True,True,True,2026-08-13T09:44
STU02021,COL004,Dayananda Sagar College of Engineering,Bangalore,AI&ML,7.86,0,True,True,True,2026-07-14T18:45
STU02022,COL004,Dayananda Sagar College of Engineering,Bangalore,CSE,7.81,0,True,True,True,2026-08-19T16:06
STU02023,COL002,RV College of Engineering,Bangalore,EEE,8.06,0,False,True,False,2026-08-06T09:23
STU02024,COL001,BMS Institute of Technology,Bangalore,ECE,8.11,0,True,True,True,2026-08-05T13:07
STU02025,COL003,PES University,Bangalore,ME,7.21,0,True,True,True,2026-07-23T20:17
STU02026,COL003,PES University,Bangalore,ISE,8.18,0,True,True,True,2026-07-03T11:04
STU02027,COL003,PES University,Bangalore,EEE,7.75,0,True,True,True,2026-07-17T21:00
STU02028,COL003,PES University,Bangalore,ECE,7.36,0,True,True,True,2026-08-14T10:31
STU02029,COL004,Dayananda Sagar College of Engineering,Bangalore,ISE,8.69,0,True,True,True,2026-08-05T19:25
STU02030,COL004,Dayananda Sagar College of Engineering,Bangalore,AI&ML,7.88,0,True,True,True,2026-07-06T12:59
STU02031,COL003,PES University,Bangalore,ECE,7.22,0,True,True,True,2026-07-06T09:17
STU02032,COL006,CMR Institute of Technology,Bangalore,ME,7.77,0,True,True,True,2026-07-13T16:31
STU02033,COL003,PES University,Bangalore,ISE,7.11,0,True,True,True,2026-08-21T17:27
STU02034,COL005,New Horizon College of Engineering,Bangalore,ISE,7.37,1,True,True,False,2026-08-01T18:29
STU02035,COL004,Dayananda Sagar College of Engineering,Bangalore,ECE,7.59,0,True,True,True,2026-08-15T12:09
STU02036,COL006,CMR Institute of Technology,Bangalore,ECE,7.66,0,True,True,True,2026-08-18T14:58
STU02037,COL005,New Horizon College of Engineering,Bangalore,ECE,6.1,0,True,True,False,2026-07-09T20:56
STU02038,COL002,RV College of Engineering,Bangalore,CSE,6.99,2,True,True,False,2026-07-19T09:36
STU02039,COL002,RV College of Engineering,Bangalore,ISE,6.95,0,True,True,True,2026-08-03T19:52
STU02040,COL002,RV College of Engineering,Bangalore,CSE,7.03,0,True,True,True,2026-08-09T18:32
STU02041,COL002,RV College of Engineering,Bangalore,ECE,7.56,0,True,True,True,2026-07-05T10:26
STU02042,COL001,BMS Institute of Technology,Bangalore,EEE,7.99,0,True,True,True,2026-08-18T19:17
STU02043,COL005,New Horizon College of Engineering,Bangalore,CSE,8.44,0,True,True,True,2026-07-08T12:41
STU02044,COL002,RV College of Engineering,Bangalore,ISE,8.47,0,True,True,True,2026-07-13T13:28
STU02045,COL003,PES University,Bangalore,ECE,8.92,1,True,True,False,2026-07-12T17:55
STU02046,COL003,PES University,Bangalore,CSE,8.92,0,True,False,False,2026-07-08T20:51
STU02047,COL006,CMR Institute of Technology,Bangalore,ME,7.23,0,True,True,True,2026-08-01T13:38
STU02048,COL005,New Horizon College of Engineering,Bangalore,EEE,8.33,0,True,True,True,2026-08-09T09:51
STU02049,COL001,BMS Institute of Technology,Bangalore,CSE,6.78,0,True,True,True,2026-08-15T10:38
STU02050,COL004,Dayananda Sagar College of Engineering,Bangalore,CSE,7.27,0,True,True,True,2026-07-20T14:02
STU02051,COL001,BMS Institute of Technology,Bangalore,CSE,7.53,0,True,True,True,2026-08-09T15:01
STU02052,COL001,BMS Institute of Technology,Bangalore,ECE,7.17,0,True,True,True,2026-08-22T15:37
STU02053,COL004,Dayananda Sagar College of Engineering,Bangalore,ISE,7.88,0,True,True,True,2026-07-11T18:04
STU02054,COL004,Dayananda Sagar College of Engineering,Bangalore,EEE,7.5,0,True,True,True,2026-07-08T19:18
STU02055,COL006,CMR Institute of Technology,Bangalore,ECE,7.97,1,True,True,False,2026-08-11T09:54
STU02056,COL003,PES University,Bangalore,ECE,8.54,0,True,True,True,2026-08-19T10:16
STU02057,COL003,PES University,Bangalore,EEE,6.45,0,True,True,False,2026-07-31T13:49
STU02058,COL005,New Horizon College of Engineering,Bangalore,EEE,7.62,0,True,True,True,2026-07-31T17:36
STU02059,COL006,CMR Institute of Technology,Bangalore,EEE,8.23,0,True,True,True,2026-07-19T14:48
STU02060,COL003,PES University,Bangalore,AI&ML,7.22,0,True,False,False,2026-08-02T15:39
STU02061,COL002,RV College of Engineering,Bangalore,ME,7.38,0,True,False,False,2026-08-05T10:46
STU02062,COL004,Dayananda Sagar College of Engineering,Bangalore,EEE,8.11,0,True,True,True,2026-07-08T20:43
STU02063,COL001,BMS Institute of Technology,Bangalore,ECE,7.94,2,True,True,False,2026-07-21T20:38
STU02064,COL004,Dayananda Sagar College of Engineering,Bangalore,EEE,7.77,0,True,True,True,2026-07-03T20:10
STU02065,COL001,BMS Institute of Technology,Bangalore,EEE,6.91,1,True,True,False,2026-07-22T11:52
STU02066,COL004,Dayananda Sagar College of Engineering,Bangalore,ECE,9.11,1,True,True,False,2026-08-15T09:40
STU02067,COL002,RV College of Engineering,Bangalore,ECE,7.86,0,True,True,True,2026-07-07T17:54
STU02068,COL003,PES University,Bangalore,ME,7.6,0,True,True,True,2026-07-08T11:30
STU02069,COL003,PES University,Bangalore,ME,8.04,0,False,True,False,2026-07-07T09:20
STU02070,COL002,RV College of Engineering,Bangalore,ME,7.18,1,True,True,False,2026-07-05T12:39
STU02071,COL002,RV College of Engineering,Bangalore,ME,7.18,0,True,True,True,2026-08-06T19:00
STU02072,COL004,Dayananda Sagar College of Engineering,Bangalore,ME,7.35,1,True,True,False,2026-08-16T19:25
STU02073,COL003,PES University,Bangalore,AI&ML,7.99,0,True,True,True,2026-07-19T09:33
STU02074,COL002,RV College of Engineering,Bangalore,CSE,7.34,0,True,True,True,2026-07-14T20:48
STU02075,COL006,CMR Institute of Technology,Bangalore,ISE,7.66,0,True,True,True,2026-08-17T13:03
STU02076,COL005,New Horizon College of Engineering,Bangalore,EEE,7.15,0,True,True,True,2026-08-23T16:52
STU02077,COL005,New Horizon College of Engineering,Bangalore,ISE,7.23,0,False,True,False,2026-08-13T15:18
STU02078,COL001,BMS Institute of Technology,Bangalore,ME,7.72,0,True,True,True,2026-08-23T13:33
STU02079,COL004,Dayananda Sagar College of Engineering,Bangalore,AI&ML,8.15,0,True,True,True,2026-07-26T17:45
STU02080,COL002,RV College of Engineering,Bangalore,CSE,6.7,0,True,False,False,2026-07-16T12:41
STU02081,COL003,PES University,Bangalore,EEE,8.53,0,True,True,True,2026-07-13T14:00
STU02082,COL001,BMS Institute of Technology,Bangalore,ECE,7.76,0,True,False,False,2026-07-26T14:55
STU02083,COL006,CMR Institute of Technology,Bangalore,ISE,7.75,0,True,True,True,2026-07-19T14:50
STU02084,COL006,CMR Institute of Technology,Bangalore,AI&ML,7.68,0,False,False,False,2026-08-08T14:22
STU02085,COL001,BMS Institute of Technology,Bangalore,CSE,7.59,0,True,True,True,2026-07-08T10:12
STU02086,COL006,CMR Institute of Technology,Bangalore,ECE,7.29,0,True,True,True,2026-07-03T16:53
STU02087,COL003,PES University,Bangalore,ME,7.45,0,True,False,False,2026-08-16T13:57
STU02088,COL003,PES University,Bangalore,ME,7.31,0,True,False,False,2026-07-09T18:08
STU02089,COL004,Dayananda Sagar College of Engineering,Bangalore,ECE,7.72,0,True,True,True,2026-08-13T11:08
STU02090,COL004,Dayananda Sagar College of Engineering,Bangalore,AI&ML,8.12,0,False,True,False,2026-07-02T14:11
STU02091,COL006,CMR Institute of Technology,Bangalore,ECE,7.76,0,True,True,True,2026-08-05T12:21
STU02092,COL002,RV College of Engineering,Bangalore,EEE,7.89,2,True,True,False,2026-08-04T15:48
STU02093,COL004,Dayananda Sagar College of Engineering,Bangalore,ISE,7.69,2,False,True,False,2026-08-08T20:03
STU02094,COL006,CMR Institute of Technology,Bangalore,ECE,7.68,1,True,True,False,2026-07-27T20:52
STU02095,COL002,RV College of Engineering,Bangalore,EEE,6.94,1,False,False,False,2026-07-13T12:54
STU02096,COL005,New Horizon College of Engineering,Bangalore,AI&ML,7.95,0,True,True,True,2026-07-11T10:21
STU02097,COL002,RV College of Engineering,Bangalore,ISE,7.55,0,True,True,True,2026-08-23T11:02
STU02098,COL005,New Horizon College of Engineering,Bangalore,AI&ML,7.69,0,True,True,True,2026-08-06T18:24
STU02099,COL006,CMR Institute of Technology,Bangalore,ME,8.42,0,True,True,True,2026-07-14T19:21
STU02100,COL002,RV College of Engineering,Bangalore,CSE,7.57,2,True,True,False,2026-07-31T19:52
STU02101,COL004,Dayananda Sagar College of Engineering,Bangalore,ECE,7.88,0,True,True,True,2026-08-06T16:28
STU02102,COL002,RV College of Engineering,Bangalore,ECE,8.08,1,True,True,False,2026-07-09T14:47
STU02103,COL003,PES University,Bangalore,ME,6.97,0,True,True,True,2026-07-06T10:07
STU02104,COL003,PES University,Bangalore,ME,7.57,0,True,True,True,2026-07-05T19:16
STU02105,COL004,Dayananda Sagar College of Engineering,Bangalore,CSE,7.21,2,True,True,False,2026-07-11T11:29
STU02106,COL003,PES University,Bangalore,CSE,8.66,0,True,True,True,2026-08-11T19:57
STU02107,COL006,CMR Institute of Technology,Bangalore,ME,6.97,0,True,False,False,2026-07-14T16:01
STU02108,COL003,PES University,Bangalore,ME,7.02,0,True,True,True,2026-07-18T12:45
STU02109,COL006,CMR Institute of Technology,Bangalore,AI&ML,7.57,0,True,True,True,2026-08-13T11:49
STU02110,COL002,RV College of Engineering,Bangalore,CSE,7.3,0,True,True,True,2026-07-05T17:41
STU02111,COL001,BMS Institute of Technology,Bangalore,CSE,7.54,2,True,True,False,2026-07-10T11:41
STU02112,COL003,PES University,Bangalore,ECE,7.34,0,True,True,True,2026-08-02T16:02
STU02113,COL001,BMS Institute of Technology,Bangalore,ISE,8.63,0,True,True,True,2026-07-16T19:09
STU02114,COL003,PES University,Bangalore,EEE,8.24,0,True,True,True,2026-07-07T20:42
STU02115,COL003,PES University,Bangalore,ECE,7.65,0,True,True,True,2026-07-15T14:05
STU02116,COL005,New Horizon College of Engineering,Bangalore,EEE,7.65,0,True,True,True,2026-07-05T20:19
STU02117,COL003,PES University,Bangalore,CSE,7.18,1,True,True,False,2026-07-27T10:47
STU02118,COL006,CMR Institute of Technology,Bangalore,AI&ML,7.79,0,True,True,True,2026-07-17T11:34
STU02119,COL001,BMS Institute of Technology,Bangalore,ECE,8.63,0,True,False,False,2026-07-11T11:23
STU02120,COL005,New Horizon College of Engineering,Bangalore,CSE,6.81,0,True,False,False,2026-08-17T17:26
STU02121,COL004,Dayananda Sagar College of Engineering,Bangalore,AI&ML,7.78,0,True,True,True,2026-08-17T10:15
STU02122,COL006,CMR Institute of Technology,Bangalore,CSE,8.08,0,True,True,True,2026-08-25T19:54
STU02123,COL005,New Horizon College of Engineering,Bangalore,AI&ML,8.61,0,True,True,True,2026-07-01T14:50
STU02124,COL001,BMS Institute of Technology,Bangalore,ME,6.84,0,True,True,True,2026-08-25T18:00
STU02125,COL004,Dayananda Sagar College of Engineering,Bangalore,EEE,7.35,1,True,True,False,2026-08-01T19:38
STU02126,COL002,RV College of Engineering,Bangalore,EEE,8.81,0,True,True,True,2026-07-23T17:34
STU02127,COL001,BMS Institute of Technology,Bangalore,ME,7.6,0,True,True,True,2026-07-08T11:54
STU02128,COL003,PES University,Bangalore,ISE,8.24,2,True,True,False,2026-07-19T14:40
STU02129,COL003,PES University,Bangalore,ME,8.02,1,True,True,False,2026-08-24T18:54
STU02130,COL006,CMR Institute of Technology,Bangalore,CSE,6.5,1,True,True,False,2026-08-06T20:54
STU02131,COL002,RV College of Engineering,Bangalore,AI&ML,8.18,0,True,True,True,2026-08-19T16:23
STU02132,COL002,RV College of Engineering,Bangalore,EEE,8.83,0,True,True,True,2026-08-04T13:09
STU02133,COL006,CMR Institute of Technology,Bangalore,AI&ML,8.34,2,True,True,False,2026-07-20T10:23
STU02134,COL001,BMS Institute of Technology,Bangalore,EEE,7.94,0,True,True,True,2026-08-18T11:19
STU02135,COL006,CMR Institute of Technology,Bangalore,EEE,6.66,0,True,True,True,2026-08-11T12:16
STU02136,COL004,Dayananda Sagar College of Engineering,Bangalore,EEE,7.75,0,True,True,True,2026-08-13T19:10
STU02137,COL003,PES University,Bangalore,CSE,7.32,1,True,True,False,2026-08-02T11:25
STU02138,COL006,CMR Institute of Technology,Bangalore,ECE,8.85,0,True,True,True,2026-07-17T17:48
STU02139,COL006,CMR Institute of Technology,Bangalore,EEE,7.21,0,True,True,True,2026-08-20T20:38
STU02140,COL001,BMS Institute of Technology,Bangalore,AI&ML,7.11,0,True,True,True,2026-08-15T18:47
STU02141,COL006,CMR Institute of Technology,Bangalore,ECE,7.22,0,True,True,True,2026-07-27T19:29
STU02142,COL003,PES University,Bangalore,ISE,8.46,0,True,True,True,2026-07-21T20:58
STU02143,COL004,Dayananda Sagar College of Engineering,Bangalore,ISE,8.41,0,True,True,True,2026-07-09T17:57
STU02144,COL006,CMR Institute of Technology,Bangalore,EEE,7.59,0,True,True,True,2026-07-08T11:38
STU02145,COL005,New Horizon College of Engineering,Bangalore,ECE,8.21,0,True,True,True,2026-08-07T19:07
STU02146,COL004,Dayananda Sagar College of Engineering,Bangalore,EEE,7.85,0,True,False,False,2026-08-17T15:46
STU02147,COL005,New Horizon College of Engineering,Bangalore,ECE,6.98,1,True,True,False,2026-07-31T16:06
STU02148,COL001,BMS Institute of Technology,Bangalore,ME,6.91,0,True,True,True,2026-08-03T09:10
STU02149,COL006,CMR Institute of Technology,Bangalore,ME,6.75,0,True,True,True,2026-07-02T09:53
STU02150,COL002,RV College of Engineering,Bangalore,EEE,8.71,0,True,True,True,2026-07-25T09:28
STU02151,COL001,BMS Institute of Technology,Bangalore,EEE,8.09,0,True,True,True,2026-07-02T14:51
STU02152,COL002,RV College of Engineering,Bangalore,CSE,7.11,0,True,True,True,2026-08-01T10:42
STU02153,COL002,RV College of Engineering,Bangalore,ME,8.96,0,True,True,True,2026-07-27T19:12
STU02154,COL001,BMS Institute of Technology,Bangalore,EEE,7.85,0,True,True,True,2026-07-29T09:43
STU02155,COL001,BMS Institute of Technology,Bangalore,ME,7.42,1,True,True,False,2026-08-02T12:03
STU02156,COL006,CMR Institute of Technology,Bangalore,ISE,6.72,2,True,True,False,2026-08-24T09:04
STU02157,COL002,RV College of Engineering,Bangalore,CSE,5.88,1,True,True,False,2026-07-25T19:33
STU02158,COL003,PES University,Bangalore,CSE,7.8,0,True,True,True,2026-08-25T17:59
STU02159,COL001,BMS Institute of Technology,Bangalore,EEE,7.77,0,True,True,True,2026-07-08T13:43
STU02160,COL002,RV College of Engineering,Bangalore,ISE,8.45,0,True,True,True,2026-07-13T14:07
STU02161,COL006,CMR Institute of Technology,Bangalore,ECE,7.9,0,True,True,True,2026-08-23T20:49
STU02162,COL004,Dayananda Sagar College of Engineering,Bangalore,AI&ML,7.57,0,True,True,True,2026-07-19T16:38
STU02163,COL002,RV College of Engineering,Bangalore,CSE,7.88,0,True,True,True,2026-08-05T18:28
STU02164,COL002,RV College of Engineering,Bangalore,AI&ML,7.94,0,True,True,True,2026-08-02T12:45
STU02165,COL002,RV College of Engineering,Bangalore,EEE,8.23,0,True,True,True,2026-07-05T09:33
STU02166,COL006,CMR Institute of Technology,Bangalore,EEE,7.07,0,True,True,True,2026-08-22T15:52
STU02167,COL006,CMR Institute of Technology,Bangalore,EEE,7.71,2,True,True,False,2026-08-14T16:28
STU02168,COL003,PES University,Bangalore,ECE,8.35,1,True,True,False,2026-08-24T18:57
STU02169,COL003,PES University,Bangalore,CSE,6.63,0,True,True,True,2026-07-14T20:13
STU02170,COL005,New Horizon College of Engineering,Bangalore,ISE,8.34,0,True,True,True,2026-08-03T11:45
STU02171,COL004,Dayananda Sagar College of Engineering,Bangalore,ME,8.95,1,True,False,False,2026-07-04T11:47
STU02172,COL004,Dayananda Sagar College of Engineering,Bangalore,ME,7.05,0,True,True,True,2026-07-08T10:39
STU02173,COL006,CMR Institute of Technology,Bangalore,CSE,7.44,0,True,True,True,2026-07-30T15:40
STU02174,COL002,RV College of Engineering,Bangalore,ME,7.9,0,True,True,True,2026-08-10T15:05
STU02175,COL002,RV College of Engineering,Bangalore,AI&ML,7.93,0,True,True,True,2026-08-24T11:22
STU02176,COL002,RV College of Engineering,Bangalore,ME,7.63,1,True,True,False,2026-08-08T17:47
STU02177,COL002,RV College of Engineering,Bangalore,CSE,7.7,0,True,True,True,2026-08-25T15:40
STU02178,COL006,CMR Institute of Technology,Bangalore,EEE,7.86,0,True,True,True,2026-08-02T13:44
STU02179,COL005,New Horizon College of Engineering,Bangalore,AI&ML,7.79,0,True,True,True,2026-07-14T16:23
STU02180,COL006,CMR Institute of Technology,Bangalore,AI&ML,7.81,0,True,True,True,2026-08-15T13:07
STU02181,COL004,Dayananda Sagar College of Engineering,Bangalore,AI&ML,7.13,0,True,True,True,2026-07-07T14:51
STU02182,COL005,New Horizon College of Engineering,Bangalore,ECE,6.63,0,False,True,False,2026-07-20T12:06
STU02183,COL005,New Horizon College of Engineering,Bangalore,AI&ML,7.99,0,True,True,True,2026-07-15T10:33
STU02184,COL005,New Horizon College of Engineering,Bangalore,ISE,7.68,0,True,True,True,2026-08-11T09:26
STU02185,COL002,RV College of Engineering,Bangalore,CSE,8.58,0,True,True,True,2026-07-06T16:14
STU02186,COL004,Dayananda Sagar College of Engineering,Bangalore,AI&ML,7.68,0,True,False,False,2026-07-08T19:36
STU02187,COL005,New Horizon College of Engineering,Bangalore,EEE,8.08,0,True,True,True,2026-08-24T12:19
STU02188,COL003,PES University,Bangalore,ISE,6.65,0,True,False,False,2026-08-20T12:46
STU02189,COL003,PES University,Bangalore,CSE,8.76,0,True,True,True,2026-08-08T18:03
STU02190,COL003,PES University,Bangalore,ISE,8.19,0,True,False,False,2026-07-31T20:02
STU02191,COL004,Dayananda Sagar College of Engineering,Bangalore,ME,6.14,0,True,True,False,2026-07-22T16:46
STU02192,COL003,PES University,Bangalore,CSE,7.69,2,True,True,False,2026-08-25T18:39
STU02193,COL004,Dayananda Sagar College of Engineering,Bangalore,AI&ML,8.14,0,False,True,False,2026-08-05T14:52
STU02194,COL005,New Horizon College of Engineering,Bangalore,ECE,8.63,0,False,True,False,2026-07-15T19:19
STU02195,COL005,New Horizon College of Engineering,Bangalore,AI&ML,8.15,0,True,False,False,2026-08-14T17:02
STU02196,COL003,PES University,Bangalore,CSE,7.53,0,True,True,True,2026-07-26T13:50
STU02197,COL003,PES University,Bangalore,ME,9.11,0,True,True,True,2026-07-05T11:55
STU02198,COL006,CMR Institute of Technology,Bangalore,CSE,8.14,0,True,True,True,2026-08-04T12:41
STU02199,COL004,Dayananda Sagar College of Engineering,Bangalore,ME,6.66,0,True,True,True,2026-07-30T19:19
STU02200,COL001,BMS Institute of Technology,Bangalore,ECE,7.0,0,True,True,True,2026-08-18T11:03
STU02201,COL001,BMS Institute of Technology,Bangalore,ISE,7.87,0,False,True,False,2026-08-15T17:08
STU02202,COL002,RV College of Engineering,Bangalore,CSE,7.64,1,True,False,False,2026-08-06T18:55
STU02203,COL004,Dayananda Sagar College of Engineering,Bangalore,ME,7.36,0,True,True,True,2026-08-01T12:21
STU02204,COL006,CMR Institute of Technology,Bangalore,ECE,8.07,0,True,True,True,2026-08-25T11:02
STU02205,COL003,PES University,Bangalore,ISE,7.85,0,True,True,True,2026-07-21T09:04
STU02206,COL004,Dayananda Sagar College of Engineering,Bangalore,AI&ML,6.42,0,True,False,False,2026-08-17T12:01
STU02207,COL004,Dayananda Sagar College of Engineering,Bangalore,CSE,8.19,0,True,False,False,2026-07-17T20:23
STU02208,COL001,BMS Institute of Technology,Bangalore,AI&ML,7.34,1,True,True,False,2026-08-17T15:38
STU02209,COL004,Dayananda Sagar College of Engineering,Bangalore,EEE,8.45,0,False,True,False,2026-08-03T16:06
STU02210,COL004,Dayananda Sagar College of Engineering,Bangalore,ISE,7.27,0,True,True,True,2026-07-06T16:04
STU02211,COL006,CMR Institute of Technology,Bangalore,CSE,7.84,0,False,True,False,2026-08-02T20:29
STU02212,COL006,CMR Institute of Technology,Bangalore,ME,6.49,0,False,True,False,2026-07-12T11:15
STU02213,COL003,PES University,Bangalore,AI&ML,7.46,0,True,True,True,2026-08-21T15:54
STU02214,COL001,BMS Institute of Technology,Bangalore,CSE,7.99,0,True,False,False,2026-07-15T11:21
STU02215,COL005,New Horizon College of Engineering,Bangalore,EEE,7.11,0,True,True,True,2026-07-29T19:48
STU02216,COL004,Dayananda Sagar College of Engineering,Bangalore,EEE,7.7,0,True,False,False,2026-07-24T19:23
STU02217,COL004,Dayananda Sagar College of Engineering,Bangalore,CSE,6.94,0,True,True,True,2026-07-28T18:01
STU02218,COL003,PES University,Bangalore,CSE,7.45,0,True,True,True,2026-07-24T10:14
STU02219,COL003,PES University,Bangalore,ISE,7.48,0,True,True,True,2026-07-11T15:31
STU02220,COL004,Dayananda Sagar College of Engineering,Bangalore,AI&ML,7.12,0,True,True,True,2026-08-10T10:14
STU02221,COL003,PES University,Bangalore,EEE,7.9,1,True,True,False,2026-08-02T14:22
STU02222,COL004,Dayananda Sagar College of Engineering,Bangalore,EEE,7.25,0,True,True,True,2026-07-21T20:17
STU02223,COL004,Dayananda Sagar College of Engineering,Bangalore,CSE,7.99,1,True,True,False,2026-07-14T10:01
STU02224,COL006,CMR Institute of Technology,Bangalore,CSE,8.19,0,True,True,True,2026-07-28T13:11
STU02225,COL005,New Horizon College of Engineering,Bangalore,CSE,8.05,0,True,True,True,2026-07-28T09:19
STU02226,COL003,PES University,Bangalore,ISE,8.25,0,True,True,True,2026-08-18T13:50
STU02227,COL005,New Horizon College of Engineering,Bangalore,AI&ML,8.54,0,True,True,True,2026-08-18T18:43
STU02228,COL002,RV College of Engineering,Bangalore,EEE,7.32,0,True,True,True,2026-07-16T11:57
STU02229,COL003,PES University,Bangalore,CSE,7.72,1,True,True,False,2026-07-18T14:26
STU02230,COL002,RV College of Engineering,Bangalore,AI&ML,7.91,0,True,True,True,2026-08-10T17:16
STU02231,COL002,RV College of Engineering,Bangalore,ECE,8.57,0,True,True,True,2026-07-19T14:33
STU02232,COL003,PES University,Bangalore,ECE,8.25,0,True,True,True,2026-08-07T17:49
STU02233,COL005,New Horizon College of Engineering,Bangalore,AI&ML,8.55,0,True,True,True,2026-07-09T10:36
STU02234,COL002,RV College of Engineering,Bangalore,AI&ML,7.04,0,True,True,True,2026-08-03T15:25
STU02235,COL005,New Horizon College of Engineering,Bangalore,AI&ML,8.05,0,True,True,True,2026-08-17T11:50
STU02236,COL001,BMS Institute of Technology,Bangalore,CSE,7.5,0,True,True,True,2026-08-20T16:13
STU02237,COL004,Dayananda Sagar College of Engineering,Bangalore,ECE,7.39,0,True,True,True,2026-07-07T14:40
STU02238,COL002,RV College of Engineering,Bangalore,AI&ML,6.96,0,True,True,True,2026-08-17T14:59
STU02239,COL004,Dayananda Sagar College of Engineering,Bangalore,AI&ML,7.85,2,True,True,False,2026-07-05T14:10
STU02240,COL005,New Horizon College of Engineering,Bangalore,AI&ML,7.33,0,True,True,True,2026-07-04T12:48
STU02241,COL006,CMR Institute of Technology,Bangalore,ECE,6.98,0,True,True,True,2026-08-24T10:05
STU02242,COL004,Dayananda Sagar College of Engineering,Bangalore,AI&ML,8.84,0,True,True,True,2026-07-29T14:57
STU02243,COL004,Dayananda Sagar College of Engineering,Bangalore,EEE,7.39,1,True,True,False,2026-07-04T11:33
STU02244,COL005,New Horizon College of Engineering,Bangalore,AI&ML,8.0,0,True,True,True,2026-08-10T15:20
STU02245,COL004,Dayananda Sagar College of Engineering,Bangalore,ECE,8.25,0,True,True,True,2026-07-01T10:55
STU02246,COL001,BMS Institute of Technology,Bangalore,EEE,8.39,0,True,True,True,2026-08-01T11:39
STU02247,COL004,Dayananda Sagar College of Engineering,Bangalore,CSE,8.55,0,True,True,True,2026-07-15T09:01
STU02248,COL002,RV College of Engineering,Bangalore,ME,8.11,1,True,True,False,2026-07-14T13:15
STU02249,COL005,New Horizon College of Engineering,Bangalore,CSE,7.87,0,True,True,True,2026-07-13T18:58
STU02250,COL004,Dayananda Sagar College of Engineering,Bangalore,ECE,8.04,0,False,True,False,2026-08-14T11:25
STU02251,COL005,New Horizon College of Engineering,Bangalore,ECE,7.66,1,True,True,False,2026-07-17T16:07
STU02252,COL004,Dayananda Sagar College of Engineering,Bangalore,ME,7.96,1,True,True,False,2026-07-21T18:25
STU02253,COL005,New Horizon College of Engineering,Bangalore,AI&ML,7.65,0,True,False,False,2026-07-30T10:12
STU02254,COL005,New Horizon College of Engineering,Bangalore,ECE,8.29,0,True,True,True,2026-08-20T17:10
STU02255,COL001,BMS Institute of Technology,Bangalore,ECE,8.98,0,False,True,False,2026-08-04T13:25
STU02256,COL005,New Horizon College of Engineering,Bangalore,ISE,7.13,1,True,False,False,2026-07-28T14:02
STU02257,COL003,PES University,Bangalore,ECE,6.86,0,True,True,True,2026-07-12T17:31
STU02258,COL004,Dayananda Sagar College of Engineering,Bangalore,AI&ML,6.5,0,False,True,False,2026-07-19T16:43
STU02259,COL002,RV College of Engineering,Bangalore,ISE,7.54,0,True,True,True,2026-08-15T12:49
STU02260,COL005,New Horizon College of Engineering,Bangalore,ME,7.85,2,True,True,False,2026-07-25T15:51
STU02261,COL006,CMR Institute of Technology,Bangalore,ME,8.95,0,True,True,True,2026-07-07T20:17
STU02262,COL002,RV College of Engineering,Bangalore,AI&ML,8.56,2,True,True,False,2026-07-15T12:53
STU02263,COL004,Dayananda Sagar College of Engineering,Bangalore,ISE,6.19,1,False,False,False,2026-07-02T13:05
STU02264,COL002,RV College of Engineering,Bangalore,ECE,8.49,0,True,True,True,2026-07-01T10:42
STU02265,COL005,New Horizon College of Engineering,Bangalore,AI&ML,7.37,0,False,True,False,2026-07-21T16:35
STU02266,COL001,BMS Institute of Technology,Bangalore,CSE,7.79,0,True,True,True,2026-07-12T15:33
STU02267,COL005,New Horizon College of Engineering,Bangalore,EEE,7.69,0,True,True,True,2026-08-20T20:54
STU02268,COL003,PES University,Bangalore,CSE,6.89,0,True,False,False,2026-08-20T15:41
STU02269,COL003,PES University,Bangalore,ISE,6.64,0,True,True,True,2026-08-08T15:35
STU02270,COL006,CMR Institute of Technology,Bangalore,EEE,7.86,0,True,True,True,2026-07-28T16:35
STU02271,COL006,CMR Institute of Technology,Bangalore,ME,7.9,0,True,True,True,2026-07-09T10:27
STU02272,COL003,PES University,Bangalore,ME,8.82,0,True,True,True,2026-08-05T19:07
STU02273,COL002,RV College of Engineering,Bangalore,EEE,7.38,0,True,True,True,2026-07-17T11:10
STU02274,COL004,Dayananda Sagar College of Engineering,Bangalore,EEE,7.27,2,True,True,False,2026-07-12T13:48
STU02275,COL004,Dayananda Sagar College of Engineering,Bangalore,EEE,7.47,0,True,True,True,2026-08-20T11:37
STU02276,COL001,BMS Institute of Technology,Bangalore,ME,8.23,0,True,True,True,2026-08-15T18:10
STU02277,COL001,BMS Institute of Technology,Bangalore,ISE,7.1,0,True,True,True,2026-08-03T18:37
STU02278,COL004,Dayananda Sagar College of Engineering,Bangalore,CSE,7.51,0,True,True,True,2026-07-29T16:15
STU02279,COL001,BMS Institute of Technology,Bangalore,ECE,8.16,0,True,True,True,2026-08-09T10:42
STU02280,COL003,PES University,Bangalore,CSE,8.1,0,True,True,True,2026-08-07T17:50
STU02281,COL001,BMS Institute of Technology,Bangalore,ME,9.06,0,True,True,True,2026-07-14T16:15
STU02282,COL004,Dayananda Sagar College of Engineering,Bangalore,ECE,7.85,0,True,False,False,2026-07-15T09:15
STU02283,COL002,RV College of Engineering,Bangalore,ECE,7.65,0,True,True,True,2026-07-22T14:04
STU02284,COL006,CMR Institute of Technology,Bangalore,EEE,7.78,0,True,True,True,2026-08-23T13:51
STU02285,COL006,CMR Institute of Technology,Bangalore,AI&ML,7.68,0,True,True,True,2026-07-02T19:30
STU02286,COL005,New Horizon College of Engineering,Bangalore,EEE,7.62,2,True,True,False,2026-08-02T17:18
STU02287,COL001,BMS Institute of Technology,Bangalore,ISE,7.41,0,True,True,True,2026-08-03T10:10
STU02288,COL001,BMS Institute of Technology,Bangalore,CSE,7.61,0,True,True,True,2026-08-23T15:25
STU02289,COL003,PES University,Bangalore,ECE,7.85,2,True,True,False,2026-08-07T16:01
STU02290,COL001,BMS Institute of Technology,Bangalore,ECE,7.83,0,True,True,True,2026-07-01T12:54
STU02291,COL001,BMS Institute of Technology,Bangalore,AI&ML,6.94,0,True,True,True,2026-08-23T18:20
STU02292,COL006,CMR Institute of Technology,Bangalore,ECE,7.19,0,True,True,True,2026-07-31T09:18
STU02293,COL005,New Horizon College of Engineering,Bangalore,ISE,7.97,0,True,True,True,2026-07-05T20:18
STU02294,COL002,RV College of Engineering,Bangalore,ECE,6.14,0,True,True,False,2026-07-09T09:55
STU02295,COL004,Dayananda Sagar College of Engineering,Bangalore,CSE,7.64,0,True,True,True,2026-07-24T09:16
STU02296,COL001,BMS Institute of Technology,Bangalore,ISE,7.83,2,True,True,False,2026-08-07T16:23
STU02297,COL002,RV College of Engineering,Bangalore,ECE,7.62,0,True,True,True,2026-08-06T19:00
STU02298,COL006,CMR Institute of Technology,Bangalore,CSE,7.44,0,True,True,True,2026-08-17T12:03
STU02299,COL006,CMR Institute of Technology,Bangalore,EEE,6.7,0,True,True,True,2026-08-16T15:05
STU02300,COL001,BMS Institute of Technology,Bangalore,ECE,7.5,0,True,True,True,2026-07-20T18:38
STU02301,COL003,PES University,Bangalore,AI&ML,7.35,0,True,True,True,2026-08-11T18:22
STU02302,COL002,RV College of Engineering,Bangalore,EEE,8.3,0,True,True,True,2026-07-17T14:43
STU02303,COL002,RV College of Engineering,Bangalore,CSE,7.32,0,True,True,True,2026-08-02T16:54
STU02304,COL005,New Horizon College of Engineering,Bangalore,ME,7.88,0,True,True,True,2026-07-26T18:12
STU02305,COL002,RV College of Engineering,Bangalore,AI&ML,7.72,0,True,True,True,2026-07-27T18:34
STU02306,COL005,New Horizon College of Engineering,Bangalore,CSE,7.38,1,True,False,False,2026-07-08T19:10
STU02307,COL001,BMS Institute of Technology,Bangalore,ME,8.17,0,True,True,True,2026-07-25T20:09
STU02308,COL005,New Horizon College of Engineering,Bangalore,EEE,7.12,0,True,True,True,2026-08-12T18:48
STU02309,COL001,BMS Institute of Technology,Bangalore,ME,7.31,0,True,True,True,2026-07-10T14:41
STU02310,COL004,Dayananda Sagar College of Engineering,Bangalore,ECE,8.04,0,True,True,True,2026-07-22T10:37
STU02311,COL005,New Horizon College of Engineering,Bangalore,ISE,7.03,0,True,True,True,2026-08-15T16:47
STU02312,COL005,New Horizon College of Engineering,Bangalore,CSE,7.25,0,True,True,True,2026-08-19T09:46
STU02313,COL005,New Horizon College of Engineering,Bangalore,AI&ML,7.63,0,True,True,True,2026-08-25T13:47
STU02314,COL005,New Horizon College of Engineering,Bangalore,EEE,7.8,1,True,True,False,2026-07-22T13:58
STU02315,COL001,BMS Institute of Technology,Bangalore,AI&ML,7.35,0,True,True,True,2026-08-16T14:43
STU02316,COL006,CMR Institute of Technology,Bangalore,CSE,7.74,0,True,True,True,2026-07-10T18:10
STU02317,COL003,PES University,Bangalore,EEE,7.63,0,True,True,True,2026-08-25T17:57
STU02318,COL003,PES University,Bangalore,ME,7.2,0,True,True,True,2026-08-09T18:25
STU02319,COL003,PES University,Bangalore,ME,7.85,0,True,True,True,2026-08-09T13:40
STU02320,COL005,New Horizon College of Engineering,Bangalore,ECE,7.9,0,True,True,True,2026-07-28T14:10
STU02321,COL003,PES University,Bangalore,AI&ML,7.14,0,True,False,False,2026-07-30T18:31
STU02322,COL005,New Horizon College of Engineering,Bangalore,CSE,7.29,0,True,True,True,2026-07-24T17:47
STU02323,COL001,BMS Institute of Technology,Bangalore,EEE,7.48,0,True,True,True,2026-08-23T12:50
STU02324,COL002,RV College of Engineering,Bangalore,ME,8.03,0,True,True,True,2026-07-09T10:57
STU02325,COL006,CMR Institute of Technology,Bangalore,ECE,7.09,0,True,True,True,2026-08-07T11:50
STU02326,COL003,PES University,Bangalore,ECE,6.72,0,True,True,True,2026-08-19T18:58
STU02327,COL004,Dayananda Sagar College of Engineering,Bangalore,CSE,7.55,0,True,False,False,2026-07-21T15:25
STU02328,COL006,CMR Institute of Technology,Bangalore,ECE,7.24,1,True,True,False,2026-08-02T16:06
STU02329,COL001,BMS Institute of Technology,Bangalore,CSE,7.67,0,True,True,True,2026-08-13T13:34
STU02330,COL003,PES University,Bangalore,ECE,7.96,0,True,True,True,2026-08-21T20:14
STU02331,COL005,New Horizon College of Engineering,Bangalore,EEE,7.56,0,True,True,True,2026-07-11T18:18
STU02332,COL001,BMS Institute of Technology,Bangalore,EEE,7.68,0,True,True,True,2026-08-01T18:02
STU02333,COL002,RV College of Engineering,Bangalore,ECE,8.44,0,True,True,True,2026-08-10T10:12
STU02334,COL003,PES University,Bangalore,EEE,7.91,1,True,True,False,2026-07-06T13:41
STU02335,COL002,RV College of Engineering,Bangalore,ME,7.48,1,True,False,False,2026-08-03T10:30
STU02336,COL003,PES University,Bangalore,ISE,6.45,1,True,True,False,2026-07-22T13:41
STU02337,COL006,CMR Institute of Technology,Bangalore,ME,7.53,1,True,True,False,2026-07-17T17:31
STU02338,COL001,BMS Institute of Technology,Bangalore,CSE,8.62,0,True,True,True,2026-07-13T13:49
STU02339,COL004,Dayananda Sagar College of Engineering,Bangalore,CSE,7.58,2,True,True,False,2026-08-06T17:24
STU02340,COL003,PES University,Bangalore,EEE,7.39,0,True,True,True,2026-08-05T17:16
STU02341,COL006,CMR Institute of Technology,Bangalore,ME,7.25,0,True,True,True,2026-08-24T16:36
STU02342,COL003,PES University,Bangalore,CSE,8.53,1,True,True,False,2026-07-09T16:50
STU02343,COL001,BMS Institute of Technology,Bangalore,AI&ML,8.35,0,True,True,True,2026-07-01T09:27
STU02344,COL001,BMS Institute of Technology,Bangalore,AI&ML,7.23,0,True,True,True,2026-08-08T15:37
STU02345,COL002,RV College of Engineering,Bangalore,ME,8.6,0,False,True,False,2026-07-24T15:30
STU02346,COL001,BMS Institute of Technology,Bangalore,ISE,7.57,1,True,True,False,2026-07-04T20:31
STU02347,COL001,BMS Institute of Technology,Bangalore,ISE,8.07,0,True,True,True,2026-07-18T14:42
STU02348,COL006,CMR Institute of Technology,Bangalore,ME,6.88,0,False,True,False,2026-07-16T15:29
STU02349,COL003,PES University,Bangalore,EEE,7.51,0,False,True,False,2026-07-19T12:50
STU02350,COL001,BMS Institute of Technology,Bangalore,EEE,6.17,0,True,True,False,2026-07-22T20:36
STU02351,COL003,PES University,Bangalore,ISE,7.1,0,True,True,True,2026-07-18T16:49
STU02352,COL004,Dayananda Sagar College of Engineering,Bangalore,ECE,7.31,1,True,True,False,2026-08-03T10:28
STU02353,COL001,BMS Institute of Technology,Bangalore,EEE,6.95,0,True,True,True,2026-08-11T15:51
STU02354,COL002,RV College of Engineering,Bangalore,EEE,8.37,0,True,True,True,2026-07-19T09:22
STU02355,COL006,CMR Institute of Technology,Bangalore,ISE,7.31,0,True,True,True,2026-08-20T20:11
STU02356,COL001,BMS Institute of Technology,Bangalore,ECE,7.4,0,True,False,False,2026-07-21T10:57
STU02357,COL006,CMR Institute of Technology,Bangalore,ISE,7.17,0,True,True,True,2026-08-04T19:13
STU02358,COL002,RV College of Engineering,Bangalore,AI&ML,7.95,0,True,True,True,2026-08-10T14:03
STU02359,COL002,RV College of Engineering,Bangalore,CSE,7.55,0,True,True,True,2026-07-12T15:00
STU02360,COL005,New Horizon College of Engineering,Bangalore,ISE,6.64,0,True,False,False,2026-08-06T14:41
STU02361,COL004,Dayananda Sagar College of Engineering,Bangalore,ISE,8.03,0,True,True,True,2026-07-29T18:25
STU02362,COL001,BMS Institute of Technology,Bangalore,EEE,8.2,0,True,False,False,2026-08-09T09:02
STU02363,COL002,RV College of Engineering,Bangalore,ISE,8.17,0,True,True,True,2026-08-05T10:39
STU02364,COL006,CMR Institute of Technology,Bangalore,CSE,7.38,0,True,True,True,2026-07-06T19:19
STU02365,COL006,CMR Institute of Technology,Bangalore,ECE,7.36,0,True,True,True,2026-08-21T14:29
STU02366,COL004,Dayananda Sagar College of Engineering,Bangalore,ECE,7.47,2,True,False,False,2026-08-02T19:18
STU02367,COL003,PES University,Bangalore,EEE,8.71,0,True,True,True,2026-07-06T16:02
STU02368,COL005,New Horizon College of Engineering,Bangalore,ISE,7.96,0,True,True,True,2026-07-31T12:11
STU02369,COL004,Dayananda Sagar College of Engineering,Bangalore,ECE,8.98,0,True,True,True,2026-08-08T16:57
STU02370,COL002,RV College of Engineering,Bangalore,EEE,7.31,1,True,True,False,2026-08-08T09:49
STU02371,COL001,BMS Institute of Technology,Bangalore,EEE,8.24,0,True,True,True,2026-07-21T17:49
STU02372,COL003,PES University,Bangalore,EEE,7.53,0,True,True,True,2026-08-10T19:46
STU02373,COL003,PES University,Bangalore,CSE,7.14,0,True,True,True,2026-07-13T19:18
STU02374,COL006,CMR Institute of Technology,Bangalore,CSE,7.19,0,True,True,True,2026-07-27T16:49
STU02375,COL006,CMR Institute of Technology,Bangalore,ISE,8.27,0,True,True,True,2026-07-11T09:39
STU02376,COL005,New Horizon College of Engineering,Bangalore,AI&ML,8.57,1,True,True,False,2026-08-24T11:07
STU02377,COL004,Dayananda Sagar College of Engineering,Bangalore,AI&ML,7.02,0,True,True,True,2026-08-24T10:23
STU02378,COL001,BMS Institute of Technology,Bangalore,ECE,8.14,0,True,True,True,2026-08-24T14:01
STU02379,COL003,PES University,Bangalore,ISE,7.47,1,True,True,False,2026-08-08T19:26
STU02380,COL003,PES University,Bangalore,CSE,7.7,0,True,True,True,2026-08-05T15:42
STU02381,COL001,BMS Institute of Technology,Bangalore,ME,8.23,0,True,True,True,2026-07-17T17:38
STU02382,COL002,RV College of Engineering,Bangalore,EEE,8.93,0,True,True,True,2026-07-29T10:14
STU02383,COL003,PES University,Bangalore,CSE,6.92,0,True,True,True,2026-08-14T14:32
STU02384,COL005,New Horizon College of Engineering,Bangalore,ISE,7.34,1,True,True,False,2026-08-22T11:19
STU02385,COL005,New Horizon College of Engineering,Bangalore,ECE,8.18,1,True,True,False,2026-08-02T17:12
STU02386,COL003,PES University,Bangalore,ISE,6.76,1,True,True,False,2026-07-10T09:09
STU02387,COL003,PES University,Bangalore,ME,7.4,0,True,True,True,2026-07-08T13:45
STU02388,COL004,Dayananda Sagar College of Engineering,Bangalore,ISE,8.58,0,True,False,False,2026-07-24T15:00
STU02389,COL003,PES University,Bangalore,ISE,7.77,0,True,True,True,2026-07-20T12:52
STU02390,COL001,BMS Institute of Technology,Bangalore,AI&ML,7.72,0,True,True,True,2026-07-22T09:41
STU02391,COL006,CMR Institute of Technology,Bangalore,ME,7.28,0,True,True,True,2026-07-12T19:49
STU02392,COL003,PES University,Bangalore,ISE,6.59,0,True,True,True,2026-07-19T16:47
STU02393,COL002,RV College of Engineering,Bangalore,AI&ML,7.05,0,True,True,True,2026-07-29T20:36
STU02394,COL005,New Horizon College of Engineering,Bangalore,ECE,7.6,0,True,True,True,2026-08-21T09:45
STU02395,COL001,BMS Institute of Technology,Bangalore,EEE,7.83,0,True,True,True,2026-07-24T20:55
STU02396,COL002,RV College of Engineering,Bangalore,ECE,7.78,0,True,False,False,2026-08-23T19:54
STU02397,COL005,New Horizon College of Engineering,Bangalore,EEE,8.29,0,True,True,True,2026-08-09T17:20
STU02398,COL002,RV College of Engineering,Bangalore,AI&ML,8.24,0,True,True,True,2026-07-15T13:18
STU02399,COL001,BMS Institute of Technology,Bangalore,ECE,7.28,0,True,True,True,2026-08-10T12:42
STU02400,COL006,CMR Institute of Technology,Bangalore,EEE,7.85,0,True,True,True,2026-07-15T18:24
