application_id,student_id,college_id,college,company,role,stage,package_lpa,applied_at
APP00001,STU00280,COL004,Dayananda Sagar College of Engineering,BlueOrbit Labs,Frontend Developer,Placed,5.6,2026-08-28T16:15
APP00002,STU00402,COL002,RV College of Engineering,PrimeStack,Frontend Developer,Applied,,2026-08-10T10:59
APP00003,STU01991,COL006,CMR Institute of Technology,Vertex Digital,Software Engineer,Screening,,2026-08-11T18:53
APP00004,STU00630,COL006,CMR Institute of Technology,Vertex Digital,Software Engineer,Rejected,,2026-08-15T12:00
APP00005,STU00884,COL004,Dayananda Sagar College of Engineering,DataNest,Frontend Developer,Screening,,2026-09-03T18:20
APP00006,STU00168,COL003,PES University,TechForge,Business Analyst,Offer,12.2,2026-08-29T19:14
APP00007,STU01340,COL006,CMR Institute of Technology,Aster Mobility,Business Analyst,Interview,,2026-08-21T20:04
APP00008,STU01746,COL001,BMS Institute of Technology,DataNest,Data Analyst,Applied,,2026-07-31T20:12
APP00009,STU02387,COL003,PES University,Vertex Digital,Backend Developer,Screening,,2026-08-20T13:45
APP00010,STU01644,COL003,PES University,BrightWorks,Data Analyst,Interview,,2026-09-19T17:51
APP00011,STU01842,COL003,PES University,FinEdge Solutions,Data Analyst,Interview,,2026-08-04T10:11
APP00012,STU00523,COL003,PES University,Vertex Digital,Frontend Developer,Offer,14.0,2026-09-27T16:51
APP00013,STU01252,COL004,Dayananda Sagar College of Engineering,TechForge,Business Analyst,Rejected,,2026-08-21T20:24
APP00014,STU01950,COL004,Dayananda Sagar College of Engineering,Nova Systems,Data Analyst,Interview,,2026-08-13T18:00
APP00015,STU00463,COL004,Dayananda Sagar College of Engineering,FinEdge Solutions,Backend Developer,Applied,,2026-08-20T10:29
APP00016,STU01398,COL005,New Horizon College of Engineering,CodeCraft,ML Engineer,Applied,,2026-08-27T16:56
APP00017,STU00284,COL005,New Horizon College of Engineering,BlueOrbit Labs,Business Analyst,Offer,5.7,2026-09-22T19:38
APP00018,STU01708,COL003,PES University,PrimeStack,Software Engineer,Interview,,2026-08-18T17:00
APP00019,STU01261,COL003,PES University,BrightWorks,ML Engineer,Interview,,2026-08-10T12:34
APP00020,STU00990,COL003,PES University,Aster Mobility,Software Engineer,Interview,,2026-09-01T09:37
APP00021,STU01861,COL001,BMS Institute of Technology,BrightWorks,Business Analyst,Offer,13.0,2026-08-30T10:01
APP00022,STU00512,COL002,RV College of Engineering,CodeCraft,Frontend Developer,Placed,9.6,2026-08-15T14:25
APP00023,STU00904,COL006,CMR Institute of Technology,PrimeStack,Data Analyst,Interview,,2026-08-20T14:55
APP00024,STU02254,COL005,New Horizon College of Engineering,Aster Mobility,Frontend Developer,Offer,13.5,2026-09-12T17:10
APP00025,STU00807,COL005,New Horizon College of Engineering,QuantEdge,Data Analyst,Offer,10.5,2026-08-18T10:51
APP00026,STU01678,COL006,CMR Institute of Technology,PrimeStack,Business Analyst,Placed,5.1,2026-09-17T18:12
APP00027,STU02298,COL006,CMR Institute of Technology,NextGen Labs,Data Analyst,Screening,,2026-09-26T12:03
APP00028,STU01464,COL005,New Horizon College of Engineering,BlueOrbit Labs,Data Analyst,Rejected,,2026-07-10T13:17
APP00029,STU01946,COL001,BMS Institute of Technology,DataNest,Data Analyst,Screening,,2026-08-13T16:49
APP00030,STU02040,COL002,RV College of Engineering,TechForge,Frontend Developer,Rejected,,2026-09-22T18:32
APP00031,STU00063,COL004,Dayananda Sagar College of Engineering,QuantEdge,Data Analyst,Applied,,2026-08-23T19:34
APP00032,STU02163,COL002,RV College of Engineering,FinEdge Solutions,Software Engineer,Screening,,2026-09-08T18:28
APP00033,STU00685,COL005,New Horizon College of Engineering,CloudMinds,ML Engineer,Offer,5.8,2026-08-13T12:54
APP00034,STU01176,COL001,BMS Institute of Technology,PrimeStack,Data Analyst,Interview,,2026-08-20T10:24
APP00035,STU00400,COL002,RV College of Engineering,QuantEdge,Data Analyst,Rejected,,2026-09-21T19:08
APP00036,STU00043,COL001,BMS Institute of Technology,FinEdge Solutions,Software Engineer,Screening,,2026-09-19T18:38
APP00037,STU01815,COL005,New Horizon College of Engineering,Aster Mobility,ML Engineer,Applied,,2026-08-22T12:13
APP00038,STU02030,COL004,Dayananda Sagar College of Engineering,CloudMinds,Software Engineer,Rejected,,2026-08-18T12:59
APP00039,STU01732,COL006,CMR Institute of Technology,PrimeStack,Frontend Developer,Offer,11.9,2026-08-09T09:48
APP00040,STU01076,COL002,RV College of Engineering,Orion Analytics,Software Engineer,Interview,,2026-07-17T16:11
APP00041,STU00524,COL006,CMR Institute of Technology,Nova Systems,Data Analyst,Applied,,2026-09-19T20:54
APP00042,STU01777,COL004,Dayananda Sagar College of Engineering,Orion Analytics,Software Engineer,Placed,9.9,2026-08-15T09:59
APP00043,STU01617,COL006,CMR Institute of Technology,CodeCraft,Backend Developer,Offer,6.9,2026-09-07T12:53
APP00044,STU00814,COL001,BMS Institute of Technology,BlueOrbit Labs,Software Engineer,Screening,,2026-09-11T09:11
APP00045,STU01383,COL002,RV College of Engineering,TechForge,Frontend Developer,Interview,,2026-08-28T17:20
APP00046,STU01134,COL006,CMR Institute of Technology,FinEdge Solutions,Business Analyst,Offer,11.3,2026-09-08T13:02
APP00047,STU01892,COL004,Dayananda Sagar College of Engineering,PrimeStack,Data Analyst,Interview,,2026-08-24T20:15
APP00048,STU00657,COL001,BMS Institute of Technology,CodeCraft,Software Engineer,Applied,,2026-08-11T12:10
APP00049,STU00212,COL001,BMS Institute of Technology,FinEdge Solutions,Data Analyst,Placed,9.7,2026-08-14T16:29
APP00050,STU01994,COL002,RV College of Engineering,DataNest,Frontend Developer,Screening,,2026-09-15T13:29
APP00051,STU00019,COL003,PES University,Aster Mobility,Backend Developer,Screening,,2026-08-29T20:32
APP00052,STU00059,COL003,PES University,DataNest,Data Analyst,Screening,,2026-07-22T10:30
APP00053,STU00875,COL006,CMR Institute of Technology,Nova Systems,ML Engineer,Rejected,,2026-09-25T20:04
APP00054,STU00619,COL004,Dayananda Sagar College of Engineering,FinEdge Solutions,ML Engineer,Applied,,2026-09-09T10:55
APP00055,STU00438,COL002,RV College of Engineering,Aster Mobility,Frontend Developer,Screening,,2026-08-29T09:27
APP00056,STU00412,COL001,BMS Institute of Technology,FinEdge Solutions,Frontend Developer,Applied,,2026-08-10T11:15
APP00057,STU01572,COL006,CMR Institute of Technology,TechForge,Business Analyst,Offer,12.1,2026-09-05T09:46
APP00058,STU01380,COL003,PES University,InfiCore,Business Analyst,Offer,9.9,2026-07-28T09:52
APP00059,STU01923,COL001,BMS Institute of Technology,QuantEdge,Business Analyst,Screening,,2026-07-15T10:16
APP00060,STU01584,COL005,New Horizon College of Engineering,FinEdge Solutions,ML Engineer,Interview,,2026-07-25T12:30
APP00061,STU01849,COL005,New Horizon College of Engineering,BlueOrbit Labs,Backend Developer,Screening,,2026-07-05T17:48
APP00062,STU00687,COL004,Dayananda Sagar College of Engineering,InfiCore,Data Analyst,Screening,,2026-10-02T11:50
APP00063,STU00343,COL004,Dayananda Sagar College of Engineering,Aster Mobility,Business Analyst,Applied,,2026-09-18T17:43
APP00064,STU00122,COL005,New Horizon College of Engineering,TechForge,Frontend Developer,Applied,,2026-09-01T09:30
APP00065,STU00748,COL005,New Horizon College of Engineering,FinEdge Solutions,ML Engineer,Offer,4.8,2026-09-01T13:46
APP00066,STU01011,COL005,New Horizon College of Engineering,Nova Systems,Frontend Developer,Rejected,,2026-09-15T17:02
APP00067,STU02259,COL002,RV College of Engineering,Nova Systems,Frontend Developer,Interview,,2026-09-11T12:49
APP00068,STU01472,COL002,RV College of Engineering,BrightWorks,Data Analyst,Offer,5.9,2026-08-18T09:04
APP00069,STU01057,COL001,BMS Institute of Technology,InfiCore,Frontend Developer,Placed,4.9,2026-09-04T20:40
APP00070,STU00967,COL005,New Horizon College of Engineering,Aster Mobility,Data Analyst,Rejected,,2026-07-26T19:18
APP00071,STU00723,COL002,RV College of Engineering,Nova Systems,ML Engineer,Screening,,2026-08-15T10:44
APP00072,STU02333,COL002,RV College of Engineering,Vertex Digital,Software Engineer,Offer,4.2,2026-09-11T10:12
APP00073,STU00015,COL001,BMS Institute of Technology,InfiCore,Frontend Developer,Rejected,,2026-09-14T13:26
APP00074,STU01189,COL003,PES University,BlueOrbit Labs,Data Analyst,Screening,,2026-08-23T10:18
APP00075,STU02196,COL003,PES University,BlueOrbit Labs,Data Analyst,Rejected,,2026-08-31T13:50
APP00076,STU01452,COL004,Dayananda Sagar College of Engineering,CodeCraft,Data Analyst,Interview,,2026-08-14T19:47
APP00077,STU01899,COL006,CMR Institute of Technology,Vertex Digital,Software Engineer,Rejected,,2026-07-31T12:47
APP00078,STU00180,COL003,PES University,CloudMinds,Frontend Developer,Screening,,2026-08-30T13:48
APP00079,STU00423,COL004,Dayananda Sagar College of Engineering,BlueOrbit Labs,Business Analyst,Applied,,2026-09-04T18:15
APP00080,STU01129,COL002,RV College of Engineering,BrightWorks,Data Analyst,Rejected,,2026-07-29T13:29
APP00081,STU01120,COL001,BMS Institute of Technology,CodeCraft,Software Engineer,Screening,,2026-08-05T18:10
APP00082,STU00528,COL001,BMS Institute of Technology,TechForge,Frontend Developer,Placed,9.6,2026-08-07T10:24
APP00083,STU01871,COL005,New Horizon College of Engineering,DataNest,Data Analyst,Screening,,2026-07-15T16:34
APP00084,STU00802,COL001,BMS Institute of Technology,TechForge,Data Analyst,Offer,7.6,2026-08-12T16:09
APP00085,STU01198,COL006,CMR Institute of Technology,PrimeStack,Business Analyst,Offer,6.0,2026-08-25T13:10
APP00086,STU00594,COL002,RV College of Engineering,Vertex Digital,Data Analyst,Rejected,,2026-08-05T13:40
APP00087,STU01713,COL005,New Horizon College of Engineering,TechForge,Software Engineer,Screening,,2026-07-22T20:18
APP00088,STU00412,COL001,BMS Institute of Technology,NextGen Labs,Data Analyst,Offer,12.9,2026-09-05T11:15
APP00089,STU00776,COL001,BMS Institute of Technology,Aster Mobility,ML Engineer,Screening,,2026-07-15T09:38
APP00090,STU01506,COL002,RV College of Engineering,BrightWorks,Business Analyst,Interview,,2026-09-27T16:52
APP00091,STU01443,COL006,CMR Institute of Technology,DataNest,Data Analyst,Applied,,2026-07-22T19:08
APP00092,STU00424,COL004,Dayananda Sagar College of Engineering,QuantEdge,Business Analyst,Screening,,2026-09-22T17:12
APP00093,STU00007,COL006,CMR Institute of Technology,DataNest,Software Engineer,Applied,,2026-09-22T10:51
APP00094,STU01605,COL004,Dayananda Sagar College of Engineering,QuantEdge,Software Engineer,Applied,,2026-08-14T12:25
APP00095,STU01007,COL003,PES University,Nova Systems,Business Analyst,Applied,,2026-08-13T20:25
APP00096,STU01715,COL006,CMR Institute of Technology,DataNest,Data Analyst,Screening,,2026-09-22T15:32
APP00097,STU01973,COL001,BMS Institute of Technology,DataNest,Backend Developer,Applied,,2026-08-22T20:09
APP00098,STU01556,COL005,New Horizon College of Engineering,BrightWorks,Frontend Developer,Interview,,2026-09-17T18:43
APP00099,STU01412,COL001,BMS Institute of Technology,CodeCraft,ML Engineer,Offer,6.5,2026-09-01T10:48
APP00100,STU01494,COL001,BMS Institute of Technology,PrimeStack,ML Engineer,Screening,,2026-08-24T10:43
APP00101,STU01879,COL002,RV College of Engineering,Orion Analytics,Software Engineer,Applied,,2026-07-25T10:10
APP00102,STU01356,COL004,Dayananda Sagar College of Engineering,NextGen Labs,Software Engineer,Rejected,,2026-07-28T10:14
APP00103,STU00823,COL001,BMS Institute of Technology,BlueOrbit Labs,Backend Developer,Applied,,2026-09-05T13:37
APP00104,STU01395,COL003,PES University,Vertex Digital,ML Engineer,Screening,,2026-08-07T13:06
APP00105,STU01524,COL002,RV College of Engineering,BlueOrbit Labs,Frontend Developer,Screening,,2026-08-26T18:04
APP00106,STU00884,COL004,Dayananda Sagar College of Engineering,Nova Systems,ML Engineer,Applied,,2026-08-28T18:20
APP00107,STU00806,COL006,CMR Institute of Technology,Vertex Digital,Data Analyst,Interview,,2026-07-14T09:22
APP00108,STU02073,COL003,PES University,PrimeStack,Software Engineer,Applied,,2026-08-09T09:33
APP00109,STU00920,COL004,Dayananda Sagar College of Engineering,CloudMinds,Software Engineer,Interview,,2026-08-28T17:59
APP00110,STU00976,COL005,New Horizon College of Engineering,PrimeStack,Frontend Developer,Offer,10.4,2026-08-10T20:51
APP00111,STU00349,COL002,RV College of Engineering,TechForge,Frontend Developer,Rejected,,2026-07-18T13:23
APP00112,STU01666,COL001,BMS Institute of Technology,BrightWorks,Data Analyst,Screening,,2026-08-27T10:16
APP00113,STU01062,COL001,BMS Institute of Technology,QuantEdge,Frontend Developer,Applied,,2026-07-22T17:38
APP00114,STU01307,COL004,Dayananda Sagar College of Engineering,CloudMinds,Software Engineer,Interview,,2026-09-05T16:02
APP00115,STU00165,COL001,BMS Institute of Technology,NextGen Labs,Data Analyst,Applied,,2026-08-27T19:17
APP00116,STU01807,COL003,PES University,TechForge,Software Engineer,Offer,11.1,2026-08-29T13:44
APP00117,STU00227,COL006,CMR Institute of Technology,TechForge,Business Analyst,Offer,11.5,2026-07-27T16:39
APP00118,STU02278,COL004,Dayananda Sagar College of Engineering,CloudMinds,Business Analyst,Screening,,2026-08-18T16:15
APP00119,STU01607,COL005,New Horizon College of Engineering,QuantEdge,Data Analyst,Placed,5.9,2026-08-29T14:10
APP00120,STU02185,COL002,RV College of Engineering,TechForge,Data Analyst,Applied,,2026-07-17T16:14
APP00121,STU01509,COL003,PES University,InfiCore,Data Analyst,Offer,13.4,2026-10-05T15:10
APP00122,STU01200,COL005,New Horizon College of Engineering,QuantEdge,Backend Developer,Interview,,2026-09-01T17:23
APP00123,STU01123,COL004,Dayananda Sagar College of Engineering,BrightWorks,Backend Developer,Applied,,2026-08-09T12:50
APP00124,STU00758,COL003,PES University,TechForge,Software Engineer,Screening,,2026-09-04T15:43
APP00125,STU00567,COL004,Dayananda Sagar College of Engineering,TechForge,Software Engineer,Interview,,2026-07-03T19:24
APP00126,STU02261,COL006,CMR Institute of Technology,CodeCraft,ML Engineer,Applied,,2026-07-27T20:17
APP00127,STU02078,COL001,BMS Institute of Technology,TechForge,Frontend Developer,Rejected,,2026-09-27T13:33
APP00128,STU00809,COL004,Dayananda Sagar College of Engineering,TechForge,ML Engineer,Interview,,2026-08-25T11:12
APP00129,STU01970,COL005,New Horizon College of Engineering,Orion Analytics,ML Engineer,Screening,,2026-08-20T18:47
APP00130,STU02126,COL002,RV College of Engineering,Aster Mobility,Software Engineer,Rejected,,2026-08-26T17:34
APP00131,STU00876,COL006,CMR Institute of Technology,Vertex Digital,Business Analyst,Rejected,,2026-07-16T12:46
APP00132,STU01244,COL003,PES University,Orion Analytics,Frontend Developer,Screening,,2026-09-16T14:38
APP00133,STU01439,COL004,Dayananda Sagar College of Engineering,Aster Mobility,ML Engineer,Placed,11.3,2026-09-12T09:53
APP00134,STU00307,COL006,CMR Institute of Technology,Nova Systems,Frontend Developer,Screening,,2026-08-14T13:12
APP00135,STU01134,COL006,CMR Institute of Technology,TechForge,Data Analyst,Screening,,2026-08-30T13:02
APP00136,STU00628,COL002,RV College of Engineering,Orion Analytics,Business Analyst,Applied,,2026-07-21T12:44
APP00137,STU00526,COL002,RV College of Engineering,BlueOrbit Labs,Backend Developer,Placed,4.9,2026-09-22T13:29
APP00138,STU02383,COL003,PES University,Aster Mobility,Frontend Developer,Rejected,,2026-09-18T14:32
APP00139,STU02110,COL002,RV College of Engineering,BlueOrbit Labs,Business Analyst,Screening,,2026-07-22T17:41
APP00140,STU00316,COL003,PES University,FinEdge Solutions,Business Analyst,Offer,6.9,2026-09-18T19:35
APP00141,STU01412,COL001,BMS Institute of Technology,PrimeStack,Data Analyst,Screening,,2026-08-15T10:48
APP00142,STU00002,COL003,PES University,BlueOrbit Labs,ML Engineer,Interview,,2026-08-20T15:26
APP00143,STU02112,COL003,PES University,TechForge,Data Analyst,Screening,,2026-09-08T16:02
APP00144,STU00245,COL005,New Horizon College of Engineering,QuantEdge,Data Analyst,Placed,8.2,2026-07-18T12:29
APP00145,STU01190,COL004,Dayananda Sagar College of Engineering,InfiCore,Backend Developer,Interview,,2026-08-08T21:00
APP00146,STU00233,COL006,CMR Institute of Technology,FinEdge Solutions,Software Engineer,Screening,,2026-07-26T18:54
APP00147,STU01518,COL002,RV College of Engineering,NextGen Labs,Software Engineer,Placed,11.6,2026-07-06T13:32
APP00148,STU00754,COL005,New Horizon College of Engineering,QuantEdge,Data Analyst,Applied,,2026-07-19T17:37
APP00149,STU00924,COL001,BMS Institute of Technology,FinEdge Solutions,ML Engineer,Rejected,,2026-07-31T17:40
APP00150,STU00345,COL005,New Horizon College of Engineering,Vertex Digital,Software Engineer,Screening,,2026-07-15T18:14
APP00151,STU01540,COL006,CMR Institute of Technology,CloudMinds,Data Analyst,Applied,,2026-09-10T20:17
APP00152,STU01770,COL005,New Horizon College of Engineering,DataNest,Backend Developer,Screening,,2026-08-14T13:53
APP00153,STU01238,COL006,CMR Institute of Technology,Vertex Digital,ML Engineer,Screening,,2026-07-30T12:21
APP00154,STU01945,COL002,RV College of Engineering,PrimeStack,Data Analyst,Screening,,2026-08-05T15:06
APP00155,STU02313,COL005,New Horizon College of Engineering,QuantEdge,Software Engineer,Interview,,2026-09-25T13:47
APP00156,STU00252,COL005,New Horizon College of Engineering,CodeCraft,Software Engineer,Placed,9.9,2026-09-10T14:21
APP00157,STU00768,COL006,CMR Institute of Technology,BrightWorks,Software Engineer,Applied,,2026-07-16T17:55
APP00158,STU01986,COL003,PES University,Orion Analytics,Business Analyst,Applied,,2026-08-20T09:47
APP00159,STU00404,COL004,Dayananda Sagar College of Engineering,CodeCraft,Data Analyst,Applied,,2026-09-16T12:20
APP00160,STU01741,COL004,Dayananda Sagar College of Engineering,Nova Systems,Data Analyst,Applied,,2026-09-09T11:23
APP00161,STU00125,COL006,CMR Institute of Technology,CodeCraft,ML Engineer,Applied,,2026-09-30T09:34
APP00162,STU01954,COL003,PES University,CodeCraft,Frontend Developer,Interview,,2026-09-30T14:05
APP00163,STU00667,COL001,BMS Institute of Technology,NextGen Labs,Business Analyst,Applied,,2026-07-28T12:48
APP00164,STU01160,COL005,New Horizon College of Engineering,Aster Mobility,ML Engineer,Interview,,2026-09-08T11:03
APP00165,STU00301,COL004,Dayananda Sagar College of Engineering,NextGen Labs,ML Engineer,Interview,,2026-07-18T10:39
APP00166,STU02275,COL004,Dayananda Sagar College of Engineering,BrightWorks,Backend Developer,Offer,9.3,2026-08-31T11:37
APP00167,STU01220,COL002,RV College of Engineering,Aster Mobility,Software Engineer,Screening,,2026-08-09T16:53
APP00168,STU01746,COL001,BMS Institute of Technology,QuantEdge,Data Analyst,Applied,,2026-07-18T20:12
APP00169,STU01763,COL005,New Horizon College of Engineering,QuantEdge,Backend Developer,Screening,,2026-09-05T17:43
APP00170,STU01657,COL001,BMS Institute of Technology,Orion Analytics,Data Analyst,Applied,,2026-07-10T20:10
APP00171,STU01507,COL001,BMS Institute of Technology,Nova Systems,Frontend Developer,Interview,,2026-08-09T14:56
APP00172,STU00494,COL002,RV College of Engineering,Orion Analytics,Data Analyst,Applied,,2026-07-21T19:39
APP00173,STU01390,COL005,New Horizon College of Engineering,BlueOrbit Labs,Software Engineer,Placed,10.8,2026-09-11T16:31
APP00174,STU00312,COL004,Dayananda Sagar College of Engineering,Vertex Digital,Business Analyst,Screening,,2026-07-16T19:42
APP00175,STU02048,COL005,New Horizon College of Engineering,CloudMinds,Software Engineer,Rejected,,2026-09-05T09:51
APP00176,STU02074,COL002,RV College of Engineering,QuantEdge,Software Engineer,Applied,,2026-08-18T20:48
APP00177,STU00227,COL006,CMR Institute of Technology,BlueOrbit Labs,Backend Developer,Interview,,2026-08-25T16:39
APP00178,STU02285,COL006,CMR Institute of Technology,Nova Systems,Business Analyst,Screening,,2026-07-17T19:30
APP00179,STU00480,COL006,CMR Institute of Technology,InfiCore,Data Analyst,Applied,,2026-09-11T12:31
APP00180,STU00777,COL004,Dayananda Sagar College of Engineering,BlueOrbit Labs,ML Engineer,Screening,,2026-08-14T20:17
APP00181,STU01923,COL001,BMS Institute of Technology,Vertex Digital,ML Engineer,Interview,,2026-08-04T10:16
APP00182,STU01993,COL006,CMR Institute of Technology,InfiCore,Software Engineer,Screening,,2026-08-10T13:33
APP00183,STU02355,COL006,CMR Institute of Technology,CloudMinds,Data Analyst,Interview,,2026-09-30T20:11
APP00184,STU01981,COL002,RV College of Engineering,FinEdge Solutions,Backend Developer,Rejected,,2026-08-22T18:17
APP00185,STU01126,COL002,RV College of Engineering,Vertex Digital,Backend Developer,Applied,,2026-09-15T09:49
APP00186,STU00624,COL006,CMR Institute of Technology,BlueOrbit Labs,Data Analyst,Interview,,2026-09-11T13:07
APP00187,STU01478,COL001,BMS Institute of Technology,Aster Mobility,Data Analyst,Rejected,,2026-08-24T13:36
APP00188,STU01957,COL004,Dayananda Sagar College of Engineering,QuantEdge,Frontend Developer,Rejected,,2026-08-07T11:17
APP00189,STU01969,COL001,BMS Institute of Technology,BlueOrbit Labs,Frontend Developer,Offer,11.3,2026-10-03T15:01
APP00190,STU01202,COL003,PES University,InfiCore,Backend Developer,Placed,8.5,2026-09-22T14:40
APP00191,STU00241,COL004,Dayananda Sagar College of Engineering,BlueOrbit Labs,Frontend Developer,Screening,,2026-08-26T15:20
APP00192,STU01254,COL004,Dayananda Sagar College of Engineering,BrightWorks,Frontend Developer,Offer,9.8,2026-08-19T10:10
APP00193,STU01951,COL003,PES University,TechForge,Business Analyst,Interview,,2026-08-25T15:10
APP00194,STU01342,COL005,New Horizon College of Engineering,Aster Mobility,Frontend Developer,Rejected,,2026-07-17T18:06
APP00195,STU00442,COL005,New Horizon College of Engineering,TechForge,Frontend Developer,Offer,11.0,2026-08-18T17:07
APP00196,STU01265,COL005,New Horizon College of Engineering,CodeCraft,ML Engineer,Applied,,2026-07-29T17:17
APP00197,STU00233,COL006,CMR Institute of Technology,InfiCore,Business Analyst,Rejected,,2026-08-06T18:54
APP00198,STU01533,COL006,CMR Institute of Technology,Orion Analytics,Software Engineer,Rejected,,2026-07-11T12:21
APP00199,STU00331,COL003,PES University,InfiCore,Business Analyst,Screening,,2026-08-01T16:34
APP00200,STU02033,COL003,PES University,NextGen Labs,ML Engineer,Screening,,2026-09-27T17:27
APP00201,STU01365,COL006,CMR Institute of Technology,NextGen Labs,Data Analyst,Rejected,,2026-07-11T15:21
APP00202,STU02305,COL002,RV College of Engineering,CloudMinds,ML Engineer,Applied,,2026-08-17T18:34
APP00203,STU01898,COL005,New Horizon College of Engineering,CodeCraft,ML Engineer,Rejected,,2026-08-27T10:43
APP00204,STU01904,COL004,Dayananda Sagar College of Engineering,InfiCore,ML Engineer,Applied,,2026-08-09T09:26
APP00205,STU00401,COL005,New Horizon College of Engineering,Orion Analytics,Backend Developer,Offer,5.8,2026-08-14T15:23
APP00206,STU01651,COL005,New Horizon College of Engineering,TechForge,Frontend Developer,Interview,,2026-07-18T10:23
APP00207,STU02389,COL003,PES University,BrightWorks,Data Analyst,Offer,4.7,2026-08-03T12:52
APP00208,STU00663,COL005,New Horizon College of Engineering,TechForge,Backend Developer,Offer,5.0,2026-09-03T19:14
APP00209,STU01548,COL003,PES University,PrimeStack,Backend Developer,Screening,,2026-08-15T16:24
APP00210,STU01833,COL006,CMR Institute of Technology,InfiCore,Frontend Developer,Rejected,,2026-07-07T19:21
APP00211,STU00749,COL004,Dayananda Sagar College of Engineering,Orion Analytics,Backend Developer,Screening,,2026-08-17T10:41
APP00212,STU01167,COL003,PES University,PrimeStack,Software Engineer,Applied,,2026-09-25T19:16
APP00213,STU01736,COL004,Dayananda Sagar College of Engineering,CloudMinds,Software Engineer,Applied,,2026-09-12T14:13
APP00214,STU00802,COL001,BMS Institute of Technology,CloudMinds,Software Engineer,Applied,,2026-09-22T16:09
APP00215,STU00667,COL001,BMS Institute of Technology,BrightWorks,Data Analyst,Rejected,,2026-08-15T12:48
APP00216,STU01033,COL006,CMR Institute of Technology,NextGen Labs,Backend Developer,Applied,,2026-08-09T10:30
APP00217,STU01120,COL001,BMS Institute of Technology,Orion Analytics,ML Engineer,Screening,,2026-07-22T18:10
APP00218,STU02086,COL006,CMR Institute of Technology,NextGen Labs,Data Analyst,Interview,,2026-08-03T16:53
APP00219,STU00463,COL004,Dayananda Sagar College of Engineering,Orion Analytics,Backend Developer,Screening,,2026-08-22T10:29
APP00220,STU02199,COL004,Dayananda Sagar College of Engineering,PrimeStack,Software Engineer,Interview,,2026-08-27T19:19
APP00221,STU00944,COL006,CMR Institute of Technology,FinEdge Solutions,Business Analyst,Screening,,2026-08-21T11:38
APP00222,STU00258,COL001,BMS Institute of Technology,InfiCore,Business Analyst,Placed,9.7,2026-08-23T16:37
APP00223,STU00806,COL006,CMR Institute of Technology,BrightWorks,Software Engineer,Rejected,,2026-07-18T09:22
APP00224,STU00836,COL004,Dayananda Sagar College of Engineering,Vertex Digital,Frontend Developer,Interview,,2026-07-24T10:24
APP00225,STU02383,COL003,PES University,Orion Analytics,Data Analyst,Rejected,,2026-09-10T14:32
APP00226,STU01820,COL004,Dayananda Sagar College of Engineering,NextGen Labs,Software Engineer,Applied,,2026-07-30T17:21
APP00227,STU01599,COL002,RV College of Engineering,NextGen Labs,Frontend Developer,Interview,,2026-07-15T19:31
APP00228,STU00537,COL003,PES University,BrightWorks,Backend Developer,Placed,14.6,2026-08-20T10:28
APP00229,STU01736,COL004,Dayananda Sagar College of Engineering,Aster Mobility,Frontend Developer,Rejected,,2026-08-27T14:13
APP00230,STU00041,COL001,BMS Institute of Technology,CodeCraft,Backend Developer,Applied,,2026-07-13T18:41
APP00231,STU00260,COL001,BMS Institute of Technology,InfiCore,Data Analyst,Applied,,2026-08-28T14:03
APP00232,STU00233,COL006,CMR Institute of Technology,Nova Systems,Backend Developer,Applied,,2026-08-14T18:54
APP00233,STU00197,COL001,BMS Institute of Technology,PrimeStack,Backend Developer,Applied,,2026-08-24T09:31
APP00234,STU00649,COL005,New Horizon College of Engineering,CloudMinds,ML Engineer,Screening,,2026-08-28T19:02
APP00235,STU00564,COL002,RV College of Engineering,Aster Mobility,ML Engineer,Offer,6.5,2026-07-20T17:00
APP00236,STU00677,COL004,Dayananda Sagar College of Engineering,BlueOrbit Labs,Software Engineer,Screening,,2026-07-24T09:10
APP00237,STU01274,COL004,Dayananda Sagar College of Engineering,NextGen Labs,Frontend Developer,Applied,,2026-08-18T20:43
APP00238,STU01980,COL002,RV College of Engineering,BrightWorks,Frontend Developer,Screening,,2026-08-22T18:01
APP00239,STU00096,COL003,PES University,CodeCraft,Business Analyst,Applied,,2026-08-29T20:44
APP00240,STU00554,COL006,CMR Institute of Technology,NextGen Labs,Data Analyst,Screening,,2026-08-17T13:38
APP00241,STU00423,COL004,Dayananda Sagar College of Engineering,Vertex Digital,Frontend Developer,Screening,,2026-09-13T18:15
APP00242,STU01265,COL005,New Horizon College of Engineering,Nova Systems,Backend Developer,Rejected,,2026-07-29T17:17
APP00243,STU01726,COL003,PES University,DataNest,Business Analyst,Interview,,2026-08-07T11:46
APP00244,STU02035,COL004,Dayananda Sagar College of Engineering,QuantEdge,Frontend Developer,Screening,,2026-08-24T12:09
APP00245,STU00814,COL001,BMS Institute of Technology,NextGen Labs,ML Engineer,Applied,,2026-08-23T09:11
APP00246,STU02393,COL002,RV College of Engineering,BrightWorks,ML Engineer,Rejected,,2026-08-22T20:36
APP00247,STU00006,COL005,New Horizon College of Engineering,Vertex Digital,Software Engineer,Screening,,2026-08-06T12:37
APP00248,STU01145,COL001,BMS Institute of Technology,InfiCore,Backend Developer,Interview,,2026-08-04T13:05
APP00249,STU00812,COL002,RV College of Engineering,BrightWorks,Frontend Developer,Interview,,2026-08-19T13:59
APP00250,STU01093,COL001,BMS Institute of Technology,CodeCraft,Data Analyst,Rejected,,2026-09-05T11:22
APP00251,STU01161,COL004,Dayananda Sagar College of Engineering,Aster Mobility,ML Engineer,Applied,,2026-09-15T10:51
APP00252,STU00123,COL004,Dayananda Sagar College of Engineering,CloudMinds,Software Engineer,Applied,,2026-08-04T13:09
APP00253,STU00901,COL005,New Horizon College of Engineering,InfiCore,Software Engineer,Rejected,,2026-08-02T14:09
APP00254,STU00233,COL006,CMR Institute of Technology,QuantEdge,ML Engineer,Screening,,2026-09-02T18:54
APP00255,STU00851,COL004,Dayananda Sagar College of Engineering,CodeCraft,Data Analyst,Offer,8.3,2026-07-17T20:43
APP00256,STU02394,COL005,New Horizon College of Engineering,Vertex Digital,ML Engineer,Rejected,,2026-10-05T09:45
APP00257,STU00493,COL002,RV College of Engineering,Aster Mobility,Business Analyst,Applied,,2026-08-30T17:05
APP00258,STU00058,COL002,RV College of Engineering,Orion Analytics,Data Analyst,Interview,,2026-09-09T12:11
APP00259,STU01515,COL006,CMR Institute of Technology,QuantEdge,Software Engineer,Placed,10.9,2026-09-05T19:11
APP00260,STU01965,COL001,BMS Institute of Technology,BlueOrbit Labs,Backend Developer,Interview,,2026-08-28T11:55
APP00261,STU01993,COL006,CMR Institute of Technology,BlueOrbit Labs,Backend Developer,Interview,,2026-08-01T13:33
APP00262,STU00691,COL001,BMS Institute of Technology,DataNest,Backend Developer,Applied,,2026-07-11T14:54
APP00263,STU01145,COL001,BMS Institute of Technology,InfiCore,Frontend Developer,Interview,,2026-08-22T13:05
APP00264,STU00340,COL006,CMR Institute of Technology,Aster Mobility,ML Engineer,Interview,,2026-08-23T10:42
APP00265,STU00513,COL004,Dayananda Sagar College of Engineering,NextGen Labs,Data Analyst,Offer,6.1,2026-09-07T15:15
APP00266,STU01963,COL004,Dayananda Sagar College of Engineering,Vertex Digital,Business Analyst,Interview,,2026-07-29T19:27
APP00267,STU00677,COL004,Dayananda Sagar College of Engineering,CloudMinds,Frontend Developer,Interview,,2026-08-01T09:10
APP00268,STU00827,COL001,BMS Institute of Technology,Aster Mobility,Business Analyst,Placed,14.3,2026-09-13T10:33
APP00269,STU01461,COL003,PES University,CodeCraft,Business Analyst,Rejected,,2026-08-13T13:55
APP00270,STU02353,COL001,BMS Institute of Technology,BlueOrbit Labs,Frontend Developer,Offer,12.8,2026-08-22T15:51
APP00271,STU00968,COL006,CMR Institute of Technology,TechForge,Software Engineer,Screening,,2026-08-19T20:18
APP00272,STU01285,COL002,RV College of Engineering,NextGen Labs,Frontend Developer,Applied,,2026-08-03T10:15
APP00273,STU00982,COL003,PES University,CloudMinds,Software Engineer,Applied,,2026-09-27T17:32
APP00274,STU02056,COL003,PES University,Nova Systems,Business Analyst,Rejected,,2026-09-12T10:16
APP00275,STU00716,COL004,Dayananda Sagar College of Engineering,TechForge,Business Analyst,Applied,,2026-07-26T18:06
APP00276,STU01695,COL001,BMS Institute of Technology,CloudMinds,Software Engineer,Rejected,,2026-07-27T18:03
APP00277,STU01684,COL006,CMR Institute of Technology,PrimeStack,Backend Developer,Interview,,2026-09-08T09:29
APP00278,STU01770,COL005,New Horizon College of Engineering,InfiCore,Data Analyst,Applied,,2026-08-26T13:53
APP00279,STU00937,COL004,Dayananda Sagar College of Engineering,QuantEdge,Business Analyst,Applied,,2026-09-16T11:07
APP00280,STU01078,COL002,RV College of Engineering,Vertex Digital,ML Engineer,Applied,,2026-09-13T14:27
APP00281,STU01943,COL005,New Horizon College of Engineering,Nova Systems,Backend Developer,Offer,11.2,2026-09-08T11:28
APP00282,STU00053,COL004,Dayananda Sagar College of Engineering,CloudMinds,Software Engineer,Interview,,2026-09-20T14:01
APP00283,STU01652,COL006,CMR Institute of Technology,PrimeStack,Backend Developer,Offer,6.7,2026-09-20T17:01
APP00284,STU00745,COL006,CMR Institute of Technology,FinEdge Solutions,Software Engineer,Interview,,2026-09-11T20:02
APP00285,STU02059,COL006,CMR Institute of Technology,PrimeStack,Frontend Developer,Interview,,2026-08-26T14:48
APP00286,STU00509,COL005,New Horizon College of Engineering,PrimeStack,Backend Developer,Applied,,2026-09-12T11:44
APP00287,STU01196,COL001,BMS Institute of Technology,Vertex Digital,ML Engineer,Rejected,,2026-08-13T13:13
APP00288,STU01088,COL005,New Horizon College of Engineering,BrightWorks,Business Analyst,Interview,,2026-08-26T12:47
APP00289,STU01522,COL004,Dayananda Sagar College of Engineering,InfiCore,Data Analyst,Rejected,,2026-08-16T15:55
APP00290,STU01992,COL002,RV College of Engineering,FinEdge Solutions,Business Analyst,Screening,,2026-08-07T11:40
APP00291,STU00668,COL006,CMR Institute of Technology,DataNest,Frontend Developer,Offer,5.3,2026-09-19T09:25
APP00292,STU01938,COL005,New Horizon College of Engineering,CloudMinds,Backend Developer,Offer,12.6,2026-09-21T17:06
APP00293,STU01158,COL003,PES University,NextGen Labs,ML Engineer,Applied,,2026-09-30T09:14
APP00294,STU00592,COL004,Dayananda Sagar College of Engineering,QuantEdge,Backend Developer,Rejected,,2026-08-18T15:21
APP00295,STU01606,COL004,Dayananda Sagar College of Engineering,NextGen Labs,Business Analyst,Offer,9.2,2026-09-12T19:15
APP00296,STU01156,COL005,New Horizon College of Engineering,BrightWorks,Frontend Developer,Rejected,,2026-08-14T20:06
APP00297,STU00419,COL001,BMS Institute of Technology,InfiCore,ML Engineer,Screening,,2026-07-30T11:04
APP00298,STU00399,COL004,Dayananda Sagar College of Engineering,QuantEdge,Backend Developer,Interview,,2026-08-21T17:36
APP00299,STU00559,COL004,Dayananda Sagar College of Engineering,FinEdge Solutions,Software Engineer,Offer,10.2,2026-08-17T10:50
APP00300,STU02355,COL006,CMR Institute of Technology,CloudMinds,Data Analyst,Screening,,2026-09-06T20:11
APP00301,STU01036,COL004,Dayananda Sagar College of Engineering,Vertex Digital,Backend Developer,Offer,9.2,2026-07-31T10:35
APP00302,STU01159,COL006,CMR Institute of Technology,QuantEdge,Business Analyst,Screening,,2026-07-15T15:05
APP00303,STU00262,COL002,RV College of Engineering,BrightWorks,Business Analyst,Applied,,2026-08-27T20:43
APP00304,STU01907,COL003,PES University,TechForge,Business Analyst,Rejected,,2026-09-09T14:30
APP00305,STU00876,COL006,CMR Institute of Technology,Nova Systems,ML Engineer,Screening,,2026-08-04T12:46
APP00306,STU00449,COL002,RV College of Engineering,BlueOrbit Labs,Software Engineer,Offer,5.0,2026-09-18T19:53
APP00307,STU00022,COL005,New Horizon College of Engineering,Nova Systems,Data Analyst,Screening,,2026-08-08T14:18
APP00308,STU01526,COL006,CMR Institute of Technology,Aster Mobility,ML Engineer,Rejected,,2026-09-04T10:23
APP00309,STU01166,COL003,PES University,Aster Mobility,Business Analyst,Rejected,,2026-08-15T11:02
APP00310,STU00261,COL004,Dayananda Sagar College of Engineering,Orion Analytics,Software Engineer,Interview,,2026-10-05T15:11
APP00311,STU00458,COL004,Dayananda Sagar College of Engineering,TechForge,Frontend Developer,Interview,,2026-08-25T17:43
APP00312,STU01835,COL005,New Horizon College of Engineering,QuantEdge,ML Engineer,Screening,,2026-09-16T11:03
APP00313,STU00168,COL003,PES University,CloudMinds,Software Engineer,Interview,,2026-09-14T19:14
APP00314,STU01635,COL006,CMR Institute of Technology,TechForge,Software Engineer,Offer,11.5,2026-08-14T10:51
APP00315,STU01522,COL004,Dayananda Sagar College of Engineering,InfiCore,Business Analyst,Interview,,2026-08-13T15:55
APP00316,STU01603,COL005,New Horizon College of Engineering,PrimeStack,Software Engineer,Interview,,2026-08-26T16:55
APP00317,STU01584,COL005,New Horizon College of Engineering,BrightWorks,Data Analyst,Applied,,2026-08-22T12:30
APP00318,STU00022,COL005,New Horizon College of Engineering,CodeCraft,ML Engineer,Interview,,2026-07-10T14:18
APP00319,STU01156,COL005,New Horizon College of Engineering,Orion Analytics,Data Analyst,Rejected,,2026-07-04T20:06
APP00320,STU00855,COL002,RV College of Engineering,InfiCore,Data Analyst,Screening,,2026-08-24T20:13
APP00321,STU00941,COL004,Dayananda Sagar College of Engineering,NextGen Labs,ML Engineer,Rejected,,2026-09-14T16:17
APP00322,STU02160,COL002,RV College of Engineering,FinEdge Solutions,Frontend Developer,Placed,15.3,2026-08-13T14:07
APP00323,STU00133,COL006,CMR Institute of Technology,BlueOrbit Labs,ML Engineer,Rejected,,2026-08-29T12:43
APP00324,STU00538,COL002,RV College of Engineering,QuantEdge,Backend Developer,Interview,,2026-08-02T12:16
APP00325,STU00307,COL006,CMR Institute of Technology,NextGen Labs,Backend Developer,Applied,,2026-08-28T13:12
APP00326,STU01564,COL003,PES University,BrightWorks,ML Engineer,Rejected,,2026-08-22T19:12
APP00327,STU01044,COL001,BMS Institute of Technology,BlueOrbit Labs,ML Engineer,Applied,,2026-07-29T14:12
APP00328,STU02083,COL006,CMR Institute of Technology,BrightWorks,Backend Developer,Applied,,2026-08-10T14:50
APP00329,STU01178,COL003,PES University,InfiCore,Software Engineer,Screening,,2026-08-25T14:23
APP00330,STU00442,COL005,New Horizon College of Engineering,Vertex Digital,Frontend Developer,Interview,,2026-08-11T17:07
APP00331,STU01588,COL004,Dayananda Sagar College of Engineering,NextGen Labs,ML Engineer,Applied,,2026-07-27T12:33
APP00332,STU02309,COL001,BMS Institute of Technology,TechForge,Software Engineer,Rejected,,2026-08-24T14:41
APP00333,STU00399,COL004,Dayananda Sagar College of Engineering,DataNest,Software Engineer,Interview,,2026-08-19T17:36
APP00334,STU00540,COL006,CMR Institute of Technology,QuantEdge,Business Analyst,Offer,5.2,2026-08-08T18:36
APP00335,STU01220,COL002,RV College of Engineering,BlueOrbit Labs,Data Analyst,Applied,,2026-08-13T16:53
APP00336,STU01951,COL003,PES University,NextGen Labs,Data Analyst,Screening,,2026-09-03T15:10
APP00337,STU01545,COL004,Dayananda Sagar College of Engineering,QuantEdge,Data Analyst,Applied,,2026-09-01T09:09
APP00338,STU00241,COL004,Dayananda Sagar College of Engineering,QuantEdge,Business Analyst,Rejected,,2026-08-15T15:20
APP00339,STU00595,COL006,CMR Institute of Technology,Nova Systems,ML Engineer,Interview,,2026-07-18T15:01
APP00340,STU01507,COL001,BMS Institute of Technology,CloudMinds,Data Analyst,Offer,5.1,2026-08-10T14:56
APP00341,STU01197,COL005,New Horizon College of Engineering,PrimeStack,Business Analyst,Screening,,2026-08-27T13:50
APP00342,STU00251,COL006,CMR Institute of Technology,Vertex Digital,ML Engineer,Interview,,2026-09-22T10:18
APP00343,STU00432,COL004,Dayananda Sagar College of Engineering,Vertex Digital,Business Analyst,Applied,,2026-08-27T15:16
APP00344,STU00655,COL005,New Horizon College of Engineering,TechForge,Backend Developer,Rejected,,2026-09-14T10:25
APP00345,STU01185,COL003,PES University,Orion Analytics,Backend Developer,Interview,,2026-09-26T16:51
APP00346,STU00363,COL006,CMR Institute of Technology,FinEdge Solutions,Backend Developer,Screening,,2026-08-29T11:48
APP00347,STU01301,COL003,PES University,NextGen Labs,Software Engineer,Applied,,2026-08-13T18:30
APP00348,STU02005,COL006,CMR Institute of Technology,InfiCore,Software Engineer,Applied,,2026-09-03T13:54
APP00349,STU00169,COL004,Dayananda Sagar College of Engineering,NextGen Labs,Frontend Developer,Offer,9.3,2026-07-07T11:40
APP00350,STU00018,COL001,BMS Institute of Technology,DataNest,Frontend Developer,Rejected,,2026-08-05T10:45
APP00351,STU00032,COL003,PES University,BrightWorks,Frontend Developer,Screening,,2026-09-05T16:00
APP00352,STU02086,COL006,CMR Institute of Technology,BlueOrbit Labs,Data Analyst,Screening,,2026-07-14T16:53
APP00353,STU00240,COL005,New Horizon College of Engineering,Aster Mobility,Backend Developer,Applied,,2026-08-18T13:43
APP00354,STU00490,COL004,Dayananda Sagar College of Engineering,QuantEdge,Frontend Developer,Screening,,2026-08-18T13:34
APP00355,STU00219,COL003,PES University,Orion Analytics,Business Analyst,Applied,,2026-07-31T14:22
APP00356,STU00076,COL003,PES University,NextGen Labs,ML Engineer,Placed,8.6,2026-09-04T14:20
APP00357,STU00025,COL002,RV College of Engineering,InfiCore,Business Analyst,Interview,,2026-09-17T18:39
APP00358,STU00674,COL003,PES University,QuantEdge,Frontend Developer,Applied,,2026-07-23T21:00
APP00359,STU01225,COL005,New Horizon College of Engineering,BrightWorks,Frontend Developer,Rejected,,2026-07-25T19:18
APP00360,STU02051,COL001,BMS Institute of Technology,Nova Systems,Data Analyst,Rejected,,2026-08-22T15:01
APP00361,STU01278,COL001,BMS Institute of Technology,InfiCore,Business Analyst,Interview,,2026-09-09T13:59
APP00362,STU02041,COL002,RV College of Engineering,Vertex Digital,ML Engineer,Screening,,2026-07-16T10:26
APP00363,STU00552,COL001,BMS Institute of Technology,CodeCraft,Frontend Developer,Interview,,2026-09-21T18:41
APP00364,STU00482,COL005,New Horizon College of Engineering,QuantEdge,Software Engineer,Applied,,2026-09-23T17:12
APP00365,STU01021,COL001,BMS Institute of Technology,NextGen Labs,Software Engineer,Applied,,2026-08-30T14:42
APP00366,STU00647,COL003,PES University,DataNest,Frontend Developer,Offer,13.2,2026-09-06T19:50
APP00367,STU02158,COL003,PES University,TechForge,ML Engineer,Applied,,2026-08-27T17:59
APP00368,STU01738,COL004,Dayananda Sagar College of Engineering,TechForge,Data Analyst,Interview,,2026-07-18T11:52
APP00369,STU02181,COL004,Dayananda Sagar College of Engineering,Orion Analytics,Software Engineer,Offer,11.8,2026-08-04T14:51
APP00370,STU00823,COL001,BMS Institute of Technology,CloudMinds,Frontend Developer,Rejected,,2026-08-27T13:37
APP00371,STU01605,COL004,Dayananda Sagar College of Engineering,InfiCore,Backend Developer,Offer,12.8,2026-08-13T12:25
APP00372,STU02218,COL003,PES University,NextGen Labs,Backend Developer,Applied,,2026-08-16T10:14
APP00373,STU01063,COL001,BMS Institute of Technology,Aster Mobility,Backend Developer,Screening,,2026-09-29T21:00
APP00374,STU01101,COL005,New Horizon College of Engineering,Aster Mobility,ML Engineer,Applied,,2026-09-07T12:21
APP00375,STU01561,COL003,PES University,CloudMinds,Backend Developer,Applied,,2026-08-25T18:30
APP00376,STU01652,COL006,CMR Institute of Technology,BlueOrbit Labs,Software Engineer,Rejected,,2026-08-17T17:01
APP00377,STU01373,COL001,BMS Institute of Technology,BlueOrbit Labs,Software Engineer,Applied,,2026-08-22T17:05
APP00378,STU02073,COL003,PES University,TechForge,Business Analyst,Screening,,2026-08-25T09:33
APP00379,STU02122,COL006,CMR Institute of Technology,InfiCore,Frontend Developer,Rejected,,2026-09-26T19:54
APP00380,STU00805,COL006,CMR Institute of Technology,CodeCraft,Data Analyst,Applied,,2026-07-28T10:50
APP00381,STU00977,COL001,BMS Institute of Technology,BrightWorks,Data Analyst,Rejected,,2026-08-14T16:47
APP00382,STU00043,COL001,BMS Institute of Technology,Vertex Digital,ML Engineer,Applied,,2026-09-24T18:38
APP00383,STU00134,COL005,New Horizon College of Engineering,FinEdge Solutions,Data Analyst,Placed,11.3,2026-07-28T18:30
APP00384,STU00909,COL003,PES University,FinEdge Solutions,ML Engineer,Interview,,2026-09-19T15:08
APP00385,STU02371,COL001,BMS Institute of Technology,Aster Mobility,Backend Developer,Placed,11.1,2026-08-14T17:49
APP00386,STU01140,COL003,PES University,InfiCore,Frontend Developer,Offer,9.8,2026-08-01T18:03
APP00387,STU01973,COL001,BMS Institute of Technology,CloudMinds,Software Engineer,Interview,,2026-08-16T20:09
APP00388,STU02357,COL006,CMR Institute of Technology,Aster Mobility,Business Analyst,Offer,8.2,2026-09-10T19:13
APP00389,STU01450,COL005,New Horizon College of Engineering,PrimeStack,Business Analyst,Offer,6.9,2026-08-19T11:20
APP00390,STU00619,COL004,Dayananda Sagar College of Engineering,CodeCraft,Software Engineer,Offer,4.8,2026-09-02T10:55
APP00391,STU00956,COL006,CMR Institute of Technology,BlueOrbit Labs,ML Engineer,Offer,10.7,2026-08-14T17:38
APP00392,STU01304,COL002,RV College of Engineering,Vertex Digital,ML Engineer,Applied,,2026-08-23T19:28
APP00393,STU00567,COL004,Dayananda Sagar College of Engineering,TechForge,ML Engineer,Rejected,,2026-07-04T19:24
APP00394,STU01348,COL002,RV College of Engineering,Aster Mobility,Frontend Developer,Screening,,2026-08-04T10:27
APP00395,STU02245,COL004,Dayananda Sagar College of Engineering,PrimeStack,ML Engineer,Interview,,2026-08-06T10:55
APP00396,STU02172,COL004,Dayananda Sagar College of Engineering,FinEdge Solutions,Frontend Developer,Interview,,2026-08-13T10:39
APP00397,STU00657,COL001,BMS Institute of Technology,CodeCraft,Backend Developer,Interview,,2026-09-01T12:10
APP00398,STU00709,COL004,Dayananda Sagar College of Engineering,InfiCore,Software Engineer,Interview,,2026-09-30T16:19
APP00399,STU01598,COL003,PES University,FinEdge Solutions,ML Engineer,Screening,,2026-09-12T11:16
APP00400,STU02159,COL001,BMS Institute of Technology,InfiCore,Software Engineer,Interview,,2026-07-31T13:43
APP00401,STU01024,COL003,PES University,QuantEdge,Backend Developer,Interview,,2026-08-04T18:24
APP00402,STU01078,COL002,RV College of Engineering,Aster Mobility,Business Analyst,Screening,,2026-08-14T14:27
APP00403,STU00608,COL004,Dayananda Sagar College of Engineering,FinEdge Solutions,ML Engineer,Screening,,2026-08-06T17:28
APP00404,STU00967,COL005,New Horizon College of Engineering,Aster Mobility,Software Engineer,Placed,9.0,2026-07-16T19:18
APP00405,STU01507,COL001,BMS Institute of Technology,DataNest,Software Engineer,Applied,,2026-08-17T14:56
APP00406,STU01071,COL001,BMS Institute of Technology,NextGen Labs,Business Analyst,Offer,13.9,2026-09-07T15:13
APP00407,STU00939,COL003,PES University,Orion Analytics,Frontend Developer,Applied,,2026-07-31T14:25
APP00408,STU02291,COL001,BMS Institute of Technology,QuantEdge,Software Engineer,Applied,,2026-10-05T18:20
APP00409,STU01369,COL003,PES University,CloudMinds,Software Engineer,Applied,,2026-09-02T10:09
APP00410,STU00287,COL005,New Horizon College of Engineering,NextGen Labs,ML Engineer,Screening,,2026-07-29T16:24
APP00411,STU00341,COL003,PES University,BrightWorks,Business Analyst,Applied,,2026-09-06T18:54
APP00412,STU00348,COL004,Dayananda Sagar College of Engineering,PrimeStack,Software Engineer,Placed,14.5,2026-08-11T19:58
APP00413,STU00995,COL005,New Horizon College of Engineering,FinEdge Solutions,Data Analyst,Interview,,2026-08-23T12:32
APP00414,STU00579,COL005,New Horizon College of Engineering,Orion Analytics,Data Analyst,Offer,13.7,2026-09-03T09:28
APP00415,STU01189,COL003,PES University,TechForge,Frontend Developer,Interview,,2026-08-26T10:18
APP00416,STU00597,COL004,Dayananda Sagar College of Engineering,DataNest,Software Engineer,Applied,,2026-08-29T16:59
APP00417,STU00807,COL005,New Horizon College of Engineering,NextGen Labs,Frontend Developer,Applied,,2026-08-19T10:51
APP00418,STU01318,COL006,CMR Institute of Technology,NextGen Labs,Data Analyst,Offer,12.9,2026-09-25T16:09
APP00419,STU01058,COL003,PES University,Orion Analytics,Business Analyst,Applied,,2026-09-24T16:03
APP00420,STU01230,COL003,PES University,CodeCraft,Data Analyst,Rejected,,2026-09-08T16:07
APP00421,STU00019,COL003,PES University,FinEdge Solutions,Business Analyst,Interview,,2026-08-21T20:32
APP00422,STU00779,COL001,BMS Institute of Technology,NextGen Labs,Software Engineer,Interview,,2026-08-18T18:32
APP00423,STU02241,COL006,CMR Institute of Technology,Vertex Digital,ML Engineer,Screening,,2026-10-02T10:05
APP00424,STU01293,COL002,RV College of Engineering,BrightWorks,Software Engineer,Placed,8.8,2026-09-15T19:13
APP00425,STU02287,COL001,BMS Institute of Technology,CodeCraft,ML Engineer,Offer,7.9,2026-08-09T10:10
APP00426,STU00627,COL001,BMS Institute of Technology,CloudMinds,Frontend Developer,Offer,5.7,2026-08-24T16:18
APP00427,STU01557,COL006,CMR Institute of Technology,QuantEdge,Backend Developer,Rejected,,2026-08-14T13:35
APP00428,STU01475,COL003,PES University,Nova Systems,Data Analyst,Offer,11.1,2026-07-30T19:20
APP00429,STU00812,COL002,RV College of Engineering,Orion Analytics,ML Engineer,Placed,12.8,2026-09-23T13:59
APP00430,STU00261,COL004,Dayananda Sagar College of Engineering,CloudMinds,Data Analyst,Offer,9.6,2026-08-30T15:11
APP00431,STU01872,COL002,RV College of Engineering,NextGen Labs,Business Analyst,Screening,,2026-08-11T17:09
APP00432,STU01727,COL006,CMR Institute of Technology,Aster Mobility,Frontend Developer,Rejected,,2026-08-26T14:47
APP00433,STU01741,COL004,Dayananda Sagar College of Engineering,BlueOrbit Labs,Backend Developer,Applied,,2026-09-29T11:23
APP00434,STU01061,COL001,BMS Institute of Technology,BlueOrbit Labs,Data Analyst,Offer,7.4,2026-08-23T12:36
APP00435,STU02062,COL004,Dayananda Sagar College of Engineering,TechForge,Frontend Developer,Applied,,2026-07-24T20:43
APP00436,STU01394,COL005,New Horizon College of Engineering,Orion Analytics,ML Engineer,Screening,,2026-08-25T17:34
APP00437,STU01187,COL002,RV College of Engineering,QuantEdge,Software Engineer,Interview,,2026-08-14T19:59
APP00438,STU00934,COL005,New Horizon College of Engineering,NextGen Labs,Data Analyst,Screening,,2026-07-31T09:16
APP00439,STU00564,COL002,RV College of Engineering,CloudMinds,Backend Developer,Applied,,2026-08-05T17:00
APP00440,STU02166,COL006,CMR Institute of Technology,TechForge,Software Engineer,Screening,,2026-08-31T15:52
APP00441,STU00475,COL001,BMS Institute of Technology,NextGen Labs,Software Engineer,Applied,,2026-08-12T12:00
APP00442,STU01645,COL005,New Horizon College of Engineering,BrightWorks,Backend Developer,Rejected,,2026-07-31T16:50
APP00443,STU01569,COL002,RV College of Engineering,BlueOrbit Labs,Business Analyst,Screening,,2026-07-22T14:41
APP00444,STU00096,COL003,PES University,PrimeStack,Backend Developer,Screening,,2026-08-26T20:44
APP00445,STU00538,COL002,RV College of Engineering,BrightWorks,Data Analyst,Offer,10.5,2026-07-10T12:16
APP00446,STU02026,COL003,PES University,Aster Mobility,Data Analyst,Applied,,2026-07-24T11:04
APP00447,STU02361,COL004,Dayananda Sagar College of Engineering,Nova Systems,Business Analyst,Applied,,2026-08-23T18:25
APP00448,STU00082,COL004,Dayananda Sagar College of Engineering,NextGen Labs,Software Engineer,Applied,,2026-08-27T19:26
APP00449,STU02219,COL003,PES University,QuantEdge,Business Analyst,Rejected,,2026-08-21T15:31
APP00450,STU00475,COL001,BMS Institute of Technology,NextGen Labs,Data Analyst,Applied,,2026-07-19T12:00
APP00451,STU01159,COL006,CMR Institute of Technology,Vertex Digital,Backend Developer,Applied,,2026-07-28T15:05
APP00452,STU02203,COL004,Dayananda Sagar College of Engineering,QuantEdge,ML Engineer,Screening,,2026-09-09T12:21
APP00453,STU00769,COL003,PES University,Nova Systems,Backend Developer,Screening,,2026-09-01T17:01
APP00454,STU01980,COL002,RV College of Engineering,BlueOrbit Labs,Software Engineer,Offer,10.4,2026-08-04T18:01
APP00455,STU01174,COL001,BMS Institute of Technology,FinEdge Solutions,Data Analyst,Applied,,2026-08-10T20:39
APP00456,STU01077,COL003,PES University,Nova Systems,ML Engineer,Screening,,2026-07-31T10:26
APP00457,STU01856,COL002,RV College of Engineering,Aster Mobility,Business Analyst,Applied,,2026-08-28T17:38
APP00458,STU00057,COL004,Dayananda Sagar College of Engineering,BlueOrbit Labs,Software Engineer,Applied,,2026-09-15T13:29
APP00459,STU02198,COL006,CMR Institute of Technology,TechForge,Business Analyst,Interview,,2026-08-16T12:41
APP00460,STU02383,COL003,PES University,Nova Systems,Frontend Developer,Placed,10.2,2026-09-24T14:32
APP00461,STU00824,COL002,RV College of Engineering,TechForge,Data Analyst,Interview,,2026-09-02T12:01
APP00462,STU01098,COL005,New Horizon College of Engineering,Orion Analytics,Software Engineer,Interview,,2026-08-08T09:25
APP00463,STU01189,COL003,PES University,TechForge,Backend Developer,Rejected,,2026-08-06T10:18
APP00464,STU00900,COL003,PES University,FinEdge Solutions,Software Engineer,Interview,,2026-08-28T20:49
APP00465,STU01340,COL006,CMR Institute of Technology,DataNest,Data Analyst,Applied,,2026-08-09T20:04
APP00466,STU00875,COL006,CMR Institute of Technology,CloudMinds,Frontend Developer,Applied,,2026-09-08T20:04
APP00467,STU01156,COL005,New Horizon College of Engineering,Orion Analytics,Software Engineer,Interview,,2026-08-16T20:06
APP00468,STU00949,COL005,New Horizon College of Engineering,BrightWorks,Business Analyst,Interview,,2026-08-31T15:00
APP00469,STU00857,COL002,RV College of Engineering,CodeCraft,Software Engineer,Screening,,2026-08-23T14:58
APP00470,STU01838,COL006,CMR Institute of Technology,Nova Systems,Software Engineer,Screening,,2026-08-21T12:03
APP00471,STU02200,COL001,BMS Institute of Technology,QuantEdge,Business Analyst,Interview,,2026-09-25T11:03
APP00472,STU00119,COL004,Dayananda Sagar College of Engineering,BrightWorks,Business Analyst,Applied,,2026-07-14T15:19
APP00473,STU02020,COL003,PES University,Aster Mobility,Data Analyst,Screening,,2026-08-16T09:44
APP00474,STU02200,COL001,BMS Institute of Technology,Vertex Digital,Software Engineer,Applied,,2026-08-31T11:03
APP00475,STU01358,COL005,New Horizon College of Engineering,DataNest,Business Analyst,Interview,,2026-09-04T17:07
APP00476,STU02040,COL002,RV College of Engineering,BrightWorks,Business Analyst,Offer,5.6,2026-08-16T18:32
APP00477,STU01129,COL002,RV College of Engineering,Vertex Digital,Backend Developer,Offer,5.5,2026-07-19T13:29
APP00478,STU01246,COL004,Dayananda Sagar College of Engineering,CodeCraft,ML Engineer,Screening,,2026-07-02T11:59
APP00479,STU01248,COL006,CMR Institute of Technology,Aster Mobility,ML Engineer,Screening,,2026-08-23T17:57
APP00480,STU01557,COL006,CMR Institute of Technology,PrimeStack,Backend Developer,Applied,,2026-07-26T13:35
APP00481,STU01256,COL002,RV College of Engineering,FinEdge Solutions,Frontend Developer,Applied,,2026-08-24T19:35
APP00482,STU01126,COL002,RV College of Engineering,Vertex Digital,Frontend Developer,Interview,,2026-08-15T09:49
APP00483,STU01667,COL006,CMR Institute of Technology,QuantEdge,Software Engineer,Interview,,2026-07-18T15:59
APP00484,STU00549,COL003,PES University,Vertex Digital,Backend Developer,Rejected,,2026-07-30T14:19
APP00485,STU01187,COL002,RV College of Engineering,InfiCore,Data Analyst,Rejected,,2026-08-08T19:59
APP00486,STU00358,COL005,New Horizon College of Engineering,PrimeStack,Frontend Developer,Interview,,2026-08-25T14:34
APP00487,STU00343,COL004,Dayananda Sagar College of Engineering,BlueOrbit Labs,Software Engineer,Interview,,2026-09-16T17:43
APP00488,STU01355,COL005,New Horizon College of Engineering,FinEdge Solutions,Backend Developer,Offer,4.8,2026-07-31T11:27
APP00489,STU00275,COL006,CMR Institute of Technology,NextGen Labs,Backend Developer,Rejected,,2026-09-20T19:33
APP00490,STU01607,COL005,New Horizon College of Engineering,BlueOrbit Labs,Backend Developer,Screening,,2026-07-24T14:10
APP00491,STU02393,COL002,RV College of Engineering,QuantEdge,Frontend Developer,Applied,,2026-09-09T20:36
APP00492,STU02166,COL006,CMR Institute of Technology,QuantEdge,Business Analyst,Applied,,2026-09-19T15:52
APP00493,STU02304,COL005,New Horizon College of Engineering,Orion Analytics,Frontend Developer,Screening,,2026-08-15T18:12
APP00494,STU01585,COL002,RV College of Engineering,BlueOrbit Labs,ML Engineer,Offer,12.2,2026-07-24T17:19
APP00495,STU02041,COL002,RV College of Engineering,CodeCraft,Frontend Developer,Interview,,2026-07-13T10:26
APP00496,STU00637,COL006,CMR Institute of Technology,QuantEdge,Software Engineer,Applied,,2026-08-19T09:26
APP00497,STU00389,COL006,CMR Institute of Technology,BlueOrbit Labs,Business Analyst,Applied,,2026-07-26T19:40
APP00498,STU00407,COL001,BMS Institute of Technology,CodeCraft,Data Analyst,Placed,14.9,2026-07-24T11:26
APP00499,STU01540,COL006,CMR Institute of Technology,Nova Systems,Data Analyst,Rejected,,2026-09-25T20:17
APP00500,STU00729,COL003,PES University,Aster Mobility,Business Analyst,Interview,,2026-08-29T11:23
APP00501,STU01235,COL004,Dayananda Sagar College of Engineering,Orion Analytics,ML Engineer,Applied,,2026-08-07T17:10
APP00502,STU01395,COL003,PES University,TechForge,ML Engineer,Interview,,2026-08-17T13:06
APP00503,STU00324,COL002,RV College of Engineering,PrimeStack,Backend Developer,Applied,,2026-09-15T12:53
APP00504,STU00530,COL002,RV College of Engineering,BrightWorks,Business Analyst,Interview,,2026-08-15T13:09
APP00505,STU01297,COL005,New Horizon College of Engineering,Orion Analytics,Business Analyst,Applied,,2026-07-29T18:02
APP00506,STU00464,COL002,RV College of Engineering,Orion Analytics,ML Engineer,Screening,,2026-08-20T13:20
APP00507,STU02154,COL001,BMS Institute of Technology,CodeCraft,Data Analyst,Screening,,2026-07-31T09:43
APP00508,STU01469,COL004,Dayananda Sagar College of Engineering,BrightWorks,Backend Developer,Offer,12.9,2026-07-25T14:22
APP00509,STU01270,COL002,RV College of Engineering,Nova Systems,Software Engineer,Interview,,2026-08-15T13:19
APP00510,STU00814,COL001,BMS Institute of Technology,CodeCraft,Frontend Developer,Applied,,2026-09-19T09:11
APP00511,STU01226,COL005,New Horizon College of Engineering,FinEdge Solutions,Data Analyst,Screening,,2026-07-31T17:43
APP00512,STU00072,COL006,CMR Institute of Technology,DataNest,Frontend Developer,Interview,,2026-09-04T17:32
APP00513,STU02234,COL002,RV College of Engineering,CloudMinds,Backend Developer,Offer,6.6,2026-09-16T15:25
APP00514,STU01536,COL005,New Horizon College of Engineering,QuantEdge,Backend Developer,Offer,4.4,2026-07-16T10:11
APP00515,STU00810,COL001,BMS Institute of Technology,BlueOrbit Labs,Backend Developer,Screening,,2026-07-28T12:37
APP00516,STU02205,COL003,PES University,CodeCraft,Business Analyst,Offer,8.8,2026-08-18T09:04
APP00517,STU02068,COL003,PES University,Vertex Digital,ML Engineer,Offer,7.4,2026-07-30T11:30
APP00518,STU01884,COL001,BMS Institute of Technology,InfiCore,Frontend Developer,Interview,,2026-08-13T09:02
APP00519,STU00490,COL004,Dayananda Sagar College of Engineering,Nova Systems,ML Engineer,Applied,,2026-08-08T13:34
APP00520,STU02103,COL003,PES University,Vertex Digital,Backend Developer,Screening,,2026-07-19T10:07
APP00521,STU00075,COL001,BMS Institute of Technology,Orion Analytics,Data Analyst,Interview,,2026-09-08T16:45
APP00522,STU00914,COL006,CMR Institute of Technology,InfiCore,Business Analyst,Offer,12.8,2026-08-18T20:39
APP00523,STU00501,COL002,RV College of Engineering,CloudMinds,Backend Developer,Offer,6.7,2026-07-18T20:35
APP00524,STU01166,COL003,PES University,PrimeStack,ML Engineer,Screening,,2026-08-09T11:02
APP00525,STU01761,COL004,Dayananda Sagar College of Engineering,NextGen Labs,Backend Developer,Interview,,2026-08-22T15:57
APP00526,STU00754,COL005,New Horizon College of Engineering,DataNest,Business Analyst,Rejected,,2026-07-18T17:37
APP00527,STU00941,COL004,Dayananda Sagar College of Engineering,CodeCraft,ML Engineer,Applied,,2026-09-08T16:17
APP00528,STU00251,COL006,CMR Institute of Technology,CloudMinds,Business Analyst,Applied,,2026-09-12T10:18
APP00529,STU01166,COL003,PES University,BlueOrbit Labs,Backend Developer,Interview,,2026-07-25T11:02
APP00530,STU02340,COL003,PES University,FinEdge Solutions,Software Engineer,Offer,9.2,2026-08-06T17:16
APP00531,STU01014,COL003,PES University,Vertex Digital,Data Analyst,Applied,,2026-08-13T10:10
APP00532,STU01362,COL005,New Horizon College of Engineering,Orion Analytics,Data Analyst,Rejected,,2026-08-31T18:35
APP00533,STU00859,COL005,New Horizon College of Engineering,Aster Mobility,Backend Developer,Rejected,,2026-08-09T20:55
APP00534,STU01576,COL002,RV College of Engineering,CodeCraft,ML Engineer,Applied,,2026-07-20T14:36
APP00535,STU00033,COL001,BMS Institute of Technology,BlueOrbit Labs,ML Engineer,Rejected,,2026-09-15T14:08
APP00536,STU00012,COL002,RV College of Engineering,Orion Analytics,ML Engineer,Placed,7.2,2026-07-07T17:36
APP00537,STU01748,COL002,RV College of Engineering,CodeCraft,ML Engineer,Offer,5.0,2026-07-26T15:09
APP00538,STU00848,COL006,CMR Institute of Technology,BrightWorks,ML Engineer,Interview,,2026-09-28T13:30
APP00539,STU01756,COL002,RV College of Engineering,Nova Systems,Software Engineer,Offer,12.8,2026-07-20T18:08
APP00540,STU00500,COL005,New Horizon College of Engineering,PrimeStack,Business Analyst,Rejected,,2026-09-10T11:14
APP00541,STU02131,COL002,RV College of Engineering,CodeCraft,Frontend Developer,Applied,,2026-09-03T16:23
APP00542,STU00998,COL002,RV College of Engineering,BrightWorks,Data Analyst,Screening,,2026-09-23T15:07
APP00543,STU00434,COL002,RV College of Engineering,Aster Mobility,Software Engineer,Placed,4.5,2026-07-16T20:34
APP00544,STU01777,COL004,Dayananda Sagar College of Engineering,CloudMinds,Backend Developer,Offer,6.9,2026-08-10T09:59
APP00545,STU01648,COL002,RV College of Engineering,Orion Analytics,Business Analyst,Screening,,2026-09-09T11:14
APP00546,STU01351,COL001,BMS Institute of Technology,CloudMinds,ML Engineer,Screening,,2026-08-15T20:23
APP00547,STU00273,COL003,PES University,Vertex Digital,ML Engineer,Screening,,2026-08-29T19:32
APP00548,STU00047,COL002,RV College of Engineering,BrightWorks,Frontend Developer,Interview,,2026-09-29T16:41
APP00549,STU02226,COL003,PES University,FinEdge Solutions,Business Analyst,Offer,6.9,2026-09-03T13:50
APP00550,STU01956,COL005,New Horizon College of Engineering,Orion Analytics,Data Analyst,Screening,,2026-09-25T11:21
APP00551,STU00013,COL006,CMR Institute of Technology,Vertex Digital,Data Analyst,Rejected,,2026-09-11T19:14
APP00552,STU01599,COL002,RV College of Engineering,NextGen Labs,Data Analyst,Applied,,2026-07-21T19:31
APP00553,STU01556,COL005,New Horizon College of Engineering,PrimeStack,ML Engineer,Rejected,,2026-09-26T18:43
APP00554,STU00427,COL003,PES University,Orion Analytics,Backend Developer,Placed,5.8,2026-09-27T19:03
APP00555,STU02153,COL002,RV College of Engineering,NextGen Labs,Backend Developer,Applied,,2026-08-27T19:12
APP00556,STU01540,COL006,CMR Institute of Technology,QuantEdge,Software Engineer,Screening,,2026-09-20T20:17
APP00557,STU00062,COL004,Dayananda Sagar College of Engineering,Nova Systems,Software Engineer,Interview,,2026-08-29T11:32
APP00558,STU01690,COL002,RV College of Engineering,CodeCraft,ML Engineer,Offer,5.2,2026-09-22T10:18
APP00559,STU00683,COL003,PES University,Nova Systems,Frontend Developer,Interview,,2026-09-17T17:43
APP00560,STU00076,COL003,PES University,FinEdge Solutions,Business Analyst,Screening,,2026-08-24T14:20
APP00561,STU01018,COL001,BMS Institute of Technology,BrightWorks,Data Analyst,Applied,,2026-08-20T10:14
APP00562,STU02272,COL003,PES University,InfiCore,Data Analyst,Placed,6.0,2026-08-21T19:07
APP00563,STU02027,COL003,PES University,Aster Mobility,Software Engineer,Interview,,2026-08-12T21:00
APP00564,STU01226,COL005,New Horizon College of Engineering,QuantEdge,Backend Developer,Interview,,2026-09-05T17:43
APP00565,STU00484,COL006,CMR Institute of Technology,Orion Analytics,Business Analyst,Rejected,,2026-08-07T11:54
APP00566,STU00990,COL003,PES University,InfiCore,Business Analyst,Applied,,2026-08-26T09:37
APP00567,STU01521,COL001,BMS Institute of Technology,FinEdge Solutions,Frontend Developer,Placed,8.7,2026-09-25T11:08
APP00568,STU00039,COL003,PES University,BlueOrbit Labs,Frontend Developer,Rejected,,2026-09-01T09:36
APP00569,STU01949,COL001,BMS Institute of Technology,Vertex Digital,Backend Developer,Interview,,2026-07-30T15:16
APP00570,STU01058,COL003,PES University,CodeCraft,ML Engineer,Screening,,2026-08-29T16:03
APP00571,STU00463,COL004,Dayananda Sagar College of Engineering,Orion Analytics,Backend Developer,Interview,,2026-08-23T10:29
APP00572,STU00312,COL004,Dayananda Sagar College of Engineering,Aster Mobility,Software Engineer,Applied,,2026-08-19T19:42
APP00573,STU02340,COL003,PES University,QuantEdge,Data Analyst,Screening,,2026-09-09T17:16
APP00574,STU01631,COL005,New Horizon College of Engineering,CodeCraft,Backend Developer,Screening,,2026-09-15T15:46
APP00575,STU01493,COL003,PES University,FinEdge Solutions,Business Analyst,Applied,,2026-09-24T18:25
APP00576,STU01563,COL001,BMS Institute of Technology,NextGen Labs,Frontend Developer,Screening,,2026-09-06T09:40
APP00577,STU01738,COL004,Dayananda Sagar College of Engineering,QuantEdge,Backend Developer,Interview,,2026-07-30T11:52
APP00578,STU00245,COL005,New Horizon College of Engineering,FinEdge Solutions,Backend Developer,Screening,,2026-07-27T12:29
APP00579,STU01686,COL006,CMR Institute of Technology,Aster Mobility,Business Analyst,Interview,,2026-07-19T13:54
APP00580,STU00178,COL004,Dayananda Sagar College of Engineering,DataNest,ML Engineer,Rejected,,2026-07-30T20:31
APP00581,STU01358,COL005,New Horizon College of Engineering,Aster Mobility,Backend Developer,Rejected,,2026-08-07T17:07
APP00582,STU00792,COL005,New Horizon College of Engineering,Vertex Digital,Data Analyst,Offer,7.0,2026-09-11T20:44
APP00583,STU02259,COL002,RV College of Engineering,CodeCraft,Frontend Developer,Interview,,2026-09-18T12:49
APP00584,STU00099,COL005,New Horizon College of Engineering,Aster Mobility,Software Engineer,Interview,,2026-08-06T10:13
APP00585,STU02122,COL006,CMR Institute of Technology,Nova Systems,Data Analyst,Screening,,2026-08-30T19:54
APP00586,STU01496,COL001,BMS Institute of Technology,Nova Systems,Business Analyst,Offer,10.6,2026-08-25T19:44
APP00587,STU00248,COL001,BMS Institute of Technology,NextGen Labs,Frontend Developer,Offer,10.6,2026-08-25T12:53
APP00588,STU02067,COL002,RV College of Engineering,DataNest,Software Engineer,Applied,,2026-07-24T17:54
APP00589,STU00135,COL005,New Horizon College of Engineering,CodeCraft,Business Analyst,Offer,9.2,2026-08-14T17:14
APP00590,STU01979,COL001,BMS Institute of Technology,InfiCore,Data Analyst,Rejected,,2026-08-06T13:13
APP00591,STU01553,COL005,New Horizon College of Engineering,NextGen Labs,Business Analyst,Screening,,2026-08-18T20:19
APP00592,STU00901,COL005,New Horizon College of Engineering,TechForge,ML Engineer,Interview,,2026-08-15T14:09
APP00593,STU02371,COL001,BMS Institute of Technology,Vertex Digital,ML Engineer,Applied,,2026-07-25T17:49
APP00594,STU01307,COL004,Dayananda Sagar College of Engineering,PrimeStack,Software Engineer,Offer,9.4,2026-08-02T16:02
APP00595,STU00114,COL001,BMS Institute of Technology,PrimeStack,Frontend Developer,Applied,,2026-08-21T19:55
APP00596,STU00153,COL003,PES University,BrightWorks,Business Analyst,Placed,11.6,2026-07-21T20:52
APP00597,STU02175,COL002,RV College of Engineering,CodeCraft,Data Analyst,Interview,,2026-10-06T11:22
APP00598,STU01663,COL006,CMR Institute of Technology,Nova Systems,Data Analyst,Screening,,2026-07-28T12:47
APP00599,STU01167,COL003,PES University,FinEdge Solutions,Software Engineer,Applied,,2026-10-01T19:16
APP00600,STU01115,COL004,Dayananda Sagar College of Engineering,Orion Analytics,Business Analyst,Applied,,2026-08-23T20:05
APP00601,STU01656,COL003,PES University,PrimeStack,Data Analyst,Screening,,2026-10-02T10:35
APP00602,STU00039,COL003,PES University,Orion Analytics,Business Analyst,Screening,,2026-08-17T09:36
APP00603,STU02287,COL001,BMS Institute of Technology,Nova Systems,Data Analyst,Placed,12.4,2026-08-22T10:10
APP00604,STU01073,COL003,PES University,Nova Systems,Data Analyst,Placed,8.7,2026-09-18T11:24
APP00605,STU00769,COL003,PES University,CloudMinds,Frontend Developer,Interview,,2026-09-11T17:01
APP00606,STU01044,COL001,BMS Institute of Technology,BrightWorks,ML Engineer,Placed,11.9,2026-07-29T14:12
APP00607,STU01700,COL004,Dayananda Sagar College of Engineering,Orion Analytics,Backend Developer,Interview,,2026-10-02T19:46
APP00608,STU01560,COL001,BMS Institute of Technology,PrimeStack,Software Engineer,Rejected,,2026-07-31T11:23
APP00609,STU01981,COL002,RV College of Engineering,Nova Systems,Data Analyst,Applied,,2026-07-16T18:17
APP00610,STU00901,COL005,New Horizon College of Engineering,TechForge,Business Analyst,Rejected,,2026-07-13T14:09
APP00611,STU00140,COL005,New Horizon College of Engineering,BrightWorks,Frontend Developer,Applied,,2026-08-15T12:01
APP00612,STU00481,COL003,PES University,InfiCore,ML Engineer,Interview,,2026-07-14T19:37
APP00613,STU01624,COL004,Dayananda Sagar College of Engineering,QuantEdge,Data Analyst,Applied,,2026-09-11T17:49
APP00614,STU01156,COL005,New Horizon College of Engineering,BrightWorks,Frontend Developer,Rejected,,2026-07-10T20:06
APP00615,STU02049,COL001,BMS Institute of Technology,CloudMinds,Frontend Developer,Interview,,2026-08-28T10:38
APP00616,STU02189,COL003,PES University,CodeCraft,Data Analyst,Offer,13.2,2026-09-19T18:03
APP00617,STU01315,COL002,RV College of Engineering,Vertex Digital,Data Analyst,Offer,10.1,2026-08-23T18:57
APP00618,STU01077,COL003,PES University,QuantEdge,Frontend Developer,Rejected,,2026-08-31T10:26
APP00619,STU00399,COL004,Dayananda Sagar College of Engineering,Orion Analytics,Software Engineer,Interview,,2026-09-17T17:36
APP00620,STU01051,COL006,CMR Institute of Technology,CloudMinds,Business Analyst,Rejected,,2026-07-30T14:35
APP00621,STU01687,COL004,Dayananda Sagar College of Engineering,DataNest,Frontend Developer,Offer,5.6,2026-09-12T13:55
APP00622,STU01779,COL001,BMS Institute of Technology,BrightWorks,Business Analyst,Rejected,,2026-07-12T11:35
APP00623,STU01882,COL004,Dayananda Sagar College of Engineering,BlueOrbit Labs,Backend Developer,Placed,7.3,2026-08-21T14:43
APP00624,STU01258,COL002,RV College of Engineering,InfiCore,ML Engineer,Rejected,,2026-08-23T14:55
APP00625,STU00888,COL001,BMS Institute of Technology,PrimeStack,Frontend Developer,Offer,5.6,2026-08-11T16:23
APP00626,STU00251,COL006,CMR Institute of Technology,Nova Systems,Backend Developer,Offer,5.2,2026-09-18T10:18
APP00627,STU02200,COL001,BMS Institute of Technology,FinEdge Solutions,Backend Developer,Offer,7.4,2026-08-30T11:03
APP00628,STU01506,COL002,RV College of Engineering,CodeCraft,ML Engineer,Rejected,,2026-09-06T16:52
APP00629,STU01564,COL003,PES University,Nova Systems,Backend Developer,Interview,,2026-08-15T19:12
APP00630,STU00265,COL001,BMS Institute of Technology,DataNest,ML Engineer,Applied,,2026-09-28T10:35
APP00631,STU00188,COL006,CMR Institute of Technology,FinEdge Solutions,Business Analyst,Rejected,,2026-08-13T16:28
APP00632,STU01188,COL005,New Horizon College of Engineering,BrightWorks,Backend Developer,Interview,,2026-08-23T16:34
APP00633,STU00909,COL003,PES University,Orion Analytics,Backend Developer,Placed,10.8,2026-09-01T15:08
APP00634,STU00635,COL004,Dayananda Sagar College of Engineering,Orion Analytics,Business Analyst,Applied,,2026-08-05T14:03
APP00635,STU01358,COL005,New Horizon College of Engineering,BrightWorks,Data Analyst,Interview,,2026-08-29T17:07
APP00636,STU02275,COL004,Dayananda Sagar College of Engineering,Orion Analytics,Software Engineer,Screening,,2026-09-05T11:37
APP00637,STU01310,COL004,Dayananda Sagar College of Engineering,Aster Mobility,ML Engineer,Applied,,2026-09-03T09:28
APP00638,STU01283,COL004,Dayananda Sagar College of Engineering,Aster Mobility,Backend Developer,Applied,,2026-07-27T14:17
APP00639,STU01206,COL001,BMS Institute of Technology,Nova Systems,Data Analyst,Screening,,2026-09-11T19:03
APP00640,STU01731,COL001,BMS Institute of Technology,NextGen Labs,ML Engineer,Interview,,2026-08-18T19:38
APP00641,STU02123,COL005,New Horizon College of Engineering,Vertex Digital,Business Analyst,Offer,12.8,2026-08-02T14:50
APP00642,STU01524,COL002,RV College of Engineering,Aster Mobility,Frontend Developer,Rejected,,2026-07-28T18:04
APP00643,STU02246,COL001,BMS Institute of Technology,InfiCore,ML Engineer,Interview,,2026-08-24T11:39
APP00644,STU00812,COL002,RV College of Engineering,BlueOrbit Labs,ML Engineer,Rejected,,2026-09-21T13:59
APP00645,STU02071,COL002,RV College of Engineering,Vertex Digital,ML Engineer,Rejected,,2026-08-12T19:00
APP00646,STU02272,COL003,PES University,BrightWorks,Software Engineer,Interview,,2026-08-22T19:07
APP00647,STU00287,COL005,New Horizon College of Engineering,QuantEdge,Frontend Developer,Interview,,2026-07-16T16:24
APP00648,STU00838,COL006,CMR Institute of Technology,BrightWorks,Data Analyst,Screening,,2026-08-23T09:38
APP00649,STU01110,COL001,BMS Institute of Technology,PrimeStack,Business Analyst,Applied,,2026-08-31T14:17
APP00650,STU02068,COL003,PES University,Vertex Digital,Data Analyst,Screening,,2026-07-22T11:30
APP00651,STU02172,COL004,Dayananda Sagar College of Engineering,Aster Mobility,Software Engineer,Screening,,2026-07-14T10:39
APP00652,STU00792,COL005,New Horizon College of Engineering,QuantEdge,Software Engineer,Interview,,2026-09-05T20:44
APP00653,STU01297,COL005,New Horizon College of Engineering,QuantEdge,Data Analyst,Screening,,2026-08-02T18:02
APP00654,STU01300,COL004,Dayananda Sagar College of Engineering,BrightWorks,Data Analyst,Offer,11.0,2026-09-05T14:10
APP00655,STU02175,COL002,RV College of Engineering,Vertex Digital,Data Analyst,Placed,14.4,2026-09-05T11:22
APP00656,STU01779,COL001,BMS Institute of Technology,TechForge,Software Engineer,Screening,,2026-08-05T11:35
APP00657,STU02322,COL005,New Horizon College of Engineering,Vertex Digital,Backend Developer,Interview,,2026-07-31T17:47
APP00658,STU00118,COL004,Dayananda Sagar College of Engineering,NextGen Labs,Business Analyst,Rejected,,2026-08-08T16:39
APP00659,STU00929,COL001,BMS Institute of Technology,InfiCore,Backend Developer,Interview,,2026-08-23T12:01
APP00660,STU01698,COL005,New Horizon College of Engineering,TechForge,Software Engineer,Screening,,2026-08-17T19:10
APP00661,STU01167,COL003,PES University,DataNest,Business Analyst,Interview,,2026-09-11T19:16
APP00662,STU00627,COL001,BMS Institute of Technology,CloudMinds,Frontend Developer,Interview,,2026-09-01T16:18
APP00663,STU00780,COL002,RV College of Engineering,CodeCraft,Business Analyst,Interview,,2026-08-18T14:40
APP00664,STU01734,COL003,PES University,Orion Analytics,Frontend Developer,Offer,6.3,2026-08-11T12:31
APP00665,STU00484,COL006,CMR Institute of Technology,TechForge,Data Analyst,Applied,,2026-08-01T11:54
APP00666,STU00814,COL001,BMS Institute of Technology,TechForge,ML Engineer,Screening,,2026-08-17T09:11
APP00667,STU01551,COL001,BMS Institute of Technology,CodeCraft,Business Analyst,Interview,,2026-08-12T12:17
APP00668,STU00912,COL005,New Horizon College of Engineering,InfiCore,Business Analyst,Applied,,2026-08-16T20:02
APP00669,STU02237,COL004,Dayananda Sagar College of Engineering,QuantEdge,Software Engineer,Placed,7.8,2026-07-25T14:40
APP00670,STU01648,COL002,RV College of Engineering,CloudMinds,Backend Developer,Applied,,2026-08-25T11:14
APP00671,STU01136,COL001,BMS Institute of Technology,InfiCore,Software Engineer,Rejected,,2026-09-29T10:47
APP00672,STU01276,COL005,New Horizon College of Engineering,NextGen Labs,Frontend Developer,Offer,8.3,2026-08-09T15:53
APP00673,STU01577,COL002,RV College of Engineering,Vertex Digital,Data Analyst,Applied,,2026-08-28T18:55
APP00674,STU01133,COL001,BMS Institute of Technology,FinEdge Solutions,ML Engineer,Screening,,2026-08-16T19:18
APP00675,STU02355,COL006,CMR Institute of Technology,QuantEdge,Frontend Developer,Interview,,2026-09-15T20:11
APP00676,STU00168,COL003,PES University,Orion Analytics,Software Engineer,Offer,7.8,2026-08-11T19:14
APP00677,STU01071,COL001,BMS Institute of Technology,CodeCraft,Frontend Developer,Rejected,,2026-08-20T15:13
APP00678,STU01449,COL006,CMR Institute of Technology,CloudMinds,Data Analyst,Applied,,2026-07-25T17:48
APP00679,STU01380,COL003,PES University,Nova Systems,Software Engineer,Offer,8.9,2026-07-13T09:52
APP00680,STU02104,COL003,PES University,DataNest,Frontend Developer,Offer,5.5,2026-08-08T19:16
APP00681,STU02183,COL005,New Horizon College of Engineering,CodeCraft,Frontend Developer,Applied,,2026-07-28T10:33
APP00682,STU01262,COL005,New Horizon College of Engineering,Aster Mobility,Data Analyst,Rejected,,2026-09-05T16:03
APP00683,STU01230,COL003,PES University,Nova Systems,Software Engineer,Interview,,2026-08-11T16:07
APP00684,STU01708,COL003,PES University,TechForge,Software Engineer,Offer,9.1,2026-07-24T17:00
APP00685,STU01459,COL003,PES University,Vertex Digital,Backend Developer,Interview,,2026-09-23T10:00
APP00686,STU01549,COL003,PES University,CloudMinds,Data Analyst,Applied,,2026-09-05T09:17
APP00687,STU01020,COL005,New Horizon College of Engineering,BlueOrbit Labs,Software Engineer,Applied,,2026-08-23T15:15
APP00688,STU01051,COL006,CMR Institute of Technology,BlueOrbit Labs,Backend Developer,Screening,,2026-08-09T14:35
APP00689,STU01943,COL005,New Horizon College of Engineering,NextGen Labs,Business Analyst,Offer,9.9,2026-08-24T11:28
APP00690,STU01980,COL002,RV College of Engineering,QuantEdge,ML Engineer,Applied,,2026-07-22T18:01
APP00691,STU01578,COL006,CMR Institute of Technology,QuantEdge,Data Analyst,Screening,,2026-07-14T09:16
APP00692,STU02311,COL005,New Horizon College of Engineering,TechForge,Data Analyst,Rejected,,2026-09-10T16:47
APP00693,STU02297,COL002,RV College of Engineering,CloudMinds,ML Engineer,Rejected,,2026-08-27T19:00
APP00694,STU01922,COL002,RV College of Engineering,CloudMinds,Frontend Developer,Interview,,2026-08-18T12:02
APP00695,STU01214,COL005,New Horizon College of Engineering,PrimeStack,Data Analyst,Applied,,2026-07-18T13:57
APP00696,STU01511,COL005,New Horizon College of Engineering,BrightWorks,Business Analyst,Offer,9.9,2026-09-12T11:26
APP00697,STU01992,COL002,RV College of Engineering,PrimeStack,Backend Developer,Offer,6.6,2026-08-28T11:40
APP00698,STU00795,COL005,New Horizon College of Engineering,Orion Analytics,Backend Developer,Interview,,2026-08-25T10:16
APP00699,STU00473,COL001,BMS Institute of Technology,CloudMinds,Data Analyst,Screening,,2026-08-31T18:43
APP00700,STU00927,COL002,RV College of Engineering,BrightWorks,Data Analyst,Screening,,2026-08-20T17:14
APP00701,STU01437,COL004,Dayananda Sagar College of Engineering,QuantEdge,Data Analyst,Offer,12.0,2026-09-07T12:23
APP00702,STU00369,COL006,CMR Institute of Technology,Aster Mobility,Software Engineer,Interview,,2026-08-31T17:18
APP00703,STU00537,COL003,PES University,Vertex Digital,Data Analyst,Screening,,2026-08-20T10:28
APP00704,STU01068,COL003,PES University,BrightWorks,Backend Developer,Interview,,2026-09-26T20:28
APP00705,STU01983,COL006,CMR Institute of Technology,NextGen Labs,Software Engineer,Rejected,,2026-09-13T15:10
APP00706,STU00838,COL006,CMR Institute of Technology,Aster Mobility,Frontend Developer,Rejected,,2026-10-02T09:38
APP00707,STU01758,COL005,New Horizon College of Engineering,Vertex Digital,ML Engineer,Rejected,,2026-09-10T20:54
APP00708,STU02103,COL003,PES University,CodeCraft,Software Engineer,Screening,,2026-08-08T10:07
APP00709,STU00934,COL005,New Horizon College of Engineering,Vertex Digital,Software Engineer,Offer,7.7,2026-07-20T09:16
APP00710,STU00284,COL005,New Horizon College of Engineering,TechForge,Business Analyst,Screening,,2026-09-30T19:38
APP00711,STU00563,COL006,CMR Institute of Technology,Nova Systems,Software Engineer,Applied,,2026-07-31T20:16
APP00712,STU00515,COL006,CMR Institute of Technology,Vertex Digital,ML Engineer,Applied,,2026-07-21T10:59
APP00713,STU00026,COL003,PES University,DataNest,Data Analyst,Rejected,,2026-07-18T10:30
APP00714,STU02049,COL001,BMS Institute of Technology,PrimeStack,Data Analyst,Offer,4.9,2026-09-06T10:38
APP00715,STU00293,COL001,BMS Institute of Technology,CodeCraft,Data Analyst,Screening,,2026-08-04T14:24
APP00716,STU00976,COL005,New Horizon College of Engineering,DataNest,ML Engineer,Rejected,,2026-08-17T20:51
APP00717,STU01703,COL004,Dayananda Sagar College of Engineering,CloudMinds,Data Analyst,Offer,5.2,2026-08-25T12:02
APP00718,STU01569,COL002,RV College of Engineering,DataNest,Backend Developer,Applied,,2026-07-12T14:41
APP00719,STU02024,COL001,BMS Institute of Technology,Nova Systems,Data Analyst,Applied,,2026-08-07T13:07
APP00720,STU00687,COL004,Dayananda Sagar College of Engineering,BlueOrbit Labs,Data Analyst,Screening,,2026-09-29T11:50
APP00721,STU01431,COL002,RV College of Engineering,CodeCraft,Software Engineer,Applied,,2026-08-26T17:55
APP00722,STU00929,COL001,BMS Institute of Technology,TechForge,Software Engineer,Interview,,2026-09-01T12:01
APP00723,STU00388,COL005,New Horizon College of Engineering,CodeCraft,Frontend Developer,Placed,6.2,2026-09-01T10:27
APP00724,STU02162,COL004,Dayananda Sagar College of Engineering,Vertex Digital,ML Engineer,Applied,,2026-08-28T16:38
APP00725,STU02278,COL004,Dayananda Sagar College of Engineering,NextGen Labs,Business Analyst,Interview,,2026-09-09T16:15
APP00726,STU01073,COL003,PES University,PrimeStack,Backend Developer,Applied,,2026-09-01T11:24
APP00727,STU00123,COL004,Dayananda Sagar College of Engineering,QuantEdge,Data Analyst,Interview,,2026-08-15T13:09
APP00728,STU00794,COL006,CMR Institute of Technology,QuantEdge,Business Analyst,Offer,5.0,2026-08-18T13:38
APP00729,STU01668,COL003,PES University,DataNest,Business Analyst,Offer,6.1,2026-08-22T16:50
APP00730,STU02373,COL003,PES University,BrightWorks,Software Engineer,Applied,,2026-08-26T19:18
APP00731,STU01077,COL003,PES University,PrimeStack,Business Analyst,Applied,,2026-08-05T10:26
APP00732,STU01331,COL001,BMS Institute of Technology,Orion Analytics,Backend Developer,Rejected,,2026-08-25T10:00
APP00733,STU01625,COL001,BMS Institute of Technology,CloudMinds,Frontend Developer,Screening,,2026-08-08T09:11
APP00734,STU01083,COL006,CMR Institute of Technology,Aster Mobility,ML Engineer,Interview,,2026-08-13T20:56
APP00735,STU01198,COL006,CMR Institute of Technology,DataNest,Data Analyst,Offer,6.9,2026-08-25T13:10
APP00736,STU01448,COL001,BMS Institute of Technology,CodeCraft,Software Engineer,Offer,4.8,2026-08-14T10:17
APP00737,STU00151,COL004,Dayananda Sagar College of Engineering,BrightWorks,Backend Developer,Screening,,2026-09-16T13:10
APP00738,STU00105,COL006,CMR Institute of Technology,BrightWorks,Business Analyst,Screening,,2026-09-19T10:31
APP00739,STU01557,COL006,CMR Institute of Technology,Vertex Digital,Software Engineer,Applied,,2026-08-13T13:35
APP00740,STU02270,COL006,CMR Institute of Technology,Aster Mobility,Software Engineer,Interview,,2026-08-02T16:35
APP00741,STU02298,COL006,CMR Institute of Technology,Vertex Digital,Data Analyst,Interview,,2026-09-01T12:03
APP00742,STU01517,COL006,CMR Institute of Technology,BrightWorks,Frontend Developer,Offer,13.5,2026-08-04T18:53
APP00743,STU02081,COL003,PES University,BlueOrbit Labs,Data Analyst,Interview,,2026-08-04T14:00
APP00744,STU00909,COL003,PES University,PrimeStack,Business Analyst,Interview,,2026-09-16T15:08
APP00745,STU02013,COL006,CMR Institute of Technology,DataNest,Backend Developer,Interview,,2026-08-11T17:20
APP00746,STU01451,COL001,BMS Institute of Technology,InfiCore,Software Engineer,Rejected,,2026-07-19T19:25
APP00747,STU01897,COL001,BMS Institute of Technology,CloudMinds,Data Analyst,Placed,5.1,2026-08-05T11:19
APP00748,STU00884,COL004,Dayananda Sagar College of Engineering,InfiCore,Data Analyst,Applied,,2026-08-16T18:20
APP00749,STU00711,COL005,New Horizon College of Engineering,CodeCraft,Backend Developer,Interview,,2026-09-13T11:33
APP00750,STU01276,COL005,New Horizon College of Engineering,DataNest,ML Engineer,Applied,,2026-08-10T15:53
APP00751,STU01163,COL006,CMR Institute of Technology,Orion Analytics,Business Analyst,Offer,9.2,2026-08-03T18:24
APP00752,STU01608,COL006,CMR Institute of Technology,QuantEdge,Data Analyst,Interview,,2026-07-30T19:05
APP00753,STU00848,COL006,CMR Institute of Technology,PrimeStack,Frontend Developer,Screening,,2026-08-30T13:30
APP00754,STU01415,COL004,Dayananda Sagar College of Engineering,NextGen Labs,Frontend Developer,Screening,,2026-08-02T19:08
APP00755,STU01586,COL006,CMR Institute of Technology,Vertex Digital,Data Analyst,Offer,8.1,2026-08-11T12:04
APP00756,STU01169,COL005,New Horizon College of Engineering,Orion Analytics,ML Engineer,Interview,,2026-08-11T17:59
APP00757,STU00482,COL005,New Horizon College of Engineering,Nova Systems,ML Engineer,Offer,13.5,2026-08-24T17:12
APP00758,STU00754,COL005,New Horizon College of Engineering,Orion Analytics,Software Engineer,Interview,,2026-07-30T17:37
APP00759,STU02162,COL004,Dayananda Sagar College of Engineering,CodeCraft,Data Analyst,Applied,,2026-09-02T16:38
APP00760,STU01438,COL005,New Horizon College of Engineering,Nova Systems,Backend Developer,Applied,,2026-08-24T10:28
APP00761,STU02291,COL001,BMS Institute of Technology,Orion Analytics,Frontend Developer,Interview,,2026-09-14T18:20
APP00762,STU01036,COL004,Dayananda Sagar College of Engineering,QuantEdge,Frontend Developer,Offer,9.1,2026-07-26T10:35
APP00763,STU00098,COL005,New Horizon College of Engineering,BrightWorks,ML Engineer,Screening,,2026-08-27T11:43
APP00764,STU02144,COL006,CMR Institute of Technology,Orion Analytics,Business Analyst,Screening,,2026-07-27T11:38
APP00765,STU01415,COL004,Dayananda Sagar College of Engineering,BrightWorks,Data Analyst,Interview,,2026-08-25T19:08
APP00766,STU02050,COL004,Dayananda Sagar College of Engineering,Vertex Digital,ML Engineer,Applied,,2026-08-05T14:02
APP00767,STU01144,COL002,RV College of Engineering,FinEdge Solutions,ML Engineer,Rejected,,2026-08-05T09:03
APP00768,STU00375,COL005,New Horizon College of Engineering,NextGen Labs,Backend Developer,Interview,,2026-08-12T12:22
APP00769,STU01748,COL002,RV College of Engineering,Nova Systems,Business Analyst,Applied,,2026-07-26T15:09
APP00770,STU01708,COL003,PES University,FinEdge Solutions,Software Engineer,Screening,,2026-08-12T17:00
APP00771,STU00742,COL003,PES University,CodeCraft,Business Analyst,Screening,,2026-09-24T14:28
APP00772,STU01021,COL001,BMS Institute of Technology,BrightWorks,ML Engineer,Placed,9.9,2026-08-24T14:42
APP00773,STU01759,COL006,CMR Institute of Technology,FinEdge Solutions,Backend Developer,Placed,12.4,2026-08-05T15:58
APP00774,STU02198,COL006,CMR Institute of Technology,Orion Analytics,Business Analyst,Interview,,2026-08-14T12:41
APP00775,STU00201,COL005,New Horizon College of Engineering,TechForge,Backend Developer,Applied,,2026-07-27T11:54
APP00776,STU00512,COL002,RV College of Engineering,DataNest,Software Engineer,Offer,8.4,2026-09-09T14:25
APP00777,STU02116,COL005,New Horizon College of Engineering,BlueOrbit Labs,Software Engineer,Screening,,2026-08-18T20:19
APP00778,STU02230,COL002,RV College of Engineering,CloudMinds,Frontend Developer,Applied,,2026-09-04T17:16
APP00779,STU01573,COL006,CMR Institute of Technology,QuantEdge,Backend Developer,Offer,9.5,2026-10-02T09:03
APP00780,STU00353,COL002,RV College of Engineering,BrightWorks,Frontend Developer,Applied,,2026-09-24T15:58
APP00781,STU01120,COL001,BMS Institute of Technology,CodeCraft,Backend Developer,Screening,,2026-07-30T18:10
APP00782,STU00618,COL005,New Horizon College of Engineering,BrightWorks,Backend Developer,Screening,,2026-10-08T13:16
APP00783,STU02302,COL002,RV College of Engineering,Vertex Digital,Business Analyst,Offer,11.7,2026-07-22T14:43
APP00784,STU00949,COL005,New Horizon College of Engineering,TechForge,Data Analyst,Applied,,2026-09-09T15:00
APP00785,STU02257,COL003,PES University,TechForge,Software Engineer,Screening,,2026-08-15T17:31
APP00786,STU00779,COL001,BMS Institute of Technology,DataNest,Backend Developer,Placed,12.4,2026-08-18T18:32
APP00787,STU01037,COL003,PES University,Orion Analytics,ML Engineer,Applied,,2026-08-02T09:39
APP00788,STU02075,COL006,CMR Institute of Technology,CloudMinds,Frontend Developer,Rejected,,2026-08-25T13:03
APP00789,STU02140,COL001,BMS Institute of Technology,TechForge,Business Analyst,Applied,,2026-09-14T18:47
APP00790,STU00412,COL001,BMS Institute of Technology,Nova Systems,Business Analyst,Interview,,2026-09-14T11:15
APP00791,STU01631,COL005,New Horizon College of Engineering,InfiCore,Frontend Developer,Interview,,2026-08-20T15:46
APP00792,STU01727,COL006,CMR Institute of Technology,Orion Analytics,ML Engineer,Applied,,2026-08-31T14:47
APP00793,STU02091,COL006,CMR Institute of Technology,BrightWorks,Business Analyst,Screening,,2026-08-13T12:21
APP00794,STU01951,COL003,PES University,DataNest,Software Engineer,Rejected,,2026-08-31T15:10
APP00795,STU01709,COL004,Dayananda Sagar College of Engineering,NextGen Labs,Frontend Developer,Screening,,2026-08-09T14:55
APP00796,STU00346,COL005,New Horizon College of Engineering,BlueOrbit Labs,ML Engineer,Placed,9.7,2026-08-03T10:40
APP00797,STU01651,COL005,New Horizon College of Engineering,FinEdge Solutions,ML Engineer,Screening,,2026-07-15T10:23
APP00798,STU02237,COL004,Dayananda Sagar College of Engineering,BrightWorks,Backend Developer,Screening,,2026-08-02T14:40
APP00799,STU01603,COL005,New Horizon College of Engineering,Orion Analytics,Backend Developer,Offer,13.8,2026-08-17T16:55
APP00800,STU02329,COL001,BMS Institute of Technology,TechForge,Data Analyst,Applied,,2026-09-08T13:34
APP00801,STU00588,COL006,CMR Institute of Technology,PrimeStack,ML Engineer,Placed,14.1,2026-07-26T20:57
APP00802,STU02270,COL006,CMR Institute of Technology,Vertex Digital,Data Analyst,Offer,9.5,2026-08-13T16:35
APP00803,STU00758,COL003,PES University,PrimeStack,Data Analyst,Applied,,2026-08-22T15:43
APP00804,STU01708,COL003,PES University,Orion Analytics,Frontend Developer,Applied,,2026-07-26T17:00
APP00805,STU00384,COL002,RV College of Engineering,PrimeStack,Software Engineer,Applied,,2026-08-01T14:32
APP00806,STU00568,COL003,PES University,Orion Analytics,Software Engineer,Interview,,2026-08-30T16:58
APP00807,STU01307,COL004,Dayananda Sagar College of Engineering,CloudMinds,Data Analyst,Interview,,2026-08-16T16:02
APP00808,STU00738,COL001,BMS Institute of Technology,Aster Mobility,Frontend Developer,Rejected,,2026-08-19T15:25
APP00809,STU00996,COL001,BMS Institute of Technology,Nova Systems,ML Engineer,Applied,,2026-08-08T14:44
APP00810,STU01754,COL002,RV College of Engineering,NextGen Labs,Software Engineer,Interview,,2026-08-08T19:08
APP00811,STU01388,COL006,CMR Institute of Technology,NextGen Labs,Business Analyst,Placed,9.6,2026-08-01T16:22
APP00812,STU02005,COL006,CMR Institute of Technology,BlueOrbit Labs,Data Analyst,Applied,,2026-09-02T13:54
APP00813,STU01694,COL003,PES University,CodeCraft,Software Engineer,Applied,,2026-09-19T09:08
APP00814,STU00295,COL003,PES University,QuantEdge,Business Analyst,Interview,,2026-08-07T20:07
APP00815,STU01414,COL006,CMR Institute of Technology,DataNest,Data Analyst,Interview,,2026-09-04T17:42
APP00816,STU00449,COL002,RV College of Engineering,Nova Systems,Frontend Developer,Rejected,,2026-09-09T19:53
APP00817,STU00026,COL003,PES University,PrimeStack,Frontend Developer,Screening,,2026-07-10T10:30
APP00818,STU02257,COL003,PES University,DataNest,Business Analyst,Rejected,,2026-07-23T17:31
APP00819,STU02293,COL005,New Horizon College of Engineering,DataNest,Software Engineer,Screening,,2026-07-24T20:18
APP00820,STU01700,COL004,Dayananda Sagar College of Engineering,FinEdge Solutions,Data Analyst,Applied,,2026-09-19T19:46
APP00821,STU00788,COL004,Dayananda Sagar College of Engineering,InfiCore,Software Engineer,Applied,,2026-08-21T20:45
APP00822,STU01091,COL004,Dayananda Sagar College of Engineering,CloudMinds,Business Analyst,Applied,,2026-07-17T10:14
APP00823,STU01897,COL001,BMS Institute of Technology,Nova Systems,Business Analyst,Offer,11.2,2026-08-15T11:19
APP00824,STU00348,COL004,Dayananda Sagar College of Engineering,CloudMinds,Business Analyst,Placed,9.4,2026-08-28T19:58
APP00825,STU01215,COL003,PES University,QuantEdge,Software Engineer,Screening,,2026-09-25T11:01
APP00826,STU01759,COL006,CMR Institute of Technology,BlueOrbit Labs,Software Engineer,Applied,,2026-07-20T15:58
APP00827,STU02085,COL001,BMS Institute of Technology,CloudMinds,Frontend Developer,Applied,,2026-08-16T10:12
APP00828,STU01193,COL005,New Horizon College of Engineering,NextGen Labs,Backend Developer,Applied,,2026-07-11T19:43
APP00829,STU02301,COL003,PES University,InfiCore,ML Engineer,Interview,,2026-08-16T18:22
APP00830,STU01035,COL004,Dayananda Sagar College of Engineering,TechForge,Frontend Developer,Rejected,,2026-08-01T19:14
APP00831,STU01651,COL005,New Horizon College of Engineering,NextGen Labs,Data Analyst,Screening,,2026-07-28T10:23
APP00832,STU00032,COL003,PES University,Orion Analytics,Frontend Developer,Offer,4.3,2026-08-22T16:00
APP00833,STU01024,COL003,PES University,CodeCraft,Backend Developer,Screening,,2026-08-31T18:24
APP00834,STU00280,COL004,Dayananda Sagar College of Engineering,PrimeStack,Backend Developer,Interview,,2026-08-06T16:15
APP00835,STU01759,COL006,CMR Institute of Technology,Orion Analytics,Business Analyst,Rejected,,2026-08-02T15:58
APP00836,STU00303,COL002,RV College of Engineering,Orion Analytics,Business Analyst,Applied,,2026-08-22T16:25
APP00837,STU01526,COL006,CMR Institute of Technology,Vertex Digital,Business Analyst,Screening,,2026-08-05T10:23
APP00838,STU01297,COL005,New Horizon College of Engineering,QuantEdge,ML Engineer,Interview,,2026-08-24T18:02
APP00839,STU01063,COL001,BMS Institute of Technology,BlueOrbit Labs,Software Engineer,Rejected,,2026-10-04T21:00
APP00840,STU02151,COL001,BMS Institute of Technology,BlueOrbit Labs,Frontend Developer,Applied,,2026-07-12T14:51
APP00841,STU00403,COL002,RV College of Engineering,Vertex Digital,Business Analyst,Interview,,2026-09-02T10:22
APP00842,STU00674,COL003,PES University,CloudMinds,ML Engineer,Screening,,2026-08-10T21:00
APP00843,STU00542,COL003,PES University,Vertex Digital,Business Analyst,Screening,,2026-09-16T13:58
APP00844,STU01600,COL002,RV College of Engineering,Aster Mobility,Business Analyst,Interview,,2026-08-25T10:01
APP00845,STU00619,COL004,Dayananda Sagar College of Engineering,BrightWorks,Frontend Developer,Applied,,2026-08-26T10:55
APP00846,STU02219,COL003,PES University,BrightWorks,Business Analyst,Interview,,2026-08-06T15:31
APP00847,STU00241,COL004,Dayananda Sagar College of Engineering,Vertex Digital,Business Analyst,Rejected,,2026-08-07T15:20
APP00848,STU02399,COL001,BMS Institute of Technology,CodeCraft,Backend Developer,Rejected,,2026-08-26T12:42
APP00849,STU01327,COL004,Dayananda Sagar College of Engineering,CodeCraft,Data Analyst,Interview,,2026-08-22T15:16
APP00850,STU01305,COL001,BMS Institute of Technology,DataNest,Software Engineer,Applied,,2026-10-02T13:42
APP00851,STU02101,COL004,Dayananda Sagar College of Engineering,Nova Systems,ML Engineer,Interview,,2026-08-15T16:28
APP00852,STU00513,COL004,Dayananda Sagar College of Engineering,BlueOrbit Labs,Backend Developer,Offer,10.5,2026-09-20T15:15
APP00853,STU01548,COL003,PES University,InfiCore,Data Analyst,Applied,,2026-09-14T16:24
APP00854,STU00838,COL006,CMR Institute of Technology,InfiCore,Frontend Developer,Offer,4.3,2026-10-03T09:38
APP00855,STU00626,COL001,BMS Institute of Technology,QuantEdge,Data Analyst,Interview,,2026-07-21T15:48
APP00856,STU02288,COL001,BMS Institute of Technology,Aster Mobility,ML Engineer,Interview,,2026-08-26T15:25
APP00857,STU01530,COL001,BMS Institute of Technology,Vertex Digital,Frontend Developer,Interview,,2026-09-10T17:44
APP00858,STU00694,COL006,CMR Institute of Technology,FinEdge Solutions,Backend Developer,Rejected,,2026-08-28T10:15
APP00859,STU00214,COL003,PES University,Aster Mobility,Backend Developer,Interview,,2026-08-04T16:56
APP00860,STU01847,COL003,PES University,InfiCore,Frontend Developer,Applied,,2026-08-25T17:38
APP00861,STU01833,COL006,CMR Institute of Technology,BlueOrbit Labs,Frontend Developer,Applied,,2026-07-26T19:21
APP00862,STU00674,COL003,PES University,CodeCraft,Backend Developer,Interview,,2026-08-26T21:00
APP00863,STU00939,COL003,PES University,FinEdge Solutions,Data Analyst,Screening,,2026-07-24T14:25
APP00864,STU01351,COL001,BMS Institute of Technology,TechForge,Data Analyst,Applied,,2026-08-25T20:23
APP00865,STU00258,COL001,BMS Institute of Technology,Vertex Digital,Frontend Developer,Placed,11.2,2026-08-25T16:37
APP00866,STU01770,COL005,New Horizon College of Engineering,DataNest,Frontend Developer,Placed,13.6,2026-09-19T13:53
APP00867,STU02136,COL004,Dayananda Sagar College of Engineering,CodeCraft,Business Analyst,Applied,,2026-09-07T19:10
APP00868,STU00473,COL001,BMS Institute of Technology,NextGen Labs,Data Analyst,Applied,,2026-07-29T18:43
APP00869,STU01131,COL006,CMR Institute of Technology,Orion Analytics,Data Analyst,Applied,,2026-07-16T14:04
APP00870,STU01645,COL005,New Horizon College of Engineering,Aster Mobility,Software Engineer,Placed,5.5,2026-07-23T16:50
APP00871,STU00608,COL004,Dayananda Sagar College of Engineering,Vertex Digital,ML Engineer,Interview,,2026-08-06T17:28
APP00872,STU01321,COL002,RV College of Engineering,QuantEdge,Frontend Developer,Placed,15.0,2026-08-11T09:25
APP00873,STU00957,COL004,Dayananda Sagar College of Engineering,FinEdge Solutions,Frontend Developer,Placed,13.6,2026-08-03T14:23
APP00874,STU02320,COL005,New Horizon College of Engineering,Nova Systems,Backend Developer,Applied,,2026-08-22T14:10
APP00875,STU00808,COL001,BMS Institute of Technology,QuantEdge,ML Engineer,Applied,,2026-09-03T17:21
APP00876,STU01536,COL005,New Horizon College of Engineering,NextGen Labs,Backend Developer,Screening,,2026-08-07T10:11
APP00877,STU02219,COL003,PES University,FinEdge Solutions,ML Engineer,Screening,,2026-07-25T15:31
APP00878,STU01321,COL002,RV College of Engineering,CodeCraft,Data Analyst,Interview,,2026-08-08T09:25
APP00879,STU01523,COL001,BMS Institute of Technology,BlueOrbit Labs,Backend Developer,Offer,8.1,2026-09-29T13:03
APP00880,STU01635,COL006,CMR Institute of Technology,QuantEdge,Frontend Developer,Interview,,2026-09-20T10:51
APP00881,STU00358,COL005,New Horizon College of Engineering,BrightWorks,Software Engineer,Rejected,,2026-09-11T14:34
APP00882,STU01187,COL002,RV College of Engineering,CodeCraft,Backend Developer,Screening,,2026-09-09T19:59
APP00883,STU01321,COL002,RV College of Engineering,TechForge,ML Engineer,Interview,,2026-07-29T09:25
APP00884,STU00249,COL005,New Horizon College of Engineering,Vertex Digital,Frontend Developer,Rejected,,2026-08-18T17:38
APP00885,STU00731,COL001,BMS Institute of Technology,CloudMinds,ML Engineer,Rejected,,2026-09-19T12:38
APP00886,STU01215,COL003,PES University,Vertex Digital,Software Engineer,Interview,,2026-08-27T11:01
APP00887,STU01879,COL002,RV College of Engineering,Nova Systems,Frontend Developer,Placed,7.8,2026-08-01T10:10
APP00888,STU02308,COL005,New Horizon College of Engineering,Vertex Digital,Business Analyst,Interview,,2026-09-02T18:48
APP00889,STU01003,COL001,BMS Institute of Technology,NextGen Labs,Data Analyst,Rejected,,2026-09-09T18:05
APP00890,STU00998,COL002,RV College of Engineering,PrimeStack,Business Analyst,Rejected,,2026-09-24T15:07
APP00891,STU00642,COL006,CMR Institute of Technology,CloudMinds,Software Engineer,Rejected,,2026-08-31T16:17
APP00892,STU00178,COL004,Dayananda Sagar College of Engineering,BlueOrbit Labs,Software Engineer,Interview,,2026-07-28T20:31
APP00893,STU01501,COL005,New Horizon College of Engineering,InfiCore,Backend Developer,Interview,,2026-08-10T09:48
APP00894,STU00321,COL001,BMS Institute of Technology,BlueOrbit Labs,Business Analyst,Offer,5.2,2026-07-24T11:03
APP00895,STU02041,COL002,RV College of Engineering,Aster Mobility,Data Analyst,Applied,,2026-08-18T10:26
APP00896,STU01729,COL005,New Horizon College of Engineering,CloudMinds,Frontend Developer,Applied,,2026-08-21T20:00
APP00897,STU00722,COL006,CMR Institute of Technology,QuantEdge,ML Engineer,Offer,12.2,2026-09-22T13:28
APP00898,STU01451,COL001,BMS Institute of Technology,NextGen Labs,Software Engineer,Offer,6.1,2026-08-02T19:25
APP00899,STU01078,COL002,RV College of Engineering,TechForge,Data Analyst,Offer,4.5,2026-08-16T14:27
APP00900,STU01459,COL003,PES University,DataNest,ML Engineer,Screening,,2026-09-25T10:00
APP00901,STU02032,COL006,CMR Institute of Technology,InfiCore,Frontend Developer,Interview,,2026-07-16T16:31
APP00902,STU01785,COL006,CMR Institute of Technology,Aster Mobility,Business Analyst,Offer,7.4,2026-07-07T12:39
APP00903,STU01973,COL001,BMS Institute of Technology,BlueOrbit Labs,Software Engineer,Placed,12.7,2026-08-23T20:09
APP00904,STU01982,COL001,BMS Institute of Technology,DataNest,Software Engineer,Screening,,2026-07-30T14:23
APP00905,STU01495,COL002,RV College of Engineering,Nova Systems,Data Analyst,Rejected,,2026-07-09T09:58
APP00906,STU00424,COL004,Dayananda Sagar College of Engineering,TechForge,Backend Developer,Applied,,2026-08-23T17:12
APP00907,STU01733,COL005,New Horizon College of Engineering,BrightWorks,Frontend Developer,Interview,,2026-08-03T11:28
APP00908,STU00932,COL005,New Horizon College of Engineering,NextGen Labs,ML Engineer,Interview,,2026-09-26T16:23
APP00909,STU01713,COL005,New Horizon College of Engineering,Orion Analytics,Backend Developer,Applied,,2026-08-06T20:18
APP00910,STU01283,COL004,Dayananda Sagar College of Engineering,InfiCore,ML Engineer,Interview,,2026-08-22T14:17
APP00911,STU00331,COL003,PES University,Orion Analytics,ML Engineer,Rejected,,2026-08-04T16:34
APP00912,STU01797,COL006,CMR Institute of Technology,TechForge,Software Engineer,Rejected,,2026-08-25T17:16
APP00913,STU00141,COL003,PES University,BlueOrbit Labs,ML Engineer,Offer,14.0,2026-08-22T14:58
APP00914,STU01987,COL003,PES University,Aster Mobility,Frontend Developer,Screening,,2026-09-28T20:57
APP00915,STU01009,COL004,Dayananda Sagar College of Engineering,Orion Analytics,Frontend Developer,Interview,,2026-08-26T15:12
APP00916,STU02242,COL004,Dayananda Sagar College of Engineering,BlueOrbit Labs,Backend Developer,Offer,4.2,2026-08-09T14:57
APP00917,STU00370,COL005,New Horizon College of Engineering,Orion Analytics,Data Analyst,Offer,13.6,2026-07-04T17:41
APP00918,STU01113,COL004,Dayananda Sagar College of Engineering,NextGen Labs,Frontend Developer,Rejected,,2026-08-07T16:25
APP00919,STU01640,COL003,PES University,Vertex Digital,Backend Developer,Offer,4.9,2026-07-27T13:54
APP00920,STU01330,COL006,CMR Institute of Technology,CloudMinds,Software Engineer,Interview,,2026-08-31T17:22
APP00921,STU01415,COL004,Dayananda Sagar College of Engineering,DataNest,Software Engineer,Applied,,2026-08-19T19:08
APP00922,STU01993,COL006,CMR Institute of Technology,Nova Systems,Frontend Developer,Screening,,2026-08-06T13:33
APP00923,STU02109,COL006,CMR Institute of Technology,CloudMinds,Software Engineer,Applied,,2026-08-24T11:49
APP00924,STU02267,COL005,New Horizon College of Engineering,BrightWorks,Backend Developer,Placed,6.3,2026-09-11T20:54
APP00925,STU00557,COL004,Dayananda Sagar College of Engineering,NextGen Labs,ML Engineer,Rejected,,2026-08-13T18:41
APP00926,STU00914,COL006,CMR Institute of Technology,NextGen Labs,Frontend Developer,Interview,,2026-07-21T20:39
APP00927,STU01378,COL005,New Horizon College of Engineering,DataNest,ML Engineer,Applied,,2026-09-16T19:22
APP00928,STU01223,COL005,New Horizon College of Engineering,InfiCore,Business Analyst,Rejected,,2026-07-28T09:15
APP00929,STU00559,COL004,Dayananda Sagar College of Engineering,Aster Mobility,Backend Developer,Rejected,,2026-09-02T10:50
APP00930,STU00261,COL004,Dayananda Sagar College of Engineering,CloudMinds,Backend Developer,Rejected,,2026-09-03T15:11
APP00931,STU00518,COL001,BMS Institute of Technology,Orion Analytics,Business Analyst,Applied,,2026-08-18T13:30
APP00932,STU00252,COL005,New Horizon College of Engineering,CloudMinds,Business Analyst,Offer,8.1,2026-09-24T14:21
APP00933,STU00790,COL003,PES University,Orion Analytics,Data Analyst,Applied,,2026-09-28T13:54
APP00934,STU00773,COL001,BMS Institute of Technology,FinEdge Solutions,ML Engineer,Offer,4.5,2026-07-21T15:13
APP00935,STU01305,COL001,BMS Institute of Technology,FinEdge Solutions,Backend Developer,Screening,,2026-09-04T13:42
APP00936,STU00657,COL001,BMS Institute of Technology,InfiCore,Software Engineer,Screening,,2026-08-28T12:10
APP00937,STU01311,COL005,New Horizon College of Engineering,TechForge,Frontend Developer,Placed,15.3,2026-07-19T14:52
APP00938,STU00969,COL002,RV College of Engineering,CloudMinds,ML Engineer,Interview,,2026-08-20T14:28
APP00939,STU01756,COL002,RV College of Engineering,FinEdge Solutions,ML Engineer,Interview,,2026-08-01T18:08
APP00940,STU01557,COL006,CMR Institute of Technology,BrightWorks,Software Engineer,Offer,10.4,2026-08-05T13:35
APP00941,STU02302,COL002,RV College of Engineering,Nova Systems,Software Engineer,Applied,,2026-07-31T14:43
APP00942,STU01130,COL003,PES University,CloudMinds,ML Engineer,Interview,,2026-08-19T13:34
APP00943,STU02149,COL006,CMR Institute of Technology,NextGen Labs,Frontend Developer,Applied,,2026-07-26T09:53
APP00944,STU00539,COL006,CMR Institute of Technology,BrightWorks,Business Analyst,Offer,13.3,2026-08-03T19:58
APP00945,STU02293,COL005,New Horizon College of Engineering,InfiCore,ML Engineer,Applied,,2026-07-11T20:18
APP00946,STU00528,COL001,BMS Institute of Technology,PrimeStack,Frontend Developer,Interview,,2026-08-08T10:24
APP00947,STU00596,COL002,RV College of Engineering,NextGen Labs,Frontend Developer,Applied,,2026-09-25T09:08
APP00948,STU00531,COL006,CMR Institute of Technology,FinEdge Solutions,Backend Developer,Placed,5.5,2026-08-24T13:03
APP00949,STU00209,COL003,PES University,TechForge,Frontend Developer,Screening,,2026-08-17T13:28
APP00950,STU01372,COL004,Dayananda Sagar College of Engineering,InfiCore,Frontend Developer,Interview,,2026-09-13T15:55
APP00951,STU01463,COL002,RV College of Engineering,CodeCraft,ML Engineer,Offer,4.4,2026-08-20T14:09
APP00952,STU00010,COL001,BMS Institute of Technology,BrightWorks,Frontend Developer,Offer,10.3,2026-08-31T14:41
APP00953,STU00046,COL003,PES University,Orion Analytics,Data Analyst,Applied,,2026-08-12T15:02
APP00954,STU00444,COL005,New Horizon College of Engineering,InfiCore,Backend Developer,Rejected,,2026-08-17T18:03
APP00955,STU02149,COL006,CMR Institute of Technology,InfiCore,Business Analyst,Rejected,,2026-07-29T09:53
APP00956,STU01063,COL001,BMS Institute of Technology,QuantEdge,Data Analyst,Interview,,2026-09-21T21:00
APP00957,STU00610,COL004,Dayananda Sagar College of Engineering,Aster Mobility,Software Engineer,Offer,8.0,2026-08-07T19:27
APP00958,STU01193,COL005,New Horizon College of Engineering,BrightWorks,Business Analyst,Screening,,2026-07-24T19:43
APP00959,STU01573,COL006,CMR Institute of Technology,InfiCore,Data Analyst,Screening,,2026-09-16T09:03
APP00960,STU00173,COL001,BMS Institute of Technology,DataNest,ML Engineer,Offer,8.0,2026-08-21T12:58
APP00961,STU00761,COL001,BMS Institute of Technology,FinEdge Solutions,Data Analyst,Interview,,2026-08-31T12:05
APP00962,STU01950,COL004,Dayananda Sagar College of Engineering,CodeCraft,Business Analyst,Interview,,2026-08-15T18:00
APP00963,STU01010,COL003,PES University,Orion Analytics,ML Engineer,Interview,,2026-09-06T09:32
APP00964,STU02196,COL003,PES University,CodeCraft,Data Analyst,Screening,,2026-09-03T13:50
APP00965,STU00659,COL002,RV College of Engineering,BrightWorks,Data Analyst,Interview,,2026-08-31T19:32
APP00966,STU00169,COL004,Dayananda Sagar College of Engineering,TechForge,Frontend Developer,Interview,,2026-08-11T11:40
APP00967,STU00735,COL002,RV College of Engineering,BlueOrbit Labs,ML Engineer,Interview,,2026-09-30T15:27
APP00968,STU00970,COL005,New Horizon College of Engineering,DataNest,Frontend Developer,Rejected,,2026-07-28T18:43
APP00969,STU00313,COL001,BMS Institute of Technology,NextGen Labs,Frontend Developer,Offer,12.0,2026-08-18T12:31
APP00970,STU01874,COL004,Dayananda Sagar College of Engineering,DataNest,Software Engineer,Applied,,2026-08-11T12:11
APP00971,STU00511,COL004,Dayananda Sagar College of Engineering,CloudMinds,Software Engineer,Screening,,2026-09-02T14:29
APP00972,STU02158,COL003,PES University,DataNest,Frontend Developer,Applied,,2026-10-06T17:59
APP00973,STU00951,COL004,Dayananda Sagar College of Engineering,BrightWorks,Software Engineer,Screening,,2026-09-13T20:11
APP00974,STU00319,COL003,PES University,InfiCore,Business Analyst,Rejected,,2026-08-18T10:46
APP00975,STU02014,COL003,PES University,TechForge,Data Analyst,Applied,,2026-07-20T17:52
APP00976,STU00511,COL004,Dayananda Sagar College of Engineering,BrightWorks,ML Engineer,Interview,,2026-09-02T14:29
APP00977,STU00230,COL006,CMR Institute of Technology,NextGen Labs,ML Engineer,Applied,,2026-08-03T16:55
APP00978,STU01499,COL004,Dayananda Sagar College of Engineering,InfiCore,ML Engineer,Applied,,2026-08-07T12:02
APP00979,STU01712,COL001,BMS Institute of Technology,BrightWorks,Data Analyst,Rejected,,2026-08-30T12:58
APP00980,STU00674,COL003,PES University,CodeCraft,Data Analyst,Screening,,2026-07-24T21:00
APP00981,STU00406,COL003,PES University,InfiCore,Business Analyst,Offer,4.8,2026-08-09T17:52
APP00982,STU00015,COL001,BMS Institute of Technology,Vertex Digital,Frontend Developer,Interview,,2026-09-07T13:26
APP00983,STU01983,COL006,CMR Institute of Technology,Vertex Digital,Software Engineer,Applied,,2026-08-29T15:10
APP00984,STU01342,COL005,New Horizon College of Engineering,Orion Analytics,Business Analyst,Rejected,,2026-08-01T18:06
APP00985,STU01522,COL004,Dayananda Sagar College of Engineering,Nova Systems,Frontend Developer,Rejected,,2026-08-21T15:55
APP00986,STU00202,COL005,New Horizon College of Engineering,CloudMinds,Data Analyst,Interview,,2026-08-12T18:09
APP00987,STU01613,COL004,Dayananda Sagar College of Engineering,Orion Analytics,Software Engineer,Offer,9.7,2026-07-26T14:58
APP00988,STU00661,COL006,CMR Institute of Technology,Vertex Digital,Business Analyst,Offer,4.6,2026-09-13T14:33
APP00989,STU01317,COL006,CMR Institute of Technology,QuantEdge,Data Analyst,Placed,11.4,2026-08-19T14:38
APP00990,STU01686,COL006,CMR Institute of Technology,BlueOrbit Labs,Backend Developer,Screening,,2026-07-12T13:54
APP00991,STU01062,COL001,BMS Institute of Technology,PrimeStack,ML Engineer,Interview,,2026-07-05T17:38
APP00992,STU01475,COL003,PES University,DataNest,Frontend Developer,Interview,,2026-08-20T19:20
APP00993,STU00461,COL004,Dayananda Sagar College of Engineering,DataNest,Data Analyst,Offer,5.7,2026-08-14T18:57
APP00994,STU00001,COL005,New Horizon College of Engineering,Vertex Digital,Business Analyst,Applied,,2026-08-08T17:20
APP00995,STU00534,COL004,Dayananda Sagar College of Engineering,CloudMinds,Frontend Developer,Rejected,,2026-09-09T18:46
APP00996,STU00624,COL006,CMR Institute of Technology,Vertex Digital,Business Analyst,Screening,,2026-10-07T13:07
APP00997,STU01578,COL006,CMR Institute of Technology,Nova Systems,Data Analyst,Applied,,2026-07-25T09:16
APP00998,STU01374,COL001,BMS Institute of Technology,Nova Systems,Business Analyst,Interview,,2026-08-26T12:54
APP00999,STU01310,COL004,Dayananda Sagar College of Engineering,PrimeStack,Backend Developer,Applied,,2026-09-06T09:28
APP01000,STU00642,COL006,CMR Institute of Technology,PrimeStack,Data Analyst,Applied,,2026-08-10T16:17
APP01001,STU00018,COL001,BMS Institute of Technology,CodeCraft,Software Engineer,Screening,,2026-09-13T10:45
APP01002,STU00475,COL001,BMS Institute of Technology,BrightWorks,Business Analyst,Applied,,2026-08-12T12:00
APP01003,STU00322,COL003,PES University,Orion Analytics,Software Engineer,Interview,,2026-08-14T19:38
APP01004,STU02053,COL004,Dayananda Sagar College of Engineering,CloudMinds,ML Engineer,Applied,,2026-07-23T18:04
APP01005,STU02329,COL001,BMS Institute of Technology,CodeCraft,Frontend Developer,Applied,,2026-08-20T13:34
APP01006,STU00463,COL004,Dayananda Sagar College of Engineering,NextGen Labs,Frontend Developer,Interview,,2026-07-23T10:29
APP01007,STU01043,COL005,New Horizon College of Engineering,Orion Analytics,Frontend Developer,Interview,,2026-08-18T20:03
APP01008,STU01618,COL004,Dayananda Sagar College of Engineering,Nova Systems,Backend Developer,Applied,,2026-09-20T16:01
APP01009,STU00830,COL004,Dayananda Sagar College of Engineering,QuantEdge,Data Analyst,Interview,,2026-08-25T12:01
APP01010,STU00446,COL004,Dayananda Sagar College of Engineering,DataNest,Data Analyst,Applied,,2026-09-21T10:40
APP01011,STU02347,COL001,BMS Institute of Technology,DataNest,Backend Developer,Placed,6.1,2026-08-08T14:42
APP01012,STU02091,COL006,CMR Institute of Technology,CloudMinds,Data Analyst,Screening,,2026-08-26T12:21
APP01013,STU01439,COL004,Dayananda Sagar College of Engineering,Aster Mobility,Data Analyst,Applied,,2026-08-26T09:53
APP01014,STU02205,COL003,PES University,Aster Mobility,ML Engineer,Offer,5.2,2026-08-18T09:04
APP01015,STU01598,COL003,PES University,CloudMinds,Frontend Developer,Applied,,2026-09-06T11:16
APP01016,STU00692,COL001,BMS Institute of Technology,CodeCraft,ML Engineer,Placed,14.6,2026-08-25T16:53
APP01017,STU01748,COL002,RV College of Engineering,PrimeStack,ML Engineer,Rejected,,2026-08-12T15:09
APP01018,STU01779,COL001,BMS Institute of Technology,CloudMinds,Frontend Developer,Interview,,2026-07-27T11:35
APP01019,STU00649,COL005,New Horizon College of Engineering,Nova Systems,ML Engineer,Screening,,2026-08-04T19:02
APP01020,STU01336,COL003,PES University,Nova Systems,Backend Developer,Rejected,,2026-08-02T14:25
APP01021,STU01230,COL003,PES University,Nova Systems,Data Analyst,Offer,7.0,2026-08-19T16:07
APP01022,STU00203,COL002,RV College of Engineering,Aster Mobility,ML Engineer,Screening,,2026-08-20T09:32
APP01023,STU01203,COL002,RV College of Engineering,InfiCore,Business Analyst,Interview,,2026-08-04T18:48
APP01024,STU00034,COL006,CMR Institute of Technology,Vertex Digital,Business Analyst,Screening,,2026-07-08T18:00
APP01025,STU00440,COL001,BMS Institute of Technology,BrightWorks,Software Engineer,Screening,,2026-07-13T16:08
APP01026,STU02031,COL003,PES University,CloudMinds,Data Analyst,Offer,5.4,2026-08-01T09:17
APP01027,STU00038,COL002,RV College of Engineering,CloudMinds,Data Analyst,Placed,12.7,2026-08-28T16:20
APP01028,STU00881,COL003,PES University,NextGen Labs,ML Engineer,Offer,12.0,2026-08-07T18:14
APP01029,STU01586,COL006,CMR Institute of Technology,PrimeStack,Frontend Developer,Rejected,,2026-08-15T12:04
APP01030,STU00707,COL003,PES University,DataNest,Backend Developer,Applied,,2026-08-13T19:24
APP01031,STU00316,COL003,PES University,InfiCore,Data Analyst,Screening,,2026-09-01T19:35
APP01032,STU00483,COL006,CMR Institute of Technology,InfiCore,ML Engineer,Offer,5.6,2026-10-02T10:56
APP01033,STU02353,COL001,BMS Institute of Technology,QuantEdge,Business Analyst,Applied,,2026-09-21T15:51
APP01034,STU00507,COL002,RV College of Engineering,Vertex Digital,Backend Developer,Rejected,,2026-08-07T18:29
APP01035,STU02363,COL002,RV College of Engineering,BlueOrbit Labs,Frontend Developer,Rejected,,2026-08-16T10:39
APP01036,STU00742,COL003,PES University,TechForge,Software Engineer,Applied,,2026-09-11T14:28
APP01037,STU00002,COL003,PES University,InfiCore,ML Engineer,Screening,,2026-08-16T15:26
APP01038,STU00452,COL005,New Horizon College of Engineering,CloudMinds,Frontend Developer,Offer,6.0,2026-08-16T17:55
APP01039,STU01240,COL002,RV College of Engineering,Aster Mobility,Software Engineer,Screening,,2026-08-28T18:49
APP01040,STU00769,COL003,PES University,DataNest,Business Analyst,Offer,7.7,2026-09-22T17:01
APP01041,STU01952,COL006,CMR Institute of Technology,NextGen Labs,Business Analyst,Rejected,,2026-08-23T19:56
APP01042,STU02013,COL006,CMR Institute of Technology,PrimeStack,Data Analyst,Interview,,2026-08-23T17:20
APP01043,STU00339,COL004,Dayananda Sagar College of Engineering,Vertex Digital,Backend Developer,Placed,7.8,2026-09-20T18:35
APP01044,STU00659,COL002,RV College of Engineering,Nova Systems,Data Analyst,Interview,,2026-09-16T19:32
APP01045,STU01378,COL005,New Horizon College of Engineering,QuantEdge,Backend Developer,Placed,8.2,2026-09-18T19:22
APP01046,STU02357,COL006,CMR Institute of Technology,CodeCraft,ML Engineer,Screening,,2026-08-27T19:13
APP01047,STU00892,COL004,Dayananda Sagar College of Engineering,BlueOrbit Labs,Frontend Developer,Screening,,2026-09-21T18:48
APP01048,STU00273,COL003,PES University,Vertex Digital,Data Analyst,Interview,,2026-09-11T19:32
APP01049,STU00414,COL004,Dayananda Sagar College of Engineering,PrimeStack,ML Engineer,Offer,5.2,2026-08-26T12:56
APP01050,STU01449,COL006,CMR Institute of Technology,PrimeStack,Business Analyst,Interview,,2026-08-13T17:48
APP01051,STU01240,COL002,RV College of Engineering,Orion Analytics,Frontend Developer,Applied,,2026-07-21T18:49
APP01052,STU01554,COL003,PES University,Nova Systems,ML Engineer,Interview,,2026-08-25T18:44
APP01053,STU01621,COL001,BMS Institute of Technology,Vertex Digital,Business Analyst,Rejected,,2026-08-13T17:57
APP01054,STU00811,COL002,RV College of Engineering,PrimeStack,Software Engineer,Screening,,2026-08-02T18:25
APP01055,STU01131,COL006,CMR Institute of Technology,QuantEdge,Business Analyst,Interview,,2026-07-16T14:04
APP01056,STU01937,COL003,PES University,Nova Systems,Software Engineer,Applied,,2026-09-15T12:56
APP01057,STU00806,COL006,CMR Institute of Technology,TechForge,ML Engineer,Applied,,2026-07-12T09:22
APP01058,STU02196,COL003,PES University,PrimeStack,Frontend Developer,Applied,,2026-09-02T13:50
APP01059,STU02353,COL001,BMS Institute of Technology,Vertex Digital,Data Analyst,Rejected,,2026-09-13T15:51
APP01060,STU00967,COL005,New Horizon College of Engineering,QuantEdge,Frontend Developer,Screening,,2026-08-01T19:18
APP01061,STU02200,COL001,BMS Institute of Technology,Aster Mobility,Frontend Developer,Screening,,2026-09-13T11:03
APP01062,STU01034,COL004,Dayananda Sagar College of Engineering,DataNest,Business Analyst,Rejected,,2026-08-22T20:45
APP01063,STU01118,COL003,PES University,InfiCore,Business Analyst,Screening,,2026-08-17T16:26
APP01064,STU01854,COL005,New Horizon College of Engineering,PrimeStack,Data Analyst,Rejected,,2026-08-17T19:19
APP01065,STU00995,COL005,New Horizon College of Engineering,Vertex Digital,ML Engineer,Rejected,,2026-09-01T12:32
APP01066,STU00472,COL002,RV College of Engineering,CodeCraft,Backend Developer,Screening,,2026-09-07T14:10
APP01067,STU01330,COL006,CMR Institute of Technology,Nova Systems,Backend Developer,Rejected,,2026-08-29T17:22
APP01068,STU00628,COL002,RV College of Engineering,Aster Mobility,Software Engineer,Applied,,2026-07-27T12:44
APP01069,STU00928,COL003,PES University,Orion Analytics,ML Engineer,Rejected,,2026-09-10T16:59
APP01070,STU01943,COL005,New Horizon College of Engineering,CloudMinds,Data Analyst,Offer,6.9,2026-08-04T11:28
APP01071,STU01563,COL001,BMS Institute of Technology,DataNest,ML Engineer,Screening,,2026-08-15T09:40
APP01072,STU02152,COL002,RV College of Engineering,Nova Systems,Business Analyst,Screening,,2026-08-04T10:42
APP01073,STU02123,COL005,New Horizon College of Engineering,Nova Systems,Frontend Developer,Offer,7.7,2026-08-07T14:50
APP01074,STU01179,COL003,PES University,BlueOrbit Labs,Software Engineer,Applied,,2026-08-16T16:23
APP01075,STU00562,COL004,Dayananda Sagar College of Engineering,TechForge,Frontend Developer,Interview,,2026-08-13T09:03
APP01076,STU01144,COL002,RV College of Engineering,PrimeStack,Backend Developer,Interview,,2026-08-31T09:03
APP01077,STU00092,COL003,PES University,CloudMinds,ML Engineer,Placed,13.9,2026-08-31T10:17
APP01078,STU00654,COL001,BMS Institute of Technology,BlueOrbit Labs,ML Engineer,Applied,,2026-08-19T16:16
APP01079,STU00302,COL002,RV College of Engineering,QuantEdge,Data Analyst,Offer,5.5,2026-07-19T19:36
APP01080,STU01304,COL002,RV College of Engineering,DataNest,ML Engineer,Applied,,2026-08-20T19:28
APP01081,STU01713,COL005,New Horizon College of Engineering,BrightWorks,Software Engineer,Applied,,2026-07-12T20:18
APP01082,STU02005,COL006,CMR Institute of Technology,NextGen Labs,ML Engineer,Rejected,,2026-09-19T13:54
APP01083,STU00901,COL005,New Horizon College of Engineering,InfiCore,Frontend Developer,Applied,,2026-07-17T14:09
APP01084,STU00476,COL006,CMR Institute of Technology,PrimeStack,Frontend Developer,Applied,,2026-08-25T09:32
APP01085,STU02280,COL003,PES University,Vertex Digital,Software Engineer,Placed,5.3,2026-09-05T17:50
APP01086,STU02325,COL006,CMR Institute of Technology,BlueOrbit Labs,Frontend Developer,Interview,,2026-08-14T11:50
APP01087,STU01581,COL006,CMR Institute of Technology,CodeCraft,Software Engineer,Rejected,,2026-08-22T16:17
APP01088,STU01891,COL004,Dayananda Sagar College of Engineering,BlueOrbit Labs,ML Engineer,Applied,,2026-07-13T19:31
APP01089,STU02344,COL001,BMS Institute of Technology,PrimeStack,Software Engineer,Rejected,,2026-09-05T15:37
APP01090,STU02270,COL006,CMR Institute of Technology,Nova Systems,Business Analyst,Applied,,2026-08-31T16:35
APP01091,STU00004,COL003,PES University,Nova Systems,Software Engineer,Applied,,2026-08-27T11:42
APP01092,STU01732,COL006,CMR Institute of Technology,PrimeStack,ML Engineer,Interview,,2026-08-13T09:48
APP01093,STU01980,COL002,RV College of Engineering,Vertex Digital,Data Analyst,Applied,,2026-08-27T18:01
APP01094,STU01303,COL005,New Horizon College of Engineering,QuantEdge,Business Analyst,Interview,,2026-09-14T13:29
APP01095,STU02210,COL004,Dayananda Sagar College of Engineering,Aster Mobility,Data Analyst,Interview,,2026-08-15T16:04
APP01096,STU02374,COL006,CMR Institute of Technology,TechForge,Business Analyst,Offer,9.5,2026-09-10T16:49
APP01097,STU01226,COL005,New Horizon College of Engineering,CloudMinds,Backend Developer,Applied,,2026-09-07T17:43
APP01098,STU00857,COL002,RV College of Engineering,Aster Mobility,Business Analyst,Applied,,2026-09-28T14:58
APP01099,STU01331,COL001,BMS Institute of Technology,Vertex Digital,Business Analyst,Placed,9.1,2026-08-25T10:00
APP01100,STU00579,COL005,New Horizon College of Engineering,PrimeStack,Frontend Developer,Interview,,2026-08-11T09:28
APP01101,STU00880,COL004,Dayananda Sagar College of Engineering,Vertex Digital,Software Engineer,Offer,5.2,2026-09-11T13:49
APP01102,STU01665,COL004,Dayananda Sagar College of Engineering,CloudMinds,Business Analyst,Applied,,2026-07-30T18:01
APP01103,STU01039,COL004,Dayananda Sagar College of Engineering,Vertex Digital,Data Analyst,Rejected,,2026-08-02T12:13
APP01104,STU01383,COL002,RV College of Engineering,CodeCraft,Frontend Developer,Rejected,,2026-09-04T17:20
APP01105,STU02323,COL001,BMS Institute of Technology,DataNest,Data Analyst,Screening,,2026-09-13T12:50
APP01106,STU00707,COL003,PES University,InfiCore,Software Engineer,Interview,,2026-09-12T19:24
APP01107,STU00321,COL001,BMS Institute of Technology,CodeCraft,Data Analyst,Applied,,2026-07-20T11:03
APP01108,STU01317,COL006,CMR Institute of Technology,InfiCore,Backend Developer,Rejected,,2026-08-05T14:38
APP01109,STU01047,COL004,Dayananda Sagar College of Engineering,Nova Systems,Business Analyst,Interview,,2026-09-11T15:07
APP01110,STU00994,COL004,Dayananda Sagar College of Engineering,BrightWorks,Data Analyst,Applied,,2026-08-24T12:24
APP01111,STU01690,COL002,RV College of Engineering,NextGen Labs,Frontend Developer,Rejected,,2026-10-01T10:18
APP01112,STU00807,COL005,New Horizon College of Engineering,DataNest,ML Engineer,Offer,11.3,2026-08-04T10:51
APP01113,STU00643,COL005,New Horizon College of Engineering,BlueOrbit Labs,Business Analyst,Applied,,2026-09-26T11:40
APP01114,STU00461,COL004,Dayananda Sagar College of Engineering,NextGen Labs,Frontend Developer,Applied,,2026-08-24T18:57
APP01115,STU00072,COL006,CMR Institute of Technology,NextGen Labs,Data Analyst,Screening,,2026-09-15T17:32
APP01116,STU01049,COL002,RV College of Engineering,BlueOrbit Labs,Business Analyst,Rejected,,2026-08-30T11:07
APP01117,STU01171,COL006,CMR Institute of Technology,NextGen Labs,Business Analyst,Screening,,2026-09-25T12:59
APP01118,STU00060,COL002,RV College of Engineering,PrimeStack,Business Analyst,Rejected,,2026-07-16T18:45
APP01119,STU00134,COL005,New Horizon College of Engineering,CodeCraft,Backend Developer,Interview,,2026-07-11T18:30
APP01120,STU01797,COL006,CMR Institute of Technology,Nova Systems,Frontend Developer,Applied,,2026-09-29T17:16
APP01121,STU01758,COL005,New Horizon College of Engineering,BlueOrbit Labs,Data Analyst,Applied,,2026-09-13T20:54
APP01122,STU01334,COL004,Dayananda Sagar College of Engineering,DataNest,Backend Developer,Interview,,2026-07-24T13:27
APP01123,STU01774,COL005,New Horizon College of Engineering,PrimeStack,Data Analyst,Offer,5.3,2026-08-16T16:31
APP01124,STU02347,COL001,BMS Institute of Technology,CodeCraft,Software Engineer,Placed,6.4,2026-08-06T14:42
APP01125,STU01130,COL003,PES University,BrightWorks,Software Engineer,Interview,,2026-08-20T13:34
APP01126,STU02010,COL004,Dayananda Sagar College of Engineering,CloudMinds,Data Analyst,Offer,8.0,2026-08-25T11:32
APP01127,STU01818,COL002,RV College of Engineering,Nova Systems,Business Analyst,Screening,,2026-09-07T09:22
APP01128,STU00811,COL002,RV College of Engineering,InfiCore,ML Engineer,Placed,8.0,2026-09-02T18:25
APP01129,STU02121,COL004,Dayananda Sagar College of Engineering,FinEdge Solutions,Backend Developer,Applied,,2026-08-18T10:15
APP01130,STU01167,COL003,PES University,InfiCore,Backend Developer,Screening,,2026-09-06T19:16
APP01131,STU00697,COL003,PES University,InfiCore,Data Analyst,Applied,,2026-08-19T12:25
APP01132,STU01849,COL005,New Horizon College of Engineering,DataNest,Software Engineer,Rejected,,2026-07-26T17:48
APP01133,STU02275,COL004,Dayananda Sagar College of Engineering,CloudMinds,Business Analyst,Rejected,,2026-09-02T11:37
APP01134,STU01672,COL002,RV College of Engineering,TechForge,Frontend Developer,Interview,,2026-07-13T15:44
APP01135,STU01645,COL005,New Horizon College of Engineering,BrightWorks,Frontend Developer,Offer,13.9,2026-08-12T16:50
APP01136,STU02139,COL006,CMR Institute of Technology,TechForge,Business Analyst,Placed,4.4,2026-09-07T20:38
APP01137,STU00374,COL001,BMS Institute of Technology,Nova Systems,Frontend Developer,Screening,,2026-08-02T15:50
APP01138,STU01063,COL001,BMS Institute of Technology,BrightWorks,Frontend Developer,Rejected,,2026-09-07T21:00
APP01139,STU00833,COL005,New Horizon College of Engineering,PrimeStack,Software Engineer,Screening,,2026-08-06T14:16
APP01140,STU00955,COL001,BMS Institute of Technology,NextGen Labs,ML Engineer,Offer,12.1,2026-08-26T19:25
APP01141,STU00417,COL001,BMS Institute of Technology,Orion Analytics,Data Analyst,Interview,,2026-08-11T15:59
APP01142,STU01430,COL004,Dayananda Sagar College of Engineering,PrimeStack,Frontend Developer,Applied,,2026-08-31T16:02
APP01143,STU01120,COL001,BMS Institute of Technology,DataNest,Software Engineer,Applied,,2026-07-30T18:10
APP01144,STU02076,COL005,New Horizon College of Engineering,BlueOrbit Labs,Data Analyst,Screening,,2026-09-09T16:52
APP01145,STU01282,COL003,PES University,Orion Analytics,Backend Developer,Offer,11.3,2026-08-16T16:56
APP01146,STU00811,COL002,RV College of Engineering,Aster Mobility,Frontend Developer,Placed,5.3,2026-09-08T18:25
APP01147,STU01455,COL005,New Horizon College of Engineering,CodeCraft,Software Engineer,Screening,,2026-07-31T18:14
APP01148,STU01118,COL003,PES University,NextGen Labs,Frontend Developer,Screening,,2026-08-25T16:26
APP01149,STU01274,COL004,Dayananda Sagar College of Engineering,BlueOrbit Labs,Business Analyst,Offer,10.8,2026-09-04T20:43
APP01150,STU01515,COL006,CMR Institute of Technology,PrimeStack,Business Analyst,Applied,,2026-08-22T19:11
APP01151,STU01189,COL003,PES University,DataNest,Backend Developer,Applied,,2026-08-30T10:18
APP01152,STU00593,COL003,PES University,CodeCraft,Data Analyst,Applied,,2026-07-20T12:53
APP01153,STU01097,COL001,BMS Institute of Technology,CloudMinds,Backend Developer,Placed,8.2,2026-07-22T10:34
APP01154,STU01100,COL005,New Horizon College of Engineering,Aster Mobility,Frontend Developer,Screening,,2026-08-07T19:25
APP01155,STU01992,COL002,RV College of Engineering,Aster Mobility,Frontend Developer,Offer,4.5,2026-09-05T11:40
APP01156,STU00559,COL004,Dayananda Sagar College of Engineering,CloudMinds,ML Engineer,Applied,,2026-08-05T10:50
APP01157,STU01582,COL005,New Horizon College of Engineering,BrightWorks,Data Analyst,Offer,8.9,2026-08-31T16:50
APP01158,STU00996,COL001,BMS Institute of Technology,TechForge,Backend Developer,Offer,10.1,2026-08-18T14:44
APP01159,STU01021,COL001,BMS Institute of Technology,Vertex Digital,ML Engineer,Interview,,2026-08-23T14:42
APP01160,STU00934,COL005,New Horizon College of Engineering,TechForge,Software Engineer,Interview,,2026-08-14T09:16
APP01161,STU00438,COL002,RV College of Engineering,BrightWorks,Frontend Developer,Screening,,2026-09-07T09:27
APP01162,STU02318,COL003,PES University,Nova Systems,Backend Developer,Screening,,2026-08-24T18:25
APP01163,STU01369,COL003,PES University,Aster Mobility,Frontend Developer,Applied,,2026-09-03T10:09
APP01164,STU01897,COL001,BMS Institute of Technology,BlueOrbit Labs,ML Engineer,Applied,,2026-08-19T11:19
APP01165,STU02160,COL002,RV College of Engineering,DataNest,Software Engineer,Screening,,2026-08-12T14:07
APP01166,STU00682,COL006,CMR Institute of Technology,BrightWorks,Business Analyst,Interview,,2026-09-16T13:02
APP01167,STU01140,COL003,PES University,CodeCraft,Software Engineer,Screening,,2026-08-18T18:03
APP01168,STU01581,COL006,CMR Institute of Technology,InfiCore,Data Analyst,Rejected,,2026-09-10T16:17
APP01169,STU02317,COL003,PES University,BlueOrbit Labs,ML Engineer,Screening,,2026-09-02T17:57
APP01170,STU02026,COL003,PES University,Nova Systems,Business Analyst,Interview,,2026-07-16T11:04
APP01171,STU01838,COL006,CMR Institute of Technology,FinEdge Solutions,Frontend Developer,Offer,9.3,2026-08-21T12:03
APP01172,STU00393,COL001,BMS Institute of Technology,BlueOrbit Labs,ML Engineer,Applied,,2026-09-14T09:48
APP01173,STU00384,COL002,RV College of Engineering,PrimeStack,Software Engineer,Applied,,2026-08-09T14:32
APP01174,STU00774,COL001,BMS Institute of Technology,Nova Systems,Data Analyst,Screening,,2026-08-24T09:55
APP01175,STU01348,COL002,RV College of Engineering,QuantEdge,Software Engineer,Screening,,2026-08-22T10:27
APP01176,STU02036,COL006,CMR Institute of Technology,BrightWorks,Business Analyst,Screening,,2026-08-21T14:58
APP01177,STU01981,COL002,RV College of Engineering,Orion Analytics,Data Analyst,Applied,,2026-07-15T18:17
APP01178,STU01493,COL003,PES University,TechForge,Frontend Developer,Screening,,2026-09-14T18:25
APP01179,STU02361,COL004,Dayananda Sagar College of Engineering,NextGen Labs,ML Engineer,Interview,,2026-08-27T18:25
APP01180,STU00511,COL004,Dayananda Sagar College of Engineering,Nova Systems,ML Engineer,Applied,,2026-09-13T14:29
APP01181,STU00956,COL006,CMR Institute of Technology,BrightWorks,Business Analyst,Applied,,2026-09-12T17:38
APP01182,STU01898,COL005,New Horizon College of Engineering,PrimeStack,Backend Developer,Applied,,2026-08-23T10:43
APP01183,STU00286,COL006,CMR Institute of Technology,CloudMinds,Frontend Developer,Placed,8.8,2026-07-12T18:59
APP01184,STU01355,COL005,New Horizon College of Engineering,PrimeStack,Frontend Developer,Rejected,,2026-09-04T11:27
APP01185,STU01283,COL004,Dayananda Sagar College of Engineering,FinEdge Solutions,Backend Developer,Applied,,2026-09-01T14:17
APP01186,STU00460,COL001,BMS Institute of Technology,Aster Mobility,Business Analyst,Offer,6.4,2026-07-06T09:14
APP01187,STU01111,COL005,New Horizon College of Engineering,BlueOrbit Labs,Software Engineer,Screening,,2026-09-07T19:08
APP01188,STU01940,COL005,New Horizon College of Engineering,PrimeStack,Data Analyst,Placed,5.8,2026-08-03T11:53
APP01189,STU00725,COL003,PES University,FinEdge Solutions,Software Engineer,Screening,,2026-08-04T12:23
APP01190,STU00759,COL001,BMS Institute of Technology,Nova Systems,ML Engineer,Applied,,2026-09-06T20:25
APP01191,STU00429,COL001,BMS Institute of Technology,Nova Systems,Business Analyst,Offer,6.8,2026-08-06T09:55
APP01192,STU00076,COL003,PES University,FinEdge Solutions,Frontend Developer,Screening,,2026-08-14T14:20
APP01193,STU01336,COL003,PES University,PrimeStack,Software Engineer,Screening,,2026-08-06T14:25
APP01194,STU01601,COL001,BMS Institute of Technology,QuantEdge,Software Engineer,Rejected,,2026-08-09T09:44
APP01195,STU00127,COL005,New Horizon College of Engineering,Vertex Digital,Software Engineer,Applied,,2026-09-05T09:26
APP01196,STU01161,COL004,Dayananda Sagar College of Engineering,InfiCore,Software Engineer,Rejected,,2026-09-20T10:51
APP01197,STU02257,COL003,PES University,BrightWorks,Software Engineer,Screening,,2026-08-13T17:31
APP01198,STU01373,COL001,BMS Institute of Technology,Nova Systems,Software Engineer,Rejected,,2026-07-25T17:05
APP01199,STU01891,COL004,Dayananda Sagar College of Engineering,PrimeStack,Business Analyst,Screening,,2026-07-16T19:31
APP01200,STU02163,COL002,RV College of Engineering,NextGen Labs,ML Engineer,Applied,,2026-08-17T18:28
APP01201,STU02050,COL004,Dayananda Sagar College of Engineering,Vertex Digital,Software Engineer,Applied,,2026-08-22T14:02
APP01202,STU02040,COL002,RV College of Engineering,CodeCraft,Backend Developer,Rejected,,2026-09-17T18:32
APP01203,STU00735,COL002,RV College of Engineering,CloudMinds,Business Analyst,Screening,,2026-08-31T15:27
APP01204,STU00855,COL002,RV College of Engineering,CloudMinds,Software Engineer,Screening,,2026-08-28T20:13
APP01205,STU01988,COL003,PES University,NextGen Labs,Business Analyst,Interview,,2026-08-30T09:14
APP01206,STU01631,COL005,New Horizon College of Engineering,Orion Analytics,Data Analyst,Applied,,2026-08-31T15:46
APP01207,STU00240,COL005,New Horizon College of Engineering,Nova Systems,Business Analyst,Applied,,2026-08-29T13:43
APP01208,STU00150,COL003,PES University,NextGen Labs,ML Engineer,Interview,,2026-08-14T20:55
APP01209,STU01007,COL003,PES University,NextGen Labs,Software Engineer,Screening,,2026-08-09T20:25
APP01210,STU01161,COL004,Dayananda Sagar College of Engineering,Nova Systems,Backend Developer,Offer,8.1,2026-09-17T10:51
APP01211,STU00790,COL003,PES University,Orion Analytics,ML Engineer,Applied,,2026-09-09T13:54
APP01212,STU02331,COL005,New Horizon College of Engineering,DataNest,Software Engineer,Applied,,2026-08-22T18:18
APP01213,STU01129,COL002,RV College of Engineering,Vertex Digital,Backend Developer,Applied,,2026-07-20T13:29
APP01214,STU01405,COL004,Dayananda Sagar College of Engineering,Nova Systems,Business Analyst,Offer,6.5,2026-08-07T15:37
APP01215,STU00501,COL002,RV College of Engineering,CodeCraft,ML Engineer,Offer,5.5,2026-08-12T20:35
APP01216,STU01774,COL005,New Horizon College of Engineering,TechForge,Data Analyst,Applied,,2026-09-05T16:31
APP01217,STU01878,COL004,Dayananda Sagar College of Engineering,FinEdge Solutions,Data Analyst,Offer,11.9,2026-07-26T14:49
APP01218,STU00250,COL002,RV College of Engineering,BrightWorks,Backend Developer,Screening,,2026-09-04T14:07
APP01219,STU01421,COL005,New Horizon College of Engineering,CodeCraft,Data Analyst,Screening,,2026-09-19T15:10
APP01220,STU02319,COL003,PES University,BlueOrbit Labs,Data Analyst,Applied,,2026-08-27T13:40
APP01221,STU00703,COL004,Dayananda Sagar College of Engineering,NextGen Labs,Frontend Developer,Rejected,,2026-09-01T15:24
APP01222,STU02382,COL002,RV College of Engineering,Aster Mobility,Business Analyst,Applied,,2026-09-04T10:14
APP01223,STU01018,COL001,BMS Institute of Technology,DataNest,ML Engineer,Screening,,2026-08-23T10:14
APP01224,STU01277,COL001,BMS Institute of Technology,FinEdge Solutions,Frontend Developer,Rejected,,2026-08-23T19:19
APP01225,STU02381,COL001,BMS Institute of Technology,CodeCraft,Software Engineer,Screening,,2026-08-12T17:38
APP01226,STU00018,COL001,BMS Institute of Technology,QuantEdge,Backend Developer,Rejected,,2026-08-23T10:45
APP01227,STU01785,COL006,CMR Institute of Technology,CodeCraft,Data Analyst,Applied,,2026-08-09T12:39
APP01228,STU00884,COL004,Dayananda Sagar College of Engineering,BrightWorks,Business Analyst,Placed,11.1,2026-09-16T18:20
APP01229,STU00473,COL001,BMS Institute of Technology,CloudMinds,ML Engineer,Applied,,2026-08-01T18:43
APP01230,STU01383,COL002,RV College of Engineering,BlueOrbit Labs,Backend Developer,Rejected,,2026-08-29T17:20
APP01231,STU01098,COL005,New Horizon College of Engineering,QuantEdge,Software Engineer,Screening,,2026-08-27T09:25
APP01232,STU00859,COL005,New Horizon College of Engineering,Orion Analytics,Business Analyst,Interview,,2026-07-29T20:55
APP01233,STU00218,COL004,Dayananda Sagar College of Engineering,DataNest,Business Analyst,Screening,,2026-09-07T09:45
APP01234,STU00235,COL006,CMR Institute of Technology,TechForge,Frontend Developer,Rejected,,2026-09-08T13:50
APP01235,STU00995,COL005,New Horizon College of Engineering,BrightWorks,Backend Developer,Applied,,2026-09-07T12:32
APP01236,STU00551,COL003,PES University,QuantEdge,ML Engineer,Applied,,2026-08-26T10:20
APP01237,STU00322,COL003,PES University,Orion Analytics,ML Engineer,Applied,,2026-08-19T19:38
APP01238,STU02151,COL001,BMS Institute of Technology,NextGen Labs,ML Engineer,Applied,,2026-07-20T14:51
APP01239,STU02276,COL001,BMS Institute of Technology,InfiCore,ML Engineer,Interview,,2026-09-07T18:10
APP01240,STU01104,COL003,PES University,CodeCraft,Data Analyst,Rejected,,2026-07-24T11:22
APP01241,STU00463,COL004,Dayananda Sagar College of Engineering,BrightWorks,Software Engineer,Rejected,,2026-08-14T10:29
APP01242,STU01138,COL002,RV College of Engineering,InfiCore,Software Engineer,Applied,,2026-09-10T19:46
APP01243,STU02302,COL002,RV College of Engineering,DataNest,Software Engineer,Rejected,,2026-08-17T14:43
APP01244,STU01492,COL006,CMR Institute of Technology,CloudMinds,Data Analyst,Rejected,,2026-09-09T10:41
APP01245,STU02141,COL006,CMR Institute of Technology,CloudMinds,Backend Developer,Offer,12.5,2026-08-22T19:29
APP01246,STU01988,COL003,PES University,Aster Mobility,Software Engineer,Placed,4.7,2026-09-05T09:14
APP01247,STU00751,COL005,New Horizon College of Engineering,Nova Systems,Frontend Developer,Offer,12.2,2026-08-10T16:40
APP01248,STU00037,COL001,BMS Institute of Technology,FinEdge Solutions,Backend Developer,Offer,11.6,2026-09-17T17:22
APP01249,STU01620,COL003,PES University,DataNest,Data Analyst,Screening,,2026-09-19T15:51
APP01250,STU01974,COL005,New Horizon College of Engineering,BrightWorks,ML Engineer,Screening,,2026-09-17T17:50
APP01251,STU00396,COL003,PES University,CloudMinds,ML Engineer,Screening,,2026-07-16T14:55
APP01252,STU00657,COL001,BMS Institute of Technology,FinEdge Solutions,Business Analyst,Rejected,,2026-07-29T12:10
APP01253,STU00539,COL006,CMR Institute of Technology,PrimeStack,Frontend Developer,Interview,,2026-08-27T19:58
APP01254,STU00509,COL005,New Horizon College of Engineering,QuantEdge,Business Analyst,Applied,,2026-09-01T11:44
APP01255,STU01002,COL003,PES University,Nova Systems,Data Analyst,Rejected,,2026-09-21T15:13
APP01256,STU01215,COL003,PES University,BrightWorks,Backend Developer,Screening,,2026-09-13T11:01
APP01257,STU01632,COL002,RV College of Engineering,BlueOrbit Labs,Software Engineer,Applied,,2026-07-28T15:02
APP01258,STU01318,COL006,CMR Institute of Technology,CodeCraft,ML Engineer,Interview,,2026-08-29T16:09
APP01259,STU00986,COL002,RV College of Engineering,BlueOrbit Labs,Frontend Developer,Rejected,,2026-07-21T17:22
APP01260,STU01174,COL001,BMS Institute of Technology,DataNest,Backend Developer,Placed,13.6,2026-08-17T20:39
APP01261,STU00236,COL003,PES University,BlueOrbit Labs,Data Analyst,Applied,,2026-08-16T09:19
APP01262,STU00134,COL005,New Horizon College of Engineering,DataNest,Business Analyst,Applied,,2026-08-05T18:30
APP01263,STU00826,COL001,BMS Institute of Technology,Orion Analytics,ML Engineer,Placed,12.3,2026-08-11T17:05
APP01264,STU01509,COL003,PES University,BlueOrbit Labs,Business Analyst,Screening,,2026-09-06T15:10
APP01265,STU00872,COL001,BMS Institute of Technology,Orion Analytics,Data Analyst,Rejected,,2026-07-27T11:53
APP01266,STU01838,COL006,CMR Institute of Technology,DataNest,Business Analyst,Applied,,2026-09-29T12:03
APP01267,STU01340,COL006,CMR Institute of Technology,CloudMinds,ML Engineer,Applied,,2026-08-20T20:04
APP01268,STU02032,COL006,CMR Institute of Technology,Nova Systems,Business Analyst,Screening,,2026-07-31T16:31
APP01269,STU01058,COL003,PES University,CloudMinds,Business Analyst,Interview,,2026-08-23T16:03
APP01270,STU00248,COL001,BMS Institute of Technology,InfiCore,Backend Developer,Applied,,2026-08-01T12:53
APP01271,STU00450,COL002,RV College of Engineering,PrimeStack,Backend Developer,Screening,,2026-08-06T20:21
APP01272,STU01112,COL001,BMS Institute of Technology,NextGen Labs,Backend Developer,Rejected,,2026-08-26T20:41
APP01273,STU01282,COL003,PES University,PrimeStack,Business Analyst,Rejected,,2026-07-26T16:56
APP01274,STU00882,COL001,BMS Institute of Technology,Nova Systems,Backend Developer,Rejected,,2026-08-01T12:52
APP01275,STU00656,COL005,New Horizon College of Engineering,CloudMinds,Frontend Developer,Interview,,2026-08-04T18:25
APP01276,STU01838,COL006,CMR Institute of Technology,NextGen Labs,Backend Developer,Screening,,2026-09-24T12:03
APP01277,STU00442,COL005,New Horizon College of Engineering,DataNest,ML Engineer,Rejected,,2026-08-16T17:07
APP01278,STU00861,COL005,New Horizon College of Engineering,BlueOrbit Labs,Software Engineer,Rejected,,2026-08-16T18:37
APP01279,STU01514,COL002,RV College of Engineering,CloudMinds,Business Analyst,Placed,9.5,2026-08-17T09:37
APP01280,STU02283,COL002,RV College of Engineering,Aster Mobility,ML Engineer,Offer,9.7,2026-07-27T14:04
APP01281,STU00385,COL006,CMR Institute of Technology,DataNest,Business Analyst,Rejected,,2026-08-18T18:58
APP01282,STU02145,COL005,New Horizon College of Engineering,NextGen Labs,Backend Developer,Interview,,2026-08-19T19:07
APP01283,STU00870,COL006,CMR Institute of Technology,CodeCraft,Software Engineer,Placed,5.9,2026-07-24T09:16
APP01284,STU00649,COL005,New Horizon College of Engineering,TechForge,Business Analyst,Offer,12.4,2026-08-06T19:02
APP01285,STU02006,COL006,CMR Institute of Technology,DataNest,Frontend Developer,Interview,,2026-08-17T17:02
APP01286,STU01244,COL003,PES University,BlueOrbit Labs,Software Engineer,Offer,4.9,2026-09-22T14:38
APP01287,STU02224,COL006,CMR Institute of Technology,FinEdge Solutions,Software Engineer,Applied,,2026-09-11T13:11
APP01288,STU02298,COL006,CMR Institute of Technology,CodeCraft,ML Engineer,Interview,,2026-08-19T12:03
APP01289,STU02264,COL002,RV College of Engineering,BrightWorks,Business Analyst,Applied,,2026-08-07T10:42
APP01290,STU01344,COL001,BMS Institute of Technology,FinEdge Solutions,Frontend Developer,Applied,,2026-09-14T15:39
APP01291,STU01163,COL006,CMR Institute of Technology,Nova Systems,Business Analyst,Screening,,2026-08-02T18:24
APP01292,STU00093,COL004,Dayananda Sagar College of Engineering,Orion Analytics,Backend Developer,Rejected,,2026-09-10T20:34
APP01293,STU00453,COL006,CMR Institute of Technology,Vertex Digital,Frontend Developer,Screening,,2026-08-27T17:01
APP01294,STU02043,COL005,New Horizon College of Engineering,DataNest,Software Engineer,Rejected,,2026-07-26T12:41
APP01295,STU00800,COL001,BMS Institute of Technology,Nova Systems,Business Analyst,Offer,7.9,2026-08-23T10:17
APP01296,STU00011,COL005,New Horizon College of Engineering,CloudMinds,Software Engineer,Interview,,2026-08-23T09:48
APP01297,STU02245,COL004,Dayananda Sagar College of Engineering,DataNest,Software Engineer,Offer,9.5,2026-07-03T10:55
APP01298,STU00833,COL005,New Horizon College of Engineering,BlueOrbit Labs,ML Engineer,Rejected,,2026-08-14T14:16
APP01299,STU02365,COL006,CMR Institute of Technology,Vertex Digital,Business Analyst,Interview,,2026-09-25T14:29
APP01300,STU00674,COL003,PES University,CodeCraft,Data Analyst,Applied,,2026-07-21T21:00
APP01301,STU01560,COL001,BMS Institute of Technology,Nova Systems,Business Analyst,Placed,6.5,2026-08-23T11:23
APP01302,STU00815,COL002,RV College of Engineering,CloudMinds,Data Analyst,Screening,,2026-08-20T13:48
APP01303,STU01478,COL001,BMS Institute of Technology,InfiCore,Frontend Developer,Offer,11.7,2026-08-07T13:36
APP01304,STU00346,COL005,New Horizon College of Engineering,Vertex Digital,ML Engineer,Applied,,2026-08-14T10:40
APP01305,STU00473,COL001,BMS Institute of Technology,BlueOrbit Labs,Backend Developer,Offer,6.4,2026-08-15T18:43
APP01306,STU01952,COL006,CMR Institute of Technology,Aster Mobility,Backend Developer,Rejected,,2026-08-18T19:56
APP01307,STU01618,COL004,Dayananda Sagar College of Engineering,QuantEdge,Backend Developer,Interview,,2026-09-11T16:01
APP01308,STU02086,COL006,CMR Institute of Technology,Vertex Digital,Backend Developer,Rejected,,2026-08-11T16:53
APP01309,STU00379,COL005,New Horizon College of Engineering,Vertex Digital,Business Analyst,Screening,,2026-07-16T18:28
APP01310,STU00046,COL003,PES University,BlueOrbit Labs,Software Engineer,Rejected,,2026-07-28T15:02
APP01311,STU00848,COL006,CMR Institute of Technology,Vertex Digital,Data Analyst,Interview,,2026-09-13T13:30
APP01312,STU01452,COL004,Dayananda Sagar College of Engineering,FinEdge Solutions,Business Analyst,Applied,,2026-08-15T19:47
APP01313,STU00837,COL001,BMS Institute of Technology,PrimeStack,ML Engineer,Placed,9.8,2026-09-04T12:39
APP01314,STU01344,COL001,BMS Institute of Technology,CloudMinds,Backend Developer,Applied,,2026-08-12T15:39
APP01315,STU00795,COL005,New Horizon College of Engineering,FinEdge Solutions,Backend Developer,Applied,,2026-09-07T10:16
APP01316,STU00706,COL003,PES University,CodeCraft,Business Analyst,Placed,14.6,2026-08-19T13:31
APP01317,STU01885,COL005,New Horizon College of Engineering,DataNest,Frontend Developer,Rejected,,2026-08-07T14:15
APP01318,STU00494,COL002,RV College of Engineering,PrimeStack,Backend Developer,Offer,5.6,2026-08-25T19:39
APP01319,STU00555,COL005,New Horizon College of Engineering,Nova Systems,Data Analyst,Interview,,2026-08-15T12:53
APP01320,STU01078,COL002,RV College of Engineering,TechForge,Business Analyst,Offer,12.5,2026-09-04T14:27
APP01321,STU02139,COL006,CMR Institute of Technology,BrightWorks,Business Analyst,Screening,,2026-09-08T20:38
APP01322,STU01083,COL006,CMR Institute of Technology,DataNest,ML Engineer,Applied,,2026-08-01T20:56
APP01323,STU02285,COL006,CMR Institute of Technology,FinEdge Solutions,ML Engineer,Interview,,2026-07-24T19:30
APP01324,STU00230,COL006,CMR Institute of Technology,QuantEdge,Frontend Developer,Interview,,2026-08-10T16:55
APP01325,STU01356,COL004,Dayananda Sagar College of Engineering,QuantEdge,Data Analyst,Applied,,2026-08-15T10:14
APP01326,STU02293,COL005,New Horizon College of Engineering,NextGen Labs,ML Engineer,Applied,,2026-08-15T20:18
APP01327,STU00709,COL004,Dayananda Sagar College of Engineering,QuantEdge,Data Analyst,Offer,13.5,2026-10-02T16:19
APP01328,STU01748,COL002,RV College of Engineering,Orion Analytics,Software Engineer,Screening,,2026-08-30T15:09
APP01329,STU01258,COL002,RV College of Engineering,Aster Mobility,Data Analyst,Offer,7.3,2026-08-23T14:55
APP01330,STU02382,COL002,RV College of Engineering,BlueOrbit Labs,Business Analyst,Screening,,2026-08-28T10:14
APP01331,STU00711,COL005,New Horizon College of Engineering,CodeCraft,Software Engineer,Interview,,2026-08-02T11:33
APP01332,STU01220,COL002,RV College of Engineering,InfiCore,Software Engineer,Offer,6.9,2026-08-18T16:53
APP01333,STU01506,COL002,RV College of Engineering,Nova Systems,Business Analyst,Screening,,2026-10-01T16:52
APP01334,STU01361,COL005,New Horizon College of Engineering,Orion Analytics,Software Engineer,Placed,9.5,2026-09-16T17:22
APP01335,STU01885,COL005,New Horizon College of Engineering,BrightWorks,ML Engineer,Applied,,2026-08-31T14:15
APP01336,STU01499,COL004,Dayananda Sagar College of Engineering,BrightWorks,Data Analyst,Interview,,2026-08-01T12:02
APP01337,STU00642,COL006,CMR Institute of Technology,QuantEdge,ML Engineer,Screening,,2026-08-24T16:17
APP01338,STU00880,COL004,Dayananda Sagar College of Engineering,FinEdge Solutions,Data Analyst,Interview,,2026-08-30T13:49
APP01339,STU00012,COL002,RV College of Engineering,Orion Analytics,Backend Developer,Interview,,2026-07-15T17:36
APP01340,STU01899,COL006,CMR Institute of Technology,PrimeStack,Software Engineer,Screening,,2026-07-29T12:47
APP01341,STU00833,COL005,New Horizon College of Engineering,NextGen Labs,Software Engineer,Applied,,2026-08-11T14:16
APP01342,STU00032,COL003,PES University,Vertex Digital,Data Analyst,Screening,,2026-08-26T16:00
APP01343,STU00461,COL004,Dayananda Sagar College of Engineering,DataNest,Backend Developer,Interview,,2026-09-13T18:57
APP01344,STU00473,COL001,BMS Institute of Technology,Orion Analytics,Frontend Developer,Rejected,,2026-08-24T18:43
APP01345,STU01737,COL001,BMS Institute of Technology,QuantEdge,Backend Developer,Applied,,2026-08-21T11:39
APP01346,STU01837,COL006,CMR Institute of Technology,PrimeStack,Business Analyst,Offer,11.6,2026-08-14T16:07
APP01347,STU00839,COL001,BMS Institute of Technology,NextGen Labs,Frontend Developer,Offer,4.9,2026-08-20T12:33
APP01348,STU01074,COL006,CMR Institute of Technology,DataNest,Backend Developer,Rejected,,2026-08-31T12:06
APP01349,STU00907,COL001,BMS Institute of Technology,QuantEdge,Frontend Developer,Interview,,2026-07-14T10:14
APP01350,STU00125,COL006,CMR Institute of Technology,Nova Systems,ML Engineer,Offer,8.8,2026-09-30T09:34
APP01351,STU00912,COL005,New Horizon College of Engineering,BrightWorks,Frontend Developer,Offer,11.4,2026-08-25T20:02
APP01352,STU00847,COL005,New Horizon College of Engineering,InfiCore,Frontend Developer,Screening,,2026-09-21T10:29
APP01353,STU00442,COL005,New Horizon College of Engineering,NextGen Labs,Backend Developer,Interview,,2026-09-21T17:07
APP01354,STU01428,COL001,BMS Institute of Technology,QuantEdge,ML Engineer,Screening,,2026-09-13T10:59
APP01355,STU02019,COL006,CMR Institute of Technology,FinEdge Solutions,Business Analyst,Rejected,,2026-07-25T11:34
APP01356,STU01914,COL006,CMR Institute of Technology,PrimeStack,Software Engineer,Interview,,2026-08-12T11:33
APP01357,STU02365,COL006,CMR Institute of Technology,FinEdge Solutions,Frontend Developer,Applied,,2026-09-27T14:29
APP01358,STU01762,COL001,BMS Institute of Technology,QuantEdge,ML Engineer,Applied,,2026-09-28T20:41
APP01359,STU01581,COL006,CMR Institute of Technology,DataNest,Business Analyst,Offer,12.4,2026-09-14T16:17
APP01360,STU01051,COL006,CMR Institute of Technology,BrightWorks,Business Analyst,Applied,,2026-08-18T14:35
APP01361,STU00916,COL006,CMR Institute of Technology,FinEdge Solutions,Business Analyst,Screening,,2026-09-22T12:28
APP01362,STU01346,COL005,New Horizon College of Engineering,CodeCraft,Backend Developer,Offer,4.9,2026-07-11T13:58
APP01363,STU00866,COL001,BMS Institute of Technology,Orion Analytics,ML Engineer,Interview,,2026-08-28T16:01
APP01364,STU00563,COL006,CMR Institute of Technology,CloudMinds,ML Engineer,Offer,11.5,2026-07-15T20:16
APP01365,STU00187,COL004,Dayananda Sagar College of Engineering,BlueOrbit Labs,Software Engineer,Interview,,2026-09-02T19:22
APP01366,STU00233,COL006,CMR Institute of Technology,PrimeStack,Business Analyst,Applied,,2026-09-05T18:54
APP01367,STU01089,COL005,New Horizon College of Engineering,DataNest,Backend Developer,Applied,,2026-09-03T18:45
APP01368,STU01344,COL001,BMS Institute of Technology,BlueOrbit Labs,Backend Developer,Screening,,2026-08-20T15:39
APP01369,STU00199,COL004,Dayananda Sagar College of Engineering,BlueOrbit Labs,Software Engineer,Screening,,2026-08-18T10:58
APP01370,STU01933,COL005,New Horizon College of Engineering,FinEdge Solutions,Business Analyst,Offer,9.2,2026-09-29T13:04
APP01371,STU01403,COL004,Dayananda Sagar College of Engineering,BrightWorks,Backend Developer,Applied,,2026-07-26T19:55
APP01372,STU00154,COL004,Dayananda Sagar College of Engineering,Nova Systems,Business Analyst,Screening,,2026-08-01T16:41
APP01373,STU01992,COL002,RV College of Engineering,BrightWorks,Software Engineer,Rejected,,2026-08-27T11:40
APP01374,STU00790,COL003,PES University,DataNest,Backend Developer,Offer,6.1,2026-09-25T13:54
APP01375,STU01764,COL006,CMR Institute of Technology,Nova Systems,ML Engineer,Applied,,2026-08-30T16:05
APP01376,STU02099,COL006,CMR Institute of Technology,TechForge,Data Analyst,Applied,,2026-08-16T19:21
APP01377,STU00858,COL005,New Horizon College of Engineering,TechForge,Backend Developer,Screening,,2026-10-03T10:14
APP01378,STU01970,COL005,New Horizon College of Engineering,Orion Analytics,Data Analyst,Rejected,,2026-08-18T18:47
APP01379,STU00543,COL005,New Horizon College of Engineering,DataNest,Data Analyst,Screening,,2026-08-04T19:01
APP01380,STU02008,COL006,CMR Institute of Technology,QuantEdge,Data Analyst,Applied,,2026-08-12T18:38
APP01381,STU00641,COL006,CMR Institute of Technology,CodeCraft,Backend Developer,Interview,,2026-09-28T09:15
APP01382,STU00313,COL001,BMS Institute of Technology,Nova Systems,Data Analyst,Interview,,2026-08-11T12:31
APP01383,STU01483,COL005,New Horizon College of Engineering,InfiCore,ML Engineer,Offer,9.2,2026-08-25T14:00
APP01384,STU00873,COL001,BMS Institute of Technology,BlueOrbit Labs,Frontend Developer,Offer,4.6,2026-08-07T18:14
APP01385,STU01401,COL002,RV College of Engineering,BrightWorks,ML Engineer,Offer,6.6,2026-08-25T17:00
APP01386,STU00781,COL003,PES University,DataNest,ML Engineer,Applied,,2026-09-13T17:27
APP01387,STU01326,COL004,Dayananda Sagar College of Engineering,Aster Mobility,Backend Developer,Interview,,2026-08-19T10:33
APP01388,STU02368,COL005,New Horizon College of Engineering,CloudMinds,Business Analyst,Applied,,2026-08-01T12:11
APP01389,STU00148,COL003,PES University,Nova Systems,Business Analyst,Applied,,2026-08-14T20:24
APP01390,STU00652,COL004,Dayananda Sagar College of Engineering,Nova Systems,ML Engineer,Screening,,2026-07-23T17:21
APP01391,STU00003,COL001,BMS Institute of Technology,Aster Mobility,Backend Developer,Offer,11.5,2026-09-09T19:20
APP01392,STU00020,COL004,Dayananda Sagar College of Engineering,Nova Systems,Backend Developer,Rejected,,2026-08-07T10:14
APP01393,STU02140,COL001,BMS Institute of Technology,DataNest,Software Engineer,Rejected,,2026-09-11T18:47
APP01394,STU00487,COL003,PES University,NextGen Labs,Business Analyst,Screening,,2026-08-06T19:43
APP01395,STU00608,COL004,Dayananda Sagar College of Engineering,BrightWorks,Data Analyst,Rejected,,2026-09-12T17:28
APP01396,STU00987,COL001,BMS Institute of Technology,CloudMinds,Software Engineer,Offer,11.0,2026-08-13T12:50
APP01397,STU01033,COL006,CMR Institute of Technology,CodeCraft,Backend Developer,Screening,,2026-07-27T10:30
APP01398,STU00340,COL006,CMR Institute of Technology,Nova Systems,Data Analyst,Rejected,,2026-08-18T10:42
APP01399,STU01790,COL001,BMS Institute of Technology,Vertex Digital,ML Engineer,Applied,,2026-07-28T11:15
APP01400,STU00520,COL005,New Horizon College of Engineering,Vertex Digital,Backend Developer,Applied,,2026-08-14T10:28
APP01401,STU00552,COL001,BMS Institute of Technology,DataNest,Software Engineer,Screening,,2026-09-07T18:41
APP01402,STU00836,COL004,Dayananda Sagar College of Engineering,DataNest,Backend Developer,Offer,13.2,2026-08-09T10:24
APP01403,STU01726,COL003,PES University,FinEdge Solutions,Frontend Developer,Rejected,,2026-08-03T11:46
APP01404,STU01765,COL002,RV College of Engineering,NextGen Labs,Frontend Developer,Interview,,2026-09-23T12:11
APP01405,STU00252,COL005,New Horizon College of Engineering,BlueOrbit Labs,Business Analyst,Offer,6.7,2026-09-06T14:21
APP01406,STU00945,COL006,CMR Institute of Technology,QuantEdge,Data Analyst,Applied,,2026-09-24T20:01
APP01407,STU00472,COL002,RV College of Engineering,Aster Mobility,Backend Developer,Applied,,2026-09-18T14:10
APP01408,STU01885,COL005,New Horizon College of Engineering,Vertex Digital,Backend Developer,Screening,,2026-08-26T14:15
APP01409,STU01462,COL002,RV College of Engineering,BrightWorks,ML Engineer,Offer,4.8,2026-08-03T10:10
APP01410,STU02136,COL004,Dayananda Sagar College of Engineering,Aster Mobility,Data Analyst,Screening,,2026-09-12T19:10
APP01411,STU00941,COL004,Dayananda Sagar College of Engineering,PrimeStack,Business Analyst,Placed,6.4,2026-09-05T16:17
APP01412,STU02076,COL005,New Horizon College of Engineering,CodeCraft,Data Analyst,Screening,,2026-09-24T16:52
APP01413,STU02329,COL001,BMS Institute of Technology,CodeCraft,ML Engineer,Interview,,2026-09-08T13:34
APP01414,STU01493,COL003,PES University,CodeCraft,Business Analyst,Applied,,2026-09-10T18:25
APP01415,STU02008,COL006,CMR Institute of Technology,CodeCraft,Data Analyst,Offer,8.7,2026-09-01T18:38
APP01416,STU01225,COL005,New Horizon College of Engineering,InfiCore,Backend Developer,Screening,,2026-07-29T19:18
APP01417,STU01157,COL003,PES University,Orion Analytics,Frontend Developer,Applied,,2026-08-25T20:29
APP01418,STU01734,COL003,PES University,Aster Mobility,ML Engineer,Applied,,2026-08-19T12:31
APP01419,STU00417,COL001,BMS Institute of Technology,CodeCraft,Frontend Developer,Screening,,2026-08-22T15:59
APP01420,STU00628,COL002,RV College of Engineering,TechForge,Software Engineer,Applied,,2026-07-24T12:44
APP01421,STU01415,COL004,Dayananda Sagar College of Engineering,NextGen Labs,Frontend Developer,Screening,,2026-08-12T19:08
APP01422,STU00178,COL004,Dayananda Sagar College of Engineering,CloudMinds,Data Analyst,Applied,,2026-08-16T20:31
APP01423,STU00339,COL004,Dayananda Sagar College of Engineering,DataNest,Software Engineer,Interview,,2026-08-28T18:35
APP01424,STU01975,COL003,PES University,Aster Mobility,Frontend Developer,Interview,,2026-07-24T11:15
APP01425,STU00520,COL005,New Horizon College of Engineering,CloudMinds,ML Engineer,Rejected,,2026-08-17T10:28
APP01426,STU01523,COL001,BMS Institute of Technology,TechForge,Software Engineer,Screening,,2026-08-26T13:03
APP01427,STU00212,COL001,BMS Institute of Technology,DataNest,Data Analyst,Placed,9.7,2026-08-31T16:29
APP01428,STU00308,COL003,PES University,DataNest,Data Analyst,Interview,,2026-07-27T09:04
APP01429,STU00916,COL006,CMR Institute of Technology,TechForge,ML Engineer,Applied,,2026-09-14T12:28
APP01430,STU00275,COL006,CMR Institute of Technology,TechForge,Data Analyst,Offer,8.9,2026-09-01T19:33
APP01431,STU00835,COL001,BMS Institute of Technology,Vertex Digital,Data Analyst,Interview,,2026-08-29T19:54
APP01432,STU00344,COL001,BMS Institute of Technology,DataNest,Backend Developer,Offer,8.4,2026-08-28T18:36
APP01433,STU01167,COL003,PES University,QuantEdge,Software Engineer,Interview,,2026-09-11T19:16
APP01434,STU01069,COL005,New Horizon College of Engineering,TechForge,Business Analyst,Applied,,2026-07-22T13:25
APP01435,STU01542,COL004,Dayananda Sagar College of Engineering,InfiCore,Data Analyst,Offer,7.5,2026-08-29T17:22
APP01436,STU00774,COL001,BMS Institute of Technology,CodeCraft,Frontend Developer,Interview,,2026-09-25T09:55
APP01437,STU01431,COL002,RV College of Engineering,Orion Analytics,Data Analyst,Offer,12.0,2026-08-18T17:55
APP01438,STU02267,COL005,New Horizon College of Engineering,CloudMinds,Software Engineer,Interview,,2026-09-30T20:54
APP01439,STU00007,COL006,CMR Institute of Technology,CodeCraft,Business Analyst,Placed,7.9,2026-09-23T10:51
APP01440,STU01412,COL001,BMS Institute of Technology,PrimeStack,Business Analyst,Applied,,2026-08-09T10:48
APP01441,STU01071,COL001,BMS Institute of Technology,FinEdge Solutions,Software Engineer,Applied,,2026-09-06T15:13
APP01442,STU01483,COL005,New Horizon College of Engineering,NextGen Labs,Business Analyst,Applied,,2026-07-24T14:00
APP01443,STU00236,COL003,PES University,Nova Systems,Frontend Developer,Interview,,2026-08-02T09:19
APP01444,STU02305,COL002,RV College of Engineering,InfiCore,Software Engineer,Applied,,2026-08-28T18:34
APP01445,STU01759,COL006,CMR Institute of Technology,CloudMinds,Backend Developer,Applied,,2026-07-22T15:58
APP01446,STU00801,COL001,BMS Institute of Technology,CloudMinds,Software Engineer,Applied,,2026-07-27T19:58
APP01447,STU00825,COL001,BMS Institute of Technology,CloudMinds,Backend Developer,Applied,,2026-08-27T18:53
APP01448,STU00698,COL003,PES University,FinEdge Solutions,Frontend Developer,Screening,,2026-07-24T17:42
APP01449,STU01123,COL004,Dayananda Sagar College of Engineering,Aster Mobility,Data Analyst,Applied,,2026-07-10T12:50
APP01450,STU00152,COL002,RV College of Engineering,Nova Systems,Frontend Developer,Applied,,2026-07-29T12:10
APP01451,STU02187,COL005,New Horizon College of Engineering,InfiCore,Business Analyst,Offer,8.2,2026-09-10T12:19
APP01452,STU00700,COL006,CMR Institute of Technology,CloudMinds,Software Engineer,Rejected,,2026-08-10T16:07
APP01453,STU02197,COL003,PES University,Nova Systems,Software Engineer,Rejected,,2026-07-28T11:55
APP01454,STU00832,COL002,RV College of Engineering,TechForge,ML Engineer,Rejected,,2026-08-04T17:40
APP01455,STU00180,COL003,PES University,BlueOrbit Labs,ML Engineer,Applied,,2026-08-19T13:48
APP01456,STU00350,COL002,RV College of Engineering,InfiCore,Data Analyst,Offer,4.8,2026-08-23T18:28
APP01457,STU01483,COL005,New Horizon College of Engineering,QuantEdge,Business Analyst,Placed,10.0,2026-07-13T14:00
APP01458,STU01744,COL003,PES University,Nova Systems,Frontend Developer,Applied,,2026-08-17T13:52
APP01459,STU00123,COL004,Dayananda Sagar College of Engineering,BrightWorks,ML Engineer,Screening,,2026-07-20T13:09
APP01460,STU01204,COL003,PES University,QuantEdge,Backend Developer,Offer,9.5,2026-08-10T16:31
APP01461,STU02322,COL005,New Horizon College of Engineering,Nova Systems,Data Analyst,Offer,13.5,2026-08-18T17:47
APP01462,STU01321,COL002,RV College of Engineering,Orion Analytics,Backend Developer,Applied,,2026-07-27T09:25
APP01463,STU01416,COL006,CMR Institute of Technology,CloudMinds,ML Engineer,Placed,5.6,2026-07-13T17:25
APP01464,STU01160,COL005,New Horizon College of Engineering,Vertex Digital,Backend Developer,Rejected,,2026-08-25T11:03
APP01465,STU01116,COL005,New Horizon College of Engineering,CloudMinds,Data Analyst,Applied,,2026-07-25T13:14
APP01466,STU01736,COL004,Dayananda Sagar College of Engineering,BlueOrbit Labs,Software Engineer,Rejected,,2026-08-23T14:13
APP01467,STU00543,COL005,New Horizon College of Engineering,DataNest,Frontend Developer,Offer,6.1,2026-08-18T19:01
APP01468,STU02014,COL003,PES University,InfiCore,ML Engineer,Placed,14.1,2026-07-23T17:52
APP01469,STU00390,COL003,PES University,Vertex Digital,Software Engineer,Screening,,2026-08-22T16:49
APP01470,STU01113,COL004,Dayananda Sagar College of Engineering,QuantEdge,Frontend Developer,Applied,,2026-08-30T16:25
APP01471,STU01613,COL004,Dayananda Sagar College of Engineering,Vertex Digital,ML Engineer,Screening,,2026-08-06T14:58
APP01472,STU00466,COL004,Dayananda Sagar College of Engineering,DataNest,ML Engineer,Screening,,2026-08-09T17:14
APP01473,STU01287,COL001,BMS Institute of Technology,TechForge,ML Engineer,Screening,,2026-08-18T19:21
APP01474,STU00910,COL003,PES University,PrimeStack,Software Engineer,Screening,,2026-09-07T20:22
APP01475,STU00003,COL001,BMS Institute of Technology,Aster Mobility,Backend Developer,Applied,,2026-09-28T19:20
APP01476,STU00524,COL006,CMR Institute of Technology,Vertex Digital,Frontend Developer,Offer,4.6,2026-09-08T20:54
APP01477,STU01336,COL003,PES University,NextGen Labs,Software Engineer,Rejected,,2026-07-30T14:25
APP01478,STU01910,COL001,BMS Institute of Technology,CodeCraft,Data Analyst,Screening,,2026-08-20T13:23
APP01479,STU02267,COL005,New Horizon College of Engineering,Vertex Digital,ML Engineer,Rejected,,2026-08-26T20:54
APP01480,STU00998,COL002,RV College of Engineering,QuantEdge,Frontend Developer,Applied,,2026-09-16T15:07
APP01481,STU01782,COL006,CMR Institute of Technology,DataNest,Business Analyst,Interview,,2026-08-01T20:20
APP01482,STU00197,COL001,BMS Institute of Technology,DataNest,Software Engineer,Interview,,2026-10-04T09:31
APP01483,STU00189,COL001,BMS Institute of Technology,CodeCraft,Frontend Developer,Rejected,,2026-08-10T12:51
APP01484,STU01585,COL002,RV College of Engineering,PrimeStack,Frontend Developer,Offer,6.5,2026-07-10T17:19
APP01485,STU01779,COL001,BMS Institute of Technology,Nova Systems,Software Engineer,Applied,,2026-07-03T11:35
APP01486,STU02310,COL004,Dayananda Sagar College of Engineering,PrimeStack,Software Engineer,Interview,,2026-08-22T10:37
APP01487,STU02338,COL001,BMS Institute of Technology,TechForge,Business Analyst,Applied,,2026-07-17T13:49
APP01488,STU00318,COL006,CMR Institute of Technology,Aster Mobility,Backend Developer,Screening,,2026-08-26T13:54
APP01489,STU01207,COL001,BMS Institute of Technology,Aster Mobility,Frontend Developer,Applied,,2026-09-14T15:05
APP01490,STU00595,COL006,CMR Institute of Technology,FinEdge Solutions,Software Engineer,Interview,,2026-08-12T15:01
APP01491,STU00152,COL002,RV College of Engineering,TechForge,Frontend Developer,Interview,,2026-07-07T12:10
APP01492,STU01987,COL003,PES University,CodeCraft,Data Analyst,Interview,,2026-09-28T20:57
APP01493,STU01674,COL003,PES University,Aster Mobility,Frontend Developer,Applied,,2026-09-05T09:50
APP01494,STU02198,COL006,CMR Institute of Technology,Aster Mobility,Software Engineer,Applied,,2026-08-17T12:41
APP01495,STU00186,COL001,BMS Institute of Technology,DataNest,Data Analyst,Screening,,2026-09-20T09:22
APP01496,STU01172,COL003,PES University,CodeCraft,Business Analyst,Applied,,2026-07-22T14:57
APP01497,STU00511,COL004,Dayananda Sagar College of Engineering,DataNest,ML Engineer,Placed,7.5,2026-09-09T14:29
APP01498,STU00260,COL001,BMS Institute of Technology,Orion Analytics,Business Analyst,Screening,,2026-09-07T14:03
APP01499,STU01601,COL001,BMS Institute of Technology,QuantEdge,Business Analyst,Interview,,2026-07-29T09:44
APP01500,STU01441,COL006,CMR Institute of Technology,Nova Systems,ML Engineer,Rejected,,2026-08-23T20:59
APP01501,STU01303,COL005,New Horizon College of Engineering,BlueOrbit Labs,Business Analyst,Applied,,2026-08-21T13:29
APP01502,STU01069,COL005,New Horizon College of Engineering,BlueOrbit Labs,Software Engineer,Screening,,2026-07-17T13:25
APP01503,STU00312,COL004,Dayananda Sagar College of Engineering,BrightWorks,Business Analyst,Offer,8.2,2026-07-31T19:42
APP01504,STU01918,COL005,New Horizon College of Engineering,FinEdge Solutions,Frontend Developer,Applied,,2026-08-15T16:26
APP01505,STU01252,COL004,Dayananda Sagar College of Engineering,BrightWorks,Data Analyst,Rejected,,2026-09-21T20:24
APP01506,STU01001,COL002,RV College of Engineering,Nova Systems,Data Analyst,Placed,14.7,2026-09-30T16:34
APP01507,STU02035,COL004,Dayananda Sagar College of Engineering,TechForge,Data Analyst,Applied,,2026-09-10T12:09
APP01508,STU00407,COL001,BMS Institute of Technology,BrightWorks,Frontend Developer,Applied,,2026-07-28T11:26
APP01509,STU00691,COL001,BMS Institute of Technology,BlueOrbit Labs,Backend Developer,Interview,,2026-07-21T14:54
APP01510,STU01949,COL001,BMS Institute of Technology,DataNest,Business Analyst,Rejected,,2026-08-11T15:16
APP01511,STU00736,COL004,Dayananda Sagar College of Engineering,CodeCraft,Business Analyst,Applied,,2026-09-26T12:43
APP01512,STU00207,COL001,BMS Institute of Technology,InfiCore,ML Engineer,Placed,8.3,2026-08-17T21:00
APP01513,STU01874,COL004,Dayananda Sagar College of Engineering,Orion Analytics,Data Analyst,Interview,,2026-07-16T12:11
APP01514,STU01533,COL006,CMR Institute of Technology,CodeCraft,Data Analyst,Screening,,2026-08-03T12:21
APP01515,STU01974,COL005,New Horizon College of Engineering,BrightWorks,Business Analyst,Rejected,,2026-09-23T17:50
APP01516,STU00247,COL004,Dayananda Sagar College of Engineering,NextGen Labs,Data Analyst,Offer,9.2,2026-08-05T15:28
APP01517,STU02009,COL002,RV College of Engineering,FinEdge Solutions,ML Engineer,Applied,,2026-09-03T09:07
APP01518,STU01478,COL001,BMS Institute of Technology,BrightWorks,Data Analyst,Screening,,2026-08-28T13:36
APP01519,STU01974,COL005,New Horizon College of Engineering,Nova Systems,ML Engineer,Placed,5.3,2026-09-17T17:50
APP01520,STU01388,COL006,CMR Institute of Technology,Aster Mobility,ML Engineer,Applied,,2026-08-01T16:22
APP01521,STU01438,COL005,New Horizon College of Engineering,QuantEdge,Frontend Developer,Applied,,2026-08-21T10:28
APP01522,STU01774,COL005,New Horizon College of Engineering,InfiCore,Frontend Developer,Offer,10.7,2026-08-13T16:31
APP01523,STU01195,COL005,New Horizon College of Engineering,QuantEdge,Software Engineer,Applied,,2026-07-18T18:57
APP01524,STU00025,COL002,RV College of Engineering,DataNest,Business Analyst,Applied,,2026-09-20T18:39
APP01525,STU01818,COL002,RV College of Engineering,TechForge,Data Analyst,Offer,4.4,2026-09-22T09:22
APP01526,STU00879,COL005,New Horizon College of Engineering,DataNest,Business Analyst,Applied,,2026-07-24T17:56
APP01527,STU02271,COL006,CMR Institute of Technology,InfiCore,Data Analyst,Interview,,2026-08-01T10:27
APP01528,STU01069,COL005,New Horizon College of Engineering,Aster Mobility,ML Engineer,Screening,,2026-08-30T13:25
APP01529,STU00985,COL002,RV College of Engineering,InfiCore,Backend Developer,Rejected,,2026-08-25T11:18
APP01530,STU00957,COL004,Dayananda Sagar College of Engineering,CloudMinds,Frontend Developer,Placed,11.1,2026-08-23T14:23
APP01531,STU00069,COL003,PES University,NextGen Labs,Frontend Developer,Placed,10.6,2026-08-14T16:30
APP01532,STU01221,COL001,BMS Institute of Technology,TechForge,Business Analyst,Applied,,2026-09-06T15:54
APP01533,STU00560,COL003,PES University,Vertex Digital,ML Engineer,Rejected,,2026-08-26T20:46
APP01534,STU01585,COL002,RV College of Engineering,NextGen Labs,Backend Developer,Interview,,2026-07-08T17:19
APP01535,STU01686,COL006,CMR Institute of Technology,InfiCore,Frontend Developer,Applied,,2026-08-15T13:54
APP01536,STU01211,COL005,New Horizon College of Engineering,Orion Analytics,Backend Developer,Placed,9.7,2026-08-09T18:28
APP01537,STU00952,COL001,BMS Institute of Technology,FinEdge Solutions,ML Engineer,Interview,,2026-07-18T09:33
APP01538,STU00531,COL006,CMR Institute of Technology,FinEdge Solutions,Data Analyst,Applied,,2026-09-16T13:03
APP01539,STU00581,COL003,PES University,BrightWorks,Backend Developer,Offer,8.2,2026-08-26T15:33
APP01540,STU00839,COL001,BMS Institute of Technology,BrightWorks,Frontend Developer,Interview,,2026-08-23T12:33
APP01541,STU02029,COL004,Dayananda Sagar College of Engineering,Vertex Digital,Business Analyst,Interview,,2026-08-16T19:25
APP01542,STU02121,COL004,Dayananda Sagar College of Engineering,Nova Systems,Software Engineer,Applied,,2026-08-30T10:15
APP01543,STU01657,COL001,BMS Institute of Technology,PrimeStack,Business Analyst,Screening,,2026-08-18T20:10
APP01544,STU02371,COL001,BMS Institute of Technology,Vertex Digital,Software Engineer,Screening,,2026-07-26T17:49
APP01545,STU00523,COL003,PES University,Aster Mobility,ML Engineer,Applied,,2026-10-03T16:51
APP01546,STU01135,COL002,RV College of Engineering,FinEdge Solutions,Software Engineer,Placed,11.3,2026-08-11T13:31
APP01547,STU01592,COL001,BMS Institute of Technology,Orion Analytics,Data Analyst,Screening,,2026-08-05T15:18
APP01548,STU02215,COL005,New Horizon College of Engineering,TechForge,Backend Developer,Interview,,2026-08-31T19:48
APP01549,STU00124,COL001,BMS Institute of Technology,TechForge,Data Analyst,Rejected,,2026-08-30T20:22
APP01550,STU01095,COL003,PES University,CloudMinds,Data Analyst,Placed,8.6,2026-08-04T10:35
APP01551,STU01459,COL003,PES University,TechForge,Backend Developer,Placed,12.4,2026-09-26T10:00
APP01552,STU00804,COL005,New Horizon College of Engineering,Vertex Digital,Business Analyst,Screening,,2026-08-27T18:04
APP01553,STU00254,COL004,Dayananda Sagar College of Engineering,TechForge,ML Engineer,Interview,,2026-07-31T13:04
APP01554,STU00107,COL003,PES University,DataNest,Software Engineer,Applied,,2026-09-08T11:56
APP01555,STU02320,COL005,New Horizon College of Engineering,BrightWorks,Backend Developer,Applied,,2026-08-14T14:10
APP01556,STU02022,COL004,Dayananda Sagar College of Engineering,TechForge,Data Analyst,Placed,14.2,2026-09-03T16:06
APP01557,STU00810,COL001,BMS Institute of Technology,FinEdge Solutions,Business Analyst,Offer,11.4,2026-08-07T12:37
APP01558,STU01903,COL002,RV College of Engineering,NextGen Labs,ML Engineer,Applied,,2026-09-07T09:57
APP01559,STU00065,COL004,Dayananda Sagar College of Engineering,CloudMinds,Business Analyst,Applied,,2026-08-27T12:42
APP01560,STU02283,COL002,RV College of Engineering,TechForge,Software Engineer,Screening,,2026-08-26T14:04
APP01561,STU00588,COL006,CMR Institute of Technology,PrimeStack,Business Analyst,Placed,6.4,2026-08-18T20:57
APP01562,STU01866,COL003,PES University,TechForge,ML Engineer,Screening,,2026-08-27T19:27
APP01563,STU00510,COL003,PES University,BrightWorks,Data Analyst,Applied,,2026-07-14T11:11
APP01564,STU00398,COL006,CMR Institute of Technology,DataNest,Backend Developer,Screening,,2026-09-15T14:45
APP01565,STU00920,COL004,Dayananda Sagar College of Engineering,InfiCore,Business Analyst,Screening,,2026-08-25T17:59
APP01566,STU01778,COL002,RV College of Engineering,Vertex Digital,ML Engineer,Screening,,2026-08-24T18:00
APP01567,STU01531,COL006,CMR Institute of Technology,CloudMinds,Frontend Developer,Placed,6.0,2026-07-23T16:28
APP01568,STU01420,COL003,PES University,TechForge,ML Engineer,Interview,,2026-09-15T10:09
APP01569,STU01856,COL002,RV College of Engineering,PrimeStack,Backend Developer,Rejected,,2026-08-17T17:38
APP01570,STU00350,COL002,RV College of Engineering,CodeCraft,ML Engineer,Rejected,,2026-08-17T18:28
APP01571,STU01058,COL003,PES University,BlueOrbit Labs,Frontend Developer,Applied,,2026-09-24T16:03
APP01572,STU01130,COL003,PES University,PrimeStack,Frontend Developer,Rejected,,2026-08-14T13:34
APP01573,STU00349,COL002,RV College of Engineering,CloudMinds,Business Analyst,Offer,10.5,2026-08-14T13:23
APP01574,STU01574,COL002,RV College of Engineering,CodeCraft,Backend Developer,Interview,,2026-07-31T12:20
APP01575,STU01161,COL004,Dayananda Sagar College of Engineering,Vertex Digital,Business Analyst,Interview,,2026-10-08T10:51
APP01576,STU00910,COL003,PES University,QuantEdge,Frontend Developer,Screening,,2026-08-28T20:22
APP01577,STU01892,COL004,Dayananda Sagar College of Engineering,DataNest,Software Engineer,Screening,,2026-07-25T20:15
APP01578,STU02123,COL005,New Horizon College of Engineering,PrimeStack,ML Engineer,Rejected,,2026-08-14T14:50
APP01579,STU02276,COL001,BMS Institute of Technology,QuantEdge,ML Engineer,Offer,12.7,2026-09-21T18:10
APP01580,STU02224,COL006,CMR Institute of Technology,BrightWorks,Software Engineer,Offer,7.1,2026-09-06T13:11
APP01581,STU02270,COL006,CMR Institute of Technology,Vertex Digital,ML Engineer,Applied,,2026-07-30T16:35
APP01582,STU01717,COL001,BMS Institute of Technology,FinEdge Solutions,Frontend Developer,Applied,,2026-08-09T20:37
APP01583,STU00858,COL005,New Horizon College of Engineering,Nova Systems,Frontend Developer,Applied,,2026-09-12T10:14
APP01584,STU00520,COL005,New Horizon College of Engineering,FinEdge Solutions,Backend Developer,Screening,,2026-08-31T10:28
APP01585,STU00510,COL003,PES University,Vertex Digital,Business Analyst,Offer,13.7,2026-08-07T11:11
APP01586,STU01221,COL001,BMS Institute of Technology,BrightWorks,Software Engineer,Rejected,,2026-09-04T15:54
APP01587,STU00654,COL001,BMS Institute of Technology,Vertex Digital,ML Engineer,Interview,,2026-08-25T16:16
APP01588,STU01667,COL006,CMR Institute of Technology,BrightWorks,Data Analyst,Rejected,,2026-08-26T15:59
APP01589,STU00115,COL002,RV College of Engineering,BrightWorks,Backend Developer,Placed,8.5,2026-07-25T16:32
APP01590,STU02304,COL005,New Horizon College of Engineering,QuantEdge,Software Engineer,Placed,14.8,2026-08-20T18:12
APP01591,STU01374,COL001,BMS Institute of Technology,Nova Systems,Backend Developer,Applied,,2026-09-27T12:54
APP01592,STU00810,COL001,BMS Institute of Technology,BrightWorks,ML Engineer,Rejected,,2026-07-14T12:37
APP01593,STU00207,COL001,BMS Institute of Technology,Nova Systems,Software Engineer,Rejected,,2026-09-03T21:00
APP01594,STU00082,COL004,Dayananda Sagar College of Engineering,Nova Systems,Software Engineer,Screening,,2026-08-04T19:26
APP01595,STU01118,COL003,PES University,Vertex Digital,Business Analyst,Rejected,,2026-08-04T16:26
APP01596,STU00318,COL006,CMR Institute of Technology,InfiCore,Data Analyst,Interview,,2026-10-02T13:54
APP01597,STU00512,COL002,RV College of Engineering,CodeCraft,Frontend Developer,Screening,,2026-09-02T14:25
APP01598,STU01679,COL003,PES University,TechForge,Business Analyst,Rejected,,2026-08-06T19:02
APP01599,STU00964,COL002,RV College of Engineering,Aster Mobility,ML Engineer,Applied,,2026-08-27T09:54
APP01600,STU01734,COL003,PES University,TechForge,Frontend Developer,Screening,,2026-08-10T12:31
APP01601,STU02299,COL006,CMR Institute of Technology,Aster Mobility,Software Engineer,Applied,,2026-09-22T15:05
APP01602,STU00870,COL006,CMR Institute of Technology,PrimeStack,Business Analyst,Offer,8.6,2026-07-26T09:16
APP01603,STU01999,COL001,BMS Institute of Technology,CodeCraft,Software Engineer,Interview,,2026-08-10T10:11
APP01604,STU00129,COL002,RV College of Engineering,CloudMinds,Software Engineer,Rejected,,2026-08-25T15:24
APP01605,STU01854,COL005,New Horizon College of Engineering,CloudMinds,Data Analyst,Screening,,2026-08-27T19:19
APP01606,STU00627,COL001,BMS Institute of Technology,InfiCore,Business Analyst,Rejected,,2026-08-31T16:18
APP01607,STU00944,COL006,CMR Institute of Technology,BlueOrbit Labs,Business Analyst,Offer,12.0,2026-08-11T11:38
APP01608,STU02347,COL001,BMS Institute of Technology,Aster Mobility,Software Engineer,Applied,,2026-07-29T14:42
APP01609,STU00040,COL002,RV College of Engineering,BlueOrbit Labs,Software Engineer,Screening,,2026-08-13T16:41
APP01610,STU01793,COL001,BMS Institute of Technology,FinEdge Solutions,Backend Developer,Rejected,,2026-08-01T11:34
APP01611,STU01734,COL003,PES University,Vertex Digital,Data Analyst,Screening,,2026-08-18T12:31
APP01612,STU00606,COL005,New Horizon College of Engineering,CloudMinds,Frontend Developer,Offer,6.7,2026-10-05T15:05
APP01613,STU01455,COL005,New Horizon College of Engineering,Nova Systems,Software Engineer,Applied,,2026-07-28T18:14
APP01614,STU00831,COL002,RV College of Engineering,Orion Analytics,Backend Developer,Screening,,2026-08-13T18:47
APP01615,STU00596,COL002,RV College of Engineering,Nova Systems,Frontend Developer,Interview,,2026-09-11T09:08
APP01616,STU00928,COL003,PES University,FinEdge Solutions,Business Analyst,Interview,,2026-09-25T16:59
APP01617,STU02110,COL002,RV College of Engineering,Nova Systems,Backend Developer,Rejected,,2026-08-04T17:41
APP01618,STU00440,COL001,BMS Institute of Technology,FinEdge Solutions,ML Engineer,Interview,,2026-07-20T16:08
APP01619,STU01010,COL003,PES University,PrimeStack,Business Analyst,Screening,,2026-09-22T09:32
APP01620,STU02048,COL005,New Horizon College of Engineering,CodeCraft,Frontend Developer,Applied,,2026-09-14T09:51
APP01621,STU00407,COL001,BMS Institute of Technology,Orion Analytics,Backend Developer,Screening,,2026-08-19T11:26
APP01622,STU00385,COL006,CMR Institute of Technology,QuantEdge,Backend Developer,Rejected,,2026-08-22T18:58
APP01623,STU00510,COL003,PES University,Nova Systems,Software Engineer,Rejected,,2026-08-18T11:11
APP01624,STU01717,COL001,BMS Institute of Technology,NextGen Labs,Software Engineer,Applied,,2026-09-01T20:37
APP01625,STU01123,COL004,Dayananda Sagar College of Engineering,Aster Mobility,Software Engineer,Applied,,2026-07-06T12:50
APP01626,STU00492,COL006,CMR Institute of Technology,Vertex Digital,Backend Developer,Applied,,2026-08-07T14:02
APP01627,STU01958,COL003,PES University,CodeCraft,Frontend Developer,Placed,15.3,2026-08-06T14:10
APP01628,STU01100,COL005,New Horizon College of Engineering,InfiCore,Business Analyst,Applied,,2026-07-13T19:25
APP01629,STU01518,COL002,RV College of Engineering,BrightWorks,Frontend Developer,Applied,,2026-07-22T13:32
APP01630,STU01111,COL005,New Horizon College of Engineering,CodeCraft,Business Analyst,Offer,7.4,2026-08-23T19:08
APP01631,STU00929,COL001,BMS Institute of Technology,PrimeStack,Software Engineer,Applied,,2026-08-29T12:01
APP01632,STU01348,COL002,RV College of Engineering,Nova Systems,Business Analyst,Offer,6.1,2026-09-09T10:27
APP01633,STU01897,COL001,BMS Institute of Technology,TechForge,Business Analyst,Offer,6.6,2026-08-10T11:19
APP01634,STU00458,COL004,Dayananda Sagar College of Engineering,BrightWorks,Backend Developer,Screening,,2026-10-02T17:43
APP01635,STU00761,COL001,BMS Institute of Technology,TechForge,Data Analyst,Offer,13.7,2026-09-25T12:05
APP01636,STU01353,COL003,PES University,Orion Analytics,Software Engineer,Rejected,,2026-08-12T16:25
APP01637,STU00411,COL004,Dayananda Sagar College of Engineering,PrimeStack,Business Analyst,Applied,,2026-09-29T18:52
APP01638,STU00734,COL001,BMS Institute of Technology,FinEdge Solutions,Backend Developer,Interview,,2026-08-08T09:49
APP01639,STU01437,COL004,Dayananda Sagar College of Engineering,BrightWorks,Frontend Developer,Screening,,2026-09-01T12:23
APP01640,STU00559,COL004,Dayananda Sagar College of Engineering,Nova Systems,ML Engineer,Screening,,2026-07-31T10:50
APP01641,STU02213,COL003,PES University,QuantEdge,Business Analyst,Screening,,2026-08-22T15:54
APP01642,STU00389,COL006,CMR Institute of Technology,NextGen Labs,Data Analyst,Rejected,,2026-07-29T19:40
APP01643,STU00219,COL003,PES University,Orion Analytics,Backend Developer,Screening,,2026-08-09T14:22
APP01644,STU01254,COL004,Dayananda Sagar College of Engineering,QuantEdge,ML Engineer,Screening,,2026-09-01T10:10
APP01645,STU00690,COL002,RV College of Engineering,BlueOrbit Labs,Software Engineer,Screening,,2026-09-13T13:57
APP01646,STU01708,COL003,PES University,TechForge,Data Analyst,Placed,10.9,2026-08-18T17:00
APP01647,STU02050,COL004,Dayananda Sagar College of Engineering,InfiCore,Frontend Developer,Interview,,2026-08-31T14:02
APP01648,STU00655,COL005,New Horizon College of Engineering,CloudMinds,Backend Developer,Interview,,2026-09-12T10:25
APP01649,STU00099,COL005,New Horizon College of Engineering,QuantEdge,ML Engineer,Applied,,2026-07-23T10:13
APP01650,STU02050,COL004,Dayananda Sagar College of Engineering,PrimeStack,Business Analyst,Screening,,2026-09-01T14:02
APP01651,STU02310,COL004,Dayananda Sagar College of Engineering,QuantEdge,Software Engineer,Interview,,2026-08-27T10:37
APP01652,STU01157,COL003,PES University,CloudMinds,ML Engineer,Interview,,2026-09-08T20:29
APP01653,STU01700,COL004,Dayananda Sagar College of Engineering,Orion Analytics,Frontend Developer,Interview,,2026-09-26T19:46
APP01654,STU00982,COL003,PES University,Orion Analytics,Software Engineer,Applied,,2026-09-12T17:32
APP01655,STU01156,COL005,New Horizon College of Engineering,CloudMinds,Data Analyst,Interview,,2026-07-22T20:06
APP01656,STU01901,COL002,RV College of Engineering,TechForge,Backend Developer,Applied,,2026-08-10T17:06
APP01657,STU01268,COL001,BMS Institute of Technology,DataNest,Frontend Developer,Placed,5.3,2026-08-22T10:24
APP01658,STU01383,COL002,RV College of Engineering,BrightWorks,Backend Developer,Rejected,,2026-09-01T17:20
APP01659,STU01874,COL004,Dayananda Sagar College of Engineering,CodeCraft,Business Analyst,Screening,,2026-08-19T12:11
APP01660,STU00419,COL001,BMS Institute of Technology,QuantEdge,Data Analyst,Applied,,2026-07-16T11:04
APP01661,STU02204,COL006,CMR Institute of Technology,NextGen Labs,Frontend Developer,Screening,,2026-09-07T11:02
APP01662,STU01014,COL003,PES University,DataNest,Backend Developer,Interview,,2026-08-07T10:10
APP01663,STU01268,COL001,BMS Institute of Technology,BlueOrbit Labs,Frontend Developer,Rejected,,2026-07-30T10:24
APP01664,STU00597,COL004,Dayananda Sagar College of Engineering,DataNest,ML Engineer,Rejected,,2026-08-18T16:59
APP01665,STU01635,COL006,CMR Institute of Technology,Vertex Digital,Business Analyst,Interview,,2026-09-15T10:51
APP01666,STU00933,COL006,CMR Institute of Technology,QuantEdge,Data Analyst,Rejected,,2026-07-23T15:15
APP01667,STU01220,COL002,RV College of Engineering,Orion Analytics,Data Analyst,Applied,,2026-08-07T16:53
APP01668,STU00738,COL001,BMS Institute of Technology,TechForge,Data Analyst,Offer,8.8,2026-08-05T15:25
APP01669,STU01074,COL006,CMR Institute of Technology,QuantEdge,ML Engineer,Interview,,2026-08-29T12:06
APP01670,STU02233,COL005,New Horizon College of Engineering,NextGen Labs,Business Analyst,Rejected,,2026-07-30T10:36
APP01671,STU02076,COL005,New Horizon College of Engineering,Orion Analytics,Frontend Developer,Screening,,2026-09-13T16:52
APP01672,STU00880,COL004,Dayananda Sagar College of Engineering,InfiCore,Frontend Developer,Applied,,2026-09-08T13:49
APP01673,STU01548,COL003,PES University,BlueOrbit Labs,Backend Developer,Offer,6.2,2026-09-07T16:24
APP01674,STU00668,COL006,CMR Institute of Technology,CloudMinds,Data Analyst,Offer,4.1,2026-09-05T09:25
APP01675,STU02290,COL001,BMS Institute of Technology,QuantEdge,Data Analyst,Applied,,2026-07-21T12:54
APP01676,STU00888,COL001,BMS Institute of Technology,BrightWorks,Business Analyst,Applied,,2026-07-11T16:23
APP01677,STU01734,COL003,PES University,Vertex Digital,ML Engineer,Rejected,,2026-09-03T12:31
APP01678,STU01815,COL005,New Horizon College of Engineering,FinEdge Solutions,Software Engineer,Interview,,2026-09-22T12:13
APP01679,STU02071,COL002,RV College of Engineering,BlueOrbit Labs,Business Analyst,Applied,,2026-08-13T19:00
APP01680,STU01405,COL004,Dayananda Sagar College of Engineering,Aster Mobility,Business Analyst,Applied,,2026-08-22T15:37
APP01681,STU00366,COL003,PES University,TechForge,ML Engineer,Screening,,2026-08-28T15:16
APP01682,STU02177,COL002,RV College of Engineering,BlueOrbit Labs,Software Engineer,Applied,,2026-09-11T15:40
APP01683,STU02333,COL002,RV College of Engineering,NextGen Labs,Frontend Developer,Screening,,2026-09-15T10:12
APP01684,STU01270,COL002,RV College of Engineering,InfiCore,Frontend Developer,Applied,,2026-07-28T13:19
APP01685,STU01927,COL002,RV College of Engineering,QuantEdge,Business Analyst,Offer,11.9,2026-07-19T20:32
APP01686,STU01690,COL002,RV College of Engineering,TechForge,Frontend Developer,Rejected,,2026-09-29T10:18
APP01687,STU00779,COL001,BMS Institute of Technology,CloudMinds,Backend Developer,Rejected,,2026-08-24T18:32
APP01688,STU01514,COL002,RV College of Engineering,DataNest,Business Analyst,Screening,,2026-07-29T09:37
APP01689,STU00446,COL004,Dayananda Sagar College of Engineering,CodeCraft,Frontend Developer,Applied,,2026-09-27T10:40
APP01690,STU00398,COL006,CMR Institute of Technology,PrimeStack,Data Analyst,Rejected,,2026-09-12T14:45
APP01691,STU01140,COL003,PES University,BrightWorks,ML Engineer,Applied,,2026-09-03T18:03
APP01692,STU02343,COL001,BMS Institute of Technology,NextGen Labs,Frontend Developer,Screening,,2026-08-02T09:27
APP01693,STU00385,COL006,CMR Institute of Technology,CloudMinds,Business Analyst,Rejected,,2026-08-04T18:58
APP01694,STU01307,COL004,Dayananda Sagar College of Engineering,BlueOrbit Labs,Backend Developer,Applied,,2026-08-28T16:02
APP01695,STU02024,COL001,BMS Institute of Technology,Aster Mobility,Frontend Developer,Applied,,2026-09-05T13:07
APP01696,STU00463,COL004,Dayananda Sagar College of Engineering,BlueOrbit Labs,Frontend Developer,Screening,,2026-07-30T10:29
APP01697,STU01100,COL005,New Horizon College of Engineering,PrimeStack,Business Analyst,Applied,,2026-07-30T19:25
APP01698,STU00248,COL001,BMS Institute of Technology,NextGen Labs,ML Engineer,Applied,,2026-09-02T12:53
APP01699,STU01406,COL001,BMS Institute of Technology,Vertex Digital,Frontend Developer,Interview,,2026-08-22T15:48
APP01700,STU01211,COL005,New Horizon College of Engineering,BrightWorks,ML Engineer,Interview,,2026-09-04T18:28
APP01701,STU01295,COL005,New Horizon College of Engineering,BrightWorks,Frontend Developer,Applied,,2026-08-01T10:18
APP01702,STU00610,COL004,Dayananda Sagar College of Engineering,PrimeStack,Software Engineer,Interview,,2026-09-01T19:27
APP01703,STU01404,COL006,CMR Institute of Technology,Orion Analytics,Business Analyst,Interview,,2026-08-28T15:28
APP01704,STU00507,COL002,RV College of Engineering,InfiCore,Data Analyst,Rejected,,2026-07-29T18:29
APP01705,STU01925,COL006,CMR Institute of Technology,FinEdge Solutions,Frontend Developer,Rejected,,2026-08-31T12:08
APP01706,STU01904,COL004,Dayananda Sagar College of Engineering,FinEdge Solutions,ML Engineer,Interview,,2026-08-07T09:26
APP01707,STU01983,COL006,CMR Institute of Technology,NextGen Labs,Frontend Developer,Applied,,2026-08-28T15:10
APP01708,STU00322,COL003,PES University,DataNest,Backend Developer,Screening,,2026-08-02T19:38
APP01709,STU01209,COL006,CMR Institute of Technology,Nova Systems,Business Analyst,Interview,,2026-09-26T13:54
APP01710,STU02089,COL004,Dayananda Sagar College of Engineering,BrightWorks,Software Engineer,Applied,,2026-09-12T11:08
APP01711,STU00859,COL005,New Horizon College of Engineering,QuantEdge,Data Analyst,Screening,,2026-08-06T20:55
APP01712,STU00076,COL003,PES University,CloudMinds,Data Analyst,Rejected,,2026-09-01T14:20
APP01713,STU01158,COL003,PES University,Aster Mobility,Business Analyst,Applied,,2026-08-29T09:14
APP01714,STU02048,COL005,New Horizon College of Engineering,CloudMinds,Business Analyst,Placed,7.3,2026-09-05T09:51
APP01715,STU00452,COL005,New Horizon College of Engineering,Aster Mobility,ML Engineer,Offer,4.3,2026-08-06T17:55
APP01716,STU00312,COL004,Dayananda Sagar College of Engineering,BrightWorks,Software Engineer,Interview,,2026-07-21T19:42
APP01717,STU01011,COL005,New Horizon College of Engineering,Aster Mobility,Software Engineer,Screening,,2026-09-08T17:02
APP01718,STU01523,COL001,BMS Institute of Technology,BrightWorks,Backend Developer,Applied,,2026-09-12T13:03
APP01719,STU00617,COL003,PES University,Vertex Digital,Software Engineer,Interview,,2026-09-13T17:26
APP01720,STU02351,COL003,PES University,CloudMinds,Business Analyst,Interview,,2026-08-01T16:49
APP01721,STU00361,COL005,New Horizon College of Engineering,BrightWorks,ML Engineer,Rejected,,2026-08-11T15:35
APP01722,STU00060,COL002,RV College of Engineering,Nova Systems,Data Analyst,Screening,,2026-07-21T18:45
APP01723,STU02051,COL001,BMS Institute of Technology,InfiCore,Software Engineer,Placed,12.8,2026-09-06T15:01
APP01724,STU02377,COL004,Dayananda Sagar College of Engineering,InfiCore,Software Engineer,Interview,,2026-09-26T10:23
APP01725,STU01771,COL004,Dayananda Sagar College of Engineering,DataNest,Data Analyst,Rejected,,2026-07-07T19:39
APP01726,STU01112,COL001,BMS Institute of Technology,FinEdge Solutions,Software Engineer,Screening,,2026-08-29T20:41
APP01727,STU00066,COL004,Dayananda Sagar College of Engineering,Aster Mobility,Software Engineer,Applied,,2026-09-09T13:13
APP01728,STU02266,COL001,BMS Institute of Technology,InfiCore,Backend Developer,Interview,,2026-07-26T15:33
APP01729,STU00006,COL005,New Horizon College of Engineering,BlueOrbit Labs,ML Engineer,Applied,,2026-09-11T12:37
APP01730,STU01866,COL003,PES University,CloudMinds,Data Analyst,Rejected,,2026-08-21T19:27
APP01731,STU00267,COL004,Dayananda Sagar College of Engineering,CloudMinds,Business Analyst,Offer,10.1,2026-08-19T10:19
APP01732,STU00508,COL003,PES University,FinEdge Solutions,ML Engineer,Applied,,2026-09-07T20:13
APP01733,STU01991,COL006,CMR Institute of Technology,PrimeStack,Business Analyst,Screening,,2026-08-15T18:53
APP01734,STU00870,COL006,CMR Institute of Technology,TechForge,Business Analyst,Interview,,2026-08-03T09:16
APP01735,STU00458,COL004,Dayananda Sagar College of Engineering,Orion Analytics,Software Engineer,Offer,11.0,2026-08-29T17:43
APP01736,STU01082,COL003,PES University,NextGen Labs,Software Engineer,Screening,,2026-08-16T12:53
APP01737,STU01068,COL003,PES University,BrightWorks,Software Engineer,Screening,,2026-09-12T20:28
APP01738,STU01609,COL004,Dayananda Sagar College of Engineering,BrightWorks,Business Analyst,Interview,,2026-08-29T16:48
APP01739,STU02158,COL003,PES University,BrightWorks,Backend Developer,Placed,8.1,2026-09-09T17:59
APP01740,STU01467,COL004,Dayananda Sagar College of Engineering,NextGen Labs,Backend Developer,Applied,,2026-07-11T16:00
APP01741,STU02246,COL001,BMS Institute of Technology,CodeCraft,ML Engineer,Rejected,,2026-08-22T11:39
APP01742,STU01885,COL005,New Horizon College of Engineering,Nova Systems,Software Engineer,Offer,13.9,2026-08-26T14:15
APP01743,STU01892,COL004,Dayananda Sagar College of Engineering,BrightWorks,Business Analyst,Screening,,2026-07-19T20:15
APP01744,STU01123,COL004,Dayananda Sagar College of Engineering,BrightWorks,Business Analyst,Interview,,2026-08-09T12:50
APP01745,STU00113,COL005,New Horizon College of Engineering,QuantEdge,Frontend Developer,Rejected,,2026-07-31T20:01
APP01746,STU01021,COL001,BMS Institute of Technology,FinEdge Solutions,Frontend Developer,Interview,,2026-09-10T14:42
APP01747,STU00667,COL001,BMS Institute of Technology,DataNest,Data Analyst,Rejected,,2026-08-07T12:48
APP01748,STU01937,COL003,PES University,PrimeStack,Backend Developer,Offer,10.6,2026-09-28T12:56
APP01749,STU02062,COL004,Dayananda Sagar College of Engineering,Orion Analytics,Frontend Developer,Applied,,2026-07-18T20:43
APP01750,STU00175,COL001,BMS Institute of Technology,Orion Analytics,ML Engineer,Offer,8.0,2026-08-12T15:08
APP01751,STU00618,COL005,New Horizon College of Engineering,TechForge,ML Engineer,Screening,,2026-09-03T13:16
APP01752,STU01968,COL003,PES University,FinEdge Solutions,Frontend Developer,Applied,,2026-09-17T10:22
APP01753,STU01638,COL002,RV College of Engineering,TechForge,Backend Developer,Screening,,2026-08-16T12:37
APP01754,STU00175,COL001,BMS Institute of Technology,Aster Mobility,Business Analyst,Rejected,,2026-07-07T15:08
APP01755,STU00456,COL005,New Horizon College of Engineering,Orion Analytics,Frontend Developer,Interview,,2026-07-08T15:47
APP01756,STU00404,COL004,Dayananda Sagar College of Engineering,Orion Analytics,Data Analyst,Rejected,,2026-09-02T12:20
APP01757,STU01364,COL002,RV College of Engineering,PrimeStack,Frontend Developer,Rejected,,2026-09-05T20:36
APP01758,STU00056,COL001,BMS Institute of Technology,PrimeStack,ML Engineer,Screening,,2026-07-28T19:34
APP01759,STU02022,COL004,Dayananda Sagar College of Engineering,CloudMinds,Backend Developer,Placed,13.4,2026-09-05T16:06
APP01760,STU02395,COL001,BMS Institute of Technology,TechForge,Frontend Developer,Screening,,2026-08-29T20:55
APP01761,STU01872,COL002,RV College of Engineering,Aster Mobility,Data Analyst,Applied,,2026-08-28T17:09
APP01762,STU00293,COL001,BMS Institute of Technology,InfiCore,Frontend Developer,Offer,13.2,2026-09-12T14:24
APP01763,STU01420,COL003,PES University,TechForge,Software Engineer,Applied,,2026-08-31T10:09
APP01764,STU00114,COL001,BMS Institute of Technology,QuantEdge,ML Engineer,Applied,,2026-08-22T19:55
APP01765,STU00538,COL002,RV College of Engineering,BrightWorks,Frontend Developer,Rejected,,2026-08-06T12:16
APP01766,STU00523,COL003,PES University,Orion Analytics,Frontend Developer,Offer,4.7,2026-08-24T16:51
APP01767,STU01923,COL001,BMS Institute of Technology,BrightWorks,Data Analyst,Offer,10.0,2026-07-23T10:16
APP01768,STU01731,COL001,BMS Institute of Technology,DataNest,Backend Developer,Applied,,2026-08-01T19:38
APP01769,STU01010,COL003,PES University,PrimeStack,Data Analyst,Offer,8.5,2026-08-29T09:32
APP01770,STU00139,COL006,CMR Institute of Technology,BlueOrbit Labs,ML Engineer,Interview,,2026-10-03T09:37
APP01771,STU02266,COL001,BMS Institute of Technology,CloudMinds,Backend Developer,Interview,,2026-07-15T15:33
APP01772,STU01795,COL006,CMR Institute of Technology,CloudMinds,Frontend Developer,Placed,11.0,2026-08-10T10:39
APP01773,STU00868,COL003,PES University,CloudMinds,ML Engineer,Screening,,2026-08-21T12:53
APP01774,STU00711,COL005,New Horizon College of Engineering,QuantEdge,Business Analyst,Interview,,2026-08-25T11:33
APP01775,STU01235,COL004,Dayananda Sagar College of Engineering,FinEdge Solutions,ML Engineer,Applied,,2026-08-21T17:10
APP01776,STU00881,COL003,PES University,InfiCore,ML Engineer,Screening,,2026-09-05T18:14
APP01777,STU01378,COL005,New Horizon College of Engineering,CloudMinds,Data Analyst,Screening,,2026-09-19T19:22
APP01778,STU00461,COL004,Dayananda Sagar College of Engineering,DataNest,Backend Developer,Interview,,2026-09-02T18:57
APP01779,STU00656,COL005,New Horizon College of Engineering,Aster Mobility,Software Engineer,Applied,,2026-08-01T18:25
APP01780,STU00928,COL003,PES University,Orion Analytics,ML Engineer,Rejected,,2026-09-25T16:59
APP01781,STU00124,COL001,BMS Institute of Technology,QuantEdge,Backend Developer,Screening,,2026-08-29T20:22
APP01782,STU01564,COL003,PES University,PrimeStack,Data Analyst,Screening,,2026-08-31T19:12
APP01783,STU00757,COL005,New Horizon College of Engineering,BlueOrbit Labs,Data Analyst,Rejected,,2026-08-27T17:49
APP01784,STU02308,COL005,New Horizon College of Engineering,FinEdge Solutions,Software Engineer,Interview,,2026-09-14T18:48
APP01785,STU01157,COL003,PES University,CloudMinds,Frontend Developer,Screening,,2026-08-07T20:29
APP01786,STU00962,COL004,Dayananda Sagar College of Engineering,BrightWorks,Backend Developer,Rejected,,2026-07-24T11:38
APP01787,STU01667,COL006,CMR Institute of Technology,InfiCore,Backend Developer,Applied,,2026-07-30T15:59
APP01788,STU00842,COL003,PES University,TechForge,Data Analyst,Applied,,2026-08-07T16:55
APP01789,STU00904,COL006,CMR Institute of Technology,CloudMinds,ML Engineer,Interview,,2026-08-23T14:55
APP01790,STU02310,COL004,Dayananda Sagar College of Engineering,Orion Analytics,Software Engineer,Rejected,,2026-08-08T10:37
APP01791,STU01974,COL005,New Horizon College of Engineering,CodeCraft,Business Analyst,Applied,,2026-09-13T17:50
APP01792,STU00968,COL006,CMR Institute of Technology,PrimeStack,ML Engineer,Interview,,2026-08-26T20:18
APP01793,STU00534,COL004,Dayananda Sagar College of Engineering,TechForge,Data Analyst,Interview,,2026-09-03T18:46
APP01794,STU01083,COL006,CMR Institute of Technology,BrightWorks,Frontend Developer,Screening,,2026-07-29T20:56
APP01795,STU00233,COL006,CMR Institute of Technology,BrightWorks,Business Analyst,Applied,,2026-09-03T18:54
APP01796,STU02357,COL006,CMR Institute of Technology,Nova Systems,ML Engineer,Interview,,2026-08-08T19:13
APP01797,STU00933,COL006,CMR Institute of Technology,QuantEdge,Software Engineer,Interview,,2026-07-17T15:15
APP01798,STU01598,COL003,PES University,TechForge,Backend Developer,Rejected,,2026-08-23T11:16
APP01799,STU01403,COL004,Dayananda Sagar College of Engineering,BlueOrbit Labs,Data Analyst,Screening,,2026-07-27T19:55
APP01800,STU00534,COL004,Dayananda Sagar College of Engineering,TechForge,Data Analyst,Applied,,2026-08-24T18:46
APP01801,STU00278,COL006,CMR Institute of Technology,DataNest,Software Engineer,Rejected,,2026-08-07T16:05
APP01802,STU02288,COL001,BMS Institute of Technology,Vertex Digital,Data Analyst,Placed,14.2,2026-09-06T15:25
APP01803,STU01071,COL001,BMS Institute of Technology,QuantEdge,Software Engineer,Interview,,2026-09-11T15:13
APP01804,STU00878,COL004,Dayananda Sagar College of Engineering,NextGen Labs,Software Engineer,Applied,,2026-08-13T17:36
APP01805,STU01770,COL005,New Horizon College of Engineering,NextGen Labs,ML Engineer,Applied,,2026-09-19T13:53
APP01806,STU02333,COL002,RV College of Engineering,Orion Analytics,Backend Developer,Rejected,,2026-08-27T10:12
APP01807,STU00080,COL002,RV College of Engineering,NextGen Labs,Frontend Developer,Interview,,2026-07-17T11:30
APP01808,STU00184,COL006,CMR Institute of Technology,FinEdge Solutions,Data Analyst,Screening,,2026-08-16T15:40
APP01809,STU00501,COL002,RV College of Engineering,Vertex Digital,Business Analyst,Interview,,2026-08-12T20:35
APP01810,STU01717,COL001,BMS Institute of Technology,Orion Analytics,Business Analyst,Offer,10.7,2026-09-01T20:37
APP01811,STU02277,COL001,BMS Institute of Technology,FinEdge Solutions,Backend Developer,Rejected,,2026-08-20T18:37
APP01812,STU02301,COL003,PES University,PrimeStack,Software Engineer,Applied,,2026-08-24T18:22
APP01813,STU00608,COL004,Dayananda Sagar College of Engineering,PrimeStack,Data Analyst,Interview,,2026-09-13T17:28
APP01814,STU01605,COL004,Dayananda Sagar College of Engineering,BlueOrbit Labs,Backend Developer,Interview,,2026-09-09T12:25
APP01815,STU01364,COL002,RV College of Engineering,InfiCore,ML Engineer,Interview,,2026-09-13T20:36
APP01816,STU01545,COL004,Dayananda Sagar College of Engineering,DataNest,ML Engineer,Interview,,2026-08-20T09:09
APP01817,STU02391,COL006,CMR Institute of Technology,Aster Mobility,Software Engineer,Applied,,2026-07-30T19:49
APP01818,STU00755,COL006,CMR Institute of Technology,PrimeStack,ML Engineer,Interview,,2026-09-30T18:28
APP01819,STU01104,COL003,PES University,Vertex Digital,Frontend Developer,Applied,,2026-08-15T11:22
APP01820,STU00130,COL005,New Horizon College of Engineering,FinEdge Solutions,ML Engineer,Interview,,2026-09-15T12:54
APP01821,STU00875,COL006,CMR Institute of Technology,BlueOrbit Labs,Frontend Developer,Screening,,2026-09-04T20:04
APP01822,STU02112,COL003,PES University,Aster Mobility,Backend Developer,Interview,,2026-08-14T16:02
APP01823,STU01190,COL004,Dayananda Sagar College of Engineering,CloudMinds,ML Engineer,Placed,8.8,2026-07-31T21:00
APP01824,STU00771,COL002,RV College of Engineering,BrightWorks,ML Engineer,Applied,,2026-07-30T10:26
APP01825,STU00842,COL003,PES University,DataNest,Backend Developer,Placed,5.3,2026-08-24T16:55
APP01826,STU00914,COL006,CMR Institute of Technology,DataNest,Data Analyst,Interview,,2026-08-15T20:39
APP01827,STU01163,COL006,CMR Institute of Technology,Aster Mobility,Business Analyst,Placed,6.8,2026-08-11T18:24
APP01828,STU02098,COL005,New Horizon College of Engineering,FinEdge Solutions,Frontend Developer,Screening,,2026-09-20T18:24
APP01829,STU00789,COL006,CMR Institute of Technology,BrightWorks,ML Engineer,Interview,,2026-09-30T09:19
APP01830,STU01999,COL001,BMS Institute of Technology,FinEdge Solutions,Backend Developer,Interview,,2026-08-17T10:11
APP01831,STU01222,COL003,PES University,Nova Systems,Frontend Developer,Screening,,2026-08-09T17:36
APP01832,STU01555,COL004,Dayananda Sagar College of Engineering,DataNest,Software Engineer,Applied,,2026-08-01T12:41
APP01833,STU02276,COL001,BMS Institute of Technology,CloudMinds,Frontend Developer,Interview,,2026-08-28T18:10
APP01834,STU01171,COL006,CMR Institute of Technology,NextGen Labs,Data Analyst,Interview,,2026-09-28T12:59
APP01835,STU02127,COL001,BMS Institute of Technology,BlueOrbit Labs,Frontend Developer,Screening,,2026-07-13T11:54
APP01836,STU00907,COL001,BMS Institute of Technology,PrimeStack,Data Analyst,Applied,,2026-08-09T10:14
APP01837,STU00202,COL005,New Horizon College of Engineering,DataNest,ML Engineer,Offer,12.1,2026-07-26T18:09
APP01838,STU00106,COL005,New Horizon College of Engineering,InfiCore,Data Analyst,Applied,,2026-08-19T19:18
APP01839,STU00971,COL005,New Horizon College of Engineering,QuantEdge,ML Engineer,Placed,11.8,2026-08-30T14:13
APP01840,STU00884,COL004,Dayananda Sagar College of Engineering,Aster Mobility,ML Engineer,Applied,,2026-08-20T18:20
APP01841,STU01556,COL005,New Horizon College of Engineering,TechForge,Data Analyst,Applied,,2026-09-23T18:43
APP01842,STU01898,COL005,New Horizon College of Engineering,DataNest,Business Analyst,Screening,,2026-08-26T10:43
APP01843,STU00773,COL001,BMS Institute of Technology,CodeCraft,Software Engineer,Rejected,,2026-07-09T15:13
APP01844,STU00484,COL006,CMR Institute of Technology,PrimeStack,ML Engineer,Screening,,2026-08-17T11:54
APP01845,STU00847,COL005,New Horizon College of Engineering,CloudMinds,ML Engineer,Screening,,2026-09-24T10:29
APP01846,STU02027,COL003,PES University,FinEdge Solutions,Backend Developer,Interview,,2026-08-13T21:00
APP01847,STU01584,COL005,New Horizon College of Engineering,Aster Mobility,Backend Developer,Interview,,2026-08-22T12:30
APP01848,STU01179,COL003,PES University,BrightWorks,Frontend Developer,Applied,,2026-09-01T16:23
APP01849,STU00546,COL005,New Horizon College of Engineering,Aster Mobility,Data Analyst,Offer,4.8,2026-07-29T16:08
APP01850,STU01400,COL005,New Horizon College of Engineering,DataNest,Frontend Developer,Applied,,2026-08-21T20:29
APP01851,STU01949,COL001,BMS Institute of Technology,CodeCraft,Backend Developer,Rejected,,2026-08-17T15:16
APP01852,STU00581,COL003,PES University,Orion Analytics,Data Analyst,Offer,12.2,2026-09-12T15:33
APP01853,STU02303,COL002,RV College of Engineering,CodeCraft,Backend Developer,Screening,,2026-08-04T16:54
APP01854,STU02259,COL002,RV College of Engineering,BlueOrbit Labs,Software Engineer,Rejected,,2026-08-25T12:49
APP01855,STU00677,COL004,Dayananda Sagar College of Engineering,BrightWorks,Backend Developer,Offer,13.0,2026-07-13T09:10
APP01856,STU00875,COL006,CMR Institute of Technology,Nova Systems,Data Analyst,Applied,,2026-09-05T20:04
APP01857,STU02139,COL006,CMR Institute of Technology,DataNest,ML Engineer,Rejected,,2026-09-01T20:38
APP01858,STU00065,COL004,Dayananda Sagar College of Engineering,Nova Systems,Software Engineer,Applied,,2026-09-26T12:42
APP01859,STU01114,COL004,Dayananda Sagar College of Engineering,FinEdge Solutions,ML Engineer,Interview,,2026-08-04T19:26
APP01860,STU01378,COL005,New Horizon College of Engineering,Orion Analytics,Software Engineer,Screening,,2026-09-27T19:22
APP01861,STU00310,COL004,Dayananda Sagar College of Engineering,PrimeStack,Business Analyst,Interview,,2026-09-01T12:44
APP01862,STU01455,COL005,New Horizon College of Engineering,CloudMinds,ML Engineer,Screening,,2026-08-11T18:14
APP01863,STU01668,COL003,PES University,NextGen Labs,Data Analyst,Rejected,,2026-07-22T16:50
APP01864,STU02180,COL006,CMR Institute of Technology,PrimeStack,Business Analyst,Screening,,2026-09-18T13:07
APP01865,STU00738,COL001,BMS Institute of Technology,CloudMinds,Software Engineer,Screening,,2026-08-25T15:25
APP01866,STU00810,COL001,BMS Institute of Technology,Orion Analytics,Data Analyst,Offer,8.4,2026-08-03T12:37
APP01867,STU00282,COL005,New Horizon College of Engineering,DataNest,Data Analyst,Rejected,,2026-08-20T10:34
APP01868,STU02331,COL005,New Horizon College of Engineering,PrimeStack,Software Engineer,Screening,,2026-07-23T18:18
APP01869,STU01882,COL004,Dayananda Sagar College of Engineering,DataNest,Business Analyst,Applied,,2026-08-22T14:43
APP01870,STU01331,COL001,BMS Institute of Technology,CloudMinds,Frontend Developer,Offer,7.7,2026-07-29T10:00
APP01871,STU00059,COL003,PES University,Nova Systems,Business Analyst,Interview,,2026-07-27T10:30
APP01872,STU01888,COL004,Dayananda Sagar College of Engineering,NextGen Labs,Software Engineer,Applied,,2026-08-03T19:20
APP01873,STU00069,COL003,PES University,NextGen Labs,Business Analyst,Screening,,2026-08-22T16:30
APP01874,STU00260,COL001,BMS Institute of Technology,DataNest,Software Engineer,Screening,,2026-09-16T14:03
APP01875,STU00069,COL003,PES University,QuantEdge,Data Analyst,Interview,,2026-08-05T16:30
APP01876,STU02091,COL006,CMR Institute of Technology,Nova Systems,Software Engineer,Screening,,2026-08-22T12:21
APP01877,STU00261,COL004,Dayananda Sagar College of Engineering,Orion Analytics,ML Engineer,Rejected,,2026-08-23T15:11
APP01878,STU01488,COL005,New Horizon College of Engineering,QuantEdge,Backend Developer,Offer,7.2,2026-08-20T20:55
APP01879,STU00130,COL005,New Horizon College of Engineering,CloudMinds,Business Analyst,Rejected,,2026-08-07T12:54
APP01880,STU00072,COL006,CMR Institute of Technology,FinEdge Solutions,Data Analyst,Applied,,2026-10-01T17:32
APP01881,STU01517,COL006,CMR Institute of Technology,Nova Systems,Data Analyst,Applied,,2026-08-19T18:53
APP01882,STU02056,COL003,PES University,CloudMinds,Business Analyst,Rejected,,2026-09-17T10:16
APP01883,STU00750,COL001,BMS Institute of Technology,Nova Systems,Data Analyst,Rejected,,2026-10-03T16:58
APP01884,STU00366,COL003,PES University,Aster Mobility,Business Analyst,Interview,,2026-09-24T15:16
APP01885,STU01777,COL004,Dayananda Sagar College of Engineering,BlueOrbit Labs,ML Engineer,Interview,,2026-08-12T09:59
APP01886,STU02044,COL002,RV College of Engineering,TechForge,Business Analyst,Applied,,2026-08-03T13:28
APP01887,STU01840,COL006,CMR Institute of Technology,Nova Systems,Business Analyst,Offer,10.1,2026-08-11T17:29
APP01888,STU01261,COL003,PES University,NextGen Labs,Backend Developer,Offer,12.0,2026-07-19T12:34
APP01889,STU00032,COL003,PES University,CodeCraft,Business Analyst,Interview,,2026-08-11T16:00
APP01890,STU00794,COL006,CMR Institute of Technology,NextGen Labs,Business Analyst,Screening,,2026-09-11T13:38
APP01891,STU01576,COL002,RV College of Engineering,CodeCraft,Frontend Developer,Screening,,2026-08-12T14:36
APP01892,STU01583,COL004,Dayananda Sagar College of Engineering,Vertex Digital,ML Engineer,Applied,,2026-08-29T15:55
APP01893,STU02081,COL003,PES University,CloudMinds,Data Analyst,Interview,,2026-08-07T14:00
APP01894,STU02205,COL003,PES University,Vertex Digital,Software Engineer,Interview,,2026-08-30T09:04
APP01895,STU00040,COL002,RV College of Engineering,PrimeStack,Data Analyst,Offer,8.7,2026-08-10T16:41
APP01896,STU01788,COL005,New Horizon College of Engineering,BlueOrbit Labs,Backend Developer,Applied,,2026-08-31T13:31
APP01897,STU01820,COL004,Dayananda Sagar College of Engineering,DataNest,Business Analyst,Applied,,2026-07-28T17:21
APP01898,STU01759,COL006,CMR Institute of Technology,NextGen Labs,Frontend Developer,Rejected,,2026-08-28T15:58
APP01899,STU01514,COL002,RV College of Engineering,TechForge,Data Analyst,Applied,,2026-08-17T09:37
APP01900,STU01672,COL002,RV College of Engineering,CloudMinds,Frontend Developer,Screening,,2026-07-18T15:44
APP01901,STU02132,COL002,RV College of Engineering,BlueOrbit Labs,ML Engineer,Offer,8.3,2026-08-26T13:09
APP01902,STU00346,COL005,New Horizon College of Engineering,QuantEdge,ML Engineer,Screening,,2026-07-24T10:40
APP01903,STU00118,COL004,Dayananda Sagar College of Engineering,BrightWorks,Frontend Developer,Placed,6.3,2026-07-13T16:39
APP01904,STU02288,COL001,BMS Institute of Technology,BlueOrbit Labs,ML Engineer,Rejected,,2026-09-08T15:25
APP01905,STU02108,COL003,PES University,QuantEdge,Data Analyst,Interview,,2026-09-01T12:45
APP01906,STU01118,COL003,PES University,Orion Analytics,ML Engineer,Applied,,2026-08-06T16:26
APP01907,STU01583,COL004,Dayananda Sagar College of Engineering,CloudMinds,Business Analyst,Rejected,,2026-09-15T15:55
APP01908,STU02292,COL006,CMR Institute of Technology,PrimeStack,Business Analyst,Applied,,2026-08-05T09:18
APP01909,STU00286,COL006,CMR Institute of Technology,Aster Mobility,Data Analyst,Rejected,,2026-07-17T18:59
APP01910,STU02189,COL003,PES University,QuantEdge,Frontend Developer,Applied,,2026-08-15T18:03
APP01911,STU02143,COL004,Dayananda Sagar College of Engineering,Nova Systems,Frontend Developer,Screening,,2026-08-10T17:57
APP01912,STU02198,COL006,CMR Institute of Technology,CloudMinds,Data Analyst,Screening,,2026-09-14T12:41
APP01913,STU02124,COL001,BMS Institute of Technology,BrightWorks,ML Engineer,Applied,,2026-10-08T18:00
APP01914,STU01158,COL003,PES University,PrimeStack,Business Analyst,Screening,,2026-08-21T09:14
APP01915,STU00655,COL005,New Horizon College of Engineering,InfiCore,Data Analyst,Interview,,2026-08-28T10:25
APP01916,STU01824,COL003,PES University,Nova Systems,Backend Developer,Interview,,2026-08-24T13:56
APP01917,STU00187,COL004,Dayananda Sagar College of Engineering,NextGen Labs,Software Engineer,Placed,7.0,2026-08-05T19:22
APP01918,STU00403,COL002,RV College of Engineering,Vertex Digital,Data Analyst,Screening,,2026-09-03T10:22
APP01919,STU01539,COL003,PES University,TechForge,Frontend Developer,Placed,12.9,2026-09-13T10:08
APP01920,STU00973,COL004,Dayananda Sagar College of Engineering,DataNest,Backend Developer,Interview,,2026-08-07T20:01
APP01921,STU02304,COL005,New Horizon College of Engineering,TechForge,Business Analyst,Applied,,2026-08-08T18:12
APP01922,STU00428,COL001,BMS Institute of Technology,Vertex Digital,Business Analyst,Offer,8.9,2026-08-12T17:34
APP01923,STU00914,COL006,CMR Institute of Technology,CloudMinds,Business Analyst,Screening,,2026-07-19T20:39
APP01924,STU01342,COL005,New Horizon College of Engineering,InfiCore,Backend Developer,Applied,,2026-07-23T18:06
APP01925,STU01871,COL005,New Horizon College of Engineering,CodeCraft,Business Analyst,Rejected,,2026-07-21T16:34
APP01926,STU01634,COL001,BMS Institute of Technology,InfiCore,Frontend Developer,Rejected,,2026-07-29T11:39
APP01927,STU00833,COL005,New Horizon College of Engineering,FinEdge Solutions,Frontend Developer,Offer,9.3,2026-07-25T14:16
APP01928,STU01431,COL002,RV College of Engineering,TechForge,Data Analyst,Applied,,2026-08-26T17:55
APP01929,STU01248,COL006,CMR Institute of Technology,Vertex Digital,Frontend Developer,Screening,,2026-08-17T17:57
APP01930,STU01949,COL001,BMS Institute of Technology,Orion Analytics,Backend Developer,Offer,12.8,2026-09-01T15:16
APP01931,STU01238,COL006,CMR Institute of Technology,QuantEdge,Backend Developer,Screening,,2026-07-27T12:21
APP01932,STU00907,COL001,BMS Institute of Technology,BlueOrbit Labs,Data Analyst,Rejected,,2026-07-22T10:14
APP01933,STU00656,COL005,New Horizon College of Engineering,NextGen Labs,Software Engineer,Rejected,,2026-09-05T18:25
APP01934,STU01373,COL001,BMS Institute of Technology,FinEdge Solutions,Backend Developer,Applied,,2026-08-07T17:05
APP01935,STU01740,COL005,New Horizon College of Engineering,Orion Analytics,Business Analyst,Applied,,2026-09-08T18:02
APP01936,STU00692,COL001,BMS Institute of Technology,CodeCraft,Software Engineer,Screening,,2026-07-30T16:53
APP01937,STU01783,COL003,PES University,PrimeStack,ML Engineer,Applied,,2026-07-25T13:09
APP01938,STU00582,COL002,RV College of Engineering,DataNest,Frontend Developer,Placed,15.4,2026-08-21T14:45
APP01939,STU01307,COL004,Dayananda Sagar College of Engineering,CodeCraft,Business Analyst,Applied,,2026-08-06T16:02
APP01940,STU01502,COL005,New Horizon College of Engineering,Aster Mobility,ML Engineer,Rejected,,2026-08-28T15:16
APP01941,STU00667,COL001,BMS Institute of Technology,InfiCore,Software Engineer,Screening,,2026-08-06T12:48
APP01942,STU00248,COL001,BMS Institute of Technology,Orion Analytics,Software Engineer,Interview,,2026-09-01T12:53
APP01943,STU01901,COL002,RV College of Engineering,BrightWorks,Backend Developer,Screening,,2026-07-30T17:06
APP01944,STU01596,COL001,BMS Institute of Technology,BrightWorks,Data Analyst,Rejected,,2026-08-17T15:01
APP01945,STU00429,COL001,BMS Institute of Technology,DataNest,Frontend Developer,Applied,,2026-07-04T09:55
APP01946,STU02398,COL002,RV College of Engineering,DataNest,Backend Developer,Applied,,2026-08-24T13:18
APP01947,STU01342,COL005,New Horizon College of Engineering,Vertex Digital,Backend Developer,Placed,13.8,2026-08-12T18:06
APP01948,STU00391,COL004,Dayananda Sagar College of Engineering,Aster Mobility,ML Engineer,Rejected,,2026-08-26T18:41
APP01949,STU00628,COL002,RV College of Engineering,Nova Systems,Software Engineer,Applied,,2026-08-04T12:44
APP01950,STU00579,COL005,New Horizon College of Engineering,CloudMinds,Business Analyst,Applied,,2026-09-14T09:28
APP01951,STU00854,COL003,PES University,Aster Mobility,Software Engineer,Interview,,2026-07-18T16:13
APP01952,STU00434,COL002,RV College of Engineering,Orion Analytics,Backend Developer,Applied,,2026-07-03T20:34
APP01953,STU02078,COL001,BMS Institute of Technology,CodeCraft,Software Engineer,Screening,,2026-10-06T13:33
APP01954,STU01618,COL004,Dayananda Sagar College of Engineering,NextGen Labs,Frontend Developer,Screening,,2026-08-12T16:01
APP01955,STU01658,COL001,BMS Institute of Technology,FinEdge Solutions,Software Engineer,Applied,,2026-08-31T16:25
APP01956,STU00356,COL005,New Horizon College of Engineering,QuantEdge,Backend Developer,Rejected,,2026-09-22T09:56
APP01957,STU01020,COL005,New Horizon College of Engineering,Orion Analytics,Business Analyst,Applied,,2026-08-25T15:15
APP01958,STU00917,COL005,New Horizon College of Engineering,FinEdge Solutions,ML Engineer,Interview,,2026-09-15T09:48
APP01959,STU01858,COL004,Dayananda Sagar College of Engineering,InfiCore,Frontend Developer,Interview,,2026-07-23T11:43
APP01960,STU00075,COL001,BMS Institute of Technology,InfiCore,Backend Developer,Rejected,,2026-09-11T16:45
APP01961,STU00062,COL004,Dayananda Sagar College of Engineering,InfiCore,Backend Developer,Screening,,2026-07-26T11:32
APP01962,STU02290,COL001,BMS Institute of Technology,FinEdge Solutions,Data Analyst,Offer,7.8,2026-07-09T12:54
APP01963,STU00838,COL006,CMR Institute of Technology,Nova Systems,ML Engineer,Interview,,2026-09-24T09:38
APP01964,STU01278,COL001,BMS Institute of Technology,Orion Analytics,Backend Developer,Screening,,2026-09-30T13:59
APP01965,STU01891,COL004,Dayananda Sagar College of Engineering,Nova Systems,Data Analyst,Rejected,,2026-08-13T19:31
APP01966,STU00452,COL005,New Horizon College of Engineering,TechForge,Business Analyst,Interview,,2026-08-16T17:55
APP01967,STU00250,COL002,RV College of Engineering,FinEdge Solutions,Software Engineer,Interview,,2026-08-05T14:07
APP01968,STU00224,COL006,CMR Institute of Technology,BlueOrbit Labs,Business Analyst,Rejected,,2026-08-27T11:28
APP01969,STU01354,COL004,Dayananda Sagar College of Engineering,Aster Mobility,Business Analyst,Applied,,2026-08-08T16:19
APP01970,STU00711,COL005,New Horizon College of Engineering,Aster Mobility,Software Engineer,Interview,,2026-08-16T11:33
APP01971,STU00622,COL002,RV College of Engineering,QuantEdge,Business Analyst,Screening,,2026-08-18T19:28
APP01972,STU00766,COL001,BMS Institute of Technology,FinEdge Solutions,Data Analyst,Offer,13.6,2026-08-10T10:14
APP01973,STU00232,COL003,PES University,QuantEdge,ML Engineer,Interview,,2026-08-18T10:06
APP01974,STU01473,COL005,New Horizon College of Engineering,Aster Mobility,Data Analyst,Offer,7.2,2026-08-18T11:18
APP01975,STU00749,COL004,Dayananda Sagar College of Engineering,Nova Systems,Data Analyst,Screening,,2026-08-26T10:41
APP01976,STU00199,COL004,Dayananda Sagar College of Engineering,InfiCore,ML Engineer,Applied,,2026-08-02T10:58
APP01977,STU02203,COL004,Dayananda Sagar College of Engineering,BlueOrbit Labs,ML Engineer,Applied,,2026-08-27T12:21
APP01978,STU01510,COL002,RV College of Engineering,BrightWorks,Software Engineer,Applied,,2026-10-01T20:13
APP01979,STU00618,COL005,New Horizon College of Engineering,InfiCore,ML Engineer,Applied,,2026-09-13T13:16
APP01980,STU00795,COL005,New Horizon College of Engineering,BlueOrbit Labs,Software Engineer,Placed,11.8,2026-08-01T10:16
APP01981,STU00187,COL004,Dayananda Sagar College of Engineering,PrimeStack,ML Engineer,Rejected,,2026-08-06T19:22
APP01982,STU02398,COL002,RV College of Engineering,CloudMinds,ML Engineer,Interview,,2026-07-22T13:18
APP01983,STU01261,COL003,PES University,PrimeStack,Backend Developer,Screening,,2026-08-05T12:34
APP01984,STU01678,COL006,CMR Institute of Technology,CloudMinds,Software Engineer,Applied,,2026-08-27T18:12
APP01985,STU00735,COL002,RV College of Engineering,DataNest,Data Analyst,Applied,,2026-09-26T15:27
APP01986,STU01950,COL004,Dayananda Sagar College of Engineering,InfiCore,Backend Developer,Interview,,2026-08-05T18:00
APP01987,STU00537,COL003,PES University,NextGen Labs,Backend Developer,Applied,,2026-07-13T10:28
APP01988,STU00482,COL005,New Horizon College of Engineering,InfiCore,ML Engineer,Screening,,2026-08-11T17:12
APP01989,STU01067,COL003,PES University,QuantEdge,Business Analyst,Screening,,2026-08-16T11:51
APP01990,STU01574,COL002,RV College of Engineering,NextGen Labs,Business Analyst,Rejected,,2026-08-10T12:20
APP01991,STU01910,COL001,BMS Institute of Technology,CloudMinds,Backend Developer,Rejected,,2026-08-17T13:23
APP01992,STU00465,COL001,BMS Institute of Technology,Aster Mobility,Backend Developer,Applied,,2026-09-11T18:11
APP01993,STU00610,COL004,Dayananda Sagar College of Engineering,Orion Analytics,Data Analyst,Applied,,2026-08-26T19:27
APP01994,STU00825,COL001,BMS Institute of Technology,CloudMinds,Data Analyst,Applied,,2026-08-21T18:53
APP01995,STU00884,COL004,Dayananda Sagar College of Engineering,FinEdge Solutions,Frontend Developer,Rejected,,2026-09-03T18:20
APP01996,STU02224,COL006,CMR Institute of Technology,CloudMinds,Data Analyst,Rejected,,2026-09-02T13:11
APP01997,STU00900,COL003,PES University,BrightWorks,ML Engineer,Rejected,,2026-09-14T20:49
APP01998,STU01369,COL003,PES University,Orion Analytics,Business Analyst,Interview,,2026-09-07T10:09
APP01999,STU02237,COL004,Dayananda Sagar College of Engineering,NextGen Labs,Frontend Developer,Interview,,2026-08-11T14:40
APP02000,STU01410,COL004,Dayananda Sagar College of Engineering,PrimeStack,Business Analyst,Applied,,2026-08-10T19:05
APP02001,STU01994,COL002,RV College of Engineering,QuantEdge,Data Analyst,Rejected,,2026-08-21T13:29
APP02002,STU01035,COL004,Dayananda Sagar College of Engineering,BrightWorks,Data Analyst,Applied,,2026-07-09T19:14
APP02003,STU01329,COL001,BMS Institute of Technology,Nova Systems,Backend Developer,Rejected,,2026-07-21T15:08
APP02004,STU02300,COL001,BMS Institute of Technology,Nova Systems,Frontend Developer,Rejected,,2026-08-11T18:38
APP02005,STU00282,COL005,New Horizon College of Engineering,InfiCore,ML Engineer,Screening,,2026-08-13T10:34
APP02006,STU01279,COL002,RV College of Engineering,PrimeStack,Backend Developer,Screening,,2026-08-18T13:38
APP02007,STU00398,COL006,CMR Institute of Technology,NextGen Labs,ML Engineer,Screening,,2026-08-24T14:45
APP02008,STU00649,COL005,New Horizon College of Engineering,CodeCraft,Data Analyst,Screening,,2026-07-25T19:02
APP02009,STU00969,COL002,RV College of Engineering,DataNest,Frontend Developer,Rejected,,2026-08-19T14:28
APP02010,STU00011,COL005,New Horizon College of Engineering,CloudMinds,Data Analyst,Applied,,2026-08-31T09:48
APP02011,STU01652,COL006,CMR Institute of Technology,Aster Mobility,Frontend Developer,Interview,,2026-09-02T17:01
APP02012,STU02035,COL004,Dayananda Sagar College of Engineering,Vertex Digital,Business Analyst,Offer,11.9,2026-09-11T12:09
APP02013,STU00707,COL003,PES University,InfiCore,ML Engineer,Applied,,2026-08-09T19:24
APP02014,STU00438,COL002,RV College of Engineering,Orion Analytics,Business Analyst,Rejected,,2026-09-03T09:27
APP02015,STU00194,COL006,CMR Institute of Technology,PrimeStack,Software Engineer,Applied,,2026-08-12T12:15
APP02016,STU00698,COL003,PES University,QuantEdge,ML Engineer,Placed,13.7,2026-07-30T17:42
APP02017,STU02028,COL003,PES University,DataNest,Data Analyst,Rejected,,2026-09-12T10:31
APP02018,STU01513,COL002,RV College of Engineering,CodeCraft,ML Engineer,Interview,,2026-07-15T19:11
APP02019,STU00642,COL006,CMR Institute of Technology,PrimeStack,Software Engineer,Offer,13.3,2026-08-25T16:17
APP02020,STU00046,COL003,PES University,CodeCraft,Frontend Developer,Offer,12.5,2026-08-03T15:02
APP02021,STU02279,COL001,BMS Institute of Technology,DataNest,Backend Developer,Applied,,2026-09-22T10:42
APP02022,STU01510,COL002,RV College of Engineering,Nova Systems,Software Engineer,Screening,,2026-09-22T20:13
APP02023,STU00465,COL001,BMS Institute of Technology,BlueOrbit Labs,Software Engineer,Screening,,2026-08-13T18:11
APP02024,STU00333,COL001,BMS Institute of Technology,Nova Systems,Data Analyst,Rejected,,2026-09-04T17:10
APP02025,STU01284,COL002,RV College of Engineering,BrightWorks,ML Engineer,Rejected,,2026-08-23T11:12
APP02026,STU00186,COL001,BMS Institute of Technology,DataNest,Backend Developer,Rejected,,2026-08-14T09:22
APP02027,STU01940,COL005,New Horizon College of Engineering,InfiCore,Software Engineer,Rejected,,2026-08-16T11:53
APP02028,STU00248,COL001,BMS Institute of Technology,Aster Mobility,Backend Developer,Placed,7.6,2026-08-28T12:53
APP02029,STU01493,COL003,PES University,PrimeStack,Backend Developer,Applied,,2026-08-28T18:25
APP02030,STU00063,COL004,Dayananda Sagar College of Engineering,FinEdge Solutions,Data Analyst,Applied,,2026-08-12T19:34
APP02031,STU00290,COL005,New Horizon College of Engineering,Vertex Digital,Business Analyst,Interview,,2026-08-10T10:42
APP02032,STU01535,COL004,Dayananda Sagar College of Engineering,Orion Analytics,ML Engineer,Interview,,2026-08-04T15:23
APP02033,STU02149,COL006,CMR Institute of Technology,Aster Mobility,Data Analyst,Screening,,2026-08-11T09:53
APP02034,STU01295,COL005,New Horizon College of Engineering,TechForge,ML Engineer,Applied,,2026-08-16T10:18
APP02035,STU01586,COL006,CMR Institute of Technology,InfiCore,Frontend Developer,Placed,10.4,2026-08-15T12:04
APP02036,STU01230,COL003,PES University,DataNest,Backend Developer,Applied,,2026-09-10T16:07
APP02037,STU00239,COL003,PES University,BrightWorks,Data Analyst,Rejected,,2026-07-12T19:31
APP02038,STU00973,COL004,Dayananda Sagar College of Engineering,CloudMinds,Software Engineer,Applied,,2026-08-13T20:01
APP02039,STU02266,COL001,BMS Institute of Technology,BlueOrbit Labs,Software Engineer,Rejected,,2026-08-06T15:33
APP02040,STU01512,COL002,RV College of Engineering,InfiCore,Business Analyst,Placed,10.3,2026-09-01T09:26
APP02041,STU01295,COL005,New Horizon College of Engineering,Orion Analytics,ML Engineer,Applied,,2026-08-30T10:18
APP02042,STU01656,COL003,PES University,Nova Systems,Data Analyst,Screening,,2026-09-02T10:35
APP02043,STU00508,COL003,PES University,DataNest,Backend Developer,Interview,,2026-09-11T20:13
APP02044,STU01144,COL002,RV College of Engineering,FinEdge Solutions,ML Engineer,Rejected,,2026-08-30T09:03
APP02045,STU01824,COL003,PES University,Orion Analytics,Data Analyst,Applied,,2026-10-02T13:56
APP02046,STU00490,COL004,Dayananda Sagar College of Engineering,Nova Systems,Data Analyst,Screening,,2026-08-12T13:34
APP02047,STU02170,COL005,New Horizon College of Engineering,DataNest,Data Analyst,Offer,11.1,2026-08-16T11:45
APP02048,STU01914,COL006,CMR Institute of Technology,DataNest,Business Analyst,Screening,,2026-08-17T11:33
APP02049,STU01840,COL006,CMR Institute of Technology,InfiCore,ML Engineer,Screening,,2026-07-25T17:29
APP02050,STU00203,COL002,RV College of Engineering,CloudMinds,ML Engineer,Interview,,2026-08-24T09:32
APP02051,STU01140,COL003,PES University,CodeCraft,Data Analyst,Placed,4.7,2026-09-13T18:03
APP02052,STU01645,COL005,New Horizon College of Engineering,CloudMinds,Backend Developer,Placed,9.5,2026-08-02T16:50
APP02053,STU01175,COL005,New Horizon College of Engineering,QuantEdge,Data Analyst,Offer,9.7,2026-10-05T13:39
APP02054,STU00926,COL006,CMR Institute of Technology,DataNest,Frontend Developer,Applied,,2026-07-26T15:06
APP02055,STU00659,COL002,RV College of Engineering,CloudMinds,Software Engineer,Applied,,2026-08-28T19:32
APP02056,STU01578,COL006,CMR Institute of Technology,PrimeStack,Business Analyst,Interview,,2026-07-14T09:16
APP02057,STU00403,COL002,RV College of Engineering,QuantEdge,Data Analyst,Interview,,2026-08-28T10:22
APP02058,STU00395,COL001,BMS Institute of Technology,CodeCraft,Data Analyst,Placed,13.7,2026-07-30T20:06
APP02059,STU01765,COL002,RV College of Engineering,QuantEdge,Data Analyst,Interview,,2026-09-16T12:11
APP02060,STU00995,COL005,New Horizon College of Engineering,PrimeStack,Frontend Developer,Rejected,,2026-08-25T12:32
APP02061,STU01564,COL003,PES University,Nova Systems,Backend Developer,Offer,11.5,2026-07-30T19:12
APP02062,STU00592,COL004,Dayananda Sagar College of Engineering,InfiCore,Data Analyst,Applied,,2026-08-15T15:21
APP02063,STU01459,COL003,PES University,FinEdge Solutions,Software Engineer,Screening,,2026-08-31T10:00
APP02064,STU00040,COL002,RV College of Engineering,CodeCraft,Backend Developer,Offer,7.0,2026-08-14T16:41
APP02065,STU01992,COL002,RV College of Engineering,Aster Mobility,Software Engineer,Interview,,2026-08-04T11:40
APP02066,STU00209,COL003,PES University,Aster Mobility,Frontend Developer,Screening,,2026-08-23T13:28
APP02067,STU02394,COL005,New Horizon College of Engineering,DataNest,Software Engineer,Rejected,,2026-08-24T09:45
APP02068,STU01866,COL003,PES University,CloudMinds,Business Analyst,Screening,,2026-08-21T19:27
APP02069,STU00393,COL001,BMS Institute of Technology,PrimeStack,Software Engineer,Applied,,2026-08-11T09:48
APP02070,STU01203,COL002,RV College of Engineering,TechForge,ML Engineer,Interview,,2026-08-23T18:48
APP02071,STU01236,COL005,New Horizon College of Engineering,QuantEdge,Business Analyst,Applied,,2026-07-30T12:05
APP02072,STU00116,COL005,New Horizon College of Engineering,BrightWorks,Frontend Developer,Rejected,,2026-08-01T10:16
APP02073,STU00859,COL005,New Horizon College of Engineering,CloudMinds,Frontend Developer,Screening,,2026-08-15T20:55
APP02074,STU01992,COL002,RV College of Engineering,PrimeStack,Software Engineer,Interview,,2026-09-05T11:40
APP02075,STU00075,COL001,BMS Institute of Technology,FinEdge Solutions,ML Engineer,Interview,,2026-08-18T16:45
APP02076,STU01203,COL002,RV College of Engineering,QuantEdge,Business Analyst,Rejected,,2026-08-13T18:48
APP02077,STU00809,COL004,Dayananda Sagar College of Engineering,Vertex Digital,Business Analyst,Offer,10.9,2026-08-19T11:12
APP02078,STU01311,COL005,New Horizon College of Engineering,FinEdge Solutions,Business Analyst,Screening,,2026-08-06T14:52
APP02079,STU01915,COL001,BMS Institute of Technology,Orion Analytics,Software Engineer,Interview,,2026-09-15T15:09
APP02080,STU01808,COL002,RV College of Engineering,BrightWorks,ML Engineer,Applied,,2026-09-23T09:33
APP02081,STU01129,COL002,RV College of Engineering,DataNest,ML Engineer,Interview,,2026-08-03T13:29
APP02082,STU01698,COL005,New Horizon College of Engineering,Vertex Digital,Backend Developer,Screening,,2026-08-09T19:10
APP02083,STU00715,COL001,BMS Institute of Technology,FinEdge Solutions,Data Analyst,Offer,12.3,2026-09-18T12:07
APP02084,STU01303,COL005,New Horizon College of Engineering,PrimeStack,Data Analyst,Interview,,2026-08-26T13:29
APP02085,STU01136,COL001,BMS Institute of Technology,DataNest,ML Engineer,Rejected,,2026-08-23T10:47
APP02086,STU01807,COL003,PES University,QuantEdge,Backend Developer,Rejected,,2026-08-04T13:44
APP02087,STU00064,COL002,RV College of Engineering,QuantEdge,Backend Developer,Screening,,2026-08-28T19:16
APP02088,STU01949,COL001,BMS Institute of Technology,TechForge,Software Engineer,Interview,,2026-08-16T15:16
APP02089,STU01335,COL005,New Horizon College of Engineering,Vertex Digital,Software Engineer,Applied,,2026-08-05T12:28
APP02090,STU00196,COL006,CMR Institute of Technology,DataNest,ML Engineer,Placed,12.0,2026-09-01T14:58
APP02091,STU01477,COL003,PES University,QuantEdge,Business Analyst,Interview,,2026-08-26T13:00
APP02092,STU00484,COL006,CMR Institute of Technology,InfiCore,Software Engineer,Applied,,2026-07-16T11:54
APP02093,STU02269,COL003,PES University,DataNest,Backend Developer,Interview,,2026-09-21T15:35
APP02094,STU02205,COL003,PES University,BrightWorks,Software Engineer,Screening,,2026-07-28T09:04
APP02095,STU00248,COL001,BMS Institute of Technology,DataNest,Frontend Developer,Offer,4.4,2026-08-16T12:53
APP02096,STU01785,COL006,CMR Institute of Technology,TechForge,Data Analyst,Rejected,,2026-08-08T12:39
APP02097,STU00750,COL001,BMS Institute of Technology,Orion Analytics,Frontend Developer,Applied,,2026-09-24T16:58
APP02098,STU00584,COL003,PES University,InfiCore,Business Analyst,Screening,,2026-08-05T17:12
APP02099,STU02277,COL001,BMS Institute of Technology,Orion Analytics,ML Engineer,Applied,,2026-08-06T18:37
APP02100,STU01635,COL006,CMR Institute of Technology,CloudMinds,Data Analyst,Screening,,2026-09-10T10:51
APP02101,STU01555,COL004,Dayananda Sagar College of Engineering,Orion Analytics,Software Engineer,Offer,8.9,2026-07-29T12:41
APP02102,STU00579,COL005,New Horizon College of Engineering,FinEdge Solutions,Data Analyst,Applied,,2026-08-14T09:28
APP02103,STU02307,COL001,BMS Institute of Technology,BlueOrbit Labs,Backend Developer,Screening,,2026-08-02T20:09
APP02104,STU01007,COL003,PES University,CodeCraft,Backend Developer,Screening,,2026-07-17T20:25
APP02105,STU02303,COL002,RV College of Engineering,QuantEdge,Software Engineer,Applied,,2026-09-16T16:54
APP02106,STU01202,COL003,PES University,InfiCore,Frontend Developer,Interview,,2026-08-31T14:40
APP02107,STU00492,COL006,CMR Institute of Technology,CloudMinds,ML Engineer,Applied,,2026-08-03T14:02
APP02108,STU02326,COL003,PES University,Vertex Digital,Backend Developer,Applied,,2026-08-30T18:58
APP02109,STU00461,COL004,Dayananda Sagar College of Engineering,CodeCraft,Backend Developer,Screening,,2026-09-21T18:57
APP02110,STU01111,COL005,New Horizon College of Engineering,PrimeStack,Frontend Developer,Rejected,,2026-09-25T19:08
APP02111,STU01054,COL006,CMR Institute of Technology,CloudMinds,Business Analyst,Applied,,2026-09-24T18:04
APP02112,STU02091,COL006,CMR Institute of Technology,Vertex Digital,Frontend Developer,Rejected,,2026-08-12T12:21
APP02113,STU02064,COL004,Dayananda Sagar College of Engineering,InfiCore,Software Engineer,Rejected,,2026-08-15T20:10
APP02114,STU01056,COL002,RV College of Engineering,DataNest,Frontend Developer,Rejected,,2026-08-18T10:46
APP02115,STU01116,COL005,New Horizon College of Engineering,BrightWorks,Business Analyst,Screening,,2026-08-15T13:14
APP02116,STU00255,COL004,Dayananda Sagar College of Engineering,Nova Systems,Frontend Developer,Interview,,2026-08-15T17:34
APP02117,STU01374,COL001,BMS Institute of Technology,TechForge,Backend Developer,Screening,,2026-08-25T12:54
APP02118,STU01515,COL006,CMR Institute of Technology,InfiCore,ML Engineer,Interview,,2026-09-15T19:11
APP02119,STU01275,COL001,BMS Institute of Technology,DataNest,Frontend Developer,Interview,,2026-07-29T15:57
APP02120,STU01726,COL003,PES University,NextGen Labs,Frontend Developer,Rejected,,2026-08-16T11:46
APP02121,STU00540,COL006,CMR Institute of Technology,Nova Systems,Software Engineer,Interview,,2026-08-10T18:36
APP02122,STU00513,COL004,Dayananda Sagar College of Engineering,Aster Mobility,Frontend Developer,Applied,,2026-09-14T15:15
APP02123,STU01283,COL004,Dayananda Sagar College of Engineering,Nova Systems,Backend Developer,Interview,,2026-08-19T14:17
APP02124,STU01757,COL006,CMR Institute of Technology,FinEdge Solutions,Backend Developer,Applied,,2026-07-22T13:47
APP02125,STU01986,COL003,PES University,PrimeStack,Software Engineer,Applied,,2026-09-15T09:47
APP02126,STU01427,COL002,RV College of Engineering,FinEdge Solutions,Backend Developer,Screening,,2026-08-23T11:10
APP02127,STU02332,COL001,BMS Institute of Technology,Orion Analytics,Business Analyst,Interview,,2026-09-13T18:02
APP02128,STU00184,COL006,CMR Institute of Technology,CloudMinds,Backend Developer,Screening,,2026-09-08T15:40
APP02129,STU00363,COL006,CMR Institute of Technology,Aster Mobility,Data Analyst,Interview,,2026-08-18T11:48
APP02130,STU00748,COL005,New Horizon College of Engineering,CloudMinds,Data Analyst,Interview,,2026-09-15T13:46
APP02131,STU00457,COL003,PES University,TechForge,Software Engineer,Applied,,2026-08-03T13:53
APP02132,STU01177,COL003,PES University,FinEdge Solutions,Frontend Developer,Screening,,2026-09-11T09:32
APP02133,STU01125,COL006,CMR Institute of Technology,NextGen Labs,Data Analyst,Interview,,2026-07-20T12:20
APP02134,STU01948,COL004,Dayananda Sagar College of Engineering,TechForge,Data Analyst,Offer,9.7,2026-08-03T11:25
APP02135,STU00857,COL002,RV College of Engineering,BrightWorks,ML Engineer,Interview,,2026-08-19T14:58
APP02136,STU00130,COL005,New Horizon College of Engineering,NextGen Labs,Backend Developer,Screening,,2026-08-31T12:54
APP02137,STU01321,COL002,RV College of Engineering,Nova Systems,Data Analyst,Screening,,2026-07-22T09:25
APP02138,STU00655,COL005,New Horizon College of Engineering,Vertex Digital,Software Engineer,Interview,,2026-08-25T10:25
APP02139,STU00619,COL004,Dayananda Sagar College of Engineering,DataNest,Backend Developer,Rejected,,2026-08-25T10:55
APP02140,STU02359,COL002,RV College of Engineering,Nova Systems,Frontend Developer,Applied,,2026-07-19T15:00
APP02141,STU00360,COL004,Dayananda Sagar College of Engineering,Orion Analytics,ML Engineer,Applied,,2026-08-21T17:16
APP02142,STU00781,COL003,PES University,NextGen Labs,Frontend Developer,Offer,6.8,2026-08-28T17:27
APP02143,STU01416,COL006,CMR Institute of Technology,QuantEdge,Software Engineer,Offer,4.2,2026-08-12T17:25
APP02144,STU00554,COL006,CMR Institute of Technology,BlueOrbit Labs,Data Analyst,Interview,,2026-08-30T13:38
APP02145,STU01899,COL006,CMR Institute of Technology,FinEdge Solutions,Data Analyst,Rejected,,2026-08-23T12:47
APP02146,STU01493,COL003,PES University,InfiCore,ML Engineer,Interview,,2026-09-01T18:25
APP02147,STU02309,COL001,BMS Institute of Technology,NextGen Labs,Business Analyst,Screening,,2026-08-01T14:41
APP02148,STU00592,COL004,Dayananda Sagar College of Engineering,CodeCraft,Software Engineer,Interview,,2026-08-30T15:21
APP02149,STU01675,COL005,New Horizon College of Engineering,Orion Analytics,Software Engineer,Applied,,2026-08-17T11:06
APP02150,STU01222,COL003,PES University,CloudMinds,ML Engineer,Interview,,2026-07-31T17:36
APP02151,STU02333,COL002,RV College of Engineering,Vertex Digital,Backend Developer,Applied,,2026-08-29T10:12
APP02152,STU00322,COL003,PES University,PrimeStack,Data Analyst,Screening,,2026-08-04T19:38
APP02153,STU00032,COL003,PES University,InfiCore,Backend Developer,Offer,14.0,2026-08-06T16:00
APP02154,STU00297,COL003,PES University,InfiCore,Data Analyst,Rejected,,2026-08-30T20:40
APP02155,STU00361,COL005,New Horizon College of Engineering,InfiCore,Frontend Developer,Offer,8.4,2026-09-13T15:35
APP02156,STU02085,COL001,BMS Institute of Technology,QuantEdge,Data Analyst,Screening,,2026-08-05T10:12
APP02157,STU01762,COL001,BMS Institute of Technology,Orion Analytics,ML Engineer,Interview,,2026-08-29T20:41
APP02158,STU01335,COL005,New Horizon College of Engineering,DataNest,Business Analyst,Screening,,2026-07-29T12:28
APP02159,STU00632,COL003,PES University,QuantEdge,Data Analyst,Offer,13.0,2026-07-24T17:34
APP02160,STU01690,COL002,RV College of Engineering,Aster Mobility,Backend Developer,Interview,,2026-09-17T10:18
APP02161,STU01135,COL002,RV College of Engineering,DataNest,Software Engineer,Rejected,,2026-08-07T13:31
APP02162,STU02378,COL001,BMS Institute of Technology,BlueOrbit Labs,Frontend Developer,Applied,,2026-08-30T14:01
APP02163,STU00343,COL004,Dayananda Sagar College of Engineering,Orion Analytics,Frontend Developer,Screening,,2026-08-18T17:43
APP02164,STU02041,COL002,RV College of Engineering,BrightWorks,Software Engineer,Screening,,2026-07-25T10:26
APP02165,STU01019,COL006,CMR Institute of Technology,DataNest,Software Engineer,Screening,,2026-07-30T09:08
APP02166,STU02203,COL004,Dayananda Sagar College of Engineering,Nova Systems,Frontend Developer,Rejected,,2026-08-12T12:21
APP02167,STU01514,COL002,RV College of Engineering,Orion Analytics,Frontend Developer,Applied,,2026-08-13T09:37
APP02168,STU00838,COL006,CMR Institute of Technology,Aster Mobility,Software Engineer,Applied,,2026-09-11T09:38
APP02169,STU00792,COL005,New Horizon College of Engineering,InfiCore,Business Analyst,Rejected,,2026-09-02T20:44
APP02170,STU01547,COL004,Dayananda Sagar College of Engineering,Nova Systems,Business Analyst,Placed,12.5,2026-09-16T15:54
APP02171,STU00713,COL006,CMR Institute of Technology,Orion Analytics,ML Engineer,Interview,,2026-09-09T15:15
APP02172,STU02381,COL001,BMS Institute of Technology,TechForge,Data Analyst,Rejected,,2026-08-14T17:38
APP02173,STU01534,COL005,New Horizon College of Engineering,TechForge,Data Analyst,Applied,,2026-07-17T15:20
APP02174,STU02312,COL005,New Horizon College of Engineering,Vertex Digital,Data Analyst,Interview,,2026-09-16T09:46
APP02175,STU01722,COL001,BMS Institute of Technology,BrightWorks,Business Analyst,Offer,8.3,2026-08-16T13:55
APP02176,STU01983,COL006,CMR Institute of Technology,Nova Systems,ML Engineer,Rejected,,2026-09-08T15:10
APP02177,STU00058,COL002,RV College of Engineering,QuantEdge,Data Analyst,Applied,,2026-09-12T12:11
APP02178,STU01134,COL006,CMR Institute of Technology,BlueOrbit Labs,Frontend Developer,Screening,,2026-09-17T13:02
APP02179,STU01974,COL005,New Horizon College of Engineering,Orion Analytics,Frontend Developer,Rejected,,2026-09-18T17:50
APP02180,STU00859,COL005,New Horizon College of Engineering,BlueOrbit Labs,Frontend Developer,Applied,,2026-07-21T20:55
APP02181,STU01716,COL005,New Horizon College of Engineering,InfiCore,ML Engineer,Applied,,2026-07-29T16:05
APP02182,STU00460,COL001,BMS Institute of Technology,PrimeStack,Software Engineer,Screening,,2026-07-19T09:14
APP02183,STU00530,COL002,RV College of Engineering,Orion Analytics,Business Analyst,Interview,,2026-08-10T13:09
APP02184,STU01100,COL005,New Horizon College of Engineering,QuantEdge,Data Analyst,Offer,6.3,2026-08-06T19:25
APP02185,STU00434,COL002,RV College of Engineering,FinEdge Solutions,Software Engineer,Interview,,2026-07-22T20:34
APP02186,STU01542,COL004,Dayananda Sagar College of Engineering,BlueOrbit Labs,Business Analyst,Offer,4.6,2026-09-26T17:22
APP02187,STU00476,COL006,CMR Institute of Technology,DataNest,Business Analyst,Rejected,,2026-08-24T09:32
APP02188,STU00842,COL003,PES University,Nova Systems,Backend Developer,Applied,,2026-08-02T16:55
APP02189,STU01593,COL004,Dayananda Sagar College of Engineering,BlueOrbit Labs,Business Analyst,Screening,,2026-07-24T16:42
APP02190,STU01272,COL003,PES University,PrimeStack,Business Analyst,Applied,,2026-09-08T19:20
APP02191,STU02108,COL003,PES University,TechForge,Software Engineer,Screening,,2026-08-15T12:45
APP02192,STU01725,COL002,RV College of Engineering,QuantEdge,Data Analyst,Applied,,2026-09-26T20:56
APP02193,STU01681,COL005,New Horizon College of Engineering,CloudMinds,ML Engineer,Screening,,2026-09-18T11:40
APP02194,STU01605,COL004,Dayananda Sagar College of Engineering,NextGen Labs,Frontend Developer,Applied,,2026-08-21T12:25
APP02195,STU01254,COL004,Dayananda Sagar College of Engineering,CodeCraft,Data Analyst,Screening,,2026-09-17T10:10
APP02196,STU00927,COL002,RV College of Engineering,CodeCraft,Frontend Developer,Applied,,2026-08-03T17:14
APP02197,STU00809,COL004,Dayananda Sagar College of Engineering,BrightWorks,Frontend Developer,Interview,,2026-07-23T11:12
APP02198,STU01447,COL005,New Horizon College of Engineering,CloudMinds,Frontend Developer,Applied,,2026-08-17T16:13
APP02199,STU00838,COL006,CMR Institute of Technology,Aster Mobility,ML Engineer,Interview,,2026-08-25T09:38
APP02200,STU00693,COL004,Dayananda Sagar College of Engineering,Orion Analytics,Frontend Developer,Offer,13.5,2026-09-10T17:43
APP02201,STU00133,COL006,CMR Institute of Technology,Vertex Digital,Business Analyst,Interview,,2026-08-15T12:43
APP02202,STU01766,COL004,Dayananda Sagar College of Engineering,DataNest,Software Engineer,Offer,6.6,2026-09-16T13:59
APP02203,STU01230,COL003,PES University,BrightWorks,ML Engineer,Applied,,2026-08-16T16:07
APP02204,STU01745,COL006,CMR Institute of Technology,CodeCraft,Backend Developer,Rejected,,2026-08-28T15:38
APP02205,STU02267,COL005,New Horizon College of Engineering,Aster Mobility,Backend Developer,Rejected,,2026-09-27T20:54
APP02206,STU00488,COL003,PES University,BrightWorks,Software Engineer,Applied,,2026-08-22T09:32
APP02207,STU01838,COL006,CMR Institute of Technology,Vertex Digital,Software Engineer,Applied,,2026-08-16T12:03
APP02208,STU00864,COL004,Dayananda Sagar College of Engineering,FinEdge Solutions,Business Analyst,Applied,,2026-09-17T10:51
APP02209,STU00339,COL004,Dayananda Sagar College of Engineering,TechForge,Business Analyst,Applied,,2026-09-21T18:35
APP02210,STU02067,COL002,RV College of Engineering,Aster Mobility,Software Engineer,Interview,,2026-08-20T17:54
APP02211,STU01010,COL003,PES University,Nova Systems,Software Engineer,Applied,,2026-10-04T09:32
APP02212,STU01004,COL006,CMR Institute of Technology,PrimeStack,Data Analyst,Rejected,,2026-08-05T16:32
APP02213,STU01888,COL004,Dayananda Sagar College of Engineering,CodeCraft,ML Engineer,Applied,,2026-07-16T19:20
APP02214,STU01332,COL003,PES University,FinEdge Solutions,Software Engineer,Interview,,2026-08-23T11:35
APP02215,STU00806,COL006,CMR Institute of Technology,Vertex Digital,Software Engineer,Applied,,2026-08-22T09:22
APP02216,STU01118,COL003,PES University,TechForge,Backend Developer,Offer,13.2,2026-09-02T16:26
APP02217,STU01348,COL002,RV College of Engineering,Vertex Digital,ML Engineer,Interview,,2026-08-09T10:27
APP02218,STU01034,COL004,Dayananda Sagar College of Engineering,Nova Systems,Software Engineer,Screening,,2026-07-26T20:45
APP02219,STU00440,COL001,BMS Institute of Technology,BlueOrbit Labs,Backend Developer,Applied,,2026-08-22T16:08
APP02220,STU00557,COL004,Dayananda Sagar College of Engineering,Vertex Digital,Software Engineer,Rejected,,2026-08-17T18:41
APP02221,STU01560,COL001,BMS Institute of Technology,PrimeStack,Data Analyst,Screening,,2026-07-27T11:23
APP02222,STU02331,COL005,New Horizon College of Engineering,Orion Analytics,Backend Developer,Offer,11.3,2026-07-26T18:18
APP02223,STU00874,COL002,RV College of Engineering,InfiCore,Software Engineer,Applied,,2026-08-28T10:27
APP02224,STU00318,COL006,CMR Institute of Technology,CloudMinds,Frontend Developer,Interview,,2026-09-23T13:54
APP02225,STU00932,COL005,New Horizon College of Engineering,Nova Systems,Frontend Developer,Applied,,2026-09-01T16:23
APP02226,STU01127,COL002,RV College of Engineering,Aster Mobility,Software Engineer,Applied,,2026-09-02T16:38
APP02227,STU00384,COL002,RV College of Engineering,FinEdge Solutions,Frontend Developer,Applied,,2026-07-30T14:32
APP02228,STU00286,COL006,CMR Institute of Technology,TechForge,Data Analyst,Applied,,2026-08-04T18:59
APP02229,STU01218,COL004,Dayananda Sagar College of Engineering,Aster Mobility,Software Engineer,Screening,,2026-07-12T18:22
APP02230,STU01555,COL004,Dayananda Sagar College of Engineering,Orion Analytics,Frontend Developer,Rejected,,2026-07-30T12:41
APP02231,STU00693,COL004,Dayananda Sagar College of Engineering,TechForge,Business Analyst,Rejected,,2026-08-28T17:43
APP02232,STU01514,COL002,RV College of Engineering,PrimeStack,Frontend Developer,Screening,,2026-07-27T09:37
APP02233,STU01482,COL004,Dayananda Sagar College of Engineering,TechForge,Data Analyst,Rejected,,2026-07-08T17:36
APP02234,STU00715,COL001,BMS Institute of Technology,PrimeStack,Frontend Developer,Applied,,2026-09-04T12:07
APP02235,STU00228,COL004,Dayananda Sagar College of Engineering,CodeCraft,Data Analyst,Screening,,2026-07-27T14:19
APP02236,STU00840,COL002,RV College of Engineering,Nova Systems,Data Analyst,Offer,7.4,2026-08-27T17:13
APP02237,STU00962,COL004,Dayananda Sagar College of Engineering,Aster Mobility,Software Engineer,Screening,,2026-07-29T11:38
APP02238,STU02291,COL001,BMS Institute of Technology,Nova Systems,Business Analyst,Screening,,2026-08-30T18:20
APP02239,STU01336,COL003,PES University,BlueOrbit Labs,Backend Developer,Screening,,2026-08-28T14:25
APP02240,STU00509,COL005,New Horizon College of Engineering,DataNest,Business Analyst,Applied,,2026-08-21T11:44
APP02241,STU01172,COL003,PES University,DataNest,Business Analyst,Offer,7.8,2026-08-24T14:57
APP02242,STU00301,COL004,Dayananda Sagar College of Engineering,InfiCore,Data Analyst,Offer,7.3,2026-07-11T10:39
APP02243,STU01974,COL005,New Horizon College of Engineering,Nova Systems,Software Engineer,Rejected,,2026-09-18T17:50
APP02244,STU01463,COL002,RV College of Engineering,QuantEdge,Data Analyst,Rejected,,2026-08-25T14:09
APP02245,STU01841,COL002,RV College of Engineering,CloudMinds,Frontend Developer,Screening,,2026-07-29T19:19
APP02246,STU00907,COL001,BMS Institute of Technology,PrimeStack,ML Engineer,Placed,12.6,2026-08-15T10:14
APP02247,STU00567,COL004,Dayananda Sagar College of Engineering,CloudMinds,ML Engineer,Applied,,2026-08-08T19:24
APP02248,STU01032,COL006,CMR Institute of Technology,DataNest,Data Analyst,Screening,,2026-08-21T12:09
APP02249,STU00501,COL002,RV College of Engineering,Aster Mobility,Frontend Developer,Applied,,2026-07-16T20:35
APP02250,STU00822,COL003,PES University,DataNest,Frontend Developer,Placed,6.1,2026-09-27T20:40
APP02251,STU00494,COL002,RV College of Engineering,DataNest,Software Engineer,Applied,,2026-08-11T19:39
APP02252,STU01222,COL003,PES University,NextGen Labs,Backend Developer,Interview,,2026-08-15T17:36
APP02253,STU01353,COL003,PES University,CodeCraft,Data Analyst,Placed,7.2,2026-08-20T16:25
APP02254,STU01227,COL001,BMS Institute of Technology,DataNest,Frontend Developer,Applied,,2026-09-08T15:38
APP02255,STU01923,COL001,BMS Institute of Technology,FinEdge Solutions,Frontend Developer,Screening,,2026-08-15T10:16
APP02256,STU02281,COL001,BMS Institute of Technology,QuantEdge,Data Analyst,Interview,,2026-08-06T16:15
APP02257,STU01595,COL004,Dayananda Sagar College of Engineering,DataNest,Backend Developer,Rejected,,2026-07-16T18:11
APP02258,STU00754,COL005,New Horizon College of Engineering,BlueOrbit Labs,Frontend Developer,Interview,,2026-07-24T17:37
APP02259,STU01658,COL001,BMS Institute of Technology,PrimeStack,Frontend Developer,Rejected,,2026-08-19T16:25
APP02260,STU00245,COL005,New Horizon College of Engineering,BrightWorks,Frontend Developer,Applied,,2026-07-16T12:29
APP02261,STU01771,COL004,Dayananda Sagar College of Engineering,InfiCore,Backend Developer,Applied,,2026-07-06T19:39
APP02262,STU00201,COL005,New Horizon College of Engineering,BlueOrbit Labs,Data Analyst,Screening,,2026-08-03T11:54
APP02263,STU02277,COL001,BMS Institute of Technology,CodeCraft,Frontend Developer,Placed,15.4,2026-09-14T18:37
APP02264,STU01431,COL002,RV College of Engineering,QuantEdge,Business Analyst,Rejected,,2026-07-27T17:55
APP02265,STU01152,COL004,Dayananda Sagar College of Engineering,FinEdge Solutions,Backend Developer,Rejected,,2026-08-23T19:50
APP02266,STU01954,COL003,PES University,Aster Mobility,Frontend Developer,Applied,,2026-09-17T14:05
APP02267,STU01559,COL005,New Horizon College of Engineering,CloudMinds,Data Analyst,Rejected,,2026-08-03T11:02
APP02268,STU02104,COL003,PES University,InfiCore,Backend Developer,Rejected,,2026-08-05T19:16
APP02269,STU02311,COL005,New Horizon College of Engineering,NextGen Labs,Backend Developer,Applied,,2026-09-26T16:47
APP02270,STU00975,COL003,PES University,DataNest,Backend Developer,Offer,4.7,2026-07-26T20:45
APP02271,STU02231,COL002,RV College of Engineering,Aster Mobility,ML Engineer,Applied,,2026-08-19T14:33
APP02272,STU00060,COL002,RV College of Engineering,DataNest,ML Engineer,Screening,,2026-08-14T18:45
APP02273,STU01464,COL005,New Horizon College of Engineering,Aster Mobility,Data Analyst,Screening,,2026-07-30T13:17
APP02274,STU00837,COL001,BMS Institute of Technology,FinEdge Solutions,Backend Developer,Offer,13.6,2026-09-03T12:39
APP02275,STU00255,COL004,Dayananda Sagar College of Engineering,CodeCraft,Software Engineer,Screening,,2026-08-17T17:34
APP02276,STU01611,COL006,CMR Institute of Technology,CloudMinds,Frontend Developer,Placed,8.0,2026-07-31T16:56
APP02277,STU02312,COL005,New Horizon College of Engineering,BrightWorks,Software Engineer,Placed,6.0,2026-09-24T09:46
APP02278,STU00463,COL004,Dayananda Sagar College of Engineering,QuantEdge,Business Analyst,Placed,8.6,2026-08-21T10:29
APP02279,STU00105,COL006,CMR Institute of Technology,Vertex Digital,Frontend Developer,Interview,,2026-09-30T10:31
APP02280,STU01969,COL001,BMS Institute of Technology,BrightWorks,Backend Developer,Interview,,2026-09-04T15:01
APP02281,STU00892,COL004,Dayananda Sagar College of Engineering,Nova Systems,ML Engineer,Offer,11.4,2026-09-03T18:48
APP02282,STU00466,COL004,Dayananda Sagar College of Engineering,Orion Analytics,Backend Developer,Interview,,2026-08-31T17:14
APP02283,STU00456,COL005,New Horizon College of Engineering,FinEdge Solutions,Business Analyst,Rejected,,2026-07-20T15:47
APP02284,STU01458,COL001,BMS Institute of Technology,InfiCore,Data Analyst,Interview,,2026-08-12T16:09
APP02285,STU01958,COL003,PES University,Nova Systems,Business Analyst,Rejected,,2026-08-07T14:10
APP02286,STU02097,COL002,RV College of Engineering,FinEdge Solutions,Frontend Developer,Rejected,,2026-09-13T11:02
APP02287,STU01385,COL003,PES University,BrightWorks,Software Engineer,Interview,,2026-08-27T11:21
APP02288,STU01282,COL003,PES University,TechForge,Data Analyst,Placed,15.5,2026-08-06T16:56
APP02289,STU01586,COL006,CMR Institute of Technology,DataNest,Backend Developer,Offer,6.4,2026-08-01T12:04
APP02290,STU00734,COL001,BMS Institute of Technology,PrimeStack,Data Analyst,Offer,12.4,2026-08-10T09:49
APP02291,STU00180,COL003,PES University,Vertex Digital,Data Analyst,Applied,,2026-08-09T13:48
APP02292,STU02036,COL006,CMR Institute of Technology,Aster Mobility,Data Analyst,Placed,4.3,2026-09-02T14:58
APP02293,STU00370,COL005,New Horizon College of Engineering,NextGen Labs,Backend Developer,Placed,7.3,2026-08-06T17:41
APP02294,STU01155,COL001,BMS Institute of Technology,InfiCore,ML Engineer,Placed,9.9,2026-08-23T13:14
APP02295,STU00444,COL005,New Horizon College of Engineering,BrightWorks,ML Engineer,Interview,,2026-09-22T18:03
APP02296,STU02134,COL001,BMS Institute of Technology,CloudMinds,Frontend Developer,Rejected,,2026-08-25T11:19
APP02297,STU01135,COL002,RV College of Engineering,Nova Systems,ML Engineer,Offer,8.5,2026-08-31T13:31
APP02298,STU00768,COL006,CMR Institute of Technology,FinEdge Solutions,Data Analyst,Screening,,2026-07-10T17:55
APP02299,STU02096,COL005,New Horizon College of Engineering,BrightWorks,Data Analyst,Rejected,,2026-08-11T10:21
APP02300,STU02169,COL003,PES University,TechForge,Data Analyst,Rejected,,2026-08-14T20:13
APP02301,STU01648,COL002,RV College of Engineering,Vertex Digital,Data Analyst,Rejected,,2026-08-18T11:14
APP02302,STU02083,COL006,CMR Institute of Technology,Nova Systems,Backend Developer,Screening,,2026-08-29T14:50
APP02303,STU01476,COL003,PES University,NextGen Labs,Business Analyst,Offer,8.2,2026-08-26T12:15
APP02304,STU00841,COL001,BMS Institute of Technology,Orion Analytics,Business Analyst,Applied,,2026-08-03T15:38
APP02305,STU01411,COL002,RV College of Engineering,FinEdge Solutions,Business Analyst,Interview,,2026-09-13T16:39
APP02306,STU01990,COL001,BMS Institute of Technology,TechForge,Backend Developer,Screening,,2026-08-22T16:20
APP02307,STU00794,COL006,CMR Institute of Technology,DataNest,Business Analyst,Applied,,2026-08-21T13:38
APP02308,STU00646,COL003,PES University,CodeCraft,Business Analyst,Rejected,,2026-08-19T16:43
APP02309,STU00109,COL002,RV College of Engineering,InfiCore,Backend Developer,Offer,8.1,2026-08-28T19:51
APP02310,STU01582,COL005,New Horizon College of Engineering,CodeCraft,Backend Developer,Offer,13.0,2026-08-27T16:50
APP02311,STU01838,COL006,CMR Institute of Technology,NextGen Labs,Business Analyst,Offer,11.7,2026-09-14T12:03
APP02312,STU01245,COL001,BMS Institute of Technology,DataNest,Frontend Developer,Interview,,2026-07-25T09:17
APP02313,STU00488,COL003,PES University,BrightWorks,Data Analyst,Offer,11.1,2026-09-30T09:32
APP02314,STU00321,COL001,BMS Institute of Technology,Aster Mobility,Business Analyst,Applied,,2026-08-15T11:03
APP02315,STU00060,COL002,RV College of Engineering,Aster Mobility,Backend Developer,Applied,,2026-07-24T18:45
APP02316,STU00449,COL002,RV College of Engineering,Orion Analytics,Data Analyst,Rejected,,2026-09-20T19:53
APP02317,STU01824,COL003,PES University,Nova Systems,Data Analyst,Placed,14.5,2026-09-16T13:56
APP02318,STU01556,COL005,New Horizon College of Engineering,DataNest,Data Analyst,Rejected,,2026-09-17T18:43
APP02319,STU01144,COL002,RV College of Engineering,CloudMinds,Software Engineer,Rejected,,2026-09-16T09:03
APP02320,STU00698,COL003,PES University,CodeCraft,Data Analyst,Screening,,2026-08-07T17:42
APP02321,STU01495,COL002,RV College of Engineering,Nova Systems,Software Engineer,Screening,,2026-08-10T09:58
APP02322,STU01899,COL006,CMR Institute of Technology,CodeCraft,Backend Developer,Applied,,2026-07-30T12:47
APP02323,STU00232,COL003,PES University,CloudMinds,Software Engineer,Applied,,2026-07-30T10:06
APP02324,STU01695,COL001,BMS Institute of Technology,InfiCore,Frontend Developer,Applied,,2026-08-20T18:03
APP02325,STU00655,COL005,New Horizon College of Engineering,BrightWorks,Software Engineer,Screening,,2026-08-15T10:25
APP02326,STU01290,COL004,Dayananda Sagar College of Engineering,BlueOrbit Labs,Frontend Developer,Interview,,2026-08-30T17:03
APP02327,STU00401,COL005,New Horizon College of Engineering,TechForge,Data Analyst,Applied,,2026-08-20T15:23
APP02328,STU01250,COL003,PES University,QuantEdge,Frontend Developer,Applied,,2026-09-01T11:10
APP02329,STU02257,COL003,PES University,DataNest,Data Analyst,Interview,,2026-08-05T17:31
APP02330,STU01179,COL003,PES University,BlueOrbit Labs,Backend Developer,Screening,,2026-09-10T16:23
APP02331,STU00255,COL004,Dayananda Sagar College of Engineering,Nova Systems,Backend Developer,Placed,12.0,2026-08-17T17:34
APP02332,STU01694,COL003,PES University,BlueOrbit Labs,ML Engineer,Interview,,2026-09-05T09:08
APP02333,STU00245,COL005,New Horizon College of Engineering,BlueOrbit Labs,Software Engineer,Rejected,,2026-08-25T12:29
APP02334,STU00197,COL001,BMS Institute of Technology,DataNest,ML Engineer,Interview,,2026-09-04T09:31
APP02335,STU00844,COL005,New Horizon College of Engineering,DataNest,Backend Developer,Interview,,2026-08-16T15:24
APP02336,STU01127,COL002,RV College of Engineering,BrightWorks,ML Engineer,Offer,9.6,2026-08-07T16:38
APP02337,STU01635,COL006,CMR Institute of Technology,PrimeStack,ML Engineer,Rejected,,2026-08-27T10:51
APP02338,STU00673,COL001,BMS Institute of Technology,Orion Analytics,ML Engineer,Screening,,2026-08-06T17:07
APP02339,STU00229,COL003,PES University,CloudMinds,Frontend Developer,Rejected,,2026-09-28T20:30
APP02340,STU02043,COL005,New Horizon College of Engineering,Vertex Digital,Software Engineer,Rejected,,2026-08-06T12:41
APP02341,STU00833,COL005,New Horizon College of Engineering,Aster Mobility,Backend Developer,Offer,12.2,2026-07-13T14:16
APP02342,STU00797,COL004,Dayananda Sagar College of Engineering,TechForge,Data Analyst,Applied,,2026-08-14T14:02
APP02343,STU01438,COL005,New Horizon College of Engineering,CloudMinds,Frontend Developer,Offer,10.3,2026-08-28T10:28
APP02344,STU00523,COL003,PES University,Orion Analytics,Frontend Developer,Applied,,2026-09-13T16:51
APP02345,STU00880,COL004,Dayananda Sagar College of Engineering,Nova Systems,ML Engineer,Placed,14.0,2026-09-14T13:49
APP02346,STU01403,COL004,Dayananda Sagar College of Engineering,Vertex Digital,Business Analyst,Screening,,2026-07-21T19:55
APP02347,STU01428,COL001,BMS Institute of Technology,DataNest,Data Analyst,Rejected,,2026-09-13T10:59
APP02348,STU01774,COL005,New Horizon College of Engineering,BrightWorks,Backend Developer,Screening,,2026-09-05T16:31
APP02349,STU01141,COL006,CMR Institute of Technology,Nova Systems,Backend Developer,Offer,12.6,2026-08-30T17:35
APP02350,STU01638,COL002,RV College of Engineering,DataNest,Software Engineer,Interview,,2026-08-22T12:37
APP02351,STU01523,COL001,BMS Institute of Technology,Vertex Digital,Backend Developer,Rejected,,2026-09-16T13:03
APP02352,STU00667,COL001,BMS Institute of Technology,Nova Systems,Backend Developer,Rejected,,2026-08-20T12:48
APP02353,STU02317,COL003,PES University,PrimeStack,ML Engineer,Screening,,2026-09-22T17:57
APP02354,STU00357,COL006,CMR Institute of Technology,Vertex Digital,Frontend Developer,Applied,,2026-08-08T19:06
APP02355,STU01744,COL003,PES University,Orion Analytics,Software Engineer,Placed,11.7,2026-08-26T13:52
APP02356,STU01374,COL001,BMS Institute of Technology,CodeCraft,Backend Developer,Applied,,2026-09-19T12:54
APP02357,STU01118,COL003,PES University,CloudMinds,Business Analyst,Rejected,,2026-08-16T16:26
APP02358,STU02041,COL002,RV College of Engineering,BrightWorks,Backend Developer,Interview,,2026-08-12T10:26
APP02359,STU00858,COL005,New Horizon College of Engineering,NextGen Labs,ML Engineer,Interview,,2026-09-28T10:14
APP02360,STU01848,COL005,New Horizon College of Engineering,Vertex Digital,Backend Developer,Screening,,2026-09-11T13:37
APP02361,STU00271,COL003,PES University,BrightWorks,Frontend Developer,Rejected,,2026-07-24T20:46
APP02362,STU00270,COL003,PES University,CodeCraft,Frontend Developer,Screening,,2026-09-09T11:40
APP02363,STU00751,COL005,New Horizon College of Engineering,QuantEdge,Business Analyst,Screening,,2026-08-24T16:40
APP02364,STU01750,COL004,Dayananda Sagar College of Engineering,CloudMinds,Backend Developer,Applied,,2026-09-22T19:56
APP02365,STU02039,COL002,RV College of Engineering,TechForge,Backend Developer,Screening,,2026-08-15T19:52
APP02366,STU01091,COL004,Dayananda Sagar College of Engineering,QuantEdge,Software Engineer,Interview,,2026-08-18T10:14
APP02367,STU01803,COL004,Dayananda Sagar College of Engineering,BlueOrbit Labs,Frontend Developer,Interview,,2026-09-09T15:54
APP02368,STU02042,COL001,BMS Institute of Technology,QuantEdge,Business Analyst,Rejected,,2026-09-19T19:17
APP02369,STU00949,COL005,New Horizon College of Engineering,FinEdge Solutions,Software Engineer,Screening,,2026-09-14T15:00
APP02370,STU01215,COL003,PES University,Vertex Digital,Software Engineer,Screening,,2026-09-08T11:01
APP02371,STU01561,COL003,PES University,Vertex Digital,Data Analyst,Screening,,2026-08-24T18:30
APP02372,STU00122,COL005,New Horizon College of Engineering,Nova Systems,Software Engineer,Applied,,2026-07-23T09:30
APP02373,STU00229,COL003,PES University,BrightWorks,Software Engineer,Offer,10.0,2026-09-19T20:30
APP02374,STU01468,COL005,New Horizon College of Engineering,NextGen Labs,Software Engineer,Offer,12.1,2026-07-18T14:40
APP02375,STU00480,COL006,CMR Institute of Technology,CodeCraft,Backend Developer,Applied,,2026-09-11T12:31
APP02376,STU00697,COL003,PES University,Nova Systems,Business Analyst,Interview,,2026-08-28T12:25
APP02377,STU00168,COL003,PES University,InfiCore,Data Analyst,Placed,13.6,2026-09-08T19:14
APP02378,STU00872,COL001,BMS Institute of Technology,FinEdge Solutions,Data Analyst,Applied,,2026-08-22T11:53
APP02379,STU02154,COL001,BMS Institute of Technology,Aster Mobility,Frontend Developer,Applied,,2026-08-25T09:43
APP02380,STU02363,COL002,RV College of Engineering,CodeCraft,Frontend Developer,Applied,,2026-08-29T10:39
APP02381,STU00801,COL001,BMS Institute of Technology,InfiCore,ML Engineer,Applied,,2026-07-27T19:58
APP02382,STU00278,COL006,CMR Institute of Technology,CodeCraft,Frontend Developer,Interview,,2026-09-01T16:05
APP02383,STU01238,COL006,CMR Institute of Technology,PrimeStack,Software Engineer,Screening,,2026-07-07T12:21
APP02384,STU02225,COL005,New Horizon College of Engineering,CloudMinds,Business Analyst,Rejected,,2026-08-04T09:19
APP02385,STU01592,COL001,BMS Institute of Technology,TechForge,Software Engineer,Rejected,,2026-08-24T15:18
APP02386,STU02301,COL003,PES University,Vertex Digital,ML Engineer,Screening,,2026-09-13T18:22
APP02387,STU02187,COL005,New Horizon College of Engineering,NextGen Labs,ML Engineer,Rejected,,2026-09-26T12:19
APP02388,STU01200,COL005,New Horizon College of Engineering,Vertex Digital,Backend Developer,Applied,,2026-09-13T17:23
APP02389,STU01820,COL004,Dayananda Sagar College of Engineering,DataNest,Data Analyst,Rejected,,2026-09-01T17:21
APP02390,STU01068,COL003,PES University,Vertex Digital,Backend Developer,Placed,6.5,2026-09-08T20:28
APP02391,STU00632,COL003,PES University,Nova Systems,ML Engineer,Screening,,2026-08-05T17:34
APP02392,STU00530,COL002,RV College of Engineering,CodeCraft,Software Engineer,Applied,,2026-08-19T13:09
APP02393,STU00290,COL005,New Horizon College of Engineering,Aster Mobility,Backend Developer,Screening,,2026-08-15T10:42
APP02394,STU00471,COL001,BMS Institute of Technology,CodeCraft,Frontend Developer,Placed,9.9,2026-08-21T10:07
APP02395,STU00116,COL005,New Horizon College of Engineering,InfiCore,Business Analyst,Interview,,2026-08-06T10:16
APP02396,STU01394,COL005,New Horizon College of Engineering,Aster Mobility,Backend Developer,Offer,8.2,2026-09-05T17:34
APP02397,STU02381,COL001,BMS Institute of Technology,PrimeStack,Software Engineer,Screening,,2026-08-15T17:38
APP02398,STU00573,COL003,PES University,BrightWorks,ML Engineer,Offer,7.2,2026-07-16T15:00
APP02399,STU00950,COL002,RV College of Engineering,DataNest,Business Analyst,Applied,,2026-09-29T18:49
APP02400,STU01138,COL002,RV College of Engineering,Nova Systems,Backend Developer,Interview,,2026-09-14T19:46
APP02401,STU00379,COL005,New Horizon College of Engineering,DataNest,Software Engineer,Offer,13.4,2026-07-12T18:28
APP02402,STU00381,COL003,PES University,Aster Mobility,Software Engineer,Rejected,,2026-09-18T17:02
APP02403,STU01956,COL005,New Horizon College of Engineering,DataNest,Backend Developer,Applied,,2026-09-23T11:21
APP02404,STU00472,COL002,RV College of Engineering,Vertex Digital,Business Analyst,Applied,,2026-09-29T14:10
APP02405,STU01021,COL001,BMS Institute of Technology,Nova Systems,Frontend Developer,Rejected,,2026-09-04T14:42
APP02406,STU00466,COL004,Dayananda Sagar College of Engineering,InfiCore,Frontend Developer,Screening,,2026-08-30T17:14
APP02407,STU02318,COL003,PES University,InfiCore,Business Analyst,Applied,,2026-08-10T18:25
APP02408,STU01439,COL004,Dayananda Sagar College of Engineering,BrightWorks,Data Analyst,Offer,6.6,2026-09-16T09:53
APP02409,STU00812,COL002,RV College of Engineering,BrightWorks,Frontend Developer,Applied,,2026-08-31T13:59
APP02410,STU02391,COL006,CMR Institute of Technology,Nova Systems,Data Analyst,Offer,14.0,2026-08-04T19:49
APP02411,STU01666,COL001,BMS Institute of Technology,NextGen Labs,Business Analyst,Applied,,2026-08-18T10:16
APP02412,STU00917,COL005,New Horizon College of Engineering,CloudMinds,Data Analyst,Screening,,2026-09-27T09:48
APP02413,STU01548,COL003,PES University,CodeCraft,Backend Developer,Applied,,2026-09-23T16:24
APP02414,STU00457,COL003,PES University,CodeCraft,Frontend Developer,Applied,,2026-07-11T13:53
APP02415,STU01882,COL004,Dayananda Sagar College of Engineering,Vertex Digital,Backend Developer,Offer,7.0,2026-08-12T14:43
APP02416,STU01647,COL005,New Horizon College of Engineering,InfiCore,Data Analyst,Offer,8.1,2026-07-22T19:59
APP02417,STU01383,COL002,RV College of Engineering,Vertex Digital,Business Analyst,Screening,,2026-08-04T17:20
APP02418,STU00531,COL006,CMR Institute of Technology,BrightWorks,Backend Developer,Screening,,2026-09-14T13:03
APP02419,STU00937,COL004,Dayananda Sagar College of Engineering,BlueOrbit Labs,ML Engineer,Applied,,2026-09-17T11:07
APP02420,STU00046,COL003,PES University,Vertex Digital,Backend Developer,Screening,,2026-07-23T15:02
APP02421,STU00725,COL003,PES University,Nova Systems,Frontend Developer,Screening,,2026-09-03T12:23
APP02422,STU00879,COL005,New Horizon College of Engineering,Nova Systems,Business Analyst,Applied,,2026-07-12T17:56
APP02423,STU02213,COL003,PES University,CodeCraft,Business Analyst,Rejected,,2026-09-08T15:54
APP02424,STU00106,COL005,New Horizon College of Engineering,InfiCore,Data Analyst,Offer,7.8,2026-09-08T19:18
APP02425,STU01268,COL001,BMS Institute of Technology,Nova Systems,Frontend Developer,Screening,,2026-08-09T10:24
APP02426,STU00241,COL004,Dayananda Sagar College of Engineering,NextGen Labs,ML Engineer,Offer,7.5,2026-09-01T15:20
APP02427,STU01872,COL002,RV College of Engineering,NextGen Labs,Software Engineer,Rejected,,2026-08-27T17:09
APP02428,STU00617,COL003,PES University,Orion Analytics,Frontend Developer,Rejected,,2026-09-04T17:26
APP02429,STU01166,COL003,PES University,FinEdge Solutions,Business Analyst,Rejected,,2026-08-03T11:02
APP02430,STU01987,COL003,PES University,FinEdge Solutions,Data Analyst,Screening,,2026-08-22T20:57
APP02431,STU01506,COL002,RV College of Engineering,QuantEdge,Software Engineer,Rejected,,2026-10-03T16:52
APP02432,STU02075,COL006,CMR Institute of Technology,BlueOrbit Labs,Business Analyst,Applied,,2026-09-25T13:03
APP02433,STU02307,COL001,BMS Institute of Technology,Aster Mobility,Backend Developer,Applied,,2026-07-31T20:09
APP02434,STU01142,COL002,RV College of Engineering,NextGen Labs,Frontend Developer,Rejected,,2026-09-09T14:28
APP02435,STU01709,COL004,Dayananda Sagar College of Engineering,Aster Mobility,Frontend Developer,Interview,,2026-08-20T14:55
APP02436,STU01997,COL003,PES University,TechForge,Frontend Developer,Applied,,2026-08-30T10:50
APP02437,STU00730,COL005,New Horizon College of Engineering,CodeCraft,Software Engineer,Rejected,,2026-07-19T09:44
APP02438,STU02315,COL001,BMS Institute of Technology,FinEdge Solutions,Business Analyst,Interview,,2026-09-19T14:43
APP02439,STU01449,COL006,CMR Institute of Technology,Nova Systems,Data Analyst,Interview,,2026-08-14T17:48
APP02440,STU01736,COL004,Dayananda Sagar College of Engineering,Aster Mobility,Frontend Developer,Interview,,2026-08-25T14:13
APP02441,STU01388,COL006,CMR Institute of Technology,BrightWorks,Backend Developer,Interview,,2026-07-24T16:22
APP02442,STU01450,COL005,New Horizon College of Engineering,Orion Analytics,Frontend Developer,Applied,,2026-08-21T11:20
APP02443,STU02159,COL001,BMS Institute of Technology,Aster Mobility,Data Analyst,Applied,,2026-08-02T13:43
APP02444,STU00857,COL002,RV College of Engineering,PrimeStack,Business Analyst,Interview,,2026-09-25T14:58
APP02445,STU01024,COL003,PES University,PrimeStack,Frontend Developer,Rejected,,2026-08-18T18:24
APP02446,STU00500,COL005,New Horizon College of Engineering,InfiCore,ML Engineer,Interview,,2026-08-12T11:14
APP02447,STU00704,COL006,CMR Institute of Technology,InfiCore,Software Engineer,Applied,,2026-08-13T13:55
APP02448,STU00824,COL002,RV College of Engineering,CloudMinds,Data Analyst,Offer,6.5,2026-09-21T12:01
APP02449,STU00399,COL004,Dayananda Sagar College of Engineering,CloudMinds,Backend Developer,Screening,,2026-08-23T17:36
APP02450,STU01918,COL005,New Horizon College of Engineering,NextGen Labs,ML Engineer,Rejected,,2026-08-20T16:26
APP02451,STU00475,COL001,BMS Institute of Technology,Aster Mobility,Frontend Developer,Offer,8.3,2026-08-09T12:00
APP02452,STU01362,COL005,New Horizon College of Engineering,DataNest,Business Analyst,Rejected,,2026-09-21T18:35
APP02453,STU00129,COL002,RV College of Engineering,Vertex Digital,ML Engineer,Placed,12.3,2026-08-22T15:24
APP02454,STU00513,COL004,Dayananda Sagar College of Engineering,Vertex Digital,Frontend Developer,Interview,,2026-08-18T15:15
APP02455,STU01853,COL002,RV College of Engineering,Nova Systems,ML Engineer,Offer,13.8,2026-08-03T09:14
APP02456,STU01619,COL006,CMR Institute of Technology,TechForge,Backend Developer,Interview,,2026-08-24T20:14
APP02457,STU00548,COL001,BMS Institute of Technology,CloudMinds,Backend Developer,Placed,12.0,2026-08-28T18:16
APP02458,STU00245,COL005,New Horizon College of Engineering,Orion Analytics,Software Engineer,Interview,,2026-08-13T12:29
APP02459,STU01965,COL001,BMS Institute of Technology,BlueOrbit Labs,Backend Developer,Rejected,,2026-07-25T11:55
APP02460,STU01561,COL003,PES University,BlueOrbit Labs,Data Analyst,Placed,6.3,2026-10-02T18:30
APP02461,STU01814,COL002,RV College of Engineering,CloudMinds,Data Analyst,Screening,,2026-07-23T17:12
APP02462,STU01501,COL005,New Horizon College of Engineering,Nova Systems,ML Engineer,Interview,,2026-07-18T09:48
APP02463,STU02297,COL002,RV College of Engineering,NextGen Labs,ML Engineer,Rejected,,2026-09-07T19:00
APP02464,STU01395,COL003,PES University,BlueOrbit Labs,Software Engineer,Interview,,2026-08-05T13:06
APP02465,STU01623,COL006,CMR Institute of Technology,QuantEdge,Software Engineer,Interview,,2026-09-20T14:11
APP02466,STU00729,COL003,PES University,Aster Mobility,Software Engineer,Rejected,,2026-09-10T11:23
APP02467,STU00723,COL002,RV College of Engineering,InfiCore,ML Engineer,Applied,,2026-08-06T10:44
APP02468,STU01669,COL006,CMR Institute of Technology,Nova Systems,Data Analyst,Interview,,2026-09-04T20:41
APP02469,STU01480,COL004,Dayananda Sagar College of Engineering,NextGen Labs,Frontend Developer,Screening,,2026-08-11T13:35
APP02470,STU00108,COL003,PES University,NextGen Labs,Data Analyst,Rejected,,2026-09-10T10:06
APP02471,STU00438,COL002,RV College of Engineering,Aster Mobility,Software Engineer,Applied,,2026-09-28T09:27
APP02472,STU02008,COL006,CMR Institute of Technology,InfiCore,ML Engineer,Applied,,2026-08-05T18:38
APP02473,STU01563,COL001,BMS Institute of Technology,CloudMinds,Backend Developer,Rejected,,2026-08-15T09:40
APP02474,STU01907,COL003,PES University,BrightWorks,Backend Developer,Interview,,2026-08-08T14:30
APP02475,STU00722,COL006,CMR Institute of Technology,DataNest,Data Analyst,Placed,12.1,2026-08-28T13:28
APP02476,STU01853,COL002,RV College of Engineering,DataNest,Backend Developer,Applied,,2026-08-13T09:14
APP02477,STU00755,COL006,CMR Institute of Technology,Vertex Digital,Software Engineer,Applied,,2026-09-25T18:28
APP02478,STU00524,COL006,CMR Institute of Technology,Aster Mobility,Frontend Developer,Screening,,2026-08-09T20:54
APP02479,STU00034,COL006,CMR Institute of Technology,QuantEdge,Backend Developer,Interview,,2026-07-22T18:00
APP02480,STU00542,COL003,PES University,FinEdge Solutions,Backend Developer,Applied,,2026-08-24T13:58
APP02481,STU01958,COL003,PES University,Nova Systems,Frontend Developer,Rejected,,2026-08-10T14:10
APP02482,STU01985,COL002,RV College of Engineering,CloudMinds,Data Analyst,Applied,,2026-08-13T19:14
APP02483,STU02317,COL003,PES University,Nova Systems,Software Engineer,Offer,11.3,2026-08-31T17:57
APP02484,STU01858,COL004,Dayananda Sagar College of Engineering,BrightWorks,Data Analyst,Applied,,2026-07-31T11:43
APP02485,STU00239,COL003,PES University,PrimeStack,ML Engineer,Rejected,,2026-08-15T19:31
APP02486,STU00902,COL006,CMR Institute of Technology,CloudMinds,Backend Developer,Applied,,2026-07-29T18:35
APP02487,STU00977,COL001,BMS Institute of Technology,QuantEdge,Backend Developer,Rejected,,2026-07-22T16:47
APP02488,STU02200,COL001,BMS Institute of Technology,Aster Mobility,Business Analyst,Interview,,2026-09-30T11:03
APP02489,STU00038,COL002,RV College of Engineering,CloudMinds,Data Analyst,Interview,,2026-07-21T16:20
APP02490,STU01161,COL004,Dayananda Sagar College of Engineering,CloudMinds,Business Analyst,Screening,,2026-09-21T10:51
APP02491,STU01712,COL001,BMS Institute of Technology,CodeCraft,Software Engineer,Rejected,,2026-09-19T12:58
APP02492,STU00032,COL003,PES University,Orion Analytics,Software Engineer,Applied,,2026-07-29T16:00
APP02493,STU00047,COL002,RV College of Engineering,NextGen Labs,Business Analyst,Rejected,,2026-09-11T16:41
APP02494,STU00789,COL006,CMR Institute of Technology,DataNest,Backend Developer,Interview,,2026-08-29T09:19
APP02495,STU01172,COL003,PES University,PrimeStack,Software Engineer,Offer,12.4,2026-07-22T14:57
APP02496,STU00260,COL001,BMS Institute of Technology,PrimeStack,ML Engineer,Applied,,2026-09-14T14:03
APP02497,STU00773,COL001,BMS Institute of Technology,InfiCore,Frontend Developer,Applied,,2026-07-16T15:13
APP02498,STU01174,COL001,BMS Institute of Technology,PrimeStack,Backend Developer,Interview,,2026-08-28T20:39
APP02499,STU02242,COL004,Dayananda Sagar College of Engineering,InfiCore,Business Analyst,Screening,,2026-08-11T14:57
APP02500,STU01476,COL003,PES University,BlueOrbit Labs,Frontend Developer,Offer,6.4,2026-08-21T12:15
APP02501,STU00507,COL002,RV College of Engineering,Vertex Digital,ML Engineer,Applied,,2026-08-13T18:29
APP02502,STU01878,COL004,Dayananda Sagar College of Engineering,Vertex Digital,ML Engineer,Screening,,2026-08-19T14:49
APP02503,STU00471,COL001,BMS Institute of Technology,TechForge,Business Analyst,Offer,10.1,2026-07-16T10:07
APP02504,STU00888,COL001,BMS Institute of Technology,Orion Analytics,ML Engineer,Applied,,2026-07-11T16:23
APP02505,STU01831,COL004,Dayananda Sagar College of Engineering,Aster Mobility,ML Engineer,Screening,,2026-09-01T17:01
APP02506,STU01698,COL005,New Horizon College of Engineering,QuantEdge,Software Engineer,Interview,,2026-08-01T19:10
APP02507,STU01554,COL003,PES University,CodeCraft,Backend Developer,Placed,11.9,2026-08-03T18:44
APP02508,STU00095,COL001,BMS Institute of Technology,BrightWorks,Business Analyst,Rejected,,2026-09-01T11:27
APP02509,STU01638,COL002,RV College of Engineering,NextGen Labs,ML Engineer,Offer,6.3,2026-09-02T12:37
APP02510,STU02317,COL003,PES University,Aster Mobility,Data Analyst,Rejected,,2026-09-02T17:57
APP02511,STU00630,COL006,CMR Institute of Technology,BlueOrbit Labs,Software Engineer,Interview,,2026-07-14T12:00
APP02512,STU02316,COL006,CMR Institute of Technology,BlueOrbit Labs,Frontend Developer,Screening,,2026-07-27T18:10
APP02513,STU01613,COL004,Dayananda Sagar College of Engineering,InfiCore,ML Engineer,Offer,9.9,2026-08-05T14:58
APP02514,STU01441,COL006,CMR Institute of Technology,PrimeStack,Frontend Developer,Placed,12.3,2026-09-18T20:59
APP02515,STU00278,COL006,CMR Institute of Technology,Aster Mobility,Backend Developer,Offer,6.3,2026-08-17T16:05
APP02516,STU02033,COL003,PES University,TechForge,Backend Developer,Applied,,2026-09-16T17:27
APP02517,STU01907,COL003,PES University,BrightWorks,Business Analyst,Rejected,,2026-08-04T14:30
APP02518,STU00921,COL004,Dayananda Sagar College of Engineering,DataNest,Software Engineer,Offer,7.2,2026-08-28T14:28
APP02519,STU00860,COL002,RV College of Engineering,NextGen Labs,Frontend Developer,Interview,,2026-08-21T13:04
APP02520,STU00116,COL005,New Horizon College of Engineering,BrightWorks,Backend Developer,Interview,,2026-09-09T10:16
APP02521,STU01941,COL004,Dayananda Sagar College of Engineering,NextGen Labs,Business Analyst,Offer,13.7,2026-07-13T19:31
APP02522,STU01088,COL005,New Horizon College of Engineering,Orion Analytics,Software Engineer,Rejected,,2026-08-14T12:47
APP02523,STU00860,COL002,RV College of Engineering,NextGen Labs,Backend Developer,Placed,14.4,2026-09-10T13:04
APP02524,STU00324,COL002,RV College of Engineering,Orion Analytics,Business Analyst,Rejected,,2026-09-16T12:53
APP02525,STU02109,COL006,CMR Institute of Technology,TechForge,Frontend Developer,Interview,,2026-09-20T11:49
APP02526,STU01142,COL002,RV College of Engineering,Orion Analytics,Frontend Developer,Placed,13.4,2026-09-16T14:28
APP02527,STU01017,COL005,New Horizon College of Engineering,BrightWorks,Backend Developer,Offer,13.6,2026-08-28T11:48
APP02528,STU00528,COL001,BMS Institute of Technology,TechForge,Business Analyst,Applied,,2026-07-20T10:24
APP02529,STU00841,COL001,BMS Institute of Technology,InfiCore,Data Analyst,Interview,,2026-07-24T15:38
APP02530,STU02303,COL002,RV College of Engineering,CloudMinds,Data Analyst,Screening,,2026-08-29T16:54
APP02531,STU01356,COL004,Dayananda Sagar College of Engineering,BrightWorks,Data Analyst,Applied,,2026-07-18T10:14
APP02532,STU02048,COL005,New Horizon College of Engineering,CodeCraft,Backend Developer,Interview,,2026-08-23T09:51
APP02533,STU02041,COL002,RV College of Engineering,Orion Analytics,Software Engineer,Offer,5.1,2026-07-13T10:26
APP02534,STU02048,COL005,New Horizon College of Engineering,Vertex Digital,Business Analyst,Interview,,2026-09-05T09:51
APP02535,STU01974,COL005,New Horizon College of Engineering,QuantEdge,ML Engineer,Applied,,2026-08-31T17:50
APP02536,STU02382,COL002,RV College of Engineering,CloudMinds,Data Analyst,Applied,,2026-08-20T10:14
APP02537,STU02152,COL002,RV College of Engineering,DataNest,Data Analyst,Interview,,2026-09-06T10:42
APP02538,STU02051,COL001,BMS Institute of Technology,CodeCraft,Frontend Developer,Rejected,,2026-09-11T15:01
APP02539,STU00105,COL006,CMR Institute of Technology,InfiCore,Business Analyst,Applied,,2026-09-15T10:31
APP02540,STU02277,COL001,BMS Institute of Technology,InfiCore,Business Analyst,Interview,,2026-09-07T18:37
APP02541,STU01506,COL002,RV College of Engineering,Aster Mobility,Software Engineer,Applied,,2026-09-30T16:52
APP02542,STU01292,COL005,New Horizon College of Engineering,QuantEdge,Frontend Developer,Interview,,2026-08-09T09:40
APP02543,STU00481,COL003,PES University,Vertex Digital,Data Analyst,Screening,,2026-07-11T19:37
APP02544,STU00393,COL001,BMS Institute of Technology,Aster Mobility,Frontend Developer,Interview,,2026-08-07T09:48
APP02545,STU01910,COL001,BMS Institute of Technology,NextGen Labs,Software Engineer,Offer,6.3,2026-07-15T13:23
APP02546,STU01014,COL003,PES University,InfiCore,Data Analyst,Offer,11.0,2026-08-24T10:10
APP02547,STU00338,COL002,RV College of Engineering,CodeCraft,Software Engineer,Screening,,2026-07-18T19:40
APP02548,STU00827,COL001,BMS Institute of Technology,InfiCore,Business Analyst,Applied,,2026-08-17T10:33
APP02549,STU01684,COL006,CMR Institute of Technology,BlueOrbit Labs,ML Engineer,Applied,,2026-09-16T09:29
APP02550,STU00061,COL003,PES University,BlueOrbit Labs,Backend Developer,Applied,,2026-08-27T13:42
APP02551,STU01695,COL001,BMS Institute of Technology,BrightWorks,Software Engineer,Rejected,,2026-08-17T18:03
APP02552,STU01657,COL001,BMS Institute of Technology,BlueOrbit Labs,Frontend Developer,Interview,,2026-07-17T20:10
APP02553,STU00692,COL001,BMS Institute of Technology,DataNest,Software Engineer,Rejected,,2026-09-05T16:53
APP02554,STU02298,COL006,CMR Institute of Technology,CloudMinds,Software Engineer,Screening,,2026-10-01T12:03
APP02555,STU02218,COL003,PES University,BlueOrbit Labs,Backend Developer,Rejected,,2026-08-24T10:14
APP02556,STU00399,COL004,Dayananda Sagar College of Engineering,DataNest,Software Engineer,Offer,4.6,2026-08-27T17:36
APP02557,STU00107,COL003,PES University,FinEdge Solutions,Data Analyst,Screening,,2026-08-28T11:56
APP02558,STU00562,COL004,Dayananda Sagar College of Engineering,TechForge,ML Engineer,Placed,5.5,2026-08-05T09:03
APP02559,STU00914,COL006,CMR Institute of Technology,PrimeStack,Data Analyst,Offer,4.4,2026-08-08T20:39
APP02560,STU00832,COL002,RV College of Engineering,Orion Analytics,Software Engineer,Screening,,2026-08-05T17:40
APP02561,STU01270,COL002,RV College of Engineering,Vertex Digital,Business Analyst,Screening,,2026-07-18T13:19
APP02562,STU00174,COL005,New Horizon College of Engineering,FinEdge Solutions,ML Engineer,Interview,,2026-09-12T11:07
APP02563,STU02382,COL002,RV College of Engineering,CodeCraft,Frontend Developer,Interview,,2026-09-01T10:14
APP02564,STU00340,COL006,CMR Institute of Technology,Orion Analytics,Frontend Developer,Interview,,2026-08-23T10:42
APP02565,STU00758,COL003,PES University,TechForge,Business Analyst,Screening,,2026-08-20T15:43
APP02566,STU01727,COL006,CMR Institute of Technology,FinEdge Solutions,Frontend Developer,Rejected,,2026-08-13T14:47
APP02567,STU02050,COL004,Dayananda Sagar College of Engineering,Aster Mobility,Backend Developer,Offer,6.7,2026-08-18T14:02
APP02568,STU00312,COL004,Dayananda Sagar College of Engineering,Orion Analytics,Software Engineer,Offer,13.4,2026-07-20T19:42
APP02569,STU00711,COL005,New Horizon College of Engineering,DataNest,Backend Developer,Interview,,2026-08-26T11:33
APP02570,STU01774,COL005,New Horizon College of Engineering,TechForge,Data Analyst,Offer,6.3,2026-09-10T16:31
APP02571,STU00435,COL006,CMR Institute of Technology,Aster Mobility,Backend Developer,Applied,,2026-09-18T17:14
APP02572,STU01545,COL004,Dayananda Sagar College of Engineering,CloudMinds,Software Engineer,Applied,,2026-09-16T09:09
APP02573,STU01167,COL003,PES University,Orion Analytics,Business Analyst,Placed,7.8,2026-09-24T19:16
APP02574,STU02073,COL003,PES University,CodeCraft,ML Engineer,Offer,12.1,2026-07-24T09:33
APP02575,STU01036,COL004,Dayananda Sagar College of Engineering,Aster Mobility,Software Engineer,Applied,,2026-08-14T10:35
APP02576,STU00457,COL003,PES University,Nova Systems,Frontend Developer,Applied,,2026-08-10T13:53
APP02577,STU00869,COL005,New Horizon College of Engineering,CloudMinds,Software Engineer,Interview,,2026-09-15T14:39
APP02578,STU02233,COL005,New Horizon College of Engineering,BlueOrbit Labs,Frontend Developer,Offer,13.9,2026-08-04T10:36
APP02579,STU01831,COL004,Dayananda Sagar College of Engineering,Aster Mobility,Backend Developer,Applied,,2026-08-11T17:01
APP02580,STU00236,COL003,PES University,Orion Analytics,Frontend Developer,Applied,,2026-08-18T09:19
APP02581,STU00274,COL001,BMS Institute of Technology,BrightWorks,Backend Developer,Screening,,2026-08-18T13:45
APP02582,STU01463,COL002,RV College of Engineering,Orion Analytics,Software Engineer,Screening,,2026-09-17T14:09
APP02583,STU01848,COL005,New Horizon College of Engineering,CloudMinds,Software Engineer,Rejected,,2026-10-01T13:37
APP02584,STU02007,COL002,RV College of Engineering,BlueOrbit Labs,Data Analyst,Interview,,2026-08-19T18:30
APP02585,STU01511,COL005,New Horizon College of Engineering,TechForge,Business Analyst,Offer,10.5,2026-08-21T11:26
APP02586,STU00805,COL006,CMR Institute of Technology,BrightWorks,Software Engineer,Interview,,2026-08-14T10:50
APP02587,STU00822,COL003,PES University,BrightWorks,Data Analyst,Offer,13.4,2026-09-16T20:40
APP02588,STU02235,COL005,New Horizon College of Engineering,QuantEdge,Business Analyst,Interview,,2026-09-19T11:50
APP02589,STU00063,COL004,Dayananda Sagar College of Engineering,FinEdge Solutions,Frontend Developer,Rejected,,2026-08-04T19:34
APP02590,STU00005,COL004,Dayananda Sagar College of Engineering,QuantEdge,Backend Developer,Applied,,2026-09-11T13:01
APP02591,STU00449,COL002,RV College of Engineering,InfiCore,Frontend Developer,Interview,,2026-09-23T19:53
APP02592,STU01145,COL001,BMS Institute of Technology,PrimeStack,Backend Developer,Applied,,2026-09-01T13:05
APP02593,STU00524,COL006,CMR Institute of Technology,QuantEdge,Data Analyst,Applied,,2026-09-15T20:54
APP02594,STU01473,COL005,New Horizon College of Engineering,QuantEdge,Backend Developer,Offer,4.3,2026-08-31T11:18
APP02595,STU01903,COL002,RV College of Engineering,Orion Analytics,Business Analyst,Offer,8.1,2026-09-03T09:57
APP02596,STU00831,COL002,RV College of Engineering,Aster Mobility,Backend Developer,Rejected,,2026-09-07T18:47
APP02597,STU00642,COL006,CMR Institute of Technology,Vertex Digital,Data Analyst,Offer,6.2,2026-08-23T16:17
APP02598,STU00595,COL006,CMR Institute of Technology,TechForge,Backend Developer,Interview,,2026-07-24T15:01
APP02599,STU01491,COL005,New Horizon College of Engineering,Aster Mobility,Business Analyst,Applied,,2026-09-25T12:33
APP02600,STU00007,COL006,CMR Institute of Technology,QuantEdge,Backend Developer,Rejected,,2026-09-14T10:51
APP02601,STU00859,COL005,New Horizon College of Engineering,BrightWorks,Software Engineer,Offer,4.3,2026-07-20T20:55
APP02602,STU02086,COL006,CMR Institute of Technology,InfiCore,Data Analyst,Placed,10.2,2026-07-25T16:53
APP02603,STU01283,COL004,Dayananda Sagar College of Engineering,CloudMinds,Data Analyst,Offer,5.1,2026-07-22T14:17
APP02604,STU00118,COL004,Dayananda Sagar College of Engineering,InfiCore,Frontend Developer,Applied,,2026-07-20T16:39
APP02605,STU01167,COL003,PES University,Nova Systems,Data Analyst,Screening,,2026-09-10T19:16
APP02606,STU01067,COL003,PES University,BrightWorks,Business Analyst,Applied,,2026-08-09T11:51
APP02607,STU02098,COL005,New Horizon College of Engineering,Nova Systems,ML Engineer,Rejected,,2026-09-11T18:24
APP02608,STU01511,COL005,New Horizon College of Engineering,CloudMinds,Business Analyst,Rejected,,2026-08-24T11:26
APP02609,STU00134,COL005,New Horizon College of Engineering,NextGen Labs,Software Engineer,Applied,,2026-07-06T18:30
APP02610,STU00729,COL003,PES University,BrightWorks,Backend Developer,Applied,,2026-08-18T11:23
APP02611,STU01824,COL003,PES University,PrimeStack,Backend Developer,Interview,,2026-10-04T13:56
APP02612,STU01095,COL003,PES University,BlueOrbit Labs,Data Analyst,Offer,13.8,2026-07-22T10:35
APP02613,STU00643,COL005,New Horizon College of Engineering,BrightWorks,Data Analyst,Screening,,2026-09-23T11:40
APP02614,STU01814,COL002,RV College of Engineering,CodeCraft,Software Engineer,Interview,,2026-08-12T17:12
APP02615,STU00531,COL006,CMR Institute of Technology,PrimeStack,Data Analyst,Interview,,2026-09-25T13:03
APP02616,STU01988,COL003,PES University,BlueOrbit Labs,Backend Developer,Screening,,2026-09-19T09:14
APP02617,STU00809,COL004,Dayananda Sagar College of Engineering,DataNest,Data Analyst,Interview,,2026-07-24T11:12
APP02618,STU00450,COL002,RV College of Engineering,NextGen Labs,Backend Developer,Applied,,2026-07-14T20:21
APP02619,STU01690,COL002,RV College of Engineering,NextGen Labs,Data Analyst,Applied,,2026-09-02T10:18
APP02620,STU00429,COL001,BMS Institute of Technology,Orion Analytics,Business Analyst,Rejected,,2026-07-24T09:55
APP02621,STU02010,COL004,Dayananda Sagar College of Engineering,CloudMinds,Backend Developer,Applied,,2026-08-11T11:32
APP02622,STU02059,COL006,CMR Institute of Technology,FinEdge Solutions,Backend Developer,Interview,,2026-08-27T14:48
APP02623,STU00781,COL003,PES University,TechForge,Business Analyst,Applied,,2026-09-02T17:27
APP02624,STU02275,COL004,Dayananda Sagar College of Engineering,Nova Systems,Frontend Developer,Rejected,,2026-09-18T11:37
APP02625,STU01327,COL004,Dayananda Sagar College of Engineering,Vertex Digital,ML Engineer,Applied,,2026-08-06T15:16
APP02626,STU01298,COL003,PES University,Aster Mobility,Data Analyst,Applied,,2026-09-14T17:19
APP02627,STU01282,COL003,PES University,InfiCore,Backend Developer,Applied,,2026-08-06T16:56
APP02628,STU00150,COL003,PES University,FinEdge Solutions,Backend Developer,Offer,6.0,2026-08-30T20:55
APP02629,STU01158,COL003,PES University,PrimeStack,Software Engineer,Offer,10.3,2026-09-04T09:14
APP02630,STU01309,COL003,PES University,Aster Mobility,Data Analyst,Placed,12.5,2026-08-28T20:13
APP02631,STU02180,COL006,CMR Institute of Technology,PrimeStack,Backend Developer,Applied,,2026-08-28T13:07
APP02632,STU00412,COL001,BMS Institute of Technology,NextGen Labs,Software Engineer,Applied,,2026-08-11T11:15
APP02633,STU00512,COL002,RV College of Engineering,CodeCraft,Backend Developer,Offer,11.5,2026-09-19T14:25
APP02634,STU01877,COL006,CMR Institute of Technology,NextGen Labs,ML Engineer,Interview,,2026-07-27T12:03
APP02635,STU02140,COL001,BMS Institute of Technology,TechForge,Software Engineer,Interview,,2026-09-25T18:47
APP02636,STU00597,COL004,Dayananda Sagar College of Engineering,BrightWorks,Business Analyst,Offer,10.6,2026-08-12T16:59
APP02637,STU01640,COL003,PES University,BrightWorks,Backend Developer,Interview,,2026-08-11T13:54
APP02638,STU01631,COL005,New Horizon College of Engineering,CodeCraft,ML Engineer,Applied,,2026-08-14T15:46
APP02639,STU00825,COL001,BMS Institute of Technology,NextGen Labs,Data Analyst,Applied,,2026-08-16T18:53
APP02640,STU00340,COL006,CMR Institute of Technology,DataNest,Data Analyst,Screening,,2026-08-09T10:42
APP02641,STU01455,COL005,New Horizon College of Engineering,BrightWorks,ML Engineer,Offer,4.1,2026-07-26T18:14
APP02642,STU00588,COL006,CMR Institute of Technology,CloudMinds,ML Engineer,Rejected,,2026-08-04T20:57
APP02643,STU00990,COL003,PES University,Vertex Digital,Frontend Developer,Offer,5.4,2026-08-18T09:37
APP02644,STU00175,COL001,BMS Institute of Technology,CloudMinds,Frontend Developer,Applied,,2026-07-24T15:08
APP02645,STU02278,COL004,Dayananda Sagar College of Engineering,BrightWorks,Frontend Developer,Applied,,2026-08-17T16:15
APP02646,STU01734,COL003,PES University,DataNest,Frontend Developer,Screening,,2026-09-18T12:31
APP02647,STU01695,COL001,BMS Institute of Technology,DataNest,Backend Developer,Interview,,2026-07-28T18:03
APP02648,STU01180,COL006,CMR Institute of Technology,DataNest,Data Analyst,Offer,12.1,2026-08-21T14:16
APP02649,STU00303,COL002,RV College of Engineering,TechForge,ML Engineer,Placed,10.3,2026-08-04T16:25
APP02650,STU01572,COL006,CMR Institute of Technology,NextGen Labs,Backend Developer,Screening,,2026-07-29T09:46
APP02651,STU01113,COL004,Dayananda Sagar College of Engineering,Nova Systems,Frontend Developer,Rejected,,2026-08-12T16:25
APP02652,STU00939,COL003,PES University,BrightWorks,Frontend Developer,Interview,,2026-08-04T14:25
APP02653,STU01214,COL005,New Horizon College of Engineering,CloudMinds,Business Analyst,Screening,,2026-08-13T13:57
APP02654,STU00143,COL003,PES University,QuantEdge,Software Engineer,Applied,,2026-07-11T12:12
APP02655,STU01008,COL002,RV College of Engineering,QuantEdge,Business Analyst,Offer,10.4,2026-08-02T12:00
APP02656,STU00811,COL002,RV College of Engineering,NextGen Labs,Business Analyst,Interview,,2026-08-16T18:25
APP02657,STU01958,COL003,PES University,TechForge,Backend Developer,Interview,,2026-08-21T14:10
APP02658,STU01290,COL004,Dayananda Sagar College of Engineering,FinEdge Solutions,Frontend Developer,Rejected,,2026-08-16T17:03
APP02659,STU01892,COL004,Dayananda Sagar College of Engineering,Nova Systems,ML Engineer,Screening,,2026-08-30T20:15
APP02660,STU01308,COL005,New Horizon College of Engineering,Orion Analytics,Frontend Developer,Screening,,2026-08-12T10:56
APP02661,STU00348,COL004,Dayananda Sagar College of Engineering,CloudMinds,Frontend Developer,Screening,,2026-08-06T19:58
APP02662,STU02169,COL003,PES University,CloudMinds,Backend Developer,Interview,,2026-07-25T20:13
APP02663,STU02185,COL002,RV College of Engineering,CodeCraft,Backend Developer,Offer,7.3,2026-08-05T16:14
APP02664,STU00227,COL006,CMR Institute of Technology,CloudMinds,Data Analyst,Rejected,,2026-08-27T16:39
APP02665,STU00590,COL003,PES University,PrimeStack,Business Analyst,Applied,,2026-08-03T14:48
APP02666,STU02161,COL006,CMR Institute of Technology,BlueOrbit Labs,ML Engineer,Applied,,2026-09-10T20:49
APP02667,STU01351,COL001,BMS Institute of Technology,BlueOrbit Labs,ML Engineer,Screening,,2026-09-01T20:23
APP02668,STU02271,COL006,CMR Institute of Technology,CloudMinds,ML Engineer,Offer,10.4,2026-07-30T10:27
APP02669,STU00567,COL004,Dayananda Sagar College of Engineering,PrimeStack,ML Engineer,Placed,9.8,2026-07-10T19:24
APP02670,STU02300,COL001,BMS Institute of Technology,FinEdge Solutions,ML Engineer,Applied,,2026-07-22T18:38
APP02671,STU00161,COL001,BMS Institute of Technology,NextGen Labs,Backend Developer,Applied,,2026-07-13T12:23
APP02672,STU00493,COL002,RV College of Engineering,Vertex Digital,Business Analyst,Interview,,2026-08-23T17:05
APP02673,STU00079,COL005,New Horizon College of Engineering,Aster Mobility,ML Engineer,Applied,,2026-08-09T19:11
APP02674,STU01767,COL005,New Horizon College of Engineering,DataNest,Software Engineer,Applied,,2026-09-20T17:53
APP02675,STU00644,COL003,PES University,Aster Mobility,Software Engineer,Interview,,2026-07-22T13:31
APP02676,STU00212,COL001,BMS Institute of Technology,PrimeStack,Business Analyst,Screening,,2026-09-04T16:29
APP02677,STU02353,COL001,BMS Institute of Technology,BrightWorks,Frontend Developer,Applied,,2026-09-20T15:51
APP02678,STU01221,COL001,BMS Institute of Technology,Orion Analytics,Frontend Developer,Screening,,2026-08-24T15:54
APP02679,STU02136,COL004,Dayananda Sagar College of Engineering,BrightWorks,Frontend Developer,Interview,,2026-09-23T19:10
APP02680,STU02254,COL005,New Horizon College of Engineering,NextGen Labs,Frontend Developer,Offer,6.8,2026-09-26T17:10
APP02681,STU00703,COL004,Dayananda Sagar College of Engineering,FinEdge Solutions,ML Engineer,Applied,,2026-07-30T15:24
APP02682,STU00278,COL006,CMR Institute of Technology,TechForge,Backend Developer,Applied,,2026-08-03T16:05
APP02683,STU02123,COL005,New Horizon College of Engineering,Aster Mobility,Backend Developer,Applied,,2026-08-06T14:50
APP02684,STU01847,COL003,PES University,Aster Mobility,Software Engineer,Rejected,,2026-08-24T17:38
APP02685,STU02076,COL005,New Horizon College of Engineering,DataNest,Backend Developer,Placed,7.2,2026-09-11T16:52
APP02686,STU01138,COL002,RV College of Engineering,NextGen Labs,ML Engineer,Applied,,2026-08-29T19:46
APP02687,STU02204,COL006,CMR Institute of Technology,Vertex Digital,Frontend Developer,Placed,12.1,2026-10-02T11:02
APP02688,STU00975,COL003,PES University,CodeCraft,Data Analyst,Screening,,2026-08-02T20:45
APP02689,STU00140,COL005,New Horizon College of Engineering,QuantEdge,Software Engineer,Offer,9.0,2026-07-29T12:01
APP02690,STU00523,COL003,PES University,DataNest,ML Engineer,Offer,8.5,2026-09-18T16:51
APP02691,STU00546,COL005,New Horizon College of Engineering,BlueOrbit Labs,Software Engineer,Rejected,,2026-07-25T16:08
APP02692,STU02148,COL001,BMS Institute of Technology,BlueOrbit Labs,Data Analyst,Screening,,2026-09-16T09:10
APP02693,STU01138,COL002,RV College of Engineering,Orion Analytics,Business Analyst,Rejected,,2026-08-22T19:46
APP02694,STU02064,COL004,Dayananda Sagar College of Engineering,InfiCore,Business Analyst,Interview,,2026-08-06T20:10
APP02695,STU01824,COL003,PES University,QuantEdge,Software Engineer,Offer,4.4,2026-08-30T13:56
APP02696,STU01675,COL005,New Horizon College of Engineering,NextGen Labs,Frontend Developer,Screening,,2026-08-01T11:06
APP02697,STU00038,COL002,RV College of Engineering,NextGen Labs,Frontend Developer,Screening,,2026-08-20T16:20
APP02698,STU01732,COL006,CMR Institute of Technology,TechForge,Software Engineer,Screening,,2026-08-22T09:48
APP02699,STU00934,COL005,New Horizon College of Engineering,CloudMinds,Business Analyst,Rejected,,2026-08-14T09:16
APP02700,STU01067,COL003,PES University,BrightWorks,Frontend Developer,Screening,,2026-09-07T11:51
APP02701,STU01954,COL003,PES University,QuantEdge,Business Analyst,Interview,,2026-10-04T14:05
APP02702,STU00484,COL006,CMR Institute of Technology,Nova Systems,Software Engineer,Applied,,2026-07-09T11:54
APP02703,STU00698,COL003,PES University,Orion Analytics,Data Analyst,Offer,6.6,2026-08-12T17:42
APP02704,STU01123,COL004,Dayananda Sagar College of Engineering,QuantEdge,Backend Developer,Applied,,2026-07-28T12:50
APP02705,STU00641,COL006,CMR Institute of Technology,BrightWorks,Software Engineer,Offer,13.8,2026-08-29T09:15
APP02706,STU01865,COL006,CMR Institute of Technology,NextGen Labs,Data Analyst,Screening,,2026-07-16T11:23
APP02707,STU00976,COL005,New Horizon College of Engineering,QuantEdge,Data Analyst,Rejected,,2026-08-12T20:51
APP02708,STU01584,COL005,New Horizon College of Engineering,Orion Analytics,ML Engineer,Rejected,,2026-08-31T12:30
APP02709,STU01833,COL006,CMR Institute of Technology,BlueOrbit Labs,Software Engineer,Placed,4.5,2026-07-10T19:21
APP02710,STU00928,COL003,PES University,Vertex Digital,Software Engineer,Rejected,,2026-09-12T16:59
APP02711,STU01033,COL006,CMR Institute of Technology,CloudMinds,Backend Developer,Applied,,2026-08-25T10:30
APP02712,STU00403,COL002,RV College of Engineering,CloudMinds,Data Analyst,Offer,8.5,2026-08-22T10:22
APP02713,STU02347,COL001,BMS Institute of Technology,BrightWorks,ML Engineer,Interview,,2026-08-14T14:42
APP02714,STU00928,COL003,PES University,QuantEdge,Software Engineer,Placed,4.2,2026-09-16T16:59
APP02715,STU00794,COL006,CMR Institute of Technology,Orion Analytics,Backend Developer,Applied,,2026-08-15T13:38
APP02716,STU00037,COL001,BMS Institute of Technology,InfiCore,Backend Developer,Rejected,,2026-09-09T17:22
APP02717,STU01310,COL004,Dayananda Sagar College of Engineering,Vertex Digital,Software Engineer,Offer,7.7,2026-08-20T09:28
APP02718,STU01340,COL006,CMR Institute of Technology,CodeCraft,Frontend Developer,Applied,,2026-08-16T20:04
APP02719,STU02259,COL002,RV College of Engineering,TechForge,Frontend Developer,Offer,9.2,2026-08-23T12:49
APP02720,STU01317,COL006,CMR Institute of Technology,NextGen Labs,Software Engineer,Offer,13.6,2026-08-07T14:38
APP02721,STU00515,COL006,CMR Institute of Technology,FinEdge Solutions,Frontend Developer,Offer,9.3,2026-07-23T10:59
APP02722,STU01619,COL006,CMR Institute of Technology,BrightWorks,Business Analyst,Screening,,2026-09-10T20:14
APP02723,STU01346,COL005,New Horizon College of Engineering,FinEdge Solutions,Software Engineer,Offer,9.6,2026-07-23T13:58
APP02724,STU02033,COL003,PES University,CodeCraft,Data Analyst,Rejected,,2026-09-25T17:27
APP02725,STU00867,COL004,Dayananda Sagar College of Engineering,DataNest,Backend Developer,Rejected,,2026-07-03T11:36
APP02726,STU00944,COL006,CMR Institute of Technology,Orion Analytics,Data Analyst,Interview,,2026-09-10T11:38
APP02727,STU00451,COL003,PES University,Orion Analytics,Backend Developer,Applied,,2026-07-17T20:14
APP02728,STU00063,COL004,Dayananda Sagar College of Engineering,NextGen Labs,Data Analyst,Screening,,2026-07-23T19:34
APP02729,STU00001,COL005,New Horizon College of Engineering,TechForge,Business Analyst,Screening,,2026-08-12T17:20
APP02730,STU00805,COL006,CMR Institute of Technology,BlueOrbit Labs,ML Engineer,Offer,12.0,2026-08-27T10:50
APP02731,STU01301,COL003,PES University,Orion Analytics,ML Engineer,Applied,,2026-08-24T18:30
APP02732,STU01547,COL004,Dayananda Sagar College of Engineering,PrimeStack,Business Analyst,Applied,,2026-09-09T15:54
APP02733,STU01856,COL002,RV College of Engineering,NextGen Labs,ML Engineer,Screening,,2026-09-05T17:38
APP02734,STU00304,COL002,RV College of Engineering,BrightWorks,Data Analyst,Offer,12.9,2026-09-11T17:05
APP02735,STU00219,COL003,PES University,DataNest,Business Analyst,Screening,,2026-09-09T14:22
APP02736,STU00642,COL006,CMR Institute of Technology,NextGen Labs,Business Analyst,Applied,,2026-08-03T16:17
APP02737,STU00928,COL003,PES University,NextGen Labs,Frontend Developer,Rejected,,2026-09-10T16:59
APP02738,STU00637,COL006,CMR Institute of Technology,InfiCore,Data Analyst,Rejected,,2026-08-20T09:26
APP02739,STU01609,COL004,Dayananda Sagar College of Engineering,CloudMinds,Frontend Developer,Interview,,2026-07-22T16:48
APP02740,STU00959,COL001,BMS Institute of Technology,CodeCraft,Backend Developer,Applied,,2026-08-03T14:07
APP02741,STU00807,COL005,New Horizon College of Engineering,BrightWorks,Frontend Developer,Rejected,,2026-08-19T10:51
APP02742,STU01573,COL006,CMR Institute of Technology,InfiCore,Data Analyst,Applied,,2026-09-30T09:03
APP02743,STU00579,COL005,New Horizon College of Engineering,Vertex Digital,Frontend Developer,Interview,,2026-08-24T09:28
APP02744,STU00967,COL005,New Horizon College of Engineering,Vertex Digital,ML Engineer,Interview,,2026-08-03T19:18
APP02745,STU01536,COL005,New Horizon College of Engineering,QuantEdge,Data Analyst,Applied,,2026-08-16T10:11
APP02746,STU01969,COL001,BMS Institute of Technology,BlueOrbit Labs,Backend Developer,Offer,8.6,2026-09-28T15:01
APP02747,STU01722,COL001,BMS Institute of Technology,BlueOrbit Labs,ML Engineer,Rejected,,2026-08-30T13:55
APP02748,STU01059,COL006,CMR Institute of Technology,Aster Mobility,Data Analyst,Interview,,2026-08-21T15:22
APP02749,STU00452,COL005,New Horizon College of Engineering,DataNest,Frontend Developer,Screening,,2026-09-09T17:55
APP02750,STU01774,COL005,New Horizon College of Engineering,Vertex Digital,Backend Developer,Applied,,2026-08-25T16:31
APP02751,STU01120,COL001,BMS Institute of Technology,DataNest,Business Analyst,Interview,,2026-08-08T18:10
APP02752,STU02277,COL001,BMS Institute of Technology,InfiCore,Business Analyst,Screening,,2026-09-12T18:37
APP02753,STU00230,COL006,CMR Institute of Technology,NextGen Labs,Software Engineer,Interview,,2026-07-18T16:55
APP02754,STU01754,COL002,RV College of Engineering,InfiCore,Software Engineer,Rejected,,2026-08-09T19:08
APP02755,STU01514,COL002,RV College of Engineering,CodeCraft,ML Engineer,Applied,,2026-08-11T09:37
APP02756,STU02116,COL005,New Horizon College of Engineering,DataNest,Business Analyst,Placed,12.3,2026-08-07T20:19
APP02757,STU00959,COL001,BMS Institute of Technology,BlueOrbit Labs,Software Engineer,Offer,12.8,2026-08-07T14:07
APP02758,STU01904,COL004,Dayananda Sagar College of Engineering,TechForge,Backend Developer,Rejected,,2026-08-08T09:26
APP02759,STU00994,COL004,Dayananda Sagar College of Engineering,PrimeStack,Data Analyst,Rejected,,2026-08-27T12:24
APP02760,STU01835,COL005,New Horizon College of Engineering,QuantEdge,Frontend Developer,Interview,,2026-08-15T11:03
APP02761,STU00020,COL004,Dayananda Sagar College of Engineering,BlueOrbit Labs,Backend Developer,Applied,,2026-07-29T10:14
APP02762,STU01690,COL002,RV College of Engineering,InfiCore,Business Analyst,Interview,,2026-09-10T10:18
APP02763,STU00548,COL001,BMS Institute of Technology,BlueOrbit Labs,Frontend Developer,Rejected,,2026-09-04T18:16
APP02764,STU01557,COL006,CMR Institute of Technology,BlueOrbit Labs,Frontend Developer,Interview,,2026-08-02T13:35
APP02765,STU02131,COL002,RV College of Engineering,NextGen Labs,ML Engineer,Applied,,2026-09-26T16:23
APP02766,STU01155,COL001,BMS Institute of Technology,TechForge,Business Analyst,Applied,,2026-08-14T13:14
APP02767,STU00652,COL004,Dayananda Sagar College of Engineering,NextGen Labs,Backend Developer,Rejected,,2026-07-29T17:21
APP02768,STU00597,COL004,Dayananda Sagar College of Engineering,DataNest,Frontend Developer,Interview,,2026-09-03T16:59
APP02769,STU02234,COL002,RV College of Engineering,InfiCore,ML Engineer,Interview,,2026-08-17T15:25
APP02770,STU01884,COL001,BMS Institute of Technology,PrimeStack,Backend Developer,Screening,,2026-07-03T09:02
APP02771,STU02338,COL001,BMS Institute of Technology,InfiCore,Software Engineer,Applied,,2026-07-20T13:49
APP02772,STU01515,COL006,CMR Institute of Technology,PrimeStack,Software Engineer,Screening,,2026-08-23T19:11
APP02773,STU01629,COL005,New Horizon College of Engineering,PrimeStack,Data Analyst,Applied,,2026-08-27T19:35
APP02774,STU02141,COL006,CMR Institute of Technology,InfiCore,Backend Developer,Offer,12.1,2026-08-15T19:29
APP02775,STU01981,COL002,RV College of Engineering,BlueOrbit Labs,Business Analyst,Interview,,2026-08-09T18:17
APP02776,STU00345,COL005,New Horizon College of Engineering,Aster Mobility,ML Engineer,Applied,,2026-07-25T18:14
APP02777,STU00105,COL006,CMR Institute of Technology,BlueOrbit Labs,Backend Developer,Offer,12.7,2026-08-26T10:31
APP02778,STU00769,COL003,PES University,CodeCraft,Frontend Developer,Interview,,2026-09-11T17:01
APP02779,STU01790,COL001,BMS Institute of Technology,Vertex Digital,Backend Developer,Offer,6.4,2026-08-07T11:15
APP02780,STU00597,COL004,Dayananda Sagar College of Engineering,CloudMinds,Frontend Developer,Interview,,2026-08-10T16:59
APP02781,STU01329,COL001,BMS Institute of Technology,QuantEdge,Backend Developer,Interview,,2026-08-08T15:08
APP02782,STU01299,COL004,Dayananda Sagar College of Engineering,BlueOrbit Labs,Backend Developer,Rejected,,2026-07-24T13:50
APP02783,STU01555,COL004,Dayananda Sagar College of Engineering,CloudMinds,Software Engineer,Offer,11.9,2026-08-29T12:41
APP02784,STU00734,COL001,BMS Institute of Technology,QuantEdge,ML Engineer,Applied,,2026-08-03T09:49
APP02785,STU01720,COL001,BMS Institute of Technology,CodeCraft,Frontend Developer,Interview,,2026-09-13T13:58
APP02786,STU01564,COL003,PES University,BlueOrbit Labs,Frontend Developer,Offer,10.2,2026-09-05T19:12
APP02787,STU01364,COL002,RV College of Engineering,CloudMinds,Software Engineer,Rejected,,2026-08-06T20:36
APP02788,STU02071,COL002,RV College of Engineering,InfiCore,Business Analyst,Interview,,2026-08-13T19:00
APP02789,STU00989,COL001,BMS Institute of Technology,Aster Mobility,Business Analyst,Applied,,2026-08-27T20:24
APP02790,STU01950,COL004,Dayananda Sagar College of Engineering,TechForge,Data Analyst,Applied,,2026-07-27T18:00
APP02791,STU00424,COL004,Dayananda Sagar College of Engineering,FinEdge Solutions,Business Analyst,Interview,,2026-08-26T17:12
APP02792,STU00741,COL003,PES University,Nova Systems,Frontend Developer,Offer,12.1,2026-08-22T12:17
APP02793,STU01762,COL001,BMS Institute of Technology,QuantEdge,Business Analyst,Screening,,2026-09-23T20:41
APP02794,STU02089,COL004,Dayananda Sagar College of Engineering,BrightWorks,Business Analyst,Applied,,2026-09-27T11:08
APP02795,STU00844,COL005,New Horizon College of Engineering,Orion Analytics,Business Analyst,Screening,,2026-09-23T15:24
APP02796,STU02237,COL004,Dayananda Sagar College of Engineering,CodeCraft,Data Analyst,Applied,,2026-07-13T14:40
APP02797,STU02180,COL006,CMR Institute of Technology,NextGen Labs,Business Analyst,Screening,,2026-09-10T13:07
APP02798,STU00610,COL004,Dayananda Sagar College of Engineering,FinEdge Solutions,ML Engineer,Applied,,2026-07-31T19:27
APP02799,STU01204,COL003,PES University,BrightWorks,Frontend Developer,Applied,,2026-07-17T16:31
APP02800,STU01925,COL006,CMR Institute of Technology,CodeCraft,ML Engineer,Rejected,,2026-08-12T12:08
APP02801,STU00826,COL001,BMS Institute of Technology,CloudMinds,Software Engineer,Applied,,2026-07-16T17:05
APP02802,STU01713,COL005,New Horizon College of Engineering,Vertex Digital,ML Engineer,Rejected,,2026-08-10T20:18
APP02803,STU01695,COL001,BMS Institute of Technology,PrimeStack,Business Analyst,Rejected,,2026-07-31T18:03
APP02804,STU01112,COL001,BMS Institute of Technology,BlueOrbit Labs,Software Engineer,Rejected,,2026-08-06T20:41
APP02805,STU00002,COL003,PES University,NextGen Labs,Software Engineer,Offer,7.1,2026-09-09T15:26
APP02806,STU00490,COL004,Dayananda Sagar College of Engineering,BlueOrbit Labs,Data Analyst,Applied,,2026-08-22T13:34
APP02807,STU01658,COL001,BMS Institute of Technology,NextGen Labs,Data Analyst,Applied,,2026-08-16T16:25
APP02808,STU01694,COL003,PES University,Aster Mobility,Software Engineer,Applied,,2026-08-18T09:08
APP02809,STU01001,COL002,RV College of Engineering,DataNest,Data Analyst,Screening,,2026-09-25T16:34
APP02810,STU00748,COL005,New Horizon College of Engineering,BrightWorks,Business Analyst,Interview,,2026-08-13T13:46
APP02811,STU00125,COL006,CMR Institute of Technology,CodeCraft,ML Engineer,Offer,10.3,2026-10-01T09:34
APP02812,STU01751,COL006,CMR Institute of Technology,FinEdge Solutions,Business Analyst,Interview,,2026-08-10T15:45
APP02813,STU00303,COL002,RV College of Engineering,Vertex Digital,ML Engineer,Applied,,2026-08-22T16:25
APP02814,STU01854,COL005,New Horizon College of Engineering,Nova Systems,Data Analyst,Interview,,2026-08-26T19:19
APP02815,STU00293,COL001,BMS Institute of Technology,TechForge,ML Engineer,Interview,,2026-08-08T14:24
APP02816,STU01395,COL003,PES University,QuantEdge,Software Engineer,Screening,,2026-08-13T13:06
APP02817,STU00451,COL003,PES University,Orion Analytics,Frontend Developer,Applied,,2026-07-27T20:14
APP02818,STU00555,COL005,New Horizon College of Engineering,BlueOrbit Labs,Backend Developer,Applied,,2026-08-07T12:53
APP02819,STU01057,COL001,BMS Institute of Technology,DataNest,ML Engineer,Interview,,2026-08-31T20:40
APP02820,STU01177,COL003,PES University,BlueOrbit Labs,ML Engineer,Offer,10.8,2026-09-04T09:32
APP02821,STU00331,COL003,PES University,CloudMinds,Frontend Developer,Rejected,,2026-08-06T16:34
APP02822,STU02338,COL001,BMS Institute of Technology,Aster Mobility,ML Engineer,Applied,,2026-07-18T13:49
APP02823,STU00646,COL003,PES University,Aster Mobility,Business Analyst,Applied,,2026-09-04T16:43
APP02824,STU00459,COL002,RV College of Engineering,BlueOrbit Labs,Backend Developer,Screening,,2026-08-14T11:31
APP02825,STU00260,COL001,BMS Institute of Technology,InfiCore,Data Analyst,Interview,,2026-09-24T14:03
APP02826,STU00459,COL002,RV College of Engineering,CodeCraft,Business Analyst,Offer,11.3,2026-07-12T11:31
APP02827,STU00537,COL003,PES University,Aster Mobility,Business Analyst,Offer,13.5,2026-08-01T10:28
APP02828,STU00698,COL003,PES University,Orion Analytics,Frontend Developer,Rejected,,2026-08-04T17:42
APP02829,STU01898,COL005,New Horizon College of Engineering,Orion Analytics,Business Analyst,Screening,,2026-08-26T10:43
APP02830,STU00297,COL003,PES University,Orion Analytics,Backend Developer,Interview,,2026-08-26T20:40
APP02831,STU00171,COL004,Dayananda Sagar College of Engineering,PrimeStack,Backend Developer,Screening,,2026-09-03T17:39
APP02832,STU00079,COL005,New Horizon College of Engineering,BlueOrbit Labs,Backend Developer,Placed,9.1,2026-08-10T19:11
APP02833,STU00626,COL001,BMS Institute of Technology,BrightWorks,ML Engineer,Interview,,2026-07-25T15:48
APP02834,STU01310,COL004,Dayananda Sagar College of Engineering,PrimeStack,ML Engineer,Rejected,,2026-09-09T09:28
APP02835,STU00287,COL005,New Horizon College of Engineering,Orion Analytics,Frontend Developer,Applied,,2026-07-08T16:24
APP02836,STU00385,COL006,CMR Institute of Technology,CloudMinds,Frontend Developer,Screening,,2026-08-26T18:58
APP02837,STU01443,COL006,CMR Institute of Technology,CodeCraft,Frontend Developer,Interview,,2026-07-28T19:08
APP02838,STU02230,COL002,RV College of Engineering,Aster Mobility,ML Engineer,Applied,,2026-09-21T17:16
APP02839,STU01954,COL003,PES University,BlueOrbit Labs,Backend Developer,Interview,,2026-09-13T14:05
APP02840,STU00655,COL005,New Horizon College of Engineering,Aster Mobility,ML Engineer,Applied,,2026-08-16T10:25
APP02841,STU00731,COL001,BMS Institute of Technology,FinEdge Solutions,Data Analyst,Placed,11.7,2026-08-26T12:38
APP02842,STU02363,COL002,RV College of Engineering,Orion Analytics,Backend Developer,Rejected,,2026-08-22T10:39
APP02843,STU00900,COL003,PES University,InfiCore,ML Engineer,Placed,15.1,2026-09-05T20:49
APP02844,STU00022,COL005,New Horizon College of Engineering,InfiCore,Business Analyst,Screening,,2026-08-16T14:18
APP02845,STU01705,COL001,BMS Institute of Technology,CloudMinds,Backend Developer,Applied,,2026-08-07T14:29
APP02846,STU00768,COL006,CMR Institute of Technology,CodeCraft,Frontend Developer,Screening,,2026-07-27T17:55
APP02847,STU00098,COL005,New Horizon College of Engineering,Aster Mobility,Data Analyst,Rejected,,2026-08-14T11:43
APP02848,STU00063,COL004,Dayananda Sagar College of Engineering,Nova Systems,ML Engineer,Placed,14.4,2026-08-23T19:34
APP02849,STU00032,COL003,PES University,DataNest,Frontend Developer,Interview,,2026-07-31T16:00
APP02850,STU00560,COL003,PES University,Nova Systems,Backend Developer,Offer,7.9,2026-07-21T20:46
APP02851,STU01336,COL003,PES University,BrightWorks,Data Analyst,Rejected,,2026-08-04T14:25
APP02852,STU00116,COL005,New Horizon College of Engineering,FinEdge Solutions,Backend Developer,Screening,,2026-09-07T10:16
APP02853,STU00408,COL004,Dayananda Sagar College of Engineering,BrightWorks,Frontend Developer,Applied,,2026-08-29T10:31
APP02854,STU00287,COL005,New Horizon College of Engineering,Aster Mobility,Frontend Developer,Interview,,2026-07-31T16:24
APP02855,STU00092,COL003,PES University,CodeCraft,Backend Developer,Placed,10.0,2026-08-05T10:17
APP02856,STU02394,COL005,New Horizon College of Engineering,CodeCraft,Data Analyst,Applied,,2026-10-02T09:45
APP02857,STU00696,COL005,New Horizon College of Engineering,InfiCore,Backend Developer,Interview,,2026-08-03T12:00
APP02858,STU00274,COL001,BMS Institute of Technology,Aster Mobility,Business Analyst,Applied,,2026-08-04T13:45
APP02859,STU01039,COL004,Dayananda Sagar College of Engineering,BrightWorks,Backend Developer,Offer,12.9,2026-08-26T12:13
APP02860,STU00207,COL001,BMS Institute of Technology,BrightWorks,Data Analyst,Offer,12.9,2026-09-01T21:00
APP02861,STU00340,COL006,CMR Institute of Technology,QuantEdge,Frontend Developer,Applied,,2026-08-01T10:42
APP02862,STU02043,COL005,New Horizon College of Engineering,DataNest,Backend Developer,Screening,,2026-07-31T12:41
APP02863,STU00417,COL001,BMS Institute of Technology,Orion Analytics,Data Analyst,Screening,,2026-09-03T15:59
APP02864,STU01373,COL001,BMS Institute of Technology,DataNest,Backend Developer,Offer,6.7,2026-08-05T17:05
APP02865,STU02016,COL001,BMS Institute of Technology,InfiCore,Backend Developer,Offer,7.9,2026-07-24T09:59
APP02866,STU01076,COL002,RV College of Engineering,Aster Mobility,Data Analyst,Rejected,,2026-07-25T16:11
APP02867,STU00873,COL001,BMS Institute of Technology,PrimeStack,Software Engineer,Rejected,,2026-08-08T18:14
APP02868,STU00131,COL002,RV College of Engineering,InfiCore,Software Engineer,Interview,,2026-09-14T12:08
APP02869,STU01256,COL002,RV College of Engineering,FinEdge Solutions,Software Engineer,Applied,,2026-08-06T19:35
APP02870,STU02351,COL003,PES University,PrimeStack,Backend Developer,Placed,11.0,2026-08-09T16:49
APP02871,STU02303,COL002,RV College of Engineering,DataNest,Backend Developer,Interview,,2026-08-24T16:54
APP02872,STU00812,COL002,RV College of Engineering,PrimeStack,ML Engineer,Rejected,,2026-09-19T13:59
APP02873,STU01199,COL005,New Horizon College of Engineering,NextGen Labs,Business Analyst,Offer,13.3,2026-07-23T10:37
APP02874,STU01564,COL003,PES University,InfiCore,Software Engineer,Applied,,2026-08-04T19:12
APP02875,STU00499,COL004,Dayananda Sagar College of Engineering,BrightWorks,Frontend Developer,Applied,,2026-09-15T09:39
APP02876,STU02144,COL006,CMR Institute of Technology,Orion Analytics,Business Analyst,Applied,,2026-08-22T11:38
APP02877,STU00376,COL005,New Horizon College of Engineering,QuantEdge,Backend Developer,Rejected,,2026-08-30T13:56
APP02878,STU00870,COL006,CMR Institute of Technology,Vertex Digital,Software Engineer,Rejected,,2026-08-08T09:16
APP02879,STU02213,COL003,PES University,CodeCraft,Data Analyst,Screening,,2026-09-09T15:54
APP02880,STU00441,COL001,BMS Institute of Technology,TechForge,Backend Developer,Applied,,2026-09-18T18:13
APP02881,STU01438,COL005,New Horizon College of Engineering,DataNest,Data Analyst,Screening,,2026-08-26T10:28
APP02882,STU02332,COL001,BMS Institute of Technology,FinEdge Solutions,Software Engineer,Screening,,2026-08-28T18:02
APP02883,STU01667,COL006,CMR Institute of Technology,QuantEdge,Business Analyst,Rejected,,2026-08-26T15:59
APP02884,STU00022,COL005,New Horizon College of Engineering,QuantEdge,Data Analyst,Interview,,2026-08-14T14:18
APP02885,STU00690,COL002,RV College of Engineering,Vertex Digital,Data Analyst,Rejected,,2026-08-27T13:57
APP02886,STU00855,COL002,RV College of Engineering,BlueOrbit Labs,Frontend Developer,Interview,,2026-08-23T20:13
APP02887,STU01624,COL004,Dayananda Sagar College of Engineering,BrightWorks,Software Engineer,Offer,9.6,2026-09-11T17:49
APP02888,STU01621,COL001,BMS Institute of Technology,DataNest,Software Engineer,Rejected,,2026-07-19T17:57
APP02889,STU01481,COL003,PES University,CloudMinds,Software Engineer,Rejected,,2026-08-12T11:26
APP02890,STU01036,COL004,Dayananda Sagar College of Engineering,BrightWorks,Data Analyst,Offer,7.4,2026-07-18T10:35
APP02891,STU02115,COL003,PES University,NextGen Labs,Software Engineer,Applied,,2026-08-04T14:05
APP02892,STU01564,COL003,PES University,QuantEdge,ML Engineer,Interview,,2026-08-30T19:12
APP02893,STU00639,COL006,CMR Institute of Technology,Nova Systems,Frontend Developer,Offer,5.4,2026-07-29T19:09
APP02894,STU01054,COL006,CMR Institute of Technology,Orion Analytics,Business Analyst,Rejected,,2026-09-28T18:04
APP02895,STU02225,COL005,New Horizon College of Engineering,InfiCore,Backend Developer,Interview,,2026-08-12T09:19
APP02896,STU01383,COL002,RV College of Engineering,FinEdge Solutions,ML Engineer,Rejected,,2026-09-04T17:20
APP02897,STU00143,COL003,PES University,CloudMinds,ML Engineer,Applied,,2026-07-30T12:12
APP02898,STU00059,COL003,PES University,QuantEdge,Data Analyst,Screening,,2026-08-11T10:30
APP02899,STU00588,COL006,CMR Institute of Technology,PrimeStack,Software Engineer,Offer,10.7,2026-07-31T20:57
APP02900,STU01879,COL002,RV College of Engineering,Orion Analytics,Software Engineer,Applied,,2026-07-08T10:10
APP02901,STU01705,COL001,BMS Institute of Technology,NextGen Labs,Business Analyst,Offer,4.3,2026-09-08T14:29
APP02902,STU00353,COL002,RV College of Engineering,DataNest,ML Engineer,Screening,,2026-09-16T15:58
APP02903,STU02333,COL002,RV College of Engineering,DataNest,Frontend Developer,Screening,,2026-09-23T10:12
APP02904,STU01938,COL005,New Horizon College of Engineering,CloudMinds,Software Engineer,Applied,,2026-09-07T17:06
APP02905,STU02382,COL002,RV College of Engineering,CodeCraft,Business Analyst,Applied,,2026-09-01T10:14
APP02906,STU00886,COL003,PES University,BrightWorks,Backend Developer,Offer,7.5,2026-09-14T10:46
APP02907,STU01738,COL004,Dayananda Sagar College of Engineering,FinEdge Solutions,Frontend Developer,Screening,,2026-08-15T11:52
APP02908,STU02032,COL006,CMR Institute of Technology,Orion Analytics,Frontend Developer,Offer,7.0,2026-08-08T16:31
APP02909,STU01618,COL004,Dayananda Sagar College of Engineering,CloudMinds,Backend Developer,Interview,,2026-09-17T16:01
APP02910,STU01018,COL001,BMS Institute of Technology,QuantEdge,Frontend Developer,Interview,,2026-08-23T10:14
APP02911,STU01842,COL003,PES University,DataNest,Software Engineer,Applied,,2026-08-10T10:11
APP02912,STU00560,COL003,PES University,Nova Systems,Frontend Developer,Rejected,,2026-08-19T20:46
APP02913,STU00931,COL004,Dayananda Sagar College of Engineering,DataNest,Frontend Developer,Interview,,2026-08-15T14:06
APP02914,STU00620,COL001,BMS Institute of Technology,InfiCore,Software Engineer,Screening,,2026-07-28T19:30
APP02915,STU02387,COL003,PES University,QuantEdge,Business Analyst,Applied,,2026-07-10T13:45
APP02916,STU00626,COL001,BMS Institute of Technology,Aster Mobility,Backend Developer,Rejected,,2026-07-29T15:48
APP02917,STU00749,COL004,Dayananda Sagar College of Engineering,BrightWorks,Frontend Developer,Applied,,2026-08-29T10:41
APP02918,STU02014,COL003,PES University,Vertex Digital,Frontend Developer,Placed,8.2,2026-08-09T17:52
APP02919,STU01925,COL006,CMR Institute of Technology,BlueOrbit Labs,Software Engineer,Rejected,,2026-09-11T12:08
APP02920,STU01790,COL001,BMS Institute of Technology,FinEdge Solutions,Business Analyst,Rejected,,2026-07-25T11:15
APP02921,STU01943,COL005,New Horizon College of Engineering,TechForge,Backend Developer,Interview,,2026-08-12T11:28
APP02922,STU01428,COL001,BMS Institute of Technology,Orion Analytics,Data Analyst,Applied,,2026-08-18T10:59
APP02923,STU01160,COL005,New Horizon College of Engineering,CloudMinds,ML Engineer,Applied,,2026-09-06T11:03
APP02924,STU00389,COL006,CMR Institute of Technology,QuantEdge,Data Analyst,Offer,8.6,2026-07-07T19:40
APP02925,STU00332,COL002,RV College of Engineering,BrightWorks,Business Analyst,Screening,,2026-08-31T20:17
APP02926,STU00542,COL003,PES University,TechForge,Business Analyst,Screening,,2026-08-24T13:58
APP02927,STU01523,COL001,BMS Institute of Technology,CodeCraft,ML Engineer,Applied,,2026-09-28T13:03
APP02928,STU01675,COL005,New Horizon College of Engineering,CodeCraft,Data Analyst,Applied,,2026-08-31T11:06
APP02929,STU01746,COL001,BMS Institute of Technology,DataNest,Business Analyst,Screening,,2026-08-07T20:12
APP02930,STU01452,COL004,Dayananda Sagar College of Engineering,CloudMinds,Data Analyst,Offer,6.9,2026-07-21T19:47
APP02931,STU01304,COL002,RV College of Engineering,DataNest,Backend Developer,Screening,,2026-08-31T19:28
APP02932,STU00360,COL004,Dayananda Sagar College of Engineering,NextGen Labs,Backend Developer,Offer,11.9,2026-09-26T17:16
APP02933,STU00683,COL003,PES University,BrightWorks,Business Analyst,Placed,7.3,2026-09-19T17:43
APP02934,STU00669,COL002,RV College of Engineering,TechForge,Frontend Developer,Interview,,2026-08-14T16:18
APP02935,STU02290,COL001,BMS Institute of Technology,CloudMinds,Software Engineer,Placed,14.1,2026-07-25T12:54
APP02936,STU00774,COL001,BMS Institute of Technology,NextGen Labs,ML Engineer,Offer,12.0,2026-10-02T09:55
APP02937,STU00861,COL005,New Horizon College of Engineering,Aster Mobility,Software Engineer,Applied,,2026-08-30T18:37
APP02938,STU01403,COL004,Dayananda Sagar College of Engineering,BrightWorks,ML Engineer,Applied,,2026-07-30T19:55
APP02939,STU00579,COL005,New Horizon College of Engineering,Vertex Digital,Backend Developer,Offer,7.6,2026-08-27T09:28
APP02940,STU02150,COL002,RV College of Engineering,InfiCore,Frontend Developer,Screening,,2026-08-27T09:28
APP02941,STU01803,COL004,Dayananda Sagar College of Engineering,PrimeStack,Frontend Developer,Interview,,2026-08-17T15:54
APP02942,STU00559,COL004,Dayananda Sagar College of Engineering,Vertex Digital,ML Engineer,Rejected,,2026-08-31T10:50
APP02943,STU01557,COL006,CMR Institute of Technology,NextGen Labs,Backend Developer,Interview,,2026-07-27T13:35
APP02944,STU00134,COL005,New Horizon College of Engineering,BlueOrbit Labs,Business Analyst,Placed,14.1,2026-07-23T18:30
APP02945,STU00127,COL005,New Horizon College of Engineering,NextGen Labs,Backend Developer,Interview,,2026-09-23T09:26
APP02946,STU01922,COL002,RV College of Engineering,NextGen Labs,Software Engineer,Offer,11.4,2026-08-06T12:02
APP02947,STU02264,COL002,RV College of Engineering,NextGen Labs,ML Engineer,Screening,,2026-08-09T10:42
APP02948,STU00643,COL005,New Horizon College of Engineering,FinEdge Solutions,Backend Developer,Applied,,2026-09-18T11:40
APP02949,STU00389,COL006,CMR Institute of Technology,Nova Systems,ML Engineer,Applied,,2026-08-07T19:40
APP02950,STU00598,COL004,Dayananda Sagar College of Engineering,Aster Mobility,Frontend Developer,Interview,,2026-08-09T16:22
APP02951,STU00999,COL001,BMS Institute of Technology,CodeCraft,Business Analyst,Interview,,2026-08-02T15:30
APP02952,STU01441,COL006,CMR Institute of Technology,QuantEdge,Frontend Developer,Screening,,2026-09-10T20:59
APP02953,STU00654,COL001,BMS Institute of Technology,PrimeStack,Data Analyst,Interview,,2026-09-10T16:16
APP02954,STU00902,COL006,CMR Institute of Technology,BrightWorks,Business Analyst,Rejected,,2026-08-07T18:35
APP02955,STU00524,COL006,CMR Institute of Technology,PrimeStack,Backend Developer,Screening,,2026-08-22T20:54
APP02956,STU01650,COL004,Dayananda Sagar College of Engineering,Vertex Digital,Backend Developer,Interview,,2026-08-16T12:33
APP02957,STU00839,COL001,BMS Institute of Technology,QuantEdge,Backend Developer,Rejected,,2026-08-05T12:33
APP02958,STU02172,COL004,Dayananda Sagar College of Engineering,Aster Mobility,Software Engineer,Rejected,,2026-08-10T10:39
APP02959,STU00687,COL004,Dayananda Sagar College of Engineering,BlueOrbit Labs,Business Analyst,Applied,,2026-08-29T11:50
APP02960,STU00602,COL001,BMS Institute of Technology,CodeCraft,Backend Developer,Rejected,,2026-07-30T20:49
APP02961,STU01140,COL003,PES University,NextGen Labs,ML Engineer,Rejected,,2026-08-29T18:03
APP02962,STU01061,COL001,BMS Institute of Technology,BlueOrbit Labs,Data Analyst,Screening,,2026-08-17T12:36
APP02963,STU01198,COL006,CMR Institute of Technology,FinEdge Solutions,Backend Developer,Applied,,2026-08-29T13:10
APP02964,STU00567,COL004,Dayananda Sagar College of Engineering,Orion Analytics,Business Analyst,Screening,,2026-08-10T19:24
APP02965,STU01730,COL005,New Horizon College of Engineering,CloudMinds,Data Analyst,Screening,,2026-08-12T14:08
APP02966,STU00487,COL003,PES University,BrightWorks,ML Engineer,Applied,,2026-07-31T19:43
APP02967,STU00659,COL002,RV College of Engineering,InfiCore,Software Engineer,Screening,,2026-08-26T19:32
APP02968,STU02367,COL003,PES University,Aster Mobility,Backend Developer,Offer,7.6,2026-07-19T16:02
APP02969,STU01948,COL004,Dayananda Sagar College of Engineering,Orion Analytics,ML Engineer,Applied,,2026-08-04T11:25
APP02970,STU00063,COL004,Dayananda Sagar College of Engineering,Nova Systems,Software Engineer,Applied,,2026-08-18T19:34
APP02971,STU00019,COL003,PES University,InfiCore,Business Analyst,Applied,,2026-08-18T20:32
APP02972,STU01596,COL001,BMS Institute of Technology,CodeCraft,Frontend Developer,Applied,,2026-07-17T15:01
APP02973,STU01957,COL004,Dayananda Sagar College of Engineering,DataNest,Business Analyst,Rejected,,2026-08-20T11:17
APP02974,STU01236,COL005,New Horizon College of Engineering,BrightWorks,Backend Developer,Screening,,2026-07-06T12:05
APP02975,STU00261,COL004,Dayananda Sagar College of Engineering,CloudMinds,Data Analyst,Offer,6.8,2026-10-02T15:11
APP02976,STU02116,COL005,New Horizon College of Engineering,BrightWorks,Frontend Developer,Rejected,,2026-07-20T20:19
APP02977,STU01547,COL004,Dayananda Sagar College of Engineering,CloudMinds,ML Engineer,Interview,,2026-09-07T15:54
APP02978,STU01988,COL003,PES University,QuantEdge,Business Analyst,Rejected,,2026-09-22T09:14
APP02979,STU00492,COL006,CMR Institute of Technology,Aster Mobility,Software Engineer,Interview,,2026-08-18T14:02
APP02980,STU02228,COL002,RV College of Engineering,QuantEdge,Backend Developer,Applied,,2026-07-20T11:57
APP02981,STU02044,COL002,RV College of Engineering,QuantEdge,Frontend Developer,Screening,,2026-08-17T13:28
APP02982,STU02380,COL003,PES University,PrimeStack,Backend Developer,Applied,,2026-08-23T15:42
APP02983,STU02368,COL005,New Horizon College of Engineering,CloudMinds,ML Engineer,Interview,,2026-09-12T12:11
APP02984,STU02380,COL003,PES University,Orion Analytics,ML Engineer,Applied,,2026-09-17T15:42
APP02985,STU00089,COL004,Dayananda Sagar College of Engineering,Vertex Digital,Business Analyst,Interview,,2026-08-13T17:31
APP02986,STU01447,COL005,New Horizon College of Engineering,PrimeStack,Business Analyst,Applied,,2026-08-17T16:13
APP02987,STU00276,COL003,PES University,Nova Systems,Data Analyst,Rejected,,2026-09-07T20:47
APP02988,STU00143,COL003,PES University,Vertex Digital,Frontend Developer,Interview,,2026-08-09T12:12
APP02989,STU01459,COL003,PES University,InfiCore,Backend Developer,Interview,,2026-10-04T10:00
APP02990,STU01536,COL005,New Horizon College of Engineering,BlueOrbit Labs,Data Analyst,Rejected,,2026-08-22T10:11
APP02991,STU00429,COL001,BMS Institute of Technology,InfiCore,Backend Developer,Screening,,2026-07-27T09:55
APP02992,STU01576,COL002,RV College of Engineering,TechForge,Data Analyst,Screening,,2026-08-11T14:36
APP02993,STU00482,COL005,New Horizon College of Engineering,Nova Systems,Data Analyst,Applied,,2026-09-24T17:12
APP02994,STU00310,COL004,Dayananda Sagar College of Engineering,Aster Mobility,Frontend Developer,Interview,,2026-09-04T12:44
APP02995,STU00637,COL006,CMR Institute of Technology,FinEdge Solutions,Backend Developer,Offer,7.4,2026-08-07T09:26
APP02996,STU01412,COL001,BMS Institute of Technology,Orion Analytics,ML Engineer,Rejected,,2026-08-18T10:48
APP02997,STU00450,COL002,RV College of Engineering,TechForge,Data Analyst,Rejected,,2026-07-08T20:21
APP02998,STU00551,COL003,PES University,Orion Analytics,Business Analyst,Interview,,2026-09-16T10:20
APP02999,STU01824,COL003,PES University,CloudMinds,Frontend Developer,Screening,,2026-09-30T13:56
APP03000,STU02139,COL006,CMR Institute of Technology,QuantEdge,Data Analyst,Applied,,2026-09-27T20:38
APP03001,STU00955,COL001,BMS Institute of Technology,Vertex Digital,Data Analyst,Rejected,,2026-08-27T19:25
APP03002,STU01286,COL006,CMR Institute of Technology,Vertex Digital,Frontend Developer,Interview,,2026-09-17T12:37
APP03003,STU00202,COL005,New Horizon College of Engineering,Aster Mobility,Backend Developer,Rejected,,2026-07-09T18:09
APP03004,STU01549,COL003,PES University,DataNest,ML Engineer,Interview,,2026-08-11T09:17
APP03005,STU01429,COL004,Dayananda Sagar College of Engineering,DataNest,ML Engineer,Rejected,,2026-09-03T16:41
APP03006,STU00712,COL002,RV College of Engineering,TechForge,Backend Developer,Screening,,2026-10-03T17:25
APP03007,STU01346,COL005,New Horizon College of Engineering,DataNest,Backend Developer,Interview,,2026-07-20T13:58
APP03008,STU01175,COL005,New Horizon College of Engineering,InfiCore,ML Engineer,Interview,,2026-10-01T13:39
APP03009,STU02398,COL002,RV College of Engineering,Vertex Digital,Software Engineer,Offer,5.5,2026-07-16T13:18
APP03010,STU00302,COL002,RV College of Engineering,Orion Analytics,Frontend Developer,Screening,,2026-08-22T19:36
APP03011,STU00131,COL002,RV College of Engineering,CloudMinds,Business Analyst,Offer,5.8,2026-08-23T12:08
APP03012,STU01327,COL004,Dayananda Sagar College of Engineering,InfiCore,Backend Developer,Rejected,,2026-08-16T15:16
APP03013,STU00606,COL005,New Horizon College of Engineering,Aster Mobility,Data Analyst,Applied,,2026-10-08T15:05
APP03014,STU01999,COL001,BMS Institute of Technology,TechForge,Business Analyst,Applied,,2026-08-12T10:11
APP03015,STU01990,COL001,BMS Institute of Technology,CloudMinds,Frontend Developer,Rejected,,2026-08-19T16:20
APP03016,STU01156,COL005,New Horizon College of Engineering,CloudMinds,Software Engineer,Applied,,2026-07-15T20:06
APP03017,STU01176,COL001,BMS Institute of Technology,Orion Analytics,Business Analyst,Screening,,2026-07-28T10:24
APP03018,STU00349,COL002,RV College of Engineering,DataNest,Backend Developer,Screening,,2026-07-12T13:23
APP03019,STU00003,COL001,BMS Institute of Technology,Vertex Digital,Frontend Developer,Offer,12.8,2026-09-10T19:20
APP03020,STU02024,COL001,BMS Institute of Technology,Orion Analytics,Business Analyst,Interview,,2026-09-05T13:07
APP03021,STU00626,COL001,BMS Institute of Technology,FinEdge Solutions,Software Engineer,Applied,,2026-08-26T15:48
APP03022,STU00059,COL003,PES University,DataNest,Frontend Developer,Applied,,2026-07-23T10:30
APP03023,STU00401,COL005,New Horizon College of Engineering,TechForge,Business Analyst,Applied,,2026-08-26T15:23
APP03024,STU01057,COL001,BMS Institute of Technology,FinEdge Solutions,ML Engineer,Rejected,,2026-08-18T20:40
APP03025,STU00013,COL006,CMR Institute of Technology,CloudMinds,ML Engineer,Screening,,2026-09-25T19:14
APP03026,STU02247,COL004,Dayananda Sagar College of Engineering,BrightWorks,ML Engineer,Offer,8.2,2026-08-22T09:01
APP03027,STU01488,COL005,New Horizon College of Engineering,Nova Systems,Software Engineer,Applied,,2026-08-20T20:55
APP03028,STU01443,COL006,CMR Institute of Technology,InfiCore,Backend Developer,Interview,,2026-07-06T19:08
APP03029,STU01054,COL006,CMR Institute of Technology,PrimeStack,Backend Developer,Interview,,2026-08-20T18:04
APP03030,STU02180,COL006,CMR Institute of Technology,Aster Mobility,Backend Developer,Interview,,2026-08-22T13:07
APP03031,STU01856,COL002,RV College of Engineering,InfiCore,Data Analyst,Screening,,2026-09-16T17:38
APP03032,STU00939,COL003,PES University,Vertex Digital,ML Engineer,Offer,12.7,2026-07-12T14:25
APP03033,STU01104,COL003,PES University,TechForge,Business Analyst,Screening,,2026-08-25T11:22
APP03034,STU00508,COL003,PES University,BrightWorks,Backend Developer,Interview,,2026-08-01T20:13
APP03035,STU02114,COL003,PES University,TechForge,ML Engineer,Applied,,2026-08-12T20:42
APP03036,STU00258,COL001,BMS Institute of Technology,Vertex Digital,Business Analyst,Applied,,2026-08-24T16:37
APP03037,STU02382,COL002,RV College of Engineering,CodeCraft,Backend Developer,Applied,,2026-08-31T10:14
APP03038,STU01040,COL001,BMS Institute of Technology,TechForge,Data Analyst,Rejected,,2026-09-08T15:18
APP03039,STU01222,COL003,PES University,TechForge,Frontend Developer,Offer,7.2,2026-07-17T17:36
APP03040,STU00840,COL002,RV College of Engineering,TechForge,Business Analyst,Screening,,2026-09-13T17:13
APP03041,STU02237,COL004,Dayananda Sagar College of Engineering,PrimeStack,Business Analyst,Screening,,2026-07-21T14:40
APP03042,STU02267,COL005,New Horizon College of Engineering,Orion Analytics,Data Analyst,Rejected,,2026-09-25T20:54
APP03043,STU02277,COL001,BMS Institute of Technology,BrightWorks,Business Analyst,Placed,8.4,2026-08-29T18:37
APP03044,STU00484,COL006,CMR Institute of Technology,Vertex Digital,Frontend Developer,Placed,6.8,2026-07-22T11:54
APP03045,STU00319,COL003,PES University,DataNest,Backend Developer,Screening,,2026-08-12T10:46
APP03046,STU00581,COL003,PES University,BlueOrbit Labs,Backend Developer,Offer,11.8,2026-09-04T15:33
APP03047,STU01286,COL006,CMR Institute of Technology,CodeCraft,Backend Developer,Rejected,,2026-08-24T12:37
APP03048,STU01158,COL003,PES University,BlueOrbit Labs,Frontend Developer,Placed,13.0,2026-09-19T09:14
APP03049,STU01147,COL006,CMR Institute of Technology,QuantEdge,Business Analyst,Interview,,2026-09-12T10:05
APP03050,STU00053,COL004,Dayananda Sagar College of Engineering,TechForge,Data Analyst,Screening,,2026-10-08T14:01
APP03051,STU00125,COL006,CMR Institute of Technology,NextGen Labs,Business Analyst,Rejected,,2026-08-28T09:34
APP03052,STU00204,COL006,CMR Institute of Technology,Vertex Digital,Frontend Developer,Interview,,2026-08-11T11:33
APP03053,STU01482,COL004,Dayananda Sagar College of Engineering,Nova Systems,Business Analyst,Interview,,2026-08-14T17:36
APP03054,STU01473,COL005,New Horizon College of Engineering,NextGen Labs,Business Analyst,Screening,,2026-08-26T11:18
APP03055,STU00375,COL005,New Horizon College of Engineering,Nova Systems,Software Engineer,Rejected,,2026-08-17T12:22
APP03056,STU01245,COL001,BMS Institute of Technology,QuantEdge,ML Engineer,Interview,,2026-08-17T09:17
APP03057,STU01067,COL003,PES University,BrightWorks,Data Analyst,Applied,,2026-08-31T11:51
APP03058,STU01762,COL001,BMS Institute of Technology,Vertex Digital,Business Analyst,Applied,,2026-09-17T20:41
APP03059,STU02234,COL002,RV College of Engineering,Orion Analytics,Backend Developer,Screening,,2026-08-18T15:25
APP03060,STU00757,COL005,New Horizon College of Engineering,Nova Systems,Software Engineer,Interview,,2026-08-25T17:49
APP03061,STU00132,COL003,PES University,PrimeStack,Data Analyst,Interview,,2026-08-27T16:45
APP03062,STU01675,COL005,New Horizon College of Engineering,TechForge,Backend Developer,Rejected,,2026-07-23T11:06
APP03063,STU00842,COL003,PES University,DataNest,Software Engineer,Interview,,2026-08-07T16:55
APP03064,STU01681,COL005,New Horizon College of Engineering,Orion Analytics,Backend Developer,Applied,,2026-08-18T11:40
APP03065,STU00725,COL003,PES University,Orion Analytics,Frontend Developer,Screening,,2026-08-05T12:23
APP03066,STU00951,COL004,Dayananda Sagar College of Engineering,PrimeStack,Business Analyst,Screening,,2026-09-13T20:11
APP03067,STU00004,COL003,PES University,Nova Systems,Data Analyst,Applied,,2026-08-26T11:42
APP03068,STU00560,COL003,PES University,Orion Analytics,Frontend Developer,Placed,15.5,2026-07-23T20:46
APP03069,STU00713,COL006,CMR Institute of Technology,FinEdge Solutions,Data Analyst,Rejected,,2026-09-02T15:15
APP03070,STU00358,COL005,New Horizon College of Engineering,QuantEdge,Backend Developer,Offer,13.6,2026-09-05T14:34
APP03071,STU00009,COL005,New Horizon College of Engineering,Aster Mobility,Frontend Developer,Offer,13.5,2026-07-13T16:04
APP03072,STU01737,COL001,BMS Institute of Technology,CloudMinds,Frontend Developer,Interview,,2026-09-06T11:39
APP03073,STU00910,COL003,PES University,Aster Mobility,Frontend Developer,Offer,13.3,2026-08-29T20:22
APP03074,STU01938,COL005,New Horizon College of Engineering,Aster Mobility,Business Analyst,Rejected,,2026-08-18T17:06
APP03075,STU00102,COL006,CMR Institute of Technology,BrightWorks,ML Engineer,Interview,,2026-08-15T18:33
APP03076,STU00115,COL002,RV College of Engineering,Aster Mobility,Software Engineer,Screening,,2026-07-30T16:32
APP03077,STU01077,COL003,PES University,CloudMinds,Software Engineer,Screening,,2026-09-05T10:26
APP03078,STU01368,COL001,BMS Institute of Technology,InfiCore,Data Analyst,Screening,,2026-09-14T11:00
APP03079,STU02247,COL004,Dayananda Sagar College of Engineering,Nova Systems,Backend Developer,Offer,8.6,2026-08-29T09:01
APP03080,STU01009,COL004,Dayananda Sagar College of Engineering,PrimeStack,Frontend Developer,Applied,,2026-08-07T15:12
APP03081,STU01056,COL002,RV College of Engineering,BrightWorks,ML Engineer,Applied,,2026-08-25T10:46
APP03082,STU01990,COL001,BMS Institute of Technology,InfiCore,Data Analyst,Interview,,2026-08-03T16:20
APP03083,STU01969,COL001,BMS Institute of Technology,BlueOrbit Labs,Business Analyst,Screening,,2026-09-20T15:01
APP03084,STU01352,COL003,PES University,CodeCraft,Business Analyst,Offer,13.7,2026-08-13T19:49
APP03085,STU00621,COL001,BMS Institute of Technology,QuantEdge,Software Engineer,Screening,,2026-07-28T18:57
APP03086,STU01140,COL003,PES University,Aster Mobility,Software Engineer,Offer,13.5,2026-08-10T18:03
APP03087,STU01646,COL005,New Horizon College of Engineering,DataNest,Business Analyst,Screening,,2026-08-16T20:38
APP03088,STU01134,COL006,CMR Institute of Technology,FinEdge Solutions,ML Engineer,Interview,,2026-09-07T13:02
APP03089,STU01438,COL005,New Horizon College of Engineering,BrightWorks,Software Engineer,Applied,,2026-08-14T10:28
APP03090,STU00592,COL004,Dayananda Sagar College of Engineering,InfiCore,Data Analyst,Screening,,2026-09-17T15:21
APP03091,STU02028,COL003,PES University,FinEdge Solutions,Data Analyst,Screening,,2026-09-13T10:31
APP03092,STU00766,COL001,BMS Institute of Technology,TechForge,Software Engineer,Applied,,2026-08-03T10:14
APP03093,STU01983,COL006,CMR Institute of Technology,NextGen Labs,Data Analyst,Screening,,2026-08-25T15:10
APP03094,STU02382,COL002,RV College of Engineering,TechForge,Backend Developer,Applied,,2026-08-16T10:14
APP03095,STU01401,COL002,RV College of Engineering,BlueOrbit Labs,Business Analyst,Screening,,2026-09-11T17:00
APP03096,STU02312,COL005,New Horizon College of Engineering,InfiCore,Frontend Developer,Screening,,2026-09-12T09:46
APP03097,STU00509,COL005,New Horizon College of Engineering,BlueOrbit Labs,Backend Developer,Rejected,,2026-08-23T11:44
APP03098,STU01513,COL002,RV College of Engineering,InfiCore,Frontend Developer,Offer,5.7,2026-07-10T19:11
APP03099,STU00904,COL006,CMR Institute of Technology,CloudMinds,Frontend Developer,Interview,,2026-09-07T14:55
APP03100,STU01853,COL002,RV College of Engineering,DataNest,Business Analyst,Offer,12.5,2026-07-26T09:14
APP03101,STU00231,COL006,CMR Institute of Technology,CodeCraft,Backend Developer,Rejected,,2026-07-24T10:49
APP03102,STU00419,COL001,BMS Institute of Technology,BlueOrbit Labs,Software Engineer,Applied,,2026-08-05T11:04
APP03103,STU01158,COL003,PES University,PrimeStack,Data Analyst,Applied,,2026-08-20T09:14
APP03104,STU00807,COL005,New Horizon College of Engineering,FinEdge Solutions,Backend Developer,Applied,,2026-07-15T10:51
APP03105,STU00363,COL006,CMR Institute of Technology,TechForge,Data Analyst,Interview,,2026-09-07T11:48
APP03106,STU00165,COL001,BMS Institute of Technology,Vertex Digital,Business Analyst,Offer,4.7,2026-08-21T19:17
APP03107,STU00982,COL003,PES University,BlueOrbit Labs,ML Engineer,Applied,,2026-08-25T17:32
APP03108,STU02317,COL003,PES University,TechForge,Data Analyst,Applied,,2026-09-24T17:57
APP03109,STU00401,COL005,New Horizon College of Engineering,TechForge,Backend Developer,Rejected,,2026-08-16T15:23
APP03110,STU00835,COL001,BMS Institute of Technology,Nova Systems,Frontend Developer,Offer,9.8,2026-08-14T19:54
APP03111,STU01020,COL005,New Horizon College of Engineering,Aster Mobility,Software Engineer,Offer,13.8,2026-08-22T15:15
APP03112,STU00810,COL001,BMS Institute of Technology,Nova Systems,Software Engineer,Applied,,2026-08-21T12:37
APP03113,STU00398,COL006,CMR Institute of Technology,NextGen Labs,Software Engineer,Interview,,2026-09-09T14:45
APP03114,STU00609,COL006,CMR Institute of Technology,Nova Systems,Software Engineer,Offer,13.6,2026-09-13T11:43
APP03115,STU00112,COL006,CMR Institute of Technology,Aster Mobility,Software Engineer,Screening,,2026-08-01T18:06
APP03116,STU01982,COL001,BMS Institute of Technology,FinEdge Solutions,Business Analyst,Screening,,2026-07-24T14:23
APP03117,STU02179,COL005,New Horizon College of Engineering,InfiCore,Backend Developer,Interview,,2026-07-29T16:23
APP03118,STU01595,COL004,Dayananda Sagar College of Engineering,CodeCraft,Business Analyst,Interview,,2026-07-20T18:11
APP03119,STU01564,COL003,PES University,FinEdge Solutions,ML Engineer,Applied,,2026-09-07T19:12
APP03120,STU01499,COL004,Dayananda Sagar College of Engineering,Aster Mobility,Business Analyst,Interview,,2026-08-26T12:02
APP03121,STU01221,COL001,BMS Institute of Technology,Orion Analytics,Software Engineer,Interview,,2026-08-23T15:54
APP03122,STU01448,COL001,BMS Institute of Technology,Orion Analytics,Backend Developer,Interview,,2026-08-31T10:17
APP03123,STU01793,COL001,BMS Institute of Technology,TechForge,Business Analyst,Screening,,2026-08-22T11:34
APP03124,STU01275,COL001,BMS Institute of Technology,FinEdge Solutions,ML Engineer,Screening,,2026-08-03T15:57
APP03125,STU00341,COL003,PES University,NextGen Labs,Frontend Developer,Rejected,,2026-08-31T18:54
APP03126,STU00453,COL006,CMR Institute of Technology,NextGen Labs,Backend Developer,Rejected,,2026-10-01T17:01
APP03127,STU00093,COL004,Dayananda Sagar College of Engineering,FinEdge Solutions,Business Analyst,Offer,12.4,2026-08-31T20:34
APP03128,STU01342,COL005,New Horizon College of Engineering,NextGen Labs,Data Analyst,Applied,,2026-07-29T18:06
APP03129,STU02375,COL006,CMR Institute of Technology,InfiCore,Business Analyst,Interview,,2026-07-30T09:39
APP03130,STU01285,COL002,RV College of Engineering,BlueOrbit Labs,ML Engineer,Placed,12.5,2026-08-03T10:15
APP03131,STU01673,COL004,Dayananda Sagar College of Engineering,QuantEdge,ML Engineer,Interview,,2026-10-02T10:55
APP03132,STU00342,COL006,CMR Institute of Technology,CodeCraft,Business Analyst,Interview,,2026-08-16T20:37
APP03133,STU01597,COL001,BMS Institute of Technology,Orion Analytics,Backend Developer,Offer,6.7,2026-08-12T17:48
APP03134,STU02164,COL002,RV College of Engineering,Vertex Digital,Data Analyst,Interview,,2026-08-06T12:45
APP03135,STU00427,COL003,PES University,InfiCore,Data Analyst,Rejected,,2026-09-15T19:03
APP03136,STU02320,COL005,New Horizon College of Engineering,NextGen Labs,Business Analyst,Screening,,2026-08-12T14:10
APP03137,STU02238,COL002,RV College of Engineering,Vertex Digital,Frontend Developer,Screening,,2026-09-08T14:59
APP03138,STU01110,COL001,BMS Institute of Technology,BlueOrbit Labs,ML Engineer,Rejected,,2026-09-22T14:17
APP03139,STU01207,COL001,BMS Institute of Technology,BrightWorks,Data Analyst,Placed,8.1,2026-08-09T15:05
APP03140,STU00711,COL005,New Horizon College of Engineering,CloudMinds,ML Engineer,Applied,,2026-08-05T11:33
APP03141,STU02275,COL004,Dayananda Sagar College of Engineering,Aster Mobility,Software Engineer,Interview,,2026-09-22T11:37
APP03142,STU00916,COL006,CMR Institute of Technology,QuantEdge,Frontend Developer,Screening,,2026-09-16T12:28
APP03143,STU01577,COL002,RV College of Engineering,CloudMinds,Data Analyst,Rejected,,2026-09-08T18:55
APP03144,STU02283,COL002,RV College of Engineering,TechForge,Software Engineer,Screening,,2026-08-16T14:04
APP03145,STU00316,COL003,PES University,BlueOrbit Labs,Backend Developer,Interview,,2026-08-22T19:35
APP03146,STU01039,COL004,Dayananda Sagar College of Engineering,Orion Analytics,Software Engineer,Interview,,2026-07-19T12:13
APP03147,STU01244,COL003,PES University,BrightWorks,Frontend Developer,Interview,,2026-08-26T14:38
APP03148,STU01651,COL005,New Horizon College of Engineering,CodeCraft,Business Analyst,Screening,,2026-08-03T10:23
APP03149,STU00692,COL001,BMS Institute of Technology,Aster Mobility,Data Analyst,Screening,,2026-09-04T16:53
APP03150,STU01169,COL005,New Horizon College of Engineering,PrimeStack,Business Analyst,Applied,,2026-09-07T17:59
APP03151,STU02187,COL005,New Horizon College of Engineering,TechForge,ML Engineer,Applied,,2026-09-02T12:19
APP03152,STU01355,COL005,New Horizon College of Engineering,TechForge,Data Analyst,Rejected,,2026-08-13T11:27
APP03153,STU01740,COL005,New Horizon College of Engineering,FinEdge Solutions,Backend Developer,Applied,,2026-09-13T18:02
APP03154,STU00714,COL004,Dayananda Sagar College of Engineering,Vertex Digital,Frontend Developer,Offer,13.2,2026-07-26T16:54
APP03155,STU00582,COL002,RV College of Engineering,InfiCore,Business Analyst,Screening,,2026-07-31T14:45
APP03156,STU01822,COL002,RV College of Engineering,DataNest,Frontend Developer,Applied,,2026-10-04T14:00
APP03157,STU01189,COL003,PES University,BrightWorks,Data Analyst,Interview,,2026-08-11T10:18
APP03158,STU00290,COL005,New Horizon College of Engineering,NextGen Labs,Business Analyst,Screening,,2026-09-01T10:42
APP03159,STU01135,COL002,RV College of Engineering,TechForge,Business Analyst,Screening,,2026-08-14T13:31
APP03160,STU00418,COL002,RV College of Engineering,NextGen Labs,Software Engineer,Placed,15.2,2026-07-31T18:06
APP03161,STU01184,COL001,BMS Institute of Technology,Nova Systems,Business Analyst,Screening,,2026-08-25T10:18
APP03162,STU00475,COL001,BMS Institute of Technology,DataNest,Software Engineer,Screening,,2026-08-11T12:00
APP03163,STU01782,COL006,CMR Institute of Technology,FinEdge Solutions,Backend Developer,Screening,,2026-08-07T20:20
APP03164,STU00838,COL006,CMR Institute of Technology,Vertex Digital,Business Analyst,Offer,6.0,2026-09-08T09:38
APP03165,STU01555,COL004,Dayananda Sagar College of Engineering,Aster Mobility,Backend Developer,Interview,,2026-08-18T12:41
APP03166,STU01853,COL002,RV College of Engineering,FinEdge Solutions,Data Analyst,Applied,,2026-07-23T09:14
APP03167,STU01136,COL001,BMS Institute of Technology,FinEdge Solutions,Business Analyst,Offer,12.6,2026-09-26T10:47
APP03168,STU00009,COL005,New Horizon College of Engineering,QuantEdge,Frontend Developer,Interview,,2026-07-27T16:04
APP03169,STU00201,COL005,New Horizon College of Engineering,BrightWorks,Frontend Developer,Applied,,2026-08-31T11:54
APP03170,STU00987,COL001,BMS Institute of Technology,InfiCore,ML Engineer,Rejected,,2026-07-21T12:50
APP03171,STU01441,COL006,CMR Institute of Technology,FinEdge Solutions,Software Engineer,Placed,14.8,2026-08-25T20:59
APP03172,STU02380,COL003,PES University,Orion Analytics,Business Analyst,Interview,,2026-09-19T15:42
APP03173,STU01877,COL006,CMR Institute of Technology,BrightWorks,ML Engineer,Screening,,2026-07-19T12:03
APP03174,STU01297,COL005,New Horizon College of Engineering,QuantEdge,Backend Developer,Interview,,2026-08-10T18:02
APP03175,STU01127,COL002,RV College of Engineering,CodeCraft,ML Engineer,Interview,,2026-08-30T16:38
APP03176,STU00750,COL001,BMS Institute of Technology,PrimeStack,ML Engineer,Applied,,2026-08-29T16:58
APP03177,STU01596,COL001,BMS Institute of Technology,CodeCraft,Data Analyst,Interview,,2026-08-06T15:01
APP03178,STU00848,COL006,CMR Institute of Technology,CodeCraft,Software Engineer,Rejected,,2026-09-19T13:30
APP03179,STU01443,COL006,CMR Institute of Technology,InfiCore,Frontend Developer,Interview,,2026-08-03T19:08
APP03180,STU00916,COL006,CMR Institute of Technology,PrimeStack,Data Analyst,Rejected,,2026-09-02T12:28
APP03181,STU01644,COL003,PES University,InfiCore,ML Engineer,Applied,,2026-09-20T17:51
APP03182,STU02086,COL006,CMR Institute of Technology,Aster Mobility,Business Analyst,Rejected,,2026-08-11T16:53
APP03183,STU01008,COL002,RV College of Engineering,InfiCore,Software Engineer,Offer,9.0,2026-08-10T12:00
APP03184,STU01675,COL005,New Horizon College of Engineering,NextGen Labs,ML Engineer,Interview,,2026-07-19T11:06
APP03185,STU01644,COL003,PES University,Orion Analytics,ML Engineer,Offer,7.7,2026-08-21T17:51
APP03186,STU01715,COL006,CMR Institute of Technology,QuantEdge,ML Engineer,Screening,,2026-08-31T15:32
APP03187,STU00361,COL005,New Horizon College of Engineering,TechForge,ML Engineer,Placed,10.7,2026-08-30T15:35
APP03188,STU01085,COL006,CMR Institute of Technology,PrimeStack,Business Analyst,Offer,8.7,2026-09-06T15:39
APP03189,STU00139,COL006,CMR Institute of Technology,NextGen Labs,Software Engineer,Offer,6.0,2026-08-28T09:37
APP03190,STU01384,COL004,Dayananda Sagar College of Engineering,FinEdge Solutions,Backend Developer,Offer,7.0,2026-08-04T14:08
APP03191,STU02014,COL003,PES University,InfiCore,Business Analyst,Interview,,2026-08-05T17:52
APP03192,STU02039,COL002,RV College of Engineering,PrimeStack,Software Engineer,Rejected,,2026-08-14T19:52
APP03193,STU02115,COL003,PES University,NextGen Labs,Business Analyst,Placed,9.5,2026-08-13T14:05
APP03194,STU01186,COL006,CMR Institute of Technology,CodeCraft,Software Engineer,Rejected,,2026-07-14T12:06
APP03195,STU01638,COL002,RV College of Engineering,FinEdge Solutions,Business Analyst,Offer,4.3,2026-09-03T12:37
APP03196,STU01195,COL005,New Horizon College of Engineering,Nova Systems,Software Engineer,Offer,9.2,2026-08-18T18:57
APP03197,STU01136,COL001,BMS Institute of Technology,BlueOrbit Labs,ML Engineer,Interview,,2026-08-23T10:47
APP03198,STU01770,COL005,New Horizon College of Engineering,Nova Systems,Backend Developer,Applied,,2026-09-13T13:53
APP03199,STU00958,COL002,RV College of Engineering,BlueOrbit Labs,Backend Developer,Applied,,2026-07-28T10:11
APP03200,STU02363,COL002,RV College of Engineering,Vertex Digital,Backend Developer,Screening,,2026-09-12T10:39
