event_id,event_name,event_timestamp,company_id,search_id,session_id,search_category,location,platform,source,event_version,result_view_id,result_count,listing_id,position,contact_id,contact_channel,engagement_id,engagement_type,match_id,match_type,outcome_id,outcome_type,outcome_status
E000008,search_performed,2026-08-01 09:35:00,C035,SEARCH_00003,SESSION_00003,Data Analyst,Pune,mobile,referral,1.0,,,,,,,,,,,,,
E000009,search_result_viewed,2026-08-01 09:35:27,C035,SEARCH_00003,SESSION_00003,Data Analyst,Pune,web,referral,1.0,RESULT_00003,6.0,,,,,,,,,,,
E000034,search_performed,2026-08-01 09:42:00,C027,SEARCH_00012,SESSION_00012,Software Developer,Bengaluru,mobile,referral,1.0,,,,,,,,,,,,,
E000035,search_result_viewed,2026-08-01 09:44:09,C027,SEARCH_00012,SESSION_00012,Software Developer,Bengaluru,web,organic,1.0,RESULT_00012,28.0,,,,,,,,,,,
E000036,listing_viewed,2026-08-01 09:47:25,C027,SEARCH_00012,SESSION_00012,Software Developer,Bengaluru,web,direct,1.0,,,LISTING_00008,6.0,,,,,,,,,
E000037,company_contact_started,2026-08-01 10:22:25,C027,SEARCH_00012,SESSION_00012,Software Developer,Bengaluru,web,campaign,1.0,,,LISTING_00008,,CONTACT_00004,email,,,,,,,
E000018,search_performed,2026-08-01 10:32:00,C026,SEARCH_00006,SESSION_00006,Business Analyst,Hyderabad,mobile,organic,1.0,,,,,,,,,,,,,
E000019,search_result_viewed,2026-08-01 10:32:38,C026,SEARCH_00006,SESSION_00006,Business Analyst,Hyderabad,web,campaign,1.0,RESULT_00006,9.0,,,,,,,,,,,
E000020,listing_viewed,2026-08-01 10:34:26,C026,SEARCH_00006,SESSION_00006,Business Analyst,Hyderabad,mobile,referral,1.0,,,LISTING_00005,7.0,,,,,,,,,
E000027,search_performed,2026-08-01 10:42:00,C005,SEARCH_00009,SESSION_00009,Digital Marketer,Hyderabad,mobile,direct,1.0,,,,,,,,,,,,,
E000028,search_result_viewed,2026-08-01 10:44:45,C005,SEARCH_00009,SESSION_00009,Digital Marketer,Hyderabad,web,direct,1.0,RESULT_00009,18.0,,,,,,,,,,,
E000040,search_performed,2026-08-01 11:10:00,C035,SEARCH_00013,SESSION_00013,Data Analyst,Bengaluru,mobile,campaign,1.0,,,,,,,,,,,,,
E000041,search_result_viewed,2026-08-01 11:11:52,C035,SEARCH_00013,SESSION_00013,Data Analyst,Bengaluru,web,campaign,1.0,RESULT_00013,6.0,,,,,,,,,,,
E000042,listing_viewed,2026-08-01 11:13:41,C035,SEARCH_00013,SESSION_00013,Data Analyst,Bengaluru,mobile,referral,1.0,,,LISTING_00009,5.0,,,,,,,,,
E000001,search_performed,2026-08-01 11:14:00,C008,SEARCH_00001,SESSION_00001,Data Analyst,Mumbai,web,organic,1.0,,,,,,,,,,,,,
E000002,search_result_viewed,2026-08-01 11:16:29,C008,SEARCH_00001,SESSION_00001,Data Analyst,Mumbai,mobile,organic,1.0,RESULT_00001,7.0,,,,,,,,,,,
E000032,search_performed,2026-08-01 11:17:00,C022,SEARCH_00011,SESSION_00011,Data Analyst,Chennai,mobile,direct,1.0,,,,,,,,,,,,,
E000003,listing_viewed,2026-08-01 11:17:34,C008,SEARCH_00001,SESSION_00001,Data Analyst,Mumbai,web,direct,1.0,,,LISTING_00001,4.0,,,,,,,,,
E000033,search_result_viewed,2026-08-01 11:19:36,C022,SEARCH_00011,SESSION_00011,Data Analyst,Chennai,mobile,direct,1.0,RESULT_00011,23.0,,,,,,,,,,,
E000043,company_contact_started,2026-08-01 12:00:41,C035,SEARCH_00013,SESSION_00013,Data Analyst,Bengaluru,mobile,direct,1.0,,,LISTING_00009,,CONTACT_00005,phone,,,,,,,
E000010,search_performed,2026-08-01 12:29:00,C015,SEARCH_00004,SESSION_00004,Data Analyst,Pune,mobile,direct,1.0,,,,,,,,,,,,,
E000011,search_result_viewed,2026-08-01 12:30:03,C015,SEARCH_00004,SESSION_00004,Data Analyst,Pune,mobile,organic,1.0,RESULT_00004,26.0,,,,,,,,,,,
E000012,listing_viewed,2026-08-01 12:30:56,C015,SEARCH_00004,SESSION_00004,Data Analyst,Pune,web,direct,1.0,,,LISTING_00003,9.0,,,,,,,,,
E000021,search_performed,2026-08-01 12:49:00,C001,SEARCH_00007,SESSION_00007,Data Analyst,Chennai,mobile,organic,1.0,,,,,,,,,,,,,
E000022,search_result_viewed,2026-08-01 12:49:50,C001,SEARCH_00007,SESSION_00007,Data Analyst,Chennai,web,referral,1.0,RESULT_00007,19.0,,,,,,,,,,,
E000045,search_performed,2026-08-01 15:32:00,C004,SEARCH_00014,SESSION_00014,Data Analyst,Chennai,web,organic,1.0,,,,,,,,,,,,,
E000004,search_performed,2026-08-01 15:37:00,C035,SEARCH_00002,SESSION_00002,UI/UX Designer,Hyderabad,mobile,organic,1.0,,,,,,,,,,,,,
E000005,search_result_viewed,2026-08-01 15:37:50,C035,SEARCH_00002,SESSION_00002,UI/UX Designer,Hyderabad,mobile,referral,1.0,RESULT_00002,27.0,,,,,,,,,,,
E000006,listing_viewed,2026-08-01 15:38:55,C035,SEARCH_00002,SESSION_00002,UI/UX Designer,Hyderabad,web,organic,1.0,,,LISTING_00002,6.0,,,,,,,,,
E000007,company_contact_started,2026-08-01 16:01:55,C035,SEARCH_00002,SESSION_00002,UI/UX Designer,Hyderabad,mobile,organic,1.0,,,LISTING_00002,,CONTACT_00001,email,,,,,,,
E000029,search_performed,2026-08-01 16:28:00,C026,SEARCH_00010,SESSION_00010,Business Analyst,Pune,web,direct,1.0,,,,,,,,,,,,,
E000030,search_result_viewed,2026-08-01 16:29:36,C026,SEARCH_00010,SESSION_00010,Business Analyst,Pune,web,direct,1.0,RESULT_00010,5.0,,,,,,,,,,,
E000031,listing_viewed,2026-08-01 16:32:47,C026,SEARCH_00010,SESSION_00010,Business Analyst,Pune,web,organic,1.0,,,LISTING_00007,1.0,,,,,,,,,
E000023,search_performed,2026-08-01 18:19:00,C012,SEARCH_00008,SESSION_00008,Digital Marketer,Bengaluru,web,direct,1.0,,,,,,,,,,,,,
E000024,search_result_viewed,2026-08-01 18:19:51,C012,SEARCH_00008,SESSION_00008,Digital Marketer,Bengaluru,web,referral,1.0,RESULT_00008,22.0,,,,,,,,,,,
E000013,search_performed,2026-08-01 18:20:00,C018,SEARCH_00005,SESSION_00005,Digital Marketer,Hyderabad,web,direct,1.0,,,,,,,,,,,,,
E000025,listing_viewed,2026-08-01 18:20:29,C012,SEARCH_00008,SESSION_00008,Digital Marketer,Bengaluru,mobile,direct,1.0,,,LISTING_00006,6.0,,,,,,,,,
E000014,search_result_viewed,2026-08-01 18:21:30,C018,SEARCH_00005,SESSION_00005,Digital Marketer,Hyderabad,mobile,organic,1.0,RESULT_00005,17.0,,,,,,,,,,,
E000015,listing_viewed,2026-08-01 18:24:05,C018,SEARCH_00005,SESSION_00005,Digital Marketer,Hyderabad,web,campaign,1.0,,,LISTING_00004,6.0,,,,,,,,,
E000044,engagement_started,2026-08-01 19:00:41,C035,SEARCH_00013,SESSION_00013,Data Analyst,Bengaluru,web,organic,1.0,,,LISTING_00009,,,,ENGAGE_00003,application,,,,,
E000026,company_contact_started,2026-08-01 19:17:29,C012,SEARCH_00008,SESSION_00008,Digital Marketer,Bengaluru,web,organic,1.0,,,LISTING_00006,,CONTACT_00003,phone,,,,,,,
E000016,company_contact_started,2026-08-01 19:23:05,C018,SEARCH_00005,SESSION_00005,Digital Marketer,Hyderabad,mobile,direct,1.0,,,LISTING_00004,,CONTACT_00002,phone,,,,,,,
E000038,engagement_started,2026-08-02 01:22:25,C027,SEARCH_00012,SESSION_00012,Software Developer,Bengaluru,web,organic,1.0,,,LISTING_00008,,,,ENGAGE_00002,application,,,,,
E000017,engagement_started,2026-08-02 03:23:05,C018,SEARCH_00005,SESSION_00005,Digital Marketer,Hyderabad,mobile,campaign,1.0,,,LISTING_00004,,,,ENGAGE_00001,application,,,,,
E000046,search_performed,2026-08-02 09:43:00,C012,SEARCH_00015,SESSION_00015,Data Analyst,Chennai,web,campaign,1.0,,,,,,,,,,,,,
E000047,search_result_viewed,2026-08-02 09:45:35,C012,SEARCH_00015,SESSION_00015,Data Analyst,Chennai,web,organic,1.0,RESULT_00015,12.0,,,,,,,,,,,
E000048,listing_viewed,2026-08-02 09:48:14,C012,SEARCH_00015,SESSION_00015,Data Analyst,Chennai,mobile,referral,1.0,,,LISTING_00010,10.0,,,,,,,,,
E000069,search_performed,2026-08-02 09:49:00,C026,SEARCH_00021,SESSION_00021,Business Analyst,Mumbai,mobile,referral,1.0,,,,,,,,,,,,,
E000070,search_result_viewed,2026-08-02 09:50:52,C026,SEARCH_00021,SESSION_00021,Business Analyst,Mumbai,mobile,organic,1.0,RESULT_00021,26.0,,,,,,,,,,,
E000071,listing_viewed,2026-08-02 09:52:08,C026,SEARCH_00021,SESSION_00021,Business Analyst,Mumbai,mobile,organic,1.0,,,LISTING_00014,3.0,,,,,,,,,
E000072,company_contact_started,2026-08-02 10:20:08,C026,SEARCH_00021,SESSION_00021,Business Analyst,Mumbai,mobile,campaign,1.0,,,LISTING_00014,,CONTACT_00009,email,,,,,,,
E000049,company_contact_started,2026-08-02 10:34:14,C012,SEARCH_00015,SESSION_00015,Data Analyst,Chennai,web,referral,1.0,,,LISTING_00010,,CONTACT_00006,email,,,,,,,
E000066,search_performed,2026-08-02 12:10:00,C022,SEARCH_00020,SESSION_00020,UI/UX Designer,Hyderabad,web,campaign,1.0,,,,,,,,,,,,,
E000067,search_result_viewed,2026-08-02 12:12:10,C022,SEARCH_00020,SESSION_00020,UI/UX Designer,Hyderabad,web,campaign,1.0,RESULT_00020,12.0,,,,,,,,,,,
E000068,listing_viewed,2026-08-02 12:15:50,C022,SEARCH_00020,SESSION_00020,UI/UX Designer,Hyderabad,web,organic,1.0,,,LISTING_00013,4.0,,,,,,,,,
E000058,search_performed,2026-08-02 12:57:00,C017,SEARCH_00017,SESSION_00017,Digital Marketer,Pune,web,organic,1.0,,,,,,,,,,,,,
E000059,search_result_viewed,2026-08-02 12:58:20,C017,SEARCH_00017,SESSION_00017,Digital Marketer,Pune,web,referral,1.0,RESULT_00017,6.0,,,,,,,,,,,
E000053,search_performed,2026-08-02 13:56:00,C033,SEARCH_00016,SESSION_00016,Business Analyst,Hyderabad,web,direct,1.0,,,,,,,,,,,,,
E000054,search_result_viewed,2026-08-02 13:56:50,C033,SEARCH_00016,SESSION_00016,Business Analyst,Hyderabad,mobile,organic,1.0,RESULT_00016,19.0,,,,,,,,,,,
E000055,listing_viewed,2026-08-02 13:59:21,C033,SEARCH_00016,SESSION_00016,Business Analyst,Hyderabad,web,direct,1.0,,,LISTING_00011,5.0,,,,,,,,,
E000064,search_performed,2026-08-02 14:39:00,C007,SEARCH_00019,SESSION_00019,Business Analyst,Chennai,web,direct,1.0,,,,,,,,,,,,,
E000065,search_result_viewed,2026-08-02 14:39:55,C007,SEARCH_00019,SESSION_00019,Business Analyst,Chennai,web,direct,1.0,RESULT_00019,18.0,,,,,,,,,,,
E000056,company_contact_started,2026-08-02 14:56:21,C033,SEARCH_00016,SESSION_00016,Business Analyst,Hyderabad,web,referral,1.0,,,LISTING_00011,,CONTACT_00007,message,,,,,,,
E000060,search_performed,2026-08-02 16:45:00,C017,SEARCH_00018,SESSION_00018,Software Developer,Pune,mobile,organic,1.0,,,,,,,,,,,,,
E000061,search_result_viewed,2026-08-02 16:45:48,C017,SEARCH_00018,SESSION_00018,Software Developer,Pune,web,referral,1.0,RESULT_00018,22.0,,,,,,,,,,,
E000062,listing_viewed,2026-08-02 16:46:35,C017,SEARCH_00018,SESSION_00018,Software Developer,Pune,web,organic,1.0,,,LISTING_00012,7.0,,,,,,,,,
E000073,search_performed,2026-08-02 17:12:00,C033,SEARCH_00022,SESSION_00022,Data Analyst,Pune,mobile,organic,1.0,,,,,,,,,,,,,
E000074,search_result_viewed,2026-08-02 17:12:10,C033,SEARCH_00022,SESSION_00022,Data Analyst,Pune,web,referral,1.0,RESULT_00022,21.0,,,,,,,,,,,
E000075,listing_viewed,2026-08-02 17:15:10,C033,SEARCH_00022,SESSION_00022,Data Analyst,Pune,mobile,organic,1.0,,,LISTING_00015,6.0,,,,,,,,,
E000063,company_contact_started,2026-08-02 17:44:35,C017,SEARCH_00018,SESSION_00018,Software Developer,Pune,mobile,direct,1.0,,,LISTING_00012,,CONTACT_00008,message,,,,,,,
E000076,search_performed,2026-08-02 18:26:00,C020,SEARCH_00023,SESSION_00023,Digital Marketer,Mumbai,mobile,campaign,1.0,,,,,,,,,,,,,
E000077,search_result_viewed,2026-08-02 18:28:31,C020,SEARCH_00023,SESSION_00023,Digital Marketer,Mumbai,web,campaign,1.0,RESULT_00023,9.0,,,,,,,,,,,
E000078,listing_viewed,2026-08-02 18:30:18,C020,SEARCH_00023,SESSION_00023,Digital Marketer,Mumbai,mobile,campaign,1.0,,,LISTING_00016,3.0,,,,,,,,,
E000057,engagement_started,2026-08-02 21:56:21,C033,SEARCH_00016,SESSION_00016,Business Analyst,Hyderabad,mobile,direct,1.0,,,LISTING_00011,,,,ENGAGE_00005,application,,,,,
E000050,engagement_started,2026-08-03 08:34:14,C012,SEARCH_00015,SESSION_00015,Data Analyst,Chennai,mobile,campaign,1.0,,,LISTING_00010,,,,ENGAGE_00004,application,,,,,
E000085,search_performed,2026-08-03 09:49:00,C016,SEARCH_00026,SESSION_00026,Software Developer,Bengaluru,mobile,direct,1.0,,,,,,,,,,,,,
E000107,search_performed,2026-08-03 09:49:00,C011,SEARCH_00033,SESSION_00033,Digital Marketer,Chennai,web,referral,1.0,,,,,,,,,,,,,
E000108,search_result_viewed,2026-08-03 09:49:16,C011,SEARCH_00033,SESSION_00033,Digital Marketer,Chennai,mobile,campaign,1.0,RESULT_00033,14.0,,,,,,,,,,,
E000086,search_result_viewed,2026-08-03 09:51:22,C016,SEARCH_00026,SESSION_00026,Software Developer,Bengaluru,web,direct,1.0,RESULT_00026,19.0,,,,,,,,,,,
E000105,search_performed,2026-08-03 10:15:00,C013,SEARCH_00032,SESSION_00032,Data Analyst,Chennai,web,campaign,1.0,,,,,,,,,,,,,
E000106,search_result_viewed,2026-08-03 10:17:34,C013,SEARCH_00032,SESSION_00032,Data Analyst,Chennai,mobile,referral,1.0,RESULT_00032,11.0,,,,,,,,,,,
E000113,search_performed,2026-08-03 10:46:00,C030,SEARCH_00035,SESSION_00035,Software Developer,Pune,mobile,campaign,1.0,,,,,,,,,,,,,
E000114,search_result_viewed,2026-08-03 10:48:41,C030,SEARCH_00035,SESSION_00035,Software Developer,Pune,mobile,direct,1.0,RESULT_00035,13.0,,,,,,,,,,,
E000082,search_performed,2026-08-03 11:09:00,C016,SEARCH_00025,SESSION_00025,Business Analyst,Hyderabad,web,organic,1.0,,,,,,,,,,,,,
E000083,search_result_viewed,2026-08-03 11:11:11,C016,SEARCH_00025,SESSION_00025,Business Analyst,Hyderabad,web,campaign,1.0,RESULT_00025,24.0,,,,,,,,,,,
E000084,listing_viewed,2026-08-03 11:14:02,C016,SEARCH_00025,SESSION_00025,Business Analyst,Hyderabad,web,campaign,1.0,,,LISTING_00018,10.0,,,,,,,,,
E000115,search_performed,2026-08-03 11:48:00,C006,SEARCH_00036,SESSION_00036,Business Analyst,Pune,mobile,campaign,1.0,,,,,,,,,,,,,
E000116,search_result_viewed,2026-08-03 11:50:16,C006,SEARCH_00036,SESSION_00036,Business Analyst,Pune,web,campaign,1.0,RESULT_00036,15.0,,,,,,,,,,,
E000089,search_performed,2026-08-03 11:53:00,C031,SEARCH_00028,SESSION_00028,UI/UX Designer,Mumbai,mobile,campaign,1.0,,,,,,,,,,,,,
E000117,listing_viewed,2026-08-03 11:53:50,C006,SEARCH_00036,SESSION_00036,Business Analyst,Pune,mobile,referral,1.0,,,LISTING_00023,5.0,,,,,,,,,
E000090,search_result_viewed,2026-08-03 11:54:20,C031,SEARCH_00028,SESSION_00028,UI/UX Designer,Mumbai,web,referral,1.0,RESULT_00028,19.0,,,,,,,,,,,
E000091,listing_viewed,2026-08-03 11:55:55,C031,SEARCH_00028,SESSION_00028,UI/UX Designer,Mumbai,web,direct,1.0,,,LISTING_00019,6.0,,,,,,,,,
E000092,company_contact_started,2026-08-03 12:20:55,C031,SEARCH_00028,SESSION_00028,UI/UX Designer,Mumbai,web,direct,1.0,,,LISTING_00019,,CONTACT_00010,phone,,,,,,,
E000039,match_created,2026-08-03 14:22:25,C027,SEARCH_00012,SESSION_00012,Software Developer,Bengaluru,web,organic,1.0,,,LISTING_00008,,,,ENGAGE_00002,,MATCH_00001,company_candidate,,,
E000095,search_performed,2026-08-03 14:30:00,C038,SEARCH_00029,SESSION_00029,Data Analyst,Chennai,web,referral,1.0,,,,,,,,,,,,,
E000096,search_result_viewed,2026-08-03 14:31:49,C038,SEARCH_00029,SESSION_00029,Data Analyst,Chennai,web,campaign,1.0,RESULT_00029,18.0,,,,,,,,,,,
E000097,listing_viewed,2026-08-03 14:33:50,C038,SEARCH_00029,SESSION_00029,Data Analyst,Chennai,web,campaign,1.0,,,LISTING_00020,8.0,,,,,,,,,
E000051,match_created,2026-08-03 14:34:14,C012,SEARCH_00015,SESSION_00015,Data Analyst,Chennai,web,campaign,1.0,,,LISTING_00010,,,,ENGAGE_00004,,MATCH_00002,company_candidate,,,
E000099,search_performed,2026-08-03 14:37:00,C040,SEARCH_00030,SESSION_00030,Digital Marketer,Bengaluru,web,organic,1.0,,,,,,,,,,,,,
E000100,search_result_viewed,2026-08-03 14:37:44,C040,SEARCH_00030,SESSION_00030,Digital Marketer,Bengaluru,web,organic,1.0,RESULT_00030,19.0,,,,,,,,,,,
E000101,listing_viewed,2026-08-03 14:39:17,C040,SEARCH_00030,SESSION_00030,Digital Marketer,Bengaluru,mobile,referral,1.0,,,LISTING_00021,4.0,,,,,,,,,
E000079,search_performed,2026-08-03 14:50:00,C020,SEARCH_00024,SESSION_00024,Business Analyst,Hyderabad,mobile,campaign,1.0,,,,,,,,,,,,,
E000080,search_result_viewed,2026-08-03 14:51:04,C020,SEARCH_00024,SESSION_00024,Business Analyst,Hyderabad,mobile,direct,1.0,RESULT_00024,21.0,,,,,,,,,,,
E000081,listing_viewed,2026-08-03 14:52:26,C020,SEARCH_00024,SESSION_00024,Business Analyst,Hyderabad,mobile,organic,1.0,,,LISTING_00017,9.0,,,,,,,,,
E000098,company_contact_started,2026-08-03 15:17:50,C038,SEARCH_00029,SESSION_00029,Data Analyst,Chennai,web,campaign,1.0,,,LISTING_00020,,CONTACT_00011,email,,,,,,,
E000102,company_contact_started,2026-08-03 15:36:17,C040,SEARCH_00030,SESSION_00030,Digital Marketer,Bengaluru,mobile,campaign,1.0,,,LISTING_00021,,CONTACT_00012,email,,,,,,,
E000087,search_performed,2026-08-03 15:42:00,C008,SEARCH_00027,SESSION_00027,UI/UX Designer,Hyderabad,mobile,campaign,1.0,,,,,,,,,,,,,
E000088,search_result_viewed,2026-08-03 15:44:19,C008,SEARCH_00027,SESSION_00027,UI/UX Designer,Hyderabad,mobile,direct,1.0,RESULT_00027,18.0,,,,,,,,,,,
E000118,search_performed,2026-08-03 16:12:00,C018,SEARCH_00037,SESSION_00037,Digital Marketer,Bengaluru,web,direct,1.0,,,,,,,,,,,,,
E000119,search_result_viewed,2026-08-03 16:14:15,C018,SEARCH_00037,SESSION_00037,Digital Marketer,Bengaluru,web,campaign,1.0,RESULT_00037,22.0,,,,,,,,,,,
E000120,listing_viewed,2026-08-03 16:16:30,C018,SEARCH_00037,SESSION_00037,Digital Marketer,Bengaluru,web,organic,1.0,,,LISTING_00024,8.0,,,,,,,,,
E000122,search_performed,2026-08-03 16:22:00,C024,SEARCH_00038,SESSION_00038,UI/UX Designer,Chennai,mobile,referral,1.0,,,,,,,,,,,,,
E000123,search_result_viewed,2026-08-03 16:24:06,C024,SEARCH_00038,SESSION_00038,UI/UX Designer,Chennai,mobile,referral,1.0,RESULT_00038,13.0,,,,,,,,,,,
E000124,listing_viewed,2026-08-03 16:27:20,C024,SEARCH_00038,SESSION_00038,UI/UX Designer,Chennai,mobile,organic,1.0,,,LISTING_00025,4.0,,,,,,,,,
E000121,company_contact_started,2026-08-03 16:42:30,C018,SEARCH_00037,SESSION_00037,Digital Marketer,Bengaluru,web,referral,1.0,,,LISTING_00024,,CONTACT_00014,phone,,,,,,,
E000104,search_performed,2026-08-03 18:04:00,C004,SEARCH_00031,SESSION_00031,Business Analyst,Hyderabad,web,organic,1.0,,,,,,,,,,,,,
E000109,search_performed,2026-08-03 18:15:00,C013,SEARCH_00034,SESSION_00034,Data Analyst,Chennai,web,referral,1.0,,,,,,,,,,,,,
E000110,search_result_viewed,2026-08-03 18:17:43,C013,SEARCH_00034,SESSION_00034,Data Analyst,Chennai,web,organic,1.0,RESULT_00034,30.0,,,,,,,,,,,
E000111,listing_viewed,2026-08-03 18:19:42,C013,SEARCH_00034,SESSION_00034,Data Analyst,Chennai,web,referral,1.0,,,LISTING_00022,6.0,,,,,,,,,
E000103,engagement_started,2026-08-03 18:36:17,C040,SEARCH_00030,SESSION_00030,Digital Marketer,Bengaluru,mobile,organic,1.0,,,LISTING_00021,,,,ENGAGE_00007,application,,,,,
E000112,company_contact_started,2026-08-03 18:46:42,C013,SEARCH_00034,SESSION_00034,Data Analyst,Chennai,web,campaign,1.0,,,LISTING_00022,,CONTACT_00013,email,,,,,,,
E000093,engagement_started,2026-08-04 02:20:55,C031,SEARCH_00028,SESSION_00028,UI/UX Designer,Mumbai,mobile,campaign,1.0,,,LISTING_00019,,,,ENGAGE_00006,application,,,,,
E000052,outcome_recorded,2026-08-04 04:34:14,C012,SEARCH_00015,SESSION_00015,Data Analyst,Chennai,web,direct,1.0,,,LISTING_00010,,,,,,MATCH_00002,,OUTCOME_00001,successful,success
E000177,search_performed,2026-08-04 10:04:00,C030,SEARCH_00055,SESSION_00055,Business Analyst,Chennai,mobile,referral,1.0,,,,,,,,,,,,,
E000141,search_performed,2026-08-04 10:50:00,C010,SEARCH_00043,SESSION_00043,Data Analyst,Bengaluru,mobile,referral,1.0,,,,,,,,,,,,,
E000142,search_result_viewed,2026-08-04 10:52:09,C010,SEARCH_00043,SESSION_00043,Data Analyst,Bengaluru,mobile,campaign,1.0,RESULT_00043,27.0,,,,,,,,,,,
E000135,search_performed,2026-08-04 11:40:00,C004,SEARCH_00042,SESSION_00042,Digital Marketer,Bengaluru,web,referral,1.0,,,,,,,,,,,,,
E000136,search_result_viewed,2026-08-04 11:40:50,C004,SEARCH_00042,SESSION_00042,Digital Marketer,Bengaluru,web,organic,1.0,RESULT_00042,12.0,,,,,,,,,,,
E000137,listing_viewed,2026-08-04 11:42:44,C004,SEARCH_00042,SESSION_00042,Digital Marketer,Bengaluru,mobile,referral,1.0,,,LISTING_00029,8.0,,,,,,,,,
E000138,company_contact_started,2026-08-04 12:01:44,C004,SEARCH_00042,SESSION_00042,Digital Marketer,Bengaluru,mobile,campaign,1.0,,,LISTING_00029,,CONTACT_00016,phone,,,,,,,
E000125,search_performed,2026-08-04 12:46:00,C013,SEARCH_00039,SESSION_00039,Software Developer,Pune,mobile,organic,1.0,,,,,,,,,,,,,
E000126,search_result_viewed,2026-08-04 12:47:25,C013,SEARCH_00039,SESSION_00039,Software Developer,Pune,mobile,direct,1.0,RESULT_00039,12.0,,,,,,,,,,,
E000127,listing_viewed,2026-08-04 12:50:36,C013,SEARCH_00039,SESSION_00039,Software Developer,Pune,web,referral,1.0,,,LISTING_00026,9.0,,,,,,,,,
E000128,company_contact_started,2026-08-04 12:54:36,C013,SEARCH_00039,SESSION_00039,Software Developer,Pune,mobile,direct,1.0,,,LISTING_00026,,CONTACT_00015,phone,,,,,,,
E000151,search_performed,2026-08-04 14:03:00,C001,SEARCH_00047,SESSION_00047,Digital Marketer,Pune,web,referral,1.0,,,,,,,,,,,,,
E000152,search_result_viewed,2026-08-04 14:05:17,C001,SEARCH_00047,SESSION_00047,Digital Marketer,Pune,mobile,organic,1.0,RESULT_00047,25.0,,,,,,,,,,,
E000153,listing_viewed,2026-08-04 14:07:47,C001,SEARCH_00047,SESSION_00047,Digital Marketer,Pune,mobile,campaign,1.0,,,LISTING_00032,3.0,,,,,,,,,
E000165,search_performed,2026-08-04 15:02:00,C025,SEARCH_00051,SESSION_00051,UI/UX Designer,Hyderabad,web,referral,1.0,,,,,,,,,,,,,
E000166,search_result_viewed,2026-08-04 15:04:02,C025,SEARCH_00051,SESSION_00051,UI/UX Designer,Hyderabad,mobile,organic,1.0,RESULT_00051,8.0,,,,,,,,,,,
E000143,search_performed,2026-08-04 15:05:00,C033,SEARCH_00044,SESSION_00044,Digital Marketer,Pune,web,campaign,1.0,,,,,,,,,,,,,
E000144,search_result_viewed,2026-08-04 15:07:44,C033,SEARCH_00044,SESSION_00044,Digital Marketer,Pune,web,organic,1.0,RESULT_00044,13.0,,,,,,,,,,,
E000171,search_performed,2026-08-04 15:10:00,C028,SEARCH_00054,SESSION_00054,Data Analyst,Bengaluru,mobile,organic,1.0,,,,,,,,,,,,,
E000172,search_result_viewed,2026-08-04 15:10:24,C028,SEARCH_00054,SESSION_00054,Data Analyst,Bengaluru,mobile,referral,1.0,RESULT_00054,14.0,,,,,,,,,,,
E000145,listing_viewed,2026-08-04 15:10:46,C033,SEARCH_00044,SESSION_00044,Digital Marketer,Pune,web,referral,1.0,,,LISTING_00030,10.0,,,,,,,,,
E000173,listing_viewed,2026-08-04 15:11:36,C028,SEARCH_00054,SESSION_00054,Data Analyst,Bengaluru,mobile,direct,1.0,,,LISTING_00036,9.0,,,,,,,,,
E000174,company_contact_started,2026-08-04 15:17:36,C028,SEARCH_00054,SESSION_00054,Data Analyst,Bengaluru,mobile,direct,1.0,,,LISTING_00036,,CONTACT_00020,phone,,,,,,,
E000147,search_performed,2026-08-04 15:22:00,C028,SEARCH_00046,SESSION_00046,UI/UX Designer,Bengaluru,mobile,referral,1.0,,,,,,,,,,,,,
E000148,search_result_viewed,2026-08-04 15:22:36,C028,SEARCH_00046,SESSION_00046,UI/UX Designer,Bengaluru,mobile,campaign,1.0,RESULT_00046,10.0,,,,,,,,,,,
E000149,listing_viewed,2026-08-04 15:23:59,C028,SEARCH_00046,SESSION_00046,UI/UX Designer,Bengaluru,web,campaign,1.0,,,LISTING_00031,7.0,,,,,,,,,
E000150,company_contact_started,2026-08-04 15:40:59,C028,SEARCH_00046,SESSION_00046,UI/UX Designer,Bengaluru,web,campaign,1.0,,,LISTING_00031,,CONTACT_00017,email,,,,,,,
E000167,search_performed,2026-08-04 15:50:00,C027,SEARCH_00052,SESSION_00052,Software Developer,Bengaluru,mobile,referral,1.0,,,,,,,,,,,,,
E000168,search_result_viewed,2026-08-04 15:51:51,C027,SEARCH_00052,SESSION_00052,Software Developer,Bengaluru,web,referral,1.0,RESULT_00052,25.0,,,,,,,,,,,
E000157,search_performed,2026-08-04 16:45:00,C010,SEARCH_00049,SESSION_00049,UI/UX Designer,Mumbai,mobile,campaign,1.0,,,,,,,,,,,,,
E000158,search_result_viewed,2026-08-04 16:47:10,C010,SEARCH_00049,SESSION_00049,UI/UX Designer,Mumbai,mobile,direct,1.0,RESULT_00049,12.0,,,,,,,,,,,
E000159,listing_viewed,2026-08-04 16:49:53,C010,SEARCH_00049,SESSION_00049,UI/UX Designer,Mumbai,web,organic,1.0,,,LISTING_00034,9.0,,,,,,,,,
E000129,search_performed,2026-08-04 17:18:00,C032,SEARCH_00040,SESSION_00040,Data Analyst,Bengaluru,mobile,campaign,1.0,,,,,,,,,,,,,
E000130,search_result_viewed,2026-08-04 17:18:57,C032,SEARCH_00040,SESSION_00040,Data Analyst,Bengaluru,mobile,campaign,1.0,RESULT_00040,6.0,,,,,,,,,,,
E000132,search_performed,2026-08-04 17:19:00,C004,SEARCH_00041,SESSION_00041,Software Developer,Hyderabad,web,direct,1.0,,,,,,,,,,,,,
E000131,listing_viewed,2026-08-04 17:19:23,C032,SEARCH_00040,SESSION_00040,Data Analyst,Bengaluru,mobile,organic,1.0,,,LISTING_00027,7.0,,,,,,,,,
E000094,match_created,2026-08-04 17:20:55,C031,SEARCH_00028,SESSION_00028,UI/UX Designer,Mumbai,mobile,campaign,1.0,,,LISTING_00019,,,,ENGAGE_00006,,MATCH_00003,company_candidate,,,
E000133,search_result_viewed,2026-08-04 17:20:56,C004,SEARCH_00041,SESSION_00041,Software Developer,Hyderabad,web,campaign,1.0,RESULT_00041,24.0,,,,,,,,,,,
E000134,listing_viewed,2026-08-04 17:22:59,C004,SEARCH_00041,SESSION_00041,Software Developer,Hyderabad,mobile,referral,1.0,,,LISTING_00028,5.0,,,,,,,,,
E000160,company_contact_started,2026-08-04 17:40:53,C010,SEARCH_00049,SESSION_00049,UI/UX Designer,Mumbai,mobile,referral,1.0,,,LISTING_00034,,CONTACT_00018,email,,,,,,,
E000161,search_performed,2026-08-04 17:42:00,C019,SEARCH_00050,SESSION_00050,Business Analyst,Chennai,mobile,direct,1.0,,,,,,,,,,,,,
E000162,search_result_viewed,2026-08-04 17:44:13,C019,SEARCH_00050,SESSION_00050,Business Analyst,Chennai,mobile,campaign,1.0,RESULT_00050,16.0,,,,,,,,,,,
E000163,listing_viewed,2026-08-04 17:45:45,C019,SEARCH_00050,SESSION_00050,Business Analyst,Chennai,web,campaign,1.0,,,LISTING_00035,4.0,,,,,,,,,
E000146,search_performed,2026-08-04 18:28:00,C012,SEARCH_00045,SESSION_00045,UI/UX Designer,Chennai,mobile,direct,1.0,,,,,,,,,,,,,
E000164,company_contact_started,2026-08-04 18:35:45,C019,SEARCH_00050,SESSION_00050,Business Analyst,Chennai,web,referral,1.0,,,LISTING_00035,,CONTACT_00019,email,,,,,,,
E000154,search_performed,2026-08-04 18:38:00,C032,SEARCH_00048,SESSION_00048,Data Analyst,Bengaluru,web,direct,1.0,,,,,,,,,,,,,
E000155,search_result_viewed,2026-08-04 18:38:13,C032,SEARCH_00048,SESSION_00048,Data Analyst,Bengaluru,mobile,organic,1.0,RESULT_00048,22.0,,,,,,,,,,,
E000156,listing_viewed,2026-08-04 18:41:58,C032,SEARCH_00048,SESSION_00048,Data Analyst,Bengaluru,mobile,organic,1.0,,,LISTING_00033,2.0,,,,,,,,,
E000169,search_performed,2026-08-04 18:45:00,C035,SEARCH_00053,SESSION_00053,UI/UX Designer,Mumbai,mobile,organic,1.0,,,,,,,,,,,,,
E000170,search_result_viewed,2026-08-04 18:46:10,C035,SEARCH_00053,SESSION_00053,UI/UX Designer,Mumbai,mobile,direct,1.0,RESULT_00053,25.0,,,,,,,,,,,
E000139,engagement_started,2026-08-04 20:01:44,C004,SEARCH_00042,SESSION_00042,Digital Marketer,Bengaluru,mobile,direct,1.0,,,LISTING_00029,,,,ENGAGE_00008,application,,,,,
E000183,search_performed,2026-08-05 08:37:00,C003,SEARCH_00058,SESSION_00058,Business Analyst,Pune,mobile,direct,1.0,,,,,,,,,,,,,
E000217,search_performed,2026-08-05 08:37:00,C024,SEARCH_00069,SESSION_00069,Software Developer,Chennai,mobile,organic,1.0,,,,,,,,,,,,,
E000222,search_performed,2026-08-05 08:38:00,C040,SEARCH_00071,SESSION_00071,Digital Marketer,Chennai,mobile,organic,1.0,,,,,,,,,,,,,
E000184,search_result_viewed,2026-08-05 08:38:25,C003,SEARCH_00058,SESSION_00058,Business Analyst,Pune,mobile,direct,1.0,RESULT_00058,15.0,,,,,,,,,,,
E000223,search_result_viewed,2026-08-05 08:39:29,C040,SEARCH_00071,SESSION_00071,Digital Marketer,Chennai,mobile,organic,1.0,RESULT_00071,15.0,,,,,,,,,,,
E000218,search_result_viewed,2026-08-05 08:40:00,C024,SEARCH_00069,SESSION_00069,Software Developer,Chennai,mobile,organic,1.0,RESULT_00069,29.0,,,,,,,,,,,
E000224,listing_viewed,2026-08-05 08:40:15,C040,SEARCH_00071,SESSION_00071,Digital Marketer,Chennai,mobile,organic,1.0,,,LISTING_00048,10.0,,,,,,,,,
E000185,listing_viewed,2026-08-05 08:41:56,C003,SEARCH_00058,SESSION_00058,Business Analyst,Pune,mobile,referral,1.0,,,LISTING_00038,9.0,,,,,,,,,
E000228,search_performed,2026-08-05 08:43:00,C010,SEARCH_00072,SESSION_00072,Software Developer,Chennai,web,referral,1.0,,,,,,,,,,,,,
E000229,search_result_viewed,2026-08-05 08:44:58,C010,SEARCH_00072,SESSION_00072,Software Developer,Chennai,mobile,campaign,1.0,RESULT_00072,20.0,,,,,,,,,,,
E000230,listing_viewed,2026-08-05 08:48:21,C010,SEARCH_00072,SESSION_00072,Software Developer,Chennai,web,referral,1.0,,,LISTING_00049,9.0,,,,,,,,,
E000231,company_contact_started,2026-08-05 09:07:21,C010,SEARCH_00072,SESSION_00072,Software Developer,Chennai,mobile,referral,1.0,,,LISTING_00049,,CONTACT_00026,phone,,,,,,,
E000210,search_performed,2026-08-05 09:08:00,C021,SEARCH_00067,SESSION_00067,Digital Marketer,Hyderabad,mobile,referral,1.0,,,,,,,,,,,,,
E000211,search_result_viewed,2026-08-05 09:10:42,C021,SEARCH_00067,SESSION_00067,Digital Marketer,Hyderabad,mobile,campaign,1.0,RESULT_00067,21.0,,,,,,,,,,,
E000212,listing_viewed,2026-08-05 09:12:42,C021,SEARCH_00067,SESSION_00067,Digital Marketer,Hyderabad,web,direct,1.0,,,LISTING_00045,2.0,,,,,,,,,
E000225,company_contact_started,2026-08-05 09:21:15,C040,SEARCH_00071,SESSION_00071,Digital Marketer,Chennai,web,direct,1.0,,,LISTING_00048,,CONTACT_00025,message,,,,,,,
E000219,search_performed,2026-08-05 09:36:00,C039,SEARCH_00070,SESSION_00070,Business Analyst,Mumbai,web,direct,1.0,,,,,,,,,,,,,
E000220,search_result_viewed,2026-08-05 09:37:07,C039,SEARCH_00070,SESSION_00070,Business Analyst,Mumbai,mobile,referral,1.0,RESULT_00070,8.0,,,,,,,,,,,
E000221,listing_viewed,2026-08-05 09:38:28,C039,SEARCH_00070,SESSION_00070,Business Analyst,Mumbai,web,campaign,1.0,,,LISTING_00047,10.0,,,,,,,,,
E000203,search_performed,2026-08-05 09:42:00,C035,SEARCH_00065,SESSION_00065,Business Analyst,Hyderabad,web,direct,1.0,,,,,,,,,,,,,
E000204,search_result_viewed,2026-08-05 09:43:10,C035,SEARCH_00065,SESSION_00065,Business Analyst,Hyderabad,mobile,organic,1.0,RESULT_00065,23.0,,,,,,,,,,,
E000205,listing_viewed,2026-08-05 09:43:33,C035,SEARCH_00065,SESSION_00065,Business Analyst,Hyderabad,mobile,organic,1.0,,,LISTING_00043,3.0,,,,,,,,,
E000213,company_contact_started,2026-08-05 10:09:42,C021,SEARCH_00067,SESSION_00067,Digital Marketer,Hyderabad,mobile,referral,1.0,,,LISTING_00045,,CONTACT_00024,message,,,,,,,
E000175,engagement_started,2026-08-05 10:17:36,C028,SEARCH_00054,SESSION_00054,Data Analyst,Bengaluru,web,direct,1.0,,,LISTING_00036,,,,ENGAGE_00009,application,,,,,
E000194,search_performed,2026-08-05 10:56:00,C035,SEARCH_00062,SESSION_00062,UI/UX Designer,Chennai,mobile,organic,1.0,,,,,,,,,,,,,
E000195,search_result_viewed,2026-08-05 10:58:47,C035,SEARCH_00062,SESSION_00062,UI/UX Designer,Chennai,mobile,organic,1.0,RESULT_00062,18.0,,,,,,,,,,,
E000196,listing_viewed,2026-08-05 10:59:52,C035,SEARCH_00062,SESSION_00062,UI/UX Designer,Chennai,mobile,direct,1.0,,,LISTING_00041,8.0,,,,,,,,,
E000201,search_performed,2026-08-05 11:52:00,C036,SEARCH_00064,SESSION_00064,Software Developer,Chennai,web,referral,1.0,,,,,,,,,,,,,
E000202,search_result_viewed,2026-08-05 11:54:42,C036,SEARCH_00064,SESSION_00064,Software Developer,Chennai,mobile,direct,1.0,RESULT_00064,5.0,,,,,,,,,,,
E000180,search_performed,2026-08-05 12:00:00,C019,SEARCH_00057,SESSION_00057,Data Analyst,Pune,web,campaign,1.0,,,,,,,,,,,,,
E000181,search_result_viewed,2026-08-05 12:01:23,C019,SEARCH_00057,SESSION_00057,Data Analyst,Pune,web,referral,1.0,RESULT_00057,29.0,,,,,,,,,,,
E000182,listing_viewed,2026-08-05 12:02:21,C019,SEARCH_00057,SESSION_00057,Data Analyst,Pune,mobile,direct,1.0,,,LISTING_00037,10.0,,,,,,,,,
E000178,search_performed,2026-08-05 12:12:00,C028,SEARCH_00056,SESSION_00056,Business Analyst,Pune,mobile,campaign,1.0,,,,,,,,,,,,,
E000179,search_result_viewed,2026-08-05 12:13:47,C028,SEARCH_00056,SESSION_00056,Business Analyst,Pune,mobile,referral,1.0,RESULT_00056,23.0,,,,,,,,,,,
E000191,search_performed,2026-08-05 12:41:00,C015,SEARCH_00061,SESSION_00061,Data Analyst,Pune,mobile,organic,1.0,,,,,,,,,,,,,
E000192,search_result_viewed,2026-08-05 12:41:19,C015,SEARCH_00061,SESSION_00061,Data Analyst,Pune,mobile,organic,1.0,RESULT_00061,14.0,,,,,,,,,,,
E000193,listing_viewed,2026-08-05 12:45:16,C015,SEARCH_00061,SESSION_00061,Data Analyst,Pune,web,campaign,1.0,,,LISTING_00040,9.0,,,,,,,,,
E000214,search_performed,2026-08-05 13:27:00,C026,SEARCH_00068,SESSION_00068,UI/UX Designer,Bengaluru,mobile,referral,1.0,,,,,,,,,,,,,
E000215,search_result_viewed,2026-08-05 13:27:49,C026,SEARCH_00068,SESSION_00068,UI/UX Designer,Bengaluru,mobile,organic,1.0,RESULT_00068,26.0,,,,,,,,,,,
E000216,listing_viewed,2026-08-05 13:28:20,C026,SEARCH_00068,SESSION_00068,UI/UX Designer,Bengaluru,mobile,organic,1.0,,,LISTING_00046,2.0,,,,,,,,,
E000186,search_performed,2026-08-05 13:51:00,C017,SEARCH_00059,SESSION_00059,UI/UX Designer,Mumbai,web,campaign,1.0,,,,,,,,,,,,,
E000235,search_performed,2026-08-05 14:34:00,C028,SEARCH_00073,SESSION_00073,Software Developer,Hyderabad,web,referral,1.0,,,,,,,,,,,,,
E000236,search_result_viewed,2026-08-05 14:34:20,C028,SEARCH_00073,SESSION_00073,Software Developer,Hyderabad,web,campaign,1.0,RESULT_00073,18.0,,,,,,,,,,,
E000187,search_performed,2026-08-05 16:23:00,C010,SEARCH_00060,SESSION_00060,Software Developer,Pune,web,campaign,1.0,,,,,,,,,,,,,
E000188,search_result_viewed,2026-08-05 16:25:27,C010,SEARCH_00060,SESSION_00060,Software Developer,Pune,mobile,referral,1.0,RESULT_00060,8.0,,,,,,,,,,,
E000189,listing_viewed,2026-08-05 16:28:29,C010,SEARCH_00060,SESSION_00060,Software Developer,Pune,mobile,referral,1.0,,,LISTING_00039,5.0,,,,,,,,,
E000206,search_performed,2026-08-05 16:37:00,C031,SEARCH_00066,SESSION_00066,UI/UX Designer,Mumbai,web,campaign,1.0,,,,,,,,,,,,,
E000207,search_result_viewed,2026-08-05 16:39:47,C031,SEARCH_00066,SESSION_00066,UI/UX Designer,Mumbai,mobile,campaign,1.0,RESULT_00066,6.0,,,,,,,,,,,
E000208,listing_viewed,2026-08-05 16:40:04,C031,SEARCH_00066,SESSION_00066,UI/UX Designer,Mumbai,mobile,campaign,1.0,,,LISTING_00044,1.0,,,,,,,,,
E000190,company_contact_started,2026-08-05 16:43:29,C010,SEARCH_00060,SESSION_00060,Software Developer,Pune,web,referral,1.0,,,LISTING_00039,,CONTACT_00021,email,,,,,,,
E000209,company_contact_started,2026-08-05 16:47:04,C031,SEARCH_00066,SESSION_00066,UI/UX Designer,Mumbai,mobile,organic,1.0,,,LISTING_00044,,CONTACT_00023,email,,,,,,,
E000237,search_performed,2026-08-05 17:25:00,C021,SEARCH_00074,SESSION_00074,Digital Marketer,Pune,mobile,referral,1.0,,,,,,,,,,,,,
E000238,search_result_viewed,2026-08-05 17:25:15,C021,SEARCH_00074,SESSION_00074,Digital Marketer,Pune,web,campaign,1.0,RESULT_00074,15.0,,,,,,,,,,,
E000197,search_performed,2026-08-05 18:22:00,C007,SEARCH_00063,SESSION_00063,Business Analyst,Chennai,web,campaign,1.0,,,,,,,,,,,,,
E000198,search_result_viewed,2026-08-05 18:22:41,C007,SEARCH_00063,SESSION_00063,Business Analyst,Chennai,web,direct,1.0,RESULT_00063,19.0,,,,,,,,,,,
E000199,listing_viewed,2026-08-05 18:25:23,C007,SEARCH_00063,SESSION_00063,Business Analyst,Chennai,web,referral,1.0,,,LISTING_00042,1.0,,,,,,,,,
E000200,company_contact_started,2026-08-05 18:34:23,C007,SEARCH_00063,SESSION_00063,Business Analyst,Chennai,web,organic,1.0,,,LISTING_00042,,CONTACT_00022,phone,,,,,,,
E000232,engagement_started,2026-08-05 22:07:21,C010,SEARCH_00072,SESSION_00072,Software Developer,Chennai,web,organic,1.0,,,LISTING_00049,,,,ENGAGE_00011,application,,,,,
E000226,engagement_started,2026-08-06 00:21:15,C040,SEARCH_00071,SESSION_00071,Digital Marketer,Chennai,mobile,direct,1.0,,,LISTING_00048,,,,ENGAGE_00010,application,,,,,
E000176,match_created,2026-08-06 04:17:36,C028,SEARCH_00054,SESSION_00054,Data Analyst,Bengaluru,mobile,referral,1.0,,,LISTING_00036,,,,ENGAGE_00009,,MATCH_00005,company_candidate,,,
E000140,match_created,2026-08-06 08:01:44,C004,SEARCH_00042,SESSION_00042,Digital Marketer,Bengaluru,web,direct,1.0,,,LISTING_00029,,,,ENGAGE_00008,,MATCH_00004,company_candidate,,,
E000251,search_performed,2026-08-06 08:15:00,C006,SEARCH_00080,SESSION_00080,Digital Marketer,Hyderabad,mobile,campaign,1.0,,,,,,,,,,,,,
E000252,search_result_viewed,2026-08-06 08:17:46,C006,SEARCH_00080,SESSION_00080,Digital Marketer,Hyderabad,mobile,referral,1.0,RESULT_00080,10.0,,,,,,,,,,,
E000257,search_performed,2026-08-06 09:19:00,C026,SEARCH_00082,SESSION_00082,Software Developer,Chennai,mobile,referral,1.0,,,,,,,,,,,,,
E000258,search_result_viewed,2026-08-06 09:21:24,C026,SEARCH_00082,SESSION_00082,Software Developer,Chennai,mobile,referral,1.0,RESULT_00082,7.0,,,,,,,,,,,
E000259,listing_viewed,2026-08-06 09:22:53,C026,SEARCH_00082,SESSION_00082,Software Developer,Chennai,web,referral,1.0,,,LISTING_00053,3.0,,,,,,,,,
E000290,search_performed,2026-08-06 09:51:00,C004,SEARCH_00094,SESSION_00094,Business Analyst,Mumbai,mobile,campaign,1.0,,,,,,,,,,,,,
E000291,search_result_viewed,2026-08-06 09:53:02,C004,SEARCH_00094,SESSION_00094,Business Analyst,Mumbai,mobile,direct,1.0,RESULT_00094,17.0,,,,,,,,,,,
E000292,listing_viewed,2026-08-06 09:55:19,C004,SEARCH_00094,SESSION_00094,Business Analyst,Mumbai,mobile,organic,1.0,,,LISTING_00060,6.0,,,,,,,,,
E000260,search_performed,2026-08-06 10:09:00,C032,SEARCH_00083,SESSION_00083,Software Developer,Hyderabad,web,referral,1.0,,,,,,,,,,,,,
E000261,search_result_viewed,2026-08-06 10:09:35,C032,SEARCH_00083,SESSION_00083,Software Developer,Hyderabad,web,referral,1.0,RESULT_00083,21.0,,,,,,,,,,,
E000276,search_performed,2026-08-06 10:35:00,C002,SEARCH_00089,SESSION_00089,Business Analyst,Hyderabad,mobile,organic,1.0,,,,,,,,,,,,,
E000277,search_result_viewed,2026-08-06 10:36:10,C002,SEARCH_00089,SESSION_00089,Business Analyst,Hyderabad,web,organic,1.0,RESULT_00089,14.0,,,,,,,,,,,
E000278,listing_viewed,2026-08-06 10:39:03,C002,SEARCH_00089,SESSION_00089,Business Analyst,Hyderabad,mobile,organic,1.0,,,LISTING_00057,10.0,,,,,,,,,
E000267,search_performed,2026-08-06 10:52:00,C033,SEARCH_00086,SESSION_00086,Digital Marketer,Pune,web,direct,1.0,,,,,,,,,,,,,
E000268,search_result_viewed,2026-08-06 10:52:23,C033,SEARCH_00086,SESSION_00086,Digital Marketer,Pune,mobile,referral,1.0,RESULT_00086,25.0,,,,,,,,,,,
E000269,listing_viewed,2026-08-06 10:52:59,C033,SEARCH_00086,SESSION_00086,Digital Marketer,Pune,web,referral,1.0,,,LISTING_00055,9.0,,,,,,,,,
E000270,company_contact_started,2026-08-06 11:03:59,C033,SEARCH_00086,SESSION_00086,Digital Marketer,Pune,mobile,direct,1.0,,,LISTING_00055,,CONTACT_00028,email,,,,,,,
E000242,search_performed,2026-08-06 11:06:00,C023,SEARCH_00076,SESSION_00076,Business Analyst,Hyderabad,web,referral,1.0,,,,,,,,,,,,,
E000243,search_result_viewed,2026-08-06 11:08:44,C023,SEARCH_00076,SESSION_00076,Business Analyst,Hyderabad,web,direct,1.0,RESULT_00076,9.0,,,,,,,,,,,
E000265,search_performed,2026-08-06 11:19:00,C029,SEARCH_00085,SESSION_00085,Software Developer,Chennai,mobile,direct,1.0,,,,,,,,,,,,,
E000266,search_result_viewed,2026-08-06 11:21:36,C029,SEARCH_00085,SESSION_00085,Software Developer,Chennai,mobile,referral,1.0,RESULT_00085,19.0,,,,,,,,,,,
E000239,search_performed,2026-08-06 11:27:00,C006,SEARCH_00075,SESSION_00075,UI/UX Designer,Bengaluru,mobile,organic,1.0,,,,,,,,,,,,,
E000240,search_result_viewed,2026-08-06 11:28:29,C006,SEARCH_00075,SESSION_00075,UI/UX Designer,Bengaluru,mobile,direct,1.0,RESULT_00075,28.0,,,,,,,,,,,
E000241,listing_viewed,2026-08-06 11:29:22,C006,SEARCH_00075,SESSION_00075,UI/UX Designer,Bengaluru,web,direct,1.0,,,LISTING_00050,2.0,,,,,,,,,
E000279,company_contact_started,2026-08-06 11:37:03,C002,SEARCH_00089,SESSION_00089,Business Analyst,Hyderabad,web,direct,1.0,,,LISTING_00057,,CONTACT_00029,email,,,,,,,
E000287,search_performed,2026-08-06 12:12:00,C005,SEARCH_00093,SESSION_00093,UI/UX Designer,Bengaluru,web,direct,1.0,,,,,,,,,,,,,
E000288,search_result_viewed,2026-08-06 12:13:30,C005,SEARCH_00093,SESSION_00093,UI/UX Designer,Bengaluru,mobile,campaign,1.0,RESULT_00093,14.0,,,,,,,,,,,
E000289,listing_viewed,2026-08-06 12:16:52,C005,SEARCH_00093,SESSION_00093,UI/UX Designer,Bengaluru,mobile,referral,1.0,,,LISTING_00059,4.0,,,,,,,,,
E000233,match_created,2026-08-06 13:07:21,C010,SEARCH_00072,SESSION_00072,Software Developer,Chennai,web,referral,1.0,,,LISTING_00049,,,,ENGAGE_00011,,MATCH_00007,company_candidate,,,
E000285,search_performed,2026-08-06 13:34:00,C022,SEARCH_00092,SESSION_00092,Software Developer,Bengaluru,mobile,direct,1.0,,,,,,,,,,,,,
E000286,search_result_viewed,2026-08-06 13:36:08,C022,SEARCH_00092,SESSION_00092,Software Developer,Bengaluru,mobile,direct,1.0,RESULT_00092,27.0,,,,,,,,,,,
E000271,search_performed,2026-08-06 13:59:00,C006,SEARCH_00087,SESSION_00087,Software Developer,Pune,web,campaign,1.0,,,,,,,,,,,,,
E000273,search_performed,2026-08-06 13:59:00,C024,SEARCH_00088,SESSION_00088,Software Developer,Bengaluru,web,referral,1.0,,,,,,,,,,,,,
E000274,search_result_viewed,2026-08-06 13:59:45,C024,SEARCH_00088,SESSION_00088,Software Developer,Bengaluru,mobile,campaign,1.0,RESULT_00088,6.0,,,,,,,,,,,
E000275,listing_viewed,2026-08-06 14:00:30,C024,SEARCH_00088,SESSION_00088,Software Developer,Bengaluru,mobile,organic,1.0,,,LISTING_00056,8.0,,,,,,,,,
E000272,search_result_viewed,2026-08-06 14:01:18,C006,SEARCH_00087,SESSION_00087,Software Developer,Pune,web,campaign,1.0,RESULT_00087,16.0,,,,,,,,,,,
E000262,search_performed,2026-08-06 14:09:00,C040,SEARCH_00084,SESSION_00084,Software Developer,Chennai,web,direct,1.0,,,,,,,,,,,,,
E000263,search_result_viewed,2026-08-06 14:11:49,C040,SEARCH_00084,SESSION_00084,Software Developer,Chennai,web,campaign,1.0,RESULT_00084,30.0,,,,,,,,,,,
E000264,listing_viewed,2026-08-06 14:13:32,C040,SEARCH_00084,SESSION_00084,Software Developer,Chennai,mobile,referral,1.0,,,LISTING_00054,4.0,,,,,,,,,
E000282,search_performed,2026-08-06 16:01:00,C035,SEARCH_00091,SESSION_00091,Digital Marketer,Chennai,mobile,campaign,1.0,,,,,,,,,,,,,
E000283,search_result_viewed,2026-08-06 16:02:49,C035,SEARCH_00091,SESSION_00091,Digital Marketer,Chennai,mobile,organic,1.0,RESULT_00091,16.0,,,,,,,,,,,
E000284,listing_viewed,2026-08-06 16:03:16,C035,SEARCH_00091,SESSION_00091,Digital Marketer,Chennai,web,organic,1.0,,,LISTING_00058,6.0,,,,,,,,,
E000246,search_performed,2026-08-06 16:04:00,C038,SEARCH_00078,SESSION_00078,Data Analyst,Mumbai,mobile,campaign,1.0,,,,,,,,,,,,,
E000247,search_result_viewed,2026-08-06 16:04:24,C038,SEARCH_00078,SESSION_00078,Data Analyst,Mumbai,mobile,organic,1.0,RESULT_00078,16.0,,,,,,,,,,,
E000248,listing_viewed,2026-08-06 16:08:12,C038,SEARCH_00078,SESSION_00078,Data Analyst,Mumbai,mobile,campaign,1.0,,,LISTING_00051,2.0,,,,,,,,,
E000280,search_performed,2026-08-06 17:22:00,C019,SEARCH_00090,SESSION_00090,UI/UX Designer,Bengaluru,web,campaign,1.0,,,,,,,,,,,,,
E000281,search_result_viewed,2026-08-06 17:22:31,C019,SEARCH_00090,SESSION_00090,UI/UX Designer,Bengaluru,mobile,organic,1.0,RESULT_00090,21.0,,,,,,,,,,,
E000244,search_performed,2026-08-06 17:28:00,C032,SEARCH_00077,SESSION_00077,UI/UX Designer,Chennai,mobile,referral,1.0,,,,,,,,,,,,,
E000245,search_result_viewed,2026-08-06 17:28:27,C032,SEARCH_00077,SESSION_00077,UI/UX Designer,Chennai,mobile,referral,1.0,RESULT_00077,20.0,,,,,,,,,,,
E000249,search_performed,2026-08-06 18:12:00,C003,SEARCH_00079,SESSION_00079,UI/UX Designer,Chennai,mobile,campaign,1.0,,,,,,,,,,,,,
E000250,search_result_viewed,2026-08-06 18:12:25,C003,SEARCH_00079,SESSION_00079,UI/UX Designer,Chennai,web,referral,1.0,RESULT_00079,19.0,,,,,,,,,,,
E000253,search_performed,2026-08-06 18:38:00,C025,SEARCH_00081,SESSION_00081,UI/UX Designer,Mumbai,web,referral,1.0,,,,,,,,,,,,,
E000254,search_result_viewed,2026-08-06 18:38:34,C025,SEARCH_00081,SESSION_00081,UI/UX Designer,Mumbai,mobile,referral,1.0,RESULT_00081,22.0,,,,,,,,,,,
E000255,listing_viewed,2026-08-06 18:42:22,C025,SEARCH_00081,SESSION_00081,UI/UX Designer,Mumbai,web,referral,1.0,,,LISTING_00052,10.0,,,,,,,,,
E000256,company_contact_started,2026-08-06 19:25:22,C025,SEARCH_00081,SESSION_00081,UI/UX Designer,Mumbai,mobile,referral,1.0,,,LISTING_00052,,CONTACT_00027,message,,,,,,,
E000234,outcome_recorded,2026-08-07 06:07:21,C010,SEARCH_00072,SESSION_00072,Software Developer,Chennai,web,campaign,1.0,,,LISTING_00049,,,,,,MATCH_00007,,OUTCOME_00002,successful,success
E000319,search_performed,2026-08-07 09:02:00,C037,SEARCH_00103,SESSION_00103,Data Analyst,Bengaluru,mobile,direct,1.0,,,,,,,,,,,,,
E000320,search_result_viewed,2026-08-07 09:03:56,C037,SEARCH_00103,SESSION_00103,Data Analyst,Bengaluru,web,campaign,1.0,RESULT_00103,24.0,,,,,,,,,,,
E000305,search_performed,2026-08-07 09:08:00,C019,SEARCH_00098,SESSION_00098,UI/UX Designer,Hyderabad,web,campaign,1.0,,,,,,,,,,,,,
E000306,search_result_viewed,2026-08-07 09:10:03,C019,SEARCH_00098,SESSION_00098,UI/UX Designer,Hyderabad,mobile,referral,1.0,RESULT_00098,7.0,,,,,,,,,,,
E000335,search_performed,2026-08-07 10:06:00,C040,SEARCH_00109,SESSION_00109,Digital Marketer,Bengaluru,mobile,referral,1.0,,,,,,,,,,,,,
E000336,search_result_viewed,2026-08-07 10:07:36,C040,SEARCH_00109,SESSION_00109,Digital Marketer,Bengaluru,mobile,direct,1.0,RESULT_00109,22.0,,,,,,,,,,,
E000337,listing_viewed,2026-08-07 10:09:56,C040,SEARCH_00109,SESSION_00109,Digital Marketer,Bengaluru,web,organic,1.0,,,LISTING_00071,7.0,,,,,,,,,
E000324,search_performed,2026-08-07 10:48:00,C021,SEARCH_00105,SESSION_00105,Business Analyst,Pune,mobile,organic,1.0,,,,,,,,,,,,,
E000325,search_result_viewed,2026-08-07 10:50:09,C021,SEARCH_00105,SESSION_00105,Business Analyst,Pune,mobile,campaign,1.0,RESULT_00105,8.0,,,,,,,,,,,
E000326,listing_viewed,2026-08-07 10:50:43,C021,SEARCH_00105,SESSION_00105,Business Analyst,Pune,mobile,campaign,1.0,,,LISTING_00068,1.0,,,,,,,,,
E000338,company_contact_started,2026-08-07 10:55:56,C040,SEARCH_00109,SESSION_00109,Digital Marketer,Bengaluru,mobile,campaign,1.0,,,LISTING_00071,,CONTACT_00033,email,,,,,,,
E000316,search_performed,2026-08-07 12:12:00,C034,SEARCH_00102,SESSION_00102,Business Analyst,Bengaluru,mobile,direct,1.0,,,,,,,,,,,,,
E000317,search_result_viewed,2026-08-07 12:14:47,C034,SEARCH_00102,SESSION_00102,Business Analyst,Bengaluru,web,direct,1.0,RESULT_00102,22.0,,,,,,,,,,,
E000318,listing_viewed,2026-08-07 12:17:25,C034,SEARCH_00102,SESSION_00102,Business Analyst,Bengaluru,web,referral,1.0,,,LISTING_00066,3.0,,,,,,,,,
E000307,search_performed,2026-08-07 12:54:00,C036,SEARCH_00099,SESSION_00099,Digital Marketer,Mumbai,web,direct,1.0,,,,,,,,,,,,,
E000308,search_result_viewed,2026-08-07 12:56:20,C036,SEARCH_00099,SESSION_00099,Digital Marketer,Mumbai,web,direct,1.0,RESULT_00099,12.0,,,,,,,,,,,
E000297,search_performed,2026-08-07 13:32:00,C004,SEARCH_00096,SESSION_00096,Data Analyst,Pune,web,organic,1.0,,,,,,,,,,,,,
E000298,search_result_viewed,2026-08-07 13:34:45,C004,SEARCH_00096,SESSION_00096,Data Analyst,Pune,mobile,organic,1.0,RESULT_00096,26.0,,,,,,,,,,,
E000309,search_performed,2026-08-07 13:35:00,C016,SEARCH_00100,SESSION_00100,UI/UX Designer,Bengaluru,mobile,campaign,1.0,,,,,,,,,,,,,
E000299,listing_viewed,2026-08-07 13:35:55,C004,SEARCH_00096,SESSION_00096,Data Analyst,Pune,mobile,campaign,1.0,,,LISTING_00062,6.0,,,,,,,,,
E000310,search_result_viewed,2026-08-07 13:37:31,C016,SEARCH_00100,SESSION_00100,UI/UX Designer,Bengaluru,web,organic,1.0,RESULT_00100,9.0,,,,,,,,,,,
E000311,listing_viewed,2026-08-07 13:40:44,C016,SEARCH_00100,SESSION_00100,UI/UX Designer,Bengaluru,mobile,campaign,1.0,,,LISTING_00064,8.0,,,,,,,,,
E000332,search_performed,2026-08-07 13:48:00,C028,SEARCH_00108,SESSION_00108,Software Developer,Mumbai,mobile,referral,1.0,,,,,,,,,,,,,
E000333,search_result_viewed,2026-08-07 13:48:23,C028,SEARCH_00108,SESSION_00108,Software Developer,Mumbai,web,referral,1.0,RESULT_00108,23.0,,,,,,,,,,,
E000334,listing_viewed,2026-08-07 13:48:51,C028,SEARCH_00108,SESSION_00108,Software Developer,Mumbai,mobile,referral,1.0,,,LISTING_00070,7.0,,,,,,,,,
E000327,search_performed,2026-08-07 13:59:00,C027,SEARCH_00106,SESSION_00106,Software Developer,Hyderabad,mobile,direct,1.0,,,,,,,,,,,,,
E000328,search_result_viewed,2026-08-07 14:01:17,C027,SEARCH_00106,SESSION_00106,Software Developer,Hyderabad,mobile,campaign,1.0,RESULT_00106,21.0,,,,,,,,,,,
E000329,search_performed,2026-08-07 14:32:00,C032,SEARCH_00107,SESSION_00107,Data Analyst,Bengaluru,mobile,direct,1.0,,,,,,,,,,,,,
E000330,search_result_viewed,2026-08-07 14:33:40,C032,SEARCH_00107,SESSION_00107,Data Analyst,Bengaluru,web,referral,1.0,RESULT_00107,6.0,,,,,,,,,,,
E000331,listing_viewed,2026-08-07 14:37:35,C032,SEARCH_00107,SESSION_00107,Data Analyst,Bengaluru,mobile,organic,1.0,,,LISTING_00069,8.0,,,,,,,,,
E000321,search_performed,2026-08-07 15:15:00,C035,SEARCH_00104,SESSION_00104,Business Analyst,Mumbai,mobile,referral,1.0,,,,,,,,,,,,,
E000322,search_result_viewed,2026-08-07 15:15:25,C035,SEARCH_00104,SESSION_00104,Business Analyst,Mumbai,mobile,campaign,1.0,RESULT_00104,10.0,,,,,,,,,,,
E000323,listing_viewed,2026-08-07 15:16:27,C035,SEARCH_00104,SESSION_00104,Business Analyst,Mumbai,web,referral,1.0,,,LISTING_00067,6.0,,,,,,,,,
E000293,search_performed,2026-08-07 16:18:00,C028,SEARCH_00095,SESSION_00095,Digital Marketer,Hyderabad,mobile,organic,1.0,,,,,,,,,,,,,
E000294,search_result_viewed,2026-08-07 16:20:59,C028,SEARCH_00095,SESSION_00095,Digital Marketer,Hyderabad,mobile,campaign,1.0,RESULT_00095,14.0,,,,,,,,,,,
E000295,listing_viewed,2026-08-07 16:22:58,C028,SEARCH_00095,SESSION_00095,Digital Marketer,Hyderabad,mobile,referral,1.0,,,LISTING_00061,3.0,,,,,,,,,
E000296,company_contact_started,2026-08-07 17:09:58,C028,SEARCH_00095,SESSION_00095,Digital Marketer,Hyderabad,mobile,referral,1.0,,,LISTING_00061,,CONTACT_00030,email,,,,,,,
E000340,search_performed,2026-08-07 17:47:00,C021,SEARCH_00110,SESSION_00110,Software Developer,Pune,mobile,referral,1.0,,,,,,,,,,,,,
E000341,search_result_viewed,2026-08-07 17:49:20,C021,SEARCH_00110,SESSION_00110,Software Developer,Pune,mobile,referral,1.0,RESULT_00110,22.0,,,,,,,,,,,
E000342,listing_viewed,2026-08-07 17:49:34,C021,SEARCH_00110,SESSION_00110,Software Developer,Pune,mobile,organic,1.0,,,LISTING_00072,6.0,,,,,,,,,
E000312,search_performed,2026-08-07 18:04:00,C005,SEARCH_00101,SESSION_00101,Software Developer,Mumbai,mobile,campaign,1.0,,,,,,,,,,,,,
E000313,search_result_viewed,2026-08-07 18:05:38,C005,SEARCH_00101,SESSION_00101,Software Developer,Mumbai,web,direct,1.0,RESULT_00101,9.0,,,,,,,,,,,
E000314,listing_viewed,2026-08-07 18:09:30,C005,SEARCH_00101,SESSION_00101,Software Developer,Mumbai,web,direct,1.0,,,LISTING_00065,1.0,,,,,,,,,
E000315,company_contact_started,2026-08-07 18:20:30,C005,SEARCH_00101,SESSION_00101,Software Developer,Mumbai,web,referral,1.0,,,LISTING_00065,,CONTACT_00032,email,,,,,,,
E000300,search_performed,2026-08-07 18:28:00,C003,SEARCH_00097,SESSION_00097,Digital Marketer,Hyderabad,mobile,referral,1.0,,,,,,,,,,,,,
E000301,search_result_viewed,2026-08-07 18:28:29,C003,SEARCH_00097,SESSION_00097,Digital Marketer,Hyderabad,web,referral,1.0,RESULT_00097,23.0,,,,,,,,,,,
E000302,listing_viewed,2026-08-07 18:31:25,C003,SEARCH_00097,SESSION_00097,Digital Marketer,Hyderabad,web,organic,1.0,,,LISTING_00063,5.0,,,,,,,,,
E000303,company_contact_started,2026-08-07 18:43:25,C003,SEARCH_00097,SESSION_00097,Digital Marketer,Hyderabad,mobile,organic,1.0,,,LISTING_00063,,CONTACT_00031,email,,,,,,,
E000227,match_created,2026-08-08 00:21:15,C040,SEARCH_00071,SESSION_00071,Digital Marketer,Chennai,mobile,organic,1.0,,,LISTING_00048,,,,ENGAGE_00010,,MATCH_00006,company_candidate,,,
E000304,engagement_started,2026-08-08 03:43:25,C003,SEARCH_00097,SESSION_00097,Digital Marketer,Hyderabad,mobile,direct,1.0,,,LISTING_00063,,,,ENGAGE_00012,application,,,,,
E000339,engagement_started,2026-08-08 03:55:56,C040,SEARCH_00109,SESSION_00109,Digital Marketer,Bengaluru,web,referral,1.0,,,LISTING_00071,,,,ENGAGE_00013,application,,,,,
E000370,search_performed,2026-08-08 08:16:00,C031,SEARCH_00120,SESSION_00120,Business Analyst,Hyderabad,mobile,direct,1.0,,,,,,,,,,,,,
E000371,search_result_viewed,2026-08-08 08:17:18,C031,SEARCH_00120,SESSION_00120,Business Analyst,Hyderabad,mobile,organic,1.0,RESULT_00120,15.0,,,,,,,,,,,
E000372,listing_viewed,2026-08-08 08:19:00,C031,SEARCH_00120,SESSION_00120,Business Analyst,Hyderabad,web,organic,1.0,,,LISTING_00078,4.0,,,,,,,,,
E000345,search_performed,2026-08-08 09:12:00,C016,SEARCH_00112,SESSION_00112,Data Analyst,Chennai,web,campaign,1.0,,,,,,,,,,,,,
E000346,search_result_viewed,2026-08-08 09:12:48,C016,SEARCH_00112,SESSION_00112,Data Analyst,Chennai,web,campaign,1.0,RESULT_00112,18.0,,,,,,,,,,,
E000347,listing_viewed,2026-08-08 09:15:34,C016,SEARCH_00112,SESSION_00112,Data Analyst,Chennai,web,direct,1.0,,,LISTING_00073,8.0,,,,,,,,,
E000366,search_performed,2026-08-08 09:21:00,C030,SEARCH_00118,SESSION_00118,Business Analyst,Hyderabad,web,campaign,1.0,,,,,,,,,,,,,
E000367,search_result_viewed,2026-08-08 09:21:57,C030,SEARCH_00118,SESSION_00118,Business Analyst,Hyderabad,mobile,referral,1.0,RESULT_00118,5.0,,,,,,,,,,,
E000368,listing_viewed,2026-08-08 09:25:20,C030,SEARCH_00118,SESSION_00118,Business Analyst,Hyderabad,web,campaign,1.0,,,LISTING_00077,4.0,,,,,,,,,
E000359,search_performed,2026-08-08 10:26:00,C009,SEARCH_00116,SESSION_00116,Data Analyst,Chennai,mobile,campaign,1.0,,,,,,,,,,,,,
E000360,search_result_viewed,2026-08-08 10:27:23,C009,SEARCH_00116,SESSION_00116,Data Analyst,Chennai,mobile,organic,1.0,RESULT_00116,15.0,,,,,,,,,,,
E000376,search_performed,2026-08-08 11:43:00,C031,SEARCH_00122,SESSION_00122,Digital Marketer,Hyderabad,web,campaign,1.0,,,,,,,,,,,,,
E000377,search_result_viewed,2026-08-08 11:44:42,C031,SEARCH_00122,SESSION_00122,Digital Marketer,Hyderabad,web,organic,1.0,RESULT_00122,7.0,,,,,,,,,,,
E000355,search_performed,2026-08-08 11:52:00,C017,SEARCH_00115,SESSION_00115,UI/UX Designer,Hyderabad,mobile,referral,1.0,,,,,,,,,,,,,
E000356,search_result_viewed,2026-08-08 11:54:47,C017,SEARCH_00115,SESSION_00115,UI/UX Designer,Hyderabad,web,direct,1.0,RESULT_00115,28.0,,,,,,,,,,,
E000357,listing_viewed,2026-08-08 11:57:12,C017,SEARCH_00115,SESSION_00115,UI/UX Designer,Hyderabad,web,organic,1.0,,,LISTING_00075,4.0,,,,,,,,,
E000358,company_contact_started,2026-08-08 12:19:12,C017,SEARCH_00115,SESSION_00115,UI/UX Designer,Hyderabad,mobile,organic,1.0,,,LISTING_00075,,CONTACT_00035,phone,,,,,,,
E000373,search_performed,2026-08-08 12:44:00,C011,SEARCH_00121,SESSION_00121,UI/UX Designer,Chennai,web,referral,1.0,,,,,,,,,,,,,
E000354,search_performed,2026-08-08 12:45:00,C010,SEARCH_00114,SESSION_00114,Business Analyst,Bengaluru,web,referral,1.0,,,,,,,,,,,,,
E000374,search_result_viewed,2026-08-08 12:45:06,C011,SEARCH_00121,SESSION_00121,UI/UX Designer,Chennai,web,campaign,1.0,RESULT_00121,12.0,,,,,,,,,,,
E000375,listing_viewed,2026-08-08 12:48:27,C011,SEARCH_00121,SESSION_00121,UI/UX Designer,Chennai,mobile,campaign,1.0,,,LISTING_00079,10.0,,,,,,,,,
E000369,search_performed,2026-08-08 14:42:00,C033,SEARCH_00119,SESSION_00119,Business Analyst,Bengaluru,web,direct,1.0,,,,,,,,,,,,,
E000343,search_performed,2026-08-08 15:16:00,C020,SEARCH_00111,SESSION_00111,Data Analyst,Chennai,web,organic,1.0,,,,,,,,,,,,,
E000344,search_result_viewed,2026-08-08 15:16:53,C020,SEARCH_00111,SESSION_00111,Data Analyst,Chennai,mobile,direct,1.0,RESULT_00111,21.0,,,,,,,,,,,
E000378,search_performed,2026-08-08 16:09:00,C033,SEARCH_00123,SESSION_00123,Software Developer,Chennai,web,referral,1.0,,,,,,,,,,,,,
E000379,search_result_viewed,2026-08-08 16:11:03,C033,SEARCH_00123,SESSION_00123,Software Developer,Chennai,web,campaign,1.0,RESULT_00123,8.0,,,,,,,,,,,
E000380,listing_viewed,2026-08-08 16:13:23,C033,SEARCH_00123,SESSION_00123,Software Developer,Chennai,web,campaign,1.0,,,LISTING_00080,8.0,,,,,,,,,
E000348,search_performed,2026-08-08 16:24:00,C036,SEARCH_00113,SESSION_00113,Business Analyst,Pune,mobile,direct,1.0,,,,,,,,,,,,,
E000349,search_result_viewed,2026-08-08 16:26:26,C036,SEARCH_00113,SESSION_00113,Business Analyst,Pune,mobile,referral,1.0,RESULT_00113,15.0,,,,,,,,,,,
E000350,listing_viewed,2026-08-08 16:27:25,C036,SEARCH_00113,SESSION_00113,Business Analyst,Pune,mobile,referral,1.0,,,LISTING_00074,4.0,,,,,,,,,
E000381,company_contact_started,2026-08-08 16:40:23,C033,SEARCH_00123,SESSION_00123,Software Developer,Chennai,web,campaign,1.0,,,LISTING_00080,,CONTACT_00037,email,,,,,,,
E000361,search_performed,2026-08-08 16:47:00,C006,SEARCH_00117,SESSION_00117,Digital Marketer,Hyderabad,web,direct,1.0,,,,,,,,,,,,,
E000351,company_contact_started,2026-08-08 16:47:25,C036,SEARCH_00113,SESSION_00113,Business Analyst,Pune,web,campaign,1.0,,,LISTING_00074,,CONTACT_00034,email,,,,,,,
E000362,search_result_viewed,2026-08-08 16:47:55,C006,SEARCH_00117,SESSION_00117,Digital Marketer,Hyderabad,mobile,campaign,1.0,RESULT_00117,6.0,,,,,,,,,,,
E000363,listing_viewed,2026-08-08 16:51:16,C006,SEARCH_00117,SESSION_00117,Digital Marketer,Hyderabad,web,organic,1.0,,,LISTING_00076,5.0,,,,,,,,,
E000364,company_contact_started,2026-08-08 17:30:16,C006,SEARCH_00117,SESSION_00117,Digital Marketer,Hyderabad,mobile,referral,1.0,,,LISTING_00076,,CONTACT_00036,message,,,,,,,
E000352,engagement_started,2026-08-09 04:47:25,C036,SEARCH_00113,SESSION_00113,Business Analyst,Pune,mobile,referral,1.0,,,LISTING_00074,,,,ENGAGE_00014,application,,,,,
E000382,search_performed,2026-08-09 08:47:00,C002,SEARCH_00124,SESSION_00124,UI/UX Designer,Mumbai,web,organic,1.0,,,,,,,,,,,,,
E000383,search_result_viewed,2026-08-09 08:48:38,C002,SEARCH_00124,SESSION_00124,UI/UX Designer,Mumbai,web,organic,1.0,RESULT_00124,27.0,,,,,,,,,,,
E000405,search_performed,2026-08-09 09:47:00,C001,SEARCH_00133,SESSION_00133,Software Developer,Hyderabad,mobile,direct,1.0,,,,,,,,,,,,,
E000406,search_result_viewed,2026-08-09 09:48:02,C001,SEARCH_00133,SESSION_00133,Software Developer,Hyderabad,web,referral,1.0,RESULT_00133,17.0,,,,,,,,,,,
E000398,search_performed,2026-08-09 10:19:00,C021,SEARCH_00129,SESSION_00129,UI/UX Designer,Pune,mobile,direct,1.0,,,,,,,,,,,,,
E000399,search_result_viewed,2026-08-09 10:21:11,C021,SEARCH_00129,SESSION_00129,UI/UX Designer,Pune,web,referral,1.0,RESULT_00129,12.0,,,,,,,,,,,
E000402,search_performed,2026-08-09 11:03:00,C024,SEARCH_00131,SESSION_00131,Data Analyst,Chennai,mobile,campaign,1.0,,,,,,,,,,,,,
E000403,search_result_viewed,2026-08-09 11:05:44,C024,SEARCH_00131,SESSION_00131,Data Analyst,Chennai,web,direct,1.0,RESULT_00131,6.0,,,,,,,,,,,
E000391,search_performed,2026-08-09 11:13:00,C027,SEARCH_00127,SESSION_00127,Digital Marketer,Bengaluru,web,organic,1.0,,,,,,,,,,,,,
E000392,search_result_viewed,2026-08-09 11:15:04,C027,SEARCH_00127,SESSION_00127,Digital Marketer,Bengaluru,web,direct,1.0,RESULT_00127,24.0,,,,,,,,,,,
E000384,search_performed,2026-08-09 12:26:00,C005,SEARCH_00125,SESSION_00125,UI/UX Designer,Bengaluru,web,direct,1.0,,,,,,,,,,,,,
E000385,search_result_viewed,2026-08-09 12:28:55,C005,SEARCH_00125,SESSION_00125,UI/UX Designer,Bengaluru,mobile,campaign,1.0,RESULT_00125,18.0,,,,,,,,,,,
E000386,listing_viewed,2026-08-09 12:30:41,C005,SEARCH_00125,SESSION_00125,UI/UX Designer,Bengaluru,web,direct,1.0,,,LISTING_00081,7.0,,,,,,,,,
E000365,engagement_started,2026-08-09 14:30:16,C006,SEARCH_00117,SESSION_00117,Digital Marketer,Hyderabad,mobile,direct,1.0,,,LISTING_00076,,,,ENGAGE_00015,application,,,,,
E000404,search_performed,2026-08-09 15:13:00,C038,SEARCH_00132,SESSION_00132,Digital Marketer,Hyderabad,mobile,referral,1.0,,,,,,,,,,,,,
E000393,search_performed,2026-08-09 16:13:00,C026,SEARCH_00128,SESSION_00128,UI/UX Designer,Hyderabad,web,direct,1.0,,,,,,,,,,,,,
E000394,search_result_viewed,2026-08-09 16:14:24,C026,SEARCH_00128,SESSION_00128,UI/UX Designer,Hyderabad,mobile,referral,1.0,RESULT_00128,12.0,,,,,,,,,,,
E000395,listing_viewed,2026-08-09 16:18:18,C026,SEARCH_00128,SESSION_00128,UI/UX Designer,Hyderabad,web,campaign,1.0,,,LISTING_00083,3.0,,,,,,,,,
E000396,company_contact_started,2026-08-09 16:22:18,C026,SEARCH_00128,SESSION_00128,UI/UX Designer,Hyderabad,web,campaign,1.0,,,LISTING_00083,,CONTACT_00039,phone,,,,,,,
E000387,search_performed,2026-08-09 16:25:00,C023,SEARCH_00126,SESSION_00126,Data Analyst,Hyderabad,web,direct,1.0,,,,,,,,,,,,,
E000388,search_result_viewed,2026-08-09 16:25:15,C023,SEARCH_00126,SESSION_00126,Data Analyst,Hyderabad,mobile,campaign,1.0,RESULT_00126,14.0,,,,,,,,,,,
E000400,search_performed,2026-08-09 16:26:00,C010,SEARCH_00130,SESSION_00130,UI/UX Designer,Bengaluru,mobile,direct,1.0,,,,,,,,,,,,,
E000401,search_result_viewed,2026-08-09 16:27:15,C010,SEARCH_00130,SESSION_00130,UI/UX Designer,Bengaluru,mobile,organic,1.0,RESULT_00130,11.0,,,,,,,,,,,
E000389,listing_viewed,2026-08-09 16:28:55,C023,SEARCH_00126,SESSION_00126,Data Analyst,Hyderabad,web,campaign,1.0,,,LISTING_00082,4.0,,,,,,,,,
E000390,company_contact_started,2026-08-09 16:46:55,C023,SEARCH_00126,SESSION_00126,Data Analyst,Hyderabad,web,organic,1.0,,,LISTING_00082,,CONTACT_00038,message,,,,,,,
E000407,search_performed,2026-08-09 18:22:00,C025,SEARCH_00134,SESSION_00134,UI/UX Designer,Chennai,mobile,referral,1.0,,,,,,,,,,,,,
E000397,engagement_started,2026-08-09 18:22:18,C026,SEARCH_00128,SESSION_00128,UI/UX Designer,Hyderabad,mobile,campaign,1.0,,,LISTING_00083,,,,ENGAGE_00016,application,,,,,
E000408,search_result_viewed,2026-08-09 18:24:17,C025,SEARCH_00134,SESSION_00134,UI/UX Designer,Chennai,web,campaign,1.0,RESULT_00134,19.0,,,,,,,,,,,
E000460,search_performed,2026-08-10 08:36:00,C023,SEARCH_00147,SESSION_00147,Software Developer,Chennai,mobile,referral,1.0,,,,,,,,,,,,,
E000461,search_performed,2026-08-10 09:16:00,C028,SEARCH_00148,SESSION_00148,Data Analyst,Bengaluru,web,direct,1.0,,,,,,,,,,,,,
E000462,search_result_viewed,2026-08-10 09:17:50,C028,SEARCH_00148,SESSION_00148,Data Analyst,Bengaluru,web,referral,1.0,RESULT_00148,19.0,,,,,,,,,,,
E000466,search_performed,2026-08-10 09:19:00,C029,SEARCH_00150,SESSION_00150,UI/UX Designer,Mumbai,web,organic,1.0,,,,,,,,,,,,,
E000467,search_result_viewed,2026-08-10 09:20:37,C029,SEARCH_00150,SESSION_00150,UI/UX Designer,Mumbai,web,direct,1.0,RESULT_00150,25.0,,,,,,,,,,,
E000438,search_performed,2026-08-10 10:24:00,C005,SEARCH_00142,SESSION_00142,Data Analyst,Mumbai,web,campaign,1.0,,,,,,,,,,,,,
E000439,search_result_viewed,2026-08-10 10:24:37,C005,SEARCH_00142,SESSION_00142,Data Analyst,Mumbai,web,referral,1.0,RESULT_00142,7.0,,,,,,,,,,,
E000440,listing_viewed,2026-08-10 10:28:01,C005,SEARCH_00142,SESSION_00142,Data Analyst,Mumbai,web,direct,1.0,,,LISTING_00091,5.0,,,,,,,,,
E000469,search_performed,2026-08-10 10:40:00,C015,SEARCH_00152,SESSION_00152,UI/UX Designer,Hyderabad,mobile,campaign,1.0,,,,,,,,,,,,,
E000470,search_result_viewed,2026-08-10 10:42:47,C015,SEARCH_00152,SESSION_00152,UI/UX Designer,Hyderabad,mobile,campaign,1.0,RESULT_00152,11.0,,,,,,,,,,,
E000471,listing_viewed,2026-08-10 10:45:57,C015,SEARCH_00152,SESSION_00152,UI/UX Designer,Hyderabad,web,referral,1.0,,,LISTING_00096,4.0,,,,,,,,,
E000441,company_contact_started,2026-08-10 10:56:01,C005,SEARCH_00142,SESSION_00142,Data Analyst,Mumbai,mobile,organic,1.0,,,LISTING_00091,,CONTACT_00042,email,,,,,,,
E000448,search_performed,2026-08-10 11:29:00,C032,SEARCH_00144,SESSION_00144,Digital Marketer,Chennai,web,direct,1.0,,,,,,,,,,,,,
E000449,search_result_viewed,2026-08-10 11:30:51,C032,SEARCH_00144,SESSION_00144,Digital Marketer,Chennai,mobile,referral,1.0,RESULT_00144,15.0,,,,,,,,,,,
E000450,listing_viewed,2026-08-10 11:32:51,C032,SEARCH_00144,SESSION_00144,Digital Marketer,Chennai,web,referral,1.0,,,LISTING_00093,10.0,,,,,,,,,
E000451,company_contact_started,2026-08-10 12:17:51,C032,SEARCH_00144,SESSION_00144,Digital Marketer,Chennai,mobile,referral,1.0,,,LISTING_00093,,CONTACT_00044,message,,,,,,,
E000422,search_performed,2026-08-10 12:52:00,C013,SEARCH_00138,SESSION_00138,Digital Marketer,Chennai,mobile,referral,1.0,,,,,,,,,,,,,
E000423,search_result_viewed,2026-08-10 12:52:30,C013,SEARCH_00138,SESSION_00138,Digital Marketer,Chennai,mobile,campaign,1.0,RESULT_00138,16.0,,,,,,,,,,,
E000455,search_performed,2026-08-10 12:53:00,C030,SEARCH_00146,SESSION_00146,Software Developer,Pune,web,campaign,1.0,,,,,,,,,,,,,
E000456,search_result_viewed,2026-08-10 12:53:45,C030,SEARCH_00146,SESSION_00146,Software Developer,Pune,mobile,direct,1.0,RESULT_00146,25.0,,,,,,,,,,,
E000457,listing_viewed,2026-08-10 12:54:34,C030,SEARCH_00146,SESSION_00146,Software Developer,Pune,mobile,organic,1.0,,,LISTING_00094,7.0,,,,,,,,,
E000424,listing_viewed,2026-08-10 12:55:38,C013,SEARCH_00138,SESSION_00138,Digital Marketer,Chennai,mobile,organic,1.0,,,LISTING_00087,4.0,,,,,,,,,
E000435,search_performed,2026-08-10 13:01:00,C040,SEARCH_00141,SESSION_00141,Digital Marketer,Pune,mobile,campaign,1.0,,,,,,,,,,,,,
E000436,search_result_viewed,2026-08-10 13:02:41,C040,SEARCH_00141,SESSION_00141,Digital Marketer,Pune,mobile,campaign,1.0,RESULT_00141,22.0,,,,,,,,,,,
E000437,listing_viewed,2026-08-10 13:05:20,C040,SEARCH_00141,SESSION_00141,Digital Marketer,Pune,web,referral,1.0,,,LISTING_00090,7.0,,,,,,,,,
E000476,search_performed,2026-08-10 13:07:00,C038,SEARCH_00154,SESSION_00154,Data Analyst,Hyderabad,web,referral,1.0,,,,,,,,,,,,,
E000477,search_result_viewed,2026-08-10 13:08:45,C038,SEARCH_00154,SESSION_00154,Data Analyst,Hyderabad,web,campaign,1.0,RESULT_00154,27.0,,,,,,,,,,,
E000478,listing_viewed,2026-08-10 13:09:30,C038,SEARCH_00154,SESSION_00154,Data Analyst,Hyderabad,mobile,campaign,1.0,,,LISTING_00098,10.0,,,,,,,,,
E000453,search_performed,2026-08-10 13:24:00,C032,SEARCH_00145,SESSION_00145,Digital Marketer,Hyderabad,mobile,campaign,1.0,,,,,,,,,,,,,
E000454,search_result_viewed,2026-08-10 13:26:34,C032,SEARCH_00145,SESSION_00145,Digital Marketer,Hyderabad,web,organic,1.0,RESULT_00145,11.0,,,,,,,,,,,
E000458,company_contact_started,2026-08-10 13:33:34,C030,SEARCH_00146,SESSION_00146,Software Developer,Pune,mobile,campaign,1.0,,,LISTING_00094,,CONTACT_00045,email,,,,,,,
E000479,company_contact_started,2026-08-10 13:50:30,C038,SEARCH_00154,SESSION_00154,Data Analyst,Hyderabad,web,direct,1.0,,,LISTING_00098,,CONTACT_00047,phone,,,,,,,
E000409,search_performed,2026-08-10 14:02:00,C014,SEARCH_00135,SESSION_00135,Business Analyst,Mumbai,web,direct,1.0,,,,,,,,,,,,,
E000410,search_result_viewed,2026-08-10 14:04:31,C014,SEARCH_00135,SESSION_00135,Business Analyst,Mumbai,mobile,referral,1.0,RESULT_00135,23.0,,,,,,,,,,,
E000411,listing_viewed,2026-08-10 14:06:05,C014,SEARCH_00135,SESSION_00135,Business Analyst,Mumbai,mobile,direct,1.0,,,LISTING_00084,4.0,,,,,,,,,
E000415,search_performed,2026-08-10 14:08:00,C005,SEARCH_00137,SESSION_00137,Data Analyst,Bengaluru,web,organic,1.0,,,,,,,,,,,,,
E000416,search_result_viewed,2026-08-10 14:08:12,C005,SEARCH_00137,SESSION_00137,Data Analyst,Bengaluru,mobile,referral,1.0,RESULT_00137,11.0,,,,,,,,,,,
E000417,listing_viewed,2026-08-10 14:11:05,C005,SEARCH_00137,SESSION_00137,Data Analyst,Bengaluru,mobile,campaign,1.0,,,LISTING_00086,10.0,,,,,,,,,
E000425,search_performed,2026-08-10 14:24:00,C003,SEARCH_00139,SESSION_00139,Data Analyst,Pune,mobile,organic,1.0,,,,,,,,,,,,,
E000426,search_result_viewed,2026-08-10 14:24:53,C003,SEARCH_00139,SESSION_00139,Data Analyst,Pune,mobile,campaign,1.0,RESULT_00139,7.0,,,,,,,,,,,
E000427,listing_viewed,2026-08-10 14:26:27,C003,SEARCH_00139,SESSION_00139,Data Analyst,Pune,web,organic,1.0,,,LISTING_00088,10.0,,,,,,,,,
E000418,company_contact_started,2026-08-10 14:46:05,C005,SEARCH_00137,SESSION_00137,Data Analyst,Bengaluru,mobile,organic,1.0,,,LISTING_00086,,CONTACT_00040,phone,,,,,,,
E000443,search_performed,2026-08-10 14:49:00,C001,SEARCH_00143,SESSION_00143,Business Analyst,Pune,web,direct,1.0,,,,,,,,,,,,,
E000444,search_result_viewed,2026-08-10 14:49:53,C001,SEARCH_00143,SESSION_00143,Business Analyst,Pune,mobile,direct,1.0,RESULT_00143,26.0,,,,,,,,,,,
E000445,listing_viewed,2026-08-10 14:51:20,C001,SEARCH_00143,SESSION_00143,Business Analyst,Pune,mobile,direct,1.0,,,LISTING_00092,5.0,,,,,,,,,
E000463,search_performed,2026-08-10 14:58:00,C031,SEARCH_00149,SESSION_00149,Data Analyst,Mumbai,web,organic,1.0,,,,,,,,,,,,,
E000464,search_result_viewed,2026-08-10 14:58:46,C031,SEARCH_00149,SESSION_00149,Data Analyst,Mumbai,mobile,referral,1.0,RESULT_00149,16.0,,,,,,,,,,,
E000465,listing_viewed,2026-08-10 14:59:48,C031,SEARCH_00149,SESSION_00149,Data Analyst,Mumbai,mobile,referral,1.0,,,LISTING_00095,9.0,,,,,,,,,
E000446,company_contact_started,2026-08-10 15:19:20,C001,SEARCH_00143,SESSION_00143,Business Analyst,Pune,mobile,referral,1.0,,,LISTING_00092,,CONTACT_00043,email,,,,,,,
E000428,company_contact_started,2026-08-10 15:24:27,C003,SEARCH_00139,SESSION_00139,Data Analyst,Pune,mobile,referral,1.0,,,LISTING_00088,,CONTACT_00041,phone,,,,,,,
E000468,search_performed,2026-08-10 16:10:00,C016,SEARCH_00151,SESSION_00151,Digital Marketer,Hyderabad,mobile,campaign,1.0,,,,,,,,,,,,,
E000472,search_performed,2026-08-10 16:11:00,C005,SEARCH_00153,SESSION_00153,Digital Marketer,Bengaluru,mobile,referral,1.0,,,,,,,,,,,,,
E000473,search_result_viewed,2026-08-10 16:11:39,C005,SEARCH_00153,SESSION_00153,Digital Marketer,Bengaluru,mobile,referral,1.0,RESULT_00153,13.0,,,,,,,,,,,
E000474,listing_viewed,2026-08-10 16:14:25,C005,SEARCH_00153,SESSION_00153,Digital Marketer,Bengaluru,web,referral,1.0,,,LISTING_00097,7.0,,,,,,,,,
E000475,company_contact_started,2026-08-10 16:44:25,C005,SEARCH_00153,SESSION_00153,Digital Marketer,Bengaluru,web,referral,1.0,,,LISTING_00097,,CONTACT_00046,phone,,,,,,,
E000432,search_performed,2026-08-10 17:53:00,C011,SEARCH_00140,SESSION_00140,Digital Marketer,Hyderabad,mobile,referral,1.0,,,,,,,,,,,,,
E000433,search_result_viewed,2026-08-10 17:53:45,C011,SEARCH_00140,SESSION_00140,Digital Marketer,Hyderabad,web,referral,1.0,RESULT_00140,30.0,,,,,,,,,,,
E000434,listing_viewed,2026-08-10 17:55:46,C011,SEARCH_00140,SESSION_00140,Digital Marketer,Hyderabad,web,referral,1.0,,,LISTING_00089,4.0,,,,,,,,,
E000447,engagement_started,2026-08-10 18:19:20,C001,SEARCH_00143,SESSION_00143,Business Analyst,Pune,mobile,referral,1.0,,,LISTING_00092,,,,ENGAGE_00020,application,,,,,
E000429,engagement_started,2026-08-10 18:24:27,C003,SEARCH_00139,SESSION_00139,Data Analyst,Pune,mobile,organic,1.0,,,LISTING_00088,,,,ENGAGE_00018,application,,,,,
E000412,search_performed,2026-08-10 18:47:00,C022,SEARCH_00136,SESSION_00136,Business Analyst,Pune,mobile,campaign,1.0,,,,,,,,,,,,,
E000413,search_result_viewed,2026-08-10 18:48:40,C022,SEARCH_00136,SESSION_00136,Business Analyst,Pune,web,campaign,1.0,RESULT_00136,10.0,,,,,,,,,,,
E000480,engagement_started,2026-08-10 18:50:30,C038,SEARCH_00154,SESSION_00154,Data Analyst,Hyderabad,web,referral,1.0,,,LISTING_00098,,,,ENGAGE_00023,application,,,,,
E000414,listing_viewed,2026-08-10 18:52:37,C022,SEARCH_00136,SESSION_00136,Business Analyst,Pune,web,organic,1.0,,,LISTING_00085,9.0,,,,,,,,,
E000442,engagement_started,2026-08-10 22:56:01,C005,SEARCH_00142,SESSION_00142,Data Analyst,Mumbai,web,referral,1.0,,,LISTING_00091,,,,ENGAGE_00019,application,,,,,
E000452,engagement_started,2026-08-11 01:17:51,C032,SEARCH_00144,SESSION_00144,Digital Marketer,Chennai,mobile,referral,1.0,,,LISTING_00093,,,,ENGAGE_00021,application,,,,,
E000459,engagement_started,2026-08-11 01:33:34,C030,SEARCH_00146,SESSION_00146,Software Developer,Pune,web,organic,1.0,,,LISTING_00094,,,,ENGAGE_00022,application,,,,,
E000353,match_created,2026-08-11 01:47:25,C036,SEARCH_00113,SESSION_00113,Business Analyst,Pune,mobile,campaign,1.0,,,LISTING_00074,,,,ENGAGE_00014,,MATCH_00008,company_candidate,,,
E000510,search_performed,2026-08-11 09:06:00,C015,SEARCH_00165,SESSION_00165,UI/UX Designer,Bengaluru,mobile,referral,1.0,,,,,,,,,,,,,
E000511,search_result_viewed,2026-08-11 09:06:45,C015,SEARCH_00165,SESSION_00165,UI/UX Designer,Bengaluru,web,direct,1.0,RESULT_00165,17.0,,,,,,,,,,,
E000514,search_performed,2026-08-11 09:08:00,C029,SEARCH_00166,SESSION_00166,Software Developer,Bengaluru,web,campaign,1.0,,,,,,,,,,,,,
E000512,listing_viewed,2026-08-11 09:09:19,C015,SEARCH_00165,SESSION_00165,UI/UX Designer,Bengaluru,web,campaign,1.0,,,LISTING_00105,1.0,,,,,,,,,
E000515,search_result_viewed,2026-08-11 09:09:59,C029,SEARCH_00166,SESSION_00166,Software Developer,Bengaluru,web,direct,1.0,RESULT_00166,15.0,,,,,,,,,,,
E000516,listing_viewed,2026-08-11 09:10:30,C029,SEARCH_00166,SESSION_00166,Software Developer,Bengaluru,mobile,organic,1.0,,,LISTING_00106,4.0,,,,,,,,,
E000513,company_contact_started,2026-08-11 09:23:19,C015,SEARCH_00165,SESSION_00165,UI/UX Designer,Bengaluru,web,campaign,1.0,,,LISTING_00105,,CONTACT_00050,phone,,,,,,,
E000498,search_performed,2026-08-11 09:46:00,C021,SEARCH_00162,SESSION_00162,Digital Marketer,Bengaluru,mobile,referral,1.0,,,,,,,,,,,,,
E000499,search_result_viewed,2026-08-11 09:48:26,C021,SEARCH_00162,SESSION_00162,Digital Marketer,Bengaluru,web,campaign,1.0,RESULT_00162,17.0,,,,,,,,,,,
E000481,search_performed,2026-08-11 10:12:00,C023,SEARCH_00155,SESSION_00155,Data Analyst,Pune,mobile,campaign,1.0,,,,,,,,,,,,,
E000482,search_result_viewed,2026-08-11 10:14:15,C023,SEARCH_00155,SESSION_00155,Data Analyst,Pune,mobile,campaign,1.0,RESULT_00155,18.0,,,,,,,,,,,
E000483,listing_viewed,2026-08-11 10:16:49,C023,SEARCH_00155,SESSION_00155,Data Analyst,Pune,web,referral,1.0,,,LISTING_00099,1.0,,,,,,,,,
E000484,company_contact_started,2026-08-11 10:31:49,C023,SEARCH_00155,SESSION_00155,Data Analyst,Pune,mobile,direct,1.0,,,LISTING_00099,,CONTACT_00048,phone,,,,,,,
E000507,search_performed,2026-08-11 11:30:00,C006,SEARCH_00164,SESSION_00164,Data Analyst,Bengaluru,web,direct,1.0,,,,,,,,,,,,,
E000508,search_result_viewed,2026-08-11 11:32:22,C006,SEARCH_00164,SESSION_00164,Data Analyst,Bengaluru,mobile,organic,1.0,RESULT_00164,26.0,,,,,,,,,,,
E000509,listing_viewed,2026-08-11 11:33:59,C006,SEARCH_00164,SESSION_00164,Data Analyst,Bengaluru,mobile,direct,1.0,,,LISTING_00104,2.0,,,,,,,,,
E000500,search_performed,2026-08-11 12:21:00,C032,SEARCH_00163,SESSION_00163,Business Analyst,Mumbai,web,campaign,1.0,,,,,,,,,,,,,
E000501,search_result_viewed,2026-08-11 12:21:22,C032,SEARCH_00163,SESSION_00163,Business Analyst,Mumbai,web,campaign,1.0,RESULT_00163,6.0,,,,,,,,,,,
E000502,listing_viewed,2026-08-11 12:25:11,C032,SEARCH_00163,SESSION_00163,Business Analyst,Mumbai,mobile,campaign,1.0,,,LISTING_00103,3.0,,,,,,,,,
E000497,search_performed,2026-08-11 12:44:00,C006,SEARCH_00161,SESSION_00161,UI/UX Designer,Chennai,mobile,campaign,1.0,,,,,,,,,,,,,
E000503,company_contact_started,2026-08-11 12:53:11,C032,SEARCH_00163,SESSION_00163,Business Analyst,Mumbai,web,referral,1.0,,,LISTING_00103,,CONTACT_00049,message,,,,,,,
E000493,search_performed,2026-08-11 12:54:00,C019,SEARCH_00159,SESSION_00159,Business Analyst,Chennai,web,direct,1.0,,,,,,,,,,,,,
E000488,search_performed,2026-08-11 13:55:00,C003,SEARCH_00157,SESSION_00157,UI/UX Designer,Mumbai,web,campaign,1.0,,,,,,,,,,,,,
E000489,search_result_viewed,2026-08-11 13:55:40,C003,SEARCH_00157,SESSION_00157,UI/UX Designer,Mumbai,web,direct,1.0,RESULT_00157,29.0,,,,,,,,,,,
E000523,search_performed,2026-08-11 14:05:00,C033,SEARCH_00169,SESSION_00169,UI/UX Designer,Pune,web,referral,1.0,,,,,,,,,,,,,
E000524,search_result_viewed,2026-08-11 14:05:30,C033,SEARCH_00169,SESSION_00169,UI/UX Designer,Pune,web,direct,1.0,RESULT_00169,21.0,,,,,,,,,,,
E000525,listing_viewed,2026-08-11 14:07:20,C033,SEARCH_00169,SESSION_00169,UI/UX Designer,Pune,web,referral,1.0,,,LISTING_00109,10.0,,,,,,,,,
E000419,engagement_started,2026-08-11 14:46:05,C005,SEARCH_00137,SESSION_00137,Data Analyst,Bengaluru,mobile,referral,1.0,,,LISTING_00086,,,,ENGAGE_00017,application,,,,,
E000485,search_performed,2026-08-11 16:07:00,C037,SEARCH_00156,SESSION_00156,UI/UX Designer,Chennai,web,referral,1.0,,,,,,,,,,,,,
E000486,search_result_viewed,2026-08-11 16:08:43,C037,SEARCH_00156,SESSION_00156,UI/UX Designer,Chennai,web,campaign,1.0,RESULT_00156,22.0,,,,,,,,,,,
E000487,listing_viewed,2026-08-11 16:10:41,C037,SEARCH_00156,SESSION_00156,UI/UX Designer,Chennai,web,referral,1.0,,,LISTING_00100,2.0,,,,,,,,,
E000430,match_created,2026-08-11 16:24:27,C003,SEARCH_00139,SESSION_00139,Data Analyst,Pune,web,direct,1.0,,,LISTING_00088,,,,ENGAGE_00018,,MATCH_00010,company_candidate,,,
E000520,search_performed,2026-08-11 17:26:00,C021,SEARCH_00168,SESSION_00168,Software Developer,Pune,mobile,direct,1.0,,,,,,,,,,,,,
E000521,search_result_viewed,2026-08-11 17:26:28,C021,SEARCH_00168,SESSION_00168,Software Developer,Pune,web,organic,1.0,RESULT_00168,5.0,,,,,,,,,,,
E000522,listing_viewed,2026-08-11 17:26:48,C021,SEARCH_00168,SESSION_00168,Software Developer,Pune,mobile,referral,1.0,,,LISTING_00108,1.0,,,,,,,,,
E000517,search_performed,2026-08-11 17:32:00,C020,SEARCH_00167,SESSION_00167,Software Developer,Chennai,web,campaign,1.0,,,,,,,,,,,,,
E000518,search_result_viewed,2026-08-11 17:32:23,C020,SEARCH_00167,SESSION_00167,Software Developer,Chennai,web,campaign,1.0,RESULT_00167,30.0,,,,,,,,,,,
E000519,listing_viewed,2026-08-11 17:33:34,C020,SEARCH_00167,SESSION_00167,Software Developer,Chennai,web,organic,1.0,,,LISTING_00107,8.0,,,,,,,,,
E000494,search_performed,2026-08-11 18:08:00,C027,SEARCH_00160,SESSION_00160,Data Analyst,Mumbai,web,direct,1.0,,,,,,,,,,,,,
E000495,search_result_viewed,2026-08-11 18:09:32,C027,SEARCH_00160,SESSION_00160,Data Analyst,Mumbai,mobile,campaign,1.0,RESULT_00160,12.0,,,,,,,,,,,
E000496,listing_viewed,2026-08-11 18:12:23,C027,SEARCH_00160,SESSION_00160,Data Analyst,Mumbai,mobile,campaign,1.0,,,LISTING_00102,5.0,,,,,,,,,
E000490,search_performed,2026-08-11 18:27:00,C038,SEARCH_00158,SESSION_00158,Business Analyst,Chennai,web,direct,1.0,,,,,,,,,,,,,
E000491,search_result_viewed,2026-08-11 18:28:02,C038,SEARCH_00158,SESSION_00158,Business Analyst,Chennai,web,referral,1.0,RESULT_00158,30.0,,,,,,,,,,,
E000492,listing_viewed,2026-08-11 18:30:44,C038,SEARCH_00158,SESSION_00158,Business Analyst,Chennai,web,referral,1.0,,,LISTING_00101,9.0,,,,,,,,,
E000504,engagement_started,2026-08-11 21:53:11,C032,SEARCH_00163,SESSION_00163,Business Analyst,Mumbai,web,referral,1.0,,,LISTING_00103,,,,ENGAGE_00024,application,,,,,
E000559,search_performed,2026-08-12 09:29:00,C036,SEARCH_00180,SESSION_00180,Digital Marketer,Hyderabad,web,direct,1.0,,,,,,,,,,,,,
E000560,search_result_viewed,2026-08-12 09:29:25,C036,SEARCH_00180,SESSION_00180,Digital Marketer,Hyderabad,web,direct,1.0,RESULT_00180,29.0,,,,,,,,,,,
E000561,listing_viewed,2026-08-12 09:31:17,C036,SEARCH_00180,SESSION_00180,Digital Marketer,Hyderabad,web,referral,1.0,,,LISTING_00115,6.0,,,,,,,,,
E000539,search_performed,2026-08-12 09:35:00,C019,SEARCH_00175,SESSION_00175,Business Analyst,Mumbai,mobile,organic,1.0,,,,,,,,,,,,,
E000540,search_result_viewed,2026-08-12 09:36:24,C019,SEARCH_00175,SESSION_00175,Business Analyst,Mumbai,mobile,direct,1.0,RESULT_00175,23.0,,,,,,,,,,,
E000541,listing_viewed,2026-08-12 09:39:05,C019,SEARCH_00175,SESSION_00175,Business Analyst,Mumbai,web,direct,1.0,,,LISTING_00113,8.0,,,,,,,,,
E000529,search_performed,2026-08-12 10:23:00,C034,SEARCH_00171,SESSION_00171,Digital Marketer,Mumbai,web,referral,1.0,,,,,,,,,,,,,
E000530,search_result_viewed,2026-08-12 10:23:40,C034,SEARCH_00171,SESSION_00171,Digital Marketer,Mumbai,web,referral,1.0,RESULT_00171,29.0,,,,,,,,,,,
E000577,search_performed,2026-08-12 10:36:00,C023,SEARCH_00186,SESSION_00186,Digital Marketer,Chennai,web,campaign,1.0,,,,,,,,,,,,,
E000578,search_result_viewed,2026-08-12 10:36:54,C023,SEARCH_00186,SESSION_00186,Digital Marketer,Chennai,web,organic,1.0,RESULT_00186,20.0,,,,,,,,,,,
E000542,company_contact_started,2026-08-12 10:39:05,C019,SEARCH_00175,SESSION_00175,Business Analyst,Mumbai,web,direct,1.0,,,LISTING_00113,,CONTACT_00051,email,,,,,,,
E000579,listing_viewed,2026-08-12 10:39:38,C023,SEARCH_00186,SESSION_00186,Digital Marketer,Chennai,web,campaign,1.0,,,LISTING_00117,4.0,,,,,,,,,
E000534,search_performed,2026-08-12 11:02:00,C001,SEARCH_00173,SESSION_00173,Data Analyst,Bengaluru,mobile,referral,1.0,,,,,,,,,,,,,
E000535,search_result_viewed,2026-08-12 11:02:48,C001,SEARCH_00173,SESSION_00173,Data Analyst,Bengaluru,web,campaign,1.0,RESULT_00173,10.0,,,,,,,,,,,
E000536,listing_viewed,2026-08-12 11:04:01,C001,SEARCH_00173,SESSION_00173,Data Analyst,Bengaluru,mobile,referral,1.0,,,LISTING_00112,7.0,,,,,,,,,
E000557,search_performed,2026-08-12 11:22:00,C021,SEARCH_00179,SESSION_00179,Software Developer,Bengaluru,mobile,organic,1.0,,,,,,,,,,,,,
E000558,search_result_viewed,2026-08-12 11:23:16,C021,SEARCH_00179,SESSION_00179,Software Developer,Bengaluru,web,campaign,1.0,RESULT_00179,10.0,,,,,,,,,,,
E000580,company_contact_started,2026-08-12 11:38:38,C023,SEARCH_00186,SESSION_00186,Digital Marketer,Chennai,web,direct,1.0,,,LISTING_00117,,CONTACT_00054,phone,,,,,,,
E000562,search_performed,2026-08-12 11:57:00,C005,SEARCH_00181,SESSION_00181,Data Analyst,Bengaluru,mobile,direct,1.0,,,,,,,,,,,,,
E000563,search_result_viewed,2026-08-12 11:58:34,C005,SEARCH_00181,SESSION_00181,Data Analyst,Bengaluru,web,campaign,1.0,RESULT_00181,8.0,,,,,,,,,,,
E000564,listing_viewed,2026-08-12 12:01:10,C005,SEARCH_00181,SESSION_00181,Data Analyst,Bengaluru,mobile,campaign,1.0,,,LISTING_00116,7.0,,,,,,,,,
E000546,search_performed,2026-08-12 12:05:00,C032,SEARCH_00176,SESSION_00176,Data Analyst,Hyderabad,web,direct,1.0,,,,,,,,,,,,,
E000547,search_result_viewed,2026-08-12 12:07:23,C032,SEARCH_00176,SESSION_00176,Data Analyst,Hyderabad,mobile,campaign,1.0,RESULT_00176,18.0,,,,,,,,,,,
E000531,search_performed,2026-08-12 12:45:00,C018,SEARCH_00172,SESSION_00172,Digital Marketer,Bengaluru,web,campaign,1.0,,,,,,,,,,,,,
E000565,company_contact_started,2026-08-12 12:45:10,C005,SEARCH_00181,SESSION_00181,Data Analyst,Bengaluru,web,referral,1.0,,,LISTING_00116,,CONTACT_00053,email,,,,,,,
E000532,search_result_viewed,2026-08-12 12:46:42,C018,SEARCH_00172,SESSION_00172,Digital Marketer,Bengaluru,mobile,direct,1.0,RESULT_00172,6.0,,,,,,,,,,,
E000533,listing_viewed,2026-08-12 12:47:57,C018,SEARCH_00172,SESSION_00172,Digital Marketer,Bengaluru,web,direct,1.0,,,LISTING_00111,2.0,,,,,,,,,
E000555,search_performed,2026-08-12 12:54:00,C029,SEARCH_00178,SESSION_00178,Business Analyst,Pune,web,organic,1.0,,,,,,,,,,,,,
E000556,search_result_viewed,2026-08-12 12:55:27,C029,SEARCH_00178,SESSION_00178,Business Analyst,Pune,web,direct,1.0,RESULT_00178,27.0,,,,,,,,,,,
E000575,search_performed,2026-08-12 13:59:00,C015,SEARCH_00185,SESSION_00185,Digital Marketer,Pune,web,direct,1.0,,,,,,,,,,,,,
E000576,search_result_viewed,2026-08-12 14:00:31,C015,SEARCH_00185,SESSION_00185,Digital Marketer,Pune,mobile,organic,1.0,RESULT_00185,30.0,,,,,,,,,,,
E000526,search_performed,2026-08-12 14:07:00,C004,SEARCH_00170,SESSION_00170,Software Developer,Bengaluru,mobile,organic,1.0,,,,,,,,,,,,,
E000569,search_performed,2026-08-12 14:08:00,C004,SEARCH_00182,SESSION_00182,Data Analyst,Mumbai,mobile,direct,1.0,,,,,,,,,,,,,
E000527,search_result_viewed,2026-08-12 14:09:58,C004,SEARCH_00170,SESSION_00170,Software Developer,Bengaluru,web,organic,1.0,RESULT_00170,28.0,,,,,,,,,,,
E000570,search_result_viewed,2026-08-12 14:10:24,C004,SEARCH_00182,SESSION_00182,Data Analyst,Mumbai,web,campaign,1.0,RESULT_00182,12.0,,,,,,,,,,,
E000528,listing_viewed,2026-08-12 14:10:43,C004,SEARCH_00170,SESSION_00170,Software Developer,Bengaluru,web,campaign,1.0,,,LISTING_00110,1.0,,,,,,,,,
E000571,search_performed,2026-08-12 15:22:00,C023,SEARCH_00183,SESSION_00183,UI/UX Designer,Chennai,mobile,campaign,1.0,,,,,,,,,,,,,
E000572,search_result_viewed,2026-08-12 15:22:16,C023,SEARCH_00183,SESSION_00183,UI/UX Designer,Chennai,web,organic,1.0,RESULT_00183,15.0,,,,,,,,,,,
E000548,search_performed,2026-08-12 16:08:00,C006,SEARCH_00177,SESSION_00177,Digital Marketer,Bengaluru,mobile,organic,1.0,,,,,,,,,,,,,
E000549,search_result_viewed,2026-08-12 16:08:25,C006,SEARCH_00177,SESSION_00177,Digital Marketer,Bengaluru,web,direct,1.0,RESULT_00177,18.0,,,,,,,,,,,
E000550,listing_viewed,2026-08-12 16:12:12,C006,SEARCH_00177,SESSION_00177,Digital Marketer,Bengaluru,mobile,referral,1.0,,,LISTING_00114,6.0,,,,,,,,,
E000573,search_performed,2026-08-12 16:22:00,C018,SEARCH_00184,SESSION_00184,Data Analyst,Pune,web,direct,1.0,,,,,,,,,,,,,
E000574,search_result_viewed,2026-08-12 16:24:58,C018,SEARCH_00184,SESSION_00184,Data Analyst,Pune,mobile,organic,1.0,RESULT_00184,12.0,,,,,,,,,,,
E000551,company_contact_started,2026-08-12 16:30:12,C006,SEARCH_00177,SESSION_00177,Digital Marketer,Bengaluru,web,direct,1.0,,,LISTING_00114,,CONTACT_00052,message,,,,,,,
E000537,search_performed,2026-08-12 16:43:00,C037,SEARCH_00174,SESSION_00174,Business Analyst,Bengaluru,web,direct,1.0,,,,,,,,,,,,,
E000538,search_result_viewed,2026-08-12 16:45:22,C037,SEARCH_00174,SESSION_00174,Business Analyst,Bengaluru,mobile,organic,1.0,RESULT_00174,6.0,,,,,,,,,,,
E000581,engagement_started,2026-08-12 17:38:38,C023,SEARCH_00186,SESSION_00186,Digital Marketer,Chennai,mobile,organic,1.0,,,LISTING_00117,,,,ENGAGE_00028,application,,,,,
E000583,search_performed,2026-08-12 18:25:00,C024,SEARCH_00187,SESSION_00187,Data Analyst,Mumbai,web,referral,1.0,,,,,,,,,,,,,
E000584,search_result_viewed,2026-08-12 18:25:44,C024,SEARCH_00187,SESSION_00187,Data Analyst,Mumbai,mobile,campaign,1.0,RESULT_00187,10.0,,,,,,,,,,,
E000585,listing_viewed,2026-08-12 18:26:38,C024,SEARCH_00187,SESSION_00187,Data Analyst,Mumbai,mobile,direct,1.0,,,LISTING_00118,9.0,,,,,,,,,
E000566,engagement_started,2026-08-12 18:45:10,C005,SEARCH_00181,SESSION_00181,Data Analyst,Bengaluru,mobile,referral,1.0,,,LISTING_00116,,,,ENGAGE_00027,application,,,,,
E000505,match_created,2026-08-12 22:53:11,C032,SEARCH_00163,SESSION_00163,Business Analyst,Mumbai,web,organic,1.0,,,LISTING_00103,,,,ENGAGE_00024,,MATCH_00011,company_candidate,,,
E000567,match_created,2026-08-13 05:45:10,C005,SEARCH_00181,SESSION_00181,Data Analyst,Bengaluru,web,direct,1.0,,,LISTING_00116,,,,ENGAGE_00027,,MATCH_00014,company_candidate,,,
E000543,engagement_started,2026-08-13 07:39:05,C019,SEARCH_00175,SESSION_00175,Business Analyst,Mumbai,web,referral,1.0,,,LISTING_00113,,,,ENGAGE_00025,application,,,,,
E000607,search_performed,2026-08-13 08:16:00,C024,SEARCH_00194,SESSION_00194,Software Developer,Pune,mobile,campaign,1.0,,,,,,,,,,,,,
E000608,search_result_viewed,2026-08-13 08:17:18,C024,SEARCH_00194,SESSION_00194,Software Developer,Pune,web,direct,1.0,RESULT_00194,23.0,,,,,,,,,,,
E000598,search_performed,2026-08-13 09:21:00,C011,SEARCH_00191,SESSION_00191,Data Analyst,Chennai,mobile,organic,1.0,,,,,,,,,,,,,
E000599,search_result_viewed,2026-08-13 09:23:57,C011,SEARCH_00191,SESSION_00191,Data Analyst,Chennai,mobile,direct,1.0,RESULT_00191,10.0,,,,,,,,,,,
E000600,listing_viewed,2026-08-13 09:25:31,C011,SEARCH_00191,SESSION_00191,Data Analyst,Chennai,web,campaign,1.0,,,LISTING_00121,4.0,,,,,,,,,
E000588,search_performed,2026-08-13 09:59:00,C040,SEARCH_00189,SESSION_00189,Software Developer,Chennai,mobile,direct,1.0,,,,,,,,,,,,,
E000589,search_result_viewed,2026-08-13 09:59:29,C040,SEARCH_00189,SESSION_00189,Software Developer,Chennai,mobile,referral,1.0,RESULT_00189,12.0,,,,,,,,,,,
E000590,listing_viewed,2026-08-13 10:03:25,C040,SEARCH_00189,SESSION_00189,Software Developer,Chennai,mobile,campaign,1.0,,,LISTING_00119,2.0,,,,,,,,,
E000586,search_performed,2026-08-13 10:11:00,C025,SEARCH_00188,SESSION_00188,Business Analyst,Mumbai,web,campaign,1.0,,,,,,,,,,,,,
E000587,search_result_viewed,2026-08-13 10:13:35,C025,SEARCH_00188,SESSION_00188,Business Analyst,Mumbai,web,referral,1.0,RESULT_00188,6.0,,,,,,,,,,,
E000591,company_contact_started,2026-08-13 10:17:25,C040,SEARCH_00189,SESSION_00189,Software Developer,Chennai,web,referral,1.0,,,LISTING_00119,,CONTACT_00055,message,,,,,,,
E000636,search_performed,2026-08-13 11:16:00,C012,SEARCH_00203,SESSION_00203,Digital Marketer,Bengaluru,mobile,referral,1.0,,,,,,,,,,,,,
E000637,search_result_viewed,2026-08-13 11:17:46,C012,SEARCH_00203,SESSION_00203,Digital Marketer,Bengaluru,mobile,referral,1.0,RESULT_00203,16.0,,,,,,,,,,,
E000638,listing_viewed,2026-08-13 11:19:13,C012,SEARCH_00203,SESSION_00203,Digital Marketer,Bengaluru,mobile,organic,1.0,,,LISTING_00129,9.0,,,,,,,,,
E000552,engagement_started,2026-08-13 11:30:12,C006,SEARCH_00177,SESSION_00177,Digital Marketer,Bengaluru,web,direct,1.0,,,LISTING_00114,,,,ENGAGE_00026,application,,,,,
E000639,company_contact_started,2026-08-13 12:02:13,C012,SEARCH_00203,SESSION_00203,Digital Marketer,Bengaluru,mobile,referral,1.0,,,LISTING_00129,,CONTACT_00061,email,,,,,,,
E000601,search_performed,2026-08-13 12:15:00,C035,SEARCH_00192,SESSION_00192,Business Analyst,Mumbai,web,organic,1.0,,,,,,,,,,,,,
E000602,search_result_viewed,2026-08-13 12:17:30,C035,SEARCH_00192,SESSION_00192,Business Analyst,Mumbai,web,organic,1.0,RESULT_00192,20.0,,,,,,,,,,,
E000603,listing_viewed,2026-08-13 12:19:29,C035,SEARCH_00192,SESSION_00192,Business Analyst,Mumbai,mobile,campaign,1.0,,,LISTING_00122,2.0,,,,,,,,,
E000604,company_contact_started,2026-08-13 12:21:29,C035,SEARCH_00192,SESSION_00192,Business Analyst,Mumbai,web,referral,1.0,,,LISTING_00122,,CONTACT_00057,message,,,,,,,
E000640,search_performed,2026-08-13 12:40:00,C031,SEARCH_00204,SESSION_00204,Data Analyst,Mumbai,mobile,referral,1.0,,,,,,,,,,,,,
E000641,search_result_viewed,2026-08-13 12:42:56,C031,SEARCH_00204,SESSION_00204,Data Analyst,Mumbai,web,direct,1.0,RESULT_00204,14.0,,,,,,,,,,,
E000642,listing_viewed,2026-08-13 12:44:07,C031,SEARCH_00204,SESSION_00204,Data Analyst,Mumbai,mobile,referral,1.0,,,LISTING_00130,1.0,,,,,,,,,
E000420,match_created,2026-08-13 12:46:05,C005,SEARCH_00137,SESSION_00137,Data Analyst,Bengaluru,mobile,direct,1.0,,,LISTING_00086,,,,ENGAGE_00017,,MATCH_00009,company_candidate,,,
E000622,search_performed,2026-08-13 13:52:00,C018,SEARCH_00199,SESSION_00199,Business Analyst,Bengaluru,mobile,referral,1.0,,,,,,,,,,,,,
E000623,search_result_viewed,2026-08-13 13:54:15,C018,SEARCH_00199,SESSION_00199,Business Analyst,Bengaluru,web,direct,1.0,RESULT_00199,27.0,,,,,,,,,,,
E000624,listing_viewed,2026-08-13 13:57:35,C018,SEARCH_00199,SESSION_00199,Business Analyst,Bengaluru,mobile,referral,1.0,,,LISTING_00126,8.0,,,,,,,,,
E000614,search_performed,2026-08-13 13:58:00,C010,SEARCH_00197,SESSION_00197,Digital Marketer,Mumbai,web,organic,1.0,,,,,,,,,,,,,
E000615,search_result_viewed,2026-08-13 13:59:51,C010,SEARCH_00197,SESSION_00197,Digital Marketer,Mumbai,mobile,referral,1.0,RESULT_00197,22.0,,,,,,,,,,,
E000633,search_performed,2026-08-13 14:03:00,C006,SEARCH_00202,SESSION_00202,Business Analyst,Bengaluru,web,direct,1.0,,,,,,,,,,,,,
E000616,listing_viewed,2026-08-13 14:03:44,C010,SEARCH_00197,SESSION_00197,Digital Marketer,Mumbai,mobile,organic,1.0,,,LISTING_00124,1.0,,,,,,,,,
E000613,search_performed,2026-08-13 14:05:00,C013,SEARCH_00196,SESSION_00196,Software Developer,Bengaluru,mobile,direct,1.0,,,,,,,,,,,,,
E000634,search_result_viewed,2026-08-13 14:05:55,C006,SEARCH_00202,SESSION_00202,Business Analyst,Bengaluru,web,referral,1.0,RESULT_00202,12.0,,,,,,,,,,,
E000635,listing_viewed,2026-08-13 14:08:16,C006,SEARCH_00202,SESSION_00202,Business Analyst,Bengaluru,web,campaign,1.0,,,LISTING_00128,1.0,,,,,,,,,
E000617,company_contact_started,2026-08-13 14:13:44,C010,SEARCH_00197,SESSION_00197,Digital Marketer,Mumbai,web,organic,1.0,,,LISTING_00124,,CONTACT_00059,phone,,,,,,,
E000592,engagement_started,2026-08-13 14:17:25,C040,SEARCH_00189,SESSION_00189,Software Developer,Chennai,web,organic,1.0,,,LISTING_00119,,,,ENGAGE_00029,application,,,,,
E000605,search_performed,2026-08-13 14:30:00,C031,SEARCH_00193,SESSION_00193,Data Analyst,Mumbai,mobile,referral,1.0,,,,,,,,,,,,,
E000606,search_result_viewed,2026-08-13 14:32:29,C031,SEARCH_00193,SESSION_00193,Data Analyst,Mumbai,web,referral,1.0,RESULT_00193,17.0,,,,,,,,,,,
E000625,search_performed,2026-08-13 15:13:00,C039,SEARCH_00200,SESSION_00200,Data Analyst,Hyderabad,mobile,campaign,1.0,,,,,,,,,,,,,
E000626,search_result_viewed,2026-08-13 15:14:45,C039,SEARCH_00200,SESSION_00200,Data Analyst,Hyderabad,web,organic,1.0,RESULT_00200,6.0,,,,,,,,,,,
E000627,listing_viewed,2026-08-13 15:17:04,C039,SEARCH_00200,SESSION_00200,Data Analyst,Hyderabad,web,organic,1.0,,,LISTING_00127,7.0,,,,,,,,,
E000628,company_contact_started,2026-08-13 16:14:04,C039,SEARCH_00200,SESSION_00200,Data Analyst,Hyderabad,web,direct,1.0,,,LISTING_00127,,CONTACT_00060,message,,,,,,,
E000594,search_performed,2026-08-13 16:24:00,C032,SEARCH_00190,SESSION_00190,UI/UX Designer,Mumbai,web,campaign,1.0,,,,,,,,,,,,,
E000609,search_performed,2026-08-13 16:26:00,C007,SEARCH_00195,SESSION_00195,Data Analyst,Mumbai,web,organic,1.0,,,,,,,,,,,,,
E000595,search_result_viewed,2026-08-13 16:26:37,C032,SEARCH_00190,SESSION_00190,UI/UX Designer,Mumbai,web,direct,1.0,RESULT_00190,25.0,,,,,,,,,,,
E000610,search_result_viewed,2026-08-13 16:28:23,C007,SEARCH_00195,SESSION_00195,Data Analyst,Mumbai,mobile,direct,1.0,RESULT_00195,18.0,,,,,,,,,,,
E000611,listing_viewed,2026-08-13 16:28:53,C007,SEARCH_00195,SESSION_00195,Data Analyst,Mumbai,web,direct,1.0,,,LISTING_00123,7.0,,,,,,,,,
E000596,listing_viewed,2026-08-13 16:30:11,C032,SEARCH_00190,SESSION_00190,UI/UX Designer,Mumbai,mobile,organic,1.0,,,LISTING_00120,1.0,,,,,,,,,
E000597,company_contact_started,2026-08-13 16:37:11,C032,SEARCH_00190,SESSION_00190,UI/UX Designer,Mumbai,mobile,direct,1.0,,,LISTING_00120,,CONTACT_00056,message,,,,,,,
E000612,company_contact_started,2026-08-13 17:17:53,C007,SEARCH_00195,SESSION_00195,Data Analyst,Mumbai,web,direct,1.0,,,LISTING_00123,,CONTACT_00058,email,,,,,,,
E000631,search_performed,2026-08-13 17:28:00,C016,SEARCH_00201,SESSION_00201,Business Analyst,Pune,web,campaign,1.0,,,,,,,,,,,,,
E000632,search_result_viewed,2026-08-13 17:29:39,C016,SEARCH_00201,SESSION_00201,Business Analyst,Pune,web,referral,1.0,RESULT_00201,16.0,,,,,,,,,,,
E000619,search_performed,2026-08-13 17:38:00,C017,SEARCH_00198,SESSION_00198,UI/UX Designer,Pune,mobile,organic,1.0,,,,,,,,,,,,,
E000620,search_result_viewed,2026-08-13 17:39:53,C017,SEARCH_00198,SESSION_00198,UI/UX Designer,Pune,mobile,organic,1.0,RESULT_00198,9.0,,,,,,,,,,,
E000621,listing_viewed,2026-08-13 17:43:48,C017,SEARCH_00198,SESSION_00198,UI/UX Designer,Pune,web,organic,1.0,,,LISTING_00125,6.0,,,,,,,,,
E000618,engagement_started,2026-08-13 18:13:44,C010,SEARCH_00197,SESSION_00197,Digital Marketer,Mumbai,mobile,referral,1.0,,,LISTING_00124,,,,ENGAGE_00030,application,,,,,
E000629,engagement_started,2026-08-13 18:14:04,C039,SEARCH_00200,SESSION_00200,Data Analyst,Hyderabad,mobile,direct,1.0,,,LISTING_00127,,,,ENGAGE_00031,application,,,,,
E000431,outcome_recorded,2026-08-13 20:24:27,C003,SEARCH_00139,SESSION_00139,Data Analyst,Pune,web,referral,1.0,,,LISTING_00088,,,,,,MATCH_00010,,OUTCOME_00004,successful,success
E000421,outcome_recorded,2026-08-14 02:46:05,C005,SEARCH_00137,SESSION_00137,Data Analyst,Bengaluru,web,direct,1.0,,,LISTING_00086,,,,,,MATCH_00009,,OUTCOME_00003,successful,success
E000582,match_created,2026-08-14 08:38:38,C023,SEARCH_00186,SESSION_00186,Digital Marketer,Chennai,web,organic,1.0,,,LISTING_00117,,,,ENGAGE_00028,,MATCH_00015,company_candidate,,,
E000669,search_performed,2026-08-14 08:42:00,C040,SEARCH_00213,SESSION_00213,Data Analyst,Chennai,web,organic,1.0,,,,,,,,,,,,,
E000670,search_result_viewed,2026-08-14 08:42:39,C040,SEARCH_00213,SESSION_00213,Data Analyst,Chennai,mobile,campaign,1.0,RESULT_00213,18.0,,,,,,,,,,,
E000671,listing_viewed,2026-08-14 08:43:53,C040,SEARCH_00213,SESSION_00213,Data Analyst,Chennai,web,direct,1.0,,,LISTING_00136,8.0,,,,,,,,,
E000685,search_performed,2026-08-14 08:54:00,C011,SEARCH_00218,SESSION_00218,Data Analyst,Hyderabad,web,organic,1.0,,,,,,,,,,,,,
E000686,search_result_viewed,2026-08-14 08:56:41,C011,SEARCH_00218,SESSION_00218,Data Analyst,Hyderabad,mobile,direct,1.0,RESULT_00218,20.0,,,,,,,,,,,
E000687,listing_viewed,2026-08-14 09:00:10,C011,SEARCH_00218,SESSION_00218,Data Analyst,Hyderabad,web,direct,1.0,,,LISTING_00141,6.0,,,,,,,,,
E000646,search_performed,2026-08-14 09:30:00,C036,SEARCH_00206,SESSION_00206,Software Developer,Mumbai,web,referral,1.0,,,,,,,,,,,,,
E000647,search_result_viewed,2026-08-14 09:32:33,C036,SEARCH_00206,SESSION_00206,Software Developer,Mumbai,web,referral,1.0,RESULT_00206,29.0,,,,,,,,,,,
E000648,listing_viewed,2026-08-14 09:33:39,C036,SEARCH_00206,SESSION_00206,Software Developer,Mumbai,web,referral,1.0,,,LISTING_00132,6.0,,,,,,,,,
E000649,company_contact_started,2026-08-14 10:30:39,C036,SEARCH_00206,SESSION_00206,Software Developer,Mumbai,mobile,referral,1.0,,,LISTING_00132,,CONTACT_00062,email,,,,,,,
E000666,search_performed,2026-08-14 11:46:00,C026,SEARCH_00212,SESSION_00212,Data Analyst,Hyderabad,web,direct,1.0,,,,,,,,,,,,,
E000667,search_result_viewed,2026-08-14 11:48:40,C026,SEARCH_00212,SESSION_00212,Data Analyst,Hyderabad,web,organic,1.0,RESULT_00212,21.0,,,,,,,,,,,
E000668,listing_viewed,2026-08-14 11:51:36,C026,SEARCH_00212,SESSION_00212,Data Analyst,Hyderabad,mobile,referral,1.0,,,LISTING_00135,1.0,,,,,,,,,
E000679,search_performed,2026-08-14 12:29:00,C015,SEARCH_00216,SESSION_00216,UI/UX Designer,Mumbai,web,organic,1.0,,,,,,,,,,,,,
E000680,search_result_viewed,2026-08-14 12:29:20,C015,SEARCH_00216,SESSION_00216,UI/UX Designer,Mumbai,mobile,referral,1.0,RESULT_00216,14.0,,,,,,,,,,,
E000681,listing_viewed,2026-08-14 12:29:59,C015,SEARCH_00216,SESSION_00216,UI/UX Designer,Mumbai,web,organic,1.0,,,LISTING_00139,2.0,,,,,,,,,
E000655,search_performed,2026-08-14 13:40:00,C012,SEARCH_00208,SESSION_00208,Data Analyst,Pune,web,referral,1.0,,,,,,,,,,,,,
E000656,search_result_viewed,2026-08-14 13:40:11,C012,SEARCH_00208,SESSION_00208,Data Analyst,Pune,mobile,direct,1.0,RESULT_00208,19.0,,,,,,,,,,,
E000665,search_performed,2026-08-14 13:48:00,C009,SEARCH_00211,SESSION_00211,Business Analyst,Pune,web,direct,1.0,,,,,,,,,,,,,
E000675,search_performed,2026-08-14 14:18:00,C034,SEARCH_00215,SESSION_00215,Software Developer,Mumbai,web,organic,1.0,,,,,,,,,,,,,
E000676,search_result_viewed,2026-08-14 14:19:03,C034,SEARCH_00215,SESSION_00215,Software Developer,Mumbai,mobile,referral,1.0,RESULT_00215,27.0,,,,,,,,,,,
E000677,listing_viewed,2026-08-14 14:19:16,C034,SEARCH_00215,SESSION_00215,Software Developer,Mumbai,web,campaign,1.0,,,LISTING_00138,2.0,,,,,,,,,
E000643,search_performed,2026-08-14 14:25:00,C032,SEARCH_00205,SESSION_00205,Business Analyst,Mumbai,mobile,organic,1.0,,,,,,,,,,,,,
E000678,company_contact_started,2026-08-14 14:25:16,C034,SEARCH_00215,SESSION_00215,Software Developer,Mumbai,web,organic,1.0,,,LISTING_00138,,CONTACT_00064,phone,,,,,,,
E000644,search_result_viewed,2026-08-14 14:27:36,C032,SEARCH_00205,SESSION_00205,Business Analyst,Mumbai,mobile,direct,1.0,RESULT_00205,11.0,,,,,,,,,,,
E000645,listing_viewed,2026-08-14 14:30:29,C032,SEARCH_00205,SESSION_00205,Business Analyst,Mumbai,mobile,referral,1.0,,,LISTING_00131,8.0,,,,,,,,,
E000688,search_performed,2026-08-14 15:02:00,C032,SEARCH_00219,SESSION_00219,Data Analyst,Pune,web,referral,1.0,,,,,,,,,,,,,
E000689,search_result_viewed,2026-08-14 15:02:13,C032,SEARCH_00219,SESSION_00219,Data Analyst,Pune,web,referral,1.0,RESULT_00219,27.0,,,,,,,,,,,
E000690,listing_viewed,2026-08-14 15:05:19,C032,SEARCH_00219,SESSION_00219,Data Analyst,Pune,web,campaign,1.0,,,LISTING_00142,10.0,,,,,,,,,
E000682,search_performed,2026-08-14 15:39:00,C011,SEARCH_00217,SESSION_00217,Business Analyst,Mumbai,mobile,organic,1.0,,,,,,,,,,,,,
E000683,search_result_viewed,2026-08-14 15:40:37,C011,SEARCH_00217,SESSION_00217,Business Analyst,Mumbai,web,campaign,1.0,RESULT_00217,10.0,,,,,,,,,,,
E000684,listing_viewed,2026-08-14 15:42:43,C011,SEARCH_00217,SESSION_00217,Business Analyst,Mumbai,mobile,campaign,1.0,,,LISTING_00140,5.0,,,,,,,,,
E000657,search_performed,2026-08-14 15:50:00,C011,SEARCH_00209,SESSION_00209,Digital Marketer,Hyderabad,web,direct,1.0,,,,,,,,,,,,,
E000658,search_result_viewed,2026-08-14 15:52:52,C011,SEARCH_00209,SESSION_00209,Digital Marketer,Hyderabad,mobile,campaign,1.0,RESULT_00209,18.0,,,,,,,,,,,
E000506,outcome_recorded,2026-08-14 15:53:11,C032,SEARCH_00163,SESSION_00163,Business Analyst,Mumbai,web,campaign,1.0,,,LISTING_00103,,,,,,MATCH_00011,,OUTCOME_00005,successful,success
E000659,search_performed,2026-08-14 16:12:00,C025,SEARCH_00210,SESSION_00210,Data Analyst,Bengaluru,mobile,organic,1.0,,,,,,,,,,,,,
E000660,search_result_viewed,2026-08-14 16:14:25,C025,SEARCH_00210,SESSION_00210,Data Analyst,Bengaluru,web,organic,1.0,RESULT_00210,11.0,,,,,,,,,,,
E000661,listing_viewed,2026-08-14 16:15:38,C025,SEARCH_00210,SESSION_00210,Data Analyst,Bengaluru,mobile,referral,1.0,,,LISTING_00134,4.0,,,,,,,,,
E000652,search_performed,2026-08-14 16:19:00,C033,SEARCH_00207,SESSION_00207,Data Analyst,Pune,mobile,organic,1.0,,,,,,,,,,,,,
E000653,search_result_viewed,2026-08-14 16:19:48,C033,SEARCH_00207,SESSION_00207,Data Analyst,Pune,web,referral,1.0,RESULT_00207,9.0,,,,,,,,,,,
E000654,listing_viewed,2026-08-14 16:22:23,C033,SEARCH_00207,SESSION_00207,Data Analyst,Pune,web,referral,1.0,,,LISTING_00133,8.0,,,,,,,,,
E000662,company_contact_started,2026-08-14 16:40:38,C025,SEARCH_00210,SESSION_00210,Data Analyst,Bengaluru,mobile,direct,1.0,,,LISTING_00134,,CONTACT_00063,phone,,,,,,,
E000553,match_created,2026-08-14 17:30:12,C006,SEARCH_00177,SESSION_00177,Digital Marketer,Bengaluru,mobile,referral,1.0,,,LISTING_00114,,,,ENGAGE_00026,,MATCH_00013,company_candidate,,,
E000672,search_performed,2026-08-14 18:06:00,C001,SEARCH_00214,SESSION_00214,Business Analyst,Pune,mobile,direct,1.0,,,,,,,,,,,,,
E000673,search_result_viewed,2026-08-14 18:06:36,C001,SEARCH_00214,SESSION_00214,Business Analyst,Pune,web,referral,1.0,RESULT_00214,21.0,,,,,,,,,,,
E000674,listing_viewed,2026-08-14 18:07:13,C001,SEARCH_00214,SESSION_00214,Business Analyst,Pune,web,direct,1.0,,,LISTING_00137,8.0,,,,,,,,,
E000663,engagement_started,2026-08-14 18:40:38,C025,SEARCH_00210,SESSION_00210,Data Analyst,Bengaluru,mobile,referral,1.0,,,LISTING_00134,,,,ENGAGE_00033,application,,,,,
E000630,match_created,2026-08-15 01:14:04,C039,SEARCH_00200,SESSION_00200,Data Analyst,Hyderabad,mobile,organic,1.0,,,LISTING_00127,,,,ENGAGE_00031,,MATCH_00017,company_candidate,,,
E000650,engagement_started,2026-08-15 01:30:39,C036,SEARCH_00206,SESSION_00206,Software Developer,Mumbai,web,campaign,1.0,,,LISTING_00132,,,,ENGAGE_00032,application,,,,,
E000544,match_created,2026-08-15 03:39:05,C019,SEARCH_00175,SESSION_00175,Business Analyst,Mumbai,mobile,referral,1.0,,,LISTING_00113,,,,ENGAGE_00025,,MATCH_00012,company_candidate,,,
E000701,search_performed,2026-08-15 08:21:00,C008,SEARCH_00224,SESSION_00224,Data Analyst,Hyderabad,mobile,referral,1.0,,,,,,,,,,,,,
E000702,search_result_viewed,2026-08-15 08:22:45,C008,SEARCH_00224,SESSION_00224,Data Analyst,Hyderabad,web,organic,1.0,RESULT_00224,27.0,,,,,,,,,,,
E000703,search_performed,2026-08-15 09:16:00,C032,SEARCH_00225,SESSION_00225,Software Developer,Pune,web,direct,1.0,,,,,,,,,,,,,
E000704,search_result_viewed,2026-08-15 09:17:50,C032,SEARCH_00225,SESSION_00225,Software Developer,Pune,mobile,direct,1.0,RESULT_00225,11.0,,,,,,,,,,,
E000708,search_performed,2026-08-15 10:06:00,C012,SEARCH_00227,SESSION_00227,Digital Marketer,Hyderabad,mobile,referral,1.0,,,,,,,,,,,,,
E000709,search_result_viewed,2026-08-15 10:07:48,C012,SEARCH_00227,SESSION_00227,Digital Marketer,Hyderabad,web,referral,1.0,RESULT_00227,18.0,,,,,,,,,,,
E000710,listing_viewed,2026-08-15 10:09:25,C012,SEARCH_00227,SESSION_00227,Digital Marketer,Hyderabad,mobile,direct,1.0,,,LISTING_00146,5.0,,,,,,,,,
E000711,company_contact_started,2026-08-15 10:48:25,C012,SEARCH_00227,SESSION_00227,Digital Marketer,Hyderabad,mobile,referral,1.0,,,LISTING_00146,,CONTACT_00065,phone,,,,,,,
E000691,search_performed,2026-08-15 10:53:00,C031,SEARCH_00220,SESSION_00220,Business Analyst,Pune,web,organic,1.0,,,,,,,,,,,,,
E000692,search_result_viewed,2026-08-15 10:53:50,C031,SEARCH_00220,SESSION_00220,Business Analyst,Pune,mobile,campaign,1.0,RESULT_00220,21.0,,,,,,,,,,,
E000693,search_performed,2026-08-15 11:21:00,C005,SEARCH_00221,SESSION_00221,UI/UX Designer,Mumbai,mobile,organic,1.0,,,,,,,,,,,,,
E000694,search_result_viewed,2026-08-15 11:23:30,C005,SEARCH_00221,SESSION_00221,UI/UX Designer,Mumbai,mobile,campaign,1.0,RESULT_00221,25.0,,,,,,,,,,,
E000712,search_performed,2026-08-15 11:39:00,C036,SEARCH_00228,SESSION_00228,Software Developer,Hyderabad,mobile,referral,1.0,,,,,,,,,,,,,
E000593,match_created,2026-08-15 14:17:25,C040,SEARCH_00189,SESSION_00189,Software Developer,Chennai,mobile,direct,1.0,,,LISTING_00119,,,,ENGAGE_00029,,MATCH_00016,company_candidate,,,
E000698,search_performed,2026-08-15 16:13:00,C040,SEARCH_00223,SESSION_00223,Business Analyst,Chennai,mobile,referral,1.0,,,,,,,,,,,,,
E000699,search_result_viewed,2026-08-15 16:13:23,C040,SEARCH_00223,SESSION_00223,Business Analyst,Chennai,mobile,referral,1.0,RESULT_00223,12.0,,,,,,,,,,,
E000700,listing_viewed,2026-08-15 16:16:11,C040,SEARCH_00223,SESSION_00223,Business Analyst,Chennai,mobile,referral,1.0,,,LISTING_00144,10.0,,,,,,,,,
E000713,search_performed,2026-08-15 16:44:00,C009,SEARCH_00229,SESSION_00229,Software Developer,Chennai,mobile,organic,1.0,,,,,,,,,,,,,
E000714,search_result_viewed,2026-08-15 16:46:33,C009,SEARCH_00229,SESSION_00229,Software Developer,Chennai,mobile,referral,1.0,RESULT_00229,20.0,,,,,,,,,,,
E000695,search_performed,2026-08-15 17:28:00,C006,SEARCH_00222,SESSION_00222,UI/UX Designer,Pune,web,campaign,1.0,,,,,,,,,,,,,
E000696,search_result_viewed,2026-08-15 17:28:40,C006,SEARCH_00222,SESSION_00222,UI/UX Designer,Pune,web,organic,1.0,RESULT_00222,20.0,,,,,,,,,,,
E000697,listing_viewed,2026-08-15 17:28:59,C006,SEARCH_00222,SESSION_00222,UI/UX Designer,Pune,web,organic,1.0,,,LISTING_00143,9.0,,,,,,,,,
E000705,search_performed,2026-08-15 18:53:00,C007,SEARCH_00226,SESSION_00226,UI/UX Designer,Bengaluru,web,campaign,1.0,,,,,,,,,,,,,
E000706,search_result_viewed,2026-08-15 18:55:40,C007,SEARCH_00226,SESSION_00226,UI/UX Designer,Bengaluru,web,campaign,1.0,RESULT_00226,21.0,,,,,,,,,,,
E000707,listing_viewed,2026-08-15 18:58:58,C007,SEARCH_00226,SESSION_00226,UI/UX Designer,Bengaluru,mobile,campaign,1.0,,,LISTING_00145,1.0,,,,,,,,,
E000568,outcome_recorded,2026-08-15 22:45:10,C005,SEARCH_00181,SESSION_00181,Data Analyst,Bengaluru,mobile,campaign,1.0,,,LISTING_00116,,,,,,MATCH_00014,,OUTCOME_00008,successful,success
E000664,match_created,2026-08-16 05:40:38,C025,SEARCH_00210,SESSION_00210,Data Analyst,Bengaluru,mobile,campaign,1.0,,,LISTING_00134,,,,ENGAGE_00033,,MATCH_00019,company_candidate,,,
E000715,search_performed,2026-08-16 08:24:00,C001,SEARCH_00230,SESSION_00230,Digital Marketer,Bengaluru,web,organic,1.0,,,,,,,,,,,,,
E000716,search_result_viewed,2026-08-16 08:25:01,C001,SEARCH_00230,SESSION_00230,Digital Marketer,Bengaluru,web,referral,1.0,RESULT_00230,13.0,,,,,,,,,,,
E000717,listing_viewed,2026-08-16 08:25:48,C001,SEARCH_00230,SESSION_00230,Digital Marketer,Bengaluru,mobile,direct,1.0,,,LISTING_00147,1.0,,,,,,,,,
E000733,search_performed,2026-08-16 08:43:00,C040,SEARCH_00236,SESSION_00236,Digital Marketer,Hyderabad,mobile,campaign,1.0,,,,,,,,,,,,,
E000718,search_performed,2026-08-16 09:39:00,C003,SEARCH_00231,SESSION_00231,Business Analyst,Pune,web,campaign,1.0,,,,,,,,,,,,,
E000719,search_result_viewed,2026-08-16 09:40:23,C003,SEARCH_00231,SESSION_00231,Business Analyst,Pune,web,campaign,1.0,RESULT_00231,27.0,,,,,,,,,,,
E000720,listing_viewed,2026-08-16 09:43:54,C003,SEARCH_00231,SESSION_00231,Business Analyst,Pune,web,organic,1.0,,,LISTING_00148,6.0,,,,,,,,,
E000728,search_performed,2026-08-16 10:33:00,C021,SEARCH_00235,SESSION_00235,Digital Marketer,Hyderabad,web,direct,1.0,,,,,,,,,,,,,
E000729,search_result_viewed,2026-08-16 10:35:27,C021,SEARCH_00235,SESSION_00235,Digital Marketer,Hyderabad,web,referral,1.0,RESULT_00235,17.0,,,,,,,,,,,
E000730,listing_viewed,2026-08-16 10:36:31,C021,SEARCH_00235,SESSION_00235,Digital Marketer,Hyderabad,mobile,referral,1.0,,,LISTING_00150,6.0,,,,,,,,,
E000731,company_contact_started,2026-08-16 11:25:31,C021,SEARCH_00235,SESSION_00235,Digital Marketer,Hyderabad,mobile,organic,1.0,,,LISTING_00150,,CONTACT_00066,phone,,,,,,,
E000721,search_performed,2026-08-16 11:58:00,C013,SEARCH_00232,SESSION_00232,Digital Marketer,Pune,mobile,direct,1.0,,,,,,,,,,,,,
E000722,search_result_viewed,2026-08-16 11:58:59,C013,SEARCH_00232,SESSION_00232,Digital Marketer,Pune,mobile,direct,1.0,RESULT_00232,14.0,,,,,,,,,,,
E000740,search_performed,2026-08-16 13:02:00,C010,SEARCH_00239,SESSION_00239,Data Analyst,Pune,web,organic,1.0,,,,,,,,,,,,,
E000741,search_result_viewed,2026-08-16 13:03:14,C010,SEARCH_00239,SESSION_00239,Data Analyst,Pune,web,direct,1.0,RESULT_00239,22.0,,,,,,,,,,,
E000726,search_performed,2026-08-16 13:38:00,C010,SEARCH_00234,SESSION_00234,Data Analyst,Hyderabad,web,referral,1.0,,,,,,,,,,,,,
E000727,search_result_viewed,2026-08-16 13:40:36,C010,SEARCH_00234,SESSION_00234,Data Analyst,Hyderabad,mobile,organic,1.0,RESULT_00234,22.0,,,,,,,,,,,
E000744,search_performed,2026-08-16 13:59:00,C038,SEARCH_00241,SESSION_00241,Data Analyst,Bengaluru,web,referral,1.0,,,,,,,,,,,,,
E000745,search_result_viewed,2026-08-16 14:00:27,C038,SEARCH_00241,SESSION_00241,Data Analyst,Bengaluru,web,referral,1.0,RESULT_00241,24.0,,,,,,,,,,,
E000735,search_performed,2026-08-16 15:31:00,C024,SEARCH_00238,SESSION_00238,Digital Marketer,Chennai,web,referral,1.0,,,,,,,,,,,,,
E000736,search_result_viewed,2026-08-16 15:31:59,C024,SEARCH_00238,SESSION_00238,Digital Marketer,Chennai,web,organic,1.0,RESULT_00238,15.0,,,,,,,,,,,
E000737,listing_viewed,2026-08-16 15:35:26,C024,SEARCH_00238,SESSION_00238,Digital Marketer,Chennai,web,organic,1.0,,,LISTING_00151,9.0,,,,,,,,,
E000723,search_performed,2026-08-16 16:07:00,C005,SEARCH_00233,SESSION_00233,Software Developer,Hyderabad,mobile,organic,1.0,,,,,,,,,,,,,
E000724,search_result_viewed,2026-08-16 16:09:32,C005,SEARCH_00233,SESSION_00233,Software Developer,Hyderabad,web,direct,1.0,RESULT_00233,13.0,,,,,,,,,,,
E000725,listing_viewed,2026-08-16 16:10:47,C005,SEARCH_00233,SESSION_00233,Software Developer,Hyderabad,mobile,campaign,1.0,,,LISTING_00149,1.0,,,,,,,,,
E000738,company_contact_started,2026-08-16 16:16:26,C024,SEARCH_00238,SESSION_00238,Digital Marketer,Chennai,mobile,organic,1.0,,,LISTING_00151,,CONTACT_00067,message,,,,,,,
E000734,search_performed,2026-08-16 16:46:00,C008,SEARCH_00237,SESSION_00237,UI/UX Designer,Mumbai,mobile,organic,1.0,,,,,,,,,,,,,
E000742,search_performed,2026-08-16 18:25:00,C027,SEARCH_00240,SESSION_00240,UI/UX Designer,Pune,mobile,referral,1.0,,,,,,,,,,,,,
E000743,search_result_viewed,2026-08-16 18:25:40,C027,SEARCH_00240,SESSION_00240,UI/UX Designer,Pune,web,organic,1.0,RESULT_00240,22.0,,,,,,,,,,,
E000651,match_created,2026-08-16 19:30:39,C036,SEARCH_00206,SESSION_00206,Software Developer,Mumbai,web,campaign,1.0,,,LISTING_00132,,,,ENGAGE_00032,,MATCH_00018,company_candidate,,,
E000732,engagement_started,2026-08-16 23:25:31,C021,SEARCH_00235,SESSION_00235,Digital Marketer,Hyderabad,mobile,direct,1.0,,,LISTING_00150,,,,ENGAGE_00034,application,,,,,
E000802,search_performed,2026-08-17 09:16:00,C039,SEARCH_00258,SESSION_00258,UI/UX Designer,Bengaluru,web,referral,1.0,,,,,,,,,,,,,
E000803,search_result_viewed,2026-08-17 09:16:19,C039,SEARCH_00258,SESSION_00258,UI/UX Designer,Bengaluru,mobile,campaign,1.0,RESULT_00258,28.0,,,,,,,,,,,
E000755,search_performed,2026-08-17 09:18:00,C023,SEARCH_00244,SESSION_00244,Software Developer,Hyderabad,web,direct,1.0,,,,,,,,,,,,,
E000792,search_performed,2026-08-17 09:18:00,C017,SEARCH_00255,SESSION_00255,UI/UX Designer,Hyderabad,mobile,referral,1.0,,,,,,,,,,,,,
E000793,search_result_viewed,2026-08-17 09:18:11,C017,SEARCH_00255,SESSION_00255,UI/UX Designer,Hyderabad,web,organic,1.0,RESULT_00255,23.0,,,,,,,,,,,
E000804,listing_viewed,2026-08-17 09:18:42,C039,SEARCH_00258,SESSION_00258,UI/UX Designer,Bengaluru,web,direct,1.0,,,LISTING_00163,5.0,,,,,,,,,
E000794,listing_viewed,2026-08-17 09:19:13,C017,SEARCH_00255,SESSION_00255,UI/UX Designer,Hyderabad,mobile,referral,1.0,,,LISTING_00160,6.0,,,,,,,,,
E000756,search_result_viewed,2026-08-17 09:20:05,C023,SEARCH_00244,SESSION_00244,Software Developer,Hyderabad,mobile,direct,1.0,RESULT_00244,15.0,,,,,,,,,,,
E000757,listing_viewed,2026-08-17 09:21:48,C023,SEARCH_00244,SESSION_00244,Software Developer,Hyderabad,mobile,direct,1.0,,,LISTING_00153,6.0,,,,,,,,,
E000758,company_contact_started,2026-08-17 09:37:48,C023,SEARCH_00244,SESSION_00244,Software Developer,Hyderabad,mobile,referral,1.0,,,LISTING_00153,,CONTACT_00069,message,,,,,,,
E000795,company_contact_started,2026-08-17 09:47:13,C017,SEARCH_00255,SESSION_00255,UI/UX Designer,Hyderabad,mobile,referral,1.0,,,LISTING_00160,,CONTACT_00073,phone,,,,,,,
E000768,search_performed,2026-08-17 11:04:00,C003,SEARCH_00249,SESSION_00249,Software Developer,Pune,mobile,referral,1.0,,,,,,,,,,,,,
E000769,search_result_viewed,2026-08-17 11:05:02,C003,SEARCH_00249,SESSION_00249,Software Developer,Pune,mobile,campaign,1.0,RESULT_00249,21.0,,,,,,,,,,,
E000770,listing_viewed,2026-08-17 11:07:08,C003,SEARCH_00249,SESSION_00249,Software Developer,Pune,web,referral,1.0,,,LISTING_00155,1.0,,,,,,,,,
E000785,search_performed,2026-08-17 11:24:00,C039,SEARCH_00254,SESSION_00254,Digital Marketer,Bengaluru,mobile,direct,1.0,,,,,,,,,,,,,
E000786,search_result_viewed,2026-08-17 11:25:01,C039,SEARCH_00254,SESSION_00254,Digital Marketer,Bengaluru,mobile,direct,1.0,RESULT_00254,21.0,,,,,,,,,,,
E000787,listing_viewed,2026-08-17 11:25:56,C039,SEARCH_00254,SESSION_00254,Digital Marketer,Bengaluru,web,organic,1.0,,,LISTING_00159,8.0,,,,,,,,,
E000799,search_performed,2026-08-17 11:28:00,C026,SEARCH_00257,SESSION_00257,Software Developer,Bengaluru,web,organic,1.0,,,,,,,,,,,,,
E000800,search_result_viewed,2026-08-17 11:29:52,C026,SEARCH_00257,SESSION_00257,Software Developer,Bengaluru,mobile,organic,1.0,RESULT_00257,30.0,,,,,,,,,,,
E000801,listing_viewed,2026-08-17 11:32:44,C026,SEARCH_00257,SESSION_00257,Software Developer,Bengaluru,web,direct,1.0,,,LISTING_00162,1.0,,,,,,,,,
E000771,company_contact_started,2026-08-17 11:41:08,C003,SEARCH_00249,SESSION_00249,Software Developer,Pune,mobile,referral,1.0,,,LISTING_00155,,CONTACT_00070,phone,,,,,,,
E000821,search_performed,2026-08-17 11:55:00,C032,SEARCH_00263,SESSION_00263,Software Developer,Hyderabad,mobile,direct,1.0,,,,,,,,,,,,,
E000822,search_result_viewed,2026-08-17 11:56:13,C032,SEARCH_00263,SESSION_00263,Software Developer,Hyderabad,mobile,direct,1.0,RESULT_00263,24.0,,,,,,,,,,,
E000788,company_contact_started,2026-08-17 12:08:56,C039,SEARCH_00254,SESSION_00254,Digital Marketer,Bengaluru,web,campaign,1.0,,,LISTING_00159,,CONTACT_00072,message,,,,,,,
E000763,search_performed,2026-08-17 12:34:00,C014,SEARCH_00247,SESSION_00247,Data Analyst,Chennai,mobile,direct,1.0,,,,,,,,,,,,,
E000764,search_result_viewed,2026-08-17 12:35:07,C014,SEARCH_00247,SESSION_00247,Data Analyst,Chennai,mobile,direct,1.0,RESULT_00247,29.0,,,,,,,,,,,
E000765,listing_viewed,2026-08-17 12:37:27,C014,SEARCH_00247,SESSION_00247,Data Analyst,Chennai,mobile,referral,1.0,,,LISTING_00154,2.0,,,,,,,,,
E000761,search_performed,2026-08-17 12:46:00,C009,SEARCH_00246,SESSION_00246,Digital Marketer,Hyderabad,web,organic,1.0,,,,,,,,,,,,,
E000762,search_result_viewed,2026-08-17 12:48:19,C009,SEARCH_00246,SESSION_00246,Digital Marketer,Hyderabad,web,campaign,1.0,RESULT_00246,25.0,,,,,,,,,,,
E000813,search_performed,2026-08-17 12:56:00,C022,SEARCH_00261,SESSION_00261,Data Analyst,Chennai,mobile,campaign,1.0,,,,,,,,,,,,,
E000814,search_performed,2026-08-17 13:49:00,C037,SEARCH_00262,SESSION_00262,UI/UX Designer,Hyderabad,mobile,campaign,1.0,,,,,,,,,,,,,
E000815,search_result_viewed,2026-08-17 13:49:17,C037,SEARCH_00262,SESSION_00262,UI/UX Designer,Hyderabad,web,referral,1.0,RESULT_00262,20.0,,,,,,,,,,,
E000816,listing_viewed,2026-08-17 13:52:09,C037,SEARCH_00262,SESSION_00262,UI/UX Designer,Hyderabad,web,referral,1.0,,,LISTING_00166,4.0,,,,,,,,,
E000817,company_contact_started,2026-08-17 14:15:09,C037,SEARCH_00262,SESSION_00262,UI/UX Designer,Hyderabad,web,referral,1.0,,,LISTING_00166,,CONTACT_00075,phone,,,,,,,
E000746,search_performed,2026-08-17 15:10:00,C025,SEARCH_00242,SESSION_00242,UI/UX Designer,Bengaluru,web,direct,1.0,,,,,,,,,,,,,
E000775,search_performed,2026-08-17 15:10:00,C001,SEARCH_00251,SESSION_00251,Digital Marketer,Hyderabad,web,organic,1.0,,,,,,,,,,,,,
E000776,search_result_viewed,2026-08-17 15:11:21,C001,SEARCH_00251,SESSION_00251,Digital Marketer,Hyderabad,web,direct,1.0,RESULT_00251,11.0,,,,,,,,,,,
E000747,search_result_viewed,2026-08-17 15:12:29,C025,SEARCH_00242,SESSION_00242,UI/UX Designer,Bengaluru,web,referral,1.0,RESULT_00242,14.0,,,,,,,,,,,
E000778,search_performed,2026-08-17 15:13:00,C008,SEARCH_00252,SESSION_00252,UI/UX Designer,Pune,web,campaign,1.0,,,,,,,,,,,,,
E000779,search_result_viewed,2026-08-17 15:13:21,C008,SEARCH_00252,SESSION_00252,UI/UX Designer,Pune,web,direct,1.0,RESULT_00252,9.0,,,,,,,,,,,
E000780,listing_viewed,2026-08-17 15:13:41,C008,SEARCH_00252,SESSION_00252,UI/UX Designer,Pune,web,organic,1.0,,,LISTING_00157,10.0,,,,,,,,,
E000777,listing_viewed,2026-08-17 15:14:05,C001,SEARCH_00251,SESSION_00251,Digital Marketer,Hyderabad,web,campaign,1.0,,,LISTING_00156,2.0,,,,,,,,,
E000748,listing_viewed,2026-08-17 15:16:02,C025,SEARCH_00242,SESSION_00242,UI/UX Designer,Bengaluru,web,direct,1.0,,,LISTING_00152,6.0,,,,,,,,,
E000739,engagement_started,2026-08-17 15:16:26,C024,SEARCH_00238,SESSION_00238,Digital Marketer,Chennai,mobile,organic,1.0,,,LISTING_00151,,,,ENGAGE_00035,application,,,,,
E000749,company_contact_started,2026-08-17 15:17:02,C025,SEARCH_00242,SESSION_00242,UI/UX Designer,Bengaluru,mobile,organic,1.0,,,LISTING_00152,,CONTACT_00068,phone,,,,,,,
E000759,search_performed,2026-08-17 15:28:00,C009,SEARCH_00245,SESSION_00245,Business Analyst,Pune,mobile,referral,1.0,,,,,,,,,,,,,
E000760,search_result_viewed,2026-08-17 15:28:37,C009,SEARCH_00245,SESSION_00245,Business Analyst,Pune,web,referral,1.0,RESULT_00245,10.0,,,,,,,,,,,
E000554,outcome_recorded,2026-08-17 15:30:12,C006,SEARCH_00177,SESSION_00177,Digital Marketer,Bengaluru,mobile,direct,1.0,,,LISTING_00114,,,,,,MATCH_00013,,OUTCOME_00007,successful,success
E000782,search_performed,2026-08-17 15:38:00,C019,SEARCH_00253,SESSION_00253,Data Analyst,Hyderabad,mobile,campaign,1.0,,,,,,,,,,,,,
E000783,search_result_viewed,2026-08-17 15:39:55,C019,SEARCH_00253,SESSION_00253,Data Analyst,Hyderabad,web,direct,1.0,RESULT_00253,24.0,,,,,,,,,,,
E000784,listing_viewed,2026-08-17 15:42:15,C019,SEARCH_00253,SESSION_00253,Data Analyst,Hyderabad,web,referral,1.0,,,LISTING_00158,5.0,,,,,,,,,
E000766,search_performed,2026-08-17 16:08:00,C016,SEARCH_00248,SESSION_00248,Digital Marketer,Hyderabad,mobile,direct,1.0,,,,,,,,,,,,,
E000767,search_result_viewed,2026-08-17 16:10:34,C016,SEARCH_00248,SESSION_00248,Digital Marketer,Hyderabad,web,campaign,1.0,RESULT_00248,26.0,,,,,,,,,,,
E000781,company_contact_started,2026-08-17 16:13:41,C008,SEARCH_00252,SESSION_00252,UI/UX Designer,Pune,mobile,organic,1.0,,,LISTING_00157,,CONTACT_00071,message,,,,,,,
E000773,search_performed,2026-08-17 16:16:00,C024,SEARCH_00250,SESSION_00250,Digital Marketer,Bengaluru,mobile,direct,1.0,,,,,,,,,,,,,
E000774,search_result_viewed,2026-08-17 16:17:40,C024,SEARCH_00250,SESSION_00250,Digital Marketer,Bengaluru,mobile,campaign,1.0,RESULT_00250,16.0,,,,,,,,,,,
E000753,search_performed,2026-08-17 16:29:00,C012,SEARCH_00243,SESSION_00243,Digital Marketer,Bengaluru,web,referral,1.0,,,,,,,,,,,,,
E000754,search_result_viewed,2026-08-17 16:30:14,C012,SEARCH_00243,SESSION_00243,Digital Marketer,Bengaluru,web,campaign,1.0,RESULT_00243,8.0,,,,,,,,,,,
E000818,engagement_started,2026-08-17 17:15:09,C037,SEARCH_00262,SESSION_00262,UI/UX Designer,Hyderabad,mobile,referral,1.0,,,LISTING_00166,,,,ENGAGE_00040,application,,,,,
E000796,search_performed,2026-08-17 17:17:00,C028,SEARCH_00256,SESSION_00256,Digital Marketer,Mumbai,mobile,direct,1.0,,,,,,,,,,,,,
E000797,search_result_viewed,2026-08-17 17:19:32,C028,SEARCH_00256,SESSION_00256,Digital Marketer,Mumbai,web,referral,1.0,RESULT_00256,20.0,,,,,,,,,,,
E000798,listing_viewed,2026-08-17 17:21:45,C028,SEARCH_00256,SESSION_00256,Digital Marketer,Mumbai,mobile,referral,1.0,,,LISTING_00161,5.0,,,,,,,,,
E000810,search_performed,2026-08-17 17:22:00,C036,SEARCH_00260,SESSION_00260,Business Analyst,Chennai,mobile,referral,1.0,,,,,,,,,,,,,
E000811,search_result_viewed,2026-08-17 17:22:59,C036,SEARCH_00260,SESSION_00260,Business Analyst,Chennai,mobile,organic,1.0,RESULT_00260,19.0,,,,,,,,,,,
E000812,listing_viewed,2026-08-17 17:24:53,C036,SEARCH_00260,SESSION_00260,Business Analyst,Chennai,web,organic,1.0,,,LISTING_00165,9.0,,,,,,,,,
E000805,search_performed,2026-08-17 18:59:00,C029,SEARCH_00259,SESSION_00259,Data Analyst,Hyderabad,mobile,direct,1.0,,,,,,,,,,,,,
E000806,search_result_viewed,2026-08-17 19:01:43,C029,SEARCH_00259,SESSION_00259,Data Analyst,Hyderabad,web,direct,1.0,RESULT_00259,21.0,,,,,,,,,,,
E000807,listing_viewed,2026-08-17 19:03:25,C029,SEARCH_00259,SESSION_00259,Data Analyst,Hyderabad,web,direct,1.0,,,LISTING_00164,4.0,,,,,,,,,
E000808,company_contact_started,2026-08-17 19:21:25,C029,SEARCH_00259,SESSION_00259,Data Analyst,Hyderabad,mobile,campaign,1.0,,,LISTING_00164,,CONTACT_00074,email,,,,,,,
E000789,engagement_started,2026-08-18 00:08:56,C039,SEARCH_00254,SESSION_00254,Digital Marketer,Bengaluru,web,campaign,1.0,,,LISTING_00159,,,,ENGAGE_00038,application,,,,,
E000545,outcome_recorded,2026-08-18 00:39:05,C019,SEARCH_00175,SESSION_00175,Business Analyst,Mumbai,web,campaign,1.0,,,LISTING_00113,,,,,,MATCH_00012,,OUTCOME_00006,successful,success
E000809,engagement_started,2026-08-18 02:21:25,C029,SEARCH_00259,SESSION_00259,Data Analyst,Hyderabad,web,organic,1.0,,,LISTING_00164,,,,ENGAGE_00039,application,,,,,
E000819,match_created,2026-08-18 06:15:09,C037,SEARCH_00262,SESSION_00262,UI/UX Designer,Hyderabad,mobile,referral,1.0,,,LISTING_00166,,,,ENGAGE_00040,,MATCH_00022,company_candidate,,,
E000772,engagement_started,2026-08-18 06:41:08,C003,SEARCH_00249,SESSION_00249,Software Developer,Pune,web,campaign,1.0,,,LISTING_00155,,,,ENGAGE_00037,application,,,,,
E000829,search_performed,2026-08-18 08:00:00,C034,SEARCH_00265,SESSION_00265,UI/UX Designer,Mumbai,web,campaign,1.0,,,,,,,,,,,,,
E000830,search_result_viewed,2026-08-18 08:01:33,C034,SEARCH_00265,SESSION_00265,UI/UX Designer,Mumbai,mobile,direct,1.0,RESULT_00265,16.0,,,,,,,,,,,
E000831,listing_viewed,2026-08-18 08:02:43,C034,SEARCH_00265,SESSION_00265,UI/UX Designer,Mumbai,mobile,referral,1.0,,,LISTING_00168,5.0,,,,,,,,,
E000832,company_contact_started,2026-08-18 08:34:43,C034,SEARCH_00265,SESSION_00265,UI/UX Designer,Mumbai,web,campaign,1.0,,,LISTING_00168,,CONTACT_00077,email,,,,,,,
E000823,search_performed,2026-08-18 08:48:00,C006,SEARCH_00264,SESSION_00264,UI/UX Designer,Chennai,web,campaign,1.0,,,,,,,,,,,,,
E000850,search_performed,2026-08-18 08:49:00,C031,SEARCH_00272,SESSION_00272,Digital Marketer,Bengaluru,mobile,organic,1.0,,,,,,,,,,,,,
E000824,search_result_viewed,2026-08-18 08:49:30,C006,SEARCH_00264,SESSION_00264,UI/UX Designer,Chennai,mobile,campaign,1.0,RESULT_00264,20.0,,,,,,,,,,,
E000851,search_result_viewed,2026-08-18 08:51:48,C031,SEARCH_00272,SESSION_00272,Digital Marketer,Bengaluru,web,campaign,1.0,RESULT_00272,9.0,,,,,,,,,,,
E000825,listing_viewed,2026-08-18 08:52:55,C006,SEARCH_00264,SESSION_00264,UI/UX Designer,Chennai,mobile,campaign,1.0,,,LISTING_00167,9.0,,,,,,,,,
E000852,listing_viewed,2026-08-18 08:53:01,C031,SEARCH_00272,SESSION_00272,Digital Marketer,Bengaluru,mobile,direct,1.0,,,LISTING_00173,5.0,,,,,,,,,
E000845,search_performed,2026-08-18 09:10:00,C037,SEARCH_00270,SESSION_00270,UI/UX Designer,Bengaluru,mobile,direct,1.0,,,,,,,,,,,,,
E000846,search_result_viewed,2026-08-18 09:12:57,C037,SEARCH_00270,SESSION_00270,UI/UX Designer,Bengaluru,mobile,campaign,1.0,RESULT_00270,14.0,,,,,,,,,,,
E000847,listing_viewed,2026-08-18 09:15:00,C037,SEARCH_00270,SESSION_00270,UI/UX Designer,Bengaluru,mobile,campaign,1.0,,,LISTING_00172,6.0,,,,,,,,,
E000826,company_contact_started,2026-08-18 09:29:55,C006,SEARCH_00264,SESSION_00264,UI/UX Designer,Chennai,web,campaign,1.0,,,LISTING_00167,,CONTACT_00076,message,,,,,,,
E000853,company_contact_started,2026-08-18 09:47:01,C031,SEARCH_00272,SESSION_00272,Digital Marketer,Bengaluru,web,organic,1.0,,,LISTING_00173,,CONTACT_00080,message,,,,,,,
E000871,search_performed,2026-08-18 10:03:00,C003,SEARCH_00278,SESSION_00278,Business Analyst,Bengaluru,mobile,campaign,1.0,,,,,,,,,,,,,
E000872,search_result_viewed,2026-08-18 10:05:10,C003,SEARCH_00278,SESSION_00278,Business Analyst,Bengaluru,web,referral,1.0,RESULT_00278,10.0,,,,,,,,,,,
E000848,company_contact_started,2026-08-18 10:10:00,C037,SEARCH_00270,SESSION_00270,UI/UX Designer,Bengaluru,web,direct,1.0,,,LISTING_00172,,CONTACT_00079,message,,,,,,,
E000834,search_performed,2026-08-18 11:35:00,C015,SEARCH_00267,SESSION_00267,Data Analyst,Mumbai,mobile,campaign,1.0,,,,,,,,,,,,,
E000835,search_result_viewed,2026-08-18 11:35:48,C015,SEARCH_00267,SESSION_00267,Data Analyst,Mumbai,web,direct,1.0,RESULT_00267,20.0,,,,,,,,,,,
E000836,listing_viewed,2026-08-18 11:36:32,C015,SEARCH_00267,SESSION_00267,Data Analyst,Mumbai,mobile,campaign,1.0,,,LISTING_00169,9.0,,,,,,,,,
E000864,search_performed,2026-08-18 11:54:00,C035,SEARCH_00276,SESSION_00276,Business Analyst,Pune,web,direct,1.0,,,,,,,,,,,,,
E000865,search_result_viewed,2026-08-18 11:54:38,C035,SEARCH_00276,SESSION_00276,Business Analyst,Pune,mobile,campaign,1.0,RESULT_00276,25.0,,,,,,,,,,,
E000866,listing_viewed,2026-08-18 11:57:27,C035,SEARCH_00276,SESSION_00276,Business Analyst,Pune,web,referral,1.0,,,LISTING_00177,8.0,,,,,,,,,
E000867,company_contact_started,2026-08-18 12:01:27,C035,SEARCH_00276,SESSION_00276,Business Analyst,Pune,web,direct,1.0,,,LISTING_00177,,CONTACT_00082,phone,,,,,,,
E000837,company_contact_started,2026-08-18 12:12:32,C015,SEARCH_00267,SESSION_00267,Data Analyst,Mumbai,web,campaign,1.0,,,LISTING_00169,,CONTACT_00078,phone,,,,,,,
E000857,search_performed,2026-08-18 12:23:00,C015,SEARCH_00274,SESSION_00274,Data Analyst,Pune,mobile,referral,1.0,,,,,,,,,,,,,
E000858,search_result_viewed,2026-08-18 12:23:12,C015,SEARCH_00274,SESSION_00274,Data Analyst,Pune,web,referral,1.0,RESULT_00274,5.0,,,,,,,,,,,
E000859,listing_viewed,2026-08-18 12:25:38,C015,SEARCH_00274,SESSION_00274,Data Analyst,Pune,mobile,campaign,1.0,,,LISTING_00175,1.0,,,,,,,,,
E000833,search_performed,2026-08-18 12:28:00,C024,SEARCH_00266,SESSION_00266,Business Analyst,Pune,web,direct,1.0,,,,,,,,,,,,,
E000860,company_contact_started,2026-08-18 13:15:38,C015,SEARCH_00274,SESSION_00274,Data Analyst,Pune,mobile,direct,1.0,,,LISTING_00175,,CONTACT_00081,email,,,,,,,
E000839,search_performed,2026-08-18 13:16:00,C031,SEARCH_00268,SESSION_00268,Data Analyst,Pune,mobile,referral,1.0,,,,,,,,,,,,,
E000840,search_result_viewed,2026-08-18 13:17:15,C031,SEARCH_00268,SESSION_00268,Data Analyst,Pune,web,campaign,1.0,RESULT_00268,16.0,,,,,,,,,,,
E000841,listing_viewed,2026-08-18 13:21:07,C031,SEARCH_00268,SESSION_00268,Data Analyst,Pune,web,direct,1.0,,,LISTING_00170,10.0,,,,,,,,,
E000849,search_performed,2026-08-18 14:06:00,C006,SEARCH_00271,SESSION_00271,Software Developer,Hyderabad,web,organic,1.0,,,,,,,,,,,,,
E000873,search_performed,2026-08-18 14:49:00,C001,SEARCH_00279,SESSION_00279,Data Analyst,Hyderabad,mobile,direct,1.0,,,,,,,,,,,,,
E000874,search_result_viewed,2026-08-18 14:49:18,C001,SEARCH_00279,SESSION_00279,Data Analyst,Hyderabad,mobile,organic,1.0,RESULT_00279,11.0,,,,,,,,,,,
E000875,listing_viewed,2026-08-18 14:50:21,C001,SEARCH_00279,SESSION_00279,Data Analyst,Hyderabad,mobile,referral,1.0,,,LISTING_00179,8.0,,,,,,,,,
E000861,search_performed,2026-08-18 14:56:00,C036,SEARCH_00275,SESSION_00275,Business Analyst,Hyderabad,mobile,campaign,1.0,,,,,,,,,,,,,
E000862,search_result_viewed,2026-08-18 14:58:55,C036,SEARCH_00275,SESSION_00275,Business Analyst,Hyderabad,mobile,direct,1.0,RESULT_00275,17.0,,,,,,,,,,,
E000863,listing_viewed,2026-08-18 15:00:53,C036,SEARCH_00275,SESSION_00275,Business Analyst,Hyderabad,mobile,referral,1.0,,,LISTING_00176,4.0,,,,,,,,,
E000750,engagement_started,2026-08-18 15:17:02,C025,SEARCH_00242,SESSION_00242,UI/UX Designer,Bengaluru,mobile,direct,1.0,,,LISTING_00152,,,,ENGAGE_00036,application,,,,,
E000868,search_performed,2026-08-18 15:46:00,C019,SEARCH_00277,SESSION_00277,Business Analyst,Hyderabad,web,direct,1.0,,,,,,,,,,,,,
E000869,search_result_viewed,2026-08-18 15:46:13,C019,SEARCH_00277,SESSION_00277,Business Analyst,Hyderabad,web,referral,1.0,RESULT_00277,20.0,,,,,,,,,,,
E000870,listing_viewed,2026-08-18 15:49:44,C019,SEARCH_00277,SESSION_00277,Business Analyst,Hyderabad,mobile,campaign,1.0,,,LISTING_00178,8.0,,,,,,,,,
E000854,search_performed,2026-08-18 16:59:00,C021,SEARCH_00273,SESSION_00273,UI/UX Designer,Pune,mobile,campaign,1.0,,,,,,,,,,,,,
E000855,search_result_viewed,2026-08-18 17:01:28,C021,SEARCH_00273,SESSION_00273,UI/UX Designer,Pune,mobile,campaign,1.0,RESULT_00273,10.0,,,,,,,,,,,
E000856,listing_viewed,2026-08-18 17:04:21,C021,SEARCH_00273,SESSION_00273,UI/UX Designer,Pune,mobile,referral,1.0,,,LISTING_00174,9.0,,,,,,,,,
E000838,engagement_started,2026-08-18 18:12:32,C015,SEARCH_00267,SESSION_00267,Data Analyst,Mumbai,web,direct,1.0,,,LISTING_00169,,,,ENGAGE_00042,application,,,,,
E000842,search_performed,2026-08-18 18:32:00,C019,SEARCH_00269,SESSION_00269,Business Analyst,Mumbai,mobile,campaign,1.0,,,,,,,,,,,,,
E000843,search_result_viewed,2026-08-18 18:33:47,C019,SEARCH_00269,SESSION_00269,Business Analyst,Mumbai,mobile,campaign,1.0,RESULT_00269,24.0,,,,,,,,,,,
E000844,listing_viewed,2026-08-18 18:34:34,C019,SEARCH_00269,SESSION_00269,Business Analyst,Mumbai,mobile,campaign,1.0,,,LISTING_00171,3.0,,,,,,,,,
E000827,engagement_started,2026-08-19 03:29:55,C006,SEARCH_00264,SESSION_00264,UI/UX Designer,Chennai,web,referral,1.0,,,LISTING_00167,,,,ENGAGE_00041,application,,,,,
E000790,match_created,2026-08-19 08:08:56,C039,SEARCH_00254,SESSION_00254,Digital Marketer,Bengaluru,mobile,referral,1.0,,,LISTING_00159,,,,ENGAGE_00038,,MATCH_00021,company_candidate,,,
E000908,search_performed,2026-08-19 08:18:00,C029,SEARCH_00289,SESSION_00289,UI/UX Designer,Bengaluru,web,direct,1.0,,,,,,,,,,,,,
E000876,search_performed,2026-08-19 09:16:00,C003,SEARCH_00280,SESSION_00280,Digital Marketer,Chennai,mobile,referral,1.0,,,,,,,,,,,,,
E000877,search_result_viewed,2026-08-19 09:16:23,C003,SEARCH_00280,SESSION_00280,Digital Marketer,Chennai,web,organic,1.0,RESULT_00280,26.0,,,,,,,,,,,
E000878,listing_viewed,2026-08-19 09:18:24,C003,SEARCH_00280,SESSION_00280,Digital Marketer,Chennai,web,direct,1.0,,,LISTING_00180,6.0,,,,,,,,,
E000884,search_performed,2026-08-19 10:16:00,C002,SEARCH_00282,SESSION_00282,UI/UX Designer,Mumbai,web,campaign,1.0,,,,,,,,,,,,,
E000885,search_result_viewed,2026-08-19 10:18:33,C002,SEARCH_00282,SESSION_00282,UI/UX Designer,Mumbai,mobile,direct,1.0,RESULT_00282,14.0,,,,,,,,,,,
E000886,listing_viewed,2026-08-19 10:21:02,C002,SEARCH_00282,SESSION_00282,UI/UX Designer,Mumbai,mobile,campaign,1.0,,,LISTING_00182,6.0,,,,,,,,,
E000929,search_performed,2026-08-19 10:28:00,C040,SEARCH_00295,SESSION_00295,UI/UX Designer,Chennai,web,direct,1.0,,,,,,,,,,,,,
E000930,search_result_viewed,2026-08-19 10:29:45,C040,SEARCH_00295,SESSION_00295,UI/UX Designer,Chennai,web,organic,1.0,RESULT_00295,9.0,,,,,,,,,,,
E000879,search_performed,2026-08-19 11:00:00,C038,SEARCH_00281,SESSION_00281,Data Analyst,Pune,web,campaign,1.0,,,,,,,,,,,,,
E000880,search_result_viewed,2026-08-19 11:00:49,C038,SEARCH_00281,SESSION_00281,Data Analyst,Pune,web,direct,1.0,RESULT_00281,16.0,,,,,,,,,,,
E000881,listing_viewed,2026-08-19 11:01:22,C038,SEARCH_00281,SESSION_00281,Data Analyst,Pune,mobile,organic,1.0,,,LISTING_00181,10.0,,,,,,,,,
E000909,search_performed,2026-08-19 11:13:00,C020,SEARCH_00290,SESSION_00290,Data Analyst,Mumbai,mobile,organic,1.0,,,,,,,,,,,,,
E000910,search_result_viewed,2026-08-19 11:14:20,C020,SEARCH_00290,SESSION_00290,Data Analyst,Mumbai,web,organic,1.0,RESULT_00290,22.0,,,,,,,,,,,
E000887,company_contact_started,2026-08-19 11:15:02,C002,SEARCH_00282,SESSION_00282,UI/UX Designer,Mumbai,web,organic,1.0,,,LISTING_00182,,CONTACT_00084,phone,,,,,,,
E000911,listing_viewed,2026-08-19 11:16:01,C020,SEARCH_00290,SESSION_00290,Data Analyst,Mumbai,web,referral,1.0,,,LISTING_00186,3.0,,,,,,,,,
E000901,search_performed,2026-08-19 11:34:00,C034,SEARCH_00286,SESSION_00286,Data Analyst,Bengaluru,mobile,direct,1.0,,,,,,,,,,,,,
E000902,search_result_viewed,2026-08-19 11:36:58,C034,SEARCH_00286,SESSION_00286,Data Analyst,Bengaluru,web,campaign,1.0,RESULT_00286,12.0,,,,,,,,,,,
E000882,company_contact_started,2026-08-19 11:43:22,C038,SEARCH_00281,SESSION_00281,Data Analyst,Pune,web,direct,1.0,,,LISTING_00181,,CONTACT_00083,message,,,,,,,
E000912,company_contact_started,2026-08-19 11:54:01,C020,SEARCH_00290,SESSION_00290,Data Analyst,Mumbai,web,referral,1.0,,,LISTING_00186,,CONTACT_00086,message,,,,,,,
E000931,search_performed,2026-08-19 12:00:00,C016,SEARCH_00296,SESSION_00296,Digital Marketer,Hyderabad,mobile,organic,1.0,,,,,,,,,,,,,
E000932,search_result_viewed,2026-08-19 12:02:10,C016,SEARCH_00296,SESSION_00296,Digital Marketer,Hyderabad,mobile,direct,1.0,RESULT_00296,5.0,,,,,,,,,,,
E000892,search_performed,2026-08-19 13:26:00,C010,SEARCH_00284,SESSION_00284,Digital Marketer,Mumbai,mobile,organic,1.0,,,,,,,,,,,,,
E000893,search_result_viewed,2026-08-19 13:28:58,C010,SEARCH_00284,SESSION_00284,Digital Marketer,Mumbai,web,direct,1.0,RESULT_00284,7.0,,,,,,,,,,,
E000894,listing_viewed,2026-08-19 13:29:16,C010,SEARCH_00284,SESSION_00284,Digital Marketer,Mumbai,web,campaign,1.0,,,LISTING_00183,4.0,,,,,,,,,
E000895,company_contact_started,2026-08-19 13:32:16,C010,SEARCH_00284,SESSION_00284,Digital Marketer,Mumbai,mobile,campaign,1.0,,,LISTING_00183,,CONTACT_00085,phone,,,,,,,
E000916,search_performed,2026-08-19 14:59:00,C022,SEARCH_00292,SESSION_00292,Business Analyst,Pune,web,direct,1.0,,,,,,,,,,,,,
E000917,search_result_viewed,2026-08-19 15:01:44,C022,SEARCH_00292,SESSION_00292,Business Analyst,Pune,mobile,organic,1.0,RESULT_00292,5.0,,,,,,,,,,,
E000918,listing_viewed,2026-08-19 15:02:04,C022,SEARCH_00292,SESSION_00292,Business Analyst,Pune,web,referral,1.0,,,LISTING_00188,6.0,,,,,,,,,
E000924,search_performed,2026-08-19 15:25:00,C031,SEARCH_00294,SESSION_00294,Digital Marketer,Hyderabad,web,direct,1.0,,,,,,,,,,,,,
E000925,search_result_viewed,2026-08-19 15:26:18,C031,SEARCH_00294,SESSION_00294,Digital Marketer,Hyderabad,mobile,referral,1.0,RESULT_00294,29.0,,,,,,,,,,,
E000926,listing_viewed,2026-08-19 15:28:55,C031,SEARCH_00294,SESSION_00294,Digital Marketer,Hyderabad,web,campaign,1.0,,,LISTING_00190,2.0,,,,,,,,,
E000898,search_performed,2026-08-19 15:51:00,C014,SEARCH_00285,SESSION_00285,UI/UX Designer,Bengaluru,web,referral,1.0,,,,,,,,,,,,,
E000927,company_contact_started,2026-08-19 15:51:55,C031,SEARCH_00294,SESSION_00294,Digital Marketer,Hyderabad,mobile,referral,1.0,,,LISTING_00190,,CONTACT_00088,message,,,,,,,
E000899,search_result_viewed,2026-08-19 15:52:56,C014,SEARCH_00285,SESSION_00285,UI/UX Designer,Bengaluru,web,referral,1.0,RESULT_00285,16.0,,,,,,,,,,,
E000900,listing_viewed,2026-08-19 15:56:13,C014,SEARCH_00285,SESSION_00285,UI/UX Designer,Bengaluru,mobile,organic,1.0,,,LISTING_00184,2.0,,,,,,,,,
E000928,engagement_started,2026-08-19 16:51:55,C031,SEARCH_00294,SESSION_00294,Digital Marketer,Hyderabad,mobile,direct,1.0,,,LISTING_00190,,,,ENGAGE_00047,application,,,,,
E000890,search_performed,2026-08-19 17:15:00,C002,SEARCH_00283,SESSION_00283,Digital Marketer,Mumbai,mobile,organic,1.0,,,,,,,,,,,,,
E000891,search_result_viewed,2026-08-19 17:17:27,C002,SEARCH_00283,SESSION_00283,Digital Marketer,Mumbai,web,campaign,1.0,RESULT_00283,17.0,,,,,,,,,,,
E000913,search_performed,2026-08-19 17:58:00,C006,SEARCH_00291,SESSION_00291,Digital Marketer,Pune,web,organic,1.0,,,,,,,,,,,,,
E000914,search_result_viewed,2026-08-19 18:00:13,C006,SEARCH_00291,SESSION_00291,Digital Marketer,Pune,mobile,organic,1.0,RESULT_00291,10.0,,,,,,,,,,,
E000915,listing_viewed,2026-08-19 18:01:39,C006,SEARCH_00291,SESSION_00291,Digital Marketer,Pune,mobile,organic,1.0,,,LISTING_00187,1.0,,,,,,,,,
E000820,outcome_recorded,2026-08-19 18:15:09,C037,SEARCH_00262,SESSION_00262,UI/UX Designer,Hyderabad,web,direct,1.0,,,LISTING_00166,,,,,,MATCH_00022,,OUTCOME_00011,successful,success
E000903,search_performed,2026-08-19 18:27:00,C037,SEARCH_00287,SESSION_00287,Business Analyst,Pune,web,direct,1.0,,,,,,,,,,,,,
E000906,search_performed,2026-08-19 18:27:00,C021,SEARCH_00288,SESSION_00288,Business Analyst,Pune,mobile,direct,1.0,,,,,,,,,,,,,
E000907,search_result_viewed,2026-08-19 18:28:04,C021,SEARCH_00288,SESSION_00288,Business Analyst,Pune,mobile,referral,1.0,RESULT_00288,17.0,,,,,,,,,,,
E000904,search_result_viewed,2026-08-19 18:29:30,C037,SEARCH_00287,SESSION_00287,Business Analyst,Pune,mobile,direct,1.0,RESULT_00287,17.0,,,,,,,,,,,
E000905,listing_viewed,2026-08-19 18:32:13,C037,SEARCH_00287,SESSION_00287,Business Analyst,Pune,mobile,referral,1.0,,,LISTING_00185,8.0,,,,,,,,,
E000919,search_performed,2026-08-19 18:46:00,C015,SEARCH_00293,SESSION_00293,Software Developer,Bengaluru,mobile,campaign,1.0,,,,,,,,,,,,,
E000920,search_result_viewed,2026-08-19 18:48:37,C015,SEARCH_00293,SESSION_00293,Software Developer,Bengaluru,web,direct,1.0,RESULT_00293,21.0,,,,,,,,,,,
E000921,listing_viewed,2026-08-19 18:52:08,C015,SEARCH_00293,SESSION_00293,Software Developer,Bengaluru,web,direct,1.0,,,LISTING_00189,7.0,,,,,,,,,
E000922,company_contact_started,2026-08-19 19:23:08,C015,SEARCH_00293,SESSION_00293,Software Developer,Bengaluru,web,campaign,1.0,,,LISTING_00189,,CONTACT_00087,phone,,,,,,,
E000791,outcome_recorded,2026-08-19 22:08:56,C039,SEARCH_00254,SESSION_00254,Digital Marketer,Bengaluru,mobile,direct,1.0,,,LISTING_00159,,,,,,MATCH_00021,,OUTCOME_00010,successful,success
E000883,engagement_started,2026-08-19 22:43:22,C038,SEARCH_00281,SESSION_00281,Data Analyst,Pune,mobile,campaign,1.0,,,LISTING_00181,,,,ENGAGE_00043,application,,,,,
E000888,engagement_started,2026-08-20 02:15:02,C002,SEARCH_00282,SESSION_00282,UI/UX Designer,Mumbai,mobile,referral,1.0,,,LISTING_00182,,,,ENGAGE_00044,application,,,,,
E000923,engagement_started,2026-08-20 08:23:08,C015,SEARCH_00293,SESSION_00293,Software Developer,Bengaluru,mobile,direct,1.0,,,LISTING_00189,,,,ENGAGE_00046,application,,,,,
E000960,search_performed,2026-08-20 08:38:00,C016,SEARCH_00306,SESSION_00306,UI/UX Designer,Pune,mobile,referral,1.0,,,,,,,,,,,,,
E000961,search_result_viewed,2026-08-20 08:40:36,C016,SEARCH_00306,SESSION_00306,UI/UX Designer,Pune,web,organic,1.0,RESULT_00306,24.0,,,,,,,,,,,
E000962,listing_viewed,2026-08-20 08:44:17,C016,SEARCH_00306,SESSION_00306,UI/UX Designer,Pune,web,campaign,1.0,,,LISTING_00196,1.0,,,,,,,,,
E000966,search_performed,2026-08-20 09:11:00,C029,SEARCH_00308,SESSION_00308,Data Analyst,Chennai,web,campaign,1.0,,,,,,,,,,,,,
E000967,search_result_viewed,2026-08-20 09:13:05,C029,SEARCH_00308,SESSION_00308,Data Analyst,Chennai,web,campaign,1.0,RESULT_00308,5.0,,,,,,,,,,,
E000968,listing_viewed,2026-08-20 09:16:17,C029,SEARCH_00308,SESSION_00308,Data Analyst,Chennai,mobile,organic,1.0,,,LISTING_00198,4.0,,,,,,,,,
E000983,search_performed,2026-08-20 09:49:00,C038,SEARCH_00314,SESSION_00314,Business Analyst,Bengaluru,mobile,referral,1.0,,,,,,,,,,,,,
E000984,search_result_viewed,2026-08-20 09:50:47,C038,SEARCH_00314,SESSION_00314,Business Analyst,Bengaluru,mobile,organic,1.0,RESULT_00314,7.0,,,,,,,,,,,
E000985,listing_viewed,2026-08-20 09:51:31,C038,SEARCH_00314,SESSION_00314,Business Analyst,Bengaluru,mobile,referral,1.0,,,LISTING_00200,2.0,,,,,,,,,
E000975,search_performed,2026-08-20 09:57:00,C029,SEARCH_00310,SESSION_00310,Business Analyst,Hyderabad,web,direct,1.0,,,,,,,,,,,,,
E000976,search_result_viewed,2026-08-20 09:58:14,C029,SEARCH_00310,SESSION_00310,Business Analyst,Hyderabad,mobile,campaign,1.0,RESULT_00310,5.0,,,,,,,,,,,
E000969,company_contact_started,2026-08-20 10:01:17,C029,SEARCH_00308,SESSION_00308,Data Analyst,Chennai,web,organic,1.0,,,LISTING_00198,,CONTACT_00092,phone,,,,,,,
E000982,search_performed,2026-08-20 10:10:00,C004,SEARCH_00313,SESSION_00313,Data Analyst,Pune,mobile,direct,1.0,,,,,,,,,,,,,
E000751,match_created,2026-08-20 10:17:02,C025,SEARCH_00242,SESSION_00242,UI/UX Designer,Bengaluru,web,direct,1.0,,,LISTING_00152,,,,ENGAGE_00036,,MATCH_00020,company_candidate,,,
E000973,search_performed,2026-08-20 10:55:00,C022,SEARCH_00309,SESSION_00309,Digital Marketer,Hyderabad,web,direct,1.0,,,,,,,,,,,,,
E000974,search_result_viewed,2026-08-20 10:55:23,C022,SEARCH_00309,SESSION_00309,Digital Marketer,Hyderabad,mobile,referral,1.0,RESULT_00309,18.0,,,,,,,,,,,
E000979,search_performed,2026-08-20 11:03:00,C018,SEARCH_00312,SESSION_00312,Digital Marketer,Chennai,web,direct,1.0,,,,,,,,,,,,,
E000980,search_result_viewed,2026-08-20 11:04:39,C018,SEARCH_00312,SESSION_00312,Digital Marketer,Chennai,web,organic,1.0,RESULT_00312,6.0,,,,,,,,,,,
E000981,listing_viewed,2026-08-20 11:08:23,C018,SEARCH_00312,SESSION_00312,Digital Marketer,Chennai,mobile,referral,1.0,,,LISTING_00199,10.0,,,,,,,,,
E000939,search_performed,2026-08-20 11:32:00,C035,SEARCH_00299,SESSION_00299,Data Analyst,Hyderabad,mobile,organic,1.0,,,,,,,,,,,,,
E000940,search_result_viewed,2026-08-20 11:34:25,C035,SEARCH_00299,SESSION_00299,Data Analyst,Hyderabad,mobile,campaign,1.0,RESULT_00299,14.0,,,,,,,,,,,
E000941,listing_viewed,2026-08-20 11:35:15,C035,SEARCH_00299,SESSION_00299,Data Analyst,Hyderabad,mobile,referral,1.0,,,LISTING_00193,1.0,,,,,,,,,
E000958,search_performed,2026-08-20 11:47:00,C001,SEARCH_00305,SESSION_00305,Business Analyst,Pune,web,direct,1.0,,,,,,,,,,,,,
E000959,search_result_viewed,2026-08-20 11:49:02,C001,SEARCH_00305,SESSION_00305,Business Analyst,Pune,mobile,referral,1.0,RESULT_00305,24.0,,,,,,,,,,,
E000942,company_contact_started,2026-08-20 11:55:15,C035,SEARCH_00299,SESSION_00299,Data Analyst,Hyderabad,mobile,organic,1.0,,,LISTING_00193,,CONTACT_00089,message,,,,,,,
E000943,search_performed,2026-08-20 12:14:00,C025,SEARCH_00300,SESSION_00300,Data Analyst,Chennai,web,referral,1.0,,,,,,,,,,,,,
E000944,search_result_viewed,2026-08-20 12:16:58,C025,SEARCH_00300,SESSION_00300,Data Analyst,Chennai,web,campaign,1.0,RESULT_00300,9.0,,,,,,,,,,,
E000945,listing_viewed,2026-08-20 12:20:01,C025,SEARCH_00300,SESSION_00300,Data Analyst,Chennai,web,campaign,1.0,,,LISTING_00194,10.0,,,,,,,,,
E000946,company_contact_started,2026-08-20 12:30:01,C025,SEARCH_00300,SESSION_00300,Data Analyst,Chennai,mobile,referral,1.0,,,LISTING_00194,,CONTACT_00090,email,,,,,,,
E000896,engagement_started,2026-08-20 12:32:16,C010,SEARCH_00284,SESSION_00284,Digital Marketer,Mumbai,mobile,organic,1.0,,,LISTING_00183,,,,ENGAGE_00045,application,,,,,
E000933,search_performed,2026-08-20 12:35:00,C014,SEARCH_00297,SESSION_00297,Digital Marketer,Chennai,mobile,direct,1.0,,,,,,,,,,,,,
E000934,search_result_viewed,2026-08-20 12:35:14,C014,SEARCH_00297,SESSION_00297,Digital Marketer,Chennai,web,referral,1.0,RESULT_00297,17.0,,,,,,,,,,,
E000935,listing_viewed,2026-08-20 12:36:36,C014,SEARCH_00297,SESSION_00297,Digital Marketer,Chennai,mobile,organic,1.0,,,LISTING_00191,4.0,,,,,,,,,
E000949,search_performed,2026-08-20 13:04:00,C010,SEARCH_00302,SESSION_00302,Digital Marketer,Hyderabad,web,direct,1.0,,,,,,,,,,,,,
E000950,search_result_viewed,2026-08-20 13:04:47,C010,SEARCH_00302,SESSION_00302,Digital Marketer,Hyderabad,web,referral,1.0,RESULT_00302,28.0,,,,,,,,,,,
E000977,search_performed,2026-08-20 15:15:00,C035,SEARCH_00311,SESSION_00311,Data Analyst,Chennai,web,campaign,1.0,,,,,,,,,,,,,
E000978,search_result_viewed,2026-08-20 15:17:03,C035,SEARCH_00311,SESSION_00311,Data Analyst,Chennai,web,direct,1.0,RESULT_00311,7.0,,,,,,,,,,,
E000951,search_performed,2026-08-20 15:47:00,C027,SEARCH_00303,SESSION_00303,UI/UX Designer,Mumbai,mobile,direct,1.0,,,,,,,,,,,,,
E000952,search_result_viewed,2026-08-20 15:47:37,C027,SEARCH_00303,SESSION_00303,UI/UX Designer,Mumbai,web,organic,1.0,RESULT_00303,9.0,,,,,,,,,,,
E000963,search_performed,2026-08-20 16:48:00,C003,SEARCH_00307,SESSION_00307,Digital Marketer,Pune,web,direct,1.0,,,,,,,,,,,,,
E000964,search_result_viewed,2026-08-20 16:49:51,C003,SEARCH_00307,SESSION_00307,Digital Marketer,Pune,mobile,campaign,1.0,RESULT_00307,14.0,,,,,,,,,,,
E000965,listing_viewed,2026-08-20 16:51:16,C003,SEARCH_00307,SESSION_00307,Digital Marketer,Pune,web,direct,1.0,,,LISTING_00197,10.0,,,,,,,,,
E000948,search_performed,2026-08-20 16:58:00,C013,SEARCH_00301,SESSION_00301,Software Developer,Mumbai,web,campaign,1.0,,,,,,,,,,,,,
E000947,engagement_started,2026-08-20 17:30:01,C025,SEARCH_00300,SESSION_00300,Data Analyst,Chennai,web,direct,1.0,,,LISTING_00194,,,,ENGAGE_00048,application,,,,,
E000953,search_performed,2026-08-20 17:36:00,C040,SEARCH_00304,SESSION_00304,Digital Marketer,Mumbai,web,direct,1.0,,,,,,,,,,,,,
E000954,search_result_viewed,2026-08-20 17:36:16,C040,SEARCH_00304,SESSION_00304,Digital Marketer,Mumbai,web,campaign,1.0,RESULT_00304,16.0,,,,,,,,,,,
E000955,listing_viewed,2026-08-20 17:40:02,C040,SEARCH_00304,SESSION_00304,Digital Marketer,Mumbai,mobile,referral,1.0,,,LISTING_00195,10.0,,,,,,,,,
E000956,company_contact_started,2026-08-20 18:05:02,C040,SEARCH_00304,SESSION_00304,Digital Marketer,Mumbai,mobile,direct,1.0,,,LISTING_00195,,CONTACT_00091,email,,,,,,,
E000936,search_performed,2026-08-20 18:17:00,C001,SEARCH_00298,SESSION_00298,Data Analyst,Pune,mobile,organic,1.0,,,,,,,,,,,,,
E000937,search_result_viewed,2026-08-20 18:19:56,C001,SEARCH_00298,SESSION_00298,Data Analyst,Pune,web,campaign,1.0,RESULT_00298,17.0,,,,,,,,,,,
E000938,listing_viewed,2026-08-20 18:23:07,C001,SEARCH_00298,SESSION_00298,Data Analyst,Pune,mobile,campaign,1.0,,,LISTING_00192,2.0,,,,,,,,,
E000828,match_created,2026-08-21 00:29:55,C006,SEARCH_00264,SESSION_00264,UI/UX Designer,Chennai,web,campaign,1.0,,,LISTING_00167,,,,ENGAGE_00041,,MATCH_00023,company_candidate,,,
E000957,engagement_started,2026-08-21 02:05:02,C040,SEARCH_00304,SESSION_00304,Digital Marketer,Mumbai,web,campaign,1.0,,,LISTING_00195,,,,ENGAGE_00049,application,,,,,
E001017,search_performed,2026-08-21 08:05:00,C004,SEARCH_00325,SESSION_00325,Data Analyst,Pune,mobile,campaign,1.0,,,,,,,,,,,,,
E001018,search_result_viewed,2026-08-21 08:07:42,C004,SEARCH_00325,SESSION_00325,Data Analyst,Pune,mobile,referral,1.0,RESULT_00325,23.0,,,,,,,,,,,
E001019,listing_viewed,2026-08-21 08:11:21,C004,SEARCH_00325,SESSION_00325,Data Analyst,Pune,web,campaign,1.0,,,LISTING_00207,4.0,,,,,,,,,
E000998,search_performed,2026-08-21 08:13:00,C021,SEARCH_00319,SESSION_00319,Digital Marketer,Chennai,mobile,referral,1.0,,,,,,,,,,,,,
E000999,search_result_viewed,2026-08-21 08:13:48,C021,SEARCH_00319,SESSION_00319,Digital Marketer,Chennai,web,referral,1.0,RESULT_00319,13.0,,,,,,,,,,,
E001036,search_performed,2026-08-21 08:39:00,C023,SEARCH_00332,SESSION_00332,Data Analyst,Chennai,mobile,direct,1.0,,,,,,,,,,,,,
E001037,search_result_viewed,2026-08-21 08:39:25,C023,SEARCH_00332,SESSION_00332,Data Analyst,Chennai,web,organic,1.0,RESULT_00332,16.0,,,,,,,,,,,
E000970,engagement_started,2026-08-21 09:01:17,C029,SEARCH_00308,SESSION_00308,Data Analyst,Chennai,mobile,referral,1.0,,,LISTING_00198,,,,ENGAGE_00050,application,,,,,
E000889,match_created,2026-08-21 09:15:02,C002,SEARCH_00282,SESSION_00282,UI/UX Designer,Mumbai,web,campaign,1.0,,,LISTING_00182,,,,ENGAGE_00044,,MATCH_00024,company_candidate,,,
E000986,search_performed,2026-08-21 09:36:00,C014,SEARCH_00315,SESSION_00315,Digital Marketer,Bengaluru,web,campaign,1.0,,,,,,,,,,,,,
E001031,search_performed,2026-08-21 09:38:00,C012,SEARCH_00330,SESSION_00330,Business Analyst,Pune,web,campaign,1.0,,,,,,,,,,,,,
E000987,search_result_viewed,2026-08-21 09:38:44,C014,SEARCH_00315,SESSION_00315,Digital Marketer,Bengaluru,mobile,campaign,1.0,RESULT_00315,30.0,,,,,,,,,,,
E000988,listing_viewed,2026-08-21 09:40:15,C014,SEARCH_00315,SESSION_00315,Digital Marketer,Bengaluru,mobile,direct,1.0,,,LISTING_00201,5.0,,,,,,,,,
E001032,search_result_viewed,2026-08-21 09:40:55,C012,SEARCH_00330,SESSION_00330,Business Analyst,Pune,web,organic,1.0,RESULT_00330,26.0,,,,,,,,,,,
E001033,listing_viewed,2026-08-21 09:41:40,C012,SEARCH_00330,SESSION_00330,Business Analyst,Pune,web,direct,1.0,,,LISTING_00211,10.0,,,,,,,,,
E001015,search_performed,2026-08-21 10:04:00,C019,SEARCH_00324,SESSION_00324,Digital Marketer,Hyderabad,mobile,referral,1.0,,,,,,,,,,,,,
E001016,search_result_viewed,2026-08-21 10:04:22,C019,SEARCH_00324,SESSION_00324,Digital Marketer,Hyderabad,web,campaign,1.0,RESULT_00324,9.0,,,,,,,,,,,
E001012,search_performed,2026-08-21 10:10:00,C029,SEARCH_00323,SESSION_00323,Data Analyst,Mumbai,mobile,organic,1.0,,,,,,,,,,,,,
E001013,search_result_viewed,2026-08-21 10:12:49,C029,SEARCH_00323,SESSION_00323,Data Analyst,Mumbai,web,direct,1.0,RESULT_00323,22.0,,,,,,,,,,,
E001014,listing_viewed,2026-08-21 10:15:19,C029,SEARCH_00323,SESSION_00323,Data Analyst,Mumbai,mobile,direct,1.0,,,LISTING_00206,6.0,,,,,,,,,
E001029,search_performed,2026-08-21 10:42:00,C022,SEARCH_00329,SESSION_00329,Digital Marketer,Hyderabad,web,campaign,1.0,,,,,,,,,,,,,
E001030,search_result_viewed,2026-08-21 10:44:42,C022,SEARCH_00329,SESSION_00329,Digital Marketer,Hyderabad,mobile,organic,1.0,RESULT_00329,19.0,,,,,,,,,,,
E001003,search_performed,2026-08-21 12:11:00,C020,SEARCH_00321,SESSION_00321,Software Developer,Chennai,web,referral,1.0,,,,,,,,,,,,,
E001004,search_result_viewed,2026-08-21 12:12:01,C020,SEARCH_00321,SESSION_00321,Software Developer,Chennai,mobile,organic,1.0,RESULT_00321,7.0,,,,,,,,,,,
E000993,search_performed,2026-08-21 12:19:00,C019,SEARCH_00317,SESSION_00317,Business Analyst,Bengaluru,mobile,organic,1.0,,,,,,,,,,,,,
E000994,search_result_viewed,2026-08-21 12:20:35,C019,SEARCH_00317,SESSION_00317,Business Analyst,Bengaluru,mobile,organic,1.0,RESULT_00317,15.0,,,,,,,,,,,
E001023,search_performed,2026-08-21 13:30:00,C005,SEARCH_00327,SESSION_00327,UI/UX Designer,Bengaluru,mobile,direct,1.0,,,,,,,,,,,,,
E001024,search_result_viewed,2026-08-21 13:31:39,C005,SEARCH_00327,SESSION_00327,UI/UX Designer,Bengaluru,web,organic,1.0,RESULT_00327,24.0,,,,,,,,,,,
E001025,listing_viewed,2026-08-21 13:34:51,C005,SEARCH_00327,SESSION_00327,UI/UX Designer,Bengaluru,mobile,organic,1.0,,,LISTING_00209,2.0,,,,,,,,,
E001005,search_performed,2026-08-21 13:59:00,C033,SEARCH_00322,SESSION_00322,Software Developer,Hyderabad,mobile,referral,1.0,,,,,,,,,,,,,
E001006,search_result_viewed,2026-08-21 13:59:46,C033,SEARCH_00322,SESSION_00322,Software Developer,Hyderabad,web,direct,1.0,RESULT_00322,29.0,,,,,,,,,,,
E001007,listing_viewed,2026-08-21 14:00:05,C033,SEARCH_00322,SESSION_00322,Software Developer,Hyderabad,mobile,organic,1.0,,,LISTING_00205,8.0,,,,,,,,,
E001034,search_performed,2026-08-21 14:39:00,C029,SEARCH_00331,SESSION_00331,Digital Marketer,Mumbai,mobile,direct,1.0,,,,,,,,,,,,,
E001035,search_result_viewed,2026-08-21 14:40:31,C029,SEARCH_00331,SESSION_00331,Digital Marketer,Mumbai,mobile,campaign,1.0,RESULT_00331,14.0,,,,,,,,,,,
E001008,company_contact_started,2026-08-21 15:00:05,C033,SEARCH_00322,SESSION_00322,Software Developer,Hyderabad,web,referral,1.0,,,LISTING_00205,,CONTACT_00094,message,,,,,,,
E001020,search_performed,2026-08-21 15:19:00,C006,SEARCH_00326,SESSION_00326,UI/UX Designer,Bengaluru,mobile,campaign,1.0,,,,,,,,,,,,,
E001021,search_result_viewed,2026-08-21 15:20:07,C006,SEARCH_00326,SESSION_00326,UI/UX Designer,Bengaluru,mobile,referral,1.0,RESULT_00326,9.0,,,,,,,,,,,
E001022,listing_viewed,2026-08-21 15:23:16,C006,SEARCH_00326,SESSION_00326,UI/UX Designer,Bengaluru,mobile,campaign,1.0,,,LISTING_00208,6.0,,,,,,,,,
E000989,search_performed,2026-08-21 15:51:00,C032,SEARCH_00316,SESSION_00316,Digital Marketer,Pune,web,direct,1.0,,,,,,,,,,,,,
E000990,search_result_viewed,2026-08-21 15:51:59,C032,SEARCH_00316,SESSION_00316,Digital Marketer,Pune,web,organic,1.0,RESULT_00316,5.0,,,,,,,,,,,
E000991,listing_viewed,2026-08-21 15:55:32,C032,SEARCH_00316,SESSION_00316,Digital Marketer,Pune,web,campaign,1.0,,,LISTING_00202,2.0,,,,,,,,,
E000992,company_contact_started,2026-08-21 16:17:32,C032,SEARCH_00316,SESSION_00316,Digital Marketer,Pune,web,organic,1.0,,,LISTING_00202,,CONTACT_00093,email,,,,,,,
E001009,engagement_started,2026-08-21 17:00:05,C033,SEARCH_00322,SESSION_00322,Software Developer,Hyderabad,web,referral,1.0,,,LISTING_00205,,,,ENGAGE_00051,application,,,,,
E001000,search_performed,2026-08-21 17:24:00,C035,SEARCH_00320,SESSION_00320,Software Developer,Chennai,web,organic,1.0,,,,,,,,,,,,,
E001001,search_result_viewed,2026-08-21 17:25:28,C035,SEARCH_00320,SESSION_00320,Software Developer,Chennai,mobile,organic,1.0,RESULT_00320,27.0,,,,,,,,,,,
E001002,listing_viewed,2026-08-21 17:26:00,C035,SEARCH_00320,SESSION_00320,Software Developer,Chennai,web,referral,1.0,,,LISTING_00204,8.0,,,,,,,,,
E001026,search_performed,2026-08-21 17:26:00,C035,SEARCH_00328,SESSION_00328,UI/UX Designer,Pune,web,direct,1.0,,,,,,,,,,,,,
E001027,search_result_viewed,2026-08-21 17:28:13,C035,SEARCH_00328,SESSION_00328,UI/UX Designer,Pune,web,referral,1.0,RESULT_00328,17.0,,,,,,,,,,,
E001028,listing_viewed,2026-08-21 17:31:20,C035,SEARCH_00328,SESSION_00328,UI/UX Designer,Pune,mobile,campaign,1.0,,,LISTING_00210,10.0,,,,,,,,,
E000995,search_performed,2026-08-21 18:30:00,C013,SEARCH_00318,SESSION_00318,Business Analyst,Mumbai,mobile,organic,1.0,,,,,,,,,,,,,
E000996,search_result_viewed,2026-08-21 18:32:13,C013,SEARCH_00318,SESSION_00318,Business Analyst,Mumbai,mobile,referral,1.0,RESULT_00318,9.0,,,,,,,,,,,
E000997,listing_viewed,2026-08-21 18:35:51,C013,SEARCH_00318,SESSION_00318,Business Analyst,Mumbai,web,referral,1.0,,,LISTING_00203,7.0,,,,,,,,,
E000752,outcome_recorded,2026-08-21 20:17:02,C025,SEARCH_00242,SESSION_00242,UI/UX Designer,Bengaluru,web,organic,1.0,,,LISTING_00152,,,,,,MATCH_00020,,OUTCOME_00009,successful,success
E000897,match_created,2026-08-22 04:32:16,C010,SEARCH_00284,SESSION_00284,Digital Marketer,Mumbai,web,organic,1.0,,,LISTING_00183,,,,ENGAGE_00045,,MATCH_00025,company_candidate,,,
E001038,search_performed,2026-08-22 08:15:00,C023,SEARCH_00333,SESSION_00333,Data Analyst,Mumbai,mobile,campaign,1.0,,,,,,,,,,,,,
E001039,search_result_viewed,2026-08-22 08:16:47,C023,SEARCH_00333,SESSION_00333,Data Analyst,Mumbai,mobile,campaign,1.0,RESULT_00333,17.0,,,,,,,,,,,
E001040,listing_viewed,2026-08-22 08:19:46,C023,SEARCH_00333,SESSION_00333,Data Analyst,Mumbai,mobile,direct,1.0,,,LISTING_00212,3.0,,,,,,,,,
E001071,search_performed,2026-08-22 08:43:00,C012,SEARCH_00343,SESSION_00343,Business Analyst,Chennai,web,organic,1.0,,,,,,,,,,,,,
E001072,search_result_viewed,2026-08-22 08:43:35,C012,SEARCH_00343,SESSION_00343,Business Analyst,Chennai,web,campaign,1.0,RESULT_00343,21.0,,,,,,,,,,,
E001041,company_contact_started,2026-08-22 08:44:46,C023,SEARCH_00333,SESSION_00333,Data Analyst,Mumbai,mobile,direct,1.0,,,LISTING_00212,,CONTACT_00095,email,,,,,,,
E001073,listing_viewed,2026-08-22 08:46:50,C012,SEARCH_00343,SESSION_00343,Business Analyst,Chennai,mobile,direct,1.0,,,LISTING_00220,5.0,,,,,,,,,
E001044,search_performed,2026-08-22 09:08:00,C032,SEARCH_00334,SESSION_00334,UI/UX Designer,Hyderabad,mobile,campaign,1.0,,,,,,,,,,,,,
E001045,search_result_viewed,2026-08-22 09:10:44,C032,SEARCH_00334,SESSION_00334,UI/UX Designer,Hyderabad,web,campaign,1.0,RESULT_00334,18.0,,,,,,,,,,,
E001046,listing_viewed,2026-08-22 09:13:15,C032,SEARCH_00334,SESSION_00334,UI/UX Designer,Hyderabad,mobile,referral,1.0,,,LISTING_00213,8.0,,,,,,,,,
E001078,search_performed,2026-08-22 09:17:00,C021,SEARCH_00345,SESSION_00345,Business Analyst,Hyderabad,web,campaign,1.0,,,,,,,,,,,,,
E001079,search_result_viewed,2026-08-22 09:17:25,C021,SEARCH_00345,SESSION_00345,Business Analyst,Hyderabad,mobile,direct,1.0,RESULT_00345,13.0,,,,,,,,,,,
E001080,listing_viewed,2026-08-22 09:19:40,C021,SEARCH_00345,SESSION_00345,Business Analyst,Hyderabad,mobile,direct,1.0,,,LISTING_00222,4.0,,,,,,,,,
E001074,company_contact_started,2026-08-22 09:26:50,C012,SEARCH_00343,SESSION_00343,Business Analyst,Chennai,web,direct,1.0,,,LISTING_00220,,CONTACT_00098,message,,,,,,,
E001049,search_performed,2026-08-22 09:37:00,C037,SEARCH_00336,SESSION_00336,UI/UX Designer,Mumbai,mobile,organic,1.0,,,,,,,,,,,,,
E001050,search_result_viewed,2026-08-22 09:39:24,C037,SEARCH_00336,SESSION_00336,UI/UX Designer,Mumbai,mobile,campaign,1.0,RESULT_00336,29.0,,,,,,,,,,,
E001047,company_contact_started,2026-08-22 09:41:15,C032,SEARCH_00334,SESSION_00334,UI/UX Designer,Hyderabad,web,campaign,1.0,,,LISTING_00213,,CONTACT_00096,phone,,,,,,,
E001051,listing_viewed,2026-08-22 09:41:47,C037,SEARCH_00336,SESSION_00336,UI/UX Designer,Mumbai,web,direct,1.0,,,LISTING_00214,10.0,,,,,,,,,
E001060,search_performed,2026-08-22 10:16:00,C010,SEARCH_00339,SESSION_00339,UI/UX Designer,Mumbai,web,campaign,1.0,,,,,,,,,,,,,
E001061,search_result_viewed,2026-08-22 10:18:25,C010,SEARCH_00339,SESSION_00339,UI/UX Designer,Mumbai,mobile,organic,1.0,RESULT_00339,6.0,,,,,,,,,,,
E001057,search_performed,2026-08-22 12:31:00,C019,SEARCH_00338,SESSION_00338,Digital Marketer,Bengaluru,web,direct,1.0,,,,,,,,,,,,,
E001058,search_result_viewed,2026-08-22 12:32:21,C019,SEARCH_00338,SESSION_00338,Digital Marketer,Bengaluru,web,referral,1.0,RESULT_00338,13.0,,,,,,,,,,,
E001059,listing_viewed,2026-08-22 12:33:36,C019,SEARCH_00338,SESSION_00338,Digital Marketer,Bengaluru,web,direct,1.0,,,LISTING_00216,1.0,,,,,,,,,
E001052,search_performed,2026-08-22 12:39:00,C005,SEARCH_00337,SESSION_00337,Digital Marketer,Chennai,web,referral,1.0,,,,,,,,,,,,,
E001053,search_result_viewed,2026-08-22 12:39:12,C005,SEARCH_00337,SESSION_00337,Digital Marketer,Chennai,mobile,campaign,1.0,RESULT_00337,20.0,,,,,,,,,,,
E001054,listing_viewed,2026-08-22 12:40:46,C005,SEARCH_00337,SESSION_00337,Digital Marketer,Chennai,mobile,referral,1.0,,,LISTING_00215,7.0,,,,,,,,,
E001055,company_contact_started,2026-08-22 12:43:46,C005,SEARCH_00337,SESSION_00337,Digital Marketer,Chennai,mobile,referral,1.0,,,LISTING_00215,,CONTACT_00097,phone,,,,,,,
E001010,match_created,2026-08-22 14:00:05,C033,SEARCH_00322,SESSION_00322,Software Developer,Hyderabad,web,referral,1.0,,,LISTING_00205,,,,ENGAGE_00051,,MATCH_00027,company_candidate,,,
E001081,search_performed,2026-08-22 14:13:00,C007,SEARCH_00346,SESSION_00346,Software Developer,Chennai,web,campaign,1.0,,,,,,,,,,,,,
E001082,search_result_viewed,2026-08-22 14:13:36,C007,SEARCH_00346,SESSION_00346,Software Developer,Chennai,web,organic,1.0,RESULT_00346,6.0,,,,,,,,,,,
E001083,listing_viewed,2026-08-22 14:14:50,C007,SEARCH_00346,SESSION_00346,Software Developer,Chennai,web,campaign,1.0,,,LISTING_00223,8.0,,,,,,,,,
E001086,search_performed,2026-08-22 14:25:00,C033,SEARCH_00347,SESSION_00347,UI/UX Designer,Pune,web,direct,1.0,,,,,,,,,,,,,
E001087,search_result_viewed,2026-08-22 14:27:13,C033,SEARCH_00347,SESSION_00347,UI/UX Designer,Pune,mobile,referral,1.0,RESULT_00347,8.0,,,,,,,,,,,
E001088,listing_viewed,2026-08-22 14:29:05,C033,SEARCH_00347,SESSION_00347,UI/UX Designer,Pune,web,referral,1.0,,,LISTING_00224,1.0,,,,,,,,,
E001062,search_performed,2026-08-22 14:49:00,C039,SEARCH_00340,SESSION_00340,Software Developer,Pune,mobile,direct,1.0,,,,,,,,,,,,,
E001063,search_result_viewed,2026-08-22 14:51:53,C039,SEARCH_00340,SESSION_00340,Software Developer,Pune,web,referral,1.0,RESULT_00340,10.0,,,,,,,,,,,
E001064,listing_viewed,2026-08-22 14:53:10,C039,SEARCH_00340,SESSION_00340,Software Developer,Pune,web,direct,1.0,,,LISTING_00217,2.0,,,,,,,,,
E001084,company_contact_started,2026-08-22 14:55:50,C007,SEARCH_00346,SESSION_00346,Software Developer,Chennai,web,campaign,1.0,,,LISTING_00223,,CONTACT_00099,message,,,,,,,
E001048,search_performed,2026-08-22 14:59:00,C016,SEARCH_00335,SESSION_00335,Digital Marketer,Mumbai,mobile,organic,1.0,,,,,,,,,,,,,
E001065,search_performed,2026-08-22 16:14:00,C031,SEARCH_00341,SESSION_00341,Business Analyst,Pune,mobile,campaign,1.0,,,,,,,,,,,,,
E001066,search_result_viewed,2026-08-22 16:14:47,C031,SEARCH_00341,SESSION_00341,Business Analyst,Pune,mobile,organic,1.0,RESULT_00341,21.0,,,,,,,,,,,
E001067,listing_viewed,2026-08-22 16:18:21,C031,SEARCH_00341,SESSION_00341,Business Analyst,Pune,mobile,referral,1.0,,,LISTING_00218,8.0,,,,,,,,,
E001075,search_performed,2026-08-22 17:08:00,C008,SEARCH_00344,SESSION_00344,Data Analyst,Bengaluru,mobile,direct,1.0,,,,,,,,,,,,,
E001076,search_result_viewed,2026-08-22 17:08:57,C008,SEARCH_00344,SESSION_00344,Data Analyst,Bengaluru,mobile,campaign,1.0,RESULT_00344,13.0,,,,,,,,,,,
E001077,listing_viewed,2026-08-22 17:09:26,C008,SEARCH_00344,SESSION_00344,Data Analyst,Bengaluru,mobile,campaign,1.0,,,LISTING_00221,8.0,,,,,,,,,
E001068,search_performed,2026-08-22 18:22:00,C003,SEARCH_00342,SESSION_00342,Data Analyst,Chennai,mobile,referral,1.0,,,,,,,,,,,,,
E001069,search_result_viewed,2026-08-22 18:23:18,C003,SEARCH_00342,SESSION_00342,Data Analyst,Chennai,web,referral,1.0,RESULT_00342,30.0,,,,,,,,,,,
E001070,listing_viewed,2026-08-22 18:25:08,C003,SEARCH_00342,SESSION_00342,Data Analyst,Chennai,web,direct,1.0,,,LISTING_00219,8.0,,,,,,,,,
E001056,engagement_started,2026-08-23 04:43:46,C005,SEARCH_00337,SESSION_00337,Digital Marketer,Chennai,web,organic,1.0,,,LISTING_00215,,,,ENGAGE_00053,application,,,,,
E001042,engagement_started,2026-08-23 06:44:46,C023,SEARCH_00333,SESSION_00333,Data Analyst,Mumbai,web,direct,1.0,,,LISTING_00212,,,,ENGAGE_00052,application,,,,,
E000971,match_created,2026-08-23 08:01:17,C029,SEARCH_00308,SESSION_00308,Data Analyst,Chennai,mobile,direct,1.0,,,LISTING_00198,,,,ENGAGE_00050,,MATCH_00026,company_candidate,,,
E001097,search_performed,2026-08-23 08:47:00,C038,SEARCH_00350,SESSION_00350,Software Developer,Bengaluru,web,campaign,1.0,,,,,,,,,,,,,
E001098,search_result_viewed,2026-08-23 08:49:10,C038,SEARCH_00350,SESSION_00350,Software Developer,Bengaluru,web,direct,1.0,RESULT_00350,24.0,,,,,,,,,,,
E001090,search_performed,2026-08-23 09:40:00,C013,SEARCH_00349,SESSION_00349,Business Analyst,Pune,mobile,campaign,1.0,,,,,,,,,,,,,
E001091,search_result_viewed,2026-08-23 09:42:51,C013,SEARCH_00349,SESSION_00349,Business Analyst,Pune,web,direct,1.0,RESULT_00349,19.0,,,,,,,,,,,
E001092,listing_viewed,2026-08-23 09:43:07,C013,SEARCH_00349,SESSION_00349,Business Analyst,Pune,web,campaign,1.0,,,LISTING_00225,10.0,,,,,,,,,
E001120,search_performed,2026-08-23 09:57:00,C032,SEARCH_00356,SESSION_00356,Digital Marketer,Bengaluru,web,campaign,1.0,,,,,,,,,,,,,
E001121,search_result_viewed,2026-08-23 09:58:33,C032,SEARCH_00356,SESSION_00356,Digital Marketer,Bengaluru,web,referral,1.0,RESULT_00356,18.0,,,,,,,,,,,
E001122,listing_viewed,2026-08-23 09:59:11,C032,SEARCH_00356,SESSION_00356,Digital Marketer,Bengaluru,web,organic,1.0,,,LISTING_00230,6.0,,,,,,,,,
E001123,company_contact_started,2026-08-23 10:26:11,C032,SEARCH_00356,SESSION_00356,Digital Marketer,Bengaluru,mobile,direct,1.0,,,LISTING_00230,,CONTACT_00104,message,,,,,,,
E001093,company_contact_started,2026-08-23 10:34:07,C013,SEARCH_00349,SESSION_00349,Business Analyst,Pune,mobile,campaign,1.0,,,LISTING_00225,,CONTACT_00100,phone,,,,,,,
E001118,search_performed,2026-08-23 12:21:00,C019,SEARCH_00355,SESSION_00355,Software Developer,Pune,mobile,organic,1.0,,,,,,,,,,,,,
E001119,search_result_viewed,2026-08-23 12:21:23,C019,SEARCH_00355,SESSION_00355,Software Developer,Pune,web,direct,1.0,RESULT_00355,22.0,,,,,,,,,,,
E001102,search_performed,2026-08-23 13:07:00,C028,SEARCH_00352,SESSION_00352,Business Analyst,Pune,web,referral,1.0,,,,,,,,,,,,,
E001103,search_result_viewed,2026-08-23 13:08:04,C028,SEARCH_00352,SESSION_00352,Business Analyst,Pune,web,direct,1.0,RESULT_00352,29.0,,,,,,,,,,,
E001104,listing_viewed,2026-08-23 13:08:44,C028,SEARCH_00352,SESSION_00352,Business Analyst,Pune,web,campaign,1.0,,,LISTING_00227,5.0,,,,,,,,,
E001113,search_performed,2026-08-23 13:26:00,C040,SEARCH_00354,SESSION_00354,Data Analyst,Mumbai,web,direct,1.0,,,,,,,,,,,,,
E001114,search_result_viewed,2026-08-23 13:28:25,C040,SEARCH_00354,SESSION_00354,Data Analyst,Mumbai,mobile,direct,1.0,RESULT_00354,8.0,,,,,,,,,,,
E001115,listing_viewed,2026-08-23 13:31:15,C040,SEARCH_00354,SESSION_00354,Data Analyst,Mumbai,mobile,organic,1.0,,,LISTING_00229,4.0,,,,,,,,,
E001105,company_contact_started,2026-08-23 13:32:44,C028,SEARCH_00352,SESSION_00352,Business Analyst,Pune,web,campaign,1.0,,,LISTING_00227,,CONTACT_00101,phone,,,,,,,
E001085,engagement_started,2026-08-23 13:55:50,C007,SEARCH_00346,SESSION_00346,Software Developer,Chennai,mobile,campaign,1.0,,,LISTING_00223,,,,ENGAGE_00054,application,,,,,
E001116,company_contact_started,2026-08-23 14:22:15,C040,SEARCH_00354,SESSION_00354,Data Analyst,Mumbai,mobile,campaign,1.0,,,LISTING_00229,,CONTACT_00103,message,,,,,,,
E001125,search_performed,2026-08-23 15:11:00,C010,SEARCH_00357,SESSION_00357,Software Developer,Chennai,mobile,referral,1.0,,,,,,,,,,,,,
E001126,search_result_viewed,2026-08-23 15:11:59,C010,SEARCH_00357,SESSION_00357,Software Developer,Chennai,mobile,referral,1.0,RESULT_00357,25.0,,,,,,,,,,,
E001127,listing_viewed,2026-08-23 15:12:41,C010,SEARCH_00357,SESSION_00357,Software Developer,Chennai,web,referral,1.0,,,LISTING_00231,1.0,,,,,,,,,
E001128,company_contact_started,2026-08-23 16:07:41,C010,SEARCH_00357,SESSION_00357,Software Developer,Chennai,mobile,campaign,1.0,,,LISTING_00231,,CONTACT_00105,email,,,,,,,
E001130,search_performed,2026-08-23 16:54:00,C040,SEARCH_00358,SESSION_00358,Software Developer,Chennai,web,organic,1.0,,,,,,,,,,,,,
E001131,search_result_viewed,2026-08-23 16:56:23,C040,SEARCH_00358,SESSION_00358,Software Developer,Chennai,web,campaign,1.0,RESULT_00358,20.0,,,,,,,,,,,
E001099,search_performed,2026-08-23 18:03:00,C009,SEARCH_00351,SESSION_00351,Data Analyst,Hyderabad,mobile,organic,1.0,,,,,,,,,,,,,
E001100,search_result_viewed,2026-08-23 18:03:53,C009,SEARCH_00351,SESSION_00351,Data Analyst,Hyderabad,web,organic,1.0,RESULT_00351,23.0,,,,,,,,,,,
E001101,listing_viewed,2026-08-23 18:06:35,C009,SEARCH_00351,SESSION_00351,Data Analyst,Hyderabad,web,organic,1.0,,,LISTING_00226,10.0,,,,,,,,,
E001089,search_performed,2026-08-23 18:12:00,C006,SEARCH_00348,SESSION_00348,UI/UX Designer,Mumbai,web,organic,1.0,,,,,,,,,,,,,
E001109,search_performed,2026-08-23 18:37:00,C001,SEARCH_00353,SESSION_00353,Software Developer,Bengaluru,mobile,campaign,1.0,,,,,,,,,,,,,
E001110,search_result_viewed,2026-08-23 18:39:11,C001,SEARCH_00353,SESSION_00353,Software Developer,Bengaluru,web,direct,1.0,RESULT_00353,27.0,,,,,,,,,,,
E001111,listing_viewed,2026-08-23 18:40:30,C001,SEARCH_00353,SESSION_00353,Software Developer,Bengaluru,mobile,campaign,1.0,,,LISTING_00228,9.0,,,,,,,,,
E001112,company_contact_started,2026-08-23 18:52:30,C001,SEARCH_00353,SESSION_00353,Software Developer,Bengaluru,web,direct,1.0,,,LISTING_00228,,CONTACT_00102,phone,,,,,,,
E001094,engagement_started,2026-08-24 01:34:07,C013,SEARCH_00349,SESSION_00349,Business Analyst,Pune,web,organic,1.0,,,LISTING_00225,,,,ENGAGE_00055,application,,,,,
E001129,engagement_started,2026-08-24 03:07:41,C010,SEARCH_00357,SESSION_00357,Software Developer,Chennai,web,referral,1.0,,,LISTING_00231,,,,ENGAGE_00059,application,,,,,
E001011,outcome_recorded,2026-08-24 04:00:05,C033,SEARCH_00322,SESSION_00322,Software Developer,Hyderabad,mobile,referral,1.0,,,LISTING_00205,,,,,,MATCH_00027,,OUTCOME_00013,successful,success
E001124,engagement_started,2026-08-24 05:26:11,C032,SEARCH_00356,SESSION_00356,Digital Marketer,Bengaluru,mobile,organic,1.0,,,LISTING_00230,,,,ENGAGE_00058,application,,,,,
E001134,search_performed,2026-08-24 08:27:00,C003,SEARCH_00360,SESSION_00360,UI/UX Designer,Chennai,mobile,campaign,1.0,,,,,,,,,,,,,
E001135,search_result_viewed,2026-08-24 08:27:35,C003,SEARCH_00360,SESSION_00360,UI/UX Designer,Chennai,mobile,direct,1.0,RESULT_00360,19.0,,,,,,,,,,,
E001136,listing_viewed,2026-08-24 08:30:57,C003,SEARCH_00360,SESSION_00360,UI/UX Designer,Chennai,mobile,direct,1.0,,,LISTING_00232,1.0,,,,,,,,,
E001106,engagement_started,2026-08-24 08:32:44,C028,SEARCH_00352,SESSION_00352,Business Analyst,Pune,web,direct,1.0,,,LISTING_00227,,,,ENGAGE_00056,application,,,,,
E001137,company_contact_started,2026-08-24 08:49:57,C003,SEARCH_00360,SESSION_00360,UI/UX Designer,Chennai,web,organic,1.0,,,LISTING_00232,,CONTACT_00106,message,,,,,,,
E001151,search_performed,2026-08-24 09:05:00,C005,SEARCH_00364,SESSION_00364,Software Developer,Pune,mobile,direct,1.0,,,,,,,,,,,,,
E001152,search_result_viewed,2026-08-24 09:05:29,C005,SEARCH_00364,SESSION_00364,Software Developer,Pune,web,referral,1.0,RESULT_00364,8.0,,,,,,,,,,,
E001153,listing_viewed,2026-08-24 09:06:16,C005,SEARCH_00364,SESSION_00364,Software Developer,Pune,web,direct,1.0,,,LISTING_00235,8.0,,,,,,,,,
E001171,search_performed,2026-08-24 09:34:00,C018,SEARCH_00371,SESSION_00371,Software Developer,Bengaluru,mobile,organic,1.0,,,,,,,,,,,,,
E001180,search_performed,2026-08-24 10:53:00,C037,SEARCH_00375,SESSION_00375,Software Developer,Hyderabad,mobile,referral,1.0,,,,,,,,,,,,,
E001181,search_result_viewed,2026-08-24 10:53:20,C037,SEARCH_00375,SESSION_00375,Software Developer,Hyderabad,mobile,campaign,1.0,RESULT_00375,14.0,,,,,,,,,,,
E001182,listing_viewed,2026-08-24 10:55:28,C037,SEARCH_00375,SESSION_00375,Software Developer,Hyderabad,web,organic,1.0,,,LISTING_00241,4.0,,,,,,,,,
E001183,company_contact_started,2026-08-24 11:15:28,C037,SEARCH_00375,SESSION_00375,Software Developer,Hyderabad,mobile,organic,1.0,,,LISTING_00241,,CONTACT_00109,phone,,,,,,,
E001177,search_performed,2026-08-24 11:19:00,C039,SEARCH_00374,SESSION_00374,Data Analyst,Hyderabad,mobile,referral,1.0,,,,,,,,,,,,,
E001132,search_performed,2026-08-24 11:20:00,C001,SEARCH_00359,SESSION_00359,UI/UX Designer,Hyderabad,mobile,direct,1.0,,,,,,,,,,,,,
E001178,search_result_viewed,2026-08-24 11:21:41,C039,SEARCH_00374,SESSION_00374,Data Analyst,Hyderabad,mobile,organic,1.0,RESULT_00374,29.0,,,,,,,,,,,
E001133,search_result_viewed,2026-08-24 11:22:41,C001,SEARCH_00359,SESSION_00359,UI/UX Designer,Hyderabad,web,campaign,1.0,RESULT_00359,9.0,,,,,,,,,,,
E001179,listing_viewed,2026-08-24 11:24:34,C039,SEARCH_00374,SESSION_00374,Data Analyst,Hyderabad,mobile,direct,1.0,,,LISTING_00240,5.0,,,,,,,,,
E001117,engagement_started,2026-08-24 12:22:15,C040,SEARCH_00354,SESSION_00354,Data Analyst,Mumbai,web,organic,1.0,,,LISTING_00229,,,,ENGAGE_00057,application,,,,,
E001159,search_performed,2026-08-24 12:49:00,C015,SEARCH_00367,SESSION_00367,UI/UX Designer,Mumbai,web,direct,1.0,,,,,,,,,,,,,
E001160,search_result_viewed,2026-08-24 12:51:06,C015,SEARCH_00367,SESSION_00367,UI/UX Designer,Mumbai,web,referral,1.0,RESULT_00367,10.0,,,,,,,,,,,
E001161,listing_viewed,2026-08-24 12:52:00,C015,SEARCH_00367,SESSION_00367,UI/UX Designer,Mumbai,web,direct,1.0,,,LISTING_00237,3.0,,,,,,,,,
E001162,company_contact_started,2026-08-24 13:13:00,C015,SEARCH_00367,SESSION_00367,UI/UX Designer,Mumbai,web,campaign,1.0,,,LISTING_00237,,CONTACT_00108,phone,,,,,,,
E001172,search_performed,2026-08-24 13:38:00,C026,SEARCH_00372,SESSION_00372,Software Developer,Pune,web,referral,1.0,,,,,,,,,,,,,
E001173,search_result_viewed,2026-08-24 13:39:59,C026,SEARCH_00372,SESSION_00372,Software Developer,Pune,mobile,referral,1.0,RESULT_00372,16.0,,,,,,,,,,,
E001174,listing_viewed,2026-08-24 13:41:37,C026,SEARCH_00372,SESSION_00372,Software Developer,Pune,mobile,campaign,1.0,,,LISTING_00239,6.0,,,,,,,,,
E001169,search_performed,2026-08-24 14:39:00,C008,SEARCH_00370,SESSION_00370,Business Analyst,Bengaluru,web,campaign,1.0,,,,,,,,,,,,,
E001170,search_result_viewed,2026-08-24 14:40:33,C008,SEARCH_00370,SESSION_00370,Business Analyst,Bengaluru,web,direct,1.0,RESULT_00370,6.0,,,,,,,,,,,
E001175,search_performed,2026-08-24 14:51:00,C006,SEARCH_00373,SESSION_00373,Software Developer,Pune,mobile,referral,1.0,,,,,,,,,,,,,
E001176,search_result_viewed,2026-08-24 14:52:58,C006,SEARCH_00373,SESSION_00373,Software Developer,Pune,mobile,direct,1.0,RESULT_00373,28.0,,,,,,,,,,,
E001164,search_performed,2026-08-24 15:34:00,C023,SEARCH_00368,SESSION_00368,Software Developer,Mumbai,web,referral,1.0,,,,,,,,,,,,,
E001165,search_result_viewed,2026-08-24 15:34:16,C023,SEARCH_00368,SESSION_00368,Software Developer,Mumbai,mobile,direct,1.0,RESULT_00368,17.0,,,,,,,,,,,
E001139,search_performed,2026-08-24 15:49:00,C038,SEARCH_00361,SESSION_00361,Data Analyst,Pune,web,campaign,1.0,,,,,,,,,,,,,
E001140,search_result_viewed,2026-08-24 15:50:44,C038,SEARCH_00361,SESSION_00361,Data Analyst,Pune,mobile,organic,1.0,RESULT_00361,25.0,,,,,,,,,,,
E001184,search_performed,2026-08-24 15:58:00,C019,SEARCH_00376,SESSION_00376,UI/UX Designer,Hyderabad,web,organic,1.0,,,,,,,,,,,,,
E001185,search_result_viewed,2026-08-24 15:59:20,C019,SEARCH_00376,SESSION_00376,UI/UX Designer,Hyderabad,web,referral,1.0,RESULT_00376,20.0,,,,,,,,,,,
E001186,listing_viewed,2026-08-24 16:01:54,C019,SEARCH_00376,SESSION_00376,UI/UX Designer,Hyderabad,mobile,campaign,1.0,,,LISTING_00242,7.0,,,,,,,,,
E001141,search_performed,2026-08-24 16:02:00,C005,SEARCH_00362,SESSION_00362,UI/UX Designer,Mumbai,mobile,campaign,1.0,,,,,,,,,,,,,
E001142,search_result_viewed,2026-08-24 16:04:46,C005,SEARCH_00362,SESSION_00362,UI/UX Designer,Mumbai,web,organic,1.0,RESULT_00362,22.0,,,,,,,,,,,
E001143,listing_viewed,2026-08-24 16:06:21,C005,SEARCH_00362,SESSION_00362,UI/UX Designer,Mumbai,mobile,organic,1.0,,,LISTING_00233,1.0,,,,,,,,,
E001144,company_contact_started,2026-08-24 16:30:21,C005,SEARCH_00362,SESSION_00362,UI/UX Designer,Mumbai,web,referral,1.0,,,LISTING_00233,,CONTACT_00107,email,,,,,,,
E001166,search_performed,2026-08-24 16:32:00,C021,SEARCH_00369,SESSION_00369,Software Developer,Bengaluru,mobile,referral,1.0,,,,,,,,,,,,,
E001167,search_result_viewed,2026-08-24 16:33:24,C021,SEARCH_00369,SESSION_00369,Software Developer,Bengaluru,web,campaign,1.0,RESULT_00369,29.0,,,,,,,,,,,
E001168,listing_viewed,2026-08-24 16:34:02,C021,SEARCH_00369,SESSION_00369,Software Developer,Bengaluru,web,direct,1.0,,,LISTING_00238,8.0,,,,,,,,,
E001187,search_performed,2026-08-24 17:01:00,C008,SEARCH_00377,SESSION_00377,Business Analyst,Chennai,mobile,direct,1.0,,,,,,,,,,,,,
E001188,search_result_viewed,2026-08-24 17:01:47,C008,SEARCH_00377,SESSION_00377,Business Analyst,Chennai,mobile,direct,1.0,RESULT_00377,15.0,,,,,,,,,,,
E001189,listing_viewed,2026-08-24 17:02:10,C008,SEARCH_00377,SESSION_00377,Business Analyst,Chennai,mobile,campaign,1.0,,,LISTING_00243,5.0,,,,,,,,,
E001148,search_performed,2026-08-24 18:27:00,C023,SEARCH_00363,SESSION_00363,Business Analyst,Chennai,mobile,organic,1.0,,,,,,,,,,,,,
E001149,search_result_viewed,2026-08-24 18:28:38,C023,SEARCH_00363,SESSION_00363,Business Analyst,Chennai,mobile,organic,1.0,RESULT_00363,19.0,,,,,,,,,,,
E001150,listing_viewed,2026-08-24 18:31:04,C023,SEARCH_00363,SESSION_00363,Business Analyst,Chennai,mobile,campaign,1.0,,,LISTING_00234,9.0,,,,,,,,,
E001154,search_performed,2026-08-24 18:34:00,C002,SEARCH_00365,SESSION_00365,Business Analyst,Pune,web,campaign,1.0,,,,,,,,,,,,,
E001155,search_result_viewed,2026-08-24 18:36:03,C002,SEARCH_00365,SESSION_00365,Business Analyst,Pune,web,referral,1.0,RESULT_00365,28.0,,,,,,,,,,,
E001156,listing_viewed,2026-08-24 18:36:18,C002,SEARCH_00365,SESSION_00365,Business Analyst,Pune,mobile,campaign,1.0,,,LISTING_00236,4.0,,,,,,,,,
E001157,search_performed,2026-08-24 18:44:00,C021,SEARCH_00366,SESSION_00366,UI/UX Designer,Chennai,mobile,campaign,1.0,,,,,,,,,,,,,
E001158,search_result_viewed,2026-08-24 18:44:43,C021,SEARCH_00366,SESSION_00366,UI/UX Designer,Chennai,mobile,direct,1.0,RESULT_00366,30.0,,,,,,,,,,,
E001138,engagement_started,2026-08-24 18:49:57,C003,SEARCH_00360,SESSION_00360,UI/UX Designer,Chennai,web,campaign,1.0,,,LISTING_00232,,,,ENGAGE_00060,application,,,,,
E001163,engagement_started,2026-08-24 19:13:00,C015,SEARCH_00367,SESSION_00367,UI/UX Designer,Mumbai,web,organic,1.0,,,LISTING_00237,,,,ENGAGE_00062,application,,,,,
E001095,match_created,2026-08-25 00:34:07,C013,SEARCH_00349,SESSION_00349,Business Analyst,Pune,web,campaign,1.0,,,LISTING_00225,,,,ENGAGE_00055,,MATCH_00029,company_candidate,,,
E001043,match_created,2026-08-25 01:44:46,C023,SEARCH_00333,SESSION_00333,Data Analyst,Mumbai,web,direct,1.0,,,LISTING_00212,,,,ENGAGE_00052,,MATCH_00028,company_candidate,,,
E001230,search_performed,2026-08-25 08:27:00,C035,SEARCH_00392,SESSION_00392,Digital Marketer,Bengaluru,web,campaign,1.0,,,,,,,,,,,,,
E001231,search_result_viewed,2026-08-25 08:28:46,C035,SEARCH_00392,SESSION_00392,Digital Marketer,Bengaluru,mobile,organic,1.0,RESULT_00392,19.0,,,,,,,,,,,
E001232,listing_viewed,2026-08-25 08:31:18,C035,SEARCH_00392,SESSION_00392,Digital Marketer,Bengaluru,web,campaign,1.0,,,LISTING_00252,5.0,,,,,,,,,
E001209,search_performed,2026-08-25 08:46:00,C019,SEARCH_00385,SESSION_00385,Software Developer,Chennai,web,direct,1.0,,,,,,,,,,,,,
E001202,search_performed,2026-08-25 08:49:00,C028,SEARCH_00382,SESSION_00382,Data Analyst,Bengaluru,mobile,campaign,1.0,,,,,,,,,,,,,
E001203,search_result_viewed,2026-08-25 08:49:37,C028,SEARCH_00382,SESSION_00382,Data Analyst,Bengaluru,web,campaign,1.0,RESULT_00382,6.0,,,,,,,,,,,
E001204,listing_viewed,2026-08-25 08:50:51,C028,SEARCH_00382,SESSION_00382,Data Analyst,Bengaluru,web,referral,1.0,,,LISTING_00248,1.0,,,,,,,,,
E001233,company_contact_started,2026-08-25 08:51:18,C035,SEARCH_00392,SESSION_00392,Digital Marketer,Bengaluru,mobile,campaign,1.0,,,LISTING_00252,,CONTACT_00112,phone,,,,,,,
E000972,outcome_recorded,2026-08-25 10:01:17,C029,SEARCH_00308,SESSION_00308,Data Analyst,Chennai,web,direct,1.0,,,LISTING_00198,,,,,,MATCH_00026,,OUTCOME_00012,successful,success
E001227,search_performed,2026-08-25 10:19:00,C025,SEARCH_00391,SESSION_00391,Digital Marketer,Mumbai,web,organic,1.0,,,,,,,,,,,,,
E001228,search_result_viewed,2026-08-25 10:21:23,C025,SEARCH_00391,SESSION_00391,Digital Marketer,Mumbai,mobile,campaign,1.0,RESULT_00391,29.0,,,,,,,,,,,
E001229,listing_viewed,2026-08-25 10:24:22,C025,SEARCH_00391,SESSION_00391,Digital Marketer,Mumbai,mobile,referral,1.0,,,LISTING_00251,8.0,,,,,,,,,
E001210,search_performed,2026-08-25 10:28:00,C031,SEARCH_00386,SESSION_00386,Business Analyst,Chennai,web,direct,1.0,,,,,,,,,,,,,
E001211,search_result_viewed,2026-08-25 10:29:47,C031,SEARCH_00386,SESSION_00386,Business Analyst,Chennai,web,direct,1.0,RESULT_00386,18.0,,,,,,,,,,,
E001212,listing_viewed,2026-08-25 10:33:11,C031,SEARCH_00386,SESSION_00386,Business Analyst,Chennai,web,campaign,1.0,,,LISTING_00249,6.0,,,,,,,,,
E001213,company_contact_started,2026-08-25 10:42:11,C031,SEARCH_00386,SESSION_00386,Business Analyst,Chennai,mobile,referral,1.0,,,LISTING_00249,,CONTACT_00110,email,,,,,,,
E001199,search_performed,2026-08-25 10:45:00,C039,SEARCH_00381,SESSION_00381,Digital Marketer,Mumbai,mobile,organic,1.0,,,,,,,,,,,,,
E001200,search_result_viewed,2026-08-25 10:45:40,C039,SEARCH_00381,SESSION_00381,Digital Marketer,Mumbai,web,direct,1.0,RESULT_00381,12.0,,,,,,,,,,,
E001201,listing_viewed,2026-08-25 10:47:08,C039,SEARCH_00381,SESSION_00381,Digital Marketer,Mumbai,web,direct,1.0,,,LISTING_00247,3.0,,,,,,,,,
E001248,search_performed,2026-08-25 11:18:00,C032,SEARCH_00396,SESSION_00396,Data Analyst,Chennai,mobile,organic,1.0,,,,,,,,,,,,,
E001249,search_result_viewed,2026-08-25 11:20:36,C032,SEARCH_00396,SESSION_00396,Data Analyst,Chennai,web,organic,1.0,RESULT_00396,17.0,,,,,,,,,,,
E001205,search_performed,2026-08-25 11:37:00,C007,SEARCH_00383,SESSION_00383,Data Analyst,Chennai,web,direct,1.0,,,,,,,,,,,,,
E001206,search_result_viewed,2026-08-25 11:37:17,C007,SEARCH_00383,SESSION_00383,Data Analyst,Chennai,web,referral,1.0,RESULT_00383,7.0,,,,,,,,,,,
E001214,engagement_started,2026-08-25 12:42:11,C031,SEARCH_00386,SESSION_00386,Business Analyst,Chennai,web,referral,1.0,,,LISTING_00249,,,,ENGAGE_00063,application,,,,,
E001241,search_performed,2026-08-25 13:10:00,C005,SEARCH_00395,SESSION_00395,Business Analyst,Bengaluru,web,referral,1.0,,,,,,,,,,,,,
E001242,search_result_viewed,2026-08-25 13:12:58,C005,SEARCH_00395,SESSION_00395,Business Analyst,Bengaluru,mobile,referral,1.0,RESULT_00395,18.0,,,,,,,,,,,
E001243,listing_viewed,2026-08-25 13:15:08,C005,SEARCH_00395,SESSION_00395,Business Analyst,Bengaluru,web,referral,1.0,,,LISTING_00255,10.0,,,,,,,,,
E001250,search_performed,2026-08-25 13:17:00,C038,SEARCH_00397,SESSION_00397,Data Analyst,Chennai,web,campaign,1.0,,,,,,,,,,,,,
E001251,search_result_viewed,2026-08-25 13:18:38,C038,SEARCH_00397,SESSION_00397,Data Analyst,Chennai,web,referral,1.0,RESULT_00397,30.0,,,,,,,,,,,
E001252,listing_viewed,2026-08-25 13:20:04,C038,SEARCH_00397,SESSION_00397,Data Analyst,Chennai,mobile,direct,1.0,,,LISTING_00256,7.0,,,,,,,,,
E001145,engagement_started,2026-08-25 13:30:21,C005,SEARCH_00362,SESSION_00362,UI/UX Designer,Mumbai,web,direct,1.0,,,LISTING_00233,,,,ENGAGE_00061,application,,,,,
E001253,company_contact_started,2026-08-25 13:37:04,C038,SEARCH_00397,SESSION_00397,Data Analyst,Chennai,mobile,direct,1.0,,,LISTING_00256,,CONTACT_00115,phone,,,,,,,
E001244,company_contact_started,2026-08-25 13:40:08,C005,SEARCH_00395,SESSION_00395,Business Analyst,Bengaluru,web,campaign,1.0,,,LISTING_00255,,CONTACT_00114,email,,,,,,,
E001217,search_performed,2026-08-25 14:12:00,C036,SEARCH_00387,SESSION_00387,UI/UX Designer,Mumbai,web,campaign,1.0,,,,,,,,,,,,,
E001225,search_performed,2026-08-25 15:31:00,C007,SEARCH_00390,SESSION_00390,Data Analyst,Mumbai,web,direct,1.0,,,,,,,,,,,,,
E001226,search_result_viewed,2026-08-25 15:31:23,C007,SEARCH_00390,SESSION_00390,Data Analyst,Mumbai,mobile,organic,1.0,RESULT_00390,7.0,,,,,,,,,,,
E001190,search_performed,2026-08-25 16:40:00,C004,SEARCH_00378,SESSION_00378,Business Analyst,Mumbai,web,direct,1.0,,,,,,,,,,,,,
E001191,search_result_viewed,2026-08-25 16:40:56,C004,SEARCH_00378,SESSION_00378,Business Analyst,Mumbai,web,direct,1.0,RESULT_00378,29.0,,,,,,,,,,,
E001192,listing_viewed,2026-08-25 16:44:49,C004,SEARCH_00378,SESSION_00378,Business Analyst,Mumbai,mobile,referral,1.0,,,LISTING_00244,6.0,,,,,,,,,
E001207,search_performed,2026-08-25 16:49:00,C023,SEARCH_00384,SESSION_00384,Business Analyst,Hyderabad,web,organic,1.0,,,,,,,,,,,,,
E001208,search_result_viewed,2026-08-25 16:51:38,C023,SEARCH_00384,SESSION_00384,Business Analyst,Hyderabad,web,direct,1.0,RESULT_00384,29.0,,,,,,,,,,,
E001196,search_performed,2026-08-25 16:54:00,C013,SEARCH_00380,SESSION_00380,Digital Marketer,Chennai,web,campaign,1.0,,,,,,,,,,,,,
E001197,search_result_viewed,2026-08-25 16:54:29,C013,SEARCH_00380,SESSION_00380,Digital Marketer,Chennai,web,organic,1.0,RESULT_00380,8.0,,,,,,,,,,,
E001198,listing_viewed,2026-08-25 16:55:58,C013,SEARCH_00380,SESSION_00380,Digital Marketer,Chennai,web,campaign,1.0,,,LISTING_00246,6.0,,,,,,,,,
E001193,search_performed,2026-08-25 17:22:00,C024,SEARCH_00379,SESSION_00379,Data Analyst,Chennai,web,organic,1.0,,,,,,,,,,,,,
E001194,search_result_viewed,2026-08-25 17:23:22,C024,SEARCH_00379,SESSION_00379,Data Analyst,Chennai,mobile,campaign,1.0,RESULT_00379,16.0,,,,,,,,,,,
E001195,listing_viewed,2026-08-25 17:24:13,C024,SEARCH_00379,SESSION_00379,Data Analyst,Chennai,web,direct,1.0,,,LISTING_00245,2.0,,,,,,,,,
E001238,search_performed,2026-08-25 18:21:00,C023,SEARCH_00394,SESSION_00394,Digital Marketer,Bengaluru,mobile,organic,1.0,,,,,,,,,,,,,
E001239,search_result_viewed,2026-08-25 18:22:41,C023,SEARCH_00394,SESSION_00394,Digital Marketer,Bengaluru,mobile,organic,1.0,RESULT_00394,18.0,,,,,,,,,,,
E001240,listing_viewed,2026-08-25 18:23:54,C023,SEARCH_00394,SESSION_00394,Digital Marketer,Bengaluru,mobile,organic,1.0,,,LISTING_00254,4.0,,,,,,,,,
E001223,search_performed,2026-08-25 18:25:00,C038,SEARCH_00389,SESSION_00389,Digital Marketer,Mumbai,mobile,campaign,1.0,,,,,,,,,,,,,
E001224,search_result_viewed,2026-08-25 18:26:53,C038,SEARCH_00389,SESSION_00389,Digital Marketer,Mumbai,mobile,direct,1.0,RESULT_00389,20.0,,,,,,,,,,,
E001218,search_performed,2026-08-25 18:31:00,C024,SEARCH_00388,SESSION_00388,Software Developer,Bengaluru,web,campaign,1.0,,,,,,,,,,,,,
E001219,search_result_viewed,2026-08-25 18:33:58,C024,SEARCH_00388,SESSION_00388,Software Developer,Bengaluru,web,organic,1.0,RESULT_00388,26.0,,,,,,,,,,,
E001234,search_performed,2026-08-25 18:34:00,C037,SEARCH_00393,SESSION_00393,UI/UX Designer,Chennai,mobile,campaign,1.0,,,,,,,,,,,,,
E001235,search_result_viewed,2026-08-25 18:34:50,C037,SEARCH_00393,SESSION_00393,UI/UX Designer,Chennai,web,campaign,1.0,RESULT_00393,21.0,,,,,,,,,,,
E001220,listing_viewed,2026-08-25 18:35:50,C024,SEARCH_00388,SESSION_00388,Software Developer,Bengaluru,web,direct,1.0,,,LISTING_00250,10.0,,,,,,,,,
E001236,listing_viewed,2026-08-25 18:37:31,C037,SEARCH_00393,SESSION_00393,UI/UX Designer,Chennai,mobile,referral,1.0,,,LISTING_00253,7.0,,,,,,,,,
E001237,company_contact_started,2026-08-25 18:39:31,C037,SEARCH_00393,SESSION_00393,UI/UX Designer,Chennai,web,direct,1.0,,,LISTING_00253,,CONTACT_00113,phone,,,,,,,
E001221,company_contact_started,2026-08-25 18:48:50,C024,SEARCH_00388,SESSION_00388,Software Developer,Bengaluru,web,campaign,1.0,,,LISTING_00250,,CONTACT_00111,email,,,,,,,
E001107,match_created,2026-08-26 02:32:44,C028,SEARCH_00352,SESSION_00352,Business Analyst,Pune,mobile,direct,1.0,,,LISTING_00227,,,,ENGAGE_00056,,MATCH_00030,company_candidate,,,
E001286,search_performed,2026-08-26 08:25:00,C013,SEARCH_00412,SESSION_00412,Business Analyst,Hyderabad,mobile,referral,1.0,,,,,,,,,,,,,
E001287,search_result_viewed,2026-08-26 08:26:44,C013,SEARCH_00412,SESSION_00412,Business Analyst,Hyderabad,web,organic,1.0,RESULT_00412,10.0,,,,,,,,,,,
E001222,engagement_started,2026-08-26 08:48:50,C024,SEARCH_00388,SESSION_00388,Software Developer,Bengaluru,mobile,referral,1.0,,,LISTING_00250,,,,ENGAGE_00064,application,,,,,
E001274,search_performed,2026-08-26 08:58:00,C016,SEARCH_00406,SESSION_00406,UI/UX Designer,Pune,mobile,referral,1.0,,,,,,,,,,,,,
E001285,search_performed,2026-08-26 08:59:00,C037,SEARCH_00411,SESSION_00411,Software Developer,Bengaluru,web,organic,1.0,,,,,,,,,,,,,
E001275,search_result_viewed,2026-08-26 08:59:10,C016,SEARCH_00406,SESSION_00406,UI/UX Designer,Pune,web,direct,1.0,RESULT_00406,14.0,,,,,,,,,,,
E001288,search_performed,2026-08-26 09:14:00,C028,SEARCH_00413,SESSION_00413,UI/UX Designer,Pune,web,direct,1.0,,,,,,,,,,,,,
E001264,search_performed,2026-08-26 09:20:00,C032,SEARCH_00401,SESSION_00401,Data Analyst,Bengaluru,mobile,organic,1.0,,,,,,,,,,,,,
E001268,search_performed,2026-08-26 10:13:00,C014,SEARCH_00404,SESSION_00404,Software Developer,Bengaluru,mobile,campaign,1.0,,,,,,,,,,,,,
E001269,search_result_viewed,2026-08-26 10:15:40,C014,SEARCH_00404,SESSION_00404,Software Developer,Bengaluru,mobile,referral,1.0,RESULT_00404,6.0,,,,,,,,,,,
E001270,listing_viewed,2026-08-26 10:16:18,C014,SEARCH_00404,SESSION_00404,Software Developer,Bengaluru,mobile,campaign,1.0,,,LISTING_00258,6.0,,,,,,,,,
E001280,search_performed,2026-08-26 11:40:00,C009,SEARCH_00409,SESSION_00409,Data Analyst,Pune,mobile,referral,1.0,,,,,,,,,,,,,
E001245,engagement_started,2026-08-26 11:40:08,C005,SEARCH_00395,SESSION_00395,Business Analyst,Bengaluru,web,referral,1.0,,,LISTING_00255,,,,ENGAGE_00065,application,,,,,
E001281,search_result_viewed,2026-08-26 11:40:38,C009,SEARCH_00409,SESSION_00409,Data Analyst,Pune,web,direct,1.0,RESULT_00409,10.0,,,,,,,,,,,
E001146,match_created,2026-08-26 12:30:21,C005,SEARCH_00362,SESSION_00362,UI/UX Designer,Mumbai,web,organic,1.0,,,LISTING_00233,,,,ENGAGE_00061,,MATCH_00031,company_candidate,,,
E001276,search_performed,2026-08-26 12:55:00,C021,SEARCH_00407,SESSION_00407,UI/UX Designer,Bengaluru,web,campaign,1.0,,,,,,,,,,,,,
E001277,search_result_viewed,2026-08-26 12:56:55,C021,SEARCH_00407,SESSION_00407,UI/UX Designer,Bengaluru,mobile,organic,1.0,RESULT_00407,15.0,,,,,,,,,,,
E001267,search_performed,2026-08-26 13:21:00,C016,SEARCH_00403,SESSION_00403,Digital Marketer,Bengaluru,mobile,direct,1.0,,,,,,,,,,,,,
E001278,search_performed,2026-08-26 13:26:00,C017,SEARCH_00408,SESSION_00408,Digital Marketer,Bengaluru,mobile,campaign,1.0,,,,,,,,,,,,,
E001279,search_result_viewed,2026-08-26 13:26:23,C017,SEARCH_00408,SESSION_00408,Digital Marketer,Bengaluru,web,campaign,1.0,RESULT_00408,25.0,,,,,,,,,,,
E001289,search_performed,2026-08-26 14:08:00,C018,SEARCH_00414,SESSION_00414,Business Analyst,Pune,mobile,direct,1.0,,,,,,,,,,,,,
E001290,search_result_viewed,2026-08-26 14:09:22,C018,SEARCH_00414,SESSION_00414,Business Analyst,Pune,web,campaign,1.0,RESULT_00414,28.0,,,,,,,,,,,
E001291,listing_viewed,2026-08-26 14:12:54,C018,SEARCH_00414,SESSION_00414,Business Analyst,Pune,web,referral,1.0,,,LISTING_00261,3.0,,,,,,,,,
E001215,match_created,2026-08-26 14:42:11,C031,SEARCH_00386,SESSION_00386,Business Analyst,Chennai,mobile,campaign,1.0,,,LISTING_00249,,,,ENGAGE_00063,,MATCH_00032,company_candidate,,,
E001265,search_performed,2026-08-26 14:53:00,C027,SEARCH_00402,SESSION_00402,Business Analyst,Bengaluru,web,direct,1.0,,,,,,,,,,,,,
E001266,search_result_viewed,2026-08-26 14:55:18,C027,SEARCH_00402,SESSION_00402,Business Analyst,Bengaluru,mobile,campaign,1.0,RESULT_00402,8.0,,,,,,,,,,,
E001271,search_performed,2026-08-26 15:45:00,C018,SEARCH_00405,SESSION_00405,Software Developer,Mumbai,mobile,referral,1.0,,,,,,,,,,,,,
E001272,search_result_viewed,2026-08-26 15:47:45,C018,SEARCH_00405,SESSION_00405,Software Developer,Mumbai,web,direct,1.0,RESULT_00405,6.0,,,,,,,,,,,
E001273,listing_viewed,2026-08-26 15:49:33,C018,SEARCH_00405,SESSION_00405,Software Developer,Mumbai,mobile,organic,1.0,,,LISTING_00259,5.0,,,,,,,,,
E001282,search_performed,2026-08-26 15:55:00,C027,SEARCH_00410,SESSION_00410,Business Analyst,Pune,web,referral,1.0,,,,,,,,,,,,,
E001283,search_result_viewed,2026-08-26 15:57:41,C027,SEARCH_00410,SESSION_00410,Business Analyst,Pune,mobile,direct,1.0,RESULT_00410,15.0,,,,,,,,,,,
E001284,listing_viewed,2026-08-26 15:59:25,C027,SEARCH_00410,SESSION_00410,Business Analyst,Pune,mobile,campaign,1.0,,,LISTING_00260,3.0,,,,,,,,,
E001255,search_performed,2026-08-26 17:46:00,C035,SEARCH_00399,SESSION_00399,Digital Marketer,Pune,web,direct,1.0,,,,,,,,,,,,,
E001256,search_result_viewed,2026-08-26 17:46:47,C035,SEARCH_00399,SESSION_00399,Digital Marketer,Pune,web,referral,1.0,RESULT_00399,12.0,,,,,,,,,,,
E001257,search_performed,2026-08-26 18:13:00,C027,SEARCH_00400,SESSION_00400,Business Analyst,Bengaluru,mobile,referral,1.0,,,,,,,,,,,,,
E001258,search_result_viewed,2026-08-26 18:15:55,C027,SEARCH_00400,SESSION_00400,Business Analyst,Bengaluru,mobile,direct,1.0,RESULT_00400,10.0,,,,,,,,,,,
E001259,listing_viewed,2026-08-26 18:16:34,C027,SEARCH_00400,SESSION_00400,Business Analyst,Bengaluru,web,organic,1.0,,,LISTING_00257,3.0,,,,,,,,,
E001254,search_performed,2026-08-26 18:52:00,C037,SEARCH_00398,SESSION_00398,UI/UX Designer,Hyderabad,mobile,referral,1.0,,,,,,,,,,,,,
E001260,company_contact_started,2026-08-26 19:09:34,C027,SEARCH_00400,SESSION_00400,Business Analyst,Bengaluru,mobile,campaign,1.0,,,LISTING_00257,,CONTACT_00116,email,,,,,,,
E001303,search_performed,2026-08-27 08:12:00,C010,SEARCH_00419,SESSION_00419,Digital Marketer,Pune,web,organic,1.0,,,,,,,,,,,,,
E001304,search_result_viewed,2026-08-27 08:12:19,C010,SEARCH_00419,SESSION_00419,Digital Marketer,Pune,mobile,direct,1.0,RESULT_00419,20.0,,,,,,,,,,,
E001305,search_performed,2026-08-27 08:28:00,C028,SEARCH_00420,SESSION_00420,Data Analyst,Pune,mobile,campaign,1.0,,,,,,,,,,,,,
E001306,search_result_viewed,2026-08-27 08:28:38,C028,SEARCH_00420,SESSION_00420,Data Analyst,Pune,web,organic,1.0,RESULT_00420,28.0,,,,,,,,,,,
E001307,listing_viewed,2026-08-27 08:29:40,C028,SEARCH_00420,SESSION_00420,Data Analyst,Pune,web,direct,1.0,,,LISTING_00264,5.0,,,,,,,,,
E001345,search_performed,2026-08-27 08:31:00,C039,SEARCH_00431,SESSION_00431,Digital Marketer,Mumbai,mobile,campaign,1.0,,,,,,,,,,,,,
E001346,search_result_viewed,2026-08-27 08:33:46,C039,SEARCH_00431,SESSION_00431,Digital Marketer,Mumbai,mobile,direct,1.0,RESULT_00431,26.0,,,,,,,,,,,
E001297,search_performed,2026-08-27 08:37:00,C024,SEARCH_00417,SESSION_00417,Software Developer,Chennai,web,referral,1.0,,,,,,,,,,,,,
E001298,search_result_viewed,2026-08-27 08:39:16,C024,SEARCH_00417,SESSION_00417,Software Developer,Chennai,mobile,direct,1.0,RESULT_00417,15.0,,,,,,,,,,,
E001299,listing_viewed,2026-08-27 08:42:27,C024,SEARCH_00417,SESSION_00417,Software Developer,Chennai,mobile,direct,1.0,,,LISTING_00263,9.0,,,,,,,,,
E001342,search_performed,2026-08-27 08:55:00,C029,SEARCH_00430,SESSION_00430,UI/UX Designer,Pune,mobile,direct,1.0,,,,,,,,,,,,,
E001343,search_result_viewed,2026-08-27 08:57:35,C029,SEARCH_00430,SESSION_00430,UI/UX Designer,Pune,web,referral,1.0,RESULT_00430,17.0,,,,,,,,,,,
E001344,listing_viewed,2026-08-27 09:00:26,C029,SEARCH_00430,SESSION_00430,UI/UX Designer,Pune,mobile,campaign,1.0,,,LISTING_00272,7.0,,,,,,,,,
E001300,company_contact_started,2026-08-27 09:03:27,C024,SEARCH_00417,SESSION_00417,Software Developer,Chennai,web,campaign,1.0,,,LISTING_00263,,CONTACT_00117,message,,,,,,,
E001294,search_performed,2026-08-27 09:06:00,C028,SEARCH_00416,SESSION_00416,Digital Marketer,Mumbai,web,organic,1.0,,,,,,,,,,,,,
E001295,search_result_viewed,2026-08-27 09:07:10,C028,SEARCH_00416,SESSION_00416,Digital Marketer,Mumbai,mobile,organic,1.0,RESULT_00416,20.0,,,,,,,,,,,
E001296,listing_viewed,2026-08-27 09:09:29,C028,SEARCH_00416,SESSION_00416,Digital Marketer,Mumbai,mobile,referral,1.0,,,LISTING_00262,10.0,,,,,,,,,
E001261,engagement_started,2026-08-27 09:09:34,C027,SEARCH_00400,SESSION_00400,Business Analyst,Bengaluru,mobile,organic,1.0,,,LISTING_00257,,,,ENGAGE_00066,application,,,,,
E001324,search_performed,2026-08-27 09:18:00,C032,SEARCH_00425,SESSION_00425,Digital Marketer,Chennai,mobile,campaign,1.0,,,,,,,,,,,,,
E001325,search_result_viewed,2026-08-27 09:20:12,C032,SEARCH_00425,SESSION_00425,Digital Marketer,Chennai,web,direct,1.0,RESULT_00425,14.0,,,,,,,,,,,
E001326,listing_viewed,2026-08-27 09:21:38,C032,SEARCH_00425,SESSION_00425,Digital Marketer,Chennai,mobile,referral,1.0,,,LISTING_00268,4.0,,,,,,,,,
E001308,search_performed,2026-08-27 11:37:00,C018,SEARCH_00421,SESSION_00421,Digital Marketer,Chennai,web,direct,1.0,,,,,,,,,,,,,
E001309,search_result_viewed,2026-08-27 11:37:29,C018,SEARCH_00421,SESSION_00421,Digital Marketer,Chennai,mobile,organic,1.0,RESULT_00421,12.0,,,,,,,,,,,
E001317,search_performed,2026-08-27 12:41:00,C011,SEARCH_00424,SESSION_00424,UI/UX Designer,Pune,web,organic,1.0,,,,,,,,,,,,,
E001318,search_result_viewed,2026-08-27 12:43:00,C011,SEARCH_00424,SESSION_00424,UI/UX Designer,Pune,mobile,direct,1.0,RESULT_00424,28.0,,,,,,,,,,,
E001319,listing_viewed,2026-08-27 12:43:34,C011,SEARCH_00424,SESSION_00424,UI/UX Designer,Pune,web,campaign,1.0,,,LISTING_00267,6.0,,,,,,,,,
E001340,search_performed,2026-08-27 12:49:00,C035,SEARCH_00429,SESSION_00429,Software Developer,Bengaluru,mobile,direct,1.0,,,,,,,,,,,,,
E001341,search_result_viewed,2026-08-27 12:49:15,C035,SEARCH_00429,SESSION_00429,Software Developer,Bengaluru,web,direct,1.0,RESULT_00429,8.0,,,,,,,,,,,
E001301,search_performed,2026-08-27 12:57:00,C018,SEARCH_00418,SESSION_00418,Business Analyst,Pune,mobile,referral,1.0,,,,,,,,,,,,,
E001302,search_result_viewed,2026-08-27 12:59:01,C018,SEARCH_00418,SESSION_00418,Business Analyst,Pune,mobile,campaign,1.0,RESULT_00418,10.0,,,,,,,,,,,
E001320,company_contact_started,2026-08-27 13:08:34,C011,SEARCH_00424,SESSION_00424,UI/UX Designer,Pune,mobile,campaign,1.0,,,LISTING_00267,,CONTACT_00119,email,,,,,,,
E001292,search_performed,2026-08-27 13:37:00,C040,SEARCH_00415,SESSION_00415,UI/UX Designer,Hyderabad,mobile,organic,1.0,,,,,,,,,,,,,
E001293,search_result_viewed,2026-08-27 13:37:44,C040,SEARCH_00415,SESSION_00415,UI/UX Designer,Hyderabad,mobile,direct,1.0,RESULT_00415,15.0,,,,,,,,,,,
E001330,search_performed,2026-08-27 14:02:00,C030,SEARCH_00427,SESSION_00427,Software Developer,Hyderabad,web,campaign,1.0,,,,,,,,,,,,,
E001331,search_result_viewed,2026-08-27 14:03:26,C030,SEARCH_00427,SESSION_00427,Software Developer,Hyderabad,mobile,campaign,1.0,RESULT_00427,15.0,,,,,,,,,,,
E001332,listing_viewed,2026-08-27 14:04:43,C030,SEARCH_00427,SESSION_00427,Software Developer,Hyderabad,web,direct,1.0,,,LISTING_00270,6.0,,,,,,,,,
E001310,search_performed,2026-08-27 14:23:00,C002,SEARCH_00422,SESSION_00422,Business Analyst,Bengaluru,web,referral,1.0,,,,,,,,,,,,,
E001311,search_result_viewed,2026-08-27 14:23:30,C002,SEARCH_00422,SESSION_00422,Business Analyst,Bengaluru,mobile,campaign,1.0,RESULT_00422,19.0,,,,,,,,,,,
E001312,listing_viewed,2026-08-27 14:24:48,C002,SEARCH_00422,SESSION_00422,Business Analyst,Bengaluru,web,referral,1.0,,,LISTING_00265,10.0,,,,,,,,,
E001333,company_contact_started,2026-08-27 14:52:43,C030,SEARCH_00427,SESSION_00427,Software Developer,Hyderabad,mobile,organic,1.0,,,LISTING_00270,,CONTACT_00120,phone,,,,,,,
E001334,engagement_started,2026-08-27 15:52:43,C030,SEARCH_00427,SESSION_00427,Software Developer,Hyderabad,web,campaign,1.0,,,LISTING_00270,,,,ENGAGE_00068,application,,,,,
E001327,search_performed,2026-08-27 16:06:00,C036,SEARCH_00426,SESSION_00426,Data Analyst,Bengaluru,mobile,campaign,1.0,,,,,,,,,,,,,
E001328,search_result_viewed,2026-08-27 16:08:59,C036,SEARCH_00426,SESSION_00426,Data Analyst,Bengaluru,mobile,referral,1.0,RESULT_00426,28.0,,,,,,,,,,,
E001329,listing_viewed,2026-08-27 16:09:29,C036,SEARCH_00426,SESSION_00426,Data Analyst,Bengaluru,web,organic,1.0,,,LISTING_00269,9.0,,,,,,,,,
E001147,outcome_recorded,2026-08-27 16:30:21,C005,SEARCH_00362,SESSION_00362,UI/UX Designer,Mumbai,web,referral,1.0,,,LISTING_00233,,,,,,MATCH_00031,,OUTCOME_00016,successful,success
E001313,search_performed,2026-08-27 17:08:00,C040,SEARCH_00423,SESSION_00423,UI/UX Designer,Mumbai,web,organic,1.0,,,,,,,,,,,,,
E001314,search_result_viewed,2026-08-27 17:09:22,C040,SEARCH_00423,SESSION_00423,UI/UX Designer,Mumbai,web,organic,1.0,RESULT_00423,15.0,,,,,,,,,,,
E001315,listing_viewed,2026-08-27 17:12:06,C040,SEARCH_00423,SESSION_00423,UI/UX Designer,Mumbai,web,campaign,1.0,,,LISTING_00266,7.0,,,,,,,,,
E001347,search_performed,2026-08-27 17:20:00,C034,SEARCH_00432,SESSION_00432,Data Analyst,Pune,web,referral,1.0,,,,,,,,,,,,,
E001348,search_result_viewed,2026-08-27 17:21:56,C034,SEARCH_00432,SESSION_00432,Data Analyst,Pune,web,campaign,1.0,RESULT_00432,20.0,,,,,,,,,,,
E001349,listing_viewed,2026-08-27 17:24:51,C034,SEARCH_00432,SESSION_00432,Data Analyst,Pune,mobile,campaign,1.0,,,LISTING_00273,6.0,,,,,,,,,
E001316,company_contact_started,2026-08-27 17:28:06,C040,SEARCH_00423,SESSION_00423,UI/UX Designer,Mumbai,web,organic,1.0,,,LISTING_00266,,CONTACT_00118,email,,,,,,,
E001350,company_contact_started,2026-08-27 17:43:51,C034,SEARCH_00432,SESSION_00432,Data Analyst,Pune,web,campaign,1.0,,,LISTING_00273,,CONTACT_00122,phone,,,,,,,
E001336,search_performed,2026-08-27 17:52:00,C039,SEARCH_00428,SESSION_00428,UI/UX Designer,Mumbai,mobile,campaign,1.0,,,,,,,,,,,,,
E001337,search_result_viewed,2026-08-27 17:52:32,C039,SEARCH_00428,SESSION_00428,UI/UX Designer,Mumbai,web,organic,1.0,RESULT_00428,9.0,,,,,,,,,,,
E001338,listing_viewed,2026-08-27 17:56:10,C039,SEARCH_00428,SESSION_00428,UI/UX Designer,Mumbai,web,organic,1.0,,,LISTING_00271,1.0,,,,,,,,,
E001339,company_contact_started,2026-08-27 18:38:10,C039,SEARCH_00428,SESSION_00428,UI/UX Designer,Mumbai,web,campaign,1.0,,,LISTING_00271,,CONTACT_00121,message,,,,,,,
E001096,outcome_recorded,2026-08-27 20:34:07,C013,SEARCH_00349,SESSION_00349,Business Analyst,Pune,mobile,direct,1.0,,,LISTING_00225,,,,,,MATCH_00029,,OUTCOME_00014,successful,success
E001351,engagement_started,2026-08-28 01:43:51,C034,SEARCH_00432,SESSION_00432,Data Analyst,Pune,web,referral,1.0,,,LISTING_00273,,,,ENGAGE_00069,application,,,,,
E001321,engagement_started,2026-08-28 03:08:34,C011,SEARCH_00424,SESSION_00424,UI/UX Designer,Pune,mobile,direct,1.0,,,LISTING_00267,,,,ENGAGE_00067,application,,,,,
E001335,match_created,2026-08-28 03:52:43,C030,SEARCH_00427,SESSION_00427,Software Developer,Hyderabad,mobile,campaign,1.0,,,LISTING_00270,,,,ENGAGE_00068,,MATCH_00036,company_candidate,,,
E001262,match_created,2026-08-28 04:09:34,C027,SEARCH_00400,SESSION_00400,Business Analyst,Bengaluru,web,organic,1.0,,,LISTING_00257,,,,ENGAGE_00066,,MATCH_00034,company_candidate,,,
E001246,match_created,2026-08-28 07:40:08,C005,SEARCH_00395,SESSION_00395,Business Analyst,Bengaluru,mobile,direct,1.0,,,LISTING_00255,,,,ENGAGE_00065,,MATCH_00033,company_candidate,,,
E001216,outcome_recorded,2026-08-28 07:42:11,C031,SEARCH_00386,SESSION_00386,Business Analyst,Chennai,mobile,direct,1.0,,,LISTING_00249,,,,,,MATCH_00032,,OUTCOME_00017,successful,success
E001370,search_performed,2026-08-28 08:28:00,C030,SEARCH_00439,SESSION_00439,Digital Marketer,Mumbai,web,organic,1.0,,,,,,,,,,,,,
E001371,search_result_viewed,2026-08-28 08:30:22,C030,SEARCH_00439,SESSION_00439,Digital Marketer,Mumbai,web,referral,1.0,RESULT_00439,7.0,,,,,,,,,,,
E001372,listing_viewed,2026-08-28 08:33:49,C030,SEARCH_00439,SESSION_00439,Digital Marketer,Mumbai,mobile,organic,1.0,,,LISTING_00276,3.0,,,,,,,,,
E001373,company_contact_started,2026-08-28 08:36:49,C030,SEARCH_00439,SESSION_00439,Digital Marketer,Mumbai,web,organic,1.0,,,LISTING_00276,,CONTACT_00125,phone,,,,,,,
E001377,search_performed,2026-08-28 09:02:00,C026,SEARCH_00442,SESSION_00442,Software Developer,Mumbai,mobile,campaign,1.0,,,,,,,,,,,,,
E001378,search_result_viewed,2026-08-28 09:02:42,C026,SEARCH_00442,SESSION_00442,Software Developer,Mumbai,mobile,direct,1.0,RESULT_00442,21.0,,,,,,,,,,,
E001379,listing_viewed,2026-08-28 09:05:13,C026,SEARCH_00442,SESSION_00442,Software Developer,Mumbai,mobile,direct,1.0,,,LISTING_00277,5.0,,,,,,,,,
E001395,search_performed,2026-08-28 09:23:00,C003,SEARCH_00448,SESSION_00448,Digital Marketer,Hyderabad,mobile,referral,1.0,,,,,,,,,,,,,
E001396,search_result_viewed,2026-08-28 09:25:14,C003,SEARCH_00448,SESSION_00448,Digital Marketer,Hyderabad,web,direct,1.0,RESULT_00448,5.0,,,,,,,,,,,
E001392,search_performed,2026-08-28 09:44:00,C009,SEARCH_00447,SESSION_00447,Digital Marketer,Chennai,web,campaign,1.0,,,,,,,,,,,,,
E001393,search_result_viewed,2026-08-28 09:44:50,C009,SEARCH_00447,SESSION_00447,Digital Marketer,Chennai,mobile,organic,1.0,RESULT_00447,22.0,,,,,,,,,,,
E001381,search_performed,2026-08-28 09:46:00,C020,SEARCH_00443,SESSION_00443,UI/UX Designer,Chennai,web,referral,1.0,,,,,,,,,,,,,
E001394,listing_viewed,2026-08-28 09:46:44,C009,SEARCH_00447,SESSION_00447,Digital Marketer,Chennai,web,referral,1.0,,,LISTING_00280,2.0,,,,,,,,,
E001382,search_result_viewed,2026-08-28 09:48:19,C020,SEARCH_00443,SESSION_00443,UI/UX Designer,Chennai,web,organic,1.0,RESULT_00443,16.0,,,,,,,,,,,
E001361,search_performed,2026-08-28 09:50:00,C029,SEARCH_00437,SESSION_00437,UI/UX Designer,Bengaluru,web,organic,1.0,,,,,,,,,,,,,
E001362,search_result_viewed,2026-08-28 09:50:52,C029,SEARCH_00437,SESSION_00437,UI/UX Designer,Bengaluru,web,direct,1.0,RESULT_00437,25.0,,,,,,,,,,,
E001380,company_contact_started,2026-08-28 10:02:13,C026,SEARCH_00442,SESSION_00442,Software Developer,Mumbai,mobile,direct,1.0,,,LISTING_00277,,CONTACT_00126,phone,,,,,,,
E001400,search_performed,2026-08-28 10:32:00,C031,SEARCH_00450,SESSION_00450,Digital Marketer,Hyderabad,mobile,campaign,1.0,,,,,,,,,,,,,
E001401,search_result_viewed,2026-08-28 10:32:48,C031,SEARCH_00450,SESSION_00450,Digital Marketer,Hyderabad,mobile,organic,1.0,RESULT_00450,28.0,,,,,,,,,,,
E001360,search_performed,2026-08-28 10:54:00,C003,SEARCH_00436,SESSION_00436,Digital Marketer,Mumbai,web,organic,1.0,,,,,,,,,,,,,
E001356,search_performed,2026-08-28 11:35:00,C032,SEARCH_00434,SESSION_00434,Business Analyst,Hyderabad,web,organic,1.0,,,,,,,,,,,,,
E001357,search_result_viewed,2026-08-28 11:36:16,C032,SEARCH_00434,SESSION_00434,Business Analyst,Hyderabad,web,direct,1.0,RESULT_00434,16.0,,,,,,,,,,,
E001402,search_performed,2026-08-28 11:57:00,C040,SEARCH_00451,SESSION_00451,UI/UX Designer,Pune,mobile,referral,1.0,,,,,,,,,,,,,
E001403,search_result_viewed,2026-08-28 11:59:03,C040,SEARCH_00451,SESSION_00451,UI/UX Designer,Pune,mobile,organic,1.0,RESULT_00451,28.0,,,,,,,,,,,
E001397,search_performed,2026-08-28 12:13:00,C027,SEARCH_00449,SESSION_00449,Data Analyst,Mumbai,web,campaign,1.0,,,,,,,,,,,,,
E001398,search_result_viewed,2026-08-28 12:15:30,C027,SEARCH_00449,SESSION_00449,Data Analyst,Mumbai,web,organic,1.0,RESULT_00449,16.0,,,,,,,,,,,
E001399,listing_viewed,2026-08-28 12:18:06,C027,SEARCH_00449,SESSION_00449,Data Analyst,Mumbai,mobile,referral,1.0,,,LISTING_00281,5.0,,,,,,,,,
E001358,search_performed,2026-08-28 13:27:00,C033,SEARCH_00435,SESSION_00435,Data Analyst,Bengaluru,web,direct,1.0,,,,,,,,,,,,,
E001359,search_result_viewed,2026-08-28 13:28:07,C033,SEARCH_00435,SESSION_00435,Data Analyst,Bengaluru,mobile,referral,1.0,RESULT_00435,20.0,,,,,,,,,,,
E001352,search_performed,2026-08-28 14:53:00,C009,SEARCH_00433,SESSION_00433,Business Analyst,Pune,mobile,campaign,1.0,,,,,,,,,,,,,
E001353,search_result_viewed,2026-08-28 14:53:51,C009,SEARCH_00433,SESSION_00433,Business Analyst,Pune,web,referral,1.0,RESULT_00433,24.0,,,,,,,,,,,
E001354,listing_viewed,2026-08-28 14:54:23,C009,SEARCH_00433,SESSION_00433,Business Analyst,Pune,web,direct,1.0,,,LISTING_00274,8.0,,,,,,,,,
E001374,search_performed,2026-08-28 14:56:00,C034,SEARCH_00440,SESSION_00440,Business Analyst,Pune,mobile,referral,1.0,,,,,,,,,,,,,
E001355,company_contact_started,2026-08-28 15:33:23,C009,SEARCH_00433,SESSION_00433,Business Analyst,Pune,web,campaign,1.0,,,LISTING_00274,,CONTACT_00123,email,,,,,,,
E001390,search_performed,2026-08-28 15:44:00,C038,SEARCH_00446,SESSION_00446,UI/UX Designer,Pune,mobile,campaign,1.0,,,,,,,,,,,,,
E001391,search_result_viewed,2026-08-28 15:44:46,C038,SEARCH_00446,SESSION_00446,UI/UX Designer,Pune,web,campaign,1.0,RESULT_00446,21.0,,,,,,,,,,,
E001363,search_performed,2026-08-28 16:31:00,C011,SEARCH_00438,SESSION_00438,Business Analyst,Pune,web,direct,1.0,,,,,,,,,,,,,
E001364,search_result_viewed,2026-08-28 16:32:35,C011,SEARCH_00438,SESSION_00438,Business Analyst,Pune,web,direct,1.0,RESULT_00438,9.0,,,,,,,,,,,
E001365,listing_viewed,2026-08-28 16:34:31,C011,SEARCH_00438,SESSION_00438,Business Analyst,Pune,web,campaign,1.0,,,LISTING_00275,1.0,,,,,,,,,
E001386,search_performed,2026-08-28 16:37:00,C016,SEARCH_00445,SESSION_00445,Data Analyst,Mumbai,web,referral,1.0,,,,,,,,,,,,,
E001387,search_result_viewed,2026-08-28 16:37:47,C016,SEARCH_00445,SESSION_00445,Data Analyst,Mumbai,mobile,campaign,1.0,RESULT_00445,27.0,,,,,,,,,,,
E001388,listing_viewed,2026-08-28 16:38:12,C016,SEARCH_00445,SESSION_00445,Data Analyst,Mumbai,web,campaign,1.0,,,LISTING_00279,7.0,,,,,,,,,
E001404,search_performed,2026-08-28 16:41:00,C002,SEARCH_00452,SESSION_00452,Digital Marketer,Mumbai,web,organic,1.0,,,,,,,,,,,,,
E001389,company_contact_started,2026-08-28 16:43:12,C016,SEARCH_00445,SESSION_00445,Data Analyst,Mumbai,mobile,campaign,1.0,,,LISTING_00279,,CONTACT_00127,email,,,,,,,
E001405,search_result_viewed,2026-08-28 16:43:48,C002,SEARCH_00452,SESSION_00452,Digital Marketer,Mumbai,web,direct,1.0,RESULT_00452,22.0,,,,,,,,,,,
E001408,search_performed,2026-08-28 17:02:00,C039,SEARCH_00454,SESSION_00454,Business Analyst,Pune,mobile,organic,1.0,,,,,,,,,,,,,
E001409,search_result_viewed,2026-08-28 17:02:56,C039,SEARCH_00454,SESSION_00454,Business Analyst,Pune,web,referral,1.0,RESULT_00454,18.0,,,,,,,,,,,
E001410,listing_viewed,2026-08-28 17:03:29,C039,SEARCH_00454,SESSION_00454,Business Analyst,Pune,web,direct,1.0,,,LISTING_00282,2.0,,,,,,,,,
E001366,company_contact_started,2026-08-28 17:07:31,C011,SEARCH_00438,SESSION_00438,Business Analyst,Pune,web,referral,1.0,,,LISTING_00275,,CONTACT_00124,message,,,,,,,
E001411,company_contact_started,2026-08-28 17:15:29,C039,SEARCH_00454,SESSION_00454,Business Analyst,Pune,web,direct,1.0,,,LISTING_00282,,CONTACT_00128,email,,,,,,,
E001383,search_performed,2026-08-28 17:47:00,C008,SEARCH_00444,SESSION_00444,UI/UX Designer,Mumbai,web,campaign,1.0,,,,,,,,,,,,,
E001384,search_result_viewed,2026-08-28 17:48:10,C008,SEARCH_00444,SESSION_00444,UI/UX Designer,Mumbai,web,referral,1.0,RESULT_00444,30.0,,,,,,,,,,,
E001385,listing_viewed,2026-08-28 17:51:10,C008,SEARCH_00444,SESSION_00444,UI/UX Designer,Mumbai,web,campaign,1.0,,,LISTING_00278,10.0,,,,,,,,,
E001375,search_performed,2026-08-28 17:58:00,C001,SEARCH_00441,SESSION_00441,Business Analyst,Chennai,web,campaign,1.0,,,,,,,,,,,,,
E001376,search_result_viewed,2026-08-28 17:59:02,C001,SEARCH_00441,SESSION_00441,Business Analyst,Chennai,mobile,referral,1.0,RESULT_00441,22.0,,,,,,,,,,,
E001108,outcome_recorded,2026-08-28 18:32:44,C028,SEARCH_00352,SESSION_00352,Business Analyst,Pune,web,organic,1.0,,,LISTING_00227,,,,,,MATCH_00030,,OUTCOME_00015,successful,success
E001406,search_performed,2026-08-28 18:59:00,C033,SEARCH_00453,SESSION_00453,Data Analyst,Bengaluru,web,organic,1.0,,,,,,,,,,,,,
E001407,search_result_viewed,2026-08-28 19:00:02,C033,SEARCH_00453,SESSION_00453,Data Analyst,Bengaluru,mobile,organic,1.0,RESULT_00453,12.0,,,,,,,,,,,
E001367,engagement_started,2026-08-29 07:07:31,C011,SEARCH_00438,SESSION_00438,Business Analyst,Pune,mobile,direct,1.0,,,LISTING_00275,,,,ENGAGE_00070,application,,,,,
E001412,engagement_started,2026-08-29 07:15:29,C039,SEARCH_00454,SESSION_00454,Business Analyst,Pune,web,organic,1.0,,,LISTING_00282,,,,ENGAGE_00071,application,,,,,
E001322,match_created,2026-08-29 08:08:34,C011,SEARCH_00424,SESSION_00424,UI/UX Designer,Pune,web,organic,1.0,,,LISTING_00267,,,,ENGAGE_00067,,MATCH_00035,company_candidate,,,
E001435,search_performed,2026-08-29 08:48:00,C029,SEARCH_00463,SESSION_00463,Data Analyst,Hyderabad,mobile,referral,1.0,,,,,,,,,,,,,
E001436,search_result_viewed,2026-08-29 08:50:47,C029,SEARCH_00463,SESSION_00463,Data Analyst,Hyderabad,mobile,direct,1.0,RESULT_00463,25.0,,,,,,,,,,,
E001422,search_performed,2026-08-29 08:52:00,C036,SEARCH_00458,SESSION_00458,UI/UX Designer,Bengaluru,mobile,referral,1.0,,,,,,,,,,,,,
E001423,search_result_viewed,2026-08-29 08:52:52,C036,SEARCH_00458,SESSION_00458,UI/UX Designer,Bengaluru,web,campaign,1.0,RESULT_00458,5.0,,,,,,,,,,,
E001437,listing_viewed,2026-08-29 08:53:03,C029,SEARCH_00463,SESSION_00463,Data Analyst,Hyderabad,web,referral,1.0,,,LISTING_00288,6.0,,,,,,,,,
E001424,listing_viewed,2026-08-29 08:54:06,C036,SEARCH_00458,SESSION_00458,UI/UX Designer,Bengaluru,mobile,direct,1.0,,,LISTING_00285,7.0,,,,,,,,,
E001425,search_performed,2026-08-29 10:47:00,C033,SEARCH_00459,SESSION_00459,Business Analyst,Bengaluru,web,referral,1.0,,,,,,,,,,,,,
E001426,search_result_viewed,2026-08-29 10:47:41,C033,SEARCH_00459,SESSION_00459,Business Analyst,Bengaluru,mobile,campaign,1.0,RESULT_00459,9.0,,,,,,,,,,,
E001421,search_performed,2026-08-29 10:50:00,C010,SEARCH_00457,SESSION_00457,Business Analyst,Chennai,web,campaign,1.0,,,,,,,,,,,,,
E001427,listing_viewed,2026-08-29 10:50:00,C033,SEARCH_00459,SESSION_00459,Business Analyst,Bengaluru,mobile,referral,1.0,,,LISTING_00286,6.0,,,,,,,,,
E001438,search_performed,2026-08-29 11:52:00,C039,SEARCH_00464,SESSION_00464,Software Developer,Bengaluru,mobile,organic,1.0,,,,,,,,,,,,,
E001439,search_result_viewed,2026-08-29 11:54:35,C039,SEARCH_00464,SESSION_00464,Software Developer,Bengaluru,mobile,direct,1.0,RESULT_00464,21.0,,,,,,,,,,,
E001440,listing_viewed,2026-08-29 11:57:33,C039,SEARCH_00464,SESSION_00464,Software Developer,Bengaluru,web,organic,1.0,,,LISTING_00289,10.0,,,,,,,,,
E001416,search_performed,2026-08-29 12:03:00,C033,SEARCH_00456,SESSION_00456,UI/UX Designer,Bengaluru,mobile,campaign,1.0,,,,,,,,,,,,,
E001417,search_result_viewed,2026-08-29 12:03:26,C033,SEARCH_00456,SESSION_00456,UI/UX Designer,Bengaluru,web,campaign,1.0,RESULT_00456,20.0,,,,,,,,,,,
E001418,listing_viewed,2026-08-29 12:07:22,C033,SEARCH_00456,SESSION_00456,UI/UX Designer,Bengaluru,mobile,organic,1.0,,,LISTING_00284,1.0,,,,,,,,,
E001413,search_performed,2026-08-29 12:24:00,C012,SEARCH_00455,SESSION_00455,Data Analyst,Bengaluru,web,referral,1.0,,,,,,,,,,,,,
E001414,search_result_viewed,2026-08-29 12:25:32,C012,SEARCH_00455,SESSION_00455,Data Analyst,Bengaluru,mobile,organic,1.0,RESULT_00455,13.0,,,,,,,,,,,
E001415,listing_viewed,2026-08-29 12:26:43,C012,SEARCH_00455,SESSION_00455,Data Analyst,Bengaluru,web,campaign,1.0,,,LISTING_00283,10.0,,,,,,,,,
E001419,company_contact_started,2026-08-29 12:43:22,C033,SEARCH_00456,SESSION_00456,UI/UX Designer,Bengaluru,web,referral,1.0,,,LISTING_00284,,CONTACT_00129,phone,,,,,,,
E001433,search_performed,2026-08-29 14:52:00,C029,SEARCH_00462,SESSION_00462,Data Analyst,Mumbai,mobile,campaign,1.0,,,,,,,,,,,,,
E001434,search_result_viewed,2026-08-29 14:52:12,C029,SEARCH_00462,SESSION_00462,Data Analyst,Mumbai,mobile,referral,1.0,RESULT_00462,8.0,,,,,,,,,,,
E001431,search_performed,2026-08-29 15:48:00,C012,SEARCH_00461,SESSION_00461,UI/UX Designer,Chennai,mobile,organic,1.0,,,,,,,,,,,,,
E001432,search_result_viewed,2026-08-29 15:50:56,C012,SEARCH_00461,SESSION_00461,UI/UX Designer,Chennai,web,organic,1.0,RESULT_00461,25.0,,,,,,,,,,,
E001263,outcome_recorded,2026-08-29 17:09:34,C027,SEARCH_00400,SESSION_00400,Business Analyst,Bengaluru,web,organic,1.0,,,LISTING_00257,,,,,,MATCH_00034,,OUTCOME_00019,successful,success
E001441,search_performed,2026-08-29 17:54:00,C005,SEARCH_00465,SESSION_00465,Software Developer,Mumbai,web,referral,1.0,,,,,,,,,,,,,
E001442,search_result_viewed,2026-08-29 17:54:15,C005,SEARCH_00465,SESSION_00465,Software Developer,Mumbai,mobile,campaign,1.0,RESULT_00465,27.0,,,,,,,,,,,
E001443,listing_viewed,2026-08-29 17:56:14,C005,SEARCH_00465,SESSION_00465,Software Developer,Mumbai,mobile,campaign,1.0,,,LISTING_00290,1.0,,,,,,,,,
E001428,search_performed,2026-08-29 18:20:00,C029,SEARCH_00460,SESSION_00460,Business Analyst,Hyderabad,mobile,direct,1.0,,,,,,,,,,,,,
E001429,search_result_viewed,2026-08-29 18:22:43,C029,SEARCH_00460,SESSION_00460,Business Analyst,Hyderabad,web,direct,1.0,RESULT_00460,15.0,,,,,,,,,,,
E001430,listing_viewed,2026-08-29 18:22:53,C029,SEARCH_00460,SESSION_00460,Business Analyst,Hyderabad,mobile,organic,1.0,,,LISTING_00287,10.0,,,,,,,,,
E001420,engagement_started,2026-08-30 03:43:22,C033,SEARCH_00456,SESSION_00456,UI/UX Designer,Bengaluru,web,direct,1.0,,,LISTING_00284,,,,ENGAGE_00072,application,,,,,
E001247,outcome_recorded,2026-08-30 07:40:08,C005,SEARCH_00395,SESSION_00395,Business Analyst,Bengaluru,mobile,direct,1.0,,,LISTING_00255,,,,,,MATCH_00033,,OUTCOME_00018,successful,success
E001483,search_performed,2026-08-30 09:09:00,C040,SEARCH_00476,SESSION_00476,UI/UX Designer,Bengaluru,web,direct,1.0,,,,,,,,,,,,,
E001484,search_result_viewed,2026-08-30 09:10:46,C040,SEARCH_00476,SESSION_00476,UI/UX Designer,Bengaluru,mobile,referral,1.0,RESULT_00476,27.0,,,,,,,,,,,
E001485,listing_viewed,2026-08-30 09:13:38,C040,SEARCH_00476,SESSION_00476,UI/UX Designer,Bengaluru,web,direct,1.0,,,LISTING_00298,4.0,,,,,,,,,
E001454,search_performed,2026-08-30 10:03:00,C025,SEARCH_00469,SESSION_00469,Business Analyst,Bengaluru,mobile,organic,1.0,,,,,,,,,,,,,
E001455,search_result_viewed,2026-08-30 10:05:50,C025,SEARCH_00469,SESSION_00469,Business Analyst,Bengaluru,web,organic,1.0,RESULT_00469,18.0,,,,,,,,,,,
E001456,listing_viewed,2026-08-30 10:08:23,C025,SEARCH_00469,SESSION_00469,Business Analyst,Bengaluru,mobile,campaign,1.0,,,LISTING_00293,1.0,,,,,,,,,
E001478,search_performed,2026-08-30 10:14:00,C013,SEARCH_00474,SESSION_00474,Software Developer,Mumbai,mobile,direct,1.0,,,,,,,,,,,,,
E001479,search_result_viewed,2026-08-30 10:16:31,C013,SEARCH_00474,SESSION_00474,Software Developer,Mumbai,web,direct,1.0,RESULT_00474,12.0,,,,,,,,,,,
E001480,listing_viewed,2026-08-30 10:20:16,C013,SEARCH_00474,SESSION_00474,Software Developer,Mumbai,web,organic,1.0,,,LISTING_00297,5.0,,,,,,,,,
E001457,company_contact_started,2026-08-30 10:48:23,C025,SEARCH_00469,SESSION_00469,Business Analyst,Bengaluru,web,organic,1.0,,,LISTING_00293,,CONTACT_00132,email,,,,,,,
E001463,search_performed,2026-08-30 10:51:00,C029,SEARCH_00471,SESSION_00471,Software Developer,Hyderabad,web,organic,1.0,,,,,,,,,,,,,
E001464,search_result_viewed,2026-08-30 10:53:39,C029,SEARCH_00471,SESSION_00471,Software Developer,Hyderabad,mobile,referral,1.0,RESULT_00471,18.0,,,,,,,,,,,
E001465,listing_viewed,2026-08-30 10:56:07,C029,SEARCH_00471,SESSION_00471,Software Developer,Hyderabad,web,campaign,1.0,,,LISTING_00294,3.0,,,,,,,,,
E001486,search_performed,2026-08-30 11:03:00,C019,SEARCH_00477,SESSION_00477,Software Developer,Mumbai,mobile,direct,1.0,,,,,,,,,,,,,
E001487,search_result_viewed,2026-08-30 11:05:39,C019,SEARCH_00477,SESSION_00477,Software Developer,Mumbai,web,organic,1.0,RESULT_00477,20.0,,,,,,,,,,,
E001448,search_performed,2026-08-30 11:10:00,C028,SEARCH_00467,SESSION_00467,Data Analyst,Hyderabad,mobile,referral,1.0,,,,,,,,,,,,,
E001449,search_result_viewed,2026-08-30 11:12:50,C028,SEARCH_00467,SESSION_00467,Data Analyst,Hyderabad,web,campaign,1.0,RESULT_00467,8.0,,,,,,,,,,,
E001450,listing_viewed,2026-08-30 11:13:06,C028,SEARCH_00467,SESSION_00467,Data Analyst,Hyderabad,mobile,referral,1.0,,,LISTING_00292,10.0,,,,,,,,,
E001466,company_contact_started,2026-08-30 11:18:07,C029,SEARCH_00471,SESSION_00471,Software Developer,Hyderabad,mobile,organic,1.0,,,LISTING_00294,,CONTACT_00133,email,,,,,,,
E001451,company_contact_started,2026-08-30 11:44:06,C028,SEARCH_00467,SESSION_00467,Data Analyst,Hyderabad,mobile,organic,1.0,,,LISTING_00292,,CONTACT_00131,message,,,,,,,
E001481,search_performed,2026-08-30 13:59:00,C009,SEARCH_00475,SESSION_00475,UI/UX Designer,Bengaluru,web,referral,1.0,,,,,,,,,,,,,
E001482,search_result_viewed,2026-08-30 14:00:44,C009,SEARCH_00475,SESSION_00475,UI/UX Designer,Bengaluru,mobile,direct,1.0,RESULT_00475,30.0,,,,,,,,,,,
E001444,search_performed,2026-08-30 15:31:00,C018,SEARCH_00466,SESSION_00466,Data Analyst,Chennai,mobile,organic,1.0,,,,,,,,,,,,,
E001445,search_result_viewed,2026-08-30 15:32:07,C018,SEARCH_00466,SESSION_00466,Data Analyst,Chennai,mobile,campaign,1.0,RESULT_00466,6.0,,,,,,,,,,,
E001446,listing_viewed,2026-08-30 15:33:37,C018,SEARCH_00466,SESSION_00466,Data Analyst,Chennai,mobile,direct,1.0,,,LISTING_00291,1.0,,,,,,,,,
E001470,search_performed,2026-08-30 15:38:00,C022,SEARCH_00472,SESSION_00472,Software Developer,Pune,mobile,referral,1.0,,,,,,,,,,,,,
E001471,search_result_viewed,2026-08-30 15:39:57,C022,SEARCH_00472,SESSION_00472,Software Developer,Pune,web,organic,1.0,RESULT_00472,15.0,,,,,,,,,,,
E001472,listing_viewed,2026-08-30 15:43:29,C022,SEARCH_00472,SESSION_00472,Software Developer,Pune,mobile,direct,1.0,,,LISTING_00295,1.0,,,,,,,,,
E001447,company_contact_started,2026-08-30 16:30:37,C018,SEARCH_00466,SESSION_00466,Data Analyst,Chennai,web,direct,1.0,,,LISTING_00291,,CONTACT_00130,phone,,,,,,,
E001473,search_performed,2026-08-30 17:13:00,C015,SEARCH_00473,SESSION_00473,Software Developer,Pune,web,campaign,1.0,,,,,,,,,,,,,
E001474,search_result_viewed,2026-08-30 17:14:34,C015,SEARCH_00473,SESSION_00473,Software Developer,Pune,mobile,direct,1.0,RESULT_00473,30.0,,,,,,,,,,,
E001475,listing_viewed,2026-08-30 17:18:15,C015,SEARCH_00473,SESSION_00473,Software Developer,Pune,mobile,organic,1.0,,,LISTING_00296,1.0,,,,,,,,,
E001476,company_contact_started,2026-08-30 17:20:15,C015,SEARCH_00473,SESSION_00473,Software Developer,Pune,web,direct,1.0,,,LISTING_00296,,CONTACT_00134,phone,,,,,,,
E001452,search_performed,2026-08-30 17:39:00,C034,SEARCH_00468,SESSION_00468,Software Developer,Bengaluru,mobile,organic,1.0,,,,,,,,,,,,,
E001453,search_result_viewed,2026-08-30 17:41:38,C034,SEARCH_00468,SESSION_00468,Software Developer,Bengaluru,web,organic,1.0,RESULT_00468,8.0,,,,,,,,,,,
E001461,search_performed,2026-08-30 17:50:00,C001,SEARCH_00470,SESSION_00470,Digital Marketer,Bengaluru,web,direct,1.0,,,,,,,,,,,,,
E001462,search_result_viewed,2026-08-30 17:51:15,C001,SEARCH_00470,SESSION_00470,Digital Marketer,Bengaluru,mobile,campaign,1.0,RESULT_00470,16.0,,,,,,,,,,,
E001368,match_created,2026-08-30 18:07:31,C011,SEARCH_00438,SESSION_00438,Business Analyst,Pune,mobile,direct,1.0,,,LISTING_00275,,,,ENGAGE_00070,,MATCH_00037,company_candidate,,,
E001477,engagement_started,2026-08-31 00:20:15,C015,SEARCH_00473,SESSION_00473,Software Developer,Pune,mobile,organic,1.0,,,LISTING_00296,,,,ENGAGE_00075,application,,,,,
E001458,engagement_started,2026-08-31 01:48:23,C025,SEARCH_00469,SESSION_00469,Business Analyst,Bengaluru,mobile,organic,1.0,,,LISTING_00293,,,,ENGAGE_00073,application,,,,,
E001467,engagement_started,2026-08-31 09:18:07,C029,SEARCH_00471,SESSION_00471,Software Developer,Hyderabad,web,organic,1.0,,,LISTING_00294,,,,ENGAGE_00074,application,,,,,
E001323,outcome_recorded,2026-08-31 21:08:34,C011,SEARCH_00424,SESSION_00424,UI/UX Designer,Pune,web,direct,1.0,,,LISTING_00267,,,,,,MATCH_00035,,OUTCOME_00020,successful,success
E001468,match_created,2026-09-01 22:18:07,C029,SEARCH_00471,SESSION_00471,Software Developer,Hyderabad,web,campaign,1.0,,,LISTING_00294,,,,ENGAGE_00074,,MATCH_00039,company_candidate,,,
E001459,match_created,2026-09-01 22:48:23,C025,SEARCH_00469,SESSION_00469,Business Analyst,Bengaluru,web,campaign,1.0,,,LISTING_00293,,,,ENGAGE_00073,,MATCH_00038,company_candidate,,,
E001369,outcome_recorded,2026-09-02 02:07:31,C011,SEARCH_00438,SESSION_00438,Business Analyst,Pune,mobile,campaign,1.0,,,LISTING_00275,,,,,,MATCH_00037,,OUTCOME_00021,successful,success
E001460,outcome_recorded,2026-09-03 00:48:23,C025,SEARCH_00469,SESSION_00469,Business Analyst,Bengaluru,web,organic,1.0,,,LISTING_00293,,,,,,MATCH_00038,,OUTCOME_00022,successful,success
E001469,outcome_recorded,2026-09-03 01:18:07,C029,SEARCH_00471,SESSION_00471,Software Developer,Hyderabad,web,organic,1.0,,,LISTING_00294,,,,,,MATCH_00039,,OUTCOME_00023,successful,success
