application_id,student_id,company,recruiter,stage,placed,offer_value
APP20000,S10000,LogicLoop,Recruiter A,Interview,False,
APP20001,S10005,NextGen Systems,Recruiter B,Screening,False,
APP20002,S10008,CloudSprint,Recruiter G,Screening,False,
APP20003,S10009,HealthByte,Recruiter G,Screening,False,
APP20004,S10010,MarketMint,Recruiter F,Offer,True,6.370368610027734
APP20005,S10012,TechNova,Recruiter G,Screening,False,
APP20006,S10013,FinEdge,Recruiter A,Submitted,False,
APP20007,S10014,DataForge,Recruiter B,Submitted,False,
APP20008,S10016,CloudSprint,Recruiter D,Rejected,False,
APP20009,S10019,BuildRight,Recruiter A,Rejected,False,
APP20010,S10021,CloudSprint,Recruiter C,Submitted,False,
APP20011,S10022,HealthByte,Recruiter F,Submitted,False,
APP20012,S10023,FinEdge,Recruiter F,Interview,False,
APP20013,S10024,CloudSprint,Recruiter E,Interview,False,
APP20014,S10025,DataForge,Recruiter F,Screening,False,
APP20015,S10028,InnoWorks,Recruiter E,Submitted,False,
APP20016,S10029,MarketMint,Recruiter A,Submitted,False,
APP20017,S10031,RetailPulse,Recruiter E,Rejected,False,
APP20018,S10032,HealthByte,Recruiter A,Interview,False,
APP20019,S10037,NextGen Systems,Recruiter E,Rejected,False,
APP20020,S10039,DataForge,Recruiter E,Submitted,False,
APP20021,S10042,LogicLoop,Recruiter A,Interview,False,
APP20022,S10045,CloudSprint,Recruiter F,Screening,False,
APP20023,S10046,TechNova,Recruiter E,Interview,False,
APP20024,S10050,FinEdge,Recruiter D,Submitted,False,
APP20025,S10051,TechNova,Recruiter G,Rejected,False,
APP20026,S10052,InnoWorks,Recruiter H,Rejected,False,
APP20027,S10056,FinEdge,Recruiter A,Offer,False,7.630938529282311
APP20028,S10058,NextGen Systems,Recruiter B,Screening,False,
APP20029,S10059,TechNova,Recruiter A,Screening,False,
APP20030,S10061,InnoWorks,Recruiter A,Offer,False,10.49970949537697
APP20031,S10062,InnoWorks,Recruiter G,Rejected,False,
APP20032,S10063,FinEdge,Recruiter H,Screening,False,
APP20033,S10064,LogicLoop,Recruiter C,Rejected,False,
APP20034,S10065,RetailPulse,Recruiter C,Offer,True,7.7029731871954645
APP20035,S10067,LogicLoop,Recruiter G,Interview,False,
APP20036,S10068,CloudSprint,Recruiter F,Rejected,False,
APP20037,S10069,HealthByte,Recruiter G,Screening,False,
APP20038,S10074,MarketMint,Recruiter C,Submitted,False,
APP20039,S10075,DataForge,Recruiter A,Submitted,False,
APP20040,S10076,DataForge,Recruiter B,Submitted,False,
APP20041,S10077,TechNova,Recruiter H,Rejected,False,
APP20042,S10078,DataForge,Recruiter B,Submitted,False,
APP20043,S10080,FinEdge,Recruiter C,Offer,False,5.224862060897471
APP20044,S10081,FinEdge,Recruiter D,Submitted,False,
APP20045,S10084,HealthByte,Recruiter C,Rejected,False,
APP20046,S10085,LogicLoop,Recruiter E,Interview,False,
APP20047,S10089,CloudSprint,Recruiter A,Submitted,False,
APP20048,S10093,NextGen Systems,Recruiter C,Offer,True,9.364645689958545
APP20049,S10096,LogicLoop,Recruiter F,Interview,False,
APP20050,S10099,InnoWorks,Recruiter C,Rejected,False,
APP20051,S10100,SecureStack,Recruiter E,Rejected,False,
APP20052,S10102,TechNova,Recruiter E,Rejected,False,
APP20053,S10103,SecureStack,Recruiter G,Interview,False,
APP20054,S10104,CloudSprint,Recruiter C,Interview,False,
APP20055,S10107,MarketMint,Recruiter B,Submitted,False,
APP20056,S10108,CloudSprint,Recruiter D,Screening,False,
APP20057,S10109,BuildRight,Recruiter D,Interview,False,
APP20058,S10110,SecureStack,Recruiter G,Interview,False,
APP20059,S10111,SecureStack,Recruiter G,Submitted,False,
APP20060,S10112,FinEdge,Recruiter F,Interview,False,
APP20061,S10113,RetailPulse,Recruiter B,Screening,False,
APP20062,S10115,MarketMint,Recruiter H,Rejected,False,
APP20063,S10118,CloudSprint,Recruiter B,Interview,False,
APP20064,S10119,InnoWorks,Recruiter G,Submitted,False,
APP20065,S10123,HealthByte,Recruiter G,Offer,True,9.185633841949873
APP20066,S10129,FinEdge,Recruiter H,Rejected,False,
APP20067,S10130,FinEdge,Recruiter E,Rejected,False,
APP20068,S10131,NextGen Systems,Recruiter E,Screening,False,
APP20069,S10132,RetailPulse,Recruiter F,Interview,False,
APP20070,S10133,MarketMint,Recruiter C,Interview,False,
APP20071,S10136,MarketMint,Recruiter E,Submitted,False,
APP20072,S10137,DataForge,Recruiter H,Interview,False,
APP20073,S10139,RetailPulse,Recruiter C,Screening,False,
APP20074,S10140,InnoWorks,Recruiter B,Rejected,False,
APP20075,S10144,MarketMint,Recruiter B,Rejected,False,
APP20076,S10145,BuildRight,Recruiter D,Rejected,False,
APP20077,S10147,BuildRight,Recruiter G,Submitted,False,
APP20078,S10148,RetailPulse,Recruiter F,Rejected,False,
APP20079,S10149,RetailPulse,Recruiter A,Offer,False,7.346764215962336
APP20080,S10152,InnoWorks,Recruiter E,Offer,False,3.2
APP20081,S10154,TechNova,Recruiter E,Screening,False,
APP20082,S10155,LogicLoop,Recruiter A,Interview,False,
APP20083,S10156,DataForge,Recruiter E,Rejected,False,
APP20084,S10157,HealthByte,Recruiter F,Submitted,False,
APP20085,S10159,MarketMint,Recruiter F,Rejected,False,
APP20086,S10160,BuildRight,Recruiter A,Screening,False,
APP20087,S10162,HealthByte,Recruiter H,Rejected,False,
APP20088,S10163,RetailPulse,Recruiter D,Submitted,False,
APP20089,S10164,DataForge,Recruiter E,Submitted,False,
APP20090,S10167,HealthByte,Recruiter B,Screening,False,
APP20091,S10168,SecureStack,Recruiter H,Screening,False,
APP20092,S10169,SecureStack,Recruiter A,Offer,False,6.365880771023671
APP20093,S10172,BuildRight,Recruiter G,Interview,False,
APP20094,S10173,RetailPulse,Recruiter D,Rejected,False,
APP20095,S10175,DataForge,Recruiter A,Screening,False,
APP20096,S10179,MarketMint,Recruiter E,Rejected,False,
APP20097,S10181,RetailPulse,Recruiter C,Screening,False,
APP20098,S10185,MarketMint,Recruiter E,Submitted,False,
APP20099,S10186,RetailPulse,Recruiter F,Screening,False,
APP20100,S10187,InnoWorks,Recruiter H,Rejected,False,
APP20101,S10188,CloudSprint,Recruiter D,Rejected,False,
APP20102,S10189,HealthByte,Recruiter A,Submitted,False,
APP20103,S10190,FinEdge,Recruiter D,Interview,False,
APP20104,S10191,CloudSprint,Recruiter C,Rejected,False,
APP20105,S10196,CloudSprint,Recruiter A,Submitted,False,
APP20106,S10197,InnoWorks,Recruiter B,Offer,False,7.861372237093101
APP20107,S10198,BuildRight,Recruiter A,Submitted,False,
APP20108,S10203,LogicLoop,Recruiter E,Offer,True,8.065954505598043
APP20109,S10205,FinEdge,Recruiter G,Rejected,False,
APP20110,S10208,InnoWorks,Recruiter C,Offer,False,9.387086668949532
APP20111,S10210,LogicLoop,Recruiter A,Rejected,False,
APP20112,S10211,LogicLoop,Recruiter E,Submitted,False,
APP20113,S10212,MarketMint,Recruiter D,Submitted,False,
APP20114,S10214,LogicLoop,Recruiter F,Interview,False,
APP20115,S10215,NextGen Systems,Recruiter D,Interview,False,
APP20116,S10217,FinEdge,Recruiter D,Screening,False,
APP20117,S10220,BuildRight,Recruiter D,Interview,False,
APP20118,S10221,RetailPulse,Recruiter H,Rejected,False,
APP20119,S10223,TechNova,Recruiter A,Submitted,False,
APP20120,S10224,NextGen Systems,Recruiter B,Rejected,False,
APP20121,S10226,InnoWorks,Recruiter B,Submitted,False,
APP20122,S10227,TechNova,Recruiter G,Interview,False,
APP20123,S10228,CloudSprint,Recruiter B,Rejected,False,
APP20124,S10230,NextGen Systems,Recruiter G,Interview,False,
APP20125,S10237,RetailPulse,Recruiter H,Submitted,False,
APP20126,S10238,SecureStack,Recruiter H,Screening,False,
APP20127,S10240,SecureStack,Recruiter C,Screening,False,
APP20128,S10241,DataForge,Recruiter G,Screening,False,
APP20129,S10242,TechNova,Recruiter E,Rejected,False,
APP20130,S10243,MarketMint,Recruiter G,Rejected,False,
APP20131,S10244,HealthByte,Recruiter A,Screening,False,
APP20132,S10245,TechNova,Recruiter F,Interview,False,
APP20133,S10247,CloudSprint,Recruiter H,Screening,False,
APP20134,S10248,TechNova,Recruiter E,Rejected,False,
APP20135,S10249,CloudSprint,Recruiter F,Submitted,False,
APP20136,S10252,TechNova,Recruiter G,Screening,False,
APP20137,S10255,SecureStack,Recruiter F,Screening,False,
APP20138,S10256,MarketMint,Recruiter B,Screening,False,
APP20139,S10257,InnoWorks,Recruiter A,Rejected,False,
APP20140,S10258,FinEdge,Recruiter C,Submitted,False,
APP20141,S10263,NextGen Systems,Recruiter H,Screening,False,
APP20142,S10264,DataForge,Recruiter C,Submitted,False,
APP20143,S10266,TechNova,Recruiter A,Rejected,False,
APP20144,S10271,BuildRight,Recruiter F,Interview,False,
APP20145,S10272,NextGen Systems,Recruiter A,Screening,False,
APP20146,S10273,HealthByte,Recruiter E,Interview,False,
APP20147,S10274,SecureStack,Recruiter G,Offer,False,7.209855493993777
APP20148,S10275,CloudSprint,Recruiter B,Interview,False,
APP20149,S10276,RetailPulse,Recruiter D,Screening,False,
APP20150,S10277,BuildRight,Recruiter G,Screening,False,
APP20151,S10278,MarketMint,Recruiter B,Submitted,False,
APP20152,S10280,InnoWorks,Recruiter A,Interview,False,
APP20153,S10281,InnoWorks,Recruiter A,Submitted,False,
APP20154,S10282,MarketMint,Recruiter A,Rejected,False,
APP20155,S10283,CloudSprint,Recruiter C,Submitted,False,
APP20156,S10284,MarketMint,Recruiter C,Submitted,False,
APP20157,S10285,MarketMint,Recruiter C,Submitted,False,
APP20158,S10286,TechNova,Recruiter A,Submitted,False,
APP20159,S10287,MarketMint,Recruiter H,Submitted,False,
APP20160,S10288,DataForge,Recruiter D,Rejected,False,
APP20161,S10289,RetailPulse,Recruiter H,Rejected,False,
APP20162,S10295,CloudSprint,Recruiter A,Screening,False,
APP20163,S10299,TechNova,Recruiter G,Rejected,False,
APP20164,S10301,MarketMint,Recruiter B,Submitted,False,
APP20165,S10305,SecureStack,Recruiter C,Submitted,False,
APP20166,S10306,RetailPulse,Recruiter G,Offer,True,3.2601226138879813
APP20167,S10307,SecureStack,Recruiter G,Screening,False,
APP20168,S10309,FinEdge,Recruiter F,Submitted,False,
APP20169,S10310,BuildRight,Recruiter A,Interview,False,
APP20170,S10311,InnoWorks,Recruiter F,Screening,False,
APP20171,S10314,InnoWorks,Recruiter B,Submitted,False,
APP20172,S10316,CloudSprint,Recruiter D,Screening,False,
APP20173,S10317,DataForge,Recruiter F,Screening,False,
APP20174,S10320,InnoWorks,Recruiter D,Rejected,False,
APP20175,S10321,DataForge,Recruiter B,Submitted,False,
APP20176,S10326,FinEdge,Recruiter H,Submitted,False,
APP20177,S10329,NextGen Systems,Recruiter E,Submitted,False,
APP20178,S10330,RetailPulse,Recruiter G,Interview,False,
APP20179,S10335,MarketMint,Recruiter D,Offer,True,10.736319194114028
APP20180,S10342,HealthByte,Recruiter E,Screening,False,
APP20181,S10348,MarketMint,Recruiter C,Screening,False,
APP20182,S10349,FinEdge,Recruiter C,Screening,False,
APP20183,S10350,BuildRight,Recruiter A,Screening,False,
APP20184,S10352,FinEdge,Recruiter F,Interview,False,
APP20185,S10354,DataForge,Recruiter C,Submitted,False,
APP20186,S10357,DataForge,Recruiter F,Rejected,False,
APP20187,S10359,LogicLoop,Recruiter D,Rejected,False,
APP20188,S10363,SecureStack,Recruiter C,Rejected,False,
APP20189,S10365,BuildRight,Recruiter B,Screening,False,
APP20190,S10366,RetailPulse,Recruiter E,Rejected,False,
APP20191,S10367,LogicLoop,Recruiter D,Rejected,False,
APP20192,S10370,TechNova,Recruiter E,Submitted,False,
APP20193,S10371,TechNova,Recruiter B,Screening,False,
APP20194,S10373,RetailPulse,Recruiter F,Rejected,False,
APP20195,S10374,CloudSprint,Recruiter C,Rejected,False,
APP20196,S10375,InnoWorks,Recruiter H,Offer,True,8.76220766717495
APP20197,S10378,InnoWorks,Recruiter A,Offer,False,7.080787985079871
APP20198,S10383,SecureStack,Recruiter H,Interview,False,
APP20199,S10384,LogicLoop,Recruiter H,Screening,False,
APP20200,S10385,FinEdge,Recruiter G,Screening,False,
APP20201,S10389,SecureStack,Recruiter C,Rejected,False,
APP20202,S10390,TechNova,Recruiter C,Screening,False,
APP20203,S10391,InnoWorks,Recruiter H,Screening,False,
APP20204,S10392,DataForge,Recruiter G,Screening,False,
APP20205,S10393,SecureStack,Recruiter E,Interview,False,
APP20206,S10394,DataForge,Recruiter H,Submitted,False,
APP20207,S10396,HealthByte,Recruiter A,Submitted,False,
APP20208,S10398,InnoWorks,Recruiter F,Submitted,False,
APP20209,S10399,NextGen Systems,Recruiter F,Offer,True,11.635031818435486
APP20210,S10402,InnoWorks,Recruiter H,Rejected,False,
APP20211,S10403,InnoWorks,Recruiter E,Submitted,False,
APP20212,S10405,DataForge,Recruiter A,Submitted,False,
APP20213,S10408,CloudSprint,Recruiter F,Interview,False,
APP20214,S10410,BuildRight,Recruiter B,Interview,False,
APP20215,S10412,NextGen Systems,Recruiter E,Interview,False,
APP20216,S10413,HealthByte,Recruiter G,Rejected,False,
APP20217,S10415,CloudSprint,Recruiter G,Interview,False,
APP20218,S10417,MarketMint,Recruiter F,Screening,False,
APP20219,S10418,CloudSprint,Recruiter C,Submitted,False,
APP20220,S10420,InnoWorks,Recruiter A,Interview,False,
APP20221,S10421,DataForge,Recruiter C,Screening,False,
APP20222,S10423,LogicLoop,Recruiter A,Interview,False,
APP20223,S10424,NextGen Systems,Recruiter A,Interview,False,
APP20224,S10426,CloudSprint,Recruiter A,Submitted,False,
APP20225,S10427,FinEdge,Recruiter E,Interview,False,
APP20226,S10428,BuildRight,Recruiter G,Rejected,False,
APP20227,S10429,DataForge,Recruiter F,Screening,False,
APP20228,S10430,SecureStack,Recruiter B,Rejected,False,
APP20229,S10431,DataForge,Recruiter B,Interview,False,
APP20230,S10435,BuildRight,Recruiter F,Interview,False,
APP20231,S10440,CloudSprint,Recruiter B,Interview,False,
APP20232,S10446,HealthByte,Recruiter A,Submitted,False,
APP20233,S10447,LogicLoop,Recruiter A,Screening,False,
APP20234,S10450,DataForge,Recruiter D,Submitted,False,
APP20235,S10457,TechNova,Recruiter F,Interview,False,
APP20236,S10459,HealthByte,Recruiter G,Interview,False,
APP20237,S10462,NextGen Systems,Recruiter B,Submitted,False,
APP20238,S10464,DataForge,Recruiter D,Rejected,False,
APP20239,S10465,SecureStack,Recruiter E,Screening,False,
APP20240,S10466,NextGen Systems,Recruiter A,Screening,False,
APP20241,S10467,InnoWorks,Recruiter A,Submitted,False,
APP20242,S10468,SecureStack,Recruiter B,Rejected,False,
APP20243,S10470,HealthByte,Recruiter H,Submitted,False,
APP20244,S10473,HealthByte,Recruiter F,Submitted,False,
APP20245,S10474,DataForge,Recruiter C,Rejected,False,
APP20246,S10476,DataForge,Recruiter D,Rejected,False,
APP20247,S10477,NextGen Systems,Recruiter A,Screening,False,
APP20248,S10481,DataForge,Recruiter B,Submitted,False,
APP20249,S10482,SecureStack,Recruiter C,Rejected,False,
APP20250,S10484,SecureStack,Recruiter A,Rejected,False,
APP20251,S10486,MarketMint,Recruiter G,Rejected,False,
APP20252,S10487,TechNova,Recruiter H,Rejected,False,
APP20253,S10488,RetailPulse,Recruiter H,Submitted,False,
APP20254,S10490,SecureStack,Recruiter D,Rejected,False,
APP20255,S10493,LogicLoop,Recruiter F,Rejected,False,
APP20256,S10494,LogicLoop,Recruiter F,Screening,False,
APP20257,S10495,FinEdge,Recruiter D,Rejected,False,
APP20258,S10496,FinEdge,Recruiter B,Rejected,False,
APP20259,S10497,TechNova,Recruiter B,Screening,False,
APP20260,S10498,SecureStack,Recruiter H,Submitted,False,
APP20261,S10500,DataForge,Recruiter B,Interview,False,
APP20262,S10503,BuildRight,Recruiter A,Rejected,False,
APP20263,S10505,RetailPulse,Recruiter F,Submitted,False,
APP20264,S10506,DataForge,Recruiter C,Submitted,False,
APP20265,S10507,RetailPulse,Recruiter F,Rejected,False,
APP20266,S10511,SecureStack,Recruiter A,Rejected,False,
APP20267,S10513,HealthByte,Recruiter G,Submitted,False,
APP20268,S10514,NextGen Systems,Recruiter C,Screening,False,
APP20269,S10515,FinEdge,Recruiter A,Screening,False,
APP20270,S10516,FinEdge,Recruiter C,Submitted,False,
APP20271,S10517,SecureStack,Recruiter F,Offer,True,4.341469783360648
APP20272,S10518,TechNova,Recruiter G,Submitted,False,
APP20273,S10519,HealthByte,Recruiter E,Rejected,False,
APP20274,S10527,MarketMint,Recruiter C,Submitted,False,
APP20275,S10530,HealthByte,Recruiter D,Rejected,False,
APP20276,S10531,SecureStack,Recruiter H,Rejected,False,
APP20277,S10532,LogicLoop,Recruiter E,Rejected,False,
APP20278,S10533,TechNova,Recruiter B,Submitted,False,
APP20279,S10535,HealthByte,Recruiter B,Interview,False,
APP20280,S10538,DataForge,Recruiter B,Interview,False,
APP20281,S10539,BuildRight,Recruiter F,Screening,False,
APP20282,S10540,DataForge,Recruiter E,Submitted,False,
APP20283,S10545,NextGen Systems,Recruiter E,Interview,False,
APP20284,S10550,FinEdge,Recruiter F,Offer,False,9.949117198650395
APP20285,S10551,BuildRight,Recruiter A,Interview,False,
APP20286,S10552,InnoWorks,Recruiter B,Rejected,False,
APP20287,S10554,FinEdge,Recruiter B,Rejected,False,
APP20288,S10557,NextGen Systems,Recruiter D,Offer,False,8.603407764548646
APP20289,S10558,TechNova,Recruiter H,Interview,False,
APP20290,S10559,CloudSprint,Recruiter G,Offer,False,6.164928858273479
APP20291,S10561,TechNova,Recruiter B,Screening,False,
APP20292,S10562,MarketMint,Recruiter F,Submitted,False,
APP20293,S10563,InnoWorks,Recruiter A,Submitted,False,
APP20294,S10564,CloudSprint,Recruiter A,Submitted,False,
APP20295,S10565,SecureStack,Recruiter A,Submitted,False,
APP20296,S10566,SecureStack,Recruiter H,Offer,False,6.493515955018536
APP20297,S10568,NextGen Systems,Recruiter F,Screening,False,
APP20298,S10569,RetailPulse,Recruiter E,Rejected,False,
APP20299,S10570,HealthByte,Recruiter H,Interview,False,
APP20300,S10571,CloudSprint,Recruiter D,Rejected,False,
APP20301,S10572,RetailPulse,Recruiter A,Interview,False,
APP20302,S10574,FinEdge,Recruiter H,Submitted,False,
APP20303,S10575,LogicLoop,Recruiter G,Rejected,False,
APP20304,S10576,HealthByte,Recruiter G,Rejected,False,
APP20305,S10577,HealthByte,Recruiter D,Rejected,False,
APP20306,S10578,LogicLoop,Recruiter C,Offer,True,8.99050131783608
APP20307,S10579,FinEdge,Recruiter G,Rejected,False,
APP20308,S10580,DataForge,Recruiter D,Rejected,False,
APP20309,S10582,NextGen Systems,Recruiter E,Submitted,False,
APP20310,S10583,LogicLoop,Recruiter E,Rejected,False,
APP20311,S10586,RetailPulse,Recruiter F,Interview,False,
APP20312,S10587,SecureStack,Recruiter E,Submitted,False,
APP20313,S10588,MarketMint,Recruiter G,Submitted,False,
APP20314,S10589,NextGen Systems,Recruiter G,Rejected,False,
APP20315,S10590,MarketMint,Recruiter H,Screening,False,
APP20316,S10594,TechNova,Recruiter F,Offer,True,9.609623946741742
APP20317,S10595,TechNova,Recruiter H,Submitted,False,
APP20318,S10596,DataForge,Recruiter E,Interview,False,
APP20319,S10598,MarketMint,Recruiter H,Submitted,False,
APP20320,S10599,FinEdge,Recruiter D,Rejected,False,
APP20321,S10600,LogicLoop,Recruiter A,Rejected,False,
APP20322,S10603,DataForge,Recruiter A,Screening,False,
APP20323,S10606,SecureStack,Recruiter D,Rejected,False,
APP20324,S10607,InnoWorks,Recruiter D,Submitted,False,
APP20325,S10609,BuildRight,Recruiter D,Screening,False,
APP20326,S10610,HealthByte,Recruiter H,Screening,False,
APP20327,S10614,BuildRight,Recruiter H,Interview,False,
APP20328,S10615,LogicLoop,Recruiter G,Submitted,False,
APP20329,S10616,RetailPulse,Recruiter C,Submitted,False,
APP20330,S10617,RetailPulse,Recruiter H,Screening,False,
APP20331,S10618,FinEdge,Recruiter G,Rejected,False,
APP20332,S10620,NextGen Systems,Recruiter G,Rejected,False,
APP20333,S10624,MarketMint,Recruiter H,Offer,True,11.894426598601505
APP20334,S10625,MarketMint,Recruiter A,Screening,False,
APP20335,S10627,BuildRight,Recruiter F,Interview,False,
APP20336,S10628,LogicLoop,Recruiter D,Submitted,False,
APP20337,S10629,RetailPulse,Recruiter E,Submitted,False,
APP20338,S10631,NextGen Systems,Recruiter B,Submitted,False,
APP20339,S10632,HealthByte,Recruiter A,Submitted,False,
APP20340,S10636,BuildRight,Recruiter C,Interview,False,
APP20341,S10637,HealthByte,Recruiter A,Rejected,False,
APP20342,S10638,CloudSprint,Recruiter E,Offer,True,8.132350799738893
APP20343,S10639,BuildRight,Recruiter D,Submitted,False,
APP20344,S10641,BuildRight,Recruiter C,Screening,False,
APP20345,S10643,HealthByte,Recruiter F,Submitted,False,
APP20346,S10645,HealthByte,Recruiter A,Interview,False,
APP20347,S10646,InnoWorks,Recruiter C,Submitted,False,
APP20348,S10648,CloudSprint,Recruiter H,Submitted,False,
APP20349,S10650,HealthByte,Recruiter H,Submitted,False,
APP20350,S10651,LogicLoop,Recruiter B,Screening,False,
APP20351,S10655,RetailPulse,Recruiter B,Submitted,False,
APP20352,S10658,InnoWorks,Recruiter G,Offer,True,9.510054723712114
APP20353,S10659,InnoWorks,Recruiter C,Submitted,False,
APP20354,S10661,MarketMint,Recruiter A,Submitted,False,
APP20355,S10662,TechNova,Recruiter C,Submitted,False,
APP20356,S10663,MarketMint,Recruiter C,Rejected,False,
APP20357,S10665,LogicLoop,Recruiter C,Submitted,False,
APP20358,S10667,SecureStack,Recruiter C,Screening,False,
APP20359,S10669,FinEdge,Recruiter G,Rejected,False,
APP20360,S10670,LogicLoop,Recruiter E,Rejected,False,
APP20361,S10675,CloudSprint,Recruiter E,Interview,False,
APP20362,S10676,BuildRight,Recruiter F,Submitted,False,
APP20363,S10677,HealthByte,Recruiter G,Rejected,False,
APP20364,S10678,NextGen Systems,Recruiter B,Submitted,False,
APP20365,S10679,FinEdge,Recruiter B,Interview,False,
APP20366,S10683,RetailPulse,Recruiter C,Rejected,False,
APP20367,S10685,DataForge,Recruiter A,Submitted,False,
APP20368,S10686,RetailPulse,Recruiter C,Submitted,False,
APP20369,S10688,LogicLoop,Recruiter D,Interview,False,
APP20370,S10691,NextGen Systems,Recruiter F,Submitted,False,
APP20371,S10692,CloudSprint,Recruiter D,Offer,False,7.53619858851119
APP20372,S10697,RetailPulse,Recruiter H,Rejected,False,
APP20373,S10698,MarketMint,Recruiter B,Offer,False,6.785543998152952
APP20374,S10699,NextGen Systems,Recruiter F,Rejected,False,
APP20375,S10700,RetailPulse,Recruiter D,Submitted,False,
APP20376,S10704,LogicLoop,Recruiter E,Submitted,False,
APP20377,S10706,CloudSprint,Recruiter F,Interview,False,
APP20378,S10707,NextGen Systems,Recruiter D,Interview,False,
APP20379,S10710,BuildRight,Recruiter B,Interview,False,
APP20380,S10713,RetailPulse,Recruiter A,Screening,False,
APP20381,S10715,MarketMint,Recruiter H,Submitted,False,
APP20382,S10717,TechNova,Recruiter E,Submitted,False,
APP20383,S10718,DataForge,Recruiter D,Offer,True,10.048747533604965
APP20384,S10720,LogicLoop,Recruiter E,Interview,False,
APP20385,S10721,FinEdge,Recruiter C,Offer,True,8.265015986871372
APP20386,S10728,RetailPulse,Recruiter H,Offer,False,5.451242296860878
APP20387,S10729,TechNova,Recruiter G,Submitted,False,
APP20388,S10730,CloudSprint,Recruiter C,Interview,False,
APP20389,S10735,CloudSprint,Recruiter C,Screening,False,
APP20390,S10736,FinEdge,Recruiter D,Rejected,False,
APP20391,S10738,DataForge,Recruiter D,Interview,False,
APP20392,S10739,TechNova,Recruiter E,Submitted,False,
APP20393,S10740,DataForge,Recruiter F,Interview,False,
APP20394,S10742,HealthByte,Recruiter A,Screening,False,
APP20395,S10743,RetailPulse,Recruiter C,Rejected,False,
APP20396,S10744,SecureStack,Recruiter G,Submitted,False,
APP20397,S10746,MarketMint,Recruiter E,Rejected,False,
APP20398,S10751,FinEdge,Recruiter C,Rejected,False,
APP20399,S10753,LogicLoop,Recruiter F,Submitted,False,
APP20400,S10754,InnoWorks,Recruiter G,Submitted,False,
APP20401,S10755,SecureStack,Recruiter D,Rejected,False,
APP20402,S10758,HealthByte,Recruiter B,Interview,False,
APP20403,S10760,TechNova,Recruiter A,Rejected,False,
APP20404,S10761,LogicLoop,Recruiter A,Rejected,False,
APP20405,S10762,RetailPulse,Recruiter D,Interview,False,
APP20406,S10763,CloudSprint,Recruiter F,Screening,False,
APP20407,S10765,BuildRight,Recruiter H,Submitted,False,
APP20408,S10768,RetailPulse,Recruiter H,Submitted,False,
APP20409,S10770,BuildRight,Recruiter D,Rejected,False,
APP20410,S10777,FinEdge,Recruiter F,Submitted,False,
APP20411,S10778,TechNova,Recruiter C,Interview,False,
APP20412,S10779,LogicLoop,Recruiter A,Screening,False,
APP20413,S10781,NextGen Systems,Recruiter C,Rejected,False,
APP20414,S10784,SecureStack,Recruiter H,Rejected,False,
APP20415,S10788,DataForge,Recruiter E,Rejected,False,
APP20416,S10790,BuildRight,Recruiter E,Offer,True,10.57518497809043
APP20417,S10791,TechNova,Recruiter C,Interview,False,
APP20418,S10793,TechNova,Recruiter D,Submitted,False,
APP20419,S10794,BuildRight,Recruiter D,Submitted,False,
APP20420,S10795,DataForge,Recruiter C,Offer,True,11.196273734504771
APP20421,S10796,LogicLoop,Recruiter C,Interview,False,
APP20422,S10797,NextGen Systems,Recruiter B,Submitted,False,
APP20423,S10798,LogicLoop,Recruiter F,Rejected,False,
APP20424,S10799,InnoWorks,Recruiter B,Interview,False,
APP20425,S10801,NextGen Systems,Recruiter F,Screening,False,
APP20426,S10802,RetailPulse,Recruiter H,Screening,False,
APP20427,S10803,CloudSprint,Recruiter A,Rejected,False,
APP20428,S10805,InnoWorks,Recruiter E,Submitted,False,
APP20429,S10807,HealthByte,Recruiter C,Rejected,False,
APP20430,S10808,InnoWorks,Recruiter A,Submitted,False,
APP20431,S10809,InnoWorks,Recruiter A,Interview,False,
APP20432,S10811,LogicLoop,Recruiter C,Submitted,False,
APP20433,S10815,DataForge,Recruiter A,Rejected,False,
APP20434,S10817,RetailPulse,Recruiter F,Rejected,False,
APP20435,S10820,NextGen Systems,Recruiter F,Submitted,False,
APP20436,S10821,TechNova,Recruiter A,Interview,False,
APP20437,S10822,InnoWorks,Recruiter B,Rejected,False,
APP20438,S10828,FinEdge,Recruiter A,Submitted,False,
APP20439,S10829,BuildRight,Recruiter B,Submitted,False,
APP20440,S10832,NextGen Systems,Recruiter F,Rejected,False,
APP20441,S10833,HealthByte,Recruiter F,Submitted,False,
APP20442,S10834,TechNova,Recruiter E,Rejected,False,
APP20443,S10835,CloudSprint,Recruiter E,Offer,True,5.402171898688237
APP20444,S10836,TechNova,Recruiter A,Rejected,False,
APP20445,S10837,CloudSprint,Recruiter A,Screening,False,
APP20446,S10840,RetailPulse,Recruiter C,Screening,False,
APP20447,S10842,FinEdge,Recruiter E,Interview,False,
APP20448,S10844,CloudSprint,Recruiter A,Rejected,False,
APP20449,S10850,FinEdge,Recruiter B,Interview,False,
APP20450,S10852,MarketMint,Recruiter G,Rejected,False,
APP20451,S10854,LogicLoop,Recruiter B,Rejected,False,
APP20452,S10855,DataForge,Recruiter H,Rejected,False,
APP20453,S10858,RetailPulse,Recruiter A,Submitted,False,
APP20454,S10859,LogicLoop,Recruiter G,Interview,False,
APP20455,S10861,NextGen Systems,Recruiter F,Interview,False,
APP20456,S10862,TechNova,Recruiter F,Offer,False,5.989907709591976
APP20457,S10863,MarketMint,Recruiter D,Submitted,False,
APP20458,S10865,TechNova,Recruiter D,Screening,False,
APP20459,S10866,LogicLoop,Recruiter E,Screening,False,
APP20460,S10867,RetailPulse,Recruiter A,Submitted,False,
APP20461,S10868,InnoWorks,Recruiter G,Rejected,False,
APP20462,S10869,HealthByte,Recruiter E,Interview,False,
APP20463,S10870,MarketMint,Recruiter F,Submitted,False,
APP20464,S10871,NextGen Systems,Recruiter A,Screening,False,
APP20465,S10872,LogicLoop,Recruiter F,Offer,True,7.105380513170607
APP20466,S10875,DataForge,Recruiter E,Interview,False,
APP20467,S10877,DataForge,Recruiter D,Rejected,False,
APP20468,S10879,TechNova,Recruiter E,Submitted,False,
APP20469,S10880,TechNova,Recruiter A,Rejected,False,
APP20470,S10881,NextGen Systems,Recruiter B,Screening,False,
APP20471,S10883,TechNova,Recruiter D,Screening,False,
APP20472,S10885,DataForge,Recruiter G,Rejected,False,
APP20473,S10889,LogicLoop,Recruiter D,Submitted,False,
APP20474,S10890,NextGen Systems,Recruiter D,Submitted,False,
APP20475,S10891,DataForge,Recruiter G,Rejected,False,
APP20476,S10895,TechNova,Recruiter H,Rejected,False,
APP20477,S10898,FinEdge,Recruiter B,Screening,False,
APP20478,S10899,SecureStack,Recruiter C,Rejected,False,
APP20479,S10903,SecureStack,Recruiter D,Submitted,False,
APP20480,S10904,SecureStack,Recruiter B,Rejected,False,
APP20481,S10907,InnoWorks,Recruiter D,Interview,False,
APP20482,S10912,RetailPulse,Recruiter E,Screening,False,
APP20483,S10913,LogicLoop,Recruiter C,Interview,False,
APP20484,S10914,HealthByte,Recruiter C,Screening,False,
APP20485,S10916,InnoWorks,Recruiter G,Submitted,False,
APP20486,S10917,InnoWorks,Recruiter C,Submitted,False,
APP20487,S10919,FinEdge,Recruiter E,Rejected,False,
APP20488,S10921,LogicLoop,Recruiter F,Interview,False,
APP20489,S10924,BuildRight,Recruiter F,Screening,False,
APP20490,S10925,DataForge,Recruiter F,Submitted,False,
APP20491,S10927,RetailPulse,Recruiter E,Interview,False,
APP20492,S10928,CloudSprint,Recruiter G,Offer,True,8.737329761437332
APP20493,S10929,HealthByte,Recruiter G,Rejected,False,
APP20494,S10931,InnoWorks,Recruiter A,Screening,False,
APP20495,S10932,SecureStack,Recruiter G,Interview,False,
APP20496,S10938,CloudSprint,Recruiter H,Rejected,False,
APP20497,S10939,SecureStack,Recruiter F,Screening,False,
APP20498,S10940,InnoWorks,Recruiter B,Offer,True,8.858659623137985
APP20499,S10941,HealthByte,Recruiter H,Interview,False,
APP20500,S10942,TechNova,Recruiter D,Interview,False,
APP20501,S10943,CloudSprint,Recruiter E,Submitted,False,
APP20502,S10946,NextGen Systems,Recruiter C,Screening,False,
APP20503,S10947,FinEdge,Recruiter E,Screening,False,
APP20504,S10948,InnoWorks,Recruiter B,Submitted,False,
APP20505,S10949,SecureStack,Recruiter B,Rejected,False,
APP20506,S10951,DataForge,Recruiter B,Submitted,False,
APP20507,S10952,MarketMint,Recruiter B,Offer,False,9.385928917315033
APP20508,S10954,MarketMint,Recruiter D,Rejected,False,
APP20509,S10957,HealthByte,Recruiter D,Rejected,False,
APP20510,S10958,LogicLoop,Recruiter A,Rejected,False,
APP20511,S10961,CloudSprint,Recruiter E,Submitted,False,
APP20512,S10962,HealthByte,Recruiter G,Screening,False,
APP20513,S10963,InnoWorks,Recruiter H,Submitted,False,
APP20514,S10964,BuildRight,Recruiter A,Submitted,False,
APP20515,S10965,BuildRight,Recruiter C,Screening,False,
APP20516,S10966,DataForge,Recruiter G,Screening,False,
APP20517,S10968,LogicLoop,Recruiter H,Screening,False,
APP20518,S10970,MarketMint,Recruiter E,Submitted,False,
APP20519,S10971,MarketMint,Recruiter B,Interview,False,
APP20520,S10974,HealthByte,Recruiter H,Submitted,False,
APP20521,S10979,SecureStack,Recruiter C,Interview,False,
APP20522,S10980,LogicLoop,Recruiter H,Offer,True,9.37941659446788
APP20523,S10982,SecureStack,Recruiter F,Rejected,False,
APP20524,S10983,RetailPulse,Recruiter F,Screening,False,
APP20525,S10985,SecureStack,Recruiter F,Offer,False,5.781829341139993
APP20526,S10989,DataForge,Recruiter E,Rejected,False,
APP20527,S10990,CloudSprint,Recruiter A,Interview,False,
APP20528,S10992,MarketMint,Recruiter D,Screening,False,
APP20529,S10993,TechNova,Recruiter F,Offer,False,6.795834932852863
APP20530,S10996,FinEdge,Recruiter D,Interview,False,
APP20531,S10997,LogicLoop,Recruiter F,Submitted,False,
APP20532,S10998,InnoWorks,Recruiter D,Screening,False,
APP20533,S10999,CloudSprint,Recruiter B,Offer,False,8.33815852226413
APP20534,S11001,InnoWorks,Recruiter C,Interview,False,
APP20535,S11003,DataForge,Recruiter E,Interview,False,
APP20536,S11005,LogicLoop,Recruiter D,Submitted,False,
APP20537,S11006,NextGen Systems,Recruiter B,Screening,False,
APP20538,S11007,HealthByte,Recruiter F,Screening,False,
APP20539,S11008,BuildRight,Recruiter E,Submitted,False,
APP20540,S11009,MarketMint,Recruiter E,Screening,False,
APP20541,S11010,NextGen Systems,Recruiter D,Submitted,False,
APP20542,S11013,RetailPulse,Recruiter G,Offer,True,8.394489518020665
APP20543,S11016,FinEdge,Recruiter H,Submitted,False,
APP20544,S11018,NextGen Systems,Recruiter E,Submitted,False,
APP20545,S11021,InnoWorks,Recruiter B,Interview,False,
APP20546,S11022,InnoWorks,Recruiter G,Rejected,False,
APP20547,S11025,LogicLoop,Recruiter G,Rejected,False,
APP20548,S11027,FinEdge,Recruiter D,Screening,False,
APP20549,S11028,DataForge,Recruiter G,Offer,False,6.709317920830514
APP20550,S11029,FinEdge,Recruiter A,Screening,False,
APP20551,S11030,TechNova,Recruiter E,Rejected,False,
APP20552,S11031,SecureStack,Recruiter C,Rejected,False,
APP20553,S11034,NextGen Systems,Recruiter D,Interview,False,
APP20554,S11037,InnoWorks,Recruiter H,Rejected,False,
APP20555,S11038,FinEdge,Recruiter E,Rejected,False,
APP20556,S11040,NextGen Systems,Recruiter F,Interview,False,
APP20557,S11042,BuildRight,Recruiter B,Offer,True,7.933159689289433
APP20558,S11043,NextGen Systems,Recruiter E,Offer,True,8.441183130601093
APP20559,S11044,SecureStack,Recruiter D,Screening,False,
APP20560,S11045,InnoWorks,Recruiter B,Interview,False,
APP20561,S11048,TechNova,Recruiter H,Rejected,False,
APP20562,S11050,RetailPulse,Recruiter A,Rejected,False,
APP20563,S11052,NextGen Systems,Recruiter F,Submitted,False,
APP20564,S11054,MarketMint,Recruiter C,Offer,False,7.817564507509306
APP20565,S11057,DataForge,Recruiter H,Interview,False,
APP20566,S11058,BuildRight,Recruiter F,Submitted,False,
APP20567,S11059,TechNova,Recruiter D,Screening,False,
APP20568,S11062,RetailPulse,Recruiter F,Screening,False,
APP20569,S11064,LogicLoop,Recruiter D,Rejected,False,
APP20570,S11066,LogicLoop,Recruiter G,Screening,False,
APP20571,S11067,CloudSprint,Recruiter H,Submitted,False,
APP20572,S11070,NextGen Systems,Recruiter F,Rejected,False,
APP20573,S11074,HealthByte,Recruiter C,Interview,False,
APP20574,S11076,DataForge,Recruiter C,Submitted,False,
APP20575,S11078,BuildRight,Recruiter D,Rejected,False,
APP20576,S11080,NextGen Systems,Recruiter D,Rejected,False,
APP20577,S11081,SecureStack,Recruiter A,Rejected,False,
APP20578,S11082,RetailPulse,Recruiter A,Submitted,False,
APP20579,S11086,SecureStack,Recruiter F,Interview,False,
APP20580,S11087,SecureStack,Recruiter H,Submitted,False,
APP20581,S11088,NextGen Systems,Recruiter H,Submitted,False,
APP20582,S11090,RetailPulse,Recruiter F,Interview,False,
APP20583,S11100,TechNova,Recruiter F,Submitted,False,
APP20584,S11101,DataForge,Recruiter E,Rejected,False,
APP20585,S11103,FinEdge,Recruiter H,Offer,True,8.011063322080684
APP20586,S11105,RetailPulse,Recruiter A,Rejected,False,
APP20587,S11106,SecureStack,Recruiter D,Submitted,False,
APP20588,S11108,LogicLoop,Recruiter E,Rejected,False,
APP20589,S11111,FinEdge,Recruiter F,Submitted,False,
APP20590,S11112,SecureStack,Recruiter A,Submitted,False,
APP20591,S11114,RetailPulse,Recruiter C,Submitted,False,
APP20592,S11115,FinEdge,Recruiter F,Interview,False,
APP20593,S11116,LogicLoop,Recruiter E,Interview,False,
APP20594,S11119,DataForge,Recruiter H,Offer,False,5.331993246369585
APP20595,S11121,LogicLoop,Recruiter G,Rejected,False,
APP20596,S11126,TechNova,Recruiter C,Interview,False,
APP20597,S11128,HealthByte,Recruiter G,Offer,False,9.583655839260144
APP20598,S11129,RetailPulse,Recruiter G,Submitted,False,
APP20599,S11130,CloudSprint,Recruiter D,Rejected,False,
APP20600,S11132,HealthByte,Recruiter B,Screening,False,
APP20601,S11135,RetailPulse,Recruiter F,Submitted,False,
APP20602,S11136,HealthByte,Recruiter H,Rejected,False,
APP20603,S11137,BuildRight,Recruiter B,Rejected,False,
APP20604,S11138,LogicLoop,Recruiter D,Interview,False,
APP20605,S11140,NextGen Systems,Recruiter H,Screening,False,
APP20606,S11141,MarketMint,Recruiter D,Rejected,False,
APP20607,S11143,DataForge,Recruiter H,Rejected,False,
APP20608,S11144,DataForge,Recruiter F,Interview,False,
APP20609,S11145,TechNova,Recruiter D,Submitted,False,
APP20610,S11146,FinEdge,Recruiter E,Rejected,False,
APP20611,S11148,MarketMint,Recruiter G,Submitted,False,
APP20612,S11149,TechNova,Recruiter H,Rejected,False,
APP20613,S11150,DataForge,Recruiter E,Rejected,False,
APP20614,S11151,MarketMint,Recruiter D,Offer,True,10.147355423920462
APP20615,S11153,HealthByte,Recruiter G,Interview,False,
APP20616,S11155,TechNova,Recruiter H,Offer,False,7.8331956560244
APP20617,S11159,TechNova,Recruiter E,Submitted,False,
APP20618,S11162,SecureStack,Recruiter C,Rejected,False,
APP20619,S11166,BuildRight,Recruiter H,Submitted,False,
APP20620,S11168,SecureStack,Recruiter B,Submitted,False,
APP20621,S11169,LogicLoop,Recruiter D,Interview,False,
APP20622,S11171,RetailPulse,Recruiter H,Interview,False,
APP20623,S11173,MarketMint,Recruiter E,Rejected,False,
APP20624,S11177,NextGen Systems,Recruiter H,Submitted,False,
APP20625,S11178,CloudSprint,Recruiter B,Screening,False,
APP20626,S11180,NextGen Systems,Recruiter D,Interview,False,
APP20627,S11181,SecureStack,Recruiter C,Screening,False,
APP20628,S11182,HealthByte,Recruiter C,Screening,False,
APP20629,S11183,SecureStack,Recruiter G,Submitted,False,
APP20630,S11186,RetailPulse,Recruiter A,Offer,False,10.269949352182824
APP20631,S11187,HealthByte,Recruiter H,Offer,True,8.69317821130185
APP20632,S11188,NextGen Systems,Recruiter G,Offer,False,9.025371734316876
APP20633,S11190,InnoWorks,Recruiter E,Interview,False,
APP20634,S11192,HealthByte,Recruiter H,Rejected,False,
APP20635,S11194,FinEdge,Recruiter D,Interview,False,
APP20636,S11195,HealthByte,Recruiter E,Submitted,False,
APP20637,S11196,BuildRight,Recruiter G,Screening,False,
APP20638,S11197,RetailPulse,Recruiter A,Interview,False,
APP20639,S11198,DataForge,Recruiter D,Interview,False,
APP20640,S11199,FinEdge,Recruiter C,Submitted,False,
APP20641,S11200,TechNova,Recruiter F,Submitted,False,
APP20642,S11201,FinEdge,Recruiter E,Screening,False,
APP20643,S11203,FinEdge,Recruiter C,Rejected,False,
APP20644,S11204,InnoWorks,Recruiter E,Offer,True,4.098540336376473
APP20645,S11206,SecureStack,Recruiter C,Submitted,False,
APP20646,S11208,FinEdge,Recruiter E,Offer,False,5.866687395566407
APP20647,S11209,NextGen Systems,Recruiter F,Screening,False,
APP20648,S11210,InnoWorks,Recruiter D,Offer,False,8.287321015867398
APP20649,S11211,CloudSprint,Recruiter H,Interview,False,
APP20650,S11212,MarketMint,Recruiter B,Submitted,False,
APP20651,S11213,RetailPulse,Recruiter B,Screening,False,
APP20652,S11214,TechNova,Recruiter B,Rejected,False,
APP20653,S11215,LogicLoop,Recruiter F,Interview,False,
APP20654,S11217,InnoWorks,Recruiter C,Submitted,False,
APP20655,S11221,InnoWorks,Recruiter A,Rejected,False,
APP20656,S11222,HealthByte,Recruiter E,Interview,False,
APP20657,S11224,DataForge,Recruiter A,Screening,False,
APP20658,S11225,TechNova,Recruiter B,Screening,False,
APP20659,S11226,CloudSprint,Recruiter A,Submitted,False,
APP20660,S11228,DataForge,Recruiter H,Submitted,False,
APP20661,S11229,NextGen Systems,Recruiter E,Offer,True,11.135479267769462
APP20662,S11230,FinEdge,Recruiter H,Interview,False,
APP20663,S11231,InnoWorks,Recruiter B,Interview,False,
APP20664,S11233,CloudSprint,Recruiter H,Interview,False,
APP20665,S11236,TechNova,Recruiter E,Rejected,False,
APP20666,S11237,BuildRight,Recruiter D,Rejected,False,
APP20667,S11238,TechNova,Recruiter G,Submitted,False,
APP20668,S11240,NextGen Systems,Recruiter H,Submitted,False,
APP20669,S11242,HealthByte,Recruiter H,Interview,False,
APP20670,S11244,FinEdge,Recruiter C,Interview,False,
APP20671,S11245,MarketMint,Recruiter H,Rejected,False,
APP20672,S11248,MarketMint,Recruiter D,Rejected,False,
APP20673,S11250,RetailPulse,Recruiter H,Rejected,False,
APP20674,S11251,LogicLoop,Recruiter A,Interview,False,
APP20675,S11253,CloudSprint,Recruiter B,Interview,False,
APP20676,S11257,InnoWorks,Recruiter D,Screening,False,
APP20677,S11261,BuildRight,Recruiter A,Rejected,False,
APP20678,S11263,SecureStack,Recruiter E,Rejected,False,
APP20679,S11264,DataForge,Recruiter G,Submitted,False,
APP20680,S11265,FinEdge,Recruiter F,Rejected,False,
APP20681,S11268,HealthByte,Recruiter C,Screening,False,
APP20682,S11270,InnoWorks,Recruiter B,Interview,False,
APP20683,S11271,HealthByte,Recruiter C,Rejected,False,
APP20684,S11273,MarketMint,Recruiter G,Rejected,False,
APP20685,S11276,NextGen Systems,Recruiter H,Submitted,False,
APP20686,S11278,SecureStack,Recruiter F,Interview,False,
APP20687,S11280,MarketMint,Recruiter E,Rejected,False,
APP20688,S11281,TechNova,Recruiter B,Interview,False,
APP20689,S11282,TechNova,Recruiter F,Screening,False,
APP20690,S11283,TechNova,Recruiter E,Rejected,False,
APP20691,S11284,MarketMint,Recruiter E,Submitted,False,
APP20692,S11286,InnoWorks,Recruiter D,Interview,False,
APP20693,S11288,BuildRight,Recruiter F,Submitted,False,
APP20694,S11290,RetailPulse,Recruiter G,Interview,False,
APP20695,S11292,BuildRight,Recruiter C,Screening,False,
APP20696,S11293,LogicLoop,Recruiter G,Submitted,False,
APP20697,S11295,InnoWorks,Recruiter C,Interview,False,
APP20698,S11296,InnoWorks,Recruiter B,Submitted,False,
APP20699,S11297,TechNova,Recruiter D,Submitted,False,
APP20700,S11298,HealthByte,Recruiter C,Rejected,False,
APP20701,S11299,RetailPulse,Recruiter C,Screening,False,
APP20702,S11301,BuildRight,Recruiter C,Rejected,False,
APP20703,S11304,NextGen Systems,Recruiter F,Interview,False,
APP20704,S11305,RetailPulse,Recruiter D,Screening,False,
APP20705,S11306,CloudSprint,Recruiter A,Rejected,False,
APP20706,S11310,CloudSprint,Recruiter E,Submitted,False,
APP20707,S11311,NextGen Systems,Recruiter A,Submitted,False,
APP20708,S11312,LogicLoop,Recruiter E,Interview,False,
APP20709,S11316,NextGen Systems,Recruiter G,Rejected,False,
APP20710,S11319,LogicLoop,Recruiter D,Screening,False,
APP20711,S11320,TechNova,Recruiter A,Screening,False,
APP20712,S11322,CloudSprint,Recruiter H,Interview,False,
APP20713,S11325,BuildRight,Recruiter H,Rejected,False,
APP20714,S11328,SecureStack,Recruiter F,Submitted,False,
APP20715,S11329,NextGen Systems,Recruiter E,Interview,False,
APP20716,S11330,CloudSprint,Recruiter H,Rejected,False,
APP20717,S11331,BuildRight,Recruiter G,Interview,False,
APP20718,S11332,InnoWorks,Recruiter F,Submitted,False,
APP20719,S11333,HealthByte,Recruiter A,Interview,False,
APP20720,S11334,SecureStack,Recruiter H,Rejected,False,
APP20721,S11335,NextGen Systems,Recruiter E,Submitted,False,
APP20722,S11336,TechNova,Recruiter B,Interview,False,
APP20723,S11339,HealthByte,Recruiter E,Submitted,False,
APP20724,S11341,TechNova,Recruiter A,Submitted,False,
APP20725,S11342,RetailPulse,Recruiter G,Interview,False,
APP20726,S11343,LogicLoop,Recruiter F,Interview,False,
APP20727,S11345,RetailPulse,Recruiter F,Screening,False,
APP20728,S11348,InnoWorks,Recruiter E,Interview,False,
APP20729,S11349,RetailPulse,Recruiter G,Rejected,False,
APP20730,S11351,SecureStack,Recruiter E,Interview,False,
APP20731,S11352,CloudSprint,Recruiter E,Screening,False,
APP20732,S11354,NextGen Systems,Recruiter B,Screening,False,
APP20733,S11355,LogicLoop,Recruiter G,Rejected,False,
APP20734,S11356,DataForge,Recruiter F,Offer,True,7.897482866868996
APP20735,S11357,TechNova,Recruiter F,Screening,False,
APP20736,S11359,RetailPulse,Recruiter D,Interview,False,
APP20737,S11361,SecureStack,Recruiter B,Screening,False,
APP20738,S11364,BuildRight,Recruiter D,Rejected,False,
APP20739,S11365,CloudSprint,Recruiter D,Rejected,False,
APP20740,S11366,InnoWorks,Recruiter G,Rejected,False,
APP20741,S11368,TechNova,Recruiter F,Offer,True,4.682462465287234
APP20742,S11369,DataForge,Recruiter A,Screening,False,
APP20743,S11371,DataForge,Recruiter C,Offer,True,7.1373258853097346
APP20744,S11372,LogicLoop,Recruiter E,Offer,True,7.984098437222278
APP20745,S11373,DataForge,Recruiter C,Submitted,False,
APP20746,S11377,DataForge,Recruiter A,Rejected,False,
APP20747,S11378,RetailPulse,Recruiter F,Submitted,False,
APP20748,S11379,HealthByte,Recruiter H,Interview,False,
APP20749,S11381,NextGen Systems,Recruiter A,Rejected,False,
APP20750,S11382,FinEdge,Recruiter C,Submitted,False,
APP20751,S11384,RetailPulse,Recruiter E,Screening,False,
APP20752,S11389,NextGen Systems,Recruiter H,Interview,False,
APP20753,S11390,MarketMint,Recruiter B,Interview,False,
APP20754,S11394,NextGen Systems,Recruiter C,Interview,False,
APP20755,S11395,NextGen Systems,Recruiter B,Interview,False,
APP20756,S11397,DataForge,Recruiter F,Rejected,False,
APP20757,S11398,SecureStack,Recruiter F,Submitted,False,
APP20758,S11402,InnoWorks,Recruiter F,Offer,True,7.0709708277466685
APP20759,S11403,RetailPulse,Recruiter A,Rejected,False,
APP20760,S11404,DataForge,Recruiter D,Rejected,False,
APP20761,S11406,TechNova,Recruiter G,Rejected,False,
APP20762,S11407,MarketMint,Recruiter B,Rejected,False,
APP20763,S11408,TechNova,Recruiter F,Interview,False,
APP20764,S11410,FinEdge,Recruiter A,Rejected,False,
APP20765,S11414,BuildRight,Recruiter B,Submitted,False,
APP20766,S11416,SecureStack,Recruiter H,Interview,False,
APP20767,S11417,LogicLoop,Recruiter D,Rejected,False,
APP20768,S11420,HealthByte,Recruiter B,Interview,False,
APP20769,S11421,TechNova,Recruiter G,Offer,False,7.433465155168756
APP20770,S11422,RetailPulse,Recruiter A,Rejected,False,
APP20771,S11424,DataForge,Recruiter F,Interview,False,
APP20772,S11426,NextGen Systems,Recruiter E,Rejected,False,
APP20773,S11428,DataForge,Recruiter A,Interview,False,
APP20774,S11430,LogicLoop,Recruiter E,Submitted,False,
APP20775,S11431,DataForge,Recruiter E,Offer,False,8.377448967353917
APP20776,S11432,LogicLoop,Recruiter E,Interview,False,
APP20777,S11433,InnoWorks,Recruiter G,Rejected,False,
APP20778,S11435,RetailPulse,Recruiter F,Submitted,False,
APP20779,S11436,LogicLoop,Recruiter G,Submitted,False,
APP20780,S11437,DataForge,Recruiter H,Rejected,False,
APP20781,S11438,FinEdge,Recruiter A,Submitted,False,
APP20782,S11439,LogicLoop,Recruiter H,Submitted,False,
APP20783,S11440,NextGen Systems,Recruiter A,Submitted,False,
APP20784,S11442,RetailPulse,Recruiter C,Screening,False,
APP20785,S11443,SecureStack,Recruiter E,Rejected,False,
APP20786,S11447,NextGen Systems,Recruiter H,Offer,True,10.622955124603951
APP20787,S11449,CloudSprint,Recruiter D,Submitted,False,
APP20788,S11450,MarketMint,Recruiter C,Submitted,False,
APP20789,S11452,LogicLoop,Recruiter E,Submitted,False,
APP20790,S11454,SecureStack,Recruiter C,Interview,False,
APP20791,S11456,MarketMint,Recruiter H,Interview,False,
APP20792,S11457,DataForge,Recruiter F,Interview,False,
APP20793,S11458,HealthByte,Recruiter B,Submitted,False,
APP20794,S11461,SecureStack,Recruiter A,Submitted,False,
APP20795,S11463,InnoWorks,Recruiter C,Rejected,False,
APP20796,S11464,RetailPulse,Recruiter C,Rejected,False,
APP20797,S11465,NextGen Systems,Recruiter C,Interview,False,
APP20798,S11466,MarketMint,Recruiter C,Submitted,False,
APP20799,S11467,FinEdge,Recruiter H,Interview,False,
APP20800,S11469,FinEdge,Recruiter C,Interview,False,
APP20801,S11470,InnoWorks,Recruiter F,Rejected,False,
APP20802,S11471,DataForge,Recruiter A,Submitted,False,
APP20803,S11472,SecureStack,Recruiter F,Submitted,False,
APP20804,S11473,RetailPulse,Recruiter E,Rejected,False,
APP20805,S11474,BuildRight,Recruiter E,Rejected,False,
APP20806,S11478,HealthByte,Recruiter F,Offer,True,11.205278344857248
APP20807,S11480,RetailPulse,Recruiter C,Rejected,False,
APP20808,S11481,NextGen Systems,Recruiter H,Rejected,False,
APP20809,S11484,MarketMint,Recruiter D,Offer,True,8.352297855878593
APP20810,S11485,LogicLoop,Recruiter B,Screening,False,
APP20811,S11487,LogicLoop,Recruiter H,Interview,False,
APP20812,S11488,LogicLoop,Recruiter B,Offer,False,6.290536952739143
APP20813,S11491,DataForge,Recruiter D,Interview,False,
APP20814,S11492,HealthByte,Recruiter B,Offer,False,7.389735828837309
APP20815,S11493,MarketMint,Recruiter B,Screening,False,
APP20816,S11494,HealthByte,Recruiter A,Submitted,False,
APP20817,S11495,FinEdge,Recruiter C,Rejected,False,
APP20818,S11496,TechNova,Recruiter D,Rejected,False,
APP20819,S11497,NextGen Systems,Recruiter B,Screening,False,
APP20820,S11498,FinEdge,Recruiter E,Submitted,False,
APP20821,S11499,TechNova,Recruiter H,Interview,False,
APP20822,S11502,CloudSprint,Recruiter B,Submitted,False,
APP20823,S11504,SecureStack,Recruiter D,Submitted,False,
APP20824,S11505,NextGen Systems,Recruiter F,Submitted,False,
APP20825,S11506,TechNova,Recruiter A,Rejected,False,
APP20826,S11507,InnoWorks,Recruiter H,Rejected,False,
APP20827,S11508,CloudSprint,Recruiter G,Rejected,False,
APP20828,S11510,HealthByte,Recruiter H,Screening,False,
APP20829,S11513,BuildRight,Recruiter A,Submitted,False,
APP20830,S11514,TechNova,Recruiter E,Submitted,False,
APP20831,S11515,LogicLoop,Recruiter A,Screening,False,
APP20832,S11517,NextGen Systems,Recruiter H,Screening,False,
APP20833,S11518,DataForge,Recruiter B,Submitted,False,
APP20834,S11519,NextGen Systems,Recruiter F,Submitted,False,
APP20835,S11522,InnoWorks,Recruiter F,Submitted,False,
APP20836,S11523,InnoWorks,Recruiter D,Rejected,False,
APP20837,S11527,CloudSprint,Recruiter D,Submitted,False,
APP20838,S11528,NextGen Systems,Recruiter C,Rejected,False,
APP20839,S11529,RetailPulse,Recruiter C,Interview,False,
APP20840,S11530,FinEdge,Recruiter H,Interview,False,
APP20841,S11531,DataForge,Recruiter D,Interview,False,
APP20842,S11534,TechNova,Recruiter A,Submitted,False,
APP20843,S11535,HealthByte,Recruiter F,Submitted,False,
APP20844,S11536,RetailPulse,Recruiter D,Interview,False,
APP20845,S11537,CloudSprint,Recruiter F,Interview,False,
APP20846,S11538,BuildRight,Recruiter F,Screening,False,
APP20847,S11540,HealthByte,Recruiter H,Rejected,False,
APP20848,S11542,CloudSprint,Recruiter E,Screening,False,
APP20849,S11543,InnoWorks,Recruiter G,Screening,False,
APP20850,S11546,RetailPulse,Recruiter B,Screening,False,
APP20851,S11547,InnoWorks,Recruiter D,Submitted,False,
APP20852,S11548,RetailPulse,Recruiter G,Submitted,False,
APP20853,S11549,LogicLoop,Recruiter C,Screening,False,
APP20854,S11550,SecureStack,Recruiter D,Screening,False,
APP20855,S11555,LogicLoop,Recruiter G,Submitted,False,
APP20856,S11556,HealthByte,Recruiter D,Rejected,False,
APP20857,S11557,LogicLoop,Recruiter H,Submitted,False,
APP20858,S11559,DataForge,Recruiter C,Interview,False,
APP20859,S11560,MarketMint,Recruiter F,Submitted,False,
APP20860,S11561,HealthByte,Recruiter H,Rejected,False,
APP20861,S11562,LogicLoop,Recruiter C,Submitted,False,
APP20862,S11563,InnoWorks,Recruiter B,Submitted,False,
APP20863,S11565,HealthByte,Recruiter G,Submitted,False,
APP20864,S11567,BuildRight,Recruiter F,Submitted,False,
APP20865,S11570,TechNova,Recruiter E,Offer,True,8.309563423907633
APP20866,S11572,SecureStack,Recruiter B,Submitted,False,
APP20867,S11576,NextGen Systems,Recruiter D,Interview,False,
APP20868,S11577,TechNova,Recruiter B,Rejected,False,
APP20869,S11581,TechNova,Recruiter G,Submitted,False,
APP20870,S11582,BuildRight,Recruiter C,Offer,True,7.724808922342181
APP20871,S11584,MarketMint,Recruiter D,Rejected,False,
APP20872,S11587,NextGen Systems,Recruiter D,Rejected,False,
APP20873,S11589,InnoWorks,Recruiter H,Interview,False,
APP20874,S11592,HealthByte,Recruiter C,Offer,True,7.255638175407515
APP20875,S11594,FinEdge,Recruiter B,Interview,False,
APP20876,S11597,CloudSprint,Recruiter H,Interview,False,
APP20877,S11601,CloudSprint,Recruiter B,Screening,False,
APP20878,S11602,SecureStack,Recruiter C,Rejected,False,
APP20879,S11603,MarketMint,Recruiter B,Offer,True,6.271676656531151
APP20880,S11604,CloudSprint,Recruiter F,Interview,False,
APP20881,S11605,FinEdge,Recruiter C,Rejected,False,
APP20882,S11606,BuildRight,Recruiter G,Submitted,False,
APP20883,S11607,BuildRight,Recruiter F,Interview,False,
APP20884,S11608,MarketMint,Recruiter C,Rejected,False,
APP20885,S11611,SecureStack,Recruiter D,Interview,False,
APP20886,S11612,TechNova,Recruiter F,Rejected,False,
APP20887,S11617,FinEdge,Recruiter H,Screening,False,
APP20888,S11618,TechNova,Recruiter G,Screening,False,
APP20889,S11619,HealthByte,Recruiter D,Interview,False,
APP20890,S11621,FinEdge,Recruiter D,Rejected,False,
APP20891,S11622,FinEdge,Recruiter D,Submitted,False,
APP20892,S11624,NextGen Systems,Recruiter C,Rejected,False,
APP20893,S11627,DataForge,Recruiter F,Submitted,False,
APP20894,S11629,HealthByte,Recruiter D,Submitted,False,
APP20895,S11631,FinEdge,Recruiter H,Submitted,False,
APP20896,S11632,CloudSprint,Recruiter B,Offer,True,6.4324183219366455
APP20897,S11633,SecureStack,Recruiter H,Screening,False,
APP20898,S11634,RetailPulse,Recruiter E,Rejected,False,
APP20899,S11636,BuildRight,Recruiter E,Submitted,False,
APP20900,S11638,RetailPulse,Recruiter C,Submitted,False,
APP20901,S11644,TechNova,Recruiter F,Interview,False,
APP20902,S11645,LogicLoop,Recruiter F,Interview,False,
APP20903,S11646,DataForge,Recruiter C,Rejected,False,
APP20904,S11647,RetailPulse,Recruiter E,Screening,False,
APP20905,S11649,DataForge,Recruiter A,Submitted,False,
APP20906,S11654,HealthByte,Recruiter G,Rejected,False,
APP20907,S11655,TechNova,Recruiter F,Screening,False,
APP20908,S11656,RetailPulse,Recruiter E,Submitted,False,
APP20909,S11658,HealthByte,Recruiter D,Rejected,False,
APP20910,S11659,FinEdge,Recruiter E,Submitted,False,
APP20911,S11661,HealthByte,Recruiter H,Submitted,False,
APP20912,S11662,InnoWorks,Recruiter A,Submitted,False,
APP20913,S11663,FinEdge,Recruiter E,Offer,False,8.726375610422846
APP20914,S11664,TechNova,Recruiter C,Offer,False,7.988347997739252
APP20915,S11665,MarketMint,Recruiter F,Rejected,False,
APP20916,S11666,InnoWorks,Recruiter A,Rejected,False,
APP20917,S11667,NextGen Systems,Recruiter H,Screening,False,
APP20918,S11671,LogicLoop,Recruiter G,Screening,False,
APP20919,S11672,SecureStack,Recruiter D,Screening,False,
APP20920,S11673,SecureStack,Recruiter D,Offer,True,7.3190900634568
APP20921,S11675,InnoWorks,Recruiter F,Rejected,False,
APP20922,S11676,TechNova,Recruiter G,Rejected,False,
APP20923,S11677,RetailPulse,Recruiter C,Rejected,False,
APP20924,S11678,HealthByte,Recruiter A,Screening,False,
APP20925,S11680,LogicLoop,Recruiter C,Submitted,False,
APP20926,S11681,RetailPulse,Recruiter D,Submitted,False,
APP20927,S11682,LogicLoop,Recruiter B,Submitted,False,
APP20928,S11685,MarketMint,Recruiter H,Screening,False,
APP20929,S11686,HealthByte,Recruiter F,Submitted,False,
APP20930,S11687,SecureStack,Recruiter H,Screening,False,
APP20931,S11688,BuildRight,Recruiter E,Interview,False,
APP20932,S11690,InnoWorks,Recruiter C,Screening,False,
APP20933,S11691,TechNova,Recruiter A,Screening,False,
APP20934,S11692,CloudSprint,Recruiter B,Interview,False,
APP20935,S11693,NextGen Systems,Recruiter A,Rejected,False,
APP20936,S11694,RetailPulse,Recruiter C,Rejected,False,
APP20937,S11695,RetailPulse,Recruiter G,Submitted,False,
APP20938,S11697,FinEdge,Recruiter E,Submitted,False,
APP20939,S11698,CloudSprint,Recruiter A,Screening,False,
APP20940,S11699,TechNova,Recruiter A,Interview,False,
APP20941,S11700,InnoWorks,Recruiter D,Interview,False,
APP20942,S11701,LogicLoop,Recruiter F,Submitted,False,
APP20943,S11703,NextGen Systems,Recruiter C,Interview,False,
APP20944,S11704,MarketMint,Recruiter E,Rejected,False,
APP20945,S11706,FinEdge,Recruiter A,Interview,False,
APP20946,S11707,BuildRight,Recruiter D,Submitted,False,
APP20947,S11709,TechNova,Recruiter D,Screening,False,
APP20948,S11710,LogicLoop,Recruiter H,Offer,True,10.962065170751831
APP20949,S11713,DataForge,Recruiter A,Screening,False,
APP20950,S11714,TechNova,Recruiter B,Rejected,False,
APP20951,S11715,NextGen Systems,Recruiter E,Rejected,False,
APP20952,S11720,CloudSprint,Recruiter B,Screening,False,
APP20953,S11724,HealthByte,Recruiter H,Interview,False,
APP20954,S11725,CloudSprint,Recruiter H,Rejected,False,
APP20955,S11726,LogicLoop,Recruiter C,Rejected,False,
APP20956,S11727,BuildRight,Recruiter G,Submitted,False,
APP20957,S11729,HealthByte,Recruiter E,Interview,False,
APP20958,S11730,MarketMint,Recruiter E,Submitted,False,
APP20959,S11732,FinEdge,Recruiter G,Rejected,False,
APP20960,S11735,BuildRight,Recruiter H,Rejected,False,
APP20961,S11737,RetailPulse,Recruiter E,Rejected,False,
APP20962,S11739,FinEdge,Recruiter H,Submitted,False,
APP20963,S11740,NextGen Systems,Recruiter B,Rejected,False,
APP20964,S11741,BuildRight,Recruiter D,Submitted,False,
APP20965,S11742,TechNova,Recruiter H,Offer,True,5.384856918912868
APP20966,S11743,BuildRight,Recruiter F,Rejected,False,
APP20967,S11744,HealthByte,Recruiter D,Screening,False,
APP20968,S11745,InnoWorks,Recruiter B,Screening,False,
APP20969,S11747,NextGen Systems,Recruiter A,Offer,True,12.11163401738085
APP20970,S11749,NextGen Systems,Recruiter C,Interview,False,
APP20971,S11752,MarketMint,Recruiter B,Submitted,False,
APP20972,S11753,SecureStack,Recruiter A,Interview,False,
APP20973,S11755,DataForge,Recruiter H,Rejected,False,
APP20974,S11756,BuildRight,Recruiter A,Rejected,False,
APP20975,S11758,CloudSprint,Recruiter B,Interview,False,
APP20976,S11759,MarketMint,Recruiter G,Screening,False,
APP20977,S11760,NextGen Systems,Recruiter H,Interview,False,
APP20978,S11761,CloudSprint,Recruiter A,Interview,False,
APP20979,S11762,LogicLoop,Recruiter H,Rejected,False,
APP20980,S11765,DataForge,Recruiter G,Interview,False,
APP20981,S11766,TechNova,Recruiter D,Interview,False,
APP20982,S11767,BuildRight,Recruiter H,Rejected,False,
APP20983,S11769,BuildRight,Recruiter H,Screening,False,
APP20984,S11770,InnoWorks,Recruiter C,Submitted,False,
APP20985,S11773,SecureStack,Recruiter E,Screening,False,
APP20986,S11774,NextGen Systems,Recruiter B,Rejected,False,
APP20987,S11776,TechNova,Recruiter H,Interview,False,
APP20988,S11778,NextGen Systems,Recruiter A,Rejected,False,
APP20989,S11781,HealthByte,Recruiter D,Screening,False,
APP20990,S11783,MarketMint,Recruiter H,Rejected,False,
APP20991,S11785,SecureStack,Recruiter G,Screening,False,
APP20992,S11786,LogicLoop,Recruiter C,Submitted,False,
APP20993,S11790,HealthByte,Recruiter F,Interview,False,
APP20994,S11791,DataForge,Recruiter G,Interview,False,
APP20995,S11792,InnoWorks,Recruiter G,Submitted,False,
APP20996,S11794,LogicLoop,Recruiter G,Rejected,False,
APP20997,S11797,HealthByte,Recruiter B,Rejected,False,
APP20998,S11799,DataForge,Recruiter D,Screening,False,
APP20999,S11800,LogicLoop,Recruiter F,Submitted,False,
APP21000,S11801,BuildRight,Recruiter G,Screening,False,
APP21001,S11802,LogicLoop,Recruiter G,Submitted,False,
APP21002,S11803,BuildRight,Recruiter F,Interview,False,
APP21003,S11804,DataForge,Recruiter F,Submitted,False,
APP21004,S11805,FinEdge,Recruiter B,Rejected,False,
APP21005,S11806,HealthByte,Recruiter A,Offer,True,3.5495149321196156
APP21006,S11808,FinEdge,Recruiter B,Submitted,False,
APP21007,S11809,LogicLoop,Recruiter C,Submitted,False,
APP21008,S11810,NextGen Systems,Recruiter B,Rejected,False,
APP21009,S11811,LogicLoop,Recruiter A,Interview,False,
APP21010,S11813,SecureStack,Recruiter A,Interview,False,
APP21011,S11814,CloudSprint,Recruiter D,Rejected,False,
APP21012,S11815,LogicLoop,Recruiter B,Interview,False,
APP21013,S11816,MarketMint,Recruiter E,Offer,False,4.518925647026782
APP21014,S11820,LogicLoop,Recruiter E,Submitted,False,
APP21015,S11821,SecureStack,Recruiter B,Interview,False,
APP21016,S11825,MarketMint,Recruiter H,Submitted,False,
APP21017,S11826,FinEdge,Recruiter F,Submitted,False,
APP21018,S11828,RetailPulse,Recruiter C,Submitted,False,
APP21019,S11829,FinEdge,Recruiter C,Submitted,False,
APP21020,S11834,InnoWorks,Recruiter D,Screening,False,
APP21021,S11837,CloudSprint,Recruiter A,Rejected,False,
APP21022,S11838,SecureStack,Recruiter C,Interview,False,
APP21023,S11839,LogicLoop,Recruiter H,Submitted,False,
APP21024,S11840,BuildRight,Recruiter D,Rejected,False,
APP21025,S11841,DataForge,Recruiter A,Submitted,False,
APP21026,S11842,CloudSprint,Recruiter E,Rejected,False,
APP21027,S11843,CloudSprint,Recruiter C,Screening,False,
APP21028,S11846,BuildRight,Recruiter A,Offer,False,6.70342064154996
APP21029,S11851,DataForge,Recruiter C,Rejected,False,
APP21030,S11852,HealthByte,Recruiter H,Submitted,False,
APP21031,S11853,MarketMint,Recruiter D,Screening,False,
APP21032,S11855,InnoWorks,Recruiter F,Interview,False,
APP21033,S11857,BuildRight,Recruiter C,Screening,False,
APP21034,S11858,SecureStack,Recruiter E,Rejected,False,
APP21035,S11859,TechNova,Recruiter C,Interview,False,
APP21036,S11860,FinEdge,Recruiter F,Submitted,False,
APP21037,S11861,RetailPulse,Recruiter E,Submitted,False,
APP21038,S11862,HealthByte,Recruiter E,Rejected,False,
APP21039,S11865,BuildRight,Recruiter F,Interview,False,
APP21040,S11866,RetailPulse,Recruiter B,Rejected,False,
APP21041,S11868,LogicLoop,Recruiter C,Submitted,False,
APP21042,S11869,SecureStack,Recruiter A,Offer,True,7.951123090389928
APP21043,S11871,TechNova,Recruiter D,Rejected,False,
APP21044,S11874,DataForge,Recruiter H,Interview,False,
APP21045,S11875,RetailPulse,Recruiter E,Screening,False,
APP21046,S11876,CloudSprint,Recruiter C,Screening,False,
APP21047,S11877,HealthByte,Recruiter E,Rejected,False,
APP21048,S11878,SecureStack,Recruiter G,Interview,False,
APP21049,S11879,HealthByte,Recruiter A,Interview,False,
APP21050,S11882,FinEdge,Recruiter D,Rejected,False,
APP21051,S11883,InnoWorks,Recruiter H,Interview,False,
APP21052,S11884,DataForge,Recruiter F,Screening,False,
APP21053,S11887,LogicLoop,Recruiter E,Screening,False,
APP21054,S11888,LogicLoop,Recruiter B,Submitted,False,
APP21055,S11889,MarketMint,Recruiter F,Rejected,False,
APP21056,S11892,InnoWorks,Recruiter E,Rejected,False,
APP21057,S11893,MarketMint,Recruiter F,Interview,False,
APP21058,S11895,TechNova,Recruiter A,Screening,False,
APP21059,S11897,DataForge,Recruiter D,Offer,True,7.552269735477671
APP21060,S11900,NextGen Systems,Recruiter F,Submitted,False,
APP21061,S11901,InnoWorks,Recruiter H,Screening,False,
APP21062,S11903,CloudSprint,Recruiter F,Screening,False,
APP21063,S11905,HealthByte,Recruiter D,Rejected,False,
APP21064,S11911,SecureStack,Recruiter C,Submitted,False,
APP21065,S11913,LogicLoop,Recruiter A,Offer,True,6.875045957939252
APP21066,S11918,FinEdge,Recruiter H,Interview,False,
APP21067,S11920,LogicLoop,Recruiter D,Rejected,False,
APP21068,S11921,InnoWorks,Recruiter C,Rejected,False,
APP21069,S11922,TechNova,Recruiter G,Screening,False,
APP21070,S11926,MarketMint,Recruiter C,Submitted,False,
APP21071,S11928,MarketMint,Recruiter F,Submitted,False,
APP21072,S11930,HealthByte,Recruiter G,Screening,False,
APP21073,S11931,DataForge,Recruiter G,Rejected,False,
APP21074,S11934,DataForge,Recruiter A,Interview,False,
APP21075,S11936,HealthByte,Recruiter F,Interview,False,
APP21076,S11937,InnoWorks,Recruiter C,Interview,False,
APP21077,S11943,RetailPulse,Recruiter H,Rejected,False,
APP21078,S11945,HealthByte,Recruiter F,Screening,False,
APP21079,S11946,RetailPulse,Recruiter E,Interview,False,
APP21080,S11951,LogicLoop,Recruiter D,Screening,False,
APP21081,S11956,TechNova,Recruiter D,Screening,False,
APP21082,S11957,CloudSprint,Recruiter G,Submitted,False,
APP21083,S11962,BuildRight,Recruiter F,Submitted,False,
APP21084,S11963,TechNova,Recruiter F,Submitted,False,
APP21085,S11964,InnoWorks,Recruiter D,Screening,False,
APP21086,S11965,SecureStack,Recruiter A,Submitted,False,
APP21087,S11966,BuildRight,Recruiter D,Submitted,False,
APP21088,S11967,MarketMint,Recruiter G,Submitted,False,
APP21089,S11968,InnoWorks,Recruiter E,Rejected,False,
APP21090,S11970,CloudSprint,Recruiter E,Screening,False,
APP21091,S11971,HealthByte,Recruiter A,Rejected,False,
APP21092,S11972,HealthByte,Recruiter C,Submitted,False,
APP21093,S11974,TechNova,Recruiter C,Interview,False,
APP21094,S11975,FinEdge,Recruiter B,Rejected,False,
APP21095,S11976,SecureStack,Recruiter F,Offer,True,7.827398986201025
APP21096,S11977,BuildRight,Recruiter E,Screening,False,
APP21097,S11978,NextGen Systems,Recruiter C,Screening,False,
APP21098,S11979,MarketMint,Recruiter F,Submitted,False,
APP21099,S11980,NextGen Systems,Recruiter F,Submitted,False,
APP21100,S11983,BuildRight,Recruiter C,Screening,False,
APP21101,S11984,TechNova,Recruiter C,Interview,False,
APP21102,S11986,HealthByte,Recruiter F,Rejected,False,
APP21103,S11992,CloudSprint,Recruiter B,Submitted,False,
APP21104,S11993,NextGen Systems,Recruiter B,Screening,False,
APP21105,S11996,MarketMint,Recruiter B,Submitted,False,
APP21106,S11997,NextGen Systems,Recruiter E,Interview,False,
APP21107,S11999,FinEdge,Recruiter C,Screening,False,
APP21108,S12005,HealthByte,Recruiter E,Screening,False,
APP21109,S12007,InnoWorks,Recruiter E,Rejected,False,
APP21110,S12008,TechNova,Recruiter G,Rejected,False,
APP21111,S12009,MarketMint,Recruiter E,Screening,False,
APP21112,S12010,RetailPulse,Recruiter D,Submitted,False,
APP21113,S12011,TechNova,Recruiter D,Rejected,False,
APP21114,S12012,BuildRight,Recruiter H,Submitted,False,
APP21115,S12013,LogicLoop,Recruiter B,Submitted,False,
APP21116,S12016,NextGen Systems,Recruiter D,Screening,False,
APP21117,S12018,BuildRight,Recruiter H,Submitted,False,
APP21118,S12019,InnoWorks,Recruiter H,Rejected,False,
APP21119,S12020,SecureStack,Recruiter E,Interview,False,
APP21120,S12023,TechNova,Recruiter G,Interview,False,
APP21121,S12024,RetailPulse,Recruiter H,Interview,False,
APP21122,S12027,CloudSprint,Recruiter B,Screening,False,
APP21123,S12028,LogicLoop,Recruiter H,Screening,False,
APP21124,S12030,FinEdge,Recruiter F,Screening,False,
APP21125,S12032,HealthByte,Recruiter A,Submitted,False,
APP21126,S12035,RetailPulse,Recruiter F,Submitted,False,
APP21127,S12038,DataForge,Recruiter E,Screening,False,
APP21128,S12039,NextGen Systems,Recruiter A,Submitted,False,
APP21129,S12041,HealthByte,Recruiter H,Interview,False,
APP21130,S12042,InnoWorks,Recruiter F,Offer,False,6.6630361453119
APP21131,S12043,BuildRight,Recruiter C,Submitted,False,
APP21132,S12044,CloudSprint,Recruiter D,Submitted,False,
APP21133,S12045,MarketMint,Recruiter C,Interview,False,
APP21134,S12046,RetailPulse,Recruiter H,Submitted,False,
APP21135,S12047,SecureStack,Recruiter E,Submitted,False,
APP21136,S12048,InnoWorks,Recruiter B,Rejected,False,
APP21137,S12050,HealthByte,Recruiter G,Rejected,False,
APP21138,S12052,HealthByte,Recruiter G,Offer,True,5.339975114808336
APP21139,S12054,LogicLoop,Recruiter B,Rejected,False,
APP21140,S12057,SecureStack,Recruiter F,Interview,False,
APP21141,S12058,BuildRight,Recruiter E,Interview,False,
APP21142,S12060,NextGen Systems,Recruiter A,Rejected,False,
APP21143,S12061,NextGen Systems,Recruiter A,Rejected,False,
APP21144,S12062,NextGen Systems,Recruiter H,Rejected,False,
APP21145,S12065,SecureStack,Recruiter G,Submitted,False,
APP21146,S12067,BuildRight,Recruiter B,Interview,False,
APP21147,S12068,MarketMint,Recruiter A,Offer,True,8.158049684729676
APP21148,S12071,CloudSprint,Recruiter C,Interview,False,
APP21149,S12072,TechNova,Recruiter B,Interview,False,
APP21150,S12075,HealthByte,Recruiter D,Rejected,False,
APP21151,S12077,CloudSprint,Recruiter G,Interview,False,
APP21152,S12079,SecureStack,Recruiter F,Rejected,False,
APP21153,S12083,LogicLoop,Recruiter D,Screening,False,
APP21154,S12084,TechNova,Recruiter H,Interview,False,
APP21155,S12086,FinEdge,Recruiter F,Submitted,False,
APP21156,S12088,InnoWorks,Recruiter A,Rejected,False,
APP21157,S12089,RetailPulse,Recruiter C,Rejected,False,
APP21158,S12090,DataForge,Recruiter D,Interview,False,
APP21159,S12091,TechNova,Recruiter E,Screening,False,
APP21160,S12092,DataForge,Recruiter G,Submitted,False,
APP21161,S12093,BuildRight,Recruiter F,Submitted,False,
APP21162,S12096,HealthByte,Recruiter A,Rejected,False,
APP21163,S12097,SecureStack,Recruiter B,Interview,False,
APP21164,S12098,FinEdge,Recruiter C,Rejected,False,
APP21165,S12101,RetailPulse,Recruiter G,Screening,False,
APP21166,S12103,FinEdge,Recruiter E,Interview,False,
APP21167,S12107,MarketMint,Recruiter E,Interview,False,
APP21168,S12108,NextGen Systems,Recruiter B,Rejected,False,
APP21169,S12110,BuildRight,Recruiter F,Submitted,False,
APP21170,S12111,DataForge,Recruiter B,Submitted,False,
APP21171,S12112,MarketMint,Recruiter F,Submitted,False,
APP21172,S12113,InnoWorks,Recruiter D,Submitted,False,
APP21173,S12115,BuildRight,Recruiter E,Rejected,False,
APP21174,S12116,NextGen Systems,Recruiter D,Submitted,False,
APP21175,S12117,MarketMint,Recruiter H,Submitted,False,
APP21176,S12118,BuildRight,Recruiter F,Screening,False,
APP21177,S12119,BuildRight,Recruiter B,Rejected,False,
APP21178,S12120,MarketMint,Recruiter G,Screening,False,
APP21179,S12121,SecureStack,Recruiter F,Rejected,False,
APP21180,S12122,TechNova,Recruiter B,Screening,False,
APP21181,S12123,BuildRight,Recruiter F,Screening,False,
APP21182,S12124,InnoWorks,Recruiter A,Screening,False,
APP21183,S12125,CloudSprint,Recruiter G,Screening,False,
APP21184,S12126,DataForge,Recruiter C,Screening,False,
APP21185,S12127,SecureStack,Recruiter B,Interview,False,
APP21186,S12128,TechNova,Recruiter E,Interview,False,
APP21187,S12129,FinEdge,Recruiter F,Rejected,False,
APP21188,S12131,FinEdge,Recruiter D,Submitted,False,
APP21189,S12133,CloudSprint,Recruiter C,Submitted,False,
APP21190,S12135,CloudSprint,Recruiter E,Screening,False,
APP21191,S12138,SecureStack,Recruiter D,Rejected,False,
APP21192,S12140,HealthByte,Recruiter C,Interview,False,
APP21193,S12141,LogicLoop,Recruiter A,Screening,False,
APP21194,S12142,HealthByte,Recruiter E,Interview,False,
APP21195,S12144,SecureStack,Recruiter H,Submitted,False,
APP21196,S12146,DataForge,Recruiter E,Submitted,False,
APP21197,S12147,BuildRight,Recruiter F,Interview,False,
APP21198,S12149,BuildRight,Recruiter D,Rejected,False,
APP21199,S12151,NextGen Systems,Recruiter E,Screening,False,
APP21200,S12154,BuildRight,Recruiter C,Rejected,False,
APP21201,S12157,FinEdge,Recruiter B,Submitted,False,
APP21202,S12159,TechNova,Recruiter H,Screening,False,
APP21203,S12160,SecureStack,Recruiter F,Interview,False,
APP21204,S12163,HealthByte,Recruiter F,Offer,False,8.174282334310803
APP21205,S12164,BuildRight,Recruiter F,Submitted,False,
APP21206,S12166,MarketMint,Recruiter D,Screening,False,
APP21207,S12167,InnoWorks,Recruiter E,Interview,False,
APP21208,S12168,InnoWorks,Recruiter E,Interview,False,
APP21209,S12169,MarketMint,Recruiter B,Screening,False,
APP21210,S12172,BuildRight,Recruiter B,Screening,False,
APP21211,S12175,RetailPulse,Recruiter B,Offer,False,6.510176880547715
APP21212,S12177,SecureStack,Recruiter A,Submitted,False,
APP21213,S12179,InnoWorks,Recruiter B,Rejected,False,
APP21214,S12182,MarketMint,Recruiter D,Screening,False,
APP21215,S12184,DataForge,Recruiter B,Submitted,False,
APP21216,S12185,NextGen Systems,Recruiter F,Screening,False,
APP21217,S12187,InnoWorks,Recruiter B,Interview,False,
APP21218,S12190,RetailPulse,Recruiter A,Rejected,False,
APP21219,S12191,BuildRight,Recruiter G,Rejected,False,
APP21220,S12192,SecureStack,Recruiter B,Rejected,False,
APP21221,S12195,CloudSprint,Recruiter A,Submitted,False,
APP21222,S12199,RetailPulse,Recruiter C,Offer,False,5.490383599800133
APP21223,S12200,InnoWorks,Recruiter F,Interview,False,
APP21224,S12201,BuildRight,Recruiter B,Interview,False,
APP21225,S12204,RetailPulse,Recruiter D,Submitted,False,
APP21226,S12207,TechNova,Recruiter F,Screening,False,
APP21227,S12209,DataForge,Recruiter E,Screening,False,
APP21228,S12210,BuildRight,Recruiter F,Rejected,False,
APP21229,S12212,DataForge,Recruiter D,Submitted,False,
APP21230,S12213,CloudSprint,Recruiter E,Submitted,False,
APP21231,S12215,InnoWorks,Recruiter A,Interview,False,
APP21232,S12217,FinEdge,Recruiter B,Submitted,False,
APP21233,S12219,TechNova,Recruiter H,Submitted,False,
APP21234,S12223,CloudSprint,Recruiter H,Interview,False,
APP21235,S12224,FinEdge,Recruiter E,Submitted,False,
APP21236,S12225,FinEdge,Recruiter H,Rejected,False,
APP21237,S12227,LogicLoop,Recruiter H,Offer,True,6.288347415905625
APP21238,S12229,RetailPulse,Recruiter E,Interview,False,
APP21239,S12232,FinEdge,Recruiter E,Submitted,False,
APP21240,S12233,BuildRight,Recruiter E,Rejected,False,
APP21241,S12235,RetailPulse,Recruiter E,Screening,False,
APP21242,S12237,MarketMint,Recruiter E,Screening,False,
APP21243,S12238,SecureStack,Recruiter G,Submitted,False,
APP21244,S12239,CloudSprint,Recruiter G,Interview,False,
APP21245,S12241,TechNova,Recruiter E,Interview,False,
APP21246,S12243,MarketMint,Recruiter B,Rejected,False,
APP21247,S12245,DataForge,Recruiter B,Rejected,False,
APP21248,S12247,NextGen Systems,Recruiter G,Rejected,False,
APP21249,S12248,CloudSprint,Recruiter H,Submitted,False,
APP21250,S12249,HealthByte,Recruiter H,Interview,False,
APP21251,S12251,NextGen Systems,Recruiter A,Submitted,False,
APP21252,S12252,MarketMint,Recruiter F,Interview,False,
APP21253,S12254,SecureStack,Recruiter B,Interview,False,
APP21254,S12256,BuildRight,Recruiter E,Rejected,False,
APP21255,S12257,NextGen Systems,Recruiter B,Screening,False,
APP21256,S12258,SecureStack,Recruiter D,Rejected,False,
APP21257,S12260,LogicLoop,Recruiter F,Submitted,False,
APP21258,S12261,FinEdge,Recruiter C,Screening,False,
APP21259,S12263,LogicLoop,Recruiter G,Submitted,False,
APP21260,S12265,MarketMint,Recruiter C,Interview,False,
APP21261,S12266,InnoWorks,Recruiter C,Submitted,False,
APP21262,S12267,HealthByte,Recruiter B,Submitted,False,
APP21263,S12268,HealthByte,Recruiter F,Interview,False,
APP21264,S12269,NextGen Systems,Recruiter H,Submitted,False,
APP21265,S12271,NextGen Systems,Recruiter D,Submitted,False,
APP21266,S12272,DataForge,Recruiter H,Rejected,False,
APP21267,S12278,BuildRight,Recruiter F,Screening,False,
APP21268,S12280,FinEdge,Recruiter F,Rejected,False,
APP21269,S12281,LogicLoop,Recruiter A,Interview,False,
APP21270,S12282,HealthByte,Recruiter A,Offer,False,7.4594179901730415
APP21271,S12283,NextGen Systems,Recruiter F,Interview,False,
APP21272,S12284,DataForge,Recruiter A,Rejected,False,
APP21273,S12285,LogicLoop,Recruiter H,Submitted,False,
APP21274,S12286,SecureStack,Recruiter C,Interview,False,
APP21275,S12287,HealthByte,Recruiter D,Interview,False,
APP21276,S12288,HealthByte,Recruiter F,Interview,False,
APP21277,S12289,HealthByte,Recruiter F,Interview,False,
APP21278,S12293,CloudSprint,Recruiter B,Rejected,False,
APP21279,S12295,HealthByte,Recruiter C,Submitted,False,
APP21280,S12301,BuildRight,Recruiter C,Submitted,False,
APP21281,S12302,TechNova,Recruiter B,Interview,False,
APP21282,S12303,TechNova,Recruiter A,Interview,False,
APP21283,S12305,InnoWorks,Recruiter D,Submitted,False,
APP21284,S12306,TechNova,Recruiter C,Submitted,False,
APP21285,S12308,TechNova,Recruiter H,Submitted,False,
APP21286,S12310,BuildRight,Recruiter C,Offer,True,8.933792816815137
APP21287,S12311,DataForge,Recruiter E,Rejected,False,
APP21288,S12312,MarketMint,Recruiter G,Interview,False,
APP21289,S12313,TechNova,Recruiter A,Rejected,False,
APP21290,S12314,FinEdge,Recruiter E,Screening,False,
APP21291,S12315,NextGen Systems,Recruiter E,Submitted,False,
APP21292,S12316,NextGen Systems,Recruiter C,Screening,False,
APP21293,S12317,SecureStack,Recruiter F,Interview,False,
APP21294,S12318,LogicLoop,Recruiter F,Screening,False,
APP21295,S12321,RetailPulse,Recruiter D,Offer,True,7.4271971552523395
APP21296,S12324,SecureStack,Recruiter D,Screening,False,
APP21297,S12325,CloudSprint,Recruiter G,Interview,False,
APP21298,S12327,DataForge,Recruiter E,Submitted,False,
APP21299,S12328,RetailPulse,Recruiter D,Screening,False,
APP21300,S12332,TechNova,Recruiter D,Screening,False,
APP21301,S12335,BuildRight,Recruiter F,Screening,False,
APP21302,S12336,DataForge,Recruiter D,Submitted,False,
APP21303,S12337,BuildRight,Recruiter E,Rejected,False,
APP21304,S12340,DataForge,Recruiter B,Screening,False,
APP21305,S12341,HealthByte,Recruiter B,Screening,False,
APP21306,S12343,FinEdge,Recruiter E,Screening,False,
APP21307,S12345,NextGen Systems,Recruiter H,Submitted,False,
APP21308,S12347,RetailPulse,Recruiter H,Submitted,False,
APP21309,S12349,TechNova,Recruiter B,Rejected,False,
APP21310,S12350,NextGen Systems,Recruiter C,Submitted,False,
APP21311,S12353,TechNova,Recruiter B,Rejected,False,
APP21312,S12354,HealthByte,Recruiter C,Submitted,False,
APP21313,S12356,MarketMint,Recruiter C,Screening,False,
APP21314,S12357,RetailPulse,Recruiter F,Screening,False,
APP21315,S12358,LogicLoop,Recruiter E,Offer,False,9.752637531779033
APP21316,S12359,BuildRight,Recruiter E,Submitted,False,
APP21317,S12361,InnoWorks,Recruiter G,Interview,False,
APP21318,S12365,RetailPulse,Recruiter C,Rejected,False,
APP21319,S12368,CloudSprint,Recruiter F,Screening,False,
APP21320,S12369,LogicLoop,Recruiter E,Rejected,False,
APP21321,S12370,DataForge,Recruiter B,Offer,False,11.349811272813762
APP21322,S12371,CloudSprint,Recruiter C,Offer,True,6.188658512214581
APP21323,S12374,InnoWorks,Recruiter B,Screening,False,
APP21324,S12377,LogicLoop,Recruiter E,Interview,False,
APP21325,S12378,DataForge,Recruiter B,Submitted,False,
APP21326,S12379,SecureStack,Recruiter G,Rejected,False,
APP21327,S12380,LogicLoop,Recruiter D,Screening,False,
APP21328,S12381,FinEdge,Recruiter G,Rejected,False,
APP21329,S12382,InnoWorks,Recruiter B,Screening,False,
APP21330,S12383,CloudSprint,Recruiter A,Interview,False,
APP21331,S12385,RetailPulse,Recruiter C,Screening,False,
APP21332,S12387,CloudSprint,Recruiter H,Offer,True,7.390286945377299
APP21333,S12388,BuildRight,Recruiter C,Submitted,False,
APP21334,S12389,CloudSprint,Recruiter D,Screening,False,
APP21335,S12390,BuildRight,Recruiter D,Submitted,False,
APP21336,S12392,NextGen Systems,Recruiter D,Submitted,False,
APP21337,S12393,MarketMint,Recruiter H,Offer,True,10.120098688113929
APP21338,S12394,FinEdge,Recruiter D,Submitted,False,
APP21339,S12395,MarketMint,Recruiter F,Offer,False,4.595198329063042
APP21340,S12396,MarketMint,Recruiter B,Screening,False,
APP21341,S10000,LogicLoop,Recruiter F,Rejected,False,
APP21342,S10005,NextGen Systems,Recruiter G,Interview,False,
APP21343,S10008,LogicLoop,Recruiter F,Submitted,False,
APP21344,S10009,FinEdge,Recruiter F,Screening,False,
APP21345,S10010,BuildRight,Recruiter E,Interview,False,
APP21346,S10012,InnoWorks,Recruiter F,Rejected,False,
APP21347,S10013,SecureStack,Recruiter H,Screening,False,
APP21348,S10014,LogicLoop,Recruiter D,Offer,False,7.1603006791398
APP21349,S10016,TechNova,Recruiter D,Rejected,False,
APP21350,S10019,FinEdge,Recruiter E,Rejected,False,
APP21351,S10021,LogicLoop,Recruiter B,Screening,False,
APP21352,S10022,CloudSprint,Recruiter C,Submitted,False,
APP21353,S10023,BuildRight,Recruiter B,Screening,False,
APP21354,S10024,BuildRight,Recruiter G,Screening,False,
APP21355,S10025,DataForge,Recruiter E,Submitted,False,
APP21356,S10028,CloudSprint,Recruiter G,Offer,False,8.706603457761977
APP21357,S10029,FinEdge,Recruiter D,Interview,False,
APP21358,S10031,HealthByte,Recruiter G,Rejected,False,
APP21359,S10032,TechNova,Recruiter E,Rejected,False,
APP21360,S10037,LogicLoop,Recruiter G,Interview,False,
APP21361,S10039,InnoWorks,Recruiter A,Submitted,False,
APP21362,S10042,NextGen Systems,Recruiter G,Screening,False,
APP21363,S10045,SecureStack,Recruiter G,Submitted,False,
APP21364,S10046,BuildRight,Recruiter E,Interview,False,
APP21365,S10050,SecureStack,Recruiter A,Submitted,False,
APP21366,S10051,BuildRight,Recruiter H,Submitted,False,
APP21367,S10052,InnoWorks,Recruiter B,Submitted,False,
APP21368,S10056,DataForge,Recruiter D,Screening,False,
APP21369,S10058,DataForge,Recruiter F,Rejected,False,
APP21370,S10059,SecureStack,Recruiter B,Rejected,False,
APP21371,S10061,TechNova,Recruiter B,Rejected,False,
APP21372,S10062,HealthByte,Recruiter E,Screening,False,
APP21373,S10063,FinEdge,Recruiter C,Rejected,False,
APP21374,S10064,RetailPulse,Recruiter D,Rejected,False,
APP21375,S10065,SecureStack,Recruiter G,Rejected,False,
APP21376,S10067,InnoWorks,Recruiter D,Rejected,False,
APP21377,S10068,NextGen Systems,Recruiter A,Submitted,False,
APP21378,S10069,HealthByte,Recruiter E,Interview,False,
APP21379,S10074,DataForge,Recruiter B,Screening,False,
APP21380,S10075,FinEdge,Recruiter C,Interview,False,
APP21381,S10076,HealthByte,Recruiter C,Rejected,False,
APP21382,S10077,MarketMint,Recruiter A,Rejected,False,
APP21383,S10078,RetailPulse,Recruiter C,Offer,False,10.704158412661222
APP21384,S10080,MarketMint,Recruiter H,Interview,False,
APP21385,S10081,CloudSprint,Recruiter E,Screening,False,
APP21386,S10084,CloudSprint,Recruiter C,Interview,False,
APP21387,S10085,TechNova,Recruiter G,Rejected,False,
APP21388,S10089,NextGen Systems,Recruiter H,Rejected,False,
APP21389,S10093,SecureStack,Recruiter C,Submitted,False,
APP21390,S10096,CloudSprint,Recruiter A,Screening,False,
APP21391,S10099,HealthByte,Recruiter A,Submitted,False,
APP21392,S10100,LogicLoop,Recruiter E,Submitted,False,
APP21393,S10102,CloudSprint,Recruiter E,Rejected,False,
APP21394,S10103,DataForge,Recruiter C,Interview,False,
APP21395,S10104,HealthByte,Recruiter G,Submitted,False,
APP21396,S10107,LogicLoop,Recruiter B,Submitted,False,
APP21397,S10108,MarketMint,Recruiter B,Submitted,False,
APP21398,S10109,DataForge,Recruiter D,Screening,False,
APP21399,S10110,SecureStack,Recruiter G,Submitted,False,
APP21400,S10111,FinEdge,Recruiter C,Rejected,False,
APP21401,S10112,SecureStack,Recruiter F,Submitted,False,
APP21402,S10113,FinEdge,Recruiter F,Interview,False,
APP21403,S10115,SecureStack,Recruiter G,Rejected,False,
APP21404,S10118,SecureStack,Recruiter C,Submitted,False,
APP21405,S10119,LogicLoop,Recruiter G,Interview,False,
APP21406,S10123,BuildRight,Recruiter A,Interview,False,
APP21407,S10129,CloudSprint,Recruiter A,Screening,False,
APP21408,S10130,MarketMint,Recruiter A,Submitted,False,
APP21409,S10131,HealthByte,Recruiter D,Screening,False,
APP21410,S10132,TechNova,Recruiter E,Rejected,False,
APP21411,S10133,NextGen Systems,Recruiter D,Interview,False,
APP21412,S10136,TechNova,Recruiter F,Rejected,False,
APP21413,S10137,TechNova,Recruiter B,Interview,False,
APP21414,S10139,BuildRight,Recruiter D,Interview,False,
APP21415,S10140,NextGen Systems,Recruiter A,Interview,False,
APP21416,S10144,TechNova,Recruiter A,Screening,False,
APP21417,S10145,SecureStack,Recruiter E,Rejected,False,
APP21418,S10147,RetailPulse,Recruiter C,Rejected,False,
APP21419,S10148,CloudSprint,Recruiter B,Screening,False,
APP21420,S10149,NextGen Systems,Recruiter F,Screening,False,
APP21421,S10152,DataForge,Recruiter E,Offer,True,7.873688192093973
APP21422,S10154,FinEdge,Recruiter H,Rejected,False,
APP21423,S10155,BuildRight,Recruiter G,Submitted,False,
APP21424,S10156,TechNova,Recruiter E,Submitted,False,
APP21425,S10157,FinEdge,Recruiter D,Interview,False,
APP21426,S10159,RetailPulse,Recruiter E,Submitted,False,
APP21427,S10160,DataForge,Recruiter G,Screening,False,
APP21428,S10162,LogicLoop,Recruiter A,Rejected,False,
APP21429,S10163,BuildRight,Recruiter G,Rejected,False,
APP21430,S10164,DataForge,Recruiter F,Offer,True,7.478628499177486
APP21431,S10167,HealthByte,Recruiter B,Interview,False,
APP21432,S10168,MarketMint,Recruiter B,Screening,False,
APP21433,S10169,DataForge,Recruiter G,Rejected,False,
APP21434,S10172,HealthByte,Recruiter H,Screening,False,
APP21435,S10173,BuildRight,Recruiter E,Submitted,False,
APP21436,S10175,LogicLoop,Recruiter D,Interview,False,
APP21437,S10179,LogicLoop,Recruiter D,Interview,False,
APP21438,S10181,SecureStack,Recruiter G,Interview,False,
APP21439,S10185,DataForge,Recruiter B,Screening,False,
APP21440,S10186,MarketMint,Recruiter H,Screening,False,
APP21441,S10187,DataForge,Recruiter B,Interview,False,
APP21442,S10188,TechNova,Recruiter A,Submitted,False,
APP21443,S10189,SecureStack,Recruiter G,Submitted,False,
APP21444,S10190,HealthByte,Recruiter H,Rejected,False,
APP21445,S10191,HealthByte,Recruiter G,Rejected,False,
APP21446,S10196,FinEdge,Recruiter H,Submitted,False,
APP21447,S10197,SecureStack,Recruiter E,Screening,False,
APP21448,S10198,BuildRight,Recruiter E,Screening,False,
APP21449,S10203,NextGen Systems,Recruiter D,Rejected,False,
APP21450,S10205,NextGen Systems,Recruiter A,Rejected,False,
APP21451,S10208,DataForge,Recruiter F,Interview,False,
APP21452,S10210,LogicLoop,Recruiter F,Submitted,False,
APP21453,S10211,HealthByte,Recruiter C,Interview,False,
APP21454,S10212,NextGen Systems,Recruiter C,Screening,False,
APP21455,S10214,SecureStack,Recruiter F,Submitted,False,
APP21456,S10215,DataForge,Recruiter G,Screening,False,
APP21457,S10217,FinEdge,Recruiter G,Screening,False,
APP21458,S10220,InnoWorks,Recruiter F,Screening,False,
APP21459,S10221,FinEdge,Recruiter D,Rejected,False,
APP21460,S10223,InnoWorks,Recruiter G,Screening,False,
APP21461,S10224,InnoWorks,Recruiter A,Interview,False,
APP21462,S10226,DataForge,Recruiter C,Rejected,False,
APP21463,S10227,MarketMint,Recruiter C,Screening,False,
APP21464,S10228,HealthByte,Recruiter C,Submitted,False,
APP21465,S10230,HealthByte,Recruiter B,Interview,False,
APP21466,S10237,InnoWorks,Recruiter B,Interview,False,
APP21467,S10238,NextGen Systems,Recruiter E,Submitted,False,
APP21468,S10240,SecureStack,Recruiter G,Rejected,False,
APP21469,S10241,BuildRight,Recruiter D,Interview,False,
APP21470,S10242,RetailPulse,Recruiter D,Screening,False,
APP21471,S10243,HealthByte,Recruiter A,Offer,True,9.70255308434201
APP21472,S10244,InnoWorks,Recruiter G,Offer,False,8.155510665680536
APP21473,S10245,InnoWorks,Recruiter B,Interview,False,
APP21474,S10247,FinEdge,Recruiter G,Screening,False,
APP21475,S10248,DataForge,Recruiter F,Submitted,False,
APP21476,S10249,SecureStack,Recruiter B,Screening,False,
APP21477,S10252,SecureStack,Recruiter F,Interview,False,
APP21478,S10255,RetailPulse,Recruiter D,Interview,False,
APP21479,S10256,NextGen Systems,Recruiter A,Rejected,False,
APP21480,S10257,InnoWorks,Recruiter C,Submitted,False,
APP21481,S10258,NextGen Systems,Recruiter E,Screening,False,
APP21482,S10263,InnoWorks,Recruiter H,Submitted,False,
APP21483,S10264,CloudSprint,Recruiter A,Interview,False,
APP21484,S10266,DataForge,Recruiter A,Submitted,False,
APP21485,S10271,TechNova,Recruiter E,Rejected,False,
APP21486,S10272,NextGen Systems,Recruiter G,Interview,False,
APP21487,S10273,MarketMint,Recruiter E,Screening,False,
APP21488,S10274,InnoWorks,Recruiter D,Submitted,False,
APP21489,S10275,NextGen Systems,Recruiter E,Interview,False,
APP21490,S10276,NextGen Systems,Recruiter A,Interview,False,
APP21491,S10277,BuildRight,Recruiter B,Rejected,False,
APP21492,S10278,InnoWorks,Recruiter B,Submitted,False,
APP21493,S10280,LogicLoop,Recruiter G,Submitted,False,
APP21494,S10281,TechNova,Recruiter F,Interview,False,
APP21495,S10282,LogicLoop,Recruiter G,Submitted,False,
APP21496,S10283,TechNova,Recruiter E,Rejected,False,
APP21497,S10284,CloudSprint,Recruiter H,Interview,False,
APP21498,S10285,BuildRight,Recruiter H,Submitted,False,
APP21499,S10286,MarketMint,Recruiter H,Rejected,False,
APP21500,S10287,TechNova,Recruiter D,Submitted,False,
APP21501,S10288,BuildRight,Recruiter B,Submitted,False,
APP21502,S10289,SecureStack,Recruiter F,Interview,False,
APP21503,S10295,DataForge,Recruiter E,Rejected,False,
APP21504,S10299,DataForge,Recruiter A,Screening,False,
APP21505,S10301,DataForge,Recruiter B,Rejected,False,
APP21506,S10305,HealthByte,Recruiter H,Offer,True,5.230917956111406
APP21507,S10306,TechNova,Recruiter H,Screening,False,
APP21508,S10307,DataForge,Recruiter C,Rejected,False,
APP21509,S10309,TechNova,Recruiter A,Offer,True,9.595047529231321
APP21510,S10310,FinEdge,Recruiter G,Screening,False,
APP21511,S10311,CloudSprint,Recruiter D,Submitted,False,
APP21512,S10314,InnoWorks,Recruiter A,Interview,False,
APP21513,S10316,InnoWorks,Recruiter D,Rejected,False,
APP21514,S10317,InnoWorks,Recruiter H,Rejected,False,
APP21515,S10320,MarketMint,Recruiter E,Interview,False,
APP21516,S10321,MarketMint,Recruiter H,Interview,False,
APP21517,S10326,SecureStack,Recruiter B,Interview,False,
APP21518,S10329,InnoWorks,Recruiter H,Offer,False,9.050497907840047
APP21519,S10330,LogicLoop,Recruiter H,Rejected,False,
APP21520,S10335,SecureStack,Recruiter A,Rejected,False,
APP21521,S10342,FinEdge,Recruiter A,Submitted,False,
APP21522,S10348,SecureStack,Recruiter F,Submitted,False,
APP21523,S10349,NextGen Systems,Recruiter B,Rejected,False,
APP21524,S10350,DataForge,Recruiter C,Rejected,False,
APP21525,S10352,BuildRight,Recruiter C,Interview,False,
APP21526,S10354,CloudSprint,Recruiter C,Submitted,False,
APP21527,S10357,HealthByte,Recruiter A,Offer,False,5.570633845052612
APP21528,S10359,LogicLoop,Recruiter G,Offer,True,8.479369764367876
APP21529,S10363,DataForge,Recruiter E,Screening,False,
APP21530,S10365,HealthByte,Recruiter F,Screening,False,
APP21531,S10366,MarketMint,Recruiter G,Rejected,False,
APP21532,S10367,BuildRight,Recruiter D,Interview,False,
APP21533,S10370,TechNova,Recruiter H,Submitted,False,
APP21534,S10371,RetailPulse,Recruiter H,Submitted,False,
APP21535,S10373,TechNova,Recruiter D,Rejected,False,
APP21536,S10374,LogicLoop,Recruiter G,Offer,False,7.453679048014461
APP21537,S10375,InnoWorks,Recruiter C,Offer,False,3.6152799605775594
APP21538,S10378,InnoWorks,Recruiter H,Submitted,False,
APP21539,S10383,InnoWorks,Recruiter H,Rejected,False,
APP21540,S10384,NextGen Systems,Recruiter D,Interview,False,
APP21541,S10385,NextGen Systems,Recruiter A,Submitted,False,
APP21542,S10389,InnoWorks,Recruiter H,Rejected,False,
APP21543,S10390,MarketMint,Recruiter A,Rejected,False,
APP21544,S10391,TechNova,Recruiter A,Interview,False,
APP21545,S10392,FinEdge,Recruiter A,Submitted,False,
APP21546,S10393,InnoWorks,Recruiter A,Screening,False,
APP21547,S10394,NextGen Systems,Recruiter G,Interview,False,
APP21548,S10396,CloudSprint,Recruiter D,Interview,False,
APP21549,S10398,SecureStack,Recruiter C,Screening,False,
APP21550,S10399,NextGen Systems,Recruiter H,Submitted,False,
APP21551,S10402,RetailPulse,Recruiter B,Rejected,False,
APP21552,S10403,MarketMint,Recruiter C,Rejected,False,
APP21553,S10405,NextGen Systems,Recruiter D,Screening,False,
APP21554,S10408,MarketMint,Recruiter E,Submitted,False,
APP21555,S10410,CloudSprint,Recruiter A,Screening,False,
APP21556,S10412,HealthByte,Recruiter D,Rejected,False,
APP21557,S10413,SecureStack,Recruiter H,Submitted,False,
APP21558,S10415,RetailPulse,Recruiter D,Submitted,False,
APP21559,S10417,LogicLoop,Recruiter F,Submitted,False,
APP21560,S10418,CloudSprint,Recruiter B,Offer,True,6.788786356566246
APP21561,S10420,TechNova,Recruiter A,Rejected,False,
APP21562,S10421,NextGen Systems,Recruiter F,Offer,True,6.161697973098338
APP21563,S10423,MarketMint,Recruiter B,Interview,False,
APP21564,S10424,CloudSprint,Recruiter D,Screening,False,
APP21565,S10426,SecureStack,Recruiter F,Submitted,False,
APP21566,S10427,CloudSprint,Recruiter A,Screening,False,
APP21567,S10428,BuildRight,Recruiter B,Screening,False,
APP21568,S10429,HealthByte,Recruiter B,Offer,False,8.655778487298754
APP21569,S10430,SecureStack,Recruiter F,Screening,False,
APP21570,S10431,CloudSprint,Recruiter F,Offer,False,9.650262845831184
APP21571,S10435,NextGen Systems,Recruiter F,Submitted,False,
APP21572,S10440,BuildRight,Recruiter A,Screening,False,
APP21573,S10446,NextGen Systems,Recruiter A,Rejected,False,
APP21574,S10447,FinEdge,Recruiter E,Interview,False,
APP21575,S10450,InnoWorks,Recruiter B,Rejected,False,
APP21576,S10457,MarketMint,Recruiter H,Interview,False,
APP21577,S10459,RetailPulse,Recruiter F,Rejected,False,
APP21578,S10462,BuildRight,Recruiter E,Rejected,False,
APP21579,S10464,InnoWorks,Recruiter F,Rejected,False,
APP21580,S10465,CloudSprint,Recruiter C,Screening,False,
APP21581,S10466,InnoWorks,Recruiter G,Rejected,False,
APP21582,S10467,BuildRight,Recruiter B,Rejected,False,
APP21583,S10468,CloudSprint,Recruiter F,Rejected,False,
APP21584,S10470,DataForge,Recruiter A,Offer,False,12.550468222688067
APP21585,S10473,TechNova,Recruiter E,Screening,False,
APP21586,S10474,CloudSprint,Recruiter G,Submitted,False,
APP21587,S10476,InnoWorks,Recruiter E,Submitted,False,
APP21588,S10477,CloudSprint,Recruiter E,Submitted,False,
APP21589,S10481,BuildRight,Recruiter H,Submitted,False,
APP21590,S10482,TechNova,Recruiter D,Interview,False,
APP21591,S10484,SecureStack,Recruiter D,Rejected,False,
APP21592,S10486,NextGen Systems,Recruiter C,Interview,False,
APP21593,S10487,RetailPulse,Recruiter G,Submitted,False,
APP21594,S10488,HealthByte,Recruiter D,Rejected,False,
APP21595,S10490,BuildRight,Recruiter G,Submitted,False,
APP21596,S10493,NextGen Systems,Recruiter F,Rejected,False,
APP21597,S10494,InnoWorks,Recruiter E,Rejected,False,
APP21598,S10495,BuildRight,Recruiter D,Screening,False,
APP21599,S10496,FinEdge,Recruiter C,Interview,False,
APP21600,S10497,RetailPulse,Recruiter D,Interview,False,
APP21601,S10498,FinEdge,Recruiter A,Rejected,False,
APP21602,S10500,BuildRight,Recruiter F,Submitted,False,
APP21603,S10503,TechNova,Recruiter C,Rejected,False,
APP21604,S10505,InnoWorks,Recruiter C,Interview,False,
APP21605,S10506,NextGen Systems,Recruiter C,Interview,False,
APP21606,S10507,CloudSprint,Recruiter E,Rejected,False,
APP21607,S10511,InnoWorks,Recruiter G,Interview,False,
APP21608,S10513,DataForge,Recruiter H,Interview,False,
APP21609,S10514,HealthByte,Recruiter F,Screening,False,
APP21610,S10515,SecureStack,Recruiter F,Submitted,False,
APP21611,S10516,FinEdge,Recruiter D,Rejected,False,
APP21612,S10517,FinEdge,Recruiter G,Screening,False,
APP21613,S10518,DataForge,Recruiter E,Rejected,False,
APP21614,S10519,HealthByte,Recruiter G,Offer,False,7.004017496996815
APP21615,S10527,SecureStack,Recruiter D,Interview,False,
APP21616,S10530,FinEdge,Recruiter A,Screening,False,
APP21617,S10531,CloudSprint,Recruiter D,Screening,False,
APP21618,S10532,FinEdge,Recruiter G,Rejected,False,
APP21619,S10533,SecureStack,Recruiter H,Submitted,False,
APP21620,S10535,LogicLoop,Recruiter A,Submitted,False,
APP21621,S10538,CloudSprint,Recruiter E,Submitted,False,
APP21622,S10539,NextGen Systems,Recruiter H,Submitted,False,
APP21623,S10540,InnoWorks,Recruiter F,Interview,False,
APP21624,S10545,InnoWorks,Recruiter E,Submitted,False,
APP21625,S10550,RetailPulse,Recruiter D,Offer,True,9.28163813527927
APP21626,S10551,TechNova,Recruiter A,Screening,False,
APP21627,S10552,TechNova,Recruiter H,Interview,False,
APP21628,S10554,MarketMint,Recruiter G,Rejected,False,
APP21629,S10557,MarketMint,Recruiter H,Rejected,False,
APP21630,S10558,TechNova,Recruiter F,Interview,False,
APP21631,S10559,NextGen Systems,Recruiter A,Rejected,False,
APP21632,S10561,TechNova,Recruiter G,Offer,True,5.6594767704591575
APP21633,S10562,HealthByte,Recruiter B,Interview,False,
APP21634,S10563,MarketMint,Recruiter H,Submitted,False,
APP21635,S10564,CloudSprint,Recruiter D,Interview,False,
APP21636,S10565,BuildRight,Recruiter C,Interview,False,
APP21637,S10566,InnoWorks,Recruiter C,Rejected,False,
APP21638,S10568,MarketMint,Recruiter A,Submitted,False,
APP21639,S10569,DataForge,Recruiter E,Submitted,False,
APP21640,S10570,DataForge,Recruiter F,Interview,False,
APP21641,S10571,SecureStack,Recruiter A,Submitted,False,
APP21642,S10572,SecureStack,Recruiter E,Interview,False,
APP21643,S10574,DataForge,Recruiter H,Submitted,False,
APP21644,S10575,TechNova,Recruiter G,Interview,False,
APP21645,S10576,CloudSprint,Recruiter A,Submitted,False,
APP21646,S10577,HealthByte,Recruiter B,Rejected,False,
APP21647,S10578,FinEdge,Recruiter B,Submitted,False,
APP21648,S10579,HealthByte,Recruiter H,Screening,False,
APP21649,S10580,SecureStack,Recruiter A,Rejected,False,
APP21650,S10582,HealthByte,Recruiter D,Screening,False,
APP21651,S10583,NextGen Systems,Recruiter E,Rejected,False,
APP21652,S10586,RetailPulse,Recruiter C,Screening,False,
APP21653,S10587,CloudSprint,Recruiter H,Rejected,False,
APP21654,S10588,BuildRight,Recruiter B,Rejected,False,
APP21655,S10589,RetailPulse,Recruiter C,Screening,False,
APP21656,S10590,HealthByte,Recruiter H,Rejected,False,
APP21657,S10594,FinEdge,Recruiter E,Offer,True,7.327555914366465
APP21658,S10595,LogicLoop,Recruiter A,Rejected,False,
APP21659,S10596,DataForge,Recruiter H,Interview,False,
APP21660,S10598,RetailPulse,Recruiter B,Submitted,False,
APP21661,S10599,SecureStack,Recruiter C,Rejected,False,
APP21662,S10600,TechNova,Recruiter F,Rejected,False,
APP21663,S10603,DataForge,Recruiter H,Submitted,False,
APP21664,S10606,MarketMint,Recruiter D,Submitted,False,
APP21665,S10607,FinEdge,Recruiter E,Rejected,False,
APP21666,S10609,CloudSprint,Recruiter C,Interview,False,
APP21667,S10610,DataForge,Recruiter E,Submitted,False,
APP21668,S10614,HealthByte,Recruiter F,Submitted,False,
APP21669,S10615,RetailPulse,Recruiter F,Rejected,False,
APP21670,S10616,LogicLoop,Recruiter A,Rejected,False,
APP21671,S10617,LogicLoop,Recruiter A,Interview,False,
APP21672,S10618,CloudSprint,Recruiter G,Interview,False,
APP21673,S10620,BuildRight,Recruiter A,Screening,False,
APP21674,S10624,RetailPulse,Recruiter B,Submitted,False,
APP21675,S10625,TechNova,Recruiter H,Rejected,False,
APP21676,S10627,MarketMint,Recruiter E,Interview,False,
APP21677,S10628,MarketMint,Recruiter E,Submitted,False,
APP21678,S10629,CloudSprint,Recruiter C,Offer,True,8.948884428356594
APP21679,S10631,NextGen Systems,Recruiter E,Interview,False,
APP21680,S10632,HealthByte,Recruiter D,Submitted,False,
APP21681,S10636,SecureStack,Recruiter D,Interview,False,
APP21682,S10637,LogicLoop,Recruiter C,Offer,True,7.922339159487402
APP21683,S10638,BuildRight,Recruiter H,Offer,False,7.7643972621132
APP21684,S10639,BuildRight,Recruiter H,Rejected,False,
APP21685,S10641,HealthByte,Recruiter C,Submitted,False,
APP21686,S10643,RetailPulse,Recruiter E,Screening,False,
APP21687,S10645,LogicLoop,Recruiter B,Interview,False,
APP21688,S10646,SecureStack,Recruiter E,Submitted,False,
APP21689,S10648,HealthByte,Recruiter C,Rejected,False,
APP21690,S10650,MarketMint,Recruiter G,Interview,False,
APP21691,S10651,FinEdge,Recruiter G,Screening,False,
APP21692,S10655,BuildRight,Recruiter C,Rejected,False,
APP21693,S10658,DataForge,Recruiter E,Interview,False,
APP21694,S10659,LogicLoop,Recruiter G,Interview,False,
APP21695,S10661,BuildRight,Recruiter H,Submitted,False,
APP21696,S10662,MarketMint,Recruiter G,Interview,False,
APP21697,S10663,LogicLoop,Recruiter B,Rejected,False,
APP21698,S10665,FinEdge,Recruiter D,Rejected,False,
APP21699,S10667,TechNova,Recruiter E,Submitted,False,
APP21700,S10669,SecureStack,Recruiter H,Offer,False,8.103926082528623
APP21701,S10670,InnoWorks,Recruiter E,Interview,False,
APP21702,S10675,RetailPulse,Recruiter H,Interview,False,
APP21703,S10676,InnoWorks,Recruiter G,Offer,False,9.677005247770934
APP21704,S10677,CloudSprint,Recruiter D,Screening,False,
APP21705,S10678,LogicLoop,Recruiter H,Submitted,False,
APP21706,S10679,HealthByte,Recruiter D,Submitted,False,
APP21707,S10683,DataForge,Recruiter D,Interview,False,
APP21708,S10685,NextGen Systems,Recruiter H,Offer,True,6.797661192756538
APP21709,S10686,NextGen Systems,Recruiter H,Offer,True,9.798553575456273
APP21710,S10688,TechNova,Recruiter A,Screening,False,
APP21711,S10691,SecureStack,Recruiter A,Submitted,False,
APP21712,S10692,HealthByte,Recruiter C,Screening,False,
APP21713,S10697,LogicLoop,Recruiter H,Submitted,False,
APP21714,S10698,BuildRight,Recruiter C,Screening,False,
APP21715,S10699,DataForge,Recruiter C,Rejected,False,
APP21716,S10700,CloudSprint,Recruiter B,Offer,True,5.249082271053812
APP21717,S10704,MarketMint,Recruiter F,Submitted,False,
APP21718,S10706,FinEdge,Recruiter H,Submitted,False,
APP21719,S10707,InnoWorks,Recruiter G,Screening,False,
APP21720,S10710,RetailPulse,Recruiter A,Screening,False,
APP21721,S10713,SecureStack,Recruiter G,Rejected,False,
APP21722,S10715,MarketMint,Recruiter H,Rejected,False,
APP21723,S10717,HealthByte,Recruiter F,Rejected,False,
APP21724,S10718,TechNova,Recruiter B,Submitted,False,
APP21725,S10720,BuildRight,Recruiter E,Interview,False,
APP21726,S10721,RetailPulse,Recruiter B,Rejected,False,
APP21727,S10728,TechNova,Recruiter C,Screening,False,
APP21728,S10729,FinEdge,Recruiter E,Submitted,False,
APP21729,S10730,NextGen Systems,Recruiter F,Interview,False,
APP21730,S10735,BuildRight,Recruiter E,Rejected,False,
APP21731,S10736,CloudSprint,Recruiter D,Rejected,False,
APP21732,S10738,LogicLoop,Recruiter H,Submitted,False,
APP21733,S10739,LogicLoop,Recruiter H,Submitted,False,
APP21734,S10740,LogicLoop,Recruiter E,Screening,False,
APP21735,S10742,HealthByte,Recruiter A,Screening,False,
APP21736,S10743,FinEdge,Recruiter H,Submitted,False,
APP21737,S10744,InnoWorks,Recruiter B,Rejected,False,
APP21738,S10746,RetailPulse,Recruiter A,Submitted,False,
APP21739,S10751,LogicLoop,Recruiter F,Rejected,False,
APP21740,S10753,RetailPulse,Recruiter C,Offer,False,8.208940789879659
APP21741,S10754,TechNova,Recruiter F,Submitted,False,
APP21742,S10755,DataForge,Recruiter D,Screening,False,
APP21743,S10758,NextGen Systems,Recruiter A,Screening,False,
APP21744,S10760,FinEdge,Recruiter G,Interview,False,
APP21745,S10761,CloudSprint,Recruiter F,Rejected,False,
APP21746,S10762,HealthByte,Recruiter E,Interview,False,
APP21747,S10763,HealthByte,Recruiter G,Screening,False,
APP21748,S10765,BuildRight,Recruiter B,Offer,True,8.457634939603665
APP21749,S10768,DataForge,Recruiter A,Offer,True,9.588046996679987
APP21750,S10770,NextGen Systems,Recruiter A,Submitted,False,
APP21751,S10777,CloudSprint,Recruiter A,Rejected,False,
APP21752,S10778,DataForge,Recruiter D,Submitted,False,
APP21753,S10779,MarketMint,Recruiter H,Interview,False,
APP21754,S10781,BuildRight,Recruiter F,Submitted,False,
APP21755,S10784,SecureStack,Recruiter H,Submitted,False,
APP21756,S10788,HealthByte,Recruiter C,Screening,False,
APP21757,S10790,RetailPulse,Recruiter F,Offer,True,8.252667092813844
APP21758,S10791,FinEdge,Recruiter A,Interview,False,
APP21759,S10793,TechNova,Recruiter A,Rejected,False,
APP21760,S10794,CloudSprint,Recruiter C,Submitted,False,
APP21761,S10795,InnoWorks,Recruiter B,Interview,False,
APP21762,S10796,CloudSprint,Recruiter A,Screening,False,
APP21763,S10797,MarketMint,Recruiter E,Interview,False,
APP21764,S10798,InnoWorks,Recruiter D,Screening,False,
APP21765,S10799,TechNova,Recruiter E,Submitted,False,
APP21766,S10801,SecureStack,Recruiter E,Screening,False,
APP21767,S10802,TechNova,Recruiter D,Interview,False,
APP21768,S10803,TechNova,Recruiter H,Rejected,False,
APP21769,S10805,DataForge,Recruiter G,Screening,False,
APP21770,S10807,InnoWorks,Recruiter B,Screening,False,
APP21771,S10808,DataForge,Recruiter E,Screening,False,
APP21772,S10809,MarketMint,Recruiter E,Interview,False,
APP21773,S10811,TechNova,Recruiter G,Submitted,False,
APP21774,S10815,DataForge,Recruiter G,Interview,False,
APP21775,S10817,LogicLoop,Recruiter C,Offer,True,10.116373581829574
APP21776,S10820,FinEdge,Recruiter F,Submitted,False,
APP21777,S10821,RetailPulse,Recruiter E,Screening,False,
APP21778,S10822,HealthByte,Recruiter A,Screening,False,
APP21779,S10828,CloudSprint,Recruiter C,Submitted,False,
APP21780,S10829,FinEdge,Recruiter H,Rejected,False,
APP21781,S10832,RetailPulse,Recruiter E,Submitted,False,
APP21782,S10833,RetailPulse,Recruiter D,Interview,False,
APP21783,S10834,NextGen Systems,Recruiter F,Interview,False,
APP21784,S10835,BuildRight,Recruiter F,Interview,False,
APP21785,S10836,DataForge,Recruiter B,Offer,True,7.268874094580602
APP21786,S10837,DataForge,Recruiter D,Offer,False,8.04052900499601
APP21787,S10840,InnoWorks,Recruiter H,Rejected,False,
APP21788,S10842,LogicLoop,Recruiter G,Rejected,False,
APP21789,S10844,FinEdge,Recruiter D,Rejected,False,
APP21790,S10850,TechNova,Recruiter B,Submitted,False,
APP21791,S10852,HealthByte,Recruiter C,Rejected,False,
APP21792,S10854,LogicLoop,Recruiter E,Interview,False,
APP21793,S10855,RetailPulse,Recruiter F,Screening,False,
APP21794,S10858,FinEdge,Recruiter H,Submitted,False,
APP21795,S10859,LogicLoop,Recruiter D,Interview,False,
APP21796,S10861,SecureStack,Recruiter E,Screening,False,
APP21797,S10862,RetailPulse,Recruiter G,Submitted,False,
APP21798,S10863,RetailPulse,Recruiter F,Interview,False,
APP21799,S10865,HealthByte,Recruiter D,Rejected,False,
APP21800,S10866,BuildRight,Recruiter A,Offer,False,7.893181971626913
APP21801,S10867,LogicLoop,Recruiter D,Screening,False,
APP21802,S10868,RetailPulse,Recruiter D,Submitted,False,
APP21803,S10869,InnoWorks,Recruiter A,Rejected,False,
APP21804,S10870,LogicLoop,Recruiter G,Submitted,False,
APP21805,S10871,HealthByte,Recruiter E,Rejected,False,
APP21806,S10872,MarketMint,Recruiter A,Submitted,False,
APP21807,S10875,SecureStack,Recruiter C,Offer,False,10.397480806137755
APP21808,S10877,InnoWorks,Recruiter H,Interview,False,
APP21809,S10879,SecureStack,Recruiter F,Screening,False,
APP21810,S10880,MarketMint,Recruiter G,Interview,False,
APP21811,S10881,LogicLoop,Recruiter D,Interview,False,
APP21812,S10883,LogicLoop,Recruiter G,Offer,True,7.259968493375932
APP21813,S10885,FinEdge,Recruiter B,Submitted,False,
APP21814,S10889,MarketMint,Recruiter D,Interview,False,
APP21815,S10890,TechNova,Recruiter B,Interview,False,
APP21816,S10891,MarketMint,Recruiter A,Submitted,False,
APP21817,S10895,TechNova,Recruiter D,Submitted,False,
APP21818,S10898,MarketMint,Recruiter E,Rejected,False,
APP21819,S10899,RetailPulse,Recruiter F,Rejected,False,
APP21820,S10903,MarketMint,Recruiter A,Screening,False,
APP21821,S10904,DataForge,Recruiter B,Submitted,False,
APP21822,S10907,HealthByte,Recruiter B,Offer,False,7.295590930582674
APP21823,S10912,TechNova,Recruiter H,Interview,False,
APP21824,S10913,MarketMint,Recruiter E,Submitted,False,
APP21825,S10914,TechNova,Recruiter A,Screening,False,
APP21826,S10916,InnoWorks,Recruiter D,Submitted,False,
APP21827,S10917,InnoWorks,Recruiter A,Screening,False,
APP21828,S10919,MarketMint,Recruiter D,Screening,False,
APP21829,S10921,TechNova,Recruiter A,Interview,False,
APP21830,S10924,BuildRight,Recruiter A,Screening,False,
APP21831,S10925,InnoWorks,Recruiter G,Offer,True,9.407588866091178
APP21832,S10927,TechNova,Recruiter D,Screening,False,
APP21833,S10928,InnoWorks,Recruiter G,Offer,False,7.910160738722772
APP21834,S10929,SecureStack,Recruiter F,Submitted,False,
APP21835,S10931,HealthByte,Recruiter C,Interview,False,
APP21836,S10932,TechNova,Recruiter C,Submitted,False,
APP21837,S10938,InnoWorks,Recruiter D,Rejected,False,
APP21838,S10939,InnoWorks,Recruiter C,Screening,False,
APP21839,S10940,SecureStack,Recruiter B,Offer,True,9.722320299370402
APP21840,S10941,InnoWorks,Recruiter C,Interview,False,
APP21841,S10942,LogicLoop,Recruiter F,Submitted,False,
APP21842,S10943,InnoWorks,Recruiter D,Rejected,False,
APP21843,S10946,HealthByte,Recruiter D,Rejected,False,
APP21844,S10947,CloudSprint,Recruiter D,Submitted,False,
APP21845,S10948,MarketMint,Recruiter G,Submitted,False,
APP21846,S10949,CloudSprint,Recruiter C,Rejected,False,
APP21847,S10951,SecureStack,Recruiter D,Offer,True,12.961616816156173
APP21848,S10952,InnoWorks,Recruiter F,Interview,False,
APP21849,S10954,TechNova,Recruiter B,Submitted,False,
APP21850,S10957,RetailPulse,Recruiter G,Submitted,False,
APP21851,S10958,CloudSprint,Recruiter B,Interview,False,
APP21852,S10961,NextGen Systems,Recruiter A,Rejected,False,
APP21853,S10962,TechNova,Recruiter B,Screening,False,
APP21854,S10963,SecureStack,Recruiter A,Interview,False,
APP21855,S10964,TechNova,Recruiter A,Offer,False,9.797413736598841
APP21856,S10965,RetailPulse,Recruiter B,Rejected,False,
APP21857,S10966,FinEdge,Recruiter B,Screening,False,
APP21858,S10968,BuildRight,Recruiter A,Offer,False,8.727722556938573
APP21859,S10970,CloudSprint,Recruiter F,Submitted,False,
APP21860,S10971,InnoWorks,Recruiter F,Rejected,False,
APP21861,S10974,NextGen Systems,Recruiter C,Screening,False,
APP21862,S10979,LogicLoop,Recruiter G,Interview,False,
APP21863,S10980,CloudSprint,Recruiter A,Submitted,False,
APP21864,S10982,TechNova,Recruiter E,Submitted,False,
APP21865,S10983,DataForge,Recruiter G,Submitted,False,
APP21866,S10985,FinEdge,Recruiter F,Rejected,False,
APP21867,S10989,FinEdge,Recruiter D,Screening,False,
APP21868,S10990,RetailPulse,Recruiter C,Submitted,False,
APP21869,S10992,MarketMint,Recruiter A,Submitted,False,
APP21870,S10993,DataForge,Recruiter G,Rejected,False,
APP21871,S10996,MarketMint,Recruiter D,Screening,False,
APP21872,S10997,HealthByte,Recruiter C,Screening,False,
APP21873,S10998,DataForge,Recruiter C,Rejected,False,
APP21874,S10999,RetailPulse,Recruiter F,Rejected,False,
APP21875,S11001,SecureStack,Recruiter D,Submitted,False,
APP21876,S11003,InnoWorks,Recruiter A,Submitted,False,
APP21877,S11005,NextGen Systems,Recruiter G,Screening,False,
APP21878,S11006,InnoWorks,Recruiter E,Screening,False,
APP21879,S11007,CloudSprint,Recruiter B,Interview,False,
APP21880,S11008,CloudSprint,Recruiter A,Offer,False,8.30824282990314
APP21881,S11009,CloudSprint,Recruiter B,Submitted,False,
APP21882,S11010,InnoWorks,Recruiter C,Submitted,False,
APP21883,S11013,FinEdge,Recruiter H,Rejected,False,
APP21884,S11016,BuildRight,Recruiter H,Interview,False,
APP21885,S11018,MarketMint,Recruiter F,Rejected,False,
APP21886,S11021,CloudSprint,Recruiter G,Screening,False,
APP21887,S11022,InnoWorks,Recruiter C,Submitted,False,
APP21888,S11025,DataForge,Recruiter B,Interview,False,
APP21889,S11027,MarketMint,Recruiter A,Offer,True,7.902961524094768
APP21890,S11028,TechNova,Recruiter B,Interview,False,
APP21891,S11029,FinEdge,Recruiter A,Submitted,False,
APP21892,S11030,BuildRight,Recruiter D,Interview,False,
APP21893,S11031,BuildRight,Recruiter B,Rejected,False,
APP21894,S11034,CloudSprint,Recruiter A,Submitted,False,
APP21895,S11037,InnoWorks,Recruiter F,Submitted,False,
APP21896,S11038,FinEdge,Recruiter F,Screening,False,
APP21897,S11040,LogicLoop,Recruiter B,Submitted,False,
APP21898,S11042,FinEdge,Recruiter D,Rejected,False,
APP21899,S11043,DataForge,Recruiter C,Rejected,False,
APP21900,S11044,BuildRight,Recruiter E,Submitted,False,
APP21901,S11045,CloudSprint,Recruiter C,Screening,False,
APP21902,S11048,DataForge,Recruiter H,Rejected,False,
APP21903,S11050,MarketMint,Recruiter F,Interview,False,
APP21904,S11052,DataForge,Recruiter D,Offer,True,5.5909856823182045
APP21905,S11054,TechNova,Recruiter F,Interview,False,
APP21906,S11057,NextGen Systems,Recruiter C,Screening,False,
APP21907,S11058,NextGen Systems,Recruiter H,Submitted,False,
APP21908,S11059,LogicLoop,Recruiter A,Rejected,False,
APP21909,S11062,TechNova,Recruiter H,Screening,False,
APP21910,S11064,FinEdge,Recruiter A,Submitted,False,
APP21911,S11066,NextGen Systems,Recruiter E,Rejected,False,
APP21912,S11067,NextGen Systems,Recruiter E,Submitted,False,
APP21913,S11070,MarketMint,Recruiter F,Interview,False,
APP21914,S11074,TechNova,Recruiter C,Rejected,False,
APP21915,S11076,NextGen Systems,Recruiter F,Interview,False,
APP21916,S11078,NextGen Systems,Recruiter B,Interview,False,
APP21917,S11080,RetailPulse,Recruiter A,Interview,False,
APP21918,S11081,FinEdge,Recruiter D,Screening,False,
APP21919,S11082,DataForge,Recruiter G,Screening,False,
APP21920,S11086,HealthByte,Recruiter H,Screening,False,
APP21921,S11087,FinEdge,Recruiter A,Submitted,False,
APP21922,S11088,HealthByte,Recruiter A,Rejected,False,
APP21923,S11090,DataForge,Recruiter E,Rejected,False,
APP21924,S11100,TechNova,Recruiter E,Screening,False,
APP21925,S11101,RetailPulse,Recruiter F,Rejected,False,
APP21926,S11103,DataForge,Recruiter C,Submitted,False,
APP21927,S11105,RetailPulse,Recruiter C,Submitted,False,
APP21928,S11106,LogicLoop,Recruiter G,Rejected,False,
APP21929,S11108,DataForge,Recruiter G,Offer,False,10.990007562813844
APP21930,S11111,RetailPulse,Recruiter A,Rejected,False,
APP21931,S11112,SecureStack,Recruiter B,Interview,False,
APP21932,S11114,FinEdge,Recruiter G,Screening,False,
APP21933,S11115,TechNova,Recruiter G,Rejected,False,
APP21934,S11116,CloudSprint,Recruiter H,Interview,False,
APP21935,S11119,LogicLoop,Recruiter F,Interview,False,
APP21936,S11121,InnoWorks,Recruiter F,Submitted,False,
APP21937,S11126,NextGen Systems,Recruiter A,Submitted,False,
APP21938,S11128,FinEdge,Recruiter F,Offer,False,7.602307964359027
APP21939,S11129,FinEdge,Recruiter B,Submitted,False,
APP21940,S11130,SecureStack,Recruiter D,Submitted,False,
APP21941,S11132,RetailPulse,Recruiter F,Submitted,False,
APP21942,S11135,InnoWorks,Recruiter H,Rejected,False,
APP21943,S11136,CloudSprint,Recruiter A,Rejected,False,
APP21944,S11137,BuildRight,Recruiter B,Submitted,False,
APP21945,S11138,InnoWorks,Recruiter D,Submitted,False,
APP21946,S11140,NextGen Systems,Recruiter B,Interview,False,
APP21947,S11141,MarketMint,Recruiter H,Screening,False,
APP21948,S11143,MarketMint,Recruiter H,Submitted,False,
APP21949,S11144,TechNova,Recruiter D,Rejected,False,
APP21950,S11145,TechNova,Recruiter D,Offer,True,8.903131632820367
APP21951,S11146,InnoWorks,Recruiter B,Interview,False,
APP21952,S11148,FinEdge,Recruiter D,Submitted,False,
APP21953,S11149,MarketMint,Recruiter H,Submitted,False,
APP21954,S11150,SecureStack,Recruiter H,Submitted,False,
APP21955,S11151,DataForge,Recruiter F,Submitted,False,
APP21956,S11153,RetailPulse,Recruiter B,Interview,False,
APP21957,S11155,FinEdge,Recruiter E,Submitted,False,
APP21958,S11159,TechNova,Recruiter C,Submitted,False,
APP21959,S11162,SecureStack,Recruiter A,Rejected,False,
APP21960,S11166,RetailPulse,Recruiter A,Submitted,False,
APP21961,S11168,TechNova,Recruiter A,Screening,False,
APP21962,S11169,RetailPulse,Recruiter A,Submitted,False,
APP21963,S11171,RetailPulse,Recruiter F,Submitted,False,
APP21964,S11173,InnoWorks,Recruiter D,Rejected,False,
APP21965,S11177,CloudSprint,Recruiter B,Rejected,False,
APP21966,S11178,DataForge,Recruiter G,Rejected,False,
APP21967,S11180,MarketMint,Recruiter G,Submitted,False,
APP21968,S11181,CloudSprint,Recruiter A,Rejected,False,
APP21969,S11182,SecureStack,Recruiter F,Rejected,False,
APP21970,S11183,TechNova,Recruiter B,Rejected,False,
APP21971,S11186,RetailPulse,Recruiter E,Interview,False,
APP21972,S11187,FinEdge,Recruiter B,Rejected,False,
APP21973,S11188,BuildRight,Recruiter F,Offer,True,5.277056879497704
APP21974,S11190,TechNova,Recruiter H,Submitted,False,
APP21975,S11192,RetailPulse,Recruiter H,Submitted,False,
APP21976,S11194,LogicLoop,Recruiter E,Screening,False,
APP21977,S11195,MarketMint,Recruiter B,Offer,True,10.34710941224006
APP21978,S11196,RetailPulse,Recruiter C,Screening,False,
APP21979,S11197,NextGen Systems,Recruiter A,Screening,False,
APP21980,S11198,HealthByte,Recruiter A,Interview,False,
APP21981,S11199,LogicLoop,Recruiter B,Screening,False,
APP21982,S11200,TechNova,Recruiter H,Submitted,False,
APP21983,S11201,RetailPulse,Recruiter E,Rejected,False,
APP21984,S11203,SecureStack,Recruiter E,Interview,False,
APP21985,S11204,BuildRight,Recruiter G,Rejected,False,
APP21986,S11206,HealthByte,Recruiter E,Rejected,False,
APP21987,S11208,DataForge,Recruiter F,Rejected,False,
APP21988,S11209,DataForge,Recruiter E,Interview,False,
APP21989,S11210,BuildRight,Recruiter F,Submitted,False,
APP21990,S11211,LogicLoop,Recruiter F,Rejected,False,
APP21991,S11212,FinEdge,Recruiter D,Interview,False,
APP21992,S11213,LogicLoop,Recruiter E,Rejected,False,
APP21993,S11214,LogicLoop,Recruiter H,Rejected,False,
APP21994,S11215,MarketMint,Recruiter H,Interview,False,
APP21995,S11217,FinEdge,Recruiter E,Screening,False,
APP21996,S11221,FinEdge,Recruiter G,Submitted,False,
APP21997,S11222,CloudSprint,Recruiter E,Rejected,False,
APP21998,S11224,LogicLoop,Recruiter H,Offer,True,8.611867479045172
APP21999,S11225,RetailPulse,Recruiter A,Screening,False,
APP22000,S11226,RetailPulse,Recruiter F,Rejected,False,
APP22001,S11228,HealthByte,Recruiter G,Submitted,False,
APP22002,S11229,NextGen Systems,Recruiter G,Submitted,False,
APP22003,S11230,FinEdge,Recruiter G,Submitted,False,
APP22004,S11231,HealthByte,Recruiter A,Rejected,False,
APP22005,S11233,HealthByte,Recruiter G,Interview,False,
APP22006,S11236,NextGen Systems,Recruiter E,Interview,False,
APP22007,S11237,BuildRight,Recruiter B,Rejected,False,
APP22008,S11238,MarketMint,Recruiter B,Screening,False,
APP22009,S11240,NextGen Systems,Recruiter H,Submitted,False,
APP22010,S11242,SecureStack,Recruiter H,Interview,False,
APP22011,S11244,TechNova,Recruiter E,Submitted,False,
APP22012,S11245,RetailPulse,Recruiter B,Interview,False,
APP22013,S11248,NextGen Systems,Recruiter E,Rejected,False,
APP22014,S11250,HealthByte,Recruiter A,Screening,False,
APP22015,S11251,SecureStack,Recruiter F,Submitted,False,
APP22016,S11253,FinEdge,Recruiter C,Submitted,False,
APP22017,S11257,HealthByte,Recruiter E,Rejected,False,
APP22018,S11261,NextGen Systems,Recruiter A,Submitted,False,
APP22019,S11263,BuildRight,Recruiter G,Submitted,False,
APP22020,S11264,RetailPulse,Recruiter E,Screening,False,
APP22021,S11265,NextGen Systems,Recruiter B,Submitted,False,
APP22022,S11268,LogicLoop,Recruiter F,Interview,False,
APP22023,S11270,NextGen Systems,Recruiter F,Screening,False,
APP22024,S11271,CloudSprint,Recruiter E,Rejected,False,
APP22025,S11273,LogicLoop,Recruiter C,Submitted,False,
APP22026,S11276,BuildRight,Recruiter C,Interview,False,
APP22027,S11278,RetailPulse,Recruiter E,Screening,False,
APP22028,S11280,TechNova,Recruiter G,Submitted,False,
APP22029,S11281,MarketMint,Recruiter D,Rejected,False,
APP22030,S11282,DataForge,Recruiter A,Offer,True,8.141793752203194
APP22031,S11283,DataForge,Recruiter E,Interview,False,
APP22032,S11284,SecureStack,Recruiter C,Submitted,False,
APP22033,S11286,DataForge,Recruiter H,Screening,False,
APP22034,S11288,TechNova,Recruiter B,Rejected,False,
APP22035,S11290,InnoWorks,Recruiter E,Submitted,False,
APP22036,S11292,MarketMint,Recruiter E,Rejected,False,
APP22037,S11293,TechNova,Recruiter E,Interview,False,
APP22038,S11295,HealthByte,Recruiter H,Submitted,False,
APP22039,S11296,FinEdge,Recruiter G,Screening,False,
APP22040,S11297,LogicLoop,Recruiter G,Rejected,False,
APP22041,S11298,LogicLoop,Recruiter E,Interview,False,
APP22042,S11299,InnoWorks,Recruiter C,Submitted,False,
APP22043,S11301,BuildRight,Recruiter G,Interview,False,
APP22044,S11304,NextGen Systems,Recruiter H,Screening,False,
APP22045,S11305,RetailPulse,Recruiter G,Screening,False,
APP22046,S11306,FinEdge,Recruiter B,Rejected,False,
APP22047,S11310,FinEdge,Recruiter B,Rejected,False,
APP22048,S11311,FinEdge,Recruiter A,Interview,False,
APP22049,S11312,MarketMint,Recruiter E,Interview,False,
APP22050,S11316,InnoWorks,Recruiter F,Screening,False,
APP22051,S11319,InnoWorks,Recruiter F,Rejected,False,
APP22052,S11320,RetailPulse,Recruiter A,Screening,False,
APP22053,S11322,NextGen Systems,Recruiter B,Interview,False,
APP22054,S11325,HealthByte,Recruiter H,Rejected,False,
APP22055,S11328,LogicLoop,Recruiter G,Screening,False,
APP22056,S11329,NextGen Systems,Recruiter F,Interview,False,
APP22057,S11330,BuildRight,Recruiter B,Interview,False,
APP22058,S11331,DataForge,Recruiter H,Screening,False,
APP22059,S11332,TechNova,Recruiter A,Submitted,False,
APP22060,S11333,RetailPulse,Recruiter A,Rejected,False,
APP22061,S11334,HealthByte,Recruiter C,Rejected,False,
APP22062,S11335,InnoWorks,Recruiter G,Interview,False,
APP22063,S11336,BuildRight,Recruiter E,Rejected,False,
APP22064,S11339,DataForge,Recruiter B,Rejected,False,
APP22065,S11341,MarketMint,Recruiter G,Submitted,False,
APP22066,S11342,LogicLoop,Recruiter C,Interview,False,
APP22067,S11343,RetailPulse,Recruiter E,Submitted,False,
APP22068,S11345,InnoWorks,Recruiter C,Interview,False,
APP22069,S11348,NextGen Systems,Recruiter G,Screening,False,
APP22070,S11349,BuildRight,Recruiter B,Screening,False,
APP22071,S11351,RetailPulse,Recruiter D,Submitted,False,
APP22072,S11352,HealthByte,Recruiter G,Screening,False,
APP22073,S11354,SecureStack,Recruiter G,Rejected,False,
APP22074,S11355,InnoWorks,Recruiter A,Screening,False,
APP22075,S11356,BuildRight,Recruiter F,Rejected,False,
APP22076,S11357,SecureStack,Recruiter H,Rejected,False,
APP22077,S11359,DataForge,Recruiter E,Rejected,False,
APP22078,S11361,FinEdge,Recruiter E,Screening,False,
APP22079,S11364,SecureStack,Recruiter A,Submitted,False,
APP22080,S11365,TechNova,Recruiter G,Rejected,False,
APP22081,S11366,SecureStack,Recruiter B,Interview,False,
APP22082,S11368,CloudSprint,Recruiter B,Rejected,False,
APP22083,S11369,TechNova,Recruiter H,Submitted,False,
APP22084,S11371,DataForge,Recruiter E,Rejected,False,
APP22085,S11372,RetailPulse,Recruiter D,Submitted,False,
APP22086,S11373,NextGen Systems,Recruiter A,Submitted,False,
APP22087,S11377,NextGen Systems,Recruiter A,Rejected,False,
APP22088,S11378,InnoWorks,Recruiter B,Rejected,False,
APP22089,S11379,FinEdge,Recruiter C,Rejected,False,
APP22090,S11381,FinEdge,Recruiter F,Screening,False,
APP22091,S11382,BuildRight,Recruiter D,Rejected,False,
APP22092,S11384,BuildRight,Recruiter H,Submitted,False,
APP22093,S11389,MarketMint,Recruiter E,Interview,False,
APP22094,S11390,TechNova,Recruiter B,Interview,False,
APP22095,S11394,CloudSprint,Recruiter H,Screening,False,
APP22096,S11395,DataForge,Recruiter G,Offer,True,5.846466354240775
APP22097,S11397,SecureStack,Recruiter A,Offer,False,7.362352454450969
APP22098,S11398,SecureStack,Recruiter D,Interview,False,
APP22099,S11402,SecureStack,Recruiter F,Rejected,False,
APP22100,S11403,HealthByte,Recruiter B,Rejected,False,
APP22101,S11404,NextGen Systems,Recruiter A,Submitted,False,
APP22102,S11406,HealthByte,Recruiter H,Rejected,False,
APP22103,S11407,TechNova,Recruiter F,Screening,False,
APP22104,S11408,MarketMint,Recruiter C,Screening,False,
APP22105,S11410,CloudSprint,Recruiter E,Submitted,False,
APP22106,S11414,MarketMint,Recruiter E,Submitted,False,
APP22107,S11416,FinEdge,Recruiter E,Rejected,False,
APP22108,S11417,LogicLoop,Recruiter C,Rejected,False,
APP22109,S11420,LogicLoop,Recruiter G,Rejected,False,
APP22110,S11421,MarketMint,Recruiter H,Rejected,False,
APP22111,S11422,NextGen Systems,Recruiter D,Screening,False,
APP22112,S11424,HealthByte,Recruiter A,Screening,False,
APP22113,S11426,BuildRight,Recruiter B,Screening,False,
APP22114,S11428,LogicLoop,Recruiter C,Offer,True,7.009202201710899
APP22115,S11430,InnoWorks,Recruiter G,Rejected,False,
APP22116,S11431,BuildRight,Recruiter G,Interview,False,
APP22117,S11432,RetailPulse,Recruiter H,Interview,False,
APP22118,S11433,RetailPulse,Recruiter E,Submitted,False,
APP22119,S11435,TechNova,Recruiter C,Submitted,False,
APP22120,S11436,CloudSprint,Recruiter E,Rejected,False,
APP22121,S11437,LogicLoop,Recruiter A,Submitted,False,
APP22122,S11438,RetailPulse,Recruiter B,Interview,False,
APP22123,S11439,MarketMint,Recruiter C,Rejected,False,
APP22124,S11440,InnoWorks,Recruiter B,Interview,False,
APP22125,S11442,HealthByte,Recruiter E,Interview,False,
APP22126,S11443,InnoWorks,Recruiter E,Offer,True,6.443856269750708
APP22127,S11447,BuildRight,Recruiter F,Submitted,False,
APP22128,S11449,SecureStack,Recruiter F,Interview,False,
APP22129,S11450,InnoWorks,Recruiter D,Interview,False,
APP22130,S11452,LogicLoop,Recruiter G,Interview,False,
APP22131,S11454,NextGen Systems,Recruiter F,Rejected,False,
APP22132,S11456,BuildRight,Recruiter D,Rejected,False,
APP22133,S11457,MarketMint,Recruiter B,Offer,True,9.666516749596306
APP22134,S11458,SecureStack,Recruiter B,Interview,False,
APP22135,S11461,BuildRight,Recruiter G,Submitted,False,
APP22136,S11463,BuildRight,Recruiter A,Rejected,False,
APP22137,S11464,DataForge,Recruiter G,Rejected,False,
APP22138,S11465,RetailPulse,Recruiter A,Screening,False,
APP22139,S11466,FinEdge,Recruiter G,Submitted,False,
APP22140,S11467,InnoWorks,Recruiter C,Interview,False,
APP22141,S11469,InnoWorks,Recruiter B,Rejected,False,
APP22142,S11470,RetailPulse,Recruiter B,Rejected,False,
APP22143,S11471,LogicLoop,Recruiter A,Interview,False,
APP22144,S11472,FinEdge,Recruiter F,Interview,False,
APP22145,S11473,DataForge,Recruiter A,Rejected,False,
APP22146,S11474,InnoWorks,Recruiter E,Interview,False,
APP22147,S11478,SecureStack,Recruiter C,Screening,False,
APP22148,S11480,NextGen Systems,Recruiter G,Screening,False,
APP22149,S11481,DataForge,Recruiter F,Screening,False,
APP22150,S11484,NextGen Systems,Recruiter D,Submitted,False,
APP22151,S11485,MarketMint,Recruiter D,Submitted,False,
APP22152,S11487,DataForge,Recruiter G,Submitted,False,
APP22153,S11488,NextGen Systems,Recruiter A,Offer,True,13.005280881883216
APP22154,S11491,NextGen Systems,Recruiter D,Interview,False,
APP22155,S11492,LogicLoop,Recruiter G,Interview,False,
APP22156,S11493,TechNova,Recruiter B,Offer,False,6.624473757408341
APP22157,S11494,SecureStack,Recruiter D,Interview,False,
APP22158,S11495,FinEdge,Recruiter A,Screening,False,
APP22159,S11496,MarketMint,Recruiter F,Offer,True,4.852561586746301
APP22160,S11497,MarketMint,Recruiter E,Submitted,False,
APP22161,S11498,SecureStack,Recruiter F,Interview,False,
APP22162,S11499,NextGen Systems,Recruiter C,Interview,False,
APP22163,S11502,DataForge,Recruiter B,Submitted,False,
APP22164,S11504,InnoWorks,Recruiter D,Screening,False,
APP22165,S11505,LogicLoop,Recruiter A,Submitted,False,
APP22166,S11506,HealthByte,Recruiter C,Submitted,False,
APP22167,S11507,HealthByte,Recruiter A,Screening,False,
APP22168,S11508,HealthByte,Recruiter H,Rejected,False,
APP22169,S11510,FinEdge,Recruiter E,Rejected,False,
APP22170,S11513,RetailPulse,Recruiter D,Rejected,False,
APP22171,S11514,MarketMint,Recruiter E,Interview,False,
APP22172,S11515,LogicLoop,Recruiter A,Screening,False,
APP22173,S11517,TechNova,Recruiter G,Screening,False,
APP22174,S11518,InnoWorks,Recruiter D,Interview,False,
APP22175,S11519,FinEdge,Recruiter A,Submitted,False,
APP22176,S11522,DataForge,Recruiter D,Interview,False,
APP22177,S11523,RetailPulse,Recruiter C,Offer,False,6.630455242580648
APP22178,S11527,HealthByte,Recruiter D,Offer,False,8.217931157466484
APP22179,S11528,MarketMint,Recruiter F,Offer,False,7.422714775086015
APP22180,S11529,SecureStack,Recruiter B,Submitted,False,
APP22181,S11530,TechNova,Recruiter E,Interview,False,
APP22182,S11531,InnoWorks,Recruiter E,Interview,False,
APP22183,S11534,FinEdge,Recruiter G,Submitted,False,
APP22184,S11535,HealthByte,Recruiter C,Interview,False,
APP22185,S11536,CloudSprint,Recruiter H,Screening,False,
APP22186,S11537,BuildRight,Recruiter C,Rejected,False,
APP22187,S11538,FinEdge,Recruiter F,Screening,False,
APP22188,S11540,DataForge,Recruiter A,Screening,False,
APP22189,S11542,RetailPulse,Recruiter E,Rejected,False,
APP22190,S11543,DataForge,Recruiter C,Interview,False,
APP22191,S11546,TechNova,Recruiter F,Submitted,False,
APP22192,S11547,InnoWorks,Recruiter C,Interview,False,
APP22193,S11548,TechNova,Recruiter H,Rejected,False,
APP22194,S11549,HealthByte,Recruiter H,Interview,False,
APP22195,S11550,CloudSprint,Recruiter C,Screening,False,
APP22196,S11555,BuildRight,Recruiter D,Screening,False,
APP22197,S11556,FinEdge,Recruiter F,Screening,False,
APP22198,S11557,LogicLoop,Recruiter A,Rejected,False,
APP22199,S11559,BuildRight,Recruiter A,Interview,False,
APP22200,S11560,LogicLoop,Recruiter D,Rejected,False,
APP22201,S11561,InnoWorks,Recruiter D,Submitted,False,
APP22202,S11562,InnoWorks,Recruiter B,Interview,False,
APP22203,S11563,CloudSprint,Recruiter A,Interview,False,
APP22204,S11565,LogicLoop,Recruiter A,Rejected,False,
APP22205,S11567,DataForge,Recruiter H,Submitted,False,
APP22206,S11570,DataForge,Recruiter H,Screening,False,
APP22207,S11572,InnoWorks,Recruiter H,Rejected,False,
APP22208,S11576,FinEdge,Recruiter F,Rejected,False,
APP22209,S11577,TechNova,Recruiter F,Submitted,False,
APP22210,S11581,LogicLoop,Recruiter G,Screening,False,
APP22211,S11582,MarketMint,Recruiter A,Submitted,False,
APP22212,S11584,CloudSprint,Recruiter C,Rejected,False,
APP22213,S11587,InnoWorks,Recruiter H,Rejected,False,
APP22214,S11589,TechNova,Recruiter E,Offer,True,5.798284635433344
APP22215,S11592,CloudSprint,Recruiter A,Submitted,False,
APP22216,S11594,FinEdge,Recruiter H,Submitted,False,
APP22217,S11597,TechNova,Recruiter E,Screening,False,
APP22218,S11601,MarketMint,Recruiter E,Submitted,False,
APP22219,S11602,HealthByte,Recruiter E,Submitted,False,
APP22220,S11603,TechNova,Recruiter E,Submitted,False,
APP22221,S11604,InnoWorks,Recruiter H,Interview,False,
APP22222,S11605,InnoWorks,Recruiter C,Screening,False,
APP22223,S11606,NextGen Systems,Recruiter F,Rejected,False,
APP22224,S11607,DataForge,Recruiter C,Rejected,False,
APP22225,S11608,BuildRight,Recruiter F,Rejected,False,
APP22226,S11611,BuildRight,Recruiter C,Interview,False,
APP22227,S11612,TechNova,Recruiter D,Submitted,False,
APP22228,S11617,DataForge,Recruiter G,Submitted,False,
APP22229,S11618,FinEdge,Recruiter F,Interview,False,
APP22230,S11619,LogicLoop,Recruiter D,Submitted,False,
APP22231,S11621,MarketMint,Recruiter E,Rejected,False,
APP22232,S11622,SecureStack,Recruiter G,Interview,False,
APP22233,S11624,InnoWorks,Recruiter B,Rejected,False,
APP22234,S11627,SecureStack,Recruiter H,Submitted,False,
APP22235,S11629,NextGen Systems,Recruiter B,Submitted,False,
APP22236,S11631,TechNova,Recruiter A,Rejected,False,
APP22237,S11632,HealthByte,Recruiter G,Submitted,False,
APP22238,S11633,DataForge,Recruiter B,Interview,False,
APP22239,S11634,BuildRight,Recruiter H,Screening,False,
APP22240,S11636,BuildRight,Recruiter A,Rejected,False,
APP22241,S11638,MarketMint,Recruiter F,Interview,False,
APP22242,S11644,BuildRight,Recruiter A,Interview,False,
APP22243,S11645,RetailPulse,Recruiter A,Screening,False,
APP22244,S11646,NextGen Systems,Recruiter F,Screening,False,
APP22245,S11647,SecureStack,Recruiter B,Offer,False,8.264490997310205
APP22246,S11649,InnoWorks,Recruiter A,Rejected,False,
APP22247,S11654,DataForge,Recruiter G,Submitted,False,
APP22248,S11655,FinEdge,Recruiter G,Interview,False,
APP22249,S11656,LogicLoop,Recruiter C,Submitted,False,
APP22250,S11658,TechNova,Recruiter H,Interview,False,
APP22251,S11659,CloudSprint,Recruiter B,Rejected,False,
APP22252,S11661,FinEdge,Recruiter G,Screening,False,
APP22253,S11662,DataForge,Recruiter G,Submitted,False,
APP22254,S11663,MarketMint,Recruiter A,Offer,True,7.078082576610892
APP22255,S11664,HealthByte,Recruiter E,Rejected,False,
APP22256,S11665,InnoWorks,Recruiter C,Rejected,False,
APP22257,S11666,RetailPulse,Recruiter A,Screening,False,
APP22258,S11667,FinEdge,Recruiter B,Screening,False,
APP22259,S11671,LogicLoop,Recruiter B,Submitted,False,
APP22260,S11672,TechNova,Recruiter F,Rejected,False,
APP22261,S11673,CloudSprint,Recruiter G,Submitted,False,
APP22262,S11675,InnoWorks,Recruiter A,Submitted,False,
APP22263,S11676,NextGen Systems,Recruiter B,Submitted,False,
APP22264,S11677,MarketMint,Recruiter H,Interview,False,
APP22265,S11678,DataForge,Recruiter A,Submitted,False,
APP22266,S11680,CloudSprint,Recruiter C,Interview,False,
APP22267,S11681,FinEdge,Recruiter B,Submitted,False,
APP22268,S11682,FinEdge,Recruiter A,Screening,False,
APP22269,S11685,InnoWorks,Recruiter D,Rejected,False,
APP22270,S11686,DataForge,Recruiter D,Rejected,False,
APP22271,S11687,DataForge,Recruiter B,Interview,False,
APP22272,S11688,LogicLoop,Recruiter C,Submitted,False,
APP22273,S11690,NextGen Systems,Recruiter C,Rejected,False,
APP22274,S11691,CloudSprint,Recruiter D,Submitted,False,
APP22275,S11692,InnoWorks,Recruiter A,Submitted,False,
APP22276,S11693,InnoWorks,Recruiter E,Screening,False,
APP22277,S11694,RetailPulse,Recruiter B,Rejected,False,
APP22278,S11695,BuildRight,Recruiter F,Submitted,False,
APP22279,S11697,HealthByte,Recruiter E,Rejected,False,
APP22280,S11698,BuildRight,Recruiter D,Rejected,False,
APP22281,S11699,RetailPulse,Recruiter B,Interview,False,
APP22282,S11700,TechNova,Recruiter F,Rejected,False,
APP22283,S11701,DataForge,Recruiter B,Rejected,False,
APP22284,S11703,MarketMint,Recruiter H,Submitted,False,
APP22285,S11704,SecureStack,Recruiter A,Rejected,False,
APP22286,S11706,HealthByte,Recruiter E,Interview,False,
APP22287,S11707,NextGen Systems,Recruiter G,Screening,False,
APP22288,S11709,LogicLoop,Recruiter G,Submitted,False,
APP22289,S11710,RetailPulse,Recruiter B,Screening,False,
APP22290,S11713,MarketMint,Recruiter D,Submitted,False,
APP22291,S11714,CloudSprint,Recruiter H,Submitted,False,
APP22292,S11715,TechNova,Recruiter B,Screening,False,
APP22293,S11720,FinEdge,Recruiter B,Rejected,False,
APP22294,S11724,RetailPulse,Recruiter H,Submitted,False,
APP22295,S11725,HealthByte,Recruiter D,Interview,False,
APP22296,S11726,FinEdge,Recruiter H,Interview,False,
APP22297,S11727,LogicLoop,Recruiter D,Screening,False,
APP22298,S11729,CloudSprint,Recruiter A,Interview,False,
APP22299,S11730,LogicLoop,Recruiter A,Submitted,False,
APP22300,S11732,CloudSprint,Recruiter A,Offer,True,5.547752909563406
APP22301,S11735,SecureStack,Recruiter A,Screening,False,
APP22302,S11737,CloudSprint,Recruiter F,Rejected,False,
APP22303,S11739,CloudSprint,Recruiter B,Rejected,False,
APP22304,S11740,TechNova,Recruiter C,Interview,False,
APP22305,S11741,TechNova,Recruiter G,Rejected,False,
APP22306,S11742,DataForge,Recruiter D,Screening,False,
APP22307,S11743,CloudSprint,Recruiter G,Offer,True,8.5743032829761
APP22308,S11744,NextGen Systems,Recruiter E,Interview,False,
APP22309,S11745,MarketMint,Recruiter C,Screening,False,
APP22310,S11747,RetailPulse,Recruiter E,Interview,False,
APP22311,S11749,FinEdge,Recruiter C,Rejected,False,
APP22312,S11752,CloudSprint,Recruiter G,Offer,False,6.510693141342133
APP22313,S11753,FinEdge,Recruiter G,Interview,False,
APP22314,S11755,NextGen Systems,Recruiter G,Interview,False,
APP22315,S11756,TechNova,Recruiter A,Interview,False,
APP22316,S11758,RetailPulse,Recruiter G,Rejected,False,
APP22317,S11759,CloudSprint,Recruiter H,Submitted,False,
APP22318,S11760,BuildRight,Recruiter G,Offer,True,8.399516495688896
APP22319,S11761,RetailPulse,Recruiter F,Submitted,False,
APP22320,S11762,TechNova,Recruiter F,Interview,False,
APP22321,S11765,RetailPulse,Recruiter D,Submitted,False,
APP22322,S11766,HealthByte,Recruiter C,Submitted,False,
APP22323,S11767,RetailPulse,Recruiter H,Rejected,False,
APP22324,S11769,BuildRight,Recruiter H,Rejected,False,
APP22325,S11770,FinEdge,Recruiter D,Screening,False,
APP22326,S11773,HealthByte,Recruiter G,Submitted,False,
APP22327,S11774,FinEdge,Recruiter A,Screening,False,
APP22328,S11776,NextGen Systems,Recruiter G,Submitted,False,
APP22329,S11778,SecureStack,Recruiter C,Submitted,False,
APP22330,S11781,FinEdge,Recruiter D,Submitted,False,
APP22331,S11783,InnoWorks,Recruiter E,Screening,False,
APP22332,S11785,NextGen Systems,Recruiter F,Rejected,False,
APP22333,S11786,CloudSprint,Recruiter C,Submitted,False,
APP22334,S11790,SecureStack,Recruiter G,Screening,False,
APP22335,S11791,BuildRight,Recruiter E,Submitted,False,
APP22336,S11792,SecureStack,Recruiter F,Submitted,False,
APP22337,S11794,RetailPulse,Recruiter H,Screening,False,
APP22338,S11797,InnoWorks,Recruiter F,Interview,False,
APP22339,S11799,NextGen Systems,Recruiter E,Submitted,False,
APP22340,S11800,RetailPulse,Recruiter B,Screening,False,
APP22341,S11801,LogicLoop,Recruiter C,Rejected,False,
APP22342,S11802,TechNova,Recruiter G,Interview,False,
APP22343,S11803,FinEdge,Recruiter D,Interview,False,
APP22344,S11804,LogicLoop,Recruiter C,Submitted,False,
APP22345,S11805,NextGen Systems,Recruiter H,Screening,False,
APP22346,S11806,DataForge,Recruiter F,Interview,False,
APP22347,S11808,FinEdge,Recruiter C,Interview,False,
APP22348,S11809,RetailPulse,Recruiter D,Interview,False,
APP22349,S11810,InnoWorks,Recruiter D,Submitted,False,
APP22350,S11811,DataForge,Recruiter C,Offer,True,8.055455821000457
APP22351,S11813,SecureStack,Recruiter G,Rejected,False,
APP22352,S11814,FinEdge,Recruiter F,Interview,False,
APP22353,S11815,DataForge,Recruiter A,Rejected,False,
APP22354,S11816,CloudSprint,Recruiter H,Rejected,False,
APP22355,S11820,MarketMint,Recruiter C,Screening,False,
APP22356,S11821,LogicLoop,Recruiter H,Offer,False,7.4488002477845106
APP22357,S11825,MarketMint,Recruiter D,Interview,False,
APP22358,S11826,TechNova,Recruiter E,Rejected,False,
APP22359,S11828,BuildRight,Recruiter C,Offer,True,7.5612186405938955
APP22360,S11829,BuildRight,Recruiter C,Screening,False,
APP22361,S11834,MarketMint,Recruiter D,Offer,True,7.648238699646999
APP22362,S11837,CloudSprint,Recruiter F,Submitted,False,
APP22363,S11838,HealthByte,Recruiter C,Interview,False,
APP22364,S11839,CloudSprint,Recruiter B,Screening,False,
APP22365,S11840,CloudSprint,Recruiter E,Screening,False,
APP22366,S11841,TechNova,Recruiter F,Screening,False,
APP22367,S11842,DataForge,Recruiter H,Screening,False,
APP22368,S11843,NextGen Systems,Recruiter G,Rejected,False,
APP22369,S11846,HealthByte,Recruiter F,Rejected,False,
APP22370,S11851,FinEdge,Recruiter D,Submitted,False,
APP22371,S11852,BuildRight,Recruiter C,Submitted,False,
APP22372,S11853,HealthByte,Recruiter D,Rejected,False,
APP22373,S11855,CloudSprint,Recruiter D,Submitted,False,
APP22374,S11857,MarketMint,Recruiter C,Submitted,False,
APP22375,S11858,MarketMint,Recruiter F,Screening,False,
APP22376,S11859,TechNova,Recruiter E,Interview,False,
APP22377,S11860,DataForge,Recruiter G,Offer,True,10.295192693746548
APP22378,S11861,InnoWorks,Recruiter F,Interview,False,
APP22379,S11862,RetailPulse,Recruiter F,Screening,False,
APP22380,S11865,LogicLoop,Recruiter E,Interview,False,
APP22381,S11866,SecureStack,Recruiter F,Rejected,False,
APP22382,S11868,SecureStack,Recruiter C,Interview,False,
APP22383,S11869,FinEdge,Recruiter G,Interview,False,
APP22384,S11871,HealthByte,Recruiter B,Interview,False,
APP22385,S11874,SecureStack,Recruiter H,Submitted,False,
APP22386,S11875,SecureStack,Recruiter F,Submitted,False,
APP22387,S11876,MarketMint,Recruiter F,Screening,False,
APP22388,S11877,InnoWorks,Recruiter F,Submitted,False,
APP22389,S11878,BuildRight,Recruiter E,Submitted,False,
APP22390,S11879,NextGen Systems,Recruiter B,Rejected,False,
APP22391,S11882,NextGen Systems,Recruiter E,Interview,False,
APP22392,S11883,LogicLoop,Recruiter E,Screening,False,
APP22393,S11884,LogicLoop,Recruiter G,Submitted,False,
APP22394,S11887,NextGen Systems,Recruiter C,Interview,False,
APP22395,S11888,NextGen Systems,Recruiter B,Interview,False,
APP22396,S11889,TechNova,Recruiter C,Interview,False,
APP22397,S11892,RetailPulse,Recruiter A,Offer,True,6.76799999381076
APP22398,S11893,SecureStack,Recruiter E,Submitted,False,
APP22399,S11895,InnoWorks,Recruiter C,Rejected,False,
APP22400,S11897,InnoWorks,Recruiter H,Submitted,False,
APP22401,S11900,HealthByte,Recruiter F,Interview,False,
APP22402,S11901,MarketMint,Recruiter D,Rejected,False,
APP22403,S11903,SecureStack,Recruiter C,Rejected,False,
APP22404,S11905,CloudSprint,Recruiter G,Screening,False,
APP22405,S11911,RetailPulse,Recruiter H,Submitted,False,
APP22406,S11913,NextGen Systems,Recruiter H,Interview,False,
APP22407,S11918,InnoWorks,Recruiter D,Submitted,False,
APP22408,S11920,DataForge,Recruiter B,Submitted,False,
APP22409,S11921,DataForge,Recruiter D,Interview,False,
APP22410,S11922,MarketMint,Recruiter H,Screening,False,
APP22411,S11926,InnoWorks,Recruiter D,Submitted,False,
APP22412,S11928,RetailPulse,Recruiter D,Rejected,False,
APP22413,S11930,DataForge,Recruiter E,Rejected,False,
APP22414,S11931,LogicLoop,Recruiter B,Rejected,False,
APP22415,S11934,FinEdge,Recruiter G,Screening,False,
APP22416,S11936,RetailPulse,Recruiter C,Interview,False,
APP22417,S11937,SecureStack,Recruiter B,Rejected,False,
APP22418,S11943,SecureStack,Recruiter D,Interview,False,
APP22419,S11945,MarketMint,Recruiter E,Rejected,False,
APP22420,S11946,HealthByte,Recruiter D,Screening,False,
APP22421,S11951,CloudSprint,Recruiter H,Screening,False,
APP22422,S11956,BuildRight,Recruiter E,Interview,False,
APP22423,S11957,CloudSprint,Recruiter B,Submitted,False,
APP22424,S11962,HealthByte,Recruiter G,Interview,False,
APP22425,S11963,BuildRight,Recruiter A,Submitted,False,
APP22426,S11964,BuildRight,Recruiter C,Rejected,False,
APP22427,S11965,HealthByte,Recruiter D,Submitted,False,
APP22428,S11966,DataForge,Recruiter D,Submitted,False,
APP22429,S11967,DataForge,Recruiter E,Rejected,False,
APP22430,S11968,BuildRight,Recruiter F,Rejected,False,
APP22431,S11970,NextGen Systems,Recruiter A,Rejected,False,
APP22432,S11971,HealthByte,Recruiter G,Interview,False,
APP22433,S11972,NextGen Systems,Recruiter H,Interview,False,
APP22434,S11974,NextGen Systems,Recruiter A,Offer,True,6.3916745673149915
APP22435,S11975,CloudSprint,Recruiter C,Interview,False,
APP22436,S11976,SecureStack,Recruiter E,Screening,False,
APP22437,S11977,MarketMint,Recruiter H,Offer,True,9.330989970164177
APP22438,S11978,HealthByte,Recruiter F,Rejected,False,
APP22439,S11979,CloudSprint,Recruiter D,Interview,False,
APP22440,S11980,DataForge,Recruiter G,Submitted,False,
APP22441,S11983,LogicLoop,Recruiter D,Offer,False,6.167537683181968
APP22442,S11984,InnoWorks,Recruiter G,Rejected,False,
APP22443,S11986,InnoWorks,Recruiter H,Screening,False,
APP22444,S11992,BuildRight,Recruiter C,Submitted,False,
APP22445,S11993,CloudSprint,Recruiter E,Submitted,False,
APP22446,S11996,MarketMint,Recruiter A,Screening,False,
APP22447,S11997,HealthByte,Recruiter C,Offer,False,6.537823146468684
APP22448,S11999,HealthByte,Recruiter D,Interview,False,
APP22449,S12005,BuildRight,Recruiter H,Screening,False,
APP22450,S12007,MarketMint,Recruiter B,Interview,False,
APP22451,S12008,FinEdge,Recruiter D,Interview,False,
APP22452,S12009,DataForge,Recruiter F,Submitted,False,
APP22453,S12010,HealthByte,Recruiter C,Interview,False,
APP22454,S12011,SecureStack,Recruiter H,Interview,False,
APP22455,S12012,BuildRight,Recruiter G,Rejected,False,
APP22456,S12013,InnoWorks,Recruiter D,Rejected,False,
APP22457,S12016,TechNova,Recruiter B,Submitted,False,
APP22458,S12018,MarketMint,Recruiter F,Submitted,False,
APP22459,S12019,TechNova,Recruiter F,Interview,False,
APP22460,S12020,RetailPulse,Recruiter F,Rejected,False,
APP22461,S12023,TechNova,Recruiter C,Rejected,False,
APP22462,S12024,LogicLoop,Recruiter A,Submitted,False,
APP22463,S12027,BuildRight,Recruiter E,Interview,False,
APP22464,S12028,TechNova,Recruiter G,Screening,False,
APP22465,S12030,RetailPulse,Recruiter G,Rejected,False,
APP22466,S12032,LogicLoop,Recruiter A,Submitted,False,
APP22467,S12035,BuildRight,Recruiter H,Submitted,False,
APP22468,S12038,CloudSprint,Recruiter E,Interview,False,
APP22469,S12039,LogicLoop,Recruiter E,Rejected,False,
APP22470,S12041,NextGen Systems,Recruiter B,Interview,False,
APP22471,S12042,InnoWorks,Recruiter G,Submitted,False,
APP22472,S12043,NextGen Systems,Recruiter E,Rejected,False,
APP22473,S12044,NextGen Systems,Recruiter B,Submitted,False,
APP22474,S12045,DataForge,Recruiter F,Submitted,False,
APP22475,S12046,NextGen Systems,Recruiter A,Offer,False,4.873101717655283
APP22476,S12047,RetailPulse,Recruiter E,Screening,False,
APP22477,S12048,InnoWorks,Recruiter A,Rejected,False,
APP22478,S12050,LogicLoop,Recruiter D,Interview,False,
APP22479,S12052,LogicLoop,Recruiter F,Interview,False,
APP22480,S12054,RetailPulse,Recruiter E,Rejected,False,
APP22481,S12057,LogicLoop,Recruiter A,Interview,False,
APP22482,S12058,LogicLoop,Recruiter A,Submitted,False,
APP22483,S12060,BuildRight,Recruiter A,Rejected,False,
APP22484,S12061,MarketMint,Recruiter C,Rejected,False,
APP22485,S12062,CloudSprint,Recruiter G,Submitted,False,
APP22486,S12065,SecureStack,Recruiter D,Screening,False,
APP22487,S12067,DataForge,Recruiter B,Rejected,False,
APP22488,S12068,MarketMint,Recruiter B,Interview,False,
APP22489,S12071,CloudSprint,Recruiter E,Rejected,False,
APP22490,S12072,InnoWorks,Recruiter B,Rejected,False,
APP22491,S12075,MarketMint,Recruiter C,Rejected,False,
APP22492,S12077,BuildRight,Recruiter E,Offer,True,9.86625844236947
APP22493,S12079,BuildRight,Recruiter E,Interview,False,
APP22494,S12083,RetailPulse,Recruiter F,Submitted,False,
APP22495,S12084,RetailPulse,Recruiter H,Interview,False,
APP22496,S12086,FinEdge,Recruiter D,Interview,False,
APP22497,S12088,InnoWorks,Recruiter H,Interview,False,
APP22498,S12089,MarketMint,Recruiter F,Rejected,False,
APP22499,S12090,TechNova,Recruiter E,Screening,False,
APP22500,S12091,DataForge,Recruiter B,Submitted,False,
APP22501,S12092,BuildRight,Recruiter F,Submitted,False,
APP22502,S12093,TechNova,Recruiter G,Submitted,False,
APP22503,S12096,NextGen Systems,Recruiter B,Offer,False,9.338279307955695
APP22504,S12097,BuildRight,Recruiter G,Submitted,False,
APP22505,S12098,HealthByte,Recruiter F,Interview,False,
APP22506,S12101,FinEdge,Recruiter C,Interview,False,
APP22507,S12103,TechNova,Recruiter C,Rejected,False,
APP22508,S12107,RetailPulse,Recruiter D,Interview,False,
APP22509,S12108,NextGen Systems,Recruiter B,Interview,False,
APP22510,S12110,TechNova,Recruiter E,Rejected,False,
APP22511,S12111,CloudSprint,Recruiter A,Rejected,False,
APP22512,S12112,InnoWorks,Recruiter D,Interview,False,
APP22513,S12113,NextGen Systems,Recruiter E,Submitted,False,
APP22514,S12115,MarketMint,Recruiter H,Submitted,False,
APP22515,S12116,BuildRight,Recruiter B,Submitted,False,
APP22516,S12117,NextGen Systems,Recruiter D,Submitted,False,
APP22517,S12118,HealthByte,Recruiter C,Submitted,False,
APP22518,S12119,DataForge,Recruiter A,Interview,False,
APP22519,S12120,NextGen Systems,Recruiter H,Interview,False,
APP22520,S12121,HealthByte,Recruiter C,Screening,False,
APP22521,S12122,NextGen Systems,Recruiter E,Rejected,False,
APP22522,S12123,MarketMint,Recruiter D,Offer,True,5.88822972350881
APP22523,S12124,TechNova,Recruiter F,Submitted,False,
APP22524,S12125,FinEdge,Recruiter H,Rejected,False,
APP22525,S12126,BuildRight,Recruiter D,Offer,True,7.010956757181037
APP22526,S12127,SecureStack,Recruiter H,Screening,False,
APP22527,S12128,InnoWorks,Recruiter E,Interview,False,
APP22528,S12129,FinEdge,Recruiter G,Submitted,False,
APP22529,S12131,RetailPulse,Recruiter F,Rejected,False,
APP22530,S12133,CloudSprint,Recruiter H,Rejected,False,
APP22531,S12135,LogicLoop,Recruiter D,Interview,False,
APP22532,S12138,FinEdge,Recruiter B,Interview,False,
APP22533,S12140,BuildRight,Recruiter E,Submitted,False,
APP22534,S12141,HealthByte,Recruiter C,Interview,False,
APP22535,S12142,InnoWorks,Recruiter B,Screening,False,
APP22536,S12144,BuildRight,Recruiter H,Screening,False,
APP22537,S12146,HealthByte,Recruiter G,Screening,False,
APP22538,S12147,MarketMint,Recruiter C,Interview,False,
APP22539,S12149,RetailPulse,Recruiter G,Screening,False,
APP22540,S12151,BuildRight,Recruiter D,Offer,False,7.037245183718155
APP22541,S12154,MarketMint,Recruiter H,Submitted,False,
APP22542,S12157,TechNova,Recruiter G,Submitted,False,
APP22543,S12159,NextGen Systems,Recruiter G,Submitted,False,
APP22544,S12160,MarketMint,Recruiter B,Rejected,False,
APP22545,S12163,DataForge,Recruiter D,Interview,False,
APP22546,S12164,DataForge,Recruiter A,Rejected,False,
APP22547,S12166,InnoWorks,Recruiter D,Interview,False,
APP22548,S12167,NextGen Systems,Recruiter G,Interview,False,
APP22549,S12168,BuildRight,Recruiter B,Screening,False,
APP22550,S12169,InnoWorks,Recruiter B,Submitted,False,
APP22551,S12172,NextGen Systems,Recruiter D,Screening,False,
APP22552,S12175,InnoWorks,Recruiter G,Submitted,False,
APP22553,S12177,LogicLoop,Recruiter E,Screening,False,
APP22554,S12179,MarketMint,Recruiter E,Submitted,False,
APP22555,S12182,SecureStack,Recruiter F,Rejected,False,
APP22556,S12184,InnoWorks,Recruiter E,Screening,False,
APP22557,S12185,HealthByte,Recruiter A,Screening,False,
APP22558,S12187,NextGen Systems,Recruiter D,Screening,False,
APP22559,S12190,HealthByte,Recruiter C,Rejected,False,
APP22560,S12191,MarketMint,Recruiter A,Rejected,False,
APP22561,S12192,CloudSprint,Recruiter A,Screening,False,
APP22562,S12195,InnoWorks,Recruiter E,Rejected,False,
APP22563,S12199,TechNova,Recruiter C,Rejected,False,
APP22564,S12200,InnoWorks,Recruiter G,Rejected,False,
APP22565,S12201,RetailPulse,Recruiter H,Interview,False,
APP22566,S12204,NextGen Systems,Recruiter A,Offer,False,6.720537830287735
APP22567,S12207,FinEdge,Recruiter H,Screening,False,
APP22568,S12209,InnoWorks,Recruiter G,Offer,True,5.797525001911782
APP22569,S12210,TechNova,Recruiter B,Screening,False,
APP22570,S12212,TechNova,Recruiter F,Interview,False,
APP22571,S12213,FinEdge,Recruiter D,Submitted,False,
APP22572,S12215,TechNova,Recruiter F,Interview,False,
APP22573,S12217,HealthByte,Recruiter G,Rejected,False,
APP22574,S12219,RetailPulse,Recruiter C,Rejected,False,
APP22575,S12223,InnoWorks,Recruiter H,Rejected,False,
APP22576,S12224,HealthByte,Recruiter D,Submitted,False,
APP22577,S12225,HealthByte,Recruiter F,Interview,False,
APP22578,S12227,NextGen Systems,Recruiter H,Interview,False,
APP22579,S12229,HealthByte,Recruiter A,Screening,False,
APP22580,S12232,MarketMint,Recruiter B,Rejected,False,
APP22581,S12233,DataForge,Recruiter G,Interview,False,
APP22582,S12235,CloudSprint,Recruiter B,Submitted,False,
APP22583,S12237,RetailPulse,Recruiter C,Submitted,False,
APP22584,S12238,FinEdge,Recruiter F,Rejected,False,
APP22585,S12239,RetailPulse,Recruiter H,Rejected,False,
APP22586,S12241,CloudSprint,Recruiter F,Submitted,False,
APP22587,S12243,FinEdge,Recruiter B,Rejected,False,
APP22588,S12245,TechNova,Recruiter F,Submitted,False,
APP22589,S12247,HealthByte,Recruiter G,Screening,False,
APP22590,S12248,FinEdge,Recruiter C,Rejected,False,
APP22591,S12249,TechNova,Recruiter H,Offer,True,8.564834472361433
APP22592,S12251,FinEdge,Recruiter A,Interview,False,
APP22593,S12252,CloudSprint,Recruiter B,Interview,False,
APP22594,S12254,DataForge,Recruiter G,Submitted,False,
APP22595,S12256,RetailPulse,Recruiter A,Submitted,False,
APP22596,S12257,HealthByte,Recruiter E,Screening,False,
APP22597,S12258,NextGen Systems,Recruiter D,Screening,False,
APP22598,S12260,FinEdge,Recruiter A,Rejected,False,
APP22599,S12261,TechNova,Recruiter B,Submitted,False,
APP22600,S12263,DataForge,Recruiter E,Rejected,False,
APP22601,S12265,SecureStack,Recruiter E,Rejected,False,
APP22602,S12266,InnoWorks,Recruiter A,Screening,False,
APP22603,S12267,LogicLoop,Recruiter C,Interview,False,
APP22604,S12268,BuildRight,Recruiter G,Screening,False,
APP22605,S12269,FinEdge,Recruiter H,Screening,False,
APP22606,S12271,BuildRight,Recruiter B,Rejected,False,
APP22607,S12272,NextGen Systems,Recruiter A,Rejected,False,
APP22608,S12278,SecureStack,Recruiter G,Screening,False,
APP22609,S12280,TechNova,Recruiter B,Rejected,False,
APP22610,S12281,RetailPulse,Recruiter B,Rejected,False,
APP22611,S12282,SecureStack,Recruiter E,Submitted,False,
APP22612,S12283,LogicLoop,Recruiter H,Screening,False,
APP22613,S12284,MarketMint,Recruiter A,Submitted,False,
APP22614,S12285,SecureStack,Recruiter C,Submitted,False,
APP22615,S12286,FinEdge,Recruiter C,Rejected,False,
APP22616,S12287,TechNova,Recruiter E,Rejected,False,
APP22617,S12288,NextGen Systems,Recruiter F,Screening,False,
APP22618,S12289,LogicLoop,Recruiter B,Submitted,False,
APP22619,S12293,NextGen Systems,Recruiter B,Submitted,False,
APP22620,S12295,LogicLoop,Recruiter D,Submitted,False,
APP22621,S12301,LogicLoop,Recruiter E,Submitted,False,
APP22622,S12302,SecureStack,Recruiter C,Interview,False,
APP22623,S12303,FinEdge,Recruiter H,Submitted,False,
APP22624,S12305,HealthByte,Recruiter B,Rejected,False,
APP22625,S12306,MarketMint,Recruiter C,Interview,False,
APP22626,S12308,TechNova,Recruiter H,Rejected,False,
APP22627,S12310,BuildRight,Recruiter F,Submitted,False,
APP22628,S12311,HealthByte,Recruiter G,Rejected,False,
APP22629,S12312,BuildRight,Recruiter E,Interview,False,
APP22630,S12313,InnoWorks,Recruiter E,Submitted,False,
APP22631,S12314,HealthByte,Recruiter A,Rejected,False,
APP22632,S12315,LogicLoop,Recruiter F,Rejected,False,
APP22633,S12316,LogicLoop,Recruiter A,Submitted,False,
APP22634,S12317,RetailPulse,Recruiter A,Submitted,False,
APP22635,S12318,HealthByte,Recruiter H,Screening,False,
APP22636,S12321,DataForge,Recruiter A,Submitted,False,
APP22637,S12324,NextGen Systems,Recruiter C,Submitted,False,
APP22638,S12325,InnoWorks,Recruiter D,Offer,False,6.264756434774567
APP22639,S12327,NextGen Systems,Recruiter H,Rejected,False,
APP22640,S12328,FinEdge,Recruiter A,Submitted,False,
APP22641,S12332,SecureStack,Recruiter A,Rejected,False,
APP22642,S12335,NextGen Systems,Recruiter H,Interview,False,
APP22643,S12336,NextGen Systems,Recruiter F,Submitted,False,
APP22644,S12337,InnoWorks,Recruiter A,Interview,False,
APP22645,S12340,SecureStack,Recruiter A,Screening,False,
APP22646,S12341,RetailPulse,Recruiter G,Offer,False,7.552146931744913
APP22647,S12343,CloudSprint,Recruiter C,Rejected,False,
APP22648,S12345,SecureStack,Recruiter E,Offer,True,8.586719950379958
APP22649,S12347,RetailPulse,Recruiter F,Submitted,False,
APP22650,S12349,InnoWorks,Recruiter A,Screening,False,
APP22651,S12350,NextGen Systems,Recruiter H,Rejected,False,
APP22652,S12353,DataForge,Recruiter B,Submitted,False,
APP22653,S12354,TechNova,Recruiter H,Offer,True,8.037875077766587
APP22654,S12356,BuildRight,Recruiter H,Rejected,False,
APP22655,S12357,NextGen Systems,Recruiter D,Rejected,False,
APP22656,S12358,LogicLoop,Recruiter A,Interview,False,
APP22657,S12359,HealthByte,Recruiter B,Submitted,False,
APP22658,S12361,MarketMint,Recruiter B,Rejected,False,
APP22659,S12365,TechNova,Recruiter G,Submitted,False,
APP22660,S12368,BuildRight,Recruiter D,Offer,True,5.130897689612067
APP22661,S12369,HealthByte,Recruiter D,Submitted,False,
APP22662,S12370,SecureStack,Recruiter G,Rejected,False,
APP22663,S12371,NextGen Systems,Recruiter H,Screening,False,
APP22664,S12374,SecureStack,Recruiter C,Offer,True,6.137588360809465
APP22665,S12377,CloudSprint,Recruiter E,Rejected,False,
APP22666,S12378,SecureStack,Recruiter F,Submitted,False,
APP22667,S12379,InnoWorks,Recruiter E,Submitted,False,
APP22668,S12380,NextGen Systems,Recruiter D,Screening,False,
APP22669,S12381,MarketMint,Recruiter E,Rejected,False,
APP22670,S12382,BuildRight,Recruiter A,Interview,False,
APP22671,S12383,CloudSprint,Recruiter D,Rejected,False,
APP22672,S12385,BuildRight,Recruiter G,Submitted,False,
APP22673,S12387,MarketMint,Recruiter E,Screening,False,
APP22674,S12388,SecureStack,Recruiter F,Interview,False,
APP22675,S12389,CloudSprint,Recruiter F,Offer,False,11.864803505683795
APP22676,S12390,TechNova,Recruiter A,Interview,False,
APP22677,S12392,CloudSprint,Recruiter G,Submitted,False,
APP22678,S12393,LogicLoop,Recruiter E,Rejected,False,
APP22679,S12394,RetailPulse,Recruiter E,Offer,True,7.294956765531948
APP22680,S12395,FinEdge,Recruiter H,Interview,False,
APP22681,S12396,LogicLoop,Recruiter C,Interview,False,
APP22682,S10000,MarketMint,Recruiter H,Submitted,False,
APP22683,S10005,FinEdge,Recruiter A,Submitted,False,
APP22684,S10008,RetailPulse,Recruiter B,Interview,False,
APP22685,S10009,SecureStack,Recruiter E,Rejected,False,
APP22686,S10010,LogicLoop,Recruiter A,Interview,False,
APP22687,S10012,NextGen Systems,Recruiter B,Submitted,False,
APP22688,S10013,CloudSprint,Recruiter D,Submitted,False,
APP22689,S10014,FinEdge,Recruiter D,Screening,False,
APP22690,S10016,NextGen Systems,Recruiter C,Screening,False,
APP22691,S10019,MarketMint,Recruiter H,Offer,False,8.416732771445847
APP22692,S10021,TechNova,Recruiter F,Rejected,False,
APP22693,S10022,DataForge,Recruiter H,Rejected,False,
APP22694,S10023,NextGen Systems,Recruiter B,Screening,False,
APP22695,S10024,SecureStack,Recruiter D,Rejected,False,
APP22696,S10025,DataForge,Recruiter H,Submitted,False,
APP22697,S10028,FinEdge,Recruiter F,Interview,False,
APP22698,S10029,RetailPulse,Recruiter E,Rejected,False,
APP22699,S10031,LogicLoop,Recruiter E,Submitted,False,
APP22700,S10032,MarketMint,Recruiter G,Rejected,False,
APP22701,S10037,CloudSprint,Recruiter E,Rejected,False,
APP22702,S10039,BuildRight,Recruiter B,Submitted,False,
APP22703,S10042,NextGen Systems,Recruiter G,Screening,False,
APP22704,S10045,DataForge,Recruiter H,Submitted,False,
APP22705,S10046,TechNova,Recruiter H,Offer,False,5.3360398253508015
APP22706,S10050,RetailPulse,Recruiter B,Rejected,False,
APP22707,S10051,TechNova,Recruiter D,Screening,False,
APP22708,S10052,LogicLoop,Recruiter G,Submitted,False,
APP22709,S10056,DataForge,Recruiter E,Submitted,False,
APP22710,S10058,HealthByte,Recruiter F,Rejected,False,
APP22711,S10059,BuildRight,Recruiter A,Interview,False,
APP22712,S10061,BuildRight,Recruiter C,Submitted,False,
APP22713,S10062,FinEdge,Recruiter D,Rejected,False,
APP22714,S10063,BuildRight,Recruiter G,Submitted,False,
APP22715,S10064,NextGen Systems,Recruiter H,Offer,True,6.095878910600354
APP22716,S10065,CloudSprint,Recruiter A,Screening,False,
APP22717,S10067,TechNova,Recruiter D,Interview,False,
APP22718,S10068,LogicLoop,Recruiter E,Rejected,False,
APP22719,S10069,BuildRight,Recruiter C,Screening,False,
APP22720,S10074,SecureStack,Recruiter C,Offer,True,9.140124861101262
APP22721,S10075,RetailPulse,Recruiter D,Submitted,False,
APP22722,S10076,FinEdge,Recruiter C,Interview,False,
APP22723,S10077,RetailPulse,Recruiter H,Screening,False,
APP22724,S10078,NextGen Systems,Recruiter B,Offer,False,7.7368857429815145
APP22725,S10080,TechNova,Recruiter G,Interview,False,
APP22726,S10081,DataForge,Recruiter F,Submitted,False,
APP22727,S10084,SecureStack,Recruiter F,Interview,False,
APP22728,S10085,HealthByte,Recruiter C,Submitted,False,
APP22729,S10089,SecureStack,Recruiter E,Rejected,False,
APP22730,S10093,BuildRight,Recruiter E,Offer,True,9.982716742142813
APP22731,S10096,BuildRight,Recruiter F,Submitted,False,
APP22732,S10099,RetailPulse,Recruiter E,Submitted,False,
APP22733,S10100,NextGen Systems,Recruiter A,Rejected,False,
APP22734,S10102,NextGen Systems,Recruiter B,Screening,False,
APP22735,S10103,BuildRight,Recruiter E,Interview,False,
APP22736,S10104,LogicLoop,Recruiter G,Interview,False,
APP22737,S10107,FinEdge,Recruiter G,Submitted,False,
APP22738,S10108,InnoWorks,Recruiter H,Submitted,False,
APP22739,S10109,BuildRight,Recruiter F,Screening,False,
APP22740,S10110,SecureStack,Recruiter F,Rejected,False,
APP22741,S10111,LogicLoop,Recruiter B,Rejected,False,
APP22742,S10112,SecureStack,Recruiter D,Rejected,False,
APP22743,S10113,InnoWorks,Recruiter C,Interview,False,
APP22744,S10115,HealthByte,Recruiter H,Submitted,False,
APP22745,S10118,CloudSprint,Recruiter D,Rejected,False,
APP22746,S10119,RetailPulse,Recruiter C,Offer,True,7.496360538259036
APP22747,S10123,MarketMint,Recruiter G,Rejected,False,
APP22748,S10129,DataForge,Recruiter H,Offer,True,7.343819844429004
APP22749,S10130,DataForge,Recruiter G,Rejected,False,
APP22750,S10131,RetailPulse,Recruiter F,Submitted,False,
APP22751,S10132,BuildRight,Recruiter A,Submitted,False,
APP22752,S10133,RetailPulse,Recruiter F,Interview,False,
APP22753,S10136,TechNova,Recruiter D,Submitted,False,
APP22754,S10137,LogicLoop,Recruiter B,Submitted,False,
APP22755,S10139,RetailPulse,Recruiter D,Submitted,False,
APP22756,S10140,FinEdge,Recruiter H,Submitted,False,
APP22757,S10144,HealthByte,Recruiter F,Rejected,False,
APP22758,S10145,SecureStack,Recruiter G,Interview,False,
APP22759,S10147,FinEdge,Recruiter D,Rejected,False,
APP22760,S10148,BuildRight,Recruiter B,Screening,False,
APP22761,S10149,HealthByte,Recruiter B,Submitted,False,
APP22762,S10152,InnoWorks,Recruiter E,Interview,False,
APP22763,S10154,HealthByte,Recruiter F,Submitted,False,
APP22764,S10155,TechNova,Recruiter E,Rejected,False,
APP22765,S10156,InnoWorks,Recruiter C,Submitted,False,
APP22766,S10157,SecureStack,Recruiter F,Offer,False,9.1032152234887
APP22767,S10159,NextGen Systems,Recruiter H,Offer,False,10.056730855176198
APP22768,S10160,FinEdge,Recruiter H,Submitted,False,
APP22769,S10162,DataForge,Recruiter F,Submitted,False,
APP22770,S10163,BuildRight,Recruiter E,Rejected,False,
APP22771,S10164,SecureStack,Recruiter G,Rejected,False,
APP22772,S10167,CloudSprint,Recruiter F,Rejected,False,
APP22773,S10168,CloudSprint,Recruiter E,Interview,False,
APP22774,S10169,CloudSprint,Recruiter E,Interview,False,
APP22775,S10172,CloudSprint,Recruiter B,Screening,False,
APP22776,S10173,SecureStack,Recruiter D,Screening,False,
APP22777,S10175,SecureStack,Recruiter H,Screening,False,
APP22778,S10179,NextGen Systems,Recruiter E,Submitted,False,
APP22779,S10181,CloudSprint,Recruiter F,Rejected,False,
APP22780,S10185,RetailPulse,Recruiter D,Screening,False,
APP22781,S10186,LogicLoop,Recruiter B,Rejected,False,
APP22782,S10187,LogicLoop,Recruiter H,Interview,False,
APP22783,S10188,TechNova,Recruiter G,Screening,False,
APP22784,S10189,HealthByte,Recruiter A,Rejected,False,
APP22785,S10190,CloudSprint,Recruiter G,Rejected,False,
APP22786,S10191,NextGen Systems,Recruiter G,Submitted,False,
APP22787,S10196,FinEdge,Recruiter F,Offer,False,9.225547341522299
APP22788,S10197,TechNova,Recruiter H,Interview,False,
APP22789,S10198,CloudSprint,Recruiter D,Rejected,False,
APP22790,S10203,DataForge,Recruiter D,Submitted,False,
APP22791,S10205,CloudSprint,Recruiter H,Rejected,False,
APP22792,S10208,CloudSprint,Recruiter D,Rejected,False,
APP22793,S10210,InnoWorks,Recruiter G,Interview,False,
APP22794,S10211,LogicLoop,Recruiter H,Screening,False,
APP22795,S10212,TechNova,Recruiter F,Interview,False,
APP22796,S10214,RetailPulse,Recruiter B,Submitted,False,
APP22797,S10215,BuildRight,Recruiter B,Screening,False,
APP22798,S10217,InnoWorks,Recruiter E,Screening,False,
APP22799,S10220,NextGen Systems,Recruiter E,Interview,False,
APP22800,S10221,RetailPulse,Recruiter E,Interview,False,
APP22801,S10223,HealthByte,Recruiter C,Screening,False,
APP22802,S10224,DataForge,Recruiter A,Submitted,False,
APP22803,S10226,HealthByte,Recruiter D,Interview,False,
APP22804,S10227,CloudSprint,Recruiter G,Submitted,False,
APP22805,S10228,LogicLoop,Recruiter E,Offer,False,9.380845648293038
APP22806,S10230,RetailPulse,Recruiter B,Rejected,False,
APP22807,S10237,TechNova,Recruiter B,Interview,False,
APP22808,S10238,LogicLoop,Recruiter D,Submitted,False,
APP22809,S10240,DataForge,Recruiter A,Rejected,False,
APP22810,S10241,CloudSprint,Recruiter B,Screening,False,
APP22811,S10242,FinEdge,Recruiter G,Rejected,False,
APP22812,S10243,LogicLoop,Recruiter F,Interview,False,
APP22813,S10244,SecureStack,Recruiter F,Offer,True,6.882943019653449
APP22814,S10245,HealthByte,Recruiter E,Interview,False,
APP22815,S10247,LogicLoop,Recruiter E,Rejected,False,
APP22816,S10248,FinEdge,Recruiter D,Offer,True,8.453645736414806
APP22817,S10249,CloudSprint,Recruiter F,Rejected,False,
APP22818,S10252,NextGen Systems,Recruiter D,Interview,False,
APP22819,S10255,CloudSprint,Recruiter H,Submitted,False,
APP22820,S10256,FinEdge,Recruiter F,Submitted,False,
APP22821,S10257,FinEdge,Recruiter H,Rejected,False,
APP22822,S10258,InnoWorks,Recruiter C,Screening,False,
APP22823,S10263,NextGen Systems,Recruiter D,Submitted,False,
APP22824,S10264,DataForge,Recruiter A,Submitted,False,
APP22825,S10266,RetailPulse,Recruiter G,Screening,False,
APP22826,S10271,SecureStack,Recruiter C,Submitted,False,
APP22827,S10272,CloudSprint,Recruiter E,Submitted,False,
APP22828,S10273,FinEdge,Recruiter H,Rejected,False,
APP22829,S10274,FinEdge,Recruiter F,Rejected,False,
APP22830,S10275,InnoWorks,Recruiter F,Submitted,False,
APP22831,S10276,InnoWorks,Recruiter H,Rejected,False,
APP22832,S10277,DataForge,Recruiter F,Rejected,False,
APP22833,S10278,BuildRight,Recruiter E,Interview,False,
APP22834,S10280,SecureStack,Recruiter C,Submitted,False,
APP22835,S10281,MarketMint,Recruiter F,Offer,True,7.806852224502669
APP22836,S10282,MarketMint,Recruiter E,Rejected,False,
APP22837,S10283,LogicLoop,Recruiter C,Interview,False,
APP22838,S10284,DataForge,Recruiter E,Offer,True,5.834590705743116
APP22839,S10285,BuildRight,Recruiter C,Offer,False,11.064675772825774
APP22840,S10286,BuildRight,Recruiter E,Screening,False,
APP22841,S10287,InnoWorks,Recruiter B,Rejected,False,
APP22842,S10288,NextGen Systems,Recruiter G,Submitted,False,
APP22843,S10289,TechNova,Recruiter D,Screening,False,
APP22844,S10295,InnoWorks,Recruiter E,Rejected,False,
APP22845,S10299,MarketMint,Recruiter H,Interview,False,
APP22846,S10301,MarketMint,Recruiter H,Submitted,False,
APP22847,S10305,NextGen Systems,Recruiter G,Submitted,False,
APP22848,S10306,InnoWorks,Recruiter D,Submitted,False,
APP22849,S10307,RetailPulse,Recruiter D,Rejected,False,
APP22850,S10309,LogicLoop,Recruiter D,Rejected,False,
APP22851,S10310,DataForge,Recruiter C,Submitted,False,
APP22852,S10311,NextGen Systems,Recruiter E,Screening,False,
APP22853,S10314,NextGen Systems,Recruiter C,Offer,True,5.114964728423424
APP22854,S10316,LogicLoop,Recruiter F,Submitted,False,
APP22855,S10317,LogicLoop,Recruiter C,Interview,False,
APP22856,S10320,BuildRight,Recruiter A,Rejected,False,
APP22857,S10321,DataForge,Recruiter E,Submitted,False,
APP22858,S10326,NextGen Systems,Recruiter B,Rejected,False,
APP22859,S10329,HealthByte,Recruiter G,Screening,False,
APP22860,S10330,MarketMint,Recruiter C,Interview,False,
APP22861,S10335,SecureStack,Recruiter E,Offer,True,4.99399700227581
APP22862,S10342,SecureStack,Recruiter C,Rejected,False,
APP22863,S10348,LogicLoop,Recruiter E,Rejected,False,
APP22864,S10349,BuildRight,Recruiter D,Offer,True,10.773167319649556
APP22865,S10350,HealthByte,Recruiter D,Interview,False,
APP22866,S10352,SecureStack,Recruiter C,Screening,False,
APP22867,S10354,MarketMint,Recruiter G,Offer,True,6.832679267839088
APP22868,S10357,LogicLoop,Recruiter D,Rejected,False,
APP22869,S10359,RetailPulse,Recruiter A,Interview,False,
APP22870,S10363,RetailPulse,Recruiter B,Interview,False,
APP22871,S10365,NextGen Systems,Recruiter D,Rejected,False,
APP22872,S10366,TechNova,Recruiter E,Interview,False,
APP22873,S10367,TechNova,Recruiter G,Interview,False,
APP22874,S10370,SecureStack,Recruiter A,Offer,True,7.951129680227704
APP22875,S10371,RetailPulse,Recruiter H,Rejected,False,
APP22876,S10373,DataForge,Recruiter G,Rejected,False,
APP22877,S10374,TechNova,Recruiter D,Screening,False,
APP22878,S10375,CloudSprint,Recruiter E,Screening,False,
APP22879,S10378,NextGen Systems,Recruiter A,Interview,False,
APP22880,S10383,CloudSprint,Recruiter G,Interview,False,
APP22881,S10384,RetailPulse,Recruiter H,Rejected,False,
APP22882,S10385,HealthByte,Recruiter C,Submitted,False,
APP22883,S10389,BuildRight,Recruiter A,Submitted,False,
APP22884,S10390,LogicLoop,Recruiter C,Interview,False,
APP22885,S10391,CloudSprint,Recruiter B,Submitted,False,
APP22886,S10392,RetailPulse,Recruiter B,Rejected,False,
APP22887,S10393,MarketMint,Recruiter A,Submitted,False,
APP22888,S10394,SecureStack,Recruiter F,Screening,False,
APP22889,S10396,MarketMint,Recruiter E,Submitted,False,
APP22890,S10398,HealthByte,Recruiter G,Submitted,False,
APP22891,S10399,FinEdge,Recruiter F,Rejected,False,
APP22892,S10402,NextGen Systems,Recruiter G,Screening,False,
APP22893,S10403,FinEdge,Recruiter C,Rejected,False,
APP22894,S10405,MarketMint,Recruiter B,Interview,False,
APP22895,S10408,HealthByte,Recruiter G,Screening,False,
APP22896,S10410,LogicLoop,Recruiter E,Rejected,False,
APP22897,S10412,BuildRight,Recruiter C,Rejected,False,
APP22898,S10413,CloudSprint,Recruiter D,Interview,False,
APP22899,S10415,CloudSprint,Recruiter G,Rejected,False,
APP22900,S10417,TechNova,Recruiter D,Submitted,False,
APP22901,S10418,RetailPulse,Recruiter E,Rejected,False,
APP22902,S10420,InnoWorks,Recruiter H,Interview,False,
APP22903,S10421,BuildRight,Recruiter F,Interview,False,
APP22904,S10423,CloudSprint,Recruiter D,Rejected,False,
APP22905,S10424,TechNova,Recruiter G,Rejected,False,
APP22906,S10426,HealthByte,Recruiter B,Interview,False,
APP22907,S10427,InnoWorks,Recruiter F,Interview,False,
APP22908,S10428,LogicLoop,Recruiter D,Rejected,False,
APP22909,S10429,RetailPulse,Recruiter B,Offer,True,7.060607331162258
APP22910,S10430,InnoWorks,Recruiter E,Submitted,False,
APP22911,S10431,DataForge,Recruiter B,Interview,False,
APP22912,S10435,RetailPulse,Recruiter C,Submitted,False,
APP22913,S10440,NextGen Systems,Recruiter G,Screening,False,
APP22914,S10446,DataForge,Recruiter G,Offer,True,7.115176794757379
APP22915,S10447,HealthByte,Recruiter B,Offer,True,9.150123969147517
APP22916,S10450,FinEdge,Recruiter C,Rejected,False,
APP22917,S10457,SecureStack,Recruiter F,Screening,False,
APP22918,S10459,CloudSprint,Recruiter C,Interview,False,
APP22919,S10462,TechNova,Recruiter F,Interview,False,
APP22920,S10464,SecureStack,Recruiter E,Screening,False,
APP22921,S10465,MarketMint,Recruiter E,Rejected,False,
APP22922,S10466,LogicLoop,Recruiter C,Interview,False,
APP22923,S10467,MarketMint,Recruiter F,Offer,False,9.04284895505215
APP22924,S10468,RetailPulse,Recruiter D,Interview,False,
APP22925,S10470,RetailPulse,Recruiter C,Submitted,False,
APP22926,S10473,FinEdge,Recruiter A,Rejected,False,
APP22927,S10474,RetailPulse,Recruiter E,Submitted,False,
APP22928,S10476,HealthByte,Recruiter F,Interview,False,
APP22929,S10477,BuildRight,Recruiter H,Rejected,False,
APP22930,S10481,RetailPulse,Recruiter B,Screening,False,
APP22931,S10482,CloudSprint,Recruiter H,Submitted,False,
APP22932,S10484,NextGen Systems,Recruiter A,Interview,False,
APP22933,S10486,SecureStack,Recruiter D,Submitted,False,
APP22934,S10487,CloudSprint,Recruiter E,Rejected,False,
APP22935,S10488,DataForge,Recruiter F,Interview,False,
APP22936,S10490,LogicLoop,Recruiter A,Rejected,False,
APP22937,S10493,MarketMint,Recruiter C,Interview,False,
APP22938,S10494,TechNova,Recruiter H,Screening,False,
APP22939,S10495,HealthByte,Recruiter E,Rejected,False,
APP22940,S10496,BuildRight,Recruiter C,Rejected,False,
APP22941,S10497,FinEdge,Recruiter A,Interview,False,
APP22942,S10498,InnoWorks,Recruiter G,Rejected,False,
APP22943,S10500,BuildRight,Recruiter D,Submitted,False,
APP22944,S10503,MarketMint,Recruiter A,Offer,False,8.415003931504302
APP22945,S10505,LogicLoop,Recruiter H,Interview,False,
APP22946,S10506,MarketMint,Recruiter C,Rejected,False,
APP22947,S10507,LogicLoop,Recruiter H,Submitted,False,
APP22948,S10511,CloudSprint,Recruiter A,Interview,False,
APP22949,S10513,NextGen Systems,Recruiter D,Submitted,False,
APP22950,S10514,FinEdge,Recruiter D,Offer,True,6.598317538185383
APP22951,S10515,HealthByte,Recruiter D,Rejected,False,
APP22952,S10516,HealthByte,Recruiter E,Interview,False,
APP22953,S10517,DataForge,Recruiter D,Rejected,False,
APP22954,S10518,DataForge,Recruiter G,Rejected,False,
APP22955,S10519,NextGen Systems,Recruiter H,Interview,False,
APP22956,S10527,SecureStack,Recruiter C,Offer,False,6.154248456538533
APP22957,S10530,MarketMint,Recruiter F,Rejected,False,
APP22958,S10531,BuildRight,Recruiter D,Rejected,False,
APP22959,S10532,FinEdge,Recruiter H,Interview,False,
APP22960,S10533,SecureStack,Recruiter A,Submitted,False,
APP22961,S10535,FinEdge,Recruiter E,Screening,False,
APP22962,S10538,InnoWorks,Recruiter A,Submitted,False,
APP22963,S10539,InnoWorks,Recruiter H,Offer,False,9.878963870015102
APP22964,S10540,LogicLoop,Recruiter H,Offer,True,6.932070001016103
APP22965,S10545,NextGen Systems,Recruiter G,Interview,False,
APP22966,S10550,SecureStack,Recruiter C,Interview,False,
APP22967,S10551,SecureStack,Recruiter G,Rejected,False,
APP22968,S10552,NextGen Systems,Recruiter E,Interview,False,
APP22969,S10554,LogicLoop,Recruiter B,Screening,False,
APP22970,S10557,DataForge,Recruiter B,Screening,False,
APP22971,S10558,TechNova,Recruiter A,Interview,False,
APP22972,S10559,NextGen Systems,Recruiter H,Submitted,False,
APP22973,S10561,FinEdge,Recruiter G,Rejected,False,
APP22974,S10562,RetailPulse,Recruiter H,Rejected,False,
APP22975,S10563,LogicLoop,Recruiter D,Screening,False,
APP22976,S10564,MarketMint,Recruiter A,Rejected,False,
APP22977,S10565,CloudSprint,Recruiter B,Interview,False,
APP22978,S10566,TechNova,Recruiter F,Interview,False,
APP22979,S10568,TechNova,Recruiter C,Screening,False,
APP22980,S10569,FinEdge,Recruiter D,Interview,False,
APP22981,S10570,LogicLoop,Recruiter A,Interview,False,
APP22982,S10571,DataForge,Recruiter E,Interview,False,
APP22983,S10572,FinEdge,Recruiter C,Screening,False,
APP22984,S10574,MarketMint,Recruiter E,Screening,False,
APP22985,S10575,MarketMint,Recruiter F,Interview,False,
APP22986,S10576,RetailPulse,Recruiter E,Rejected,False,
APP22987,S10577,MarketMint,Recruiter C,Screening,False,
APP22988,S10578,RetailPulse,Recruiter E,Rejected,False,
APP22989,S10579,HealthByte,Recruiter E,Screening,False,
APP22990,S10580,NextGen Systems,Recruiter E,Screening,False,
APP22991,S10582,FinEdge,Recruiter B,Submitted,False,
APP22992,S10583,InnoWorks,Recruiter E,Interview,False,
APP22993,S10586,BuildRight,Recruiter F,Screening,False,
APP22994,S10587,MarketMint,Recruiter C,Submitted,False,
APP22995,S10588,TechNova,Recruiter C,Interview,False,
APP22996,S10589,MarketMint,Recruiter D,Screening,False,
APP22997,S10590,BuildRight,Recruiter B,Rejected,False,
APP22998,S10594,HealthByte,Recruiter G,Screening,False,
APP22999,S10595,TechNova,Recruiter G,Submitted,False,
APP23000,S10596,CloudSprint,Recruiter H,Interview,False,
APP23001,S10598,TechNova,Recruiter E,Rejected,False,
APP23002,S10599,SecureStack,Recruiter G,Submitted,False,
APP23003,S10600,CloudSprint,Recruiter H,Rejected,False,
APP23004,S10603,CloudSprint,Recruiter D,Rejected,False,
APP23005,S10606,RetailPulse,Recruiter B,Submitted,False,
APP23006,S10607,DataForge,Recruiter F,Submitted,False,
APP23007,S10609,MarketMint,Recruiter F,Interview,False,
APP23008,S10610,NextGen Systems,Recruiter E,Interview,False,
APP23009,S10614,FinEdge,Recruiter H,Submitted,False,
APP23010,S10615,InnoWorks,Recruiter F,Rejected,False,
APP23011,S10616,FinEdge,Recruiter H,Submitted,False,
APP23012,S10617,InnoWorks,Recruiter A,Submitted,False,
APP23013,S10618,InnoWorks,Recruiter F,Submitted,False,
APP23014,S10620,SecureStack,Recruiter A,Screening,False,
APP23015,S10624,NextGen Systems,Recruiter F,Submitted,False,
APP23016,S10625,MarketMint,Recruiter C,Screening,False,
APP23017,S10627,LogicLoop,Recruiter A,Rejected,False,
APP23018,S10628,MarketMint,Recruiter F,Screening,False,
APP23019,S10629,RetailPulse,Recruiter A,Screening,False,
APP23020,S10631,RetailPulse,Recruiter F,Screening,False,
APP23021,S10632,DataForge,Recruiter A,Screening,False,
APP23022,S10636,RetailPulse,Recruiter H,Rejected,False,
APP23023,S10637,CloudSprint,Recruiter C,Rejected,False,
APP23024,S10638,CloudSprint,Recruiter F,Submitted,False,
APP23025,S10639,NextGen Systems,Recruiter G,Rejected,False,
APP23026,S10641,CloudSprint,Recruiter G,Submitted,False,
APP23027,S10643,RetailPulse,Recruiter F,Interview,False,
APP23028,S10645,LogicLoop,Recruiter A,Screening,False,
APP23029,S10646,RetailPulse,Recruiter G,Submitted,False,
APP23030,S10648,RetailPulse,Recruiter D,Submitted,False,
APP23031,S10650,CloudSprint,Recruiter G,Offer,True,7.626842169638329
APP23032,S10651,TechNova,Recruiter C,Submitted,False,
APP23033,S10655,SecureStack,Recruiter G,Interview,False,
APP23034,S10658,SecureStack,Recruiter E,Screening,False,
APP23035,S10659,NextGen Systems,Recruiter G,Rejected,False,
APP23036,S10661,RetailPulse,Recruiter E,Offer,True,7.969500870119335
APP23037,S10662,HealthByte,Recruiter H,Offer,False,7.571881399584745
APP23038,S10663,InnoWorks,Recruiter F,Submitted,False,
APP23039,S10665,RetailPulse,Recruiter F,Rejected,False,
APP23040,S10667,TechNova,Recruiter A,Submitted,False,
APP23041,S10669,BuildRight,Recruiter D,Rejected,False,
APP23042,S10670,CloudSprint,Recruiter F,Offer,True,5.650898744832931
APP23043,S10675,BuildRight,Recruiter C,Rejected,False,
APP23044,S10676,BuildRight,Recruiter G,Submitted,False,
APP23045,S10677,FinEdge,Recruiter B,Interview,False,
APP23046,S10678,CloudSprint,Recruiter E,Submitted,False,
APP23047,S10679,MarketMint,Recruiter F,Interview,False,
APP23048,S10683,InnoWorks,Recruiter E,Rejected,False,
APP23049,S10685,SecureStack,Recruiter H,Submitted,False,
APP23050,S10686,NextGen Systems,Recruiter D,Screening,False,
APP23051,S10688,RetailPulse,Recruiter G,Interview,False,
APP23052,S10691,DataForge,Recruiter H,Screening,False,
APP23053,S10692,LogicLoop,Recruiter F,Rejected,False,
APP23054,S10697,CloudSprint,Recruiter G,Screening,False,
APP23055,S10698,MarketMint,Recruiter G,Rejected,False,
APP23056,S10699,TechNova,Recruiter E,Rejected,False,
APP23057,S10700,InnoWorks,Recruiter A,Screening,False,
APP23058,S10704,HealthByte,Recruiter E,Interview,False,
APP23059,S10706,SecureStack,Recruiter D,Rejected,False,
APP23060,S10707,BuildRight,Recruiter D,Interview,False,
APP23061,S10710,FinEdge,Recruiter D,Rejected,False,
APP23062,S10713,RetailPulse,Recruiter F,Interview,False,
APP23063,S10715,InnoWorks,Recruiter E,Interview,False,
APP23064,S10717,SecureStack,Recruiter H,Submitted,False,
APP23065,S10718,DataForge,Recruiter H,Screening,False,
APP23066,S10720,RetailPulse,Recruiter A,Interview,False,
APP23067,S10721,RetailPulse,Recruiter E,Screening,False,
APP23068,S10728,BuildRight,Recruiter F,Rejected,False,
APP23069,S10729,HealthByte,Recruiter B,Rejected,False,
APP23070,S10730,InnoWorks,Recruiter C,Offer,True,10.797597404764485
APP23071,S10735,FinEdge,Recruiter B,Interview,False,
APP23072,S10736,TechNova,Recruiter C,Screening,False,
APP23073,S10738,BuildRight,Recruiter G,Interview,False,
APP23074,S10739,InnoWorks,Recruiter D,Interview,False,
APP23075,S10740,NextGen Systems,Recruiter E,Interview,False,
APP23076,S10742,CloudSprint,Recruiter A,Interview,False,
APP23077,S10743,SecureStack,Recruiter E,Rejected,False,
APP23078,S10744,MarketMint,Recruiter C,Submitted,False,
APP23079,S10746,CloudSprint,Recruiter B,Offer,False,5.9992188377125055
APP23080,S10751,DataForge,Recruiter F,Interview,False,
APP23081,S10753,BuildRight,Recruiter H,Submitted,False,
APP23082,S10754,BuildRight,Recruiter D,Screening,False,
APP23083,S10755,FinEdge,Recruiter G,Interview,False,
APP23084,S10758,HealthByte,Recruiter B,Interview,False,
APP23085,S10760,CloudSprint,Recruiter E,Submitted,False,
APP23086,S10761,TechNova,Recruiter E,Interview,False,
APP23087,S10762,NextGen Systems,Recruiter B,Submitted,False,
APP23088,S10763,LogicLoop,Recruiter E,Submitted,False,
APP23089,S10765,InnoWorks,Recruiter H,Screening,False,
APP23090,S10768,DataForge,Recruiter F,Submitted,False,
APP23091,S10770,BuildRight,Recruiter G,Submitted,False,
APP23092,S10777,RetailPulse,Recruiter B,Screening,False,
APP23093,S10778,RetailPulse,Recruiter B,Interview,False,
APP23094,S10779,SecureStack,Recruiter C,Rejected,False,
APP23095,S10781,DataForge,Recruiter F,Rejected,False,
APP23096,S10784,SecureStack,Recruiter A,Submitted,False,
APP23097,S10788,SecureStack,Recruiter D,Rejected,False,
APP23098,S10790,NextGen Systems,Recruiter B,Submitted,False,
APP23099,S10791,LogicLoop,Recruiter G,Rejected,False,
APP23100,S10793,TechNova,Recruiter D,Rejected,False,
APP23101,S10794,CloudSprint,Recruiter E,Submitted,False,
APP23102,S10795,MarketMint,Recruiter B,Interview,False,
APP23103,S10796,InnoWorks,Recruiter B,Screening,False,
APP23104,S10797,LogicLoop,Recruiter G,Offer,False,6.292609694808955
APP23105,S10798,CloudSprint,Recruiter B,Rejected,False,
APP23106,S10799,InnoWorks,Recruiter H,Offer,True,4.8944055623599505
APP23107,S10801,SecureStack,Recruiter C,Screening,False,
APP23108,S10802,MarketMint,Recruiter B,Offer,False,7.4443364930230675
APP23109,S10803,SecureStack,Recruiter B,Interview,False,
APP23110,S10805,RetailPulse,Recruiter G,Interview,False,
APP23111,S10807,InnoWorks,Recruiter F,Rejected,False,
APP23112,S10808,RetailPulse,Recruiter F,Rejected,False,
APP23113,S10809,CloudSprint,Recruiter G,Rejected,False,
APP23114,S10811,SecureStack,Recruiter C,Offer,False,9.337043432809466
APP23115,S10815,LogicLoop,Recruiter B,Submitted,False,
APP23116,S10817,RetailPulse,Recruiter A,Interview,False,
APP23117,S10820,HealthByte,Recruiter A,Offer,True,7.102274808032205
APP23118,S10821,CloudSprint,Recruiter E,Interview,False,
APP23119,S10822,RetailPulse,Recruiter D,Interview,False,
APP23120,S10828,TechNova,Recruiter B,Rejected,False,
APP23121,S10829,RetailPulse,Recruiter H,Submitted,False,
APP23122,S10832,InnoWorks,Recruiter G,Interview,False,
APP23123,S10833,DataForge,Recruiter E,Interview,False,
APP23124,S10834,TechNova,Recruiter C,Rejected,False,
APP23125,S10835,RetailPulse,Recruiter C,Offer,True,8.511923648146585
APP23126,S10836,InnoWorks,Recruiter B,Offer,True,6.964105694692465
APP23127,S10837,BuildRight,Recruiter H,Interview,False,
APP23128,S10840,LogicLoop,Recruiter F,Interview,False,
APP23129,S10842,DataForge,Recruiter A,Interview,False,
APP23130,S10844,TechNova,Recruiter A,Interview,False,
APP23131,S10850,InnoWorks,Recruiter E,Screening,False,
APP23132,S10852,FinEdge,Recruiter E,Interview,False,
APP23133,S10854,LogicLoop,Recruiter D,Rejected,False,
APP23134,S10855,RetailPulse,Recruiter H,Rejected,False,
APP23135,S10858,InnoWorks,Recruiter H,Submitted,False,
APP23136,S10859,NextGen Systems,Recruiter F,Submitted,False,
APP23137,S10861,RetailPulse,Recruiter E,Screening,False,
APP23138,S10862,FinEdge,Recruiter G,Interview,False,
APP23139,S10863,SecureStack,Recruiter B,Interview,False,
APP23140,S10865,InnoWorks,Recruiter C,Offer,False,8.11380841352894
APP23141,S10866,BuildRight,Recruiter B,Rejected,False,
APP23142,S10867,HealthByte,Recruiter H,Offer,False,9.09664897720686
APP23143,S10868,InnoWorks,Recruiter B,Submitted,False,
APP23144,S10869,MarketMint,Recruiter A,Submitted,False,
APP23145,S10870,SecureStack,Recruiter B,Screening,False,
APP23146,S10871,DataForge,Recruiter F,Submitted,False,
APP23147,S10872,HealthByte,Recruiter A,Rejected,False,
APP23148,S10875,MarketMint,Recruiter E,Submitted,False,
APP23149,S10877,BuildRight,Recruiter F,Submitted,False,
APP23150,S10879,SecureStack,Recruiter C,Rejected,False,
APP23151,S10880,InnoWorks,Recruiter B,Rejected,False,
APP23152,S10881,MarketMint,Recruiter H,Rejected,False,
APP23153,S10883,LogicLoop,Recruiter B,Rejected,False,
APP23154,S10885,NextGen Systems,Recruiter H,Interview,False,
APP23155,S10889,TechNova,Recruiter G,Submitted,False,
APP23156,S10890,FinEdge,Recruiter C,Rejected,False,
APP23157,S10891,TechNova,Recruiter E,Screening,False,
APP23158,S10895,HealthByte,Recruiter H,Submitted,False,
APP23159,S10898,InnoWorks,Recruiter G,Submitted,False,
APP23160,S10899,CloudSprint,Recruiter B,Submitted,False,
APP23161,S10903,InnoWorks,Recruiter D,Submitted,False,
APP23162,S10904,NextGen Systems,Recruiter D,Rejected,False,
APP23163,S10907,TechNova,Recruiter D,Rejected,False,
APP23164,S10912,InnoWorks,Recruiter H,Rejected,False,
APP23165,S10913,LogicLoop,Recruiter H,Rejected,False,
APP23166,S10914,TechNova,Recruiter A,Submitted,False,
APP23167,S10916,DataForge,Recruiter E,Interview,False,
APP23168,S10917,NextGen Systems,Recruiter F,Rejected,False,
APP23169,S10919,DataForge,Recruiter B,Screening,False,
APP23170,S10921,InnoWorks,Recruiter G,Interview,False,
APP23171,S10924,FinEdge,Recruiter B,Rejected,False,
APP23172,S10925,FinEdge,Recruiter F,Screening,False,
APP23173,S10927,SecureStack,Recruiter F,Interview,False,
APP23174,S10928,MarketMint,Recruiter G,Submitted,False,
APP23175,S10929,TechNova,Recruiter H,Rejected,False,
APP23176,S10931,FinEdge,Recruiter C,Offer,False,6.747721161661617
APP23177,S10932,CloudSprint,Recruiter G,Screening,False,
APP23178,S10938,RetailPulse,Recruiter B,Submitted,False,
APP23179,S10939,SecureStack,Recruiter H,Rejected,False,
APP23180,S10940,BuildRight,Recruiter C,Rejected,False,
APP23181,S10941,DataForge,Recruiter G,Interview,False,
APP23182,S10942,TechNova,Recruiter H,Submitted,False,
APP23183,S10943,NextGen Systems,Recruiter B,Submitted,False,
APP23184,S10946,BuildRight,Recruiter A,Offer,True,7.5190672756311026
APP23185,S10947,HealthByte,Recruiter C,Screening,False,
APP23186,S10948,SecureStack,Recruiter C,Screening,False,
APP23187,S10949,MarketMint,Recruiter E,Interview,False,
APP23188,S10951,InnoWorks,Recruiter G,Submitted,False,
APP23189,S10952,LogicLoop,Recruiter B,Rejected,False,
APP23190,S10954,SecureStack,Recruiter D,Rejected,False,
APP23191,S10957,RetailPulse,Recruiter D,Rejected,False,
APP23192,S10958,CloudSprint,Recruiter B,Rejected,False,
APP23193,S10961,SecureStack,Recruiter G,Submitted,False,
APP23194,S10962,FinEdge,Recruiter E,Interview,False,
APP23195,S10963,RetailPulse,Recruiter B,Screening,False,
APP23196,S10964,RetailPulse,Recruiter H,Rejected,False,
APP23197,S10965,HealthByte,Recruiter E,Submitted,False,
APP23198,S10966,TechNova,Recruiter E,Rejected,False,
APP23199,S10968,TechNova,Recruiter E,Screening,False,
