event_id,event_name,event_timestamp,seller_id,job_id,session_id,source,platform,event_version,job_category,location,skill_count,publication_status,close_reason,changed_fields,pause_reason
E000001,job_post_started,2026-08-01 11:08:00,S001,J0001,SESS_J0001,synthetic_demo,web,1.0,Business Analyst,Hyderabad,,,,,
E000002,job_post_completed,2026-08-01 11:19:00,S001,J0001,SESS_J0001,synthetic_demo,mobile,1.0,Business Analyst,Hyderabad,6.0,,,,
E000003,job_post_published,2026-08-01 12:50:00,S001,J0001,SESS_J0001,synthetic_demo,web,1.0,Business Analyst,Hyderabad,,published,,,
E000004,job_post_closed,2026-08-06 12:50:00,S001,J0001,SESS_J0001,synthetic_demo,mobile,1.0,Business Analyst,Hyderabad,,,expired,,
E000005,job_post_started,2026-08-01 12:51:00,S008,J0002,SESS_J0002,synthetic_demo,web,1.0,UI/UX Designer,Chennai,,,,,
E000006,job_post_completed,2026-08-01 12:56:00,S008,J0002,SESS_J0002,synthetic_demo,mobile,1.0,UI/UX Designer,Chennai,7.0,,,,
E000007,job_post_published,2026-08-01 14:38:00,S008,J0002,SESS_J0002,synthetic_demo,web,1.0,UI/UX Designer,Chennai,,published,,,
E000008,job_post_closed,2026-08-09 14:38:00,S008,J0002,SESS_J0002,synthetic_demo,mobile,1.0,UI/UX Designer,Chennai,,,position_filled,,
E000009,job_post_started,2026-08-01 12:51:00,S028,J0003,SESS_J0003,synthetic_demo,mobile,1.0,Business Analyst,Chennai,,,,,
E000010,job_post_completed,2026-08-01 12:58:00,S028,J0003,SESS_J0003,synthetic_demo,web,1.0,Business Analyst,Chennai,6.0,,,,
E000011,job_post_started,2026-08-01 12:53:00,S013,J0004,SESS_J0004,synthetic_demo,mobile,1.0,Data Analyst,Chennai,,,,,
E000012,job_post_completed,2026-08-01 13:38:00,S013,J0004,SESS_J0004,synthetic_demo,web,1.0,Data Analyst,Chennai,6.0,,,,
E000013,job_post_published,2026-08-01 15:02:00,S013,J0004,SESS_J0004,synthetic_demo,web,1.0,Data Analyst,Chennai,,published,,,
E000014,job_post_started,2026-08-01 14:17:00,S028,J0005,SESS_J0005,synthetic_demo,mobile,1.0,Software Developer,Bengaluru,,,,,
E000015,job_post_completed,2026-08-01 14:51:00,S028,J0005,SESS_J0005,synthetic_demo,mobile,1.0,Software Developer,Bengaluru,3.0,,,,
E000016,job_post_published,2026-08-01 16:17:00,S028,J0005,SESS_J0005,synthetic_demo,mobile,1.0,Software Developer,Bengaluru,,published,,,
E000017,job_post_closed,2026-08-13 16:17:00,S028,J0005,SESS_J0005,synthetic_demo,web,1.0,Software Developer,Bengaluru,,,position_filled,,
E000018,job_post_started,2026-08-02 16:14:00,S015,J0006,SESS_J0006,synthetic_demo,web,1.0,UI/UX Designer,Mumbai,,,,,
E000019,job_post_completed,2026-08-02 16:39:00,S015,J0006,SESS_J0006,synthetic_demo,web,1.0,UI/UX Designer,Mumbai,3.0,,,,
E000020,job_post_published,2026-08-02 18:31:00,S015,J0006,SESS_J0006,synthetic_demo,mobile,1.0,UI/UX Designer,Mumbai,,published,,,
E000021,job_post_started,2026-08-02 15:25:00,S029,J0007,SESS_J0007,synthetic_demo,mobile,1.0,Business Analyst,Hyderabad,,,,,
E000022,job_post_completed,2026-08-02 15:59:00,S029,J0007,SESS_J0007,synthetic_demo,web,1.0,Business Analyst,Hyderabad,3.0,,,,
E000023,job_post_published,2026-08-02 16:22:00,S029,J0007,SESS_J0007,synthetic_demo,mobile,1.0,Business Analyst,Hyderabad,,published,,,
E000024,job_post_started,2026-08-02 16:31:00,S012,J0008,SESS_J0008,synthetic_demo,web,1.0,Software Developer,Hyderabad,,,,,
E000025,job_post_completed,2026-08-02 16:41:00,S012,J0008,SESS_J0008,synthetic_demo,web,1.0,Software Developer,Hyderabad,2.0,,,,
E000026,job_post_published,2026-08-02 18:22:00,S012,J0008,SESS_J0008,synthetic_demo,mobile,1.0,Software Developer,Hyderabad,,published,,,
E000027,job_post_started,2026-08-02 16:55:00,S015,J0009,SESS_J0009,synthetic_demo,web,1.0,Digital Marketer,Mumbai,,,,,
E000028,job_post_completed,2026-08-02 17:00:00,S015,J0009,SESS_J0009,synthetic_demo,mobile,1.0,Digital Marketer,Mumbai,7.0,,,,
E000029,job_post_published,2026-08-02 18:32:00,S015,J0009,SESS_J0009,synthetic_demo,mobile,1.0,Digital Marketer,Mumbai,,published,,,
E000030,job_post_edited,2026-08-02 22:44:00,S015,J0009,SESS_J0009,synthetic_demo,mobile,1.0,Digital Marketer,Mumbai,,,,description,
E000031,job_post_paused,2026-08-05 18:32:00,S015,J0009,SESS_J0009,synthetic_demo,web,1.0,Digital Marketer,Mumbai,,,,,low_response
E000032,job_post_reactivated,2026-08-08 18:32:00,S015,J0009,SESS_J0009,synthetic_demo,web,1.0,Digital Marketer,Mumbai,,,,,
E000033,job_post_started,2026-08-02 11:09:00,S010,J0010,SESS_J0010,synthetic_demo,web,1.0,Digital Marketer,Chennai,,,,,
E000034,job_post_completed,2026-08-02 11:37:00,S010,J0010,SESS_J0010,synthetic_demo,web,1.0,Digital Marketer,Chennai,6.0,,,,
E000035,job_post_published,2026-08-02 13:19:00,S010,J0010,SESS_J0010,synthetic_demo,mobile,1.0,Digital Marketer,Chennai,,published,,,
E000036,job_post_edited,2026-08-02 16:54:00,S010,J0010,SESS_J0010,synthetic_demo,web,1.0,Digital Marketer,Chennai,,,,location,
E000037,job_post_paused,2026-08-03 13:19:00,S010,J0010,SESS_J0010,synthetic_demo,mobile,1.0,Digital Marketer,Chennai,,,,,temporary_hold
E000038,job_post_reactivated,2026-08-04 13:19:00,S010,J0010,SESS_J0010,synthetic_demo,web,1.0,Digital Marketer,Chennai,,,,,
E000039,job_post_closed,2026-08-11 13:19:00,S010,J0010,SESS_J0010,synthetic_demo,web,1.0,Digital Marketer,Chennai,,,expired,,
E000040,job_post_started,2026-08-02 14:13:00,S009,J0011,SESS_J0011,synthetic_demo,web,1.0,Digital Marketer,Chennai,,,,,
E000041,job_post_completed,2026-08-02 14:52:00,S009,J0011,SESS_J0011,synthetic_demo,mobile,1.0,Digital Marketer,Chennai,7.0,,,,
E000042,job_post_published,2026-08-02 16:33:00,S009,J0011,SESS_J0011,synthetic_demo,mobile,1.0,Digital Marketer,Chennai,,published,,,
E000043,job_post_closed,2026-08-07 16:33:00,S009,J0011,SESS_J0011,synthetic_demo,mobile,1.0,Digital Marketer,Chennai,,,position_filled,,
E000044,job_post_started,2026-08-03 17:14:00,S019,J0012,SESS_J0012,synthetic_demo,web,1.0,Digital Marketer,Hyderabad,,,,,
E000045,job_post_completed,2026-08-03 17:19:00,S019,J0012,SESS_J0012,synthetic_demo,web,1.0,Digital Marketer,Hyderabad,3.0,,,,
E000046,job_post_published,2026-08-03 17:33:00,S019,J0012,SESS_J0012,synthetic_demo,mobile,1.0,Digital Marketer,Hyderabad,,published,,,
E000047,job_post_edited,2026-08-03 20:04:00,S019,J0012,SESS_J0012,synthetic_demo,mobile,1.0,Digital Marketer,Hyderabad,,,,location,
E000048,job_post_closed,2026-08-14 17:33:00,S019,J0012,SESS_J0012,synthetic_demo,mobile,1.0,Digital Marketer,Hyderabad,,,expired,,
E000049,job_post_started,2026-08-03 11:06:00,S008,J0013,SESS_J0013,synthetic_demo,mobile,1.0,UI/UX Designer,Pune,,,,,
E000050,job_post_completed,2026-08-03 11:17:00,S008,J0013,SESS_J0013,synthetic_demo,mobile,1.0,UI/UX Designer,Pune,4.0,,,,
E000051,job_post_published,2026-08-03 12:46:00,S008,J0013,SESS_J0013,synthetic_demo,web,1.0,UI/UX Designer,Pune,,published,,,
E000052,job_post_closed,2026-08-11 12:46:00,S008,J0013,SESS_J0013,synthetic_demo,mobile,1.0,UI/UX Designer,Pune,,,expired,,
E000053,job_post_started,2026-08-03 11:12:00,S026,J0014,SESS_J0014,synthetic_demo,web,1.0,Data Analyst,Hyderabad,,,,,
E000054,job_post_completed,2026-08-03 11:51:00,S026,J0014,SESS_J0014,synthetic_demo,web,1.0,Data Analyst,Hyderabad,5.0,,,,
E000055,job_post_published,2026-08-03 12:53:00,S026,J0014,SESS_J0014,synthetic_demo,web,1.0,Data Analyst,Hyderabad,,published,,,
E000056,job_post_paused,2026-08-04 12:53:00,S026,J0014,SESS_J0014,synthetic_demo,web,1.0,Data Analyst,Hyderabad,,,,,temporary_hold
E000057,job_post_reactivated,2026-08-05 12:53:00,S026,J0014,SESS_J0014,synthetic_demo,web,1.0,Data Analyst,Hyderabad,,,,,
E000058,job_post_closed,2026-08-12 12:53:00,S026,J0014,SESS_J0014,synthetic_demo,web,1.0,Data Analyst,Hyderabad,,,seller_closed,,
E000059,job_post_started,2026-08-03 10:24:00,S028,J0015,SESS_J0015,synthetic_demo,mobile,1.0,UI/UX Designer,Bengaluru,,,,,
E000060,job_post_completed,2026-08-03 10:29:00,S028,J0015,SESS_J0015,synthetic_demo,mobile,1.0,UI/UX Designer,Bengaluru,5.0,,,,
E000061,job_post_published,2026-08-03 11:23:00,S028,J0015,SESS_J0015,synthetic_demo,mobile,1.0,UI/UX Designer,Bengaluru,,published,,,
E000062,job_post_edited,2026-08-03 14:24:00,S028,J0015,SESS_J0015,synthetic_demo,web,1.0,UI/UX Designer,Bengaluru,,,,description,
E000063,job_post_started,2026-08-03 08:37:00,S024,J0016,SESS_J0016,synthetic_demo,web,1.0,Business Analyst,Bengaluru,,,,,
E000064,job_post_completed,2026-08-03 09:12:00,S024,J0016,SESS_J0016,synthetic_demo,web,1.0,Business Analyst,Bengaluru,2.0,,,,
E000065,job_post_published,2026-08-03 10:21:00,S024,J0016,SESS_J0016,synthetic_demo,web,1.0,Business Analyst,Bengaluru,,published,,,
E000066,job_post_closed,2026-08-06 10:21:00,S024,J0016,SESS_J0016,synthetic_demo,web,1.0,Business Analyst,Bengaluru,,,expired,,
E000067,job_post_started,2026-08-03 17:05:00,S019,J0017,SESS_J0017,synthetic_demo,mobile,1.0,Digital Marketer,Bengaluru,,,,,
E000068,job_post_completed,2026-08-03 17:36:00,S019,J0017,SESS_J0017,synthetic_demo,web,1.0,Digital Marketer,Bengaluru,4.0,,,,
E000069,job_post_published,2026-08-03 19:05:00,S019,J0017,SESS_J0017,synthetic_demo,mobile,1.0,Digital Marketer,Bengaluru,,published,,,
E000070,job_post_started,2026-08-03 09:00:00,S010,J0018,SESS_J0018,synthetic_demo,web,1.0,UI/UX Designer,Mumbai,,,,,
E000071,job_post_completed,2026-08-03 09:34:00,S010,J0018,SESS_J0018,synthetic_demo,web,1.0,UI/UX Designer,Mumbai,2.0,,,,
E000072,job_post_published,2026-08-03 10:58:00,S010,J0018,SESS_J0018,synthetic_demo,web,1.0,UI/UX Designer,Mumbai,,published,,,
E000073,job_post_started,2026-08-03 15:53:00,S012,J0019,SESS_J0019,synthetic_demo,mobile,1.0,Business Analyst,Hyderabad,,,,,
E000074,job_post_completed,2026-08-03 16:32:00,S012,J0019,SESS_J0019,synthetic_demo,web,1.0,Business Analyst,Hyderabad,6.0,,,,
E000075,job_post_published,2026-08-03 18:07:00,S012,J0019,SESS_J0019,synthetic_demo,mobile,1.0,Business Analyst,Hyderabad,,published,,,
E000076,job_post_started,2026-08-04 10:17:00,S004,J0020,SESS_J0020,synthetic_demo,web,1.0,Data Analyst,Chennai,,,,,
E000077,job_post_completed,2026-08-04 10:40:00,S004,J0020,SESS_J0020,synthetic_demo,mobile,1.0,Data Analyst,Chennai,7.0,,,,
E000078,job_post_published,2026-08-04 12:02:00,S004,J0020,SESS_J0020,synthetic_demo,mobile,1.0,Data Analyst,Chennai,,published,,,
E000079,job_post_started,2026-08-04 12:02:00,S002,J0021,SESS_J0021,synthetic_demo,web,1.0,Data Analyst,Pune,,,,,
E000080,job_post_completed,2026-08-04 12:07:00,S002,J0021,SESS_J0021,synthetic_demo,mobile,1.0,Data Analyst,Pune,7.0,,,,
E000081,job_post_published,2026-08-04 12:54:00,S002,J0021,SESS_J0021,synthetic_demo,mobile,1.0,Data Analyst,Pune,,published,,,
E000082,job_post_closed,2026-08-07 12:54:00,S002,J0021,SESS_J0021,synthetic_demo,web,1.0,Data Analyst,Pune,,,expired,,
E000083,job_post_started,2026-08-04 17:35:00,S018,J0022,SESS_J0022,synthetic_demo,web,1.0,Data Analyst,Mumbai,,,,,
E000084,job_post_completed,2026-08-04 17:49:00,S018,J0022,SESS_J0022,synthetic_demo,mobile,1.0,Data Analyst,Mumbai,2.0,,,,
E000085,job_post_published,2026-08-04 18:49:00,S018,J0022,SESS_J0022,synthetic_demo,web,1.0,Data Analyst,Mumbai,,published,,,
E000086,job_post_closed,2026-08-07 18:49:00,S018,J0022,SESS_J0022,synthetic_demo,mobile,1.0,Data Analyst,Mumbai,,,seller_closed,,
E000087,job_post_started,2026-08-04 10:51:00,S020,J0023,SESS_J0023,synthetic_demo,mobile,1.0,Software Developer,Hyderabad,,,,,
E000088,job_post_completed,2026-08-04 11:07:00,S020,J0023,SESS_J0023,synthetic_demo,web,1.0,Software Developer,Hyderabad,2.0,,,,
E000089,job_post_published,2026-08-04 13:04:00,S020,J0023,SESS_J0023,synthetic_demo,mobile,1.0,Software Developer,Hyderabad,,published,,,
E000090,job_post_started,2026-08-04 10:50:00,S024,J0024,SESS_J0024,synthetic_demo,web,1.0,Software Developer,Mumbai,,,,,
E000091,job_post_completed,2026-08-04 11:01:00,S024,J0024,SESS_J0024,synthetic_demo,web,1.0,Software Developer,Mumbai,5.0,,,,
E000092,job_post_published,2026-08-04 11:54:00,S024,J0024,SESS_J0024,synthetic_demo,mobile,1.0,Software Developer,Mumbai,,published,,,
E000093,job_post_started,2026-08-04 14:21:00,S008,J0025,SESS_J0025,synthetic_demo,web,1.0,Data Analyst,Hyderabad,,,,,
E000094,job_post_completed,2026-08-04 14:43:00,S008,J0025,SESS_J0025,synthetic_demo,mobile,1.0,Data Analyst,Hyderabad,4.0,,,,
E000095,job_post_published,2026-08-04 16:38:00,S008,J0025,SESS_J0025,synthetic_demo,mobile,1.0,Data Analyst,Hyderabad,,published,,,
E000096,job_post_started,2026-08-04 10:37:00,S001,J0026,SESS_J0026,synthetic_demo,web,1.0,Data Analyst,Mumbai,,,,,
E000097,job_post_completed,2026-08-04 10:58:00,S001,J0026,SESS_J0026,synthetic_demo,mobile,1.0,Data Analyst,Mumbai,6.0,,,,
E000098,job_post_published,2026-08-04 11:07:00,S001,J0026,SESS_J0026,synthetic_demo,mobile,1.0,Data Analyst,Mumbai,,published,,,
E000099,job_post_closed,2026-08-15 11:07:00,S001,J0026,SESS_J0026,synthetic_demo,mobile,1.0,Data Analyst,Mumbai,,,position_filled,,
E000100,job_post_started,2026-08-04 16:59:00,S002,J0027,SESS_J0027,synthetic_demo,web,1.0,UI/UX Designer,Bengaluru,,,,,
E000101,job_post_completed,2026-08-04 17:38:00,S002,J0027,SESS_J0027,synthetic_demo,mobile,1.0,UI/UX Designer,Bengaluru,4.0,,,,
E000102,job_post_published,2026-08-04 19:10:00,S002,J0027,SESS_J0027,synthetic_demo,mobile,1.0,UI/UX Designer,Bengaluru,,published,,,
E000103,job_post_closed,2026-08-10 19:10:00,S002,J0027,SESS_J0027,synthetic_demo,mobile,1.0,UI/UX Designer,Bengaluru,,,expired,,
E000104,job_post_started,2026-08-04 14:44:00,S022,J0028,SESS_J0028,synthetic_demo,web,1.0,UI/UX Designer,Mumbai,,,,,
E000105,job_post_completed,2026-08-04 15:07:00,S022,J0028,SESS_J0028,synthetic_demo,mobile,1.0,UI/UX Designer,Mumbai,3.0,,,,
E000106,job_post_published,2026-08-04 16:22:00,S022,J0028,SESS_J0028,synthetic_demo,mobile,1.0,UI/UX Designer,Mumbai,,published,,,
E000107,job_post_started,2026-08-04 08:19:00,S010,J0029,SESS_J0029,synthetic_demo,mobile,1.0,UI/UX Designer,Chennai,,,,,
E000108,job_post_completed,2026-08-04 08:42:00,S010,J0029,SESS_J0029,synthetic_demo,mobile,1.0,UI/UX Designer,Chennai,6.0,,,,
E000109,job_post_published,2026-08-04 09:13:00,S010,J0029,SESS_J0029,synthetic_demo,mobile,1.0,UI/UX Designer,Chennai,,published,,,
E000110,job_post_started,2026-08-05 16:42:00,S022,J0030,SESS_J0030,synthetic_demo,mobile,1.0,Data Analyst,Mumbai,,,,,
E000111,job_post_completed,2026-08-05 17:27:00,S022,J0030,SESS_J0030,synthetic_demo,web,1.0,Data Analyst,Mumbai,2.0,,,,
E000112,job_post_published,2026-08-05 18:51:00,S022,J0030,SESS_J0030,synthetic_demo,web,1.0,Data Analyst,Mumbai,,published,,,
E000113,job_post_closed,2026-08-14 18:51:00,S022,J0030,SESS_J0030,synthetic_demo,web,1.0,Data Analyst,Mumbai,,,expired,,
E000114,job_post_started,2026-08-05 11:45:00,S015,J0031,SESS_J0031,synthetic_demo,mobile,1.0,UI/UX Designer,Chennai,,,,,
E000115,job_post_completed,2026-08-05 12:14:00,S015,J0031,SESS_J0031,synthetic_demo,web,1.0,UI/UX Designer,Chennai,3.0,,,,
E000116,job_post_published,2026-08-05 13:22:00,S015,J0031,SESS_J0031,synthetic_demo,web,1.0,UI/UX Designer,Chennai,,published,,,
E000117,job_post_started,2026-08-05 10:51:00,S025,J0032,SESS_J0032,synthetic_demo,web,1.0,UI/UX Designer,Hyderabad,,,,,
E000118,job_post_completed,2026-08-05 11:29:00,S025,J0032,SESS_J0032,synthetic_demo,web,1.0,UI/UX Designer,Hyderabad,6.0,,,,
E000119,job_post_published,2026-08-05 12:33:00,S025,J0032,SESS_J0032,synthetic_demo,web,1.0,UI/UX Designer,Hyderabad,,published,,,
E000120,job_post_started,2026-08-05 15:39:00,S018,J0033,SESS_J0033,synthetic_demo,mobile,1.0,Digital Marketer,Mumbai,,,,,
E000121,job_post_completed,2026-08-05 16:16:00,S018,J0033,SESS_J0033,synthetic_demo,mobile,1.0,Digital Marketer,Mumbai,3.0,,,,
E000122,job_post_published,2026-08-05 17:15:00,S018,J0033,SESS_J0033,synthetic_demo,web,1.0,Digital Marketer,Mumbai,,published,,,
E000123,job_post_started,2026-08-05 15:04:00,S016,J0034,SESS_J0034,synthetic_demo,mobile,1.0,Software Developer,Mumbai,,,,,
E000124,job_post_completed,2026-08-05 15:27:00,S016,J0034,SESS_J0034,synthetic_demo,mobile,1.0,Software Developer,Mumbai,4.0,,,,
E000125,job_post_published,2026-08-05 16:02:00,S016,J0034,SESS_J0034,synthetic_demo,web,1.0,Software Developer,Mumbai,,published,,,
E000126,job_post_edited,2026-08-05 18:30:00,S016,J0034,SESS_J0034,synthetic_demo,web,1.0,Software Developer,Mumbai,,,,salary,
E000127,job_post_closed,2026-08-13 16:02:00,S016,J0034,SESS_J0034,synthetic_demo,mobile,1.0,Software Developer,Mumbai,,,seller_closed,,
E000128,job_post_started,2026-08-05 14:24:00,S014,J0035,SESS_J0035,synthetic_demo,web,1.0,Data Analyst,Hyderabad,,,,,
E000129,job_post_completed,2026-08-05 15:06:00,S014,J0035,SESS_J0035,synthetic_demo,mobile,1.0,Data Analyst,Hyderabad,6.0,,,,
E000130,job_post_published,2026-08-05 16:40:00,S014,J0035,SESS_J0035,synthetic_demo,mobile,1.0,Data Analyst,Hyderabad,,published,,,
E000131,job_post_started,2026-08-05 16:51:00,S027,J0036,SESS_J0036,synthetic_demo,web,1.0,UI/UX Designer,Chennai,,,,,
E000132,job_post_completed,2026-08-05 17:34:00,S027,J0036,SESS_J0036,synthetic_demo,web,1.0,UI/UX Designer,Chennai,5.0,,,,
E000133,job_post_published,2026-08-05 19:33:00,S027,J0036,SESS_J0036,synthetic_demo,mobile,1.0,UI/UX Designer,Chennai,,published,,,
E000134,job_post_edited,2026-08-05 22:55:00,S027,J0036,SESS_J0036,synthetic_demo,web,1.0,UI/UX Designer,Chennai,,,,salary,
E000135,job_post_started,2026-08-05 14:37:00,S020,J0037,SESS_J0037,synthetic_demo,web,1.0,Digital Marketer,Bengaluru,,,,,
E000136,job_post_completed,2026-08-05 15:18:00,S020,J0037,SESS_J0037,synthetic_demo,mobile,1.0,Digital Marketer,Bengaluru,2.0,,,,
E000137,job_post_published,2026-08-05 16:47:00,S020,J0037,SESS_J0037,synthetic_demo,mobile,1.0,Digital Marketer,Bengaluru,,published,,,
E000138,job_post_edited,2026-08-05 19:30:00,S020,J0037,SESS_J0037,synthetic_demo,mobile,1.0,Digital Marketer,Bengaluru,,,,salary,
E000139,job_post_started,2026-08-05 14:16:00,S025,J0038,SESS_J0038,synthetic_demo,web,1.0,UI/UX Designer,Mumbai,,,,,
E000140,job_post_completed,2026-08-05 14:26:00,S025,J0038,SESS_J0038,synthetic_demo,web,1.0,UI/UX Designer,Mumbai,7.0,,,,
E000141,job_post_started,2026-08-06 08:15:00,S008,J0039,SESS_J0039,synthetic_demo,web,1.0,Data Analyst,Bengaluru,,,,,
E000142,job_post_completed,2026-08-06 08:32:00,S008,J0039,SESS_J0039,synthetic_demo,web,1.0,Data Analyst,Bengaluru,6.0,,,,
E000143,job_post_published,2026-08-06 10:24:00,S008,J0039,SESS_J0039,synthetic_demo,mobile,1.0,Data Analyst,Bengaluru,,published,,,
E000144,job_post_closed,2026-08-19 10:24:00,S008,J0039,SESS_J0039,synthetic_demo,mobile,1.0,Data Analyst,Bengaluru,,,seller_closed,,
E000145,job_post_started,2026-08-06 09:49:00,S006,J0040,SESS_J0040,synthetic_demo,web,1.0,Digital Marketer,Chennai,,,,,
E000146,job_post_completed,2026-08-06 10:04:00,S006,J0040,SESS_J0040,synthetic_demo,web,1.0,Digital Marketer,Chennai,6.0,,,,
E000147,job_post_started,2026-08-06 11:04:00,S019,J0041,SESS_J0041,synthetic_demo,web,1.0,UI/UX Designer,Pune,,,,,
E000148,job_post_completed,2026-08-06 11:46:00,S019,J0041,SESS_J0041,synthetic_demo,mobile,1.0,UI/UX Designer,Pune,2.0,,,,
E000149,job_post_published,2026-08-06 13:19:00,S019,J0041,SESS_J0041,synthetic_demo,web,1.0,UI/UX Designer,Pune,,published,,,
E000150,job_post_closed,2026-08-16 13:19:00,S019,J0041,SESS_J0041,synthetic_demo,mobile,1.0,UI/UX Designer,Pune,,,seller_closed,,
E000151,job_post_started,2026-08-06 08:54:00,S003,J0042,SESS_J0042,synthetic_demo,mobile,1.0,Digital Marketer,Mumbai,,,,,
E000152,job_post_completed,2026-08-06 09:25:00,S003,J0042,SESS_J0042,synthetic_demo,mobile,1.0,Digital Marketer,Mumbai,2.0,,,,
E000153,job_post_started,2026-08-06 14:11:00,S021,J0043,SESS_J0043,synthetic_demo,mobile,1.0,UI/UX Designer,Hyderabad,,,,,
E000154,job_post_completed,2026-08-06 14:49:00,S021,J0043,SESS_J0043,synthetic_demo,mobile,1.0,UI/UX Designer,Hyderabad,6.0,,,,
E000155,job_post_published,2026-08-06 16:17:00,S021,J0043,SESS_J0043,synthetic_demo,mobile,1.0,UI/UX Designer,Hyderabad,,published,,,
E000156,job_post_started,2026-08-06 15:36:00,S009,J0044,SESS_J0044,synthetic_demo,mobile,1.0,UI/UX Designer,Hyderabad,,,,,
E000157,job_post_completed,2026-08-06 16:20:00,S009,J0044,SESS_J0044,synthetic_demo,web,1.0,UI/UX Designer,Hyderabad,4.0,,,,
E000158,job_post_published,2026-08-06 17:50:00,S009,J0044,SESS_J0044,synthetic_demo,mobile,1.0,UI/UX Designer,Hyderabad,,published,,,
E000159,job_post_edited,2026-08-06 20:08:00,S009,J0044,SESS_J0044,synthetic_demo,mobile,1.0,UI/UX Designer,Hyderabad,,,,location,
E000160,job_post_started,2026-08-06 08:33:00,S023,J0045,SESS_J0045,synthetic_demo,web,1.0,Business Analyst,Chennai,,,,,
E000161,job_post_completed,2026-08-06 08:50:00,S023,J0045,SESS_J0045,synthetic_demo,mobile,1.0,Business Analyst,Chennai,7.0,,,,
E000162,job_post_published,2026-08-06 09:05:00,S023,J0045,SESS_J0045,synthetic_demo,web,1.0,Business Analyst,Chennai,,published,,,
E000163,job_post_started,2026-08-06 12:14:00,S026,J0046,SESS_J0046,synthetic_demo,web,1.0,Data Analyst,Bengaluru,,,,,
E000164,job_post_completed,2026-08-06 12:44:00,S026,J0046,SESS_J0046,synthetic_demo,mobile,1.0,Data Analyst,Bengaluru,4.0,,,,
E000165,job_post_published,2026-08-06 14:17:00,S026,J0046,SESS_J0046,synthetic_demo,mobile,1.0,Data Analyst,Bengaluru,,published,,,
E000166,job_post_started,2026-08-06 12:16:00,S023,J0047,SESS_J0047,synthetic_demo,web,1.0,UI/UX Designer,Mumbai,,,,,
E000167,job_post_completed,2026-08-06 12:35:00,S023,J0047,SESS_J0047,synthetic_demo,web,1.0,UI/UX Designer,Mumbai,4.0,,,,
E000168,job_post_published,2026-08-06 12:55:00,S023,J0047,SESS_J0047,synthetic_demo,web,1.0,UI/UX Designer,Mumbai,,published,,,
E000169,job_post_edited,2026-08-06 17:32:00,S023,J0047,SESS_J0047,synthetic_demo,mobile,1.0,UI/UX Designer,Mumbai,,,,location,
E000170,job_post_started,2026-08-06 10:19:00,S010,J0048,SESS_J0048,synthetic_demo,web,1.0,Software Developer,Mumbai,,,,,
E000171,job_post_completed,2026-08-06 10:24:00,S010,J0048,SESS_J0048,synthetic_demo,web,1.0,Software Developer,Mumbai,4.0,,,,
E000172,job_post_started,2026-08-07 09:55:00,S010,J0049,SESS_J0049,synthetic_demo,mobile,1.0,Software Developer,Pune,,,,,
E000173,job_post_completed,2026-08-07 10:00:00,S010,J0049,SESS_J0049,synthetic_demo,mobile,1.0,Software Developer,Pune,5.0,,,,
E000174,job_post_published,2026-08-07 11:18:00,S010,J0049,SESS_J0049,synthetic_demo,web,1.0,Software Developer,Pune,,published,,,
E000175,job_post_started,2026-08-07 15:04:00,S004,J0050,SESS_J0050,synthetic_demo,web,1.0,Data Analyst,Pune,,,,,
E000176,job_post_completed,2026-08-07 15:45:00,S004,J0050,SESS_J0050,synthetic_demo,web,1.0,Data Analyst,Pune,3.0,,,,
E000177,job_post_published,2026-08-07 17:10:00,S004,J0050,SESS_J0050,synthetic_demo,mobile,1.0,Data Analyst,Pune,,published,,,
E000178,job_post_edited,2026-08-07 19:47:00,S004,J0050,SESS_J0050,synthetic_demo,mobile,1.0,Data Analyst,Pune,,,,skills,
E000179,job_post_started,2026-08-07 15:58:00,S008,J0051,SESS_J0051,synthetic_demo,mobile,1.0,Digital Marketer,Pune,,,,,
E000180,job_post_completed,2026-08-07 16:31:00,S008,J0051,SESS_J0051,synthetic_demo,web,1.0,Digital Marketer,Pune,4.0,,,,
E000181,job_post_published,2026-08-07 17:14:00,S008,J0051,SESS_J0051,synthetic_demo,web,1.0,Digital Marketer,Pune,,published,,,
E000182,job_post_closed,2026-08-19 17:14:00,S008,J0051,SESS_J0051,synthetic_demo,web,1.0,Digital Marketer,Pune,,,position_filled,,
E000183,job_post_started,2026-08-07 09:10:00,S008,J0052,SESS_J0052,synthetic_demo,mobile,1.0,Software Developer,Chennai,,,,,
E000184,job_post_completed,2026-08-07 09:15:00,S008,J0052,SESS_J0052,synthetic_demo,mobile,1.0,Software Developer,Chennai,7.0,,,,
E000185,job_post_published,2026-08-07 10:12:00,S008,J0052,SESS_J0052,synthetic_demo,web,1.0,Software Developer,Chennai,,published,,,
E000186,job_post_started,2026-08-07 17:42:00,S003,J0053,SESS_J0053,synthetic_demo,web,1.0,Software Developer,Mumbai,,,,,
E000187,job_post_completed,2026-08-07 17:59:00,S003,J0053,SESS_J0053,synthetic_demo,web,1.0,Software Developer,Mumbai,6.0,,,,
E000188,job_post_published,2026-08-07 18:58:00,S003,J0053,SESS_J0053,synthetic_demo,mobile,1.0,Software Developer,Mumbai,,published,,,
E000189,job_post_paused,2026-08-09 18:58:00,S003,J0053,SESS_J0053,synthetic_demo,mobile,1.0,Software Developer,Mumbai,,,,,seller_review
E000190,job_post_reactivated,2026-08-11 18:58:00,S003,J0053,SESS_J0053,synthetic_demo,web,1.0,Software Developer,Mumbai,,,,,
E000191,job_post_started,2026-08-07 16:34:00,S010,J0054,SESS_J0054,synthetic_demo,web,1.0,UI/UX Designer,Mumbai,,,,,
E000192,job_post_completed,2026-08-07 17:10:00,S010,J0054,SESS_J0054,synthetic_demo,web,1.0,UI/UX Designer,Mumbai,6.0,,,,
E000193,job_post_published,2026-08-07 18:11:00,S010,J0054,SESS_J0054,synthetic_demo,mobile,1.0,UI/UX Designer,Mumbai,,published,,,
E000194,job_post_paused,2026-08-09 18:11:00,S010,J0054,SESS_J0054,synthetic_demo,web,1.0,UI/UX Designer,Mumbai,,,,,low_response
E000195,job_post_reactivated,2026-08-12 18:11:00,S010,J0054,SESS_J0054,synthetic_demo,mobile,1.0,UI/UX Designer,Mumbai,,,,,
E000196,job_post_started,2026-08-07 16:41:00,S025,J0055,SESS_J0055,synthetic_demo,web,1.0,Software Developer,Pune,,,,,
E000197,job_post_completed,2026-08-07 17:14:00,S025,J0055,SESS_J0055,synthetic_demo,mobile,1.0,Software Developer,Pune,6.0,,,,
E000198,job_post_published,2026-08-07 17:54:00,S025,J0055,SESS_J0055,synthetic_demo,mobile,1.0,Software Developer,Pune,,published,,,
E000199,job_post_started,2026-08-07 13:26:00,S011,J0056,SESS_J0056,synthetic_demo,mobile,1.0,Data Analyst,Hyderabad,,,,,
E000200,job_post_completed,2026-08-07 14:02:00,S011,J0056,SESS_J0056,synthetic_demo,web,1.0,Data Analyst,Hyderabad,6.0,,,,
E000201,job_post_published,2026-08-07 14:43:00,S011,J0056,SESS_J0056,synthetic_demo,mobile,1.0,Data Analyst,Hyderabad,,published,,,
E000202,job_post_started,2026-08-07 16:29:00,S028,J0057,SESS_J0057,synthetic_demo,web,1.0,Digital Marketer,Bengaluru,,,,,
E000203,job_post_completed,2026-08-07 17:00:00,S028,J0057,SESS_J0057,synthetic_demo,mobile,1.0,Digital Marketer,Bengaluru,6.0,,,,
E000204,job_post_published,2026-08-07 17:11:00,S028,J0057,SESS_J0057,synthetic_demo,mobile,1.0,Digital Marketer,Bengaluru,,published,,,
E000205,job_post_closed,2026-08-17 17:11:00,S028,J0057,SESS_J0057,synthetic_demo,mobile,1.0,Digital Marketer,Bengaluru,,,position_filled,,
E000206,job_post_started,2026-08-07 08:40:00,S015,J0058,SESS_J0058,synthetic_demo,web,1.0,UI/UX Designer,Bengaluru,,,,,
E000207,job_post_completed,2026-08-07 09:23:00,S015,J0058,SESS_J0058,synthetic_demo,web,1.0,UI/UX Designer,Bengaluru,7.0,,,,
E000208,job_post_published,2026-08-07 11:10:00,S015,J0058,SESS_J0058,synthetic_demo,web,1.0,UI/UX Designer,Bengaluru,,published,,,
E000209,job_post_paused,2026-08-08 11:10:00,S015,J0058,SESS_J0058,synthetic_demo,web,1.0,UI/UX Designer,Bengaluru,,,,,seller_review
E000210,job_post_reactivated,2026-08-11 11:10:00,S015,J0058,SESS_J0058,synthetic_demo,web,1.0,UI/UX Designer,Bengaluru,,,,,
E000211,job_post_started,2026-08-07 12:26:00,S023,J0059,SESS_J0059,synthetic_demo,web,1.0,Business Analyst,Chennai,,,,,
E000212,job_post_completed,2026-08-07 13:01:00,S023,J0059,SESS_J0059,synthetic_demo,web,1.0,Business Analyst,Chennai,5.0,,,,
E000213,job_post_published,2026-08-07 14:06:00,S023,J0059,SESS_J0059,synthetic_demo,web,1.0,Business Analyst,Chennai,,published,,,
E000214,job_post_started,2026-08-07 12:52:00,S014,J0060,SESS_J0060,synthetic_demo,mobile,1.0,Business Analyst,Chennai,,,,,
E000215,job_post_completed,2026-08-07 12:57:00,S014,J0060,SESS_J0060,synthetic_demo,mobile,1.0,Business Analyst,Chennai,6.0,,,,
E000216,job_post_published,2026-08-07 13:38:00,S014,J0060,SESS_J0060,synthetic_demo,mobile,1.0,Business Analyst,Chennai,,published,,,
E000217,job_post_started,2026-08-08 11:36:00,S015,J0061,SESS_J0061,synthetic_demo,mobile,1.0,Business Analyst,Hyderabad,,,,,
E000218,job_post_completed,2026-08-08 12:05:00,S015,J0061,SESS_J0061,synthetic_demo,mobile,1.0,Business Analyst,Hyderabad,2.0,,,,
E000219,job_post_published,2026-08-08 12:39:00,S015,J0061,SESS_J0061,synthetic_demo,mobile,1.0,Business Analyst,Hyderabad,,published,,,
E000220,job_post_started,2026-08-08 10:32:00,S005,J0062,SESS_J0062,synthetic_demo,web,1.0,UI/UX Designer,Bengaluru,,,,,
E000221,job_post_completed,2026-08-08 11:14:00,S005,J0062,SESS_J0062,synthetic_demo,web,1.0,UI/UX Designer,Bengaluru,5.0,,,,
E000222,job_post_published,2026-08-08 12:01:00,S005,J0062,SESS_J0062,synthetic_demo,mobile,1.0,UI/UX Designer,Bengaluru,,published,,,
E000223,job_post_edited,2026-08-08 13:44:00,S005,J0062,SESS_J0062,synthetic_demo,web,1.0,UI/UX Designer,Bengaluru,,,,salary,
E000224,job_post_paused,2026-08-11 12:01:00,S005,J0062,SESS_J0062,synthetic_demo,mobile,1.0,UI/UX Designer,Bengaluru,,,,,seller_review
E000225,job_post_reactivated,2026-08-14 12:01:00,S005,J0062,SESS_J0062,synthetic_demo,web,1.0,UI/UX Designer,Bengaluru,,,,,
E000226,job_post_started,2026-08-08 13:40:00,S028,J0063,SESS_J0063,synthetic_demo,web,1.0,Digital Marketer,Pune,,,,,
E000227,job_post_completed,2026-08-08 14:16:00,S028,J0063,SESS_J0063,synthetic_demo,web,1.0,Digital Marketer,Pune,6.0,,,,
E000228,job_post_published,2026-08-08 16:12:00,S028,J0063,SESS_J0063,synthetic_demo,mobile,1.0,Digital Marketer,Pune,,published,,,
E000229,job_post_started,2026-08-08 10:44:00,S004,J0064,SESS_J0064,synthetic_demo,web,1.0,Data Analyst,Pune,,,,,
E000230,job_post_completed,2026-08-08 11:08:00,S004,J0064,SESS_J0064,synthetic_demo,mobile,1.0,Data Analyst,Pune,2.0,,,,
E000231,job_post_published,2026-08-08 13:08:00,S004,J0064,SESS_J0064,synthetic_demo,mobile,1.0,Data Analyst,Pune,,published,,,
E000232,job_post_closed,2026-08-16 13:08:00,S004,J0064,SESS_J0064,synthetic_demo,web,1.0,Data Analyst,Pune,,,expired,,
E000233,job_post_started,2026-08-08 17:55:00,S006,J0065,SESS_J0065,synthetic_demo,web,1.0,Software Developer,Bengaluru,,,,,
E000234,job_post_completed,2026-08-08 18:24:00,S006,J0065,SESS_J0065,synthetic_demo,web,1.0,Software Developer,Bengaluru,5.0,,,,
E000235,job_post_published,2026-08-08 19:48:00,S006,J0065,SESS_J0065,synthetic_demo,mobile,1.0,Software Developer,Bengaluru,,published,,,
E000236,job_post_started,2026-08-08 10:04:00,S015,J0066,SESS_J0066,synthetic_demo,mobile,1.0,Business Analyst,Chennai,,,,,
E000237,job_post_completed,2026-08-08 10:37:00,S015,J0066,SESS_J0066,synthetic_demo,mobile,1.0,Business Analyst,Chennai,7.0,,,,
E000238,job_post_published,2026-08-08 11:26:00,S015,J0066,SESS_J0066,synthetic_demo,mobile,1.0,Business Analyst,Chennai,,published,,,
E000239,job_post_started,2026-08-08 14:36:00,S016,J0067,SESS_J0067,synthetic_demo,mobile,1.0,Data Analyst,Hyderabad,,,,,
E000240,job_post_completed,2026-08-08 15:03:00,S016,J0067,SESS_J0067,synthetic_demo,mobile,1.0,Data Analyst,Hyderabad,7.0,,,,
E000241,job_post_published,2026-08-08 16:21:00,S016,J0067,SESS_J0067,synthetic_demo,mobile,1.0,Data Analyst,Hyderabad,,published,,,
E000242,job_post_started,2026-08-08 15:53:00,S024,J0068,SESS_J0068,synthetic_demo,web,1.0,Data Analyst,Chennai,,,,,
E000243,job_post_completed,2026-08-08 16:16:00,S024,J0068,SESS_J0068,synthetic_demo,mobile,1.0,Data Analyst,Chennai,6.0,,,,
E000244,job_post_published,2026-08-08 18:00:00,S024,J0068,SESS_J0068,synthetic_demo,web,1.0,Data Analyst,Chennai,,published,,,
E000245,job_post_started,2026-08-09 12:50:00,S021,J0069,SESS_J0069,synthetic_demo,mobile,1.0,Data Analyst,Bengaluru,,,,,
E000246,job_post_completed,2026-08-09 13:23:00,S021,J0069,SESS_J0069,synthetic_demo,web,1.0,Data Analyst,Bengaluru,7.0,,,,
E000247,job_post_published,2026-08-09 13:32:00,S021,J0069,SESS_J0069,synthetic_demo,mobile,1.0,Data Analyst,Bengaluru,,published,,,
E000248,job_post_closed,2026-08-23 13:32:00,S021,J0069,SESS_J0069,synthetic_demo,mobile,1.0,Data Analyst,Bengaluru,,,expired,,
E000249,job_post_started,2026-08-09 10:16:00,S017,J0070,SESS_J0070,synthetic_demo,mobile,1.0,Digital Marketer,Mumbai,,,,,
E000250,job_post_completed,2026-08-09 10:51:00,S017,J0070,SESS_J0070,synthetic_demo,mobile,1.0,Digital Marketer,Mumbai,7.0,,,,
E000251,job_post_published,2026-08-09 12:39:00,S017,J0070,SESS_J0070,synthetic_demo,mobile,1.0,Digital Marketer,Mumbai,,published,,,
E000252,job_post_started,2026-08-09 13:05:00,S028,J0071,SESS_J0071,synthetic_demo,mobile,1.0,UI/UX Designer,Chennai,,,,,
E000253,job_post_completed,2026-08-09 13:35:00,S028,J0071,SESS_J0071,synthetic_demo,web,1.0,UI/UX Designer,Chennai,6.0,,,,
E000254,job_post_published,2026-08-09 13:41:00,S028,J0071,SESS_J0071,synthetic_demo,mobile,1.0,UI/UX Designer,Chennai,,published,,,
E000255,job_post_started,2026-08-09 08:39:00,S004,J0072,SESS_J0072,synthetic_demo,web,1.0,Software Developer,Pune,,,,,
E000256,job_post_completed,2026-08-09 09:19:00,S004,J0072,SESS_J0072,synthetic_demo,web,1.0,Software Developer,Pune,7.0,,,,
E000257,job_post_published,2026-08-09 10:05:00,S004,J0072,SESS_J0072,synthetic_demo,mobile,1.0,Software Developer,Pune,,published,,,
E000258,job_post_started,2026-08-09 12:31:00,S005,J0073,SESS_J0073,synthetic_demo,web,1.0,Data Analyst,Bengaluru,,,,,
E000259,job_post_completed,2026-08-09 12:43:00,S005,J0073,SESS_J0073,synthetic_demo,web,1.0,Data Analyst,Bengaluru,6.0,,,,
E000260,job_post_published,2026-08-09 13:00:00,S005,J0073,SESS_J0073,synthetic_demo,mobile,1.0,Data Analyst,Bengaluru,,published,,,
E000261,job_post_started,2026-08-09 14:41:00,S014,J0074,SESS_J0074,synthetic_demo,mobile,1.0,Digital Marketer,Hyderabad,,,,,
E000262,job_post_completed,2026-08-09 14:52:00,S014,J0074,SESS_J0074,synthetic_demo,mobile,1.0,Digital Marketer,Hyderabad,6.0,,,,
E000263,job_post_started,2026-08-10 15:28:00,S002,J0075,SESS_J0075,synthetic_demo,mobile,1.0,Business Analyst,Hyderabad,,,,,
E000264,job_post_completed,2026-08-10 15:48:00,S002,J0075,SESS_J0075,synthetic_demo,mobile,1.0,Business Analyst,Hyderabad,2.0,,,,
E000265,job_post_published,2026-08-10 17:42:00,S002,J0075,SESS_J0075,synthetic_demo,mobile,1.0,Business Analyst,Hyderabad,,published,,,
E000266,job_post_edited,2026-08-10 20:33:00,S002,J0075,SESS_J0075,synthetic_demo,web,1.0,Business Analyst,Hyderabad,,,,description,
E000267,job_post_started,2026-08-10 08:03:00,S003,J0076,SESS_J0076,synthetic_demo,web,1.0,Software Developer,Chennai,,,,,
E000268,job_post_completed,2026-08-10 08:29:00,S003,J0076,SESS_J0076,synthetic_demo,web,1.0,Software Developer,Chennai,6.0,,,,
E000269,job_post_published,2026-08-10 09:05:00,S003,J0076,SESS_J0076,synthetic_demo,web,1.0,Software Developer,Chennai,,published,,,
E000270,job_post_closed,2026-08-24 09:05:00,S003,J0076,SESS_J0076,synthetic_demo,web,1.0,Software Developer,Chennai,,,position_filled,,
E000271,job_post_started,2026-08-10 16:16:00,S009,J0077,SESS_J0077,synthetic_demo,web,1.0,Software Developer,Hyderabad,,,,,
E000272,job_post_completed,2026-08-10 16:32:00,S009,J0077,SESS_J0077,synthetic_demo,web,1.0,Software Developer,Hyderabad,3.0,,,,
E000273,job_post_published,2026-08-10 16:51:00,S009,J0077,SESS_J0077,synthetic_demo,web,1.0,Software Developer,Hyderabad,,published,,,
E000274,job_post_paused,2026-08-13 16:51:00,S009,J0077,SESS_J0077,synthetic_demo,web,1.0,Software Developer,Hyderabad,,,,,temporary_hold
E000275,job_post_reactivated,2026-08-16 16:51:00,S009,J0077,SESS_J0077,synthetic_demo,mobile,1.0,Software Developer,Hyderabad,,,,,
E000276,job_post_started,2026-08-10 15:49:00,S024,J0078,SESS_J0078,synthetic_demo,web,1.0,Data Analyst,Pune,,,,,
E000277,job_post_completed,2026-08-10 16:17:00,S024,J0078,SESS_J0078,synthetic_demo,web,1.0,Data Analyst,Pune,5.0,,,,
E000278,job_post_started,2026-08-10 15:41:00,S002,J0079,SESS_J0079,synthetic_demo,mobile,1.0,Digital Marketer,Mumbai,,,,,
E000279,job_post_completed,2026-08-10 15:47:00,S002,J0079,SESS_J0079,synthetic_demo,mobile,1.0,Digital Marketer,Mumbai,5.0,,,,
E000280,job_post_published,2026-08-10 15:59:00,S002,J0079,SESS_J0079,synthetic_demo,mobile,1.0,Digital Marketer,Mumbai,,published,,,
E000281,job_post_started,2026-08-10 09:08:00,S011,J0080,SESS_J0080,synthetic_demo,mobile,1.0,Digital Marketer,Hyderabad,,,,,
E000282,job_post_completed,2026-08-10 09:30:00,S011,J0080,SESS_J0080,synthetic_demo,mobile,1.0,Digital Marketer,Hyderabad,5.0,,,,
E000283,job_post_published,2026-08-10 10:54:00,S011,J0080,SESS_J0080,synthetic_demo,mobile,1.0,Digital Marketer,Hyderabad,,published,,,
E000284,job_post_edited,2026-08-10 12:22:00,S011,J0080,SESS_J0080,synthetic_demo,mobile,1.0,Digital Marketer,Hyderabad,,,,description,
E000285,job_post_closed,2026-08-17 10:54:00,S011,J0080,SESS_J0080,synthetic_demo,mobile,1.0,Digital Marketer,Hyderabad,,,seller_closed,,
E000286,job_post_started,2026-08-10 14:20:00,S014,J0081,SESS_J0081,synthetic_demo,web,1.0,Data Analyst,Mumbai,,,,,
E000287,job_post_completed,2026-08-10 14:41:00,S014,J0081,SESS_J0081,synthetic_demo,mobile,1.0,Data Analyst,Mumbai,7.0,,,,
E000288,job_post_published,2026-08-10 15:33:00,S014,J0081,SESS_J0081,synthetic_demo,web,1.0,Data Analyst,Mumbai,,published,,,
E000289,job_post_edited,2026-08-10 16:52:00,S014,J0081,SESS_J0081,synthetic_demo,web,1.0,Data Analyst,Mumbai,,,,location,
E000290,job_post_started,2026-08-10 09:26:00,S018,J0082,SESS_J0082,synthetic_demo,mobile,1.0,Digital Marketer,Mumbai,,,,,
E000291,job_post_completed,2026-08-10 09:53:00,S018,J0082,SESS_J0082,synthetic_demo,web,1.0,Digital Marketer,Mumbai,7.0,,,,
E000292,job_post_started,2026-08-10 09:36:00,S020,J0083,SESS_J0083,synthetic_demo,web,1.0,Business Analyst,Mumbai,,,,,
E000293,job_post_completed,2026-08-10 10:13:00,S020,J0083,SESS_J0083,synthetic_demo,mobile,1.0,Business Analyst,Mumbai,7.0,,,,
E000294,job_post_published,2026-08-10 10:45:00,S020,J0083,SESS_J0083,synthetic_demo,web,1.0,Business Analyst,Mumbai,,published,,,
E000295,job_post_closed,2026-08-16 10:45:00,S020,J0083,SESS_J0083,synthetic_demo,web,1.0,Business Analyst,Mumbai,,,expired,,
E000296,job_post_started,2026-08-10 17:39:00,S026,J0084,SESS_J0084,synthetic_demo,mobile,1.0,UI/UX Designer,Chennai,,,,,
E000297,job_post_completed,2026-08-10 18:19:00,S026,J0084,SESS_J0084,synthetic_demo,web,1.0,UI/UX Designer,Chennai,2.0,,,,
E000298,job_post_published,2026-08-10 18:27:00,S026,J0084,SESS_J0084,synthetic_demo,mobile,1.0,UI/UX Designer,Chennai,,published,,,
E000299,job_post_closed,2026-08-14 18:27:00,S026,J0084,SESS_J0084,synthetic_demo,mobile,1.0,UI/UX Designer,Chennai,,,expired,,
E000300,job_post_started,2026-08-11 16:13:00,S005,J0085,SESS_J0085,synthetic_demo,mobile,1.0,Data Analyst,Bengaluru,,,,,
E000301,job_post_completed,2026-08-11 16:42:00,S005,J0085,SESS_J0085,synthetic_demo,web,1.0,Data Analyst,Bengaluru,4.0,,,,
E000302,job_post_published,2026-08-11 17:40:00,S005,J0085,SESS_J0085,synthetic_demo,mobile,1.0,Data Analyst,Bengaluru,,published,,,
E000303,job_post_closed,2026-08-13 17:40:00,S005,J0085,SESS_J0085,synthetic_demo,web,1.0,Data Analyst,Bengaluru,,,position_filled,,
E000304,job_post_started,2026-08-11 09:17:00,S025,J0086,SESS_J0086,synthetic_demo,mobile,1.0,Digital Marketer,Bengaluru,,,,,
E000305,job_post_completed,2026-08-11 09:50:00,S025,J0086,SESS_J0086,synthetic_demo,mobile,1.0,Digital Marketer,Bengaluru,5.0,,,,
E000306,job_post_published,2026-08-11 11:19:00,S025,J0086,SESS_J0086,synthetic_demo,web,1.0,Digital Marketer,Bengaluru,,published,,,
E000307,job_post_started,2026-08-11 16:42:00,S010,J0087,SESS_J0087,synthetic_demo,web,1.0,Digital Marketer,Pune,,,,,
E000308,job_post_completed,2026-08-11 17:06:00,S010,J0087,SESS_J0087,synthetic_demo,web,1.0,Digital Marketer,Pune,5.0,,,,
E000309,job_post_published,2026-08-11 17:16:00,S010,J0087,SESS_J0087,synthetic_demo,mobile,1.0,Digital Marketer,Pune,,published,,,
E000310,job_post_started,2026-08-11 08:31:00,S010,J0088,SESS_J0088,synthetic_demo,web,1.0,Business Analyst,Bengaluru,,,,,
E000311,job_post_completed,2026-08-11 09:03:00,S010,J0088,SESS_J0088,synthetic_demo,web,1.0,Business Analyst,Bengaluru,5.0,,,,
E000312,job_post_published,2026-08-11 09:30:00,S010,J0088,SESS_J0088,synthetic_demo,mobile,1.0,Business Analyst,Bengaluru,,published,,,
E000313,job_post_edited,2026-08-11 10:21:00,S010,J0088,SESS_J0088,synthetic_demo,web,1.0,Business Analyst,Bengaluru,,,,salary,
E000314,job_post_closed,2026-08-18 09:30:00,S010,J0088,SESS_J0088,synthetic_demo,mobile,1.0,Business Analyst,Bengaluru,,,expired,,
E000315,job_post_started,2026-08-11 12:07:00,S019,J0089,SESS_J0089,synthetic_demo,mobile,1.0,UI/UX Designer,Pune,,,,,
E000316,job_post_completed,2026-08-11 12:37:00,S019,J0089,SESS_J0089,synthetic_demo,mobile,1.0,UI/UX Designer,Pune,3.0,,,,
E000317,job_post_published,2026-08-11 12:44:00,S019,J0089,SESS_J0089,synthetic_demo,mobile,1.0,UI/UX Designer,Pune,,published,,,
E000318,job_post_edited,2026-08-11 14:08:00,S019,J0089,SESS_J0089,synthetic_demo,mobile,1.0,UI/UX Designer,Pune,,,,description,
E000319,job_post_started,2026-08-11 11:21:00,S013,J0090,SESS_J0090,synthetic_demo,web,1.0,Business Analyst,Mumbai,,,,,
E000320,job_post_completed,2026-08-11 11:36:00,S013,J0090,SESS_J0090,synthetic_demo,web,1.0,Business Analyst,Mumbai,6.0,,,,
E000321,job_post_published,2026-08-11 11:50:00,S013,J0090,SESS_J0090,synthetic_demo,mobile,1.0,Business Analyst,Mumbai,,published,,,
E000322,job_post_started,2026-08-11 10:16:00,S005,J0091,SESS_J0091,synthetic_demo,web,1.0,Software Developer,Bengaluru,,,,,
E000323,job_post_completed,2026-08-11 10:33:00,S005,J0091,SESS_J0091,synthetic_demo,web,1.0,Software Developer,Bengaluru,7.0,,,,
E000324,job_post_published,2026-08-11 11:00:00,S005,J0091,SESS_J0091,synthetic_demo,mobile,1.0,Software Developer,Bengaluru,,published,,,
E000325,job_post_started,2026-08-11 13:55:00,S022,J0092,SESS_J0092,synthetic_demo,web,1.0,Digital Marketer,Chennai,,,,,
E000326,job_post_completed,2026-08-11 14:40:00,S022,J0092,SESS_J0092,synthetic_demo,web,1.0,Digital Marketer,Chennai,5.0,,,,
E000327,job_post_published,2026-08-11 15:25:00,S022,J0092,SESS_J0092,synthetic_demo,mobile,1.0,Digital Marketer,Chennai,,published,,,
E000328,job_post_started,2026-08-12 08:03:00,S010,J0093,SESS_J0093,synthetic_demo,mobile,1.0,UI/UX Designer,Pune,,,,,
E000329,job_post_completed,2026-08-12 08:31:00,S010,J0093,SESS_J0093,synthetic_demo,web,1.0,UI/UX Designer,Pune,2.0,,,,
E000330,job_post_published,2026-08-12 10:22:00,S010,J0093,SESS_J0093,synthetic_demo,mobile,1.0,UI/UX Designer,Pune,,published,,,
E000331,job_post_started,2026-08-12 17:41:00,S029,J0094,SESS_J0094,synthetic_demo,mobile,1.0,Data Analyst,Pune,,,,,
E000332,job_post_completed,2026-08-12 17:58:00,S029,J0094,SESS_J0094,synthetic_demo,web,1.0,Data Analyst,Pune,6.0,,,,
E000333,job_post_started,2026-08-12 09:32:00,S015,J0095,SESS_J0095,synthetic_demo,web,1.0,Data Analyst,Mumbai,,,,,
E000334,job_post_completed,2026-08-12 09:48:00,S015,J0095,SESS_J0095,synthetic_demo,mobile,1.0,Data Analyst,Mumbai,7.0,,,,
E000335,job_post_started,2026-08-12 10:23:00,S017,J0096,SESS_J0096,synthetic_demo,mobile,1.0,Digital Marketer,Chennai,,,,,
E000336,job_post_completed,2026-08-12 10:51:00,S017,J0096,SESS_J0096,synthetic_demo,mobile,1.0,Digital Marketer,Chennai,5.0,,,,
E000337,job_post_published,2026-08-12 11:32:00,S017,J0096,SESS_J0096,synthetic_demo,web,1.0,Digital Marketer,Chennai,,published,,,
E000338,job_post_closed,2026-08-15 11:32:00,S017,J0096,SESS_J0096,synthetic_demo,mobile,1.0,Digital Marketer,Chennai,,,expired,,
E000339,job_post_started,2026-08-12 10:21:00,S010,J0097,SESS_J0097,synthetic_demo,web,1.0,Business Analyst,Chennai,,,,,
E000340,job_post_completed,2026-08-12 10:31:00,S010,J0097,SESS_J0097,synthetic_demo,mobile,1.0,Business Analyst,Chennai,4.0,,,,
E000341,job_post_started,2026-08-12 17:45:00,S023,J0098,SESS_J0098,synthetic_demo,mobile,1.0,UI/UX Designer,Hyderabad,,,,,
E000342,job_post_completed,2026-08-12 17:55:00,S023,J0098,SESS_J0098,synthetic_demo,mobile,1.0,UI/UX Designer,Hyderabad,7.0,,,,
E000343,job_post_published,2026-08-12 18:39:00,S023,J0098,SESS_J0098,synthetic_demo,web,1.0,UI/UX Designer,Hyderabad,,published,,,
E000344,job_post_started,2026-08-12 11:21:00,S012,J0099,SESS_J0099,synthetic_demo,web,1.0,Business Analyst,Hyderabad,,,,,
E000345,job_post_completed,2026-08-12 11:57:00,S012,J0099,SESS_J0099,synthetic_demo,web,1.0,Business Analyst,Hyderabad,3.0,,,,
E000346,job_post_published,2026-08-12 12:26:00,S012,J0099,SESS_J0099,synthetic_demo,web,1.0,Business Analyst,Hyderabad,,published,,,
E000347,job_post_started,2026-08-12 17:08:00,S017,J0100,SESS_J0100,synthetic_demo,web,1.0,Data Analyst,Mumbai,,,,,
E000348,job_post_completed,2026-08-12 17:51:00,S017,J0100,SESS_J0100,synthetic_demo,web,1.0,Data Analyst,Mumbai,3.0,,,,
E000349,job_post_published,2026-08-12 18:44:00,S017,J0100,SESS_J0100,synthetic_demo,web,1.0,Data Analyst,Mumbai,,published,,,
E000350,job_post_paused,2026-08-15 18:44:00,S017,J0100,SESS_J0100,synthetic_demo,web,1.0,Data Analyst,Mumbai,,,,,low_response
E000351,job_post_reactivated,2026-08-17 18:44:00,S017,J0100,SESS_J0100,synthetic_demo,mobile,1.0,Data Analyst,Mumbai,,,,,
E000352,job_post_started,2026-08-13 12:51:00,S008,J0101,SESS_J0101,synthetic_demo,web,1.0,Digital Marketer,Hyderabad,,,,,
E000353,job_post_completed,2026-08-13 13:26:00,S008,J0101,SESS_J0101,synthetic_demo,mobile,1.0,Digital Marketer,Hyderabad,4.0,,,,
E000354,job_post_published,2026-08-13 15:26:00,S008,J0101,SESS_J0101,synthetic_demo,mobile,1.0,Digital Marketer,Hyderabad,,published,,,
E000355,job_post_started,2026-08-13 10:55:00,S006,J0102,SESS_J0102,synthetic_demo,mobile,1.0,Software Developer,Chennai,,,,,
E000356,job_post_completed,2026-08-13 11:16:00,S006,J0102,SESS_J0102,synthetic_demo,web,1.0,Software Developer,Chennai,4.0,,,,
E000357,job_post_published,2026-08-13 11:27:00,S006,J0102,SESS_J0102,synthetic_demo,web,1.0,Software Developer,Chennai,,published,,,
E000358,job_post_closed,2026-08-23 11:27:00,S006,J0102,SESS_J0102,synthetic_demo,mobile,1.0,Software Developer,Chennai,,,position_filled,,
E000359,job_post_started,2026-08-13 13:59:00,S003,J0103,SESS_J0103,synthetic_demo,web,1.0,Software Developer,Pune,,,,,
E000360,job_post_completed,2026-08-13 14:05:00,S003,J0103,SESS_J0103,synthetic_demo,mobile,1.0,Software Developer,Pune,5.0,,,,
E000361,job_post_published,2026-08-13 15:03:00,S003,J0103,SESS_J0103,synthetic_demo,web,1.0,Software Developer,Pune,,published,,,
E000362,job_post_paused,2026-08-14 15:03:00,S003,J0103,SESS_J0103,synthetic_demo,mobile,1.0,Software Developer,Pune,,,,,low_response
E000363,job_post_reactivated,2026-08-15 15:03:00,S003,J0103,SESS_J0103,synthetic_demo,web,1.0,Software Developer,Pune,,,,,
E000364,job_post_closed,2026-08-28 15:03:00,S003,J0103,SESS_J0103,synthetic_demo,web,1.0,Software Developer,Pune,,,seller_closed,,
E000365,job_post_started,2026-08-13 17:00:00,S025,J0104,SESS_J0104,synthetic_demo,mobile,1.0,UI/UX Designer,Pune,,,,,
E000366,job_post_completed,2026-08-13 17:10:00,S025,J0104,SESS_J0104,synthetic_demo,web,1.0,UI/UX Designer,Pune,3.0,,,,
E000367,job_post_published,2026-08-13 17:17:00,S025,J0104,SESS_J0104,synthetic_demo,mobile,1.0,UI/UX Designer,Pune,,published,,,
E000368,job_post_edited,2026-08-13 20:14:00,S025,J0104,SESS_J0104,synthetic_demo,mobile,1.0,UI/UX Designer,Pune,,,,description,
E000369,job_post_closed,2026-08-25 17:17:00,S025,J0104,SESS_J0104,synthetic_demo,mobile,1.0,UI/UX Designer,Pune,,,expired,,
E000370,job_post_started,2026-08-13 17:34:00,S003,J0105,SESS_J0105,synthetic_demo,web,1.0,Data Analyst,Pune,,,,,
E000371,job_post_completed,2026-08-13 17:40:00,S003,J0105,SESS_J0105,synthetic_demo,web,1.0,Data Analyst,Pune,7.0,,,,
E000372,job_post_published,2026-08-13 19:05:00,S003,J0105,SESS_J0105,synthetic_demo,web,1.0,Data Analyst,Pune,,published,,,
E000373,job_post_started,2026-08-13 13:04:00,S022,J0106,SESS_J0106,synthetic_demo,web,1.0,Data Analyst,Chennai,,,,,
E000374,job_post_completed,2026-08-13 13:42:00,S022,J0106,SESS_J0106,synthetic_demo,mobile,1.0,Data Analyst,Chennai,5.0,,,,
E000375,job_post_published,2026-08-13 14:56:00,S022,J0106,SESS_J0106,synthetic_demo,mobile,1.0,Data Analyst,Chennai,,published,,,
E000376,job_post_closed,2026-08-27 14:56:00,S022,J0106,SESS_J0106,synthetic_demo,mobile,1.0,Data Analyst,Chennai,,,position_filled,,
E000377,job_post_started,2026-08-13 13:08:00,S008,J0107,SESS_J0107,synthetic_demo,mobile,1.0,Data Analyst,Chennai,,,,,
E000378,job_post_completed,2026-08-13 13:15:00,S008,J0107,SESS_J0107,synthetic_demo,web,1.0,Data Analyst,Chennai,7.0,,,,
E000379,job_post_published,2026-08-13 14:05:00,S008,J0107,SESS_J0107,synthetic_demo,mobile,1.0,Data Analyst,Chennai,,published,,,
E000380,job_post_closed,2026-08-17 14:05:00,S008,J0107,SESS_J0107,synthetic_demo,mobile,1.0,Data Analyst,Chennai,,,position_filled,,
E000381,job_post_started,2026-08-13 08:50:00,S002,J0108,SESS_J0108,synthetic_demo,web,1.0,Business Analyst,Hyderabad,,,,,
E000382,job_post_completed,2026-08-13 09:07:00,S002,J0108,SESS_J0108,synthetic_demo,mobile,1.0,Business Analyst,Hyderabad,4.0,,,,
E000383,job_post_published,2026-08-13 11:05:00,S002,J0108,SESS_J0108,synthetic_demo,mobile,1.0,Business Analyst,Hyderabad,,published,,,
E000384,job_post_closed,2026-08-20 11:05:00,S002,J0108,SESS_J0108,synthetic_demo,mobile,1.0,Business Analyst,Hyderabad,,,position_filled,,
E000385,job_post_started,2026-08-13 14:56:00,S009,J0109,SESS_J0109,synthetic_demo,mobile,1.0,Data Analyst,Mumbai,,,,,
E000386,job_post_completed,2026-08-13 15:26:00,S009,J0109,SESS_J0109,synthetic_demo,mobile,1.0,Data Analyst,Mumbai,5.0,,,,
E000387,job_post_started,2026-08-13 16:17:00,S016,J0110,SESS_J0110,synthetic_demo,mobile,1.0,UI/UX Designer,Mumbai,,,,,
E000388,job_post_completed,2026-08-13 16:27:00,S016,J0110,SESS_J0110,synthetic_demo,mobile,1.0,UI/UX Designer,Mumbai,2.0,,,,
E000389,job_post_published,2026-08-13 18:05:00,S016,J0110,SESS_J0110,synthetic_demo,web,1.0,UI/UX Designer,Mumbai,,published,,,
E000390,job_post_closed,2026-08-25 18:05:00,S016,J0110,SESS_J0110,synthetic_demo,mobile,1.0,UI/UX Designer,Mumbai,,,seller_closed,,
E000391,job_post_started,2026-08-13 10:44:00,S015,J0111,SESS_J0111,synthetic_demo,mobile,1.0,Digital Marketer,Pune,,,,,
E000392,job_post_completed,2026-08-13 11:17:00,S015,J0111,SESS_J0111,synthetic_demo,mobile,1.0,Digital Marketer,Pune,2.0,,,,
E000393,job_post_published,2026-08-13 12:06:00,S015,J0111,SESS_J0111,synthetic_demo,mobile,1.0,Digital Marketer,Pune,,published,,,
E000394,job_post_started,2026-08-14 16:51:00,S022,J0112,SESS_J0112,synthetic_demo,web,1.0,UI/UX Designer,Mumbai,,,,,
E000395,job_post_completed,2026-08-14 17:06:00,S022,J0112,SESS_J0112,synthetic_demo,mobile,1.0,UI/UX Designer,Mumbai,6.0,,,,
E000396,job_post_published,2026-08-14 17:14:00,S022,J0112,SESS_J0112,synthetic_demo,web,1.0,UI/UX Designer,Mumbai,,published,,,
E000397,job_post_started,2026-08-14 10:43:00,S019,J0113,SESS_J0113,synthetic_demo,mobile,1.0,Data Analyst,Chennai,,,,,
E000398,job_post_completed,2026-08-14 11:16:00,S019,J0113,SESS_J0113,synthetic_demo,web,1.0,Data Analyst,Chennai,5.0,,,,
E000399,job_post_published,2026-08-14 12:08:00,S019,J0113,SESS_J0113,synthetic_demo,mobile,1.0,Data Analyst,Chennai,,published,,,
E000400,job_post_closed,2026-08-17 12:08:00,S019,J0113,SESS_J0113,synthetic_demo,web,1.0,Data Analyst,Chennai,,,position_filled,,
E000401,job_post_started,2026-08-14 16:07:00,S016,J0114,SESS_J0114,synthetic_demo,mobile,1.0,Digital Marketer,Pune,,,,,
E000402,job_post_completed,2026-08-14 16:28:00,S016,J0114,SESS_J0114,synthetic_demo,mobile,1.0,Digital Marketer,Pune,7.0,,,,
E000403,job_post_published,2026-08-14 18:12:00,S016,J0114,SESS_J0114,synthetic_demo,mobile,1.0,Digital Marketer,Pune,,published,,,
E000404,job_post_closed,2026-08-18 18:12:00,S016,J0114,SESS_J0114,synthetic_demo,mobile,1.0,Digital Marketer,Pune,,,position_filled,,
E000405,job_post_started,2026-08-14 13:42:00,S006,J0115,SESS_J0115,synthetic_demo,web,1.0,UI/UX Designer,Bengaluru,,,,,
E000406,job_post_completed,2026-08-14 14:09:00,S006,J0115,SESS_J0115,synthetic_demo,mobile,1.0,UI/UX Designer,Bengaluru,6.0,,,,
E000407,job_post_published,2026-08-14 15:44:00,S006,J0115,SESS_J0115,synthetic_demo,web,1.0,UI/UX Designer,Bengaluru,,published,,,
E000408,job_post_started,2026-08-14 11:07:00,S026,J0116,SESS_J0116,synthetic_demo,web,1.0,Business Analyst,Chennai,,,,,
E000409,job_post_completed,2026-08-14 11:24:00,S026,J0116,SESS_J0116,synthetic_demo,mobile,1.0,Business Analyst,Chennai,3.0,,,,
E000410,job_post_published,2026-08-14 13:10:00,S026,J0116,SESS_J0116,synthetic_demo,mobile,1.0,Business Analyst,Chennai,,published,,,
E000411,job_post_closed,2026-08-17 13:10:00,S026,J0116,SESS_J0116,synthetic_demo,mobile,1.0,Business Analyst,Chennai,,,position_filled,,
E000412,job_post_started,2026-08-14 14:49:00,S013,J0117,SESS_J0117,synthetic_demo,web,1.0,UI/UX Designer,Chennai,,,,,
E000413,job_post_completed,2026-08-14 15:20:00,S013,J0117,SESS_J0117,synthetic_demo,mobile,1.0,UI/UX Designer,Chennai,3.0,,,,
E000414,job_post_published,2026-08-14 17:10:00,S013,J0117,SESS_J0117,synthetic_demo,mobile,1.0,UI/UX Designer,Chennai,,published,,,
E000415,job_post_closed,2026-08-29 17:10:00,S013,J0117,SESS_J0117,synthetic_demo,web,1.0,UI/UX Designer,Chennai,,,expired,,
E000416,job_post_started,2026-08-14 16:58:00,S025,J0118,SESS_J0118,synthetic_demo,web,1.0,Software Developer,Pune,,,,,
E000417,job_post_completed,2026-08-14 17:06:00,S025,J0118,SESS_J0118,synthetic_demo,web,1.0,Software Developer,Pune,6.0,,,,
E000418,job_post_published,2026-08-14 18:57:00,S025,J0118,SESS_J0118,synthetic_demo,web,1.0,Software Developer,Pune,,published,,,
E000419,job_post_started,2026-08-14 12:12:00,S017,J0119,SESS_J0119,synthetic_demo,mobile,1.0,Business Analyst,Bengaluru,,,,,
E000420,job_post_completed,2026-08-14 12:57:00,S017,J0119,SESS_J0119,synthetic_demo,mobile,1.0,Business Analyst,Bengaluru,3.0,,,,
E000421,job_post_published,2026-08-14 14:12:00,S017,J0119,SESS_J0119,synthetic_demo,web,1.0,Business Analyst,Bengaluru,,published,,,
E000422,job_post_started,2026-08-15 13:53:00,S006,J0120,SESS_J0120,synthetic_demo,web,1.0,Digital Marketer,Chennai,,,,,
E000423,job_post_completed,2026-08-15 14:34:00,S006,J0120,SESS_J0120,synthetic_demo,web,1.0,Digital Marketer,Chennai,2.0,,,,
E000424,job_post_started,2026-08-15 11:49:00,S025,J0121,SESS_J0121,synthetic_demo,web,1.0,Digital Marketer,Mumbai,,,,,
E000425,job_post_completed,2026-08-15 12:30:00,S025,J0121,SESS_J0121,synthetic_demo,mobile,1.0,Digital Marketer,Mumbai,5.0,,,,
E000426,job_post_published,2026-08-15 13:28:00,S025,J0121,SESS_J0121,synthetic_demo,mobile,1.0,Digital Marketer,Mumbai,,published,,,
E000427,job_post_started,2026-08-15 08:10:00,S010,J0122,SESS_J0122,synthetic_demo,mobile,1.0,UI/UX Designer,Bengaluru,,,,,
E000428,job_post_completed,2026-08-15 08:43:00,S010,J0122,SESS_J0122,synthetic_demo,web,1.0,UI/UX Designer,Bengaluru,5.0,,,,
E000429,job_post_published,2026-08-15 09:41:00,S010,J0122,SESS_J0122,synthetic_demo,web,1.0,UI/UX Designer,Bengaluru,,published,,,
E000430,job_post_started,2026-08-15 10:48:00,S028,J0123,SESS_J0123,synthetic_demo,web,1.0,Business Analyst,Pune,,,,,
E000431,job_post_completed,2026-08-15 11:16:00,S028,J0123,SESS_J0123,synthetic_demo,web,1.0,Business Analyst,Pune,4.0,,,,
E000432,job_post_published,2026-08-15 12:26:00,S028,J0123,SESS_J0123,synthetic_demo,mobile,1.0,Business Analyst,Pune,,published,,,
E000433,job_post_closed,2026-08-23 12:26:00,S028,J0123,SESS_J0123,synthetic_demo,mobile,1.0,Business Analyst,Pune,,,expired,,
E000434,job_post_started,2026-08-15 17:46:00,S008,J0124,SESS_J0124,synthetic_demo,web,1.0,Software Developer,Mumbai,,,,,
E000435,job_post_completed,2026-08-15 18:11:00,S008,J0124,SESS_J0124,synthetic_demo,mobile,1.0,Software Developer,Mumbai,5.0,,,,
E000436,job_post_published,2026-08-15 18:40:00,S008,J0124,SESS_J0124,synthetic_demo,mobile,1.0,Software Developer,Mumbai,,published,,,
E000437,job_post_paused,2026-08-19 18:40:00,S008,J0124,SESS_J0124,synthetic_demo,mobile,1.0,Software Developer,Mumbai,,,,,low_response
E000438,job_post_reactivated,2026-08-20 18:40:00,S008,J0124,SESS_J0124,synthetic_demo,web,1.0,Software Developer,Mumbai,,,,,
E000439,job_post_started,2026-08-15 15:38:00,S002,J0125,SESS_J0125,synthetic_demo,web,1.0,Data Analyst,Mumbai,,,,,
E000440,job_post_completed,2026-08-15 16:13:00,S002,J0125,SESS_J0125,synthetic_demo,mobile,1.0,Data Analyst,Mumbai,2.0,,,,
E000441,job_post_published,2026-08-15 16:54:00,S002,J0125,SESS_J0125,synthetic_demo,mobile,1.0,Data Analyst,Mumbai,,published,,,
E000442,job_post_started,2026-08-16 11:23:00,S002,J0126,SESS_J0126,synthetic_demo,web,1.0,Digital Marketer,Chennai,,,,,
E000443,job_post_completed,2026-08-16 12:03:00,S002,J0126,SESS_J0126,synthetic_demo,mobile,1.0,Digital Marketer,Chennai,5.0,,,,
E000444,job_post_published,2026-08-16 12:44:00,S002,J0126,SESS_J0126,synthetic_demo,mobile,1.0,Digital Marketer,Chennai,,published,,,
E000445,job_post_started,2026-08-16 13:50:00,S005,J0127,SESS_J0127,synthetic_demo,mobile,1.0,Data Analyst,Pune,,,,,
E000446,job_post_completed,2026-08-16 14:16:00,S005,J0127,SESS_J0127,synthetic_demo,web,1.0,Data Analyst,Pune,3.0,,,,
E000447,job_post_published,2026-08-16 15:32:00,S005,J0127,SESS_J0127,synthetic_demo,mobile,1.0,Data Analyst,Pune,,published,,,
E000448,job_post_paused,2026-08-18 15:32:00,S005,J0127,SESS_J0127,synthetic_demo,mobile,1.0,Data Analyst,Pune,,,,,low_response
E000449,job_post_reactivated,2026-08-20 15:32:00,S005,J0127,SESS_J0127,synthetic_demo,mobile,1.0,Data Analyst,Pune,,,,,
E000450,job_post_closed,2026-08-26 15:32:00,S005,J0127,SESS_J0127,synthetic_demo,mobile,1.0,Data Analyst,Pune,,,position_filled,,
E000451,job_post_started,2026-08-16 10:25:00,S030,J0128,SESS_J0128,synthetic_demo,mobile,1.0,Digital Marketer,Mumbai,,,,,
E000452,job_post_completed,2026-08-16 11:09:00,S030,J0128,SESS_J0128,synthetic_demo,mobile,1.0,Digital Marketer,Mumbai,6.0,,,,
E000453,job_post_published,2026-08-16 12:48:00,S030,J0128,SESS_J0128,synthetic_demo,mobile,1.0,Digital Marketer,Mumbai,,published,,,
E000454,job_post_started,2026-08-16 14:37:00,S012,J0129,SESS_J0129,synthetic_demo,web,1.0,Business Analyst,Bengaluru,,,,,
E000455,job_post_completed,2026-08-16 15:01:00,S012,J0129,SESS_J0129,synthetic_demo,mobile,1.0,Business Analyst,Bengaluru,6.0,,,,
E000456,job_post_published,2026-08-16 16:47:00,S012,J0129,SESS_J0129,synthetic_demo,web,1.0,Business Analyst,Bengaluru,,published,,,
E000457,job_post_closed,2026-08-28 16:47:00,S012,J0129,SESS_J0129,synthetic_demo,mobile,1.0,Business Analyst,Bengaluru,,,expired,,
E000458,job_post_started,2026-08-16 17:44:00,S005,J0130,SESS_J0130,synthetic_demo,web,1.0,Software Developer,Bengaluru,,,,,
E000459,job_post_completed,2026-08-16 17:56:00,S005,J0130,SESS_J0130,synthetic_demo,mobile,1.0,Software Developer,Bengaluru,5.0,,,,
E000460,job_post_published,2026-08-16 18:25:00,S005,J0130,SESS_J0130,synthetic_demo,mobile,1.0,Software Developer,Bengaluru,,published,,,
E000461,job_post_started,2026-08-16 10:33:00,S030,J0131,SESS_J0131,synthetic_demo,mobile,1.0,UI/UX Designer,Bengaluru,,,,,
E000462,job_post_completed,2026-08-16 10:51:00,S030,J0131,SESS_J0131,synthetic_demo,mobile,1.0,UI/UX Designer,Bengaluru,7.0,,,,
E000463,job_post_published,2026-08-16 12:07:00,S030,J0131,SESS_J0131,synthetic_demo,mobile,1.0,UI/UX Designer,Bengaluru,,published,,,
E000464,job_post_started,2026-08-16 17:30:00,S018,J0132,SESS_J0132,synthetic_demo,mobile,1.0,Business Analyst,Mumbai,,,,,
E000465,job_post_completed,2026-08-16 17:47:00,S018,J0132,SESS_J0132,synthetic_demo,mobile,1.0,Business Analyst,Mumbai,6.0,,,,
E000466,job_post_published,2026-08-16 18:23:00,S018,J0132,SESS_J0132,synthetic_demo,mobile,1.0,Business Analyst,Mumbai,,published,,,
E000467,job_post_started,2026-08-16 13:35:00,S016,J0133,SESS_J0133,synthetic_demo,web,1.0,Business Analyst,Pune,,,,,
E000468,job_post_completed,2026-08-16 13:57:00,S016,J0133,SESS_J0133,synthetic_demo,mobile,1.0,Business Analyst,Pune,6.0,,,,
E000469,job_post_published,2026-08-16 14:38:00,S016,J0133,SESS_J0133,synthetic_demo,mobile,1.0,Business Analyst,Pune,,published,,,
E000470,job_post_started,2026-08-17 13:59:00,S002,J0134,SESS_J0134,synthetic_demo,mobile,1.0,Business Analyst,Bengaluru,,,,,
E000471,job_post_completed,2026-08-17 14:32:00,S002,J0134,SESS_J0134,synthetic_demo,mobile,1.0,Business Analyst,Bengaluru,7.0,,,,
E000472,job_post_published,2026-08-17 16:00:00,S002,J0134,SESS_J0134,synthetic_demo,mobile,1.0,Business Analyst,Bengaluru,,published,,,
E000473,job_post_closed,2026-08-28 16:00:00,S002,J0134,SESS_J0134,synthetic_demo,web,1.0,Business Analyst,Bengaluru,,,expired,,
E000474,job_post_started,2026-08-17 11:40:00,S008,J0135,SESS_J0135,synthetic_demo,web,1.0,Data Analyst,Chennai,,,,,
E000475,job_post_completed,2026-08-17 11:59:00,S008,J0135,SESS_J0135,synthetic_demo,mobile,1.0,Data Analyst,Chennai,5.0,,,,
E000476,job_post_published,2026-08-17 12:10:00,S008,J0135,SESS_J0135,synthetic_demo,web,1.0,Data Analyst,Chennai,,published,,,
E000477,job_post_started,2026-08-17 15:30:00,S030,J0136,SESS_J0136,synthetic_demo,mobile,1.0,Software Developer,Pune,,,,,
E000478,job_post_completed,2026-08-17 15:47:00,S030,J0136,SESS_J0136,synthetic_demo,mobile,1.0,Software Developer,Pune,4.0,,,,
E000479,job_post_published,2026-08-17 17:28:00,S030,J0136,SESS_J0136,synthetic_demo,web,1.0,Software Developer,Pune,,published,,,
E000480,job_post_started,2026-08-17 14:56:00,S028,J0137,SESS_J0137,synthetic_demo,mobile,1.0,Data Analyst,Hyderabad,,,,,
E000481,job_post_completed,2026-08-17 15:12:00,S028,J0137,SESS_J0137,synthetic_demo,web,1.0,Data Analyst,Hyderabad,5.0,,,,
E000482,job_post_started,2026-08-17 08:19:00,S028,J0138,SESS_J0138,synthetic_demo,web,1.0,Business Analyst,Bengaluru,,,,,
E000483,job_post_completed,2026-08-17 09:00:00,S028,J0138,SESS_J0138,synthetic_demo,mobile,1.0,Business Analyst,Bengaluru,4.0,,,,
E000484,job_post_published,2026-08-17 10:22:00,S028,J0138,SESS_J0138,synthetic_demo,mobile,1.0,Business Analyst,Bengaluru,,published,,,
E000485,job_post_started,2026-08-17 13:10:00,S009,J0139,SESS_J0139,synthetic_demo,mobile,1.0,Software Developer,Bengaluru,,,,,
E000486,job_post_completed,2026-08-17 13:44:00,S009,J0139,SESS_J0139,synthetic_demo,web,1.0,Software Developer,Bengaluru,7.0,,,,
E000487,job_post_published,2026-08-17 15:11:00,S009,J0139,SESS_J0139,synthetic_demo,mobile,1.0,Software Developer,Bengaluru,,published,,,
E000488,job_post_started,2026-08-17 14:32:00,S006,J0140,SESS_J0140,synthetic_demo,mobile,1.0,Digital Marketer,Pune,,,,,
E000489,job_post_completed,2026-08-17 14:57:00,S006,J0140,SESS_J0140,synthetic_demo,web,1.0,Digital Marketer,Pune,7.0,,,,
E000490,job_post_published,2026-08-17 15:13:00,S006,J0140,SESS_J0140,synthetic_demo,web,1.0,Digital Marketer,Pune,,published,,,
E000491,job_post_closed,2026-08-25 15:13:00,S006,J0140,SESS_J0140,synthetic_demo,mobile,1.0,Digital Marketer,Pune,,,position_filled,,
E000492,job_post_started,2026-08-17 12:37:00,S025,J0141,SESS_J0141,synthetic_demo,mobile,1.0,Business Analyst,Mumbai,,,,,
E000493,job_post_completed,2026-08-17 13:18:00,S025,J0141,SESS_J0141,synthetic_demo,mobile,1.0,Business Analyst,Mumbai,7.0,,,,
E000494,job_post_published,2026-08-17 13:24:00,S025,J0141,SESS_J0141,synthetic_demo,web,1.0,Business Analyst,Mumbai,,published,,,
E000495,job_post_closed,2026-08-29 13:24:00,S025,J0141,SESS_J0141,synthetic_demo,mobile,1.0,Business Analyst,Mumbai,,,expired,,
E000496,job_post_started,2026-08-17 13:39:00,S023,J0142,SESS_J0142,synthetic_demo,web,1.0,Data Analyst,Mumbai,,,,,
E000497,job_post_completed,2026-08-17 13:58:00,S023,J0142,SESS_J0142,synthetic_demo,web,1.0,Data Analyst,Mumbai,5.0,,,,
E000498,job_post_published,2026-08-17 14:31:00,S023,J0142,SESS_J0142,synthetic_demo,mobile,1.0,Data Analyst,Mumbai,,published,,,
E000499,job_post_started,2026-08-17 17:55:00,S018,J0143,SESS_J0143,synthetic_demo,mobile,1.0,Software Developer,Hyderabad,,,,,
E000500,job_post_completed,2026-08-17 18:05:00,S018,J0143,SESS_J0143,synthetic_demo,mobile,1.0,Software Developer,Hyderabad,6.0,,,,
E000501,job_post_published,2026-08-17 19:17:00,S018,J0143,SESS_J0143,synthetic_demo,web,1.0,Software Developer,Hyderabad,,published,,,
E000502,job_post_edited,2026-08-18 00:05:00,S018,J0143,SESS_J0143,synthetic_demo,web,1.0,Software Developer,Hyderabad,,,,description,
E000503,job_post_started,2026-08-18 15:05:00,S004,J0144,SESS_J0144,synthetic_demo,web,1.0,Software Developer,Chennai,,,,,
E000504,job_post_completed,2026-08-18 15:42:00,S004,J0144,SESS_J0144,synthetic_demo,web,1.0,Software Developer,Chennai,5.0,,,,
E000505,job_post_published,2026-08-18 16:44:00,S004,J0144,SESS_J0144,synthetic_demo,mobile,1.0,Software Developer,Chennai,,published,,,
E000506,job_post_started,2026-08-18 12:52:00,S010,J0145,SESS_J0145,synthetic_demo,web,1.0,Data Analyst,Pune,,,,,
E000507,job_post_completed,2026-08-18 12:57:00,S010,J0145,SESS_J0145,synthetic_demo,web,1.0,Data Analyst,Pune,6.0,,,,
E000508,job_post_published,2026-08-18 14:37:00,S010,J0145,SESS_J0145,synthetic_demo,mobile,1.0,Data Analyst,Pune,,published,,,
E000509,job_post_closed,2026-08-21 14:37:00,S010,J0145,SESS_J0145,synthetic_demo,web,1.0,Data Analyst,Pune,,,seller_closed,,
E000510,job_post_started,2026-08-18 10:49:00,S010,J0146,SESS_J0146,synthetic_demo,mobile,1.0,UI/UX Designer,Hyderabad,,,,,
E000511,job_post_completed,2026-08-18 11:20:00,S010,J0146,SESS_J0146,synthetic_demo,mobile,1.0,UI/UX Designer,Hyderabad,5.0,,,,
E000512,job_post_published,2026-08-18 12:12:00,S010,J0146,SESS_J0146,synthetic_demo,web,1.0,UI/UX Designer,Hyderabad,,published,,,
E000513,job_post_closed,2026-08-28 12:12:00,S010,J0146,SESS_J0146,synthetic_demo,web,1.0,UI/UX Designer,Hyderabad,,,seller_closed,,
E000514,job_post_started,2026-08-18 08:19:00,S024,J0147,SESS_J0147,synthetic_demo,mobile,1.0,Software Developer,Bengaluru,,,,,
E000515,job_post_completed,2026-08-18 08:53:00,S024,J0147,SESS_J0147,synthetic_demo,mobile,1.0,Software Developer,Bengaluru,6.0,,,,
E000516,job_post_published,2026-08-18 10:24:00,S024,J0147,SESS_J0147,synthetic_demo,web,1.0,Software Developer,Bengaluru,,published,,,
E000517,job_post_closed,2026-08-31 10:24:00,S024,J0147,SESS_J0147,synthetic_demo,web,1.0,Software Developer,Bengaluru,,,position_filled,,
E000518,job_post_started,2026-08-18 08:15:00,S026,J0148,SESS_J0148,synthetic_demo,web,1.0,UI/UX Designer,Chennai,,,,,
E000519,job_post_completed,2026-08-18 08:33:00,S026,J0148,SESS_J0148,synthetic_demo,web,1.0,UI/UX Designer,Chennai,6.0,,,,
E000520,job_post_published,2026-08-18 08:46:00,S026,J0148,SESS_J0148,synthetic_demo,web,1.0,UI/UX Designer,Chennai,,published,,,
E000521,job_post_paused,2026-08-22 08:46:00,S026,J0148,SESS_J0148,synthetic_demo,web,1.0,UI/UX Designer,Chennai,,,,,temporary_hold
E000522,job_post_reactivated,2026-08-23 08:46:00,S026,J0148,SESS_J0148,synthetic_demo,web,1.0,UI/UX Designer,Chennai,,,,,
E000523,job_post_started,2026-08-18 13:36:00,S010,J0149,SESS_J0149,synthetic_demo,mobile,1.0,Software Developer,Chennai,,,,,
E000524,job_post_completed,2026-08-18 14:19:00,S010,J0149,SESS_J0149,synthetic_demo,mobile,1.0,Software Developer,Chennai,3.0,,,,
E000525,job_post_published,2026-08-18 16:02:00,S010,J0149,SESS_J0149,synthetic_demo,web,1.0,Software Developer,Chennai,,published,,,
E000526,job_post_started,2026-08-18 16:31:00,S019,J0150,SESS_J0150,synthetic_demo,mobile,1.0,Software Developer,Pune,,,,,
E000527,job_post_completed,2026-08-18 16:39:00,S019,J0150,SESS_J0150,synthetic_demo,mobile,1.0,Software Developer,Pune,6.0,,,,
E000528,job_post_published,2026-08-18 17:28:00,S019,J0150,SESS_J0150,synthetic_demo,mobile,1.0,Software Developer,Pune,,published,,,
E000529,job_post_edited,2026-08-18 21:10:00,S019,J0150,SESS_J0150,synthetic_demo,mobile,1.0,Software Developer,Pune,,,,description,
E000530,job_post_closed,2026-09-02 17:28:00,S019,J0150,SESS_J0150,synthetic_demo,web,1.0,Software Developer,Pune,,,expired,,
E000531,job_post_started,2026-08-18 16:26:00,S026,J0151,SESS_J0151,synthetic_demo,web,1.0,UI/UX Designer,Bengaluru,,,,,
E000532,job_post_completed,2026-08-18 16:57:00,S026,J0151,SESS_J0151,synthetic_demo,web,1.0,UI/UX Designer,Bengaluru,5.0,,,,
E000533,job_post_published,2026-08-18 18:13:00,S026,J0151,SESS_J0151,synthetic_demo,mobile,1.0,UI/UX Designer,Bengaluru,,published,,,
E000534,job_post_started,2026-08-18 08:17:00,S003,J0152,SESS_J0152,synthetic_demo,web,1.0,Digital Marketer,Hyderabad,,,,,
E000535,job_post_completed,2026-08-18 08:46:00,S003,J0152,SESS_J0152,synthetic_demo,web,1.0,Digital Marketer,Hyderabad,2.0,,,,
E000536,job_post_published,2026-08-18 10:17:00,S003,J0152,SESS_J0152,synthetic_demo,web,1.0,Digital Marketer,Hyderabad,,published,,,
E000537,job_post_started,2026-08-18 11:47:00,S030,J0153,SESS_J0153,synthetic_demo,mobile,1.0,Data Analyst,Hyderabad,,,,,
E000538,job_post_completed,2026-08-18 11:59:00,S030,J0153,SESS_J0153,synthetic_demo,web,1.0,Data Analyst,Hyderabad,3.0,,,,
E000539,job_post_published,2026-08-18 13:39:00,S030,J0153,SESS_J0153,synthetic_demo,web,1.0,Data Analyst,Hyderabad,,published,,,
E000540,job_post_started,2026-08-18 12:23:00,S018,J0154,SESS_J0154,synthetic_demo,mobile,1.0,Business Analyst,Mumbai,,,,,
E000541,job_post_completed,2026-08-18 13:00:00,S018,J0154,SESS_J0154,synthetic_demo,web,1.0,Business Analyst,Mumbai,5.0,,,,
E000542,job_post_published,2026-08-18 14:57:00,S018,J0154,SESS_J0154,synthetic_demo,mobile,1.0,Business Analyst,Mumbai,,published,,,
E000543,job_post_closed,2026-08-25 14:57:00,S018,J0154,SESS_J0154,synthetic_demo,web,1.0,Business Analyst,Mumbai,,,seller_closed,,
E000544,job_post_started,2026-08-19 08:16:00,S028,J0155,SESS_J0155,synthetic_demo,mobile,1.0,Software Developer,Hyderabad,,,,,
E000545,job_post_completed,2026-08-19 08:56:00,S028,J0155,SESS_J0155,synthetic_demo,web,1.0,Software Developer,Hyderabad,4.0,,,,
E000546,job_post_published,2026-08-19 10:15:00,S028,J0155,SESS_J0155,synthetic_demo,web,1.0,Software Developer,Hyderabad,,published,,,
E000547,job_post_started,2026-08-19 15:46:00,S021,J0156,SESS_J0156,synthetic_demo,web,1.0,Business Analyst,Mumbai,,,,,
E000548,job_post_completed,2026-08-19 16:22:00,S021,J0156,SESS_J0156,synthetic_demo,mobile,1.0,Business Analyst,Mumbai,7.0,,,,
E000549,job_post_published,2026-08-19 17:25:00,S021,J0156,SESS_J0156,synthetic_demo,mobile,1.0,Business Analyst,Mumbai,,published,,,
E000550,job_post_edited,2026-08-19 18:25:00,S021,J0156,SESS_J0156,synthetic_demo,web,1.0,Business Analyst,Mumbai,,,,skills,
E000551,job_post_started,2026-08-19 10:53:00,S025,J0157,SESS_J0157,synthetic_demo,web,1.0,Data Analyst,Pune,,,,,
E000552,job_post_completed,2026-08-19 11:38:00,S025,J0157,SESS_J0157,synthetic_demo,web,1.0,Data Analyst,Pune,7.0,,,,
E000553,job_post_published,2026-08-19 12:12:00,S025,J0157,SESS_J0157,synthetic_demo,mobile,1.0,Data Analyst,Pune,,published,,,
E000554,job_post_started,2026-08-19 08:00:00,S020,J0158,SESS_J0158,synthetic_demo,mobile,1.0,UI/UX Designer,Pune,,,,,
E000555,job_post_completed,2026-08-19 08:39:00,S020,J0158,SESS_J0158,synthetic_demo,web,1.0,UI/UX Designer,Pune,2.0,,,,
E000556,job_post_published,2026-08-19 09:54:00,S020,J0158,SESS_J0158,synthetic_demo,mobile,1.0,UI/UX Designer,Pune,,published,,,
E000557,job_post_started,2026-08-19 09:58:00,S023,J0159,SESS_J0159,synthetic_demo,web,1.0,UI/UX Designer,Hyderabad,,,,,
E000558,job_post_completed,2026-08-19 10:09:00,S023,J0159,SESS_J0159,synthetic_demo,web,1.0,UI/UX Designer,Hyderabad,3.0,,,,
E000559,job_post_published,2026-08-19 11:21:00,S023,J0159,SESS_J0159,synthetic_demo,mobile,1.0,UI/UX Designer,Hyderabad,,published,,,
E000560,job_post_started,2026-08-19 17:15:00,S012,J0160,SESS_J0160,synthetic_demo,web,1.0,UI/UX Designer,Pune,,,,,
E000561,job_post_completed,2026-08-19 17:34:00,S012,J0160,SESS_J0160,synthetic_demo,web,1.0,UI/UX Designer,Pune,7.0,,,,
E000562,job_post_published,2026-08-19 18:17:00,S012,J0160,SESS_J0160,synthetic_demo,mobile,1.0,UI/UX Designer,Pune,,published,,,
E000563,job_post_started,2026-08-19 15:54:00,S023,J0161,SESS_J0161,synthetic_demo,mobile,1.0,Software Developer,Bengaluru,,,,,
E000564,job_post_completed,2026-08-19 16:26:00,S023,J0161,SESS_J0161,synthetic_demo,web,1.0,Software Developer,Bengaluru,6.0,,,,
E000565,job_post_published,2026-08-19 17:53:00,S023,J0161,SESS_J0161,synthetic_demo,web,1.0,Software Developer,Bengaluru,,published,,,
E000566,job_post_started,2026-08-19 08:59:00,S019,J0162,SESS_J0162,synthetic_demo,mobile,1.0,UI/UX Designer,Mumbai,,,,,
E000567,job_post_completed,2026-08-19 09:08:00,S019,J0162,SESS_J0162,synthetic_demo,web,1.0,UI/UX Designer,Mumbai,6.0,,,,
E000568,job_post_published,2026-08-19 10:40:00,S019,J0162,SESS_J0162,synthetic_demo,mobile,1.0,UI/UX Designer,Mumbai,,published,,,
E000569,job_post_edited,2026-08-19 12:56:00,S019,J0162,SESS_J0162,synthetic_demo,mobile,1.0,UI/UX Designer,Mumbai,,,,description,
E000570,job_post_closed,2026-08-30 10:40:00,S019,J0162,SESS_J0162,synthetic_demo,mobile,1.0,UI/UX Designer,Mumbai,,,position_filled,,
E000571,job_post_started,2026-08-19 14:48:00,S022,J0163,SESS_J0163,synthetic_demo,web,1.0,Digital Marketer,Mumbai,,,,,
E000572,job_post_completed,2026-08-19 15:01:00,S022,J0163,SESS_J0163,synthetic_demo,mobile,1.0,Digital Marketer,Mumbai,6.0,,,,
E000573,job_post_published,2026-08-19 16:47:00,S022,J0163,SESS_J0163,synthetic_demo,mobile,1.0,Digital Marketer,Mumbai,,published,,,
E000574,job_post_paused,2026-08-23 16:47:00,S022,J0163,SESS_J0163,synthetic_demo,web,1.0,Digital Marketer,Mumbai,,,,,seller_review
E000575,job_post_reactivated,2026-08-26 16:47:00,S022,J0163,SESS_J0163,synthetic_demo,mobile,1.0,Digital Marketer,Mumbai,,,,,
E000576,job_post_started,2026-08-19 13:35:00,S015,J0164,SESS_J0164,synthetic_demo,web,1.0,UI/UX Designer,Hyderabad,,,,,
E000577,job_post_completed,2026-08-19 14:04:00,S015,J0164,SESS_J0164,synthetic_demo,mobile,1.0,UI/UX Designer,Hyderabad,7.0,,,,
E000578,job_post_published,2026-08-19 15:04:00,S015,J0164,SESS_J0164,synthetic_demo,mobile,1.0,UI/UX Designer,Hyderabad,,published,,,
E000579,job_post_closed,2026-08-23 15:04:00,S015,J0164,SESS_J0164,synthetic_demo,web,1.0,UI/UX Designer,Hyderabad,,,seller_closed,,
E000580,job_post_started,2026-08-19 13:06:00,S024,J0165,SESS_J0165,synthetic_demo,mobile,1.0,UI/UX Designer,Mumbai,,,,,
E000581,job_post_completed,2026-08-19 13:16:00,S024,J0165,SESS_J0165,synthetic_demo,mobile,1.0,UI/UX Designer,Mumbai,5.0,,,,
E000582,job_post_published,2026-08-19 13:21:00,S024,J0165,SESS_J0165,synthetic_demo,web,1.0,UI/UX Designer,Mumbai,,published,,,
E000583,job_post_edited,2026-08-19 15:26:00,S024,J0165,SESS_J0165,synthetic_demo,mobile,1.0,UI/UX Designer,Mumbai,,,,salary,
E000584,job_post_started,2026-08-19 13:35:00,S004,J0166,SESS_J0166,synthetic_demo,mobile,1.0,Data Analyst,Bengaluru,,,,,
E000585,job_post_completed,2026-08-19 13:45:00,S004,J0166,SESS_J0166,synthetic_demo,web,1.0,Data Analyst,Bengaluru,5.0,,,,
E000586,job_post_published,2026-08-19 15:06:00,S004,J0166,SESS_J0166,synthetic_demo,mobile,1.0,Data Analyst,Bengaluru,,published,,,
E000587,job_post_started,2026-08-20 14:10:00,S019,J0167,SESS_J0167,synthetic_demo,mobile,1.0,Digital Marketer,Hyderabad,,,,,
E000588,job_post_completed,2026-08-20 14:23:00,S019,J0167,SESS_J0167,synthetic_demo,mobile,1.0,Digital Marketer,Hyderabad,4.0,,,,
E000589,job_post_published,2026-08-20 15:02:00,S019,J0167,SESS_J0167,synthetic_demo,web,1.0,Digital Marketer,Hyderabad,,published,,,
E000590,job_post_started,2026-08-20 11:46:00,S003,J0168,SESS_J0168,synthetic_demo,web,1.0,Business Analyst,Mumbai,,,,,
E000591,job_post_completed,2026-08-20 12:31:00,S003,J0168,SESS_J0168,synthetic_demo,web,1.0,Business Analyst,Mumbai,5.0,,,,
E000592,job_post_published,2026-08-20 13:39:00,S003,J0168,SESS_J0168,synthetic_demo,web,1.0,Business Analyst,Mumbai,,published,,,
E000593,job_post_started,2026-08-20 13:27:00,S026,J0169,SESS_J0169,synthetic_demo,mobile,1.0,Business Analyst,Pune,,,,,
E000594,job_post_completed,2026-08-20 14:10:00,S026,J0169,SESS_J0169,synthetic_demo,web,1.0,Business Analyst,Pune,4.0,,,,
E000595,job_post_published,2026-08-20 14:32:00,S026,J0169,SESS_J0169,synthetic_demo,web,1.0,Business Analyst,Pune,,published,,,
E000596,job_post_closed,2026-09-02 14:32:00,S026,J0169,SESS_J0169,synthetic_demo,mobile,1.0,Business Analyst,Pune,,,expired,,
E000597,job_post_started,2026-08-20 14:17:00,S019,J0170,SESS_J0170,synthetic_demo,web,1.0,Software Developer,Mumbai,,,,,
E000598,job_post_completed,2026-08-20 14:47:00,S019,J0170,SESS_J0170,synthetic_demo,web,1.0,Software Developer,Mumbai,6.0,,,,
E000599,job_post_published,2026-08-20 15:38:00,S019,J0170,SESS_J0170,synthetic_demo,web,1.0,Software Developer,Mumbai,,published,,,
E000600,job_post_started,2026-08-20 12:53:00,S015,J0171,SESS_J0171,synthetic_demo,mobile,1.0,Software Developer,Pune,,,,,
E000601,job_post_completed,2026-08-20 13:02:00,S015,J0171,SESS_J0171,synthetic_demo,mobile,1.0,Software Developer,Pune,7.0,,,,
E000602,job_post_published,2026-08-20 14:51:00,S015,J0171,SESS_J0171,synthetic_demo,mobile,1.0,Software Developer,Pune,,published,,,
E000603,job_post_started,2026-08-20 15:38:00,S026,J0172,SESS_J0172,synthetic_demo,mobile,1.0,UI/UX Designer,Bengaluru,,,,,
E000604,job_post_completed,2026-08-20 16:13:00,S026,J0172,SESS_J0172,synthetic_demo,mobile,1.0,UI/UX Designer,Bengaluru,6.0,,,,
E000605,job_post_published,2026-08-20 17:32:00,S026,J0172,SESS_J0172,synthetic_demo,mobile,1.0,UI/UX Designer,Bengaluru,,published,,,
E000606,job_post_started,2026-08-20 11:42:00,S030,J0173,SESS_J0173,synthetic_demo,web,1.0,Data Analyst,Bengaluru,,,,,
E000607,job_post_completed,2026-08-20 12:09:00,S030,J0173,SESS_J0173,synthetic_demo,mobile,1.0,Data Analyst,Bengaluru,6.0,,,,
E000608,job_post_started,2026-08-20 08:06:00,S011,J0174,SESS_J0174,synthetic_demo,web,1.0,UI/UX Designer,Bengaluru,,,,,
E000609,job_post_completed,2026-08-20 08:27:00,S011,J0174,SESS_J0174,synthetic_demo,mobile,1.0,UI/UX Designer,Bengaluru,5.0,,,,
E000610,job_post_published,2026-08-20 09:00:00,S011,J0174,SESS_J0174,synthetic_demo,web,1.0,UI/UX Designer,Bengaluru,,published,,,
E000611,job_post_paused,2026-08-21 09:00:00,S011,J0174,SESS_J0174,synthetic_demo,mobile,1.0,UI/UX Designer,Bengaluru,,,,,seller_review
E000612,job_post_reactivated,2026-08-22 09:00:00,S011,J0174,SESS_J0174,synthetic_demo,web,1.0,UI/UX Designer,Bengaluru,,,,,
E000613,job_post_started,2026-08-20 12:21:00,S024,J0175,SESS_J0175,synthetic_demo,web,1.0,Software Developer,Mumbai,,,,,
E000614,job_post_completed,2026-08-20 12:55:00,S024,J0175,SESS_J0175,synthetic_demo,mobile,1.0,Software Developer,Mumbai,6.0,,,,
E000615,job_post_published,2026-08-20 14:40:00,S024,J0175,SESS_J0175,synthetic_demo,web,1.0,Software Developer,Mumbai,,published,,,
E000616,job_post_started,2026-08-21 13:41:00,S002,J0176,SESS_J0176,synthetic_demo,web,1.0,Data Analyst,Bengaluru,,,,,
E000617,job_post_completed,2026-08-21 13:52:00,S002,J0176,SESS_J0176,synthetic_demo,web,1.0,Data Analyst,Bengaluru,7.0,,,,
E000618,job_post_published,2026-08-21 15:23:00,S002,J0176,SESS_J0176,synthetic_demo,web,1.0,Data Analyst,Bengaluru,,published,,,
E000619,job_post_started,2026-08-21 10:40:00,S026,J0177,SESS_J0177,synthetic_demo,web,1.0,UI/UX Designer,Hyderabad,,,,,
E000620,job_post_completed,2026-08-21 11:12:00,S026,J0177,SESS_J0177,synthetic_demo,web,1.0,UI/UX Designer,Hyderabad,7.0,,,,
E000621,job_post_published,2026-08-21 12:07:00,S026,J0177,SESS_J0177,synthetic_demo,mobile,1.0,UI/UX Designer,Hyderabad,,published,,,
E000622,job_post_closed,2026-09-04 12:07:00,S026,J0177,SESS_J0177,synthetic_demo,web,1.0,UI/UX Designer,Hyderabad,,,expired,,
E000623,job_post_started,2026-08-21 10:23:00,S019,J0178,SESS_J0178,synthetic_demo,mobile,1.0,Data Analyst,Chennai,,,,,
E000624,job_post_completed,2026-08-21 10:48:00,S019,J0178,SESS_J0178,synthetic_demo,mobile,1.0,Data Analyst,Chennai,2.0,,,,
E000625,job_post_published,2026-08-21 11:18:00,S019,J0178,SESS_J0178,synthetic_demo,mobile,1.0,Data Analyst,Chennai,,published,,,
E000626,job_post_started,2026-08-21 09:22:00,S020,J0179,SESS_J0179,synthetic_demo,mobile,1.0,UI/UX Designer,Chennai,,,,,
E000627,job_post_completed,2026-08-21 09:49:00,S020,J0179,SESS_J0179,synthetic_demo,web,1.0,UI/UX Designer,Chennai,6.0,,,,
E000628,job_post_published,2026-08-21 11:42:00,S020,J0179,SESS_J0179,synthetic_demo,mobile,1.0,UI/UX Designer,Chennai,,published,,,
E000629,job_post_started,2026-08-21 12:07:00,S011,J0180,SESS_J0180,synthetic_demo,web,1.0,Data Analyst,Hyderabad,,,,,
E000630,job_post_completed,2026-08-21 12:23:00,S011,J0180,SESS_J0180,synthetic_demo,mobile,1.0,Data Analyst,Hyderabad,6.0,,,,
E000631,job_post_published,2026-08-21 13:15:00,S011,J0180,SESS_J0180,synthetic_demo,web,1.0,Data Analyst,Hyderabad,,published,,,
E000632,job_post_started,2026-08-21 10:31:00,S018,J0181,SESS_J0181,synthetic_demo,web,1.0,Software Developer,Chennai,,,,,
E000633,job_post_completed,2026-08-21 10:54:00,S018,J0181,SESS_J0181,synthetic_demo,mobile,1.0,Software Developer,Chennai,4.0,,,,
E000634,job_post_published,2026-08-21 11:16:00,S018,J0181,SESS_J0181,synthetic_demo,mobile,1.0,Software Developer,Chennai,,published,,,
E000635,job_post_closed,2026-08-29 11:16:00,S018,J0181,SESS_J0181,synthetic_demo,mobile,1.0,Software Developer,Chennai,,,expired,,
E000636,job_post_started,2026-08-21 15:31:00,S014,J0182,SESS_J0182,synthetic_demo,web,1.0,UI/UX Designer,Pune,,,,,
E000637,job_post_completed,2026-08-21 15:46:00,S014,J0182,SESS_J0182,synthetic_demo,mobile,1.0,UI/UX Designer,Pune,3.0,,,,
E000638,job_post_published,2026-08-21 16:01:00,S014,J0182,SESS_J0182,synthetic_demo,web,1.0,UI/UX Designer,Pune,,published,,,
E000639,job_post_started,2026-08-21 16:07:00,S024,J0183,SESS_J0183,synthetic_demo,mobile,1.0,UI/UX Designer,Chennai,,,,,
E000640,job_post_completed,2026-08-21 16:48:00,S024,J0183,SESS_J0183,synthetic_demo,mobile,1.0,UI/UX Designer,Chennai,6.0,,,,
E000641,job_post_published,2026-08-21 17:07:00,S024,J0183,SESS_J0183,synthetic_demo,web,1.0,UI/UX Designer,Chennai,,published,,,
E000642,job_post_closed,2026-08-29 17:07:00,S024,J0183,SESS_J0183,synthetic_demo,web,1.0,UI/UX Designer,Chennai,,,position_filled,,
E000643,job_post_started,2026-08-21 12:22:00,S010,J0184,SESS_J0184,synthetic_demo,web,1.0,Data Analyst,Pune,,,,,
E000644,job_post_completed,2026-08-21 12:32:00,S010,J0184,SESS_J0184,synthetic_demo,web,1.0,Data Analyst,Pune,3.0,,,,
E000645,job_post_published,2026-08-21 13:33:00,S010,J0184,SESS_J0184,synthetic_demo,mobile,1.0,Data Analyst,Pune,,published,,,
E000646,job_post_started,2026-08-21 11:51:00,S020,J0185,SESS_J0185,synthetic_demo,mobile,1.0,Software Developer,Hyderabad,,,,,
E000647,job_post_completed,2026-08-21 11:59:00,S020,J0185,SESS_J0185,synthetic_demo,mobile,1.0,Software Developer,Hyderabad,6.0,,,,
E000648,job_post_published,2026-08-21 13:16:00,S020,J0185,SESS_J0185,synthetic_demo,web,1.0,Software Developer,Hyderabad,,published,,,
E000649,job_post_closed,2026-08-27 13:16:00,S020,J0185,SESS_J0185,synthetic_demo,web,1.0,Software Developer,Hyderabad,,,expired,,
E000650,job_post_started,2026-08-22 12:55:00,S025,J0186,SESS_J0186,synthetic_demo,web,1.0,UI/UX Designer,Bengaluru,,,,,
E000651,job_post_completed,2026-08-22 13:08:00,S025,J0186,SESS_J0186,synthetic_demo,web,1.0,UI/UX Designer,Bengaluru,3.0,,,,
E000652,job_post_published,2026-08-22 14:42:00,S025,J0186,SESS_J0186,synthetic_demo,web,1.0,UI/UX Designer,Bengaluru,,published,,,
E000653,job_post_started,2026-08-22 14:28:00,S019,J0187,SESS_J0187,synthetic_demo,web,1.0,Business Analyst,Pune,,,,,
E000654,job_post_completed,2026-08-22 14:37:00,S019,J0187,SESS_J0187,synthetic_demo,mobile,1.0,Business Analyst,Pune,5.0,,,,
E000655,job_post_published,2026-08-22 16:03:00,S019,J0187,SESS_J0187,synthetic_demo,mobile,1.0,Business Analyst,Pune,,published,,,
E000656,job_post_started,2026-08-22 13:54:00,S028,J0188,SESS_J0188,synthetic_demo,mobile,1.0,Data Analyst,Pune,,,,,
E000657,job_post_completed,2026-08-22 14:03:00,S028,J0188,SESS_J0188,synthetic_demo,mobile,1.0,Data Analyst,Pune,3.0,,,,
E000658,job_post_published,2026-08-22 15:49:00,S028,J0188,SESS_J0188,synthetic_demo,mobile,1.0,Data Analyst,Pune,,published,,,
E000659,job_post_started,2026-08-22 15:50:00,S019,J0189,SESS_J0189,synthetic_demo,web,1.0,Software Developer,Chennai,,,,,
E000660,job_post_completed,2026-08-22 16:16:00,S019,J0189,SESS_J0189,synthetic_demo,web,1.0,Software Developer,Chennai,2.0,,,,
E000661,job_post_published,2026-08-22 18:15:00,S019,J0189,SESS_J0189,synthetic_demo,mobile,1.0,Software Developer,Chennai,,published,,,
E000662,job_post_edited,2026-08-22 20:05:00,S019,J0189,SESS_J0189,synthetic_demo,mobile,1.0,Software Developer,Chennai,,,,salary,
E000663,job_post_paused,2026-08-26 18:15:00,S019,J0189,SESS_J0189,synthetic_demo,web,1.0,Software Developer,Chennai,,,,,temporary_hold
E000665,job_post_closed,2026-08-28 18:15:00,S019,J0189,SESS_J0189,synthetic_demo,mobile,1.0,Software Developer,Chennai,,,position_filled,,
E000664,job_post_reactivated,2026-08-29 18:15:00,S019,J0189,SESS_J0189,synthetic_demo,mobile,1.0,Software Developer,Chennai,,,,,
E000666,job_post_started,2026-08-22 10:03:00,S009,J0190,SESS_J0190,synthetic_demo,mobile,1.0,Data Analyst,Mumbai,,,,,
E000667,job_post_completed,2026-08-22 10:33:00,S009,J0190,SESS_J0190,synthetic_demo,web,1.0,Data Analyst,Mumbai,7.0,,,,
E000668,job_post_published,2026-08-22 11:58:00,S009,J0190,SESS_J0190,synthetic_demo,web,1.0,Data Analyst,Mumbai,,published,,,
E000669,job_post_paused,2026-08-26 11:58:00,S009,J0190,SESS_J0190,synthetic_demo,web,1.0,Data Analyst,Mumbai,,,,,temporary_hold
E000670,job_post_reactivated,2026-08-29 11:58:00,S009,J0190,SESS_J0190,synthetic_demo,web,1.0,Data Analyst,Mumbai,,,,,
E000671,job_post_started,2026-08-22 13:52:00,S015,J0191,SESS_J0191,synthetic_demo,mobile,1.0,Data Analyst,Bengaluru,,,,,
E000672,job_post_completed,2026-08-22 14:04:00,S015,J0191,SESS_J0191,synthetic_demo,web,1.0,Data Analyst,Bengaluru,7.0,,,,
E000673,job_post_published,2026-08-22 15:59:00,S015,J0191,SESS_J0191,synthetic_demo,web,1.0,Data Analyst,Bengaluru,,published,,,
E000674,job_post_closed,2026-08-29 15:59:00,S015,J0191,SESS_J0191,synthetic_demo,mobile,1.0,Data Analyst,Bengaluru,,,seller_closed,,
E000675,job_post_started,2026-08-23 09:33:00,S013,J0192,SESS_J0192,synthetic_demo,web,1.0,Software Developer,Hyderabad,,,,,
E000676,job_post_completed,2026-08-23 10:14:00,S013,J0192,SESS_J0192,synthetic_demo,mobile,1.0,Software Developer,Hyderabad,5.0,,,,
E000677,job_post_published,2026-08-23 10:20:00,S013,J0192,SESS_J0192,synthetic_demo,web,1.0,Software Developer,Hyderabad,,published,,,
E000678,job_post_started,2026-08-23 10:48:00,S007,J0193,SESS_J0193,synthetic_demo,mobile,1.0,Data Analyst,Bengaluru,,,,,
E000679,job_post_completed,2026-08-23 11:00:00,S007,J0193,SESS_J0193,synthetic_demo,mobile,1.0,Data Analyst,Bengaluru,4.0,,,,
E000680,job_post_published,2026-08-23 12:20:00,S007,J0193,SESS_J0193,synthetic_demo,web,1.0,Data Analyst,Bengaluru,,published,,,
E000681,job_post_closed,2026-09-03 12:20:00,S007,J0193,SESS_J0193,synthetic_demo,mobile,1.0,Data Analyst,Bengaluru,,,expired,,
E000682,job_post_started,2026-08-23 11:33:00,S025,J0194,SESS_J0194,synthetic_demo,web,1.0,Data Analyst,Mumbai,,,,,
E000683,job_post_completed,2026-08-23 12:16:00,S025,J0194,SESS_J0194,synthetic_demo,mobile,1.0,Data Analyst,Mumbai,7.0,,,,
E000684,job_post_published,2026-08-23 13:26:00,S025,J0194,SESS_J0194,synthetic_demo,web,1.0,Data Analyst,Mumbai,,published,,,
E000685,job_post_closed,2026-08-31 13:26:00,S025,J0194,SESS_J0194,synthetic_demo,web,1.0,Data Analyst,Mumbai,,,position_filled,,
E000686,job_post_started,2026-08-23 16:56:00,S016,J0195,SESS_J0195,synthetic_demo,mobile,1.0,Digital Marketer,Bengaluru,,,,,
E000687,job_post_completed,2026-08-23 17:01:00,S016,J0195,SESS_J0195,synthetic_demo,mobile,1.0,Digital Marketer,Bengaluru,3.0,,,,
E000688,job_post_published,2026-08-23 17:52:00,S016,J0195,SESS_J0195,synthetic_demo,mobile,1.0,Digital Marketer,Bengaluru,,published,,,
E000689,job_post_started,2026-08-23 17:04:00,S025,J0196,SESS_J0196,synthetic_demo,web,1.0,Data Analyst,Bengaluru,,,,,
E000690,job_post_completed,2026-08-23 17:09:00,S025,J0196,SESS_J0196,synthetic_demo,web,1.0,Data Analyst,Bengaluru,2.0,,,,
E000691,job_post_started,2026-08-23 16:49:00,S013,J0197,SESS_J0197,synthetic_demo,mobile,1.0,Digital Marketer,Mumbai,,,,,
E000692,job_post_completed,2026-08-23 17:20:00,S013,J0197,SESS_J0197,synthetic_demo,web,1.0,Digital Marketer,Mumbai,2.0,,,,
E000693,job_post_published,2026-08-23 18:19:00,S013,J0197,SESS_J0197,synthetic_demo,mobile,1.0,Digital Marketer,Mumbai,,published,,,
E000694,job_post_edited,2026-08-23 20:33:00,S013,J0197,SESS_J0197,synthetic_demo,mobile,1.0,Digital Marketer,Mumbai,,,,description,
E000695,job_post_started,2026-08-24 08:15:00,S010,J0198,SESS_J0198,synthetic_demo,web,1.0,UI/UX Designer,Hyderabad,,,,,
E000696,job_post_completed,2026-08-24 08:25:00,S010,J0198,SESS_J0198,synthetic_demo,web,1.0,UI/UX Designer,Hyderabad,5.0,,,,
E000697,job_post_published,2026-08-24 09:25:00,S010,J0198,SESS_J0198,synthetic_demo,web,1.0,UI/UX Designer,Hyderabad,,published,,,
E000698,job_post_edited,2026-08-24 11:05:00,S010,J0198,SESS_J0198,synthetic_demo,web,1.0,UI/UX Designer,Hyderabad,,,,skills,
E000699,job_post_started,2026-08-24 13:08:00,S017,J0199,SESS_J0199,synthetic_demo,web,1.0,Business Analyst,Hyderabad,,,,,
E000700,job_post_completed,2026-08-24 13:30:00,S017,J0199,SESS_J0199,synthetic_demo,mobile,1.0,Business Analyst,Hyderabad,2.0,,,,
E000701,job_post_published,2026-08-24 15:08:00,S017,J0199,SESS_J0199,synthetic_demo,mobile,1.0,Business Analyst,Hyderabad,,published,,,
E000702,job_post_started,2026-08-24 15:32:00,S021,J0200,SESS_J0200,synthetic_demo,mobile,1.0,Data Analyst,Pune,,,,,
E000703,job_post_completed,2026-08-24 16:00:00,S021,J0200,SESS_J0200,synthetic_demo,web,1.0,Data Analyst,Pune,6.0,,,,
E000704,job_post_published,2026-08-24 16:12:00,S021,J0200,SESS_J0200,synthetic_demo,mobile,1.0,Data Analyst,Pune,,published,,,
E000705,job_post_started,2026-08-24 08:02:00,S004,J0201,SESS_J0201,synthetic_demo,web,1.0,Software Developer,Chennai,,,,,
E000706,job_post_completed,2026-08-24 08:07:00,S004,J0201,SESS_J0201,synthetic_demo,mobile,1.0,Software Developer,Chennai,5.0,,,,
E000707,job_post_published,2026-08-24 08:43:00,S004,J0201,SESS_J0201,synthetic_demo,web,1.0,Software Developer,Chennai,,published,,,
E000708,job_post_edited,2026-08-24 09:31:00,S004,J0201,SESS_J0201,synthetic_demo,web,1.0,Software Developer,Chennai,,,,salary,
E000709,job_post_started,2026-08-24 09:36:00,S024,J0202,SESS_J0202,synthetic_demo,web,1.0,Business Analyst,Mumbai,,,,,
E000710,job_post_completed,2026-08-24 10:04:00,S024,J0202,SESS_J0202,synthetic_demo,web,1.0,Business Analyst,Mumbai,3.0,,,,
E000711,job_post_published,2026-08-24 10:24:00,S024,J0202,SESS_J0202,synthetic_demo,web,1.0,Business Analyst,Mumbai,,published,,,
E000712,job_post_paused,2026-08-28 10:24:00,S024,J0202,SESS_J0202,synthetic_demo,mobile,1.0,Business Analyst,Mumbai,,,,,seller_review
E000713,job_post_reactivated,2026-08-30 10:24:00,S024,J0202,SESS_J0202,synthetic_demo,web,1.0,Business Analyst,Mumbai,,,,,
E000714,job_post_started,2026-08-24 12:36:00,S001,J0203,SESS_J0203,synthetic_demo,web,1.0,Business Analyst,Hyderabad,,,,,
E000715,job_post_completed,2026-08-24 13:00:00,S001,J0203,SESS_J0203,synthetic_demo,mobile,1.0,Business Analyst,Hyderabad,5.0,,,,
E000716,job_post_published,2026-08-24 14:39:00,S001,J0203,SESS_J0203,synthetic_demo,mobile,1.0,Business Analyst,Hyderabad,,published,,,
E000717,job_post_started,2026-08-24 08:59:00,S018,J0204,SESS_J0204,synthetic_demo,web,1.0,Software Developer,Hyderabad,,,,,
E000718,job_post_completed,2026-08-24 09:30:00,S018,J0204,SESS_J0204,synthetic_demo,mobile,1.0,Software Developer,Hyderabad,6.0,,,,
E000719,job_post_published,2026-08-24 09:38:00,S018,J0204,SESS_J0204,synthetic_demo,web,1.0,Software Developer,Hyderabad,,published,,,
E000720,job_post_paused,2026-08-28 09:38:00,S018,J0204,SESS_J0204,synthetic_demo,mobile,1.0,Software Developer,Hyderabad,,,,,low_response
E000721,job_post_reactivated,2026-08-29 09:38:00,S018,J0204,SESS_J0204,synthetic_demo,web,1.0,Software Developer,Hyderabad,,,,,
E000722,job_post_started,2026-08-24 08:09:00,S008,J0205,SESS_J0205,synthetic_demo,web,1.0,UI/UX Designer,Pune,,,,,
E000723,job_post_completed,2026-08-24 08:31:00,S008,J0205,SESS_J0205,synthetic_demo,mobile,1.0,UI/UX Designer,Pune,3.0,,,,
E000724,job_post_published,2026-08-24 08:47:00,S008,J0205,SESS_J0205,synthetic_demo,mobile,1.0,UI/UX Designer,Pune,,published,,,
E000725,job_post_started,2026-08-25 17:36:00,S005,J0206,SESS_J0206,synthetic_demo,web,1.0,UI/UX Designer,Bengaluru,,,,,
E000726,job_post_completed,2026-08-25 17:44:00,S005,J0206,SESS_J0206,synthetic_demo,mobile,1.0,UI/UX Designer,Bengaluru,3.0,,,,
E000727,job_post_published,2026-08-25 18:44:00,S005,J0206,SESS_J0206,synthetic_demo,mobile,1.0,UI/UX Designer,Bengaluru,,published,,,
E000728,job_post_started,2026-08-25 12:14:00,S011,J0207,SESS_J0207,synthetic_demo,web,1.0,Business Analyst,Pune,,,,,
E000729,job_post_completed,2026-08-25 12:23:00,S011,J0207,SESS_J0207,synthetic_demo,web,1.0,Business Analyst,Pune,6.0,,,,
E000730,job_post_published,2026-08-25 12:53:00,S011,J0207,SESS_J0207,synthetic_demo,web,1.0,Business Analyst,Pune,,published,,,
E000731,job_post_closed,2026-09-01 12:53:00,S011,J0207,SESS_J0207,synthetic_demo,mobile,1.0,Business Analyst,Pune,,,position_filled,,
E000732,job_post_started,2026-08-25 09:05:00,S010,J0208,SESS_J0208,synthetic_demo,mobile,1.0,UI/UX Designer,Mumbai,,,,,
E000733,job_post_completed,2026-08-25 09:20:00,S010,J0208,SESS_J0208,synthetic_demo,web,1.0,UI/UX Designer,Mumbai,7.0,,,,
E000734,job_post_published,2026-08-25 11:08:00,S010,J0208,SESS_J0208,synthetic_demo,mobile,1.0,UI/UX Designer,Mumbai,,published,,,
E000735,job_post_edited,2026-08-25 13:45:00,S010,J0208,SESS_J0208,synthetic_demo,mobile,1.0,UI/UX Designer,Mumbai,,,,location,
E000736,job_post_started,2026-08-25 14:54:00,S009,J0209,SESS_J0209,synthetic_demo,web,1.0,Software Developer,Bengaluru,,,,,
E000737,job_post_completed,2026-08-25 15:27:00,S009,J0209,SESS_J0209,synthetic_demo,mobile,1.0,Software Developer,Bengaluru,2.0,,,,
E000738,job_post_published,2026-08-25 16:43:00,S009,J0209,SESS_J0209,synthetic_demo,web,1.0,Software Developer,Bengaluru,,published,,,
E000739,job_post_edited,2026-08-25 17:44:00,S009,J0209,SESS_J0209,synthetic_demo,web,1.0,Software Developer,Bengaluru,,,,description,
E000740,job_post_started,2026-08-25 17:16:00,S022,J0210,SESS_J0210,synthetic_demo,web,1.0,Data Analyst,Chennai,,,,,
E000741,job_post_completed,2026-08-25 17:25:00,S022,J0210,SESS_J0210,synthetic_demo,mobile,1.0,Data Analyst,Chennai,3.0,,,,
E000742,job_post_published,2026-08-25 17:32:00,S022,J0210,SESS_J0210,synthetic_demo,web,1.0,Data Analyst,Chennai,,published,,,
E000743,job_post_started,2026-08-25 10:59:00,S002,J0211,SESS_J0211,synthetic_demo,mobile,1.0,UI/UX Designer,Bengaluru,,,,,
E000744,job_post_completed,2026-08-25 11:40:00,S002,J0211,SESS_J0211,synthetic_demo,web,1.0,UI/UX Designer,Bengaluru,5.0,,,,
E000745,job_post_published,2026-08-25 12:40:00,S002,J0211,SESS_J0211,synthetic_demo,mobile,1.0,UI/UX Designer,Bengaluru,,published,,,
E000746,job_post_edited,2026-08-25 14:59:00,S002,J0211,SESS_J0211,synthetic_demo,mobile,1.0,UI/UX Designer,Bengaluru,,,,description,
E000747,job_post_started,2026-08-25 17:15:00,S002,J0212,SESS_J0212,synthetic_demo,mobile,1.0,Digital Marketer,Chennai,,,,,
E000748,job_post_completed,2026-08-25 17:38:00,S002,J0212,SESS_J0212,synthetic_demo,mobile,1.0,Digital Marketer,Chennai,6.0,,,,
E000749,job_post_published,2026-08-25 18:46:00,S002,J0212,SESS_J0212,synthetic_demo,mobile,1.0,Digital Marketer,Chennai,,published,,,
E000750,job_post_started,2026-08-25 16:50:00,S026,J0213,SESS_J0213,synthetic_demo,mobile,1.0,Digital Marketer,Hyderabad,,,,,
E000751,job_post_completed,2026-08-25 16:56:00,S026,J0213,SESS_J0213,synthetic_demo,mobile,1.0,Digital Marketer,Hyderabad,5.0,,,,
E000752,job_post_published,2026-08-25 17:49:00,S026,J0213,SESS_J0213,synthetic_demo,mobile,1.0,Digital Marketer,Hyderabad,,published,,,
E000753,job_post_started,2026-08-25 08:51:00,S008,J0214,SESS_J0214,synthetic_demo,mobile,1.0,Data Analyst,Mumbai,,,,,
E000754,job_post_completed,2026-08-25 09:26:00,S008,J0214,SESS_J0214,synthetic_demo,web,1.0,Data Analyst,Mumbai,6.0,,,,
E000755,job_post_started,2026-08-25 12:34:00,S004,J0215,SESS_J0215,synthetic_demo,web,1.0,Software Developer,Hyderabad,,,,,
E000756,job_post_completed,2026-08-25 12:42:00,S004,J0215,SESS_J0215,synthetic_demo,mobile,1.0,Software Developer,Hyderabad,6.0,,,,
E000757,job_post_published,2026-08-25 14:24:00,S004,J0215,SESS_J0215,synthetic_demo,web,1.0,Software Developer,Hyderabad,,published,,,
E000758,job_post_edited,2026-08-25 17:36:00,S004,J0215,SESS_J0215,synthetic_demo,web,1.0,Software Developer,Hyderabad,,,,location,
E000759,job_post_started,2026-08-25 17:12:00,S019,J0216,SESS_J0216,synthetic_demo,mobile,1.0,Digital Marketer,Hyderabad,,,,,
E000760,job_post_completed,2026-08-25 17:48:00,S019,J0216,SESS_J0216,synthetic_demo,mobile,1.0,Digital Marketer,Hyderabad,3.0,,,,
E000761,job_post_published,2026-08-25 19:02:00,S019,J0216,SESS_J0216,synthetic_demo,web,1.0,Digital Marketer,Hyderabad,,published,,,
E000762,job_post_started,2026-08-25 11:51:00,S001,J0217,SESS_J0217,synthetic_demo,web,1.0,Business Analyst,Chennai,,,,,
E000763,job_post_completed,2026-08-25 12:04:00,S001,J0217,SESS_J0217,synthetic_demo,web,1.0,Business Analyst,Chennai,4.0,,,,
E000764,job_post_published,2026-08-25 12:52:00,S001,J0217,SESS_J0217,synthetic_demo,web,1.0,Business Analyst,Chennai,,published,,,
E000765,job_post_started,2026-08-26 09:21:00,S012,J0218,SESS_J0218,synthetic_demo,web,1.0,UI/UX Designer,Chennai,,,,,
E000766,job_post_completed,2026-08-26 09:45:00,S012,J0218,SESS_J0218,synthetic_demo,mobile,1.0,UI/UX Designer,Chennai,3.0,,,,
E000767,job_post_published,2026-08-26 10:31:00,S012,J0218,SESS_J0218,synthetic_demo,mobile,1.0,UI/UX Designer,Chennai,,published,,,
E000768,job_post_started,2026-08-26 11:42:00,S023,J0219,SESS_J0219,synthetic_demo,web,1.0,Digital Marketer,Mumbai,,,,,
E000769,job_post_completed,2026-08-26 12:24:00,S023,J0219,SESS_J0219,synthetic_demo,mobile,1.0,Digital Marketer,Mumbai,5.0,,,,
E000770,job_post_published,2026-08-26 14:13:00,S023,J0219,SESS_J0219,synthetic_demo,mobile,1.0,Digital Marketer,Mumbai,,published,,,
E000771,job_post_edited,2026-08-26 14:43:00,S023,J0219,SESS_J0219,synthetic_demo,web,1.0,Digital Marketer,Mumbai,,,,salary,
E000772,job_post_started,2026-08-26 17:06:00,S026,J0220,SESS_J0220,synthetic_demo,mobile,1.0,Digital Marketer,Hyderabad,,,,,
E000773,job_post_completed,2026-08-26 17:42:00,S026,J0220,SESS_J0220,synthetic_demo,web,1.0,Digital Marketer,Hyderabad,7.0,,,,
E000774,job_post_published,2026-08-26 18:05:00,S026,J0220,SESS_J0220,synthetic_demo,mobile,1.0,Digital Marketer,Hyderabad,,published,,,
E000775,job_post_edited,2026-08-26 19:20:00,S026,J0220,SESS_J0220,synthetic_demo,mobile,1.0,Digital Marketer,Hyderabad,,,,location,
E000776,job_post_paused,2026-08-28 18:05:00,S026,J0220,SESS_J0220,synthetic_demo,web,1.0,Digital Marketer,Hyderabad,,,,,temporary_hold
E000777,job_post_reactivated,2026-08-30 18:05:00,S026,J0220,SESS_J0220,synthetic_demo,mobile,1.0,Digital Marketer,Hyderabad,,,,,
E000778,job_post_started,2026-08-26 14:28:00,S024,J0221,SESS_J0221,synthetic_demo,mobile,1.0,Data Analyst,Bengaluru,,,,,
E000779,job_post_completed,2026-08-26 14:59:00,S024,J0221,SESS_J0221,synthetic_demo,mobile,1.0,Data Analyst,Bengaluru,5.0,,,,
E000780,job_post_published,2026-08-26 15:25:00,S024,J0221,SESS_J0221,synthetic_demo,mobile,1.0,Data Analyst,Bengaluru,,published,,,
E000781,job_post_edited,2026-08-26 20:00:00,S024,J0221,SESS_J0221,synthetic_demo,web,1.0,Data Analyst,Bengaluru,,,,description,
E000782,job_post_started,2026-08-26 13:16:00,S002,J0222,SESS_J0222,synthetic_demo,mobile,1.0,Business Analyst,Bengaluru,,,,,
E000783,job_post_completed,2026-08-26 13:27:00,S002,J0222,SESS_J0222,synthetic_demo,mobile,1.0,Business Analyst,Bengaluru,3.0,,,,
E000784,job_post_published,2026-08-26 13:41:00,S002,J0222,SESS_J0222,synthetic_demo,web,1.0,Business Analyst,Bengaluru,,published,,,
E000785,job_post_closed,2026-09-06 13:41:00,S002,J0222,SESS_J0222,synthetic_demo,mobile,1.0,Business Analyst,Bengaluru,,,expired,,
E000786,job_post_started,2026-08-26 10:38:00,S023,J0223,SESS_J0223,synthetic_demo,web,1.0,Data Analyst,Pune,,,,,
E000787,job_post_completed,2026-08-26 11:10:00,S023,J0223,SESS_J0223,synthetic_demo,mobile,1.0,Data Analyst,Pune,2.0,,,,
E000788,job_post_published,2026-08-26 11:35:00,S023,J0223,SESS_J0223,synthetic_demo,web,1.0,Data Analyst,Pune,,published,,,
E000789,job_post_started,2026-08-26 12:15:00,S018,J0224,SESS_J0224,synthetic_demo,mobile,1.0,Business Analyst,Mumbai,,,,,
E000790,job_post_completed,2026-08-26 12:26:00,S018,J0224,SESS_J0224,synthetic_demo,mobile,1.0,Business Analyst,Mumbai,6.0,,,,
E000791,job_post_published,2026-08-26 12:37:00,S018,J0224,SESS_J0224,synthetic_demo,mobile,1.0,Business Analyst,Mumbai,,published,,,
E000792,job_post_edited,2026-08-26 13:51:00,S018,J0224,SESS_J0224,synthetic_demo,mobile,1.0,Business Analyst,Mumbai,,,,location,
E000793,job_post_closed,2026-08-30 12:37:00,S018,J0224,SESS_J0224,synthetic_demo,mobile,1.0,Business Analyst,Mumbai,,,expired,,
E000794,job_post_started,2026-08-26 12:50:00,S003,J0225,SESS_J0225,synthetic_demo,mobile,1.0,UI/UX Designer,Bengaluru,,,,,
E000795,job_post_completed,2026-08-26 13:20:00,S003,J0225,SESS_J0225,synthetic_demo,mobile,1.0,UI/UX Designer,Bengaluru,7.0,,,,
E000796,job_post_published,2026-08-26 14:25:00,S003,J0225,SESS_J0225,synthetic_demo,mobile,1.0,UI/UX Designer,Bengaluru,,published,,,
E000797,job_post_edited,2026-08-26 18:10:00,S003,J0225,SESS_J0225,synthetic_demo,web,1.0,UI/UX Designer,Bengaluru,,,,location,
E000798,job_post_closed,2026-09-04 14:25:00,S003,J0225,SESS_J0225,synthetic_demo,web,1.0,UI/UX Designer,Bengaluru,,,seller_closed,,
E000799,job_post_started,2026-08-27 09:05:00,S019,J0226,SESS_J0226,synthetic_demo,mobile,1.0,Data Analyst,Hyderabad,,,,,
E000800,job_post_completed,2026-08-27 09:32:00,S019,J0226,SESS_J0226,synthetic_demo,web,1.0,Data Analyst,Hyderabad,6.0,,,,
E000801,job_post_published,2026-08-27 11:20:00,S019,J0226,SESS_J0226,synthetic_demo,mobile,1.0,Data Analyst,Hyderabad,,published,,,
E000802,job_post_started,2026-08-27 11:30:00,S028,J0227,SESS_J0227,synthetic_demo,mobile,1.0,UI/UX Designer,Chennai,,,,,
E000803,job_post_completed,2026-08-27 11:54:00,S028,J0227,SESS_J0227,synthetic_demo,web,1.0,UI/UX Designer,Chennai,7.0,,,,
E000804,job_post_published,2026-08-27 12:09:00,S028,J0227,SESS_J0227,synthetic_demo,web,1.0,UI/UX Designer,Chennai,,published,,,
E000805,job_post_edited,2026-08-27 16:28:00,S028,J0227,SESS_J0227,synthetic_demo,web,1.0,UI/UX Designer,Chennai,,,,description,
E000806,job_post_started,2026-08-27 09:43:00,S005,J0228,SESS_J0228,synthetic_demo,web,1.0,Data Analyst,Pune,,,,,
E000807,job_post_completed,2026-08-27 10:15:00,S005,J0228,SESS_J0228,synthetic_demo,mobile,1.0,Data Analyst,Pune,6.0,,,,
E000808,job_post_published,2026-08-27 10:45:00,S005,J0228,SESS_J0228,synthetic_demo,web,1.0,Data Analyst,Pune,,published,,,
E000809,job_post_edited,2026-08-27 14:38:00,S005,J0228,SESS_J0228,synthetic_demo,mobile,1.0,Data Analyst,Pune,,,,location,
E000810,job_post_started,2026-08-27 16:50:00,S001,J0229,SESS_J0229,synthetic_demo,mobile,1.0,Digital Marketer,Chennai,,,,,
E000811,job_post_completed,2026-08-27 17:21:00,S001,J0229,SESS_J0229,synthetic_demo,web,1.0,Digital Marketer,Chennai,3.0,,,,
E000812,job_post_published,2026-08-27 17:40:00,S001,J0229,SESS_J0229,synthetic_demo,web,1.0,Digital Marketer,Chennai,,published,,,
E000813,job_post_closed,2026-09-02 17:40:00,S001,J0229,SESS_J0229,synthetic_demo,mobile,1.0,Digital Marketer,Chennai,,,expired,,
E000814,job_post_started,2026-08-27 14:41:00,S029,J0230,SESS_J0230,synthetic_demo,mobile,1.0,UI/UX Designer,Mumbai,,,,,
E000815,job_post_completed,2026-08-27 15:17:00,S029,J0230,SESS_J0230,synthetic_demo,web,1.0,UI/UX Designer,Mumbai,2.0,,,,
E000816,job_post_published,2026-08-27 16:35:00,S029,J0230,SESS_J0230,synthetic_demo,web,1.0,UI/UX Designer,Mumbai,,published,,,
E000817,job_post_started,2026-08-27 08:47:00,S013,J0231,SESS_J0231,synthetic_demo,mobile,1.0,Business Analyst,Hyderabad,,,,,
E000818,job_post_completed,2026-08-27 09:22:00,S013,J0231,SESS_J0231,synthetic_demo,mobile,1.0,Business Analyst,Hyderabad,2.0,,,,
E000819,job_post_published,2026-08-27 10:01:00,S013,J0231,SESS_J0231,synthetic_demo,mobile,1.0,Business Analyst,Hyderabad,,published,,,
E000820,job_post_started,2026-08-27 10:19:00,S022,J0232,SESS_J0232,synthetic_demo,mobile,1.0,Data Analyst,Hyderabad,,,,,
E000821,job_post_completed,2026-08-27 10:52:00,S022,J0232,SESS_J0232,synthetic_demo,mobile,1.0,Data Analyst,Hyderabad,4.0,,,,
E000822,job_post_published,2026-08-27 12:36:00,S022,J0232,SESS_J0232,synthetic_demo,web,1.0,Data Analyst,Hyderabad,,published,,,
E000823,job_post_edited,2026-08-27 14:54:00,S022,J0232,SESS_J0232,synthetic_demo,mobile,1.0,Data Analyst,Hyderabad,,,,salary,
E000824,job_post_started,2026-08-27 10:04:00,S027,J0233,SESS_J0233,synthetic_demo,mobile,1.0,Data Analyst,Chennai,,,,,
E000825,job_post_completed,2026-08-27 10:28:00,S027,J0233,SESS_J0233,synthetic_demo,web,1.0,Data Analyst,Chennai,3.0,,,,
E000826,job_post_published,2026-08-27 12:03:00,S027,J0233,SESS_J0233,synthetic_demo,web,1.0,Data Analyst,Chennai,,published,,,
E000827,job_post_started,2026-08-27 12:23:00,S030,J0234,SESS_J0234,synthetic_demo,mobile,1.0,Business Analyst,Hyderabad,,,,,
E000828,job_post_completed,2026-08-27 12:57:00,S030,J0234,SESS_J0234,synthetic_demo,web,1.0,Business Analyst,Hyderabad,7.0,,,,
E000829,job_post_published,2026-08-27 14:06:00,S030,J0234,SESS_J0234,synthetic_demo,web,1.0,Business Analyst,Hyderabad,,published,,,
E000830,job_post_closed,2026-09-11 14:06:00,S030,J0234,SESS_J0234,synthetic_demo,mobile,1.0,Business Analyst,Hyderabad,,,seller_closed,,
E000831,job_post_started,2026-08-27 09:18:00,S012,J0235,SESS_J0235,synthetic_demo,web,1.0,Software Developer,Mumbai,,,,,
E000832,job_post_completed,2026-08-27 09:24:00,S012,J0235,SESS_J0235,synthetic_demo,web,1.0,Software Developer,Mumbai,3.0,,,,
E000833,job_post_published,2026-08-27 10:18:00,S012,J0235,SESS_J0235,synthetic_demo,web,1.0,Software Developer,Mumbai,,published,,,
E000834,job_post_started,2026-08-28 10:41:00,S028,J0236,SESS_J0236,synthetic_demo,web,1.0,Data Analyst,Pune,,,,,
E000835,job_post_completed,2026-08-28 10:57:00,S028,J0236,SESS_J0236,synthetic_demo,mobile,1.0,Data Analyst,Pune,3.0,,,,
E000836,job_post_published,2026-08-28 12:18:00,S028,J0236,SESS_J0236,synthetic_demo,mobile,1.0,Data Analyst,Pune,,published,,,
E000837,job_post_closed,2026-09-05 12:18:00,S028,J0236,SESS_J0236,synthetic_demo,mobile,1.0,Data Analyst,Pune,,,seller_closed,,
E000838,job_post_started,2026-08-28 12:43:00,S009,J0237,SESS_J0237,synthetic_demo,mobile,1.0,Software Developer,Pune,,,,,
E000839,job_post_completed,2026-08-28 13:21:00,S009,J0237,SESS_J0237,synthetic_demo,web,1.0,Software Developer,Pune,6.0,,,,
E000840,job_post_published,2026-08-28 15:11:00,S009,J0237,SESS_J0237,synthetic_demo,mobile,1.0,Software Developer,Pune,,published,,,
E000841,job_post_closed,2026-09-09 15:11:00,S009,J0237,SESS_J0237,synthetic_demo,mobile,1.0,Software Developer,Pune,,,position_filled,,
E000842,job_post_started,2026-08-28 13:55:00,S003,J0238,SESS_J0238,synthetic_demo,mobile,1.0,Business Analyst,Mumbai,,,,,
E000843,job_post_completed,2026-08-28 14:17:00,S003,J0238,SESS_J0238,synthetic_demo,web,1.0,Business Analyst,Mumbai,3.0,,,,
E000844,job_post_published,2026-08-28 14:55:00,S003,J0238,SESS_J0238,synthetic_demo,web,1.0,Business Analyst,Mumbai,,published,,,
E000845,job_post_started,2026-08-28 10:46:00,S020,J0239,SESS_J0239,synthetic_demo,mobile,1.0,UI/UX Designer,Mumbai,,,,,
E000846,job_post_completed,2026-08-28 10:52:00,S020,J0239,SESS_J0239,synthetic_demo,mobile,1.0,UI/UX Designer,Mumbai,4.0,,,,
E000847,job_post_published,2026-08-28 12:20:00,S020,J0239,SESS_J0239,synthetic_demo,mobile,1.0,UI/UX Designer,Mumbai,,published,,,
E000848,job_post_paused,2026-08-30 12:20:00,S020,J0239,SESS_J0239,synthetic_demo,web,1.0,UI/UX Designer,Mumbai,,,,,seller_review
E000849,job_post_reactivated,2026-09-02 12:20:00,S020,J0239,SESS_J0239,synthetic_demo,mobile,1.0,UI/UX Designer,Mumbai,,,,,
E000850,job_post_started,2026-08-28 12:54:00,S022,J0240,SESS_J0240,synthetic_demo,web,1.0,Business Analyst,Chennai,,,,,
E000851,job_post_completed,2026-08-28 13:09:00,S022,J0240,SESS_J0240,synthetic_demo,web,1.0,Business Analyst,Chennai,4.0,,,,
E000852,job_post_published,2026-08-28 15:01:00,S022,J0240,SESS_J0240,synthetic_demo,mobile,1.0,Business Analyst,Chennai,,published,,,
E000853,job_post_started,2026-08-28 11:22:00,S022,J0241,SESS_J0241,synthetic_demo,mobile,1.0,Business Analyst,Bengaluru,,,,,
E000854,job_post_completed,2026-08-28 11:41:00,S022,J0241,SESS_J0241,synthetic_demo,mobile,1.0,Business Analyst,Bengaluru,5.0,,,,
E000855,job_post_published,2026-08-28 13:21:00,S022,J0241,SESS_J0241,synthetic_demo,mobile,1.0,Business Analyst,Bengaluru,,published,,,
E000856,job_post_closed,2026-09-09 13:21:00,S022,J0241,SESS_J0241,synthetic_demo,web,1.0,Business Analyst,Bengaluru,,,expired,,
E000857,job_post_started,2026-08-28 09:55:00,S016,J0242,SESS_J0242,synthetic_demo,mobile,1.0,Software Developer,Chennai,,,,,
E000858,job_post_completed,2026-08-28 10:24:00,S016,J0242,SESS_J0242,synthetic_demo,web,1.0,Software Developer,Chennai,5.0,,,,
E000859,job_post_published,2026-08-28 11:36:00,S016,J0242,SESS_J0242,synthetic_demo,web,1.0,Software Developer,Chennai,,published,,,
E000860,job_post_edited,2026-08-28 13:48:00,S016,J0242,SESS_J0242,synthetic_demo,mobile,1.0,Software Developer,Chennai,,,,location,
E000861,job_post_started,2026-08-28 10:49:00,S015,J0243,SESS_J0243,synthetic_demo,mobile,1.0,Software Developer,Mumbai,,,,,
E000862,job_post_completed,2026-08-28 10:59:00,S015,J0243,SESS_J0243,synthetic_demo,web,1.0,Software Developer,Mumbai,7.0,,,,
E000863,job_post_published,2026-08-28 12:06:00,S015,J0243,SESS_J0243,synthetic_demo,web,1.0,Software Developer,Mumbai,,published,,,
E000864,job_post_edited,2026-08-28 14:56:00,S015,J0243,SESS_J0243,synthetic_demo,web,1.0,Software Developer,Mumbai,,,,description,
E000865,job_post_closed,2026-09-11 12:06:00,S015,J0243,SESS_J0243,synthetic_demo,web,1.0,Software Developer,Mumbai,,,position_filled,,
E000866,job_post_started,2026-08-29 14:30:00,S021,J0244,SESS_J0244,synthetic_demo,web,1.0,UI/UX Designer,Pune,,,,,
E000867,job_post_completed,2026-08-29 14:59:00,S021,J0244,SESS_J0244,synthetic_demo,web,1.0,UI/UX Designer,Pune,6.0,,,,
E000868,job_post_published,2026-08-29 15:04:00,S021,J0244,SESS_J0244,synthetic_demo,web,1.0,UI/UX Designer,Pune,,published,,,
E000869,job_post_started,2026-08-29 11:44:00,S001,J0245,SESS_J0245,synthetic_demo,web,1.0,Data Analyst,Hyderabad,,,,,
E000870,job_post_completed,2026-08-29 12:11:00,S001,J0245,SESS_J0245,synthetic_demo,mobile,1.0,Data Analyst,Hyderabad,2.0,,,,
E000871,job_post_published,2026-08-29 12:55:00,S001,J0245,SESS_J0245,synthetic_demo,mobile,1.0,Data Analyst,Hyderabad,,published,,,
E000872,job_post_edited,2026-08-29 13:48:00,S001,J0245,SESS_J0245,synthetic_demo,mobile,1.0,Data Analyst,Hyderabad,,,,location,
E000873,job_post_started,2026-08-29 10:21:00,S017,J0246,SESS_J0246,synthetic_demo,web,1.0,Business Analyst,Pune,,,,,
E000874,job_post_completed,2026-08-29 10:57:00,S017,J0246,SESS_J0246,synthetic_demo,mobile,1.0,Business Analyst,Pune,3.0,,,,
E000875,job_post_published,2026-08-29 11:47:00,S017,J0246,SESS_J0246,synthetic_demo,web,1.0,Business Analyst,Pune,,published,,,
E000876,job_post_started,2026-08-29 09:23:00,S019,J0247,SESS_J0247,synthetic_demo,mobile,1.0,Digital Marketer,Hyderabad,,,,,
E000877,job_post_completed,2026-08-29 09:30:00,S019,J0247,SESS_J0247,synthetic_demo,web,1.0,Digital Marketer,Hyderabad,6.0,,,,
E000878,job_post_published,2026-08-29 10:23:00,S019,J0247,SESS_J0247,synthetic_demo,web,1.0,Digital Marketer,Hyderabad,,published,,,
E000879,job_post_closed,2026-09-11 10:23:00,S019,J0247,SESS_J0247,synthetic_demo,mobile,1.0,Digital Marketer,Hyderabad,,,position_filled,,
E000880,job_post_started,2026-08-29 16:16:00,S015,J0248,SESS_J0248,synthetic_demo,web,1.0,UI/UX Designer,Bengaluru,,,,,
E000881,job_post_completed,2026-08-29 16:51:00,S015,J0248,SESS_J0248,synthetic_demo,web,1.0,UI/UX Designer,Bengaluru,3.0,,,,
E000882,job_post_published,2026-08-29 18:25:00,S015,J0248,SESS_J0248,synthetic_demo,web,1.0,UI/UX Designer,Bengaluru,,published,,,
E000883,job_post_started,2026-08-29 16:46:00,S005,J0249,SESS_J0249,synthetic_demo,mobile,1.0,UI/UX Designer,Bengaluru,,,,,
E000884,job_post_completed,2026-08-29 17:30:00,S005,J0249,SESS_J0249,synthetic_demo,web,1.0,UI/UX Designer,Bengaluru,2.0,,,,
E000885,job_post_published,2026-08-29 17:50:00,S005,J0249,SESS_J0249,synthetic_demo,web,1.0,UI/UX Designer,Bengaluru,,published,,,
E000886,job_post_started,2026-08-29 10:02:00,S012,J0250,SESS_J0250,synthetic_demo,web,1.0,UI/UX Designer,Mumbai,,,,,
E000887,job_post_completed,2026-08-29 10:42:00,S012,J0250,SESS_J0250,synthetic_demo,mobile,1.0,UI/UX Designer,Mumbai,7.0,,,,
E000888,job_post_published,2026-08-29 11:50:00,S012,J0250,SESS_J0250,synthetic_demo,web,1.0,UI/UX Designer,Mumbai,,published,,,
E000889,job_post_edited,2026-08-29 13:05:00,S012,J0250,SESS_J0250,synthetic_demo,mobile,1.0,UI/UX Designer,Mumbai,,,,skills,
E000890,job_post_closed,2026-09-08 11:50:00,S012,J0250,SESS_J0250,synthetic_demo,web,1.0,UI/UX Designer,Mumbai,,,position_filled,,
E000891,job_post_started,2026-08-29 15:18:00,S029,J0251,SESS_J0251,synthetic_demo,web,1.0,Business Analyst,Hyderabad,,,,,
E000892,job_post_completed,2026-08-29 15:39:00,S029,J0251,SESS_J0251,synthetic_demo,web,1.0,Business Analyst,Hyderabad,2.0,,,,
E000893,job_post_published,2026-08-29 16:43:00,S029,J0251,SESS_J0251,synthetic_demo,mobile,1.0,Business Analyst,Hyderabad,,published,,,
E000894,job_post_started,2026-08-30 10:42:00,S004,J0252,SESS_J0252,synthetic_demo,mobile,1.0,Data Analyst,Bengaluru,,,,,
E000895,job_post_completed,2026-08-30 10:57:00,S004,J0252,SESS_J0252,synthetic_demo,mobile,1.0,Data Analyst,Bengaluru,5.0,,,,
E000896,job_post_published,2026-08-30 11:44:00,S004,J0252,SESS_J0252,synthetic_demo,web,1.0,Data Analyst,Bengaluru,,published,,,
E000897,job_post_closed,2026-09-07 11:44:00,S004,J0252,SESS_J0252,synthetic_demo,mobile,1.0,Data Analyst,Bengaluru,,,seller_closed,,
E000898,job_post_started,2026-08-30 14:41:00,S027,J0253,SESS_J0253,synthetic_demo,web,1.0,UI/UX Designer,Pune,,,,,
E000899,job_post_completed,2026-08-30 14:56:00,S027,J0253,SESS_J0253,synthetic_demo,web,1.0,UI/UX Designer,Pune,7.0,,,,
E000900,job_post_started,2026-08-30 14:58:00,S028,J0254,SESS_J0254,synthetic_demo,mobile,1.0,Software Developer,Bengaluru,,,,,
E000901,job_post_completed,2026-08-30 15:40:00,S028,J0254,SESS_J0254,synthetic_demo,mobile,1.0,Software Developer,Bengaluru,3.0,,,,
E000902,job_post_published,2026-08-30 16:46:00,S028,J0254,SESS_J0254,synthetic_demo,web,1.0,Software Developer,Bengaluru,,published,,,
E000903,job_post_started,2026-08-30 15:07:00,S029,J0255,SESS_J0255,synthetic_demo,web,1.0,Software Developer,Pune,,,,,
E000904,job_post_completed,2026-08-30 15:38:00,S029,J0255,SESS_J0255,synthetic_demo,mobile,1.0,Software Developer,Pune,2.0,,,,
E000905,job_post_published,2026-08-30 16:39:00,S029,J0255,SESS_J0255,synthetic_demo,web,1.0,Software Developer,Pune,,published,,,
E000906,job_post_started,2026-08-30 13:33:00,S019,J0256,SESS_J0256,synthetic_demo,web,1.0,Digital Marketer,Hyderabad,,,,,
E000907,job_post_completed,2026-08-30 14:11:00,S019,J0256,SESS_J0256,synthetic_demo,web,1.0,Digital Marketer,Hyderabad,5.0,,,,
E000908,job_post_published,2026-08-30 15:44:00,S019,J0256,SESS_J0256,synthetic_demo,mobile,1.0,Digital Marketer,Hyderabad,,published,,,
E000909,job_post_edited,2026-08-30 16:41:00,S019,J0256,SESS_J0256,synthetic_demo,web,1.0,Digital Marketer,Hyderabad,,,,skills,
