event_id,event_name,event_timestamp,application_id,candidate_id,company_id,job_id,event_version,eligibility_status,eligibility_reason,payment_id,amount,currency,payment_method,gateway,gateway_transaction_id,captured_amount,revenue_id,recognized_amount,revenue_type,refund_id,refund_amount,refund_reason,failure_code,failure_reason
PAE000001,application_started,2026-08-01 12:15:00,APP00001,CAN082,CMP008,JOB004,1.0,,,,,,,,,,,,,,,,,
PAE000002,application_submitted,2026-08-01 12:33:00,APP00001,CAN082,CMP008,JOB004,1.0,,,,,,,,,,,,,,,,,
PAE000003,application_eligible,2026-08-02 06:33:00,APP00001,CAN082,CMP008,JOB004,1.0,eligible,meets_demo_rules,,,,,,,,,,,,,,,
PAE000004,payment_initiated,2026-08-02 06:34:00,APP00001,CAN082,CMP008,JOB004,1.0,,,PAY00001,777.4,INR,upi,PayPerAppDemo,,,,,,,,,,
PAE000005,payment_captured,2026-08-02 06:35:09,APP00001,CAN082,CMP008,JOB004,1.0,,,PAY00001,777.4,INR,,PayPerAppDemo,GTX000001,777.4,,,,,,,,
PAE000006,revenue_recognized,2026-08-02 07:14:09,APP00001,CAN082,CMP008,JOB004,1.0,,,PAY00001,62.19,INR,,,,,REV00001,62.19,pay_per_application_fee,,,,,
PAE000007,payment_refunded,2026-08-07 07:14:09,APP00001,CAN082,CMP008,JOB004,1.0,,,PAY00001,310.28,INR,,,,,,,,REF00001,310.28,demo_refund,,
PAE000008,application_started,2026-08-01 17:17:00,APP00002,CAN054,CMP015,JOB058,1.0,,,,,,,,,,,,,,,,,
PAE000009,application_submitted,2026-08-01 17:22:00,APP00002,CAN054,CMP015,JOB058,1.0,,,,,,,,,,,,,,,,,
PAE000010,application_eligible,2026-08-01 23:22:00,APP00002,CAN054,CMP015,JOB058,1.0,eligible,meets_demo_rules,,,,,,,,,,,,,,,
PAE000011,payment_initiated,2026-08-01 23:27:00,APP00002,CAN054,CMP015,JOB058,1.0,,,PAY00002,675.31,INR,upi,PayPerAppDemo,,,,,,,,,,
PAE000012,payment_failed,2026-08-01 23:27:48,APP00002,CAN054,CMP015,JOB058,1.0,,,PAY00002,675.31,INR,,,,,,,,,,,DECLINED,demo_payment_failure
PAE000013,application_started,2026-08-01 13:54:00,APP00003,CAN012,CMP025,JOB013,1.0,,,,,,,,,,,,,,,,,
PAE000014,application_submitted,2026-08-01 14:32:00,APP00003,CAN012,CMP025,JOB013,1.0,,,,,,,,,,,,,,,,,
PAE000015,application_eligible,2026-08-02 14:32:00,APP00003,CAN012,CMP025,JOB013,1.0,eligible,meets_demo_rules,,,,,,,,,,,,,,,
PAE000016,payment_initiated,2026-08-02 15:02:00,APP00003,CAN012,CMP025,JOB013,1.0,,,PAY00003,406.03,INR,card,PayPerAppDemo,,,,,,,,,,
PAE000017,payment_captured,2026-08-02 15:02:42,APP00003,CAN012,CMP025,JOB013,1.0,,,PAY00003,406.03,INR,,PayPerAppDemo,GTX000003,406.03,,,,,,,,
PAE000018,revenue_recognized,2026-08-02 15:56:42,APP00003,CAN012,CMP025,JOB013,1.0,,,PAY00003,32.48,INR,,,,,REV00003,32.48,pay_per_application_fee,,,,,
PAE000019,application_started,2026-08-01 09:02:00,APP00004,CAN047,CMP037,JOB025,1.0,,,,,,,,,,,,,,,,,
PAE000020,application_submitted,2026-08-01 09:44:00,APP00004,CAN047,CMP037,JOB025,1.0,,,,,,,,,,,,,,,,,
PAE000021,application_started,2026-08-01 12:29:00,APP00005,CAN030,CMP007,JOB049,1.0,,,,,,,,,,,,,,,,,
PAE000022,application_submitted,2026-08-01 13:20:00,APP00005,CAN030,CMP007,JOB049,1.0,,,,,,,,,,,,,,,,,
PAE000023,application_eligible,2026-08-02 01:20:00,APP00005,CAN030,CMP007,JOB049,1.0,eligible,meets_demo_rules,,,,,,,,,,,,,,,
PAE000024,payment_initiated,2026-08-02 01:50:00,APP00005,CAN030,CMP007,JOB049,1.0,,,PAY00004,583.72,INR,netbanking,PayPerAppDemo,,,,,,,,,,
PAE000025,payment_captured,2026-08-02 01:51:22,APP00005,CAN030,CMP007,JOB049,1.0,,,PAY00004,583.72,INR,,PayPerAppDemo,GTX000004,583.72,,,,,,,,
PAE000026,revenue_recognized,2026-08-02 02:32:22,APP00005,CAN030,CMP007,JOB049,1.0,,,PAY00004,46.7,INR,,,,,REV00004,46.7,pay_per_application_fee,,,,,
PAE000027,application_started,2026-08-01 15:24:00,APP00006,CAN094,CMP016,JOB021,1.0,,,,,,,,,,,,,,,,,
PAE000028,application_submitted,2026-08-01 16:50:00,APP00006,CAN094,CMP016,JOB021,1.0,,,,,,,,,,,,,,,,,
PAE000029,application_eligible,2026-08-02 00:50:00,APP00006,CAN094,CMP016,JOB021,1.0,eligible,meets_demo_rules,,,,,,,,,,,,,,,
PAE000030,payment_initiated,2026-08-02 01:15:00,APP00006,CAN094,CMP016,JOB021,1.0,,,PAY00005,1303.56,INR,upi,PayPerAppDemo,,,,,,,,,,
PAE000031,payment_captured,2026-08-02 01:15:09,APP00006,CAN094,CMP016,JOB021,1.0,,,PAY00005,1303.56,INR,,PayPerAppDemo,GTX000005,1303.56,,,,,,,,
PAE000032,revenue_recognized,2026-08-02 02:07:09,APP00006,CAN094,CMP016,JOB021,1.0,,,PAY00005,104.28,INR,,,,,REV00005,104.28,pay_per_application_fee,,,,,
PAE000033,application_started,2026-08-01 17:56:00,APP00007,CAN035,CMP005,JOB028,1.0,,,,,,,,,,,,,,,,,
PAE000034,application_submitted,2026-08-01 18:28:00,APP00007,CAN035,CMP005,JOB028,1.0,,,,,,,,,,,,,,,,,
PAE000035,application_eligible,2026-08-02 07:28:00,APP00007,CAN035,CMP005,JOB028,1.0,eligible,meets_demo_rules,,,,,,,,,,,,,,,
PAE000036,payment_initiated,2026-08-02 07:33:00,APP00007,CAN035,CMP005,JOB028,1.0,,,PAY00006,1053.56,INR,card,PayPerAppDemo,,,,,,,,,,
PAE000037,payment_captured,2026-08-02 07:34:40,APP00007,CAN035,CMP005,JOB028,1.0,,,PAY00006,1053.56,INR,,PayPerAppDemo,GTX000006,1053.56,,,,,,,,
PAE000038,revenue_recognized,2026-08-02 08:10:40,APP00007,CAN035,CMP005,JOB028,1.0,,,PAY00006,84.28,INR,,,,,REV00006,84.28,pay_per_application_fee,,,,,
PAE000039,application_started,2026-08-01 17:25:00,APP00008,CAN096,CMP038,JOB055,1.0,,,,,,,,,,,,,,,,,
PAE000040,application_submitted,2026-08-01 17:47:00,APP00008,CAN096,CMP038,JOB055,1.0,,,,,,,,,,,,,,,,,
PAE000041,application_eligible,2026-08-01 20:47:00,APP00008,CAN096,CMP038,JOB055,1.0,eligible,meets_demo_rules,,,,,,,,,,,,,,,
PAE000042,payment_initiated,2026-08-01 20:52:00,APP00008,CAN096,CMP038,JOB055,1.0,,,PAY00007,1326.38,INR,netbanking,PayPerAppDemo,,,,,,,,,,
PAE000043,payment_captured,2026-08-01 20:53:32,APP00008,CAN096,CMP038,JOB055,1.0,,,PAY00007,1326.38,INR,,PayPerAppDemo,GTX000007,1326.38,,,,,,,,
PAE000044,revenue_recognized,2026-08-01 21:21:32,APP00008,CAN096,CMP038,JOB055,1.0,,,PAY00007,106.11,INR,,,,,REV00007,106.11,pay_per_application_fee,,,,,
PAE000045,application_started,2026-08-01 15:33:00,APP00009,CAN050,CMP025,JOB077,1.0,,,,,,,,,,,,,,,,,
PAE000046,application_submitted,2026-08-01 16:48:00,APP00009,CAN050,CMP025,JOB077,1.0,,,,,,,,,,,,,,,,,
PAE000047,application_started,2026-08-01 12:49:00,APP00010,CAN002,CMP008,JOB069,1.0,,,,,,,,,,,,,,,,,
PAE000048,application_submitted,2026-08-01 13:08:00,APP00010,CAN002,CMP008,JOB069,1.0,,,,,,,,,,,,,,,,,
PAE000049,application_eligible,2026-08-01 19:08:00,APP00010,CAN002,CMP008,JOB069,1.0,eligible,meets_demo_rules,,,,,,,,,,,,,,,
PAE000050,payment_initiated,2026-08-01 19:37:00,APP00010,CAN002,CMP008,JOB069,1.0,,,PAY00008,1442.27,INR,netbanking,PayPerAppDemo,,,,,,,,,,
PAE000051,payment_captured,2026-08-01 19:38:09,APP00010,CAN002,CMP008,JOB069,1.0,,,PAY00008,1442.27,INR,,PayPerAppDemo,GTX000008,1442.27,,,,,,,,
PAE000052,revenue_recognized,2026-08-01 20:27:09,APP00010,CAN002,CMP008,JOB069,1.0,,,PAY00008,115.38,INR,,,,,REV00008,115.38,pay_per_application_fee,,,,,
PAE000053,application_started,2026-08-01 17:12:00,APP00011,CAN014,CMP020,JOB065,1.0,,,,,,,,,,,,,,,,,
PAE000054,application_submitted,2026-08-01 17:37:00,APP00011,CAN014,CMP020,JOB065,1.0,,,,,,,,,,,,,,,,,
PAE000055,application_eligible,2026-08-02 10:37:00,APP00011,CAN014,CMP020,JOB065,1.0,eligible,meets_demo_rules,,,,,,,,,,,,,,,
PAE000056,application_started,2026-08-01 08:07:00,APP00012,CAN077,CMP021,JOB063,1.0,,,,,,,,,,,,,,,,,
PAE000057,application_started,2026-08-01 11:56:00,APP00013,CAN040,CMP016,JOB008,1.0,,,,,,,,,,,,,,,,,
PAE000058,application_submitted,2026-08-01 12:11:00,APP00013,CAN040,CMP016,JOB008,1.0,,,,,,,,,,,,,,,,,
PAE000059,application_eligible,2026-08-02 04:11:00,APP00013,CAN040,CMP016,JOB008,1.0,eligible,meets_demo_rules,,,,,,,,,,,,,,,
PAE000060,payment_initiated,2026-08-02 04:29:00,APP00013,CAN040,CMP016,JOB008,1.0,,,PAY00009,1472.48,INR,upi,PayPerAppDemo,,,,,,,,,,
PAE000061,payment_captured,2026-08-02 04:30:05,APP00013,CAN040,CMP016,JOB008,1.0,,,PAY00009,1472.48,INR,,PayPerAppDemo,GTX000009,1472.48,,,,,,,,
PAE000062,revenue_recognized,2026-08-02 05:06:05,APP00013,CAN040,CMP016,JOB008,1.0,,,PAY00009,117.8,INR,,,,,REV00009,117.8,pay_per_application_fee,,,,,
PAE000063,application_started,2026-08-01 11:59:00,APP00014,CAN068,CMP039,JOB055,1.0,,,,,,,,,,,,,,,,,
PAE000064,application_submitted,2026-08-01 12:29:00,APP00014,CAN068,CMP039,JOB055,1.0,,,,,,,,,,,,,,,,,
PAE000065,application_eligible,2026-08-02 01:29:00,APP00014,CAN068,CMP039,JOB055,1.0,eligible,meets_demo_rules,,,,,,,,,,,,,,,
PAE000066,application_started,2026-08-01 16:28:00,APP00015,CAN084,CMP024,JOB057,1.0,,,,,,,,,,,,,,,,,
PAE000067,application_submitted,2026-08-01 17:01:00,APP00015,CAN084,CMP024,JOB057,1.0,,,,,,,,,,,,,,,,,
PAE000068,application_eligible,2026-08-01 18:01:00,APP00015,CAN084,CMP024,JOB057,1.0,eligible,meets_demo_rules,,,,,,,,,,,,,,,
PAE000069,payment_initiated,2026-08-01 18:09:00,APP00015,CAN084,CMP024,JOB057,1.0,,,PAY00010,537.64,INR,upi,PayPerAppDemo,,,,,,,,,,
PAE000070,payment_captured,2026-08-01 18:10:25,APP00015,CAN084,CMP024,JOB057,1.0,,,PAY00010,537.64,INR,,PayPerAppDemo,GTX000010,537.64,,,,,,,,
PAE000071,revenue_recognized,2026-08-01 18:14:25,APP00015,CAN084,CMP024,JOB057,1.0,,,PAY00010,43.01,INR,,,,,REV00010,43.01,pay_per_application_fee,,,,,
PAE000072,application_started,2026-08-01 16:15:00,APP00016,CAN005,CMP022,JOB010,1.0,,,,,,,,,,,,,,,,,
PAE000073,application_submitted,2026-08-01 17:22:00,APP00016,CAN005,CMP022,JOB010,1.0,,,,,,,,,,,,,,,,,
PAE000074,application_eligible,2026-08-01 22:22:00,APP00016,CAN005,CMP022,JOB010,1.0,eligible,meets_demo_rules,,,,,,,,,,,,,,,
PAE000075,payment_initiated,2026-08-01 22:41:00,APP00016,CAN005,CMP022,JOB010,1.0,,,PAY00011,1352.98,INR,card,PayPerAppDemo,,,,,,,,,,
PAE000076,payment_captured,2026-08-01 22:42:05,APP00016,CAN005,CMP022,JOB010,1.0,,,PAY00011,1352.98,INR,,PayPerAppDemo,GTX000011,1352.98,,,,,,,,
PAE000077,revenue_recognized,2026-08-01 23:34:05,APP00016,CAN005,CMP022,JOB010,1.0,,,PAY00011,108.24,INR,,,,,REV00011,108.24,pay_per_application_fee,,,,,
PAE000078,application_started,2026-08-01 13:27:00,APP00017,CAN013,CMP007,JOB056,1.0,,,,,,,,,,,,,,,,,
PAE000079,application_submitted,2026-08-01 13:38:00,APP00017,CAN013,CMP007,JOB056,1.0,,,,,,,,,,,,,,,,,
PAE000080,application_eligible,2026-08-02 10:38:00,APP00017,CAN013,CMP007,JOB056,1.0,eligible,meets_demo_rules,,,,,,,,,,,,,,,
PAE000081,payment_initiated,2026-08-02 10:49:00,APP00017,CAN013,CMP007,JOB056,1.0,,,PAY00012,753.28,INR,upi,PayPerAppDemo,,,,,,,,,,
PAE000082,payment_captured,2026-08-02 10:49:29,APP00017,CAN013,CMP007,JOB056,1.0,,,PAY00012,753.28,INR,,PayPerAppDemo,GTX000012,753.28,,,,,,,,
PAE000083,revenue_recognized,2026-08-02 11:24:29,APP00017,CAN013,CMP007,JOB056,1.0,,,PAY00012,60.26,INR,,,,,REV00012,60.26,pay_per_application_fee,,,,,
PAE000084,application_started,2026-08-01 15:15:00,APP00018,CAN055,CMP012,JOB036,1.0,,,,,,,,,,,,,,,,,
PAE000085,application_submitted,2026-08-01 15:29:00,APP00018,CAN055,CMP012,JOB036,1.0,,,,,,,,,,,,,,,,,
PAE000086,application_eligible,2026-08-02 09:29:00,APP00018,CAN055,CMP012,JOB036,1.0,eligible,meets_demo_rules,,,,,,,,,,,,,,,
PAE000087,payment_initiated,2026-08-02 09:47:00,APP00018,CAN055,CMP012,JOB036,1.0,,,PAY00013,1065.18,INR,upi,PayPerAppDemo,,,,,,,,,,
PAE000088,payment_failed,2026-08-02 09:48:41,APP00018,CAN055,CMP012,JOB036,1.0,,,PAY00013,1065.18,INR,,,,,,,,,,,DECLINED,demo_payment_failure
PAE000089,application_started,2026-08-01 15:13:00,APP00019,CAN022,CMP027,JOB063,1.0,,,,,,,,,,,,,,,,,
PAE000090,application_submitted,2026-08-01 15:25:00,APP00019,CAN022,CMP027,JOB063,1.0,,,,,,,,,,,,,,,,,
PAE000091,application_eligible,2026-08-01 16:25:00,APP00019,CAN022,CMP027,JOB063,1.0,eligible,meets_demo_rules,,,,,,,,,,,,,,,
PAE000092,application_started,2026-08-01 14:44:00,APP00020,CAN034,CMP030,JOB037,1.0,,,,,,,,,,,,,,,,,
PAE000093,application_started,2026-08-01 11:18:00,APP00021,CAN072,CMP032,JOB020,1.0,,,,,,,,,,,,,,,,,
PAE000094,application_submitted,2026-08-01 11:30:00,APP00021,CAN072,CMP032,JOB020,1.0,,,,,,,,,,,,,,,,,
PAE000095,application_eligible,2026-08-02 05:30:00,APP00021,CAN072,CMP032,JOB020,1.0,eligible,meets_demo_rules,,,,,,,,,,,,,,,
PAE000096,payment_initiated,2026-08-02 05:32:00,APP00021,CAN072,CMP032,JOB020,1.0,,,PAY00014,642.01,INR,netbanking,PayPerAppDemo,,,,,,,,,,
PAE000097,payment_captured,2026-08-02 05:33:54,APP00021,CAN072,CMP032,JOB020,1.0,,,PAY00014,642.01,INR,,PayPerAppDemo,GTX000014,642.01,,,,,,,,
PAE000098,revenue_recognized,2026-08-02 06:07:54,APP00021,CAN072,CMP032,JOB020,1.0,,,PAY00014,51.36,INR,,,,,REV00014,51.36,pay_per_application_fee,,,,,
PAE000099,application_started,2026-08-01 09:38:00,APP00022,CAN066,CMP006,JOB024,1.0,,,,,,,,,,,,,,,,,
PAE000100,application_submitted,2026-08-01 10:13:00,APP00022,CAN066,CMP006,JOB024,1.0,,,,,,,,,,,,,,,,,
PAE000101,application_eligible,2026-08-02 05:13:00,APP00022,CAN066,CMP006,JOB024,1.0,eligible,meets_demo_rules,,,,,,,,,,,,,,,
PAE000102,payment_initiated,2026-08-02 05:33:00,APP00022,CAN066,CMP006,JOB024,1.0,,,PAY00015,993.15,INR,upi,PayPerAppDemo,,,,,,,,,,
PAE000103,payment_captured,2026-08-02 05:34:19,APP00022,CAN066,CMP006,JOB024,1.0,,,PAY00015,993.15,INR,,PayPerAppDemo,GTX000015,993.15,,,,,,,,
PAE000104,revenue_recognized,2026-08-02 06:11:19,APP00022,CAN066,CMP006,JOB024,1.0,,,PAY00015,79.45,INR,,,,,REV00015,79.45,pay_per_application_fee,,,,,
PAE000105,application_started,2026-08-01 11:16:00,APP00023,CAN034,CMP014,JOB041,1.0,,,,,,,,,,,,,,,,,
PAE000106,application_submitted,2026-08-01 12:46:00,APP00023,CAN034,CMP014,JOB041,1.0,,,,,,,,,,,,,,,,,
PAE000107,application_eligible,2026-08-02 03:46:00,APP00023,CAN034,CMP014,JOB041,1.0,eligible,meets_demo_rules,,,,,,,,,,,,,,,
PAE000108,payment_initiated,2026-08-02 03:49:00,APP00023,CAN034,CMP014,JOB041,1.0,,,PAY00016,1189.83,INR,upi,PayPerAppDemo,,,,,,,,,,
PAE000109,payment_captured,2026-08-02 03:50:17,APP00023,CAN034,CMP014,JOB041,1.0,,,PAY00016,1189.83,INR,,PayPerAppDemo,GTX000016,1189.83,,,,,,,,
PAE000110,revenue_recognized,2026-08-02 03:57:17,APP00023,CAN034,CMP014,JOB041,1.0,,,PAY00016,95.19,INR,,,,,REV00016,95.19,pay_per_application_fee,,,,,
PAE000111,application_started,2026-08-01 10:59:00,APP00024,CAN028,CMP033,JOB034,1.0,,,,,,,,,,,,,,,,,
PAE000112,application_submitted,2026-08-01 11:12:00,APP00024,CAN028,CMP033,JOB034,1.0,,,,,,,,,,,,,,,,,
PAE000113,application_started,2026-08-02 15:53:00,APP00025,CAN048,CMP019,JOB021,1.0,,,,,,,,,,,,,,,,,
PAE000114,application_submitted,2026-08-02 16:36:00,APP00025,CAN048,CMP019,JOB021,1.0,,,,,,,,,,,,,,,,,
PAE000115,application_eligible,2026-08-03 13:36:00,APP00025,CAN048,CMP019,JOB021,1.0,eligible,meets_demo_rules,,,,,,,,,,,,,,,
PAE000116,payment_initiated,2026-08-03 13:54:00,APP00025,CAN048,CMP019,JOB021,1.0,,,PAY00017,1084.83,INR,card,PayPerAppDemo,,,,,,,,,,
PAE000117,payment_captured,2026-08-03 13:54:18,APP00025,CAN048,CMP019,JOB021,1.0,,,PAY00017,1084.83,INR,,PayPerAppDemo,GTX000017,1084.83,,,,,,,,
PAE000118,revenue_recognized,2026-08-03 14:51:18,APP00025,CAN048,CMP019,JOB021,1.0,,,PAY00017,86.79,INR,,,,,REV00017,86.79,pay_per_application_fee,,,,,
PAE000119,application_started,2026-08-02 10:17:00,APP00026,CAN015,CMP007,JOB071,1.0,,,,,,,,,,,,,,,,,
PAE000120,application_submitted,2026-08-02 10:48:00,APP00026,CAN015,CMP007,JOB071,1.0,,,,,,,,,,,,,,,,,
PAE000121,application_eligible,2026-08-02 17:48:00,APP00026,CAN015,CMP007,JOB071,1.0,eligible,meets_demo_rules,,,,,,,,,,,,,,,
PAE000122,payment_initiated,2026-08-02 18:05:00,APP00026,CAN015,CMP007,JOB071,1.0,,,PAY00018,1316.14,INR,card,PayPerAppDemo,,,,,,,,,,
PAE000123,payment_captured,2026-08-02 18:06:53,APP00026,CAN015,CMP007,JOB071,1.0,,,PAY00018,1316.14,INR,,PayPerAppDemo,GTX000018,1316.14,,,,,,,,
PAE000124,revenue_recognized,2026-08-02 18:10:53,APP00026,CAN015,CMP007,JOB071,1.0,,,PAY00018,105.29,INR,,,,,REV00018,105.29,pay_per_application_fee,,,,,
PAE000125,application_started,2026-08-02 08:21:00,APP00027,CAN055,CMP018,JOB006,1.0,,,,,,,,,,,,,,,,,
PAE000126,application_submitted,2026-08-02 09:47:00,APP00027,CAN055,CMP018,JOB006,1.0,,,,,,,,,,,,,,,,,
PAE000127,application_started,2026-08-02 14:35:00,APP00028,CAN021,CMP029,JOB071,1.0,,,,,,,,,,,,,,,,,
PAE000128,application_submitted,2026-08-02 14:49:00,APP00028,CAN021,CMP029,JOB071,1.0,,,,,,,,,,,,,,,,,
PAE000129,application_started,2026-08-02 08:53:00,APP00029,CAN089,CMP010,JOB070,1.0,,,,,,,,,,,,,,,,,
PAE000130,application_submitted,2026-08-02 10:08:00,APP00029,CAN089,CMP010,JOB070,1.0,,,,,,,,,,,,,,,,,
PAE000131,application_eligible,2026-08-02 15:08:00,APP00029,CAN089,CMP010,JOB070,1.0,eligible,meets_demo_rules,,,,,,,,,,,,,,,
PAE000132,payment_initiated,2026-08-02 15:38:00,APP00029,CAN089,CMP010,JOB070,1.0,,,PAY00019,705.81,INR,upi,PayPerAppDemo,,,,,,,,,,
PAE000133,payment_captured,2026-08-02 15:38:31,APP00029,CAN089,CMP010,JOB070,1.0,,,PAY00019,705.81,INR,,PayPerAppDemo,GTX000019,705.81,,,,,,,,
PAE000134,revenue_recognized,2026-08-02 16:22:31,APP00029,CAN089,CMP010,JOB070,1.0,,,PAY00019,56.46,INR,,,,,REV00019,56.46,pay_per_application_fee,,,,,
PAE000135,application_started,2026-08-02 14:39:00,APP00030,CAN014,CMP023,JOB072,1.0,,,,,,,,,,,,,,,,,
PAE000136,application_submitted,2026-08-02 15:14:00,APP00030,CAN014,CMP023,JOB072,1.0,,,,,,,,,,,,,,,,,
PAE000137,application_started,2026-08-02 10:47:00,APP00031,CAN023,CMP027,JOB004,1.0,,,,,,,,,,,,,,,,,
PAE000138,application_started,2026-08-02 10:50:00,APP00032,CAN053,CMP016,JOB035,1.0,,,,,,,,,,,,,,,,,
PAE000139,application_submitted,2026-08-02 11:43:00,APP00032,CAN053,CMP016,JOB035,1.0,,,,,,,,,,,,,,,,,
PAE000140,application_started,2026-08-02 15:22:00,APP00033,CAN061,CMP015,JOB026,1.0,,,,,,,,,,,,,,,,,
PAE000141,application_submitted,2026-08-02 15:56:00,APP00033,CAN061,CMP015,JOB026,1.0,,,,,,,,,,,,,,,,,
PAE000142,application_eligible,2026-08-03 13:56:00,APP00033,CAN061,CMP015,JOB026,1.0,eligible,meets_demo_rules,,,,,,,,,,,,,,,
PAE000143,payment_initiated,2026-08-03 14:24:00,APP00033,CAN061,CMP015,JOB026,1.0,,,PAY00020,660.33,INR,upi,PayPerAppDemo,,,,,,,,,,
PAE000144,payment_failed,2026-08-03 14:24:40,APP00033,CAN061,CMP015,JOB026,1.0,,,PAY00020,660.33,INR,,,,,,,,,,,TIMEOUT,demo_payment_failure
PAE000145,application_started,2026-08-02 18:53:00,APP00034,CAN083,CMP033,JOB052,1.0,,,,,,,,,,,,,,,,,
PAE000146,application_submitted,2026-08-02 19:01:00,APP00034,CAN083,CMP033,JOB052,1.0,,,,,,,,,,,,,,,,,
PAE000147,application_eligible,2026-08-03 04:01:00,APP00034,CAN083,CMP033,JOB052,1.0,eligible,meets_demo_rules,,,,,,,,,,,,,,,
PAE000148,payment_initiated,2026-08-03 04:10:00,APP00034,CAN083,CMP033,JOB052,1.0,,,PAY00021,1453.17,INR,upi,PayPerAppDemo,,,,,,,,,,
PAE000149,payment_captured,2026-08-03 04:11:00,APP00034,CAN083,CMP033,JOB052,1.0,,,PAY00021,1453.17,INR,,PayPerAppDemo,GTX000021,1453.17,,,,,,,,
PAE000150,revenue_recognized,2026-08-03 04:34:00,APP00034,CAN083,CMP033,JOB052,1.0,,,PAY00021,116.25,INR,,,,,REV00021,116.25,pay_per_application_fee,,,,,
PAE000151,application_started,2026-08-02 16:07:00,APP00035,CAN041,CMP028,JOB078,1.0,,,,,,,,,,,,,,,,,
PAE000152,application_submitted,2026-08-02 17:25:00,APP00035,CAN041,CMP028,JOB078,1.0,,,,,,,,,,,,,,,,,
PAE000153,application_eligible,2026-08-02 19:25:00,APP00035,CAN041,CMP028,JOB078,1.0,eligible,meets_demo_rules,,,,,,,,,,,,,,,
PAE000154,payment_initiated,2026-08-02 19:55:00,APP00035,CAN041,CMP028,JOB078,1.0,,,PAY00022,252.11,INR,netbanking,PayPerAppDemo,,,,,,,,,,
PAE000155,payment_captured,2026-08-02 19:56:39,APP00035,CAN041,CMP028,JOB078,1.0,,,PAY00022,252.11,INR,,PayPerAppDemo,GTX000022,252.11,,,,,,,,
PAE000156,revenue_recognized,2026-08-02 20:44:39,APP00035,CAN041,CMP028,JOB078,1.0,,,PAY00022,20.17,INR,,,,,REV00022,20.17,pay_per_application_fee,,,,,
PAE000157,application_started,2026-08-02 18:58:00,APP00036,CAN047,CMP028,JOB009,1.0,,,,,,,,,,,,,,,,,
PAE000158,application_submitted,2026-08-02 19:43:00,APP00036,CAN047,CMP028,JOB009,1.0,,,,,,,,,,,,,,,,,
PAE000159,application_eligible,2026-08-02 23:43:00,APP00036,CAN047,CMP028,JOB009,1.0,eligible,meets_demo_rules,,,,,,,,,,,,,,,
PAE000160,payment_initiated,2026-08-02 23:53:00,APP00036,CAN047,CMP028,JOB009,1.0,,,PAY00023,625.4,INR,netbanking,PayPerAppDemo,,,,,,,,,,
PAE000161,payment_captured,2026-08-02 23:53:56,APP00036,CAN047,CMP028,JOB009,1.0,,,PAY00023,625.4,INR,,PayPerAppDemo,GTX000023,625.4,,,,,,,,
PAE000162,revenue_recognized,2026-08-03 00:38:56,APP00036,CAN047,CMP028,JOB009,1.0,,,PAY00023,50.03,INR,,,,,REV00023,50.03,pay_per_application_fee,,,,,
PAE000163,application_started,2026-08-02 18:24:00,APP00037,CAN017,CMP013,JOB054,1.0,,,,,,,,,,,,,,,,,
PAE000164,application_submitted,2026-08-02 18:51:00,APP00037,CAN017,CMP013,JOB054,1.0,,,,,,,,,,,,,,,,,
PAE000165,application_eligible,2026-08-03 04:51:00,APP00037,CAN017,CMP013,JOB054,1.0,eligible,meets_demo_rules,,,,,,,,,,,,,,,
PAE000166,payment_initiated,2026-08-03 05:01:00,APP00037,CAN017,CMP013,JOB054,1.0,,,PAY00024,1292.16,INR,card,PayPerAppDemo,,,,,,,,,,
PAE000167,payment_captured,2026-08-03 05:02:45,APP00037,CAN017,CMP013,JOB054,1.0,,,PAY00024,1292.16,INR,,PayPerAppDemo,GTX000024,1292.16,,,,,,,,
PAE000168,revenue_recognized,2026-08-03 05:40:45,APP00037,CAN017,CMP013,JOB054,1.0,,,PAY00024,103.37,INR,,,,,REV00024,103.37,pay_per_application_fee,,,,,
PAE000169,application_started,2026-08-02 15:43:00,APP00038,CAN042,CMP030,JOB057,1.0,,,,,,,,,,,,,,,,,
PAE000170,application_submitted,2026-08-02 16:48:00,APP00038,CAN042,CMP030,JOB057,1.0,,,,,,,,,,,,,,,,,
PAE000171,application_eligible,2026-08-03 16:48:00,APP00038,CAN042,CMP030,JOB057,1.0,eligible,meets_demo_rules,,,,,,,,,,,,,,,
PAE000172,payment_initiated,2026-08-03 17:05:00,APP00038,CAN042,CMP030,JOB057,1.0,,,PAY00025,355.99,INR,netbanking,PayPerAppDemo,,,,,,,,,,
PAE000173,payment_captured,2026-08-03 17:05:47,APP00038,CAN042,CMP030,JOB057,1.0,,,PAY00025,355.99,INR,,PayPerAppDemo,GTX000025,355.99,,,,,,,,
PAE000174,revenue_recognized,2026-08-03 17:11:47,APP00038,CAN042,CMP030,JOB057,1.0,,,PAY00025,28.48,INR,,,,,REV00025,28.48,pay_per_application_fee,,,,,
PAE000175,application_started,2026-08-02 11:51:00,APP00039,CAN097,CMP016,JOB040,1.0,,,,,,,,,,,,,,,,,
PAE000176,application_submitted,2026-08-02 11:59:00,APP00039,CAN097,CMP016,JOB040,1.0,,,,,,,,,,,,,,,,,
PAE000177,application_eligible,2026-08-03 03:59:00,APP00039,CAN097,CMP016,JOB040,1.0,eligible,meets_demo_rules,,,,,,,,,,,,,,,
PAE000178,payment_initiated,2026-08-03 04:14:00,APP00039,CAN097,CMP016,JOB040,1.0,,,PAY00026,1210.61,INR,card,PayPerAppDemo,,,,,,,,,,
PAE000179,payment_captured,2026-08-03 04:15:18,APP00039,CAN097,CMP016,JOB040,1.0,,,PAY00026,1210.61,INR,,PayPerAppDemo,GTX000026,1210.61,,,,,,,,
PAE000180,revenue_recognized,2026-08-03 04:28:18,APP00039,CAN097,CMP016,JOB040,1.0,,,PAY00026,96.85,INR,,,,,REV00026,96.85,pay_per_application_fee,,,,,
PAE000181,application_started,2026-08-02 11:09:00,APP00040,CAN050,CMP032,JOB052,1.0,,,,,,,,,,,,,,,,,
PAE000182,application_submitted,2026-08-02 11:14:00,APP00040,CAN050,CMP032,JOB052,1.0,,,,,,,,,,,,,,,,,
PAE000183,application_started,2026-08-02 11:11:00,APP00041,CAN099,CMP007,JOB055,1.0,,,,,,,,,,,,,,,,,
PAE000184,application_submitted,2026-08-02 12:22:00,APP00041,CAN099,CMP007,JOB055,1.0,,,,,,,,,,,,,,,,,
PAE000185,application_eligible,2026-08-03 06:22:00,APP00041,CAN099,CMP007,JOB055,1.0,eligible,meets_demo_rules,,,,,,,,,,,,,,,
PAE000186,payment_initiated,2026-08-03 06:37:00,APP00041,CAN099,CMP007,JOB055,1.0,,,PAY00027,1310.42,INR,upi,PayPerAppDemo,,,,,,,,,,
PAE000187,payment_captured,2026-08-03 06:38:30,APP00041,CAN099,CMP007,JOB055,1.0,,,PAY00027,1310.42,INR,,PayPerAppDemo,GTX000027,1310.42,,,,,,,,
PAE000188,revenue_recognized,2026-08-03 07:12:30,APP00041,CAN099,CMP007,JOB055,1.0,,,PAY00027,104.83,INR,,,,,REV00027,104.83,pay_per_application_fee,,,,,
PAE000189,application_started,2026-08-02 17:52:00,APP00042,CAN077,CMP021,JOB057,1.0,,,,,,,,,,,,,,,,,
PAE000190,application_submitted,2026-08-02 19:01:00,APP00042,CAN077,CMP021,JOB057,1.0,,,,,,,,,,,,,,,,,
PAE000191,application_eligible,2026-08-03 13:01:00,APP00042,CAN077,CMP021,JOB057,1.0,eligible,meets_demo_rules,,,,,,,,,,,,,,,
PAE000192,payment_initiated,2026-08-03 13:29:00,APP00042,CAN077,CMP021,JOB057,1.0,,,PAY00028,448.95,INR,card,PayPerAppDemo,,,,,,,,,,
PAE000193,payment_captured,2026-08-03 13:30:41,APP00042,CAN077,CMP021,JOB057,1.0,,,PAY00028,448.95,INR,,PayPerAppDemo,GTX000028,448.95,,,,,,,,
PAE000194,revenue_recognized,2026-08-03 13:46:41,APP00042,CAN077,CMP021,JOB057,1.0,,,PAY00028,35.92,INR,,,,,REV00028,35.92,pay_per_application_fee,,,,,
PAE000195,application_started,2026-08-02 18:15:00,APP00043,CAN036,CMP034,JOB063,1.0,,,,,,,,,,,,,,,,,
PAE000196,application_submitted,2026-08-02 18:29:00,APP00043,CAN036,CMP034,JOB063,1.0,,,,,,,,,,,,,,,,,
PAE000197,application_eligible,2026-08-03 02:29:00,APP00043,CAN036,CMP034,JOB063,1.0,eligible,meets_demo_rules,,,,,,,,,,,,,,,
PAE000198,payment_initiated,2026-08-03 02:47:00,APP00043,CAN036,CMP034,JOB063,1.0,,,PAY00029,649.64,INR,upi,PayPerAppDemo,,,,,,,,,,
PAE000199,payment_captured,2026-08-03 02:47:34,APP00043,CAN036,CMP034,JOB063,1.0,,,PAY00029,649.64,INR,,PayPerAppDemo,GTX000029,649.64,,,,,,,,
PAE000200,revenue_recognized,2026-08-03 03:12:34,APP00043,CAN036,CMP034,JOB063,1.0,,,PAY00029,51.97,INR,,,,,REV00029,51.97,pay_per_application_fee,,,,,
PAE000201,application_started,2026-08-02 14:26:00,APP00044,CAN091,CMP014,JOB009,1.0,,,,,,,,,,,,,,,,,
PAE000202,application_submitted,2026-08-02 15:30:00,APP00044,CAN091,CMP014,JOB009,1.0,,,,,,,,,,,,,,,,,
PAE000203,application_eligible,2026-08-02 22:30:00,APP00044,CAN091,CMP014,JOB009,1.0,eligible,meets_demo_rules,,,,,,,,,,,,,,,
PAE000204,payment_initiated,2026-08-02 22:55:00,APP00044,CAN091,CMP014,JOB009,1.0,,,PAY00030,736.85,INR,netbanking,PayPerAppDemo,,,,,,,,,,
PAE000205,payment_failed,2026-08-02 22:55:07,APP00044,CAN091,CMP014,JOB009,1.0,,,PAY00030,736.85,INR,,,,,,,,,,,INSUFFICIENT_FUNDS,demo_payment_failure
PAE000206,application_started,2026-08-02 13:19:00,APP00045,CAN049,CMP031,JOB001,1.0,,,,,,,,,,,,,,,,,
PAE000207,application_submitted,2026-08-02 14:17:00,APP00045,CAN049,CMP031,JOB001,1.0,,,,,,,,,,,,,,,,,
PAE000208,application_eligible,2026-08-03 14:17:00,APP00045,CAN049,CMP031,JOB001,1.0,eligible,meets_demo_rules,,,,,,,,,,,,,,,
PAE000209,payment_initiated,2026-08-03 14:25:00,APP00045,CAN049,CMP031,JOB001,1.0,,,PAY00031,1004.07,INR,card,PayPerAppDemo,,,,,,,,,,
PAE000210,payment_captured,2026-08-03 14:26:00,APP00045,CAN049,CMP031,JOB001,1.0,,,PAY00031,1004.07,INR,,PayPerAppDemo,GTX000031,1004.07,,,,,,,,
PAE000211,revenue_recognized,2026-08-03 14:58:00,APP00045,CAN049,CMP031,JOB001,1.0,,,PAY00031,80.33,INR,,,,,REV00031,80.33,pay_per_application_fee,,,,,
PAE000212,payment_refunded,2026-08-07 14:58:00,APP00045,CAN049,CMP031,JOB001,1.0,,,PAY00031,504.14,INR,,,,,,,,REF00031,504.14,demo_refund,,
PAE000213,application_started,2026-08-02 10:39:00,APP00046,CAN093,CMP011,JOB060,1.0,,,,,,,,,,,,,,,,,
PAE000214,application_submitted,2026-08-02 11:34:00,APP00046,CAN093,CMP011,JOB060,1.0,,,,,,,,,,,,,,,,,
PAE000215,application_eligible,2026-08-03 09:34:00,APP00046,CAN093,CMP011,JOB060,1.0,eligible,meets_demo_rules,,,,,,,,,,,,,,,
PAE000216,payment_initiated,2026-08-03 09:39:00,APP00046,CAN093,CMP011,JOB060,1.0,,,PAY00032,1053.44,INR,card,PayPerAppDemo,,,,,,,,,,
PAE000217,payment_captured,2026-08-03 09:39:38,APP00046,CAN093,CMP011,JOB060,1.0,,,PAY00032,1053.44,INR,,PayPerAppDemo,GTX000032,1053.44,,,,,,,,
PAE000218,revenue_recognized,2026-08-03 10:04:38,APP00046,CAN093,CMP011,JOB060,1.0,,,PAY00032,84.28,INR,,,,,REV00032,84.28,pay_per_application_fee,,,,,
PAE000219,application_started,2026-08-02 14:17:00,APP00047,CAN059,CMP021,JOB044,1.0,,,,,,,,,,,,,,,,,
PAE000220,application_submitted,2026-08-02 15:15:00,APP00047,CAN059,CMP021,JOB044,1.0,,,,,,,,,,,,,,,,,
PAE000221,application_eligible,2026-08-02 18:15:00,APP00047,CAN059,CMP021,JOB044,1.0,eligible,meets_demo_rules,,,,,,,,,,,,,,,
PAE000222,payment_initiated,2026-08-02 18:17:00,APP00047,CAN059,CMP021,JOB044,1.0,,,PAY00033,1186.28,INR,card,PayPerAppDemo,,,,,,,,,,
PAE000223,payment_captured,2026-08-02 18:17:13,APP00047,CAN059,CMP021,JOB044,1.0,,,PAY00033,1186.28,INR,,PayPerAppDemo,GTX000033,1186.28,,,,,,,,
PAE000224,revenue_recognized,2026-08-02 19:07:13,APP00047,CAN059,CMP021,JOB044,1.0,,,PAY00033,94.9,INR,,,,,REV00033,94.9,pay_per_application_fee,,,,,
PAE000225,application_started,2026-08-02 11:53:00,APP00048,CAN006,CMP002,JOB032,1.0,,,,,,,,,,,,,,,,,
PAE000226,application_submitted,2026-08-02 12:17:00,APP00048,CAN006,CMP002,JOB032,1.0,,,,,,,,,,,,,,,,,
PAE000227,application_eligible,2026-08-03 04:17:00,APP00048,CAN006,CMP002,JOB032,1.0,eligible,meets_demo_rules,,,,,,,,,,,,,,,
PAE000228,payment_initiated,2026-08-03 04:24:00,APP00048,CAN006,CMP002,JOB032,1.0,,,PAY00034,954.96,INR,card,PayPerAppDemo,,,,,,,,,,
PAE000229,payment_captured,2026-08-03 04:25:43,APP00048,CAN006,CMP002,JOB032,1.0,,,PAY00034,954.96,INR,,PayPerAppDemo,GTX000034,954.96,,,,,,,,
PAE000230,revenue_recognized,2026-08-03 04:49:43,APP00048,CAN006,CMP002,JOB032,1.0,,,PAY00034,76.4,INR,,,,,REV00034,76.4,pay_per_application_fee,,,,,
PAE000231,application_started,2026-08-03 12:06:00,APP00049,CAN078,CMP008,JOB021,1.0,,,,,,,,,,,,,,,,,
PAE000232,application_submitted,2026-08-03 12:50:00,APP00049,CAN078,CMP008,JOB021,1.0,,,,,,,,,,,,,,,,,
PAE000233,application_eligible,2026-08-04 01:50:00,APP00049,CAN078,CMP008,JOB021,1.0,eligible,meets_demo_rules,,,,,,,,,,,,,,,
PAE000234,payment_initiated,2026-08-04 01:53:00,APP00049,CAN078,CMP008,JOB021,1.0,,,PAY00035,1143.77,INR,netbanking,PayPerAppDemo,,,,,,,,,,
PAE000235,payment_captured,2026-08-04 01:54:25,APP00049,CAN078,CMP008,JOB021,1.0,,,PAY00035,1143.77,INR,,PayPerAppDemo,GTX000035,1143.77,,,,,,,,
PAE000236,revenue_recognized,2026-08-04 02:10:25,APP00049,CAN078,CMP008,JOB021,1.0,,,PAY00035,91.5,INR,,,,,REV00035,91.5,pay_per_application_fee,,,,,
PAE000237,application_started,2026-08-03 09:50:00,APP00050,CAN099,CMP020,JOB077,1.0,,,,,,,,,,,,,,,,,
PAE000238,application_started,2026-08-03 14:42:00,APP00051,CAN006,CMP023,JOB069,1.0,,,,,,,,,,,,,,,,,
PAE000239,application_submitted,2026-08-03 15:51:00,APP00051,CAN006,CMP023,JOB069,1.0,,,,,,,,,,,,,,,,,
PAE000240,application_eligible,2026-08-03 16:51:00,APP00051,CAN006,CMP023,JOB069,1.0,eligible,meets_demo_rules,,,,,,,,,,,,,,,
PAE000241,payment_initiated,2026-08-03 16:55:00,APP00051,CAN006,CMP023,JOB069,1.0,,,PAY00036,1277.91,INR,card,PayPerAppDemo,,,,,,,,,,
PAE000242,payment_failed,2026-08-03 16:56:26,APP00051,CAN006,CMP023,JOB069,1.0,,,PAY00036,1277.91,INR,,,,,,,,,,,TIMEOUT,demo_payment_failure
PAE000243,application_started,2026-08-03 10:46:00,APP00052,CAN091,CMP010,JOB056,1.0,,,,,,,,,,,,,,,,,
PAE000244,application_submitted,2026-08-03 12:14:00,APP00052,CAN091,CMP010,JOB056,1.0,,,,,,,,,,,,,,,,,
PAE000245,application_eligible,2026-08-04 06:14:00,APP00052,CAN091,CMP010,JOB056,1.0,eligible,meets_demo_rules,,,,,,,,,,,,,,,
PAE000246,payment_initiated,2026-08-04 06:41:00,APP00052,CAN091,CMP010,JOB056,1.0,,,PAY00037,831.09,INR,netbanking,PayPerAppDemo,,,,,,,,,,
PAE000247,payment_captured,2026-08-04 06:41:46,APP00052,CAN091,CMP010,JOB056,1.0,,,PAY00037,831.09,INR,,PayPerAppDemo,GTX000037,831.09,,,,,,,,
PAE000248,revenue_recognized,2026-08-04 07:36:46,APP00052,CAN091,CMP010,JOB056,1.0,,,PAY00037,66.49,INR,,,,,REV00037,66.49,pay_per_application_fee,,,,,
PAE000249,application_started,2026-08-03 11:48:00,APP00053,CAN012,CMP018,JOB058,1.0,,,,,,,,,,,,,,,,,
PAE000250,application_submitted,2026-08-03 13:11:00,APP00053,CAN012,CMP018,JOB058,1.0,,,,,,,,,,,,,,,,,
PAE000251,application_eligible,2026-08-04 00:11:00,APP00053,CAN012,CMP018,JOB058,1.0,eligible,meets_demo_rules,,,,,,,,,,,,,,,
PAE000252,payment_initiated,2026-08-04 00:17:00,APP00053,CAN012,CMP018,JOB058,1.0,,,PAY00038,1313.69,INR,card,PayPerAppDemo,,,,,,,,,,
PAE000253,payment_captured,2026-08-04 00:18:47,APP00053,CAN012,CMP018,JOB058,1.0,,,PAY00038,1313.69,INR,,PayPerAppDemo,GTX000038,1313.69,,,,,,,,
PAE000254,revenue_recognized,2026-08-04 00:35:47,APP00053,CAN012,CMP018,JOB058,1.0,,,PAY00038,105.1,INR,,,,,REV00038,105.1,pay_per_application_fee,,,,,
PAE000255,application_started,2026-08-03 08:33:00,APP00054,CAN077,CMP018,JOB072,1.0,,,,,,,,,,,,,,,,,
PAE000256,application_started,2026-08-03 15:35:00,APP00055,CAN011,CMP016,JOB053,1.0,,,,,,,,,,,,,,,,,
PAE000257,application_submitted,2026-08-03 16:40:00,APP00055,CAN011,CMP016,JOB053,1.0,,,,,,,,,,,,,,,,,
PAE000258,application_eligible,2026-08-04 08:40:00,APP00055,CAN011,CMP016,JOB053,1.0,eligible,meets_demo_rules,,,,,,,,,,,,,,,
PAE000259,payment_initiated,2026-08-04 08:50:00,APP00055,CAN011,CMP016,JOB053,1.0,,,PAY00039,271.55,INR,upi,PayPerAppDemo,,,,,,,,,,
PAE000260,payment_captured,2026-08-04 08:50:36,APP00055,CAN011,CMP016,JOB053,1.0,,,PAY00039,271.55,INR,,PayPerAppDemo,GTX000039,271.55,,,,,,,,
PAE000261,revenue_recognized,2026-08-04 09:10:36,APP00055,CAN011,CMP016,JOB053,1.0,,,PAY00039,21.72,INR,,,,,REV00039,21.72,pay_per_application_fee,,,,,
PAE000262,application_started,2026-08-03 16:22:00,APP00056,CAN048,CMP031,JOB071,1.0,,,,,,,,,,,,,,,,,
PAE000263,application_submitted,2026-08-03 17:37:00,APP00056,CAN048,CMP031,JOB071,1.0,,,,,,,,,,,,,,,,,
PAE000264,application_eligible,2026-08-04 16:37:00,APP00056,CAN048,CMP031,JOB071,1.0,eligible,meets_demo_rules,,,,,,,,,,,,,,,
PAE000265,payment_initiated,2026-08-04 16:45:00,APP00056,CAN048,CMP031,JOB071,1.0,,,PAY00040,633.28,INR,upi,PayPerAppDemo,,,,,,,,,,
PAE000266,payment_captured,2026-08-04 16:45:45,APP00056,CAN048,CMP031,JOB071,1.0,,,PAY00040,633.28,INR,,PayPerAppDemo,GTX000040,633.28,,,,,,,,
PAE000267,revenue_recognized,2026-08-04 16:53:45,APP00056,CAN048,CMP031,JOB071,1.0,,,PAY00040,50.66,INR,,,,,REV00040,50.66,pay_per_application_fee,,,,,
PAE000268,application_started,2026-08-03 11:47:00,APP00057,CAN098,CMP012,JOB025,1.0,,,,,,,,,,,,,,,,,
PAE000269,application_submitted,2026-08-03 13:07:00,APP00057,CAN098,CMP012,JOB025,1.0,,,,,,,,,,,,,,,,,
PAE000270,application_started,2026-08-03 09:53:00,APP00058,CAN068,CMP039,JOB037,1.0,,,,,,,,,,,,,,,,,
PAE000271,application_submitted,2026-08-03 10:27:00,APP00058,CAN068,CMP039,JOB037,1.0,,,,,,,,,,,,,,,,,
PAE000272,application_eligible,2026-08-03 20:27:00,APP00058,CAN068,CMP039,JOB037,1.0,eligible,meets_demo_rules,,,,,,,,,,,,,,,
PAE000273,payment_initiated,2026-08-03 20:36:00,APP00058,CAN068,CMP039,JOB037,1.0,,,PAY00041,917.67,INR,upi,PayPerAppDemo,,,,,,,,,,
PAE000274,payment_failed,2026-08-03 20:37:15,APP00058,CAN068,CMP039,JOB037,1.0,,,PAY00041,917.67,INR,,,,,,,,,,,TIMEOUT,demo_payment_failure
PAE000275,application_started,2026-08-03 09:55:00,APP00059,CAN090,CMP009,JOB063,1.0,,,,,,,,,,,,,,,,,
PAE000276,application_submitted,2026-08-03 10:36:00,APP00059,CAN090,CMP009,JOB063,1.0,,,,,,,,,,,,,,,,,
PAE000277,application_eligible,2026-08-04 01:36:00,APP00059,CAN090,CMP009,JOB063,1.0,eligible,meets_demo_rules,,,,,,,,,,,,,,,
PAE000278,payment_initiated,2026-08-04 01:45:00,APP00059,CAN090,CMP009,JOB063,1.0,,,PAY00042,1456.87,INR,card,PayPerAppDemo,,,,,,,,,,
PAE000279,payment_captured,2026-08-04 01:45:13,APP00059,CAN090,CMP009,JOB063,1.0,,,PAY00042,1456.87,INR,,PayPerAppDemo,GTX000042,1456.87,,,,,,,,
PAE000280,revenue_recognized,2026-08-04 02:11:13,APP00059,CAN090,CMP009,JOB063,1.0,,,PAY00042,116.55,INR,,,,,REV00042,116.55,pay_per_application_fee,,,,,
PAE000281,application_started,2026-08-03 10:51:00,APP00060,CAN074,CMP004,JOB020,1.0,,,,,,,,,,,,,,,,,
PAE000282,application_submitted,2026-08-03 11:34:00,APP00060,CAN074,CMP004,JOB020,1.0,,,,,,,,,,,,,,,,,
PAE000283,application_eligible,2026-08-03 19:34:00,APP00060,CAN074,CMP004,JOB020,1.0,eligible,meets_demo_rules,,,,,,,,,,,,,,,
PAE000284,payment_initiated,2026-08-03 19:54:00,APP00060,CAN074,CMP004,JOB020,1.0,,,PAY00043,1205.55,INR,netbanking,PayPerAppDemo,,,,,,,,,,
PAE000285,payment_captured,2026-08-03 19:54:33,APP00060,CAN074,CMP004,JOB020,1.0,,,PAY00043,1205.55,INR,,PayPerAppDemo,GTX000043,1205.55,,,,,,,,
PAE000286,revenue_recognized,2026-08-03 20:44:33,APP00060,CAN074,CMP004,JOB020,1.0,,,PAY00043,96.44,INR,,,,,REV00043,96.44,pay_per_application_fee,,,,,
PAE000287,application_started,2026-08-03 17:27:00,APP00061,CAN058,CMP029,JOB039,1.0,,,,,,,,,,,,,,,,,
PAE000288,application_submitted,2026-08-03 18:51:00,APP00061,CAN058,CMP029,JOB039,1.0,,,,,,,,,,,,,,,,,
PAE000289,application_eligible,2026-08-04 18:51:00,APP00061,CAN058,CMP029,JOB039,1.0,eligible,meets_demo_rules,,,,,,,,,,,,,,,
PAE000290,payment_initiated,2026-08-04 19:12:00,APP00061,CAN058,CMP029,JOB039,1.0,,,PAY00044,1203.42,INR,upi,PayPerAppDemo,,,,,,,,,,
PAE000291,payment_captured,2026-08-04 19:12:15,APP00061,CAN058,CMP029,JOB039,1.0,,,PAY00044,1203.42,INR,,PayPerAppDemo,GTX000044,1203.42,,,,,,,,
PAE000292,revenue_recognized,2026-08-04 19:23:15,APP00061,CAN058,CMP029,JOB039,1.0,,,PAY00044,96.27,INR,,,,,REV00044,96.27,pay_per_application_fee,,,,,
PAE000293,application_started,2026-08-03 08:26:00,APP00062,CAN071,CMP005,JOB021,1.0,,,,,,,,,,,,,,,,,
PAE000294,application_submitted,2026-08-03 09:47:00,APP00062,CAN071,CMP005,JOB021,1.0,,,,,,,,,,,,,,,,,
PAE000295,application_eligible,2026-08-03 11:47:00,APP00062,CAN071,CMP005,JOB021,1.0,eligible,meets_demo_rules,,,,,,,,,,,,,,,
PAE000296,payment_initiated,2026-08-03 12:10:00,APP00062,CAN071,CMP005,JOB021,1.0,,,PAY00045,1133.69,INR,card,PayPerAppDemo,,,,,,,,,,
PAE000297,payment_captured,2026-08-03 12:10:34,APP00062,CAN071,CMP005,JOB021,1.0,,,PAY00045,1133.69,INR,,PayPerAppDemo,GTX000045,1133.69,,,,,,,,
PAE000298,revenue_recognized,2026-08-03 13:10:34,APP00062,CAN071,CMP005,JOB021,1.0,,,PAY00045,90.7,INR,,,,,REV00045,90.7,pay_per_application_fee,,,,,
PAE000299,application_started,2026-08-03 14:07:00,APP00063,CAN081,CMP038,JOB026,1.0,,,,,,,,,,,,,,,,,
PAE000300,application_submitted,2026-08-03 15:34:00,APP00063,CAN081,CMP038,JOB026,1.0,,,,,,,,,,,,,,,,,
PAE000301,application_eligible,2026-08-04 00:34:00,APP00063,CAN081,CMP038,JOB026,1.0,eligible,meets_demo_rules,,,,,,,,,,,,,,,
PAE000302,payment_initiated,2026-08-04 00:40:00,APP00063,CAN081,CMP038,JOB026,1.0,,,PAY00046,339.26,INR,card,PayPerAppDemo,,,,,,,,,,
PAE000303,payment_captured,2026-08-04 00:41:50,APP00063,CAN081,CMP038,JOB026,1.0,,,PAY00046,339.26,INR,,PayPerAppDemo,GTX000046,339.26,,,,,,,,
PAE000304,revenue_recognized,2026-08-04 01:18:50,APP00063,CAN081,CMP038,JOB026,1.0,,,PAY00046,27.14,INR,,,,,REV00046,27.14,pay_per_application_fee,,,,,
PAE000305,application_started,2026-08-03 12:44:00,APP00064,CAN057,CMP008,JOB060,1.0,,,,,,,,,,,,,,,,,
PAE000306,application_submitted,2026-08-03 13:23:00,APP00064,CAN057,CMP008,JOB060,1.0,,,,,,,,,,,,,,,,,
PAE000307,application_eligible,2026-08-04 05:23:00,APP00064,CAN057,CMP008,JOB060,1.0,eligible,meets_demo_rules,,,,,,,,,,,,,,,
PAE000308,payment_initiated,2026-08-04 05:52:00,APP00064,CAN057,CMP008,JOB060,1.0,,,PAY00047,997.55,INR,card,PayPerAppDemo,,,,,,,,,,
PAE000309,payment_captured,2026-08-04 05:53:22,APP00064,CAN057,CMP008,JOB060,1.0,,,PAY00047,997.55,INR,,PayPerAppDemo,GTX000047,997.55,,,,,,,,
PAE000310,revenue_recognized,2026-08-04 06:10:22,APP00064,CAN057,CMP008,JOB060,1.0,,,PAY00047,79.8,INR,,,,,REV00047,79.8,pay_per_application_fee,,,,,
PAE000311,payment_refunded,2026-08-09 06:10:22,APP00064,CAN057,CMP008,JOB060,1.0,,,PAY00047,420.66,INR,,,,,,,,REF00047,420.66,demo_refund,,
PAE000312,application_started,2026-08-03 17:02:00,APP00065,CAN076,CMP002,JOB035,1.0,,,,,,,,,,,,,,,,,
PAE000313,application_submitted,2026-08-03 17:29:00,APP00065,CAN076,CMP002,JOB035,1.0,,,,,,,,,,,,,,,,,
PAE000314,application_eligible,2026-08-04 14:29:00,APP00065,CAN076,CMP002,JOB035,1.0,eligible,meets_demo_rules,,,,,,,,,,,,,,,
PAE000315,payment_initiated,2026-08-04 14:48:00,APP00065,CAN076,CMP002,JOB035,1.0,,,PAY00048,597.7,INR,card,PayPerAppDemo,,,,,,,,,,
PAE000316,payment_captured,2026-08-04 14:49:07,APP00065,CAN076,CMP002,JOB035,1.0,,,PAY00048,597.7,INR,,PayPerAppDemo,GTX000048,597.7,,,,,,,,
PAE000317,revenue_recognized,2026-08-04 14:55:07,APP00065,CAN076,CMP002,JOB035,1.0,,,PAY00048,47.82,INR,,,,,REV00048,47.82,pay_per_application_fee,,,,,
PAE000318,application_started,2026-08-03 18:06:00,APP00066,CAN053,CMP022,JOB042,1.0,,,,,,,,,,,,,,,,,
PAE000319,application_submitted,2026-08-03 18:53:00,APP00066,CAN053,CMP022,JOB042,1.0,,,,,,,,,,,,,,,,,
PAE000320,application_eligible,2026-08-04 10:53:00,APP00066,CAN053,CMP022,JOB042,1.0,eligible,meets_demo_rules,,,,,,,,,,,,,,,
PAE000321,payment_initiated,2026-08-04 11:20:00,APP00066,CAN053,CMP022,JOB042,1.0,,,PAY00049,1431.49,INR,netbanking,PayPerAppDemo,,,,,,,,,,
PAE000322,payment_captured,2026-08-04 11:20:16,APP00066,CAN053,CMP022,JOB042,1.0,,,PAY00049,1431.49,INR,,PayPerAppDemo,GTX000049,1431.49,,,,,,,,
PAE000323,revenue_recognized,2026-08-04 11:41:16,APP00066,CAN053,CMP022,JOB042,1.0,,,PAY00049,114.52,INR,,,,,REV00049,114.52,pay_per_application_fee,,,,,
PAE000324,application_started,2026-08-03 08:42:00,APP00067,CAN015,CMP026,JOB066,1.0,,,,,,,,,,,,,,,,,
PAE000325,application_submitted,2026-08-03 09:46:00,APP00067,CAN015,CMP026,JOB066,1.0,,,,,,,,,,,,,,,,,
PAE000326,application_eligible,2026-08-03 16:46:00,APP00067,CAN015,CMP026,JOB066,1.0,eligible,meets_demo_rules,,,,,,,,,,,,,,,
PAE000327,payment_initiated,2026-08-03 17:02:00,APP00067,CAN015,CMP026,JOB066,1.0,,,PAY00050,1028.29,INR,netbanking,PayPerAppDemo,,,,,,,,,,
PAE000328,payment_captured,2026-08-03 17:02:11,APP00067,CAN015,CMP026,JOB066,1.0,,,PAY00050,1028.29,INR,,PayPerAppDemo,GTX000050,1028.29,,,,,,,,
PAE000329,revenue_recognized,2026-08-03 17:16:11,APP00067,CAN015,CMP026,JOB066,1.0,,,PAY00050,82.26,INR,,,,,REV00050,82.26,pay_per_application_fee,,,,,
PAE000330,application_started,2026-08-03 15:07:00,APP00068,CAN017,CMP019,JOB057,1.0,,,,,,,,,,,,,,,,,
PAE000331,application_submitted,2026-08-03 16:32:00,APP00068,CAN017,CMP019,JOB057,1.0,,,,,,,,,,,,,,,,,
PAE000332,application_eligible,2026-08-04 00:32:00,APP00068,CAN017,CMP019,JOB057,1.0,eligible,meets_demo_rules,,,,,,,,,,,,,,,
PAE000333,payment_initiated,2026-08-04 00:33:00,APP00068,CAN017,CMP019,JOB057,1.0,,,PAY00051,638.44,INR,netbanking,PayPerAppDemo,,,,,,,,,,
PAE000334,payment_captured,2026-08-04 00:33:33,APP00068,CAN017,CMP019,JOB057,1.0,,,PAY00051,638.44,INR,,PayPerAppDemo,GTX000051,638.44,,,,,,,,
PAE000335,revenue_recognized,2026-08-04 01:27:33,APP00068,CAN017,CMP019,JOB057,1.0,,,PAY00051,51.08,INR,,,,,REV00051,51.08,pay_per_application_fee,,,,,
PAE000336,application_started,2026-08-03 15:59:00,APP00069,CAN060,CMP008,JOB020,1.0,,,,,,,,,,,,,,,,,
PAE000337,application_submitted,2026-08-03 17:09:00,APP00069,CAN060,CMP008,JOB020,1.0,,,,,,,,,,,,,,,,,
PAE000338,application_eligible,2026-08-04 07:09:00,APP00069,CAN060,CMP008,JOB020,1.0,eligible,meets_demo_rules,,,,,,,,,,,,,,,
PAE000339,payment_initiated,2026-08-04 07:17:00,APP00069,CAN060,CMP008,JOB020,1.0,,,PAY00052,1475.31,INR,card,PayPerAppDemo,,,,,,,,,,
PAE000340,payment_captured,2026-08-04 07:17:54,APP00069,CAN060,CMP008,JOB020,1.0,,,PAY00052,1475.31,INR,,PayPerAppDemo,GTX000052,1475.31,,,,,,,,
PAE000341,revenue_recognized,2026-08-04 07:30:54,APP00069,CAN060,CMP008,JOB020,1.0,,,PAY00052,118.02,INR,,,,,REV00052,118.02,pay_per_application_fee,,,,,
PAE000342,application_started,2026-08-03 12:49:00,APP00070,CAN066,CMP009,JOB009,1.0,,,,,,,,,,,,,,,,,
PAE000343,application_submitted,2026-08-03 13:47:00,APP00070,CAN066,CMP009,JOB009,1.0,,,,,,,,,,,,,,,,,
PAE000344,application_eligible,2026-08-04 06:47:00,APP00070,CAN066,CMP009,JOB009,1.0,eligible,meets_demo_rules,,,,,,,,,,,,,,,
PAE000345,payment_initiated,2026-08-04 07:11:00,APP00070,CAN066,CMP009,JOB009,1.0,,,PAY00053,253.21,INR,card,PayPerAppDemo,,,,,,,,,,
PAE000346,payment_captured,2026-08-04 07:12:19,APP00070,CAN066,CMP009,JOB009,1.0,,,PAY00053,253.21,INR,,PayPerAppDemo,GTX000053,253.21,,,,,,,,
PAE000347,revenue_recognized,2026-08-04 07:55:19,APP00070,CAN066,CMP009,JOB009,1.0,,,PAY00053,20.26,INR,,,,,REV00053,20.26,pay_per_application_fee,,,,,
PAE000348,application_started,2026-08-03 15:22:00,APP00071,CAN020,CMP029,JOB069,1.0,,,,,,,,,,,,,,,,,
PAE000349,application_submitted,2026-08-03 16:36:00,APP00071,CAN020,CMP029,JOB069,1.0,,,,,,,,,,,,,,,,,
PAE000350,application_eligible,2026-08-04 03:36:00,APP00071,CAN020,CMP029,JOB069,1.0,eligible,meets_demo_rules,,,,,,,,,,,,,,,
PAE000351,payment_initiated,2026-08-04 03:44:00,APP00071,CAN020,CMP029,JOB069,1.0,,,PAY00054,1475.97,INR,netbanking,PayPerAppDemo,,,,,,,,,,
PAE000352,payment_captured,2026-08-04 03:45:54,APP00071,CAN020,CMP029,JOB069,1.0,,,PAY00054,1475.97,INR,,PayPerAppDemo,GTX000054,1475.97,,,,,,,,
PAE000353,revenue_recognized,2026-08-04 04:35:54,APP00071,CAN020,CMP029,JOB069,1.0,,,PAY00054,118.08,INR,,,,,REV00054,118.08,pay_per_application_fee,,,,,
PAE000354,application_started,2026-08-03 14:42:00,APP00072,CAN041,CMP031,JOB049,1.0,,,,,,,,,,,,,,,,,
PAE000355,application_submitted,2026-08-03 16:10:00,APP00072,CAN041,CMP031,JOB049,1.0,,,,,,,,,,,,,,,,,
PAE000356,application_started,2026-08-04 16:37:00,APP00073,CAN064,CMP003,JOB017,1.0,,,,,,,,,,,,,,,,,
PAE000357,application_submitted,2026-08-04 16:54:00,APP00073,CAN064,CMP003,JOB017,1.0,,,,,,,,,,,,,,,,,
PAE000358,application_started,2026-08-04 15:00:00,APP00074,CAN057,CMP007,JOB068,1.0,,,,,,,,,,,,,,,,,
PAE000359,application_submitted,2026-08-04 15:57:00,APP00074,CAN057,CMP007,JOB068,1.0,,,,,,,,,,,,,,,,,
PAE000360,application_started,2026-08-04 12:21:00,APP00075,CAN020,CMP005,JOB061,1.0,,,,,,,,,,,,,,,,,
PAE000361,application_submitted,2026-08-04 13:16:00,APP00075,CAN020,CMP005,JOB061,1.0,,,,,,,,,,,,,,,,,
PAE000362,application_eligible,2026-08-05 00:16:00,APP00075,CAN020,CMP005,JOB061,1.0,eligible,meets_demo_rules,,,,,,,,,,,,,,,
PAE000363,payment_initiated,2026-08-05 00:29:00,APP00075,CAN020,CMP005,JOB061,1.0,,,PAY00055,1324.18,INR,card,PayPerAppDemo,,,,,,,,,,
PAE000364,payment_captured,2026-08-05 00:30:58,APP00075,CAN020,CMP005,JOB061,1.0,,,PAY00055,1324.18,INR,,PayPerAppDemo,GTX000055,1324.18,,,,,,,,
PAE000365,revenue_recognized,2026-08-05 01:19:58,APP00075,CAN020,CMP005,JOB061,1.0,,,PAY00055,105.93,INR,,,,,REV00055,105.93,pay_per_application_fee,,,,,
PAE000366,application_started,2026-08-04 09:15:00,APP00076,CAN070,CMP003,JOB080,1.0,,,,,,,,,,,,,,,,,
PAE000367,application_submitted,2026-08-04 09:56:00,APP00076,CAN070,CMP003,JOB080,1.0,,,,,,,,,,,,,,,,,
PAE000368,application_started,2026-08-04 09:48:00,APP00077,CAN096,CMP006,JOB056,1.0,,,,,,,,,,,,,,,,,
PAE000369,application_submitted,2026-08-04 10:05:00,APP00077,CAN096,CMP006,JOB056,1.0,,,,,,,,,,,,,,,,,
PAE000370,application_eligible,2026-08-05 09:05:00,APP00077,CAN096,CMP006,JOB056,1.0,eligible,meets_demo_rules,,,,,,,,,,,,,,,
PAE000371,payment_initiated,2026-08-05 09:16:00,APP00077,CAN096,CMP006,JOB056,1.0,,,PAY00056,286.18,INR,upi,PayPerAppDemo,,,,,,,,,,
PAE000372,payment_captured,2026-08-05 09:16:52,APP00077,CAN096,CMP006,JOB056,1.0,,,PAY00056,286.18,INR,,PayPerAppDemo,GTX000056,286.18,,,,,,,,
PAE000373,revenue_recognized,2026-08-05 09:44:52,APP00077,CAN096,CMP006,JOB056,1.0,,,PAY00056,22.89,INR,,,,,REV00056,22.89,pay_per_application_fee,,,,,
PAE000374,application_started,2026-08-04 18:50:00,APP00078,CAN068,CMP027,JOB073,1.0,,,,,,,,,,,,,,,,,
PAE000375,application_submitted,2026-08-04 19:17:00,APP00078,CAN068,CMP027,JOB073,1.0,,,,,,,,,,,,,,,,,
PAE000376,application_eligible,2026-08-05 08:17:00,APP00078,CAN068,CMP027,JOB073,1.0,eligible,meets_demo_rules,,,,,,,,,,,,,,,
PAE000377,payment_initiated,2026-08-05 08:47:00,APP00078,CAN068,CMP027,JOB073,1.0,,,PAY00057,551.04,INR,netbanking,PayPerAppDemo,,,,,,,,,,
PAE000378,payment_captured,2026-08-05 08:48:04,APP00078,CAN068,CMP027,JOB073,1.0,,,PAY00057,551.04,INR,,PayPerAppDemo,GTX000057,551.04,,,,,,,,
PAE000379,revenue_recognized,2026-08-05 09:29:04,APP00078,CAN068,CMP027,JOB073,1.0,,,PAY00057,44.08,INR,,,,,REV00057,44.08,pay_per_application_fee,,,,,
PAE000380,application_started,2026-08-04 12:43:00,APP00079,CAN033,CMP001,JOB060,1.0,,,,,,,,,,,,,,,,,
PAE000381,application_submitted,2026-08-04 12:57:00,APP00079,CAN033,CMP001,JOB060,1.0,,,,,,,,,,,,,,,,,
PAE000382,application_eligible,2026-08-05 00:57:00,APP00079,CAN033,CMP001,JOB060,1.0,eligible,meets_demo_rules,,,,,,,,,,,,,,,
PAE000383,application_started,2026-08-04 15:54:00,APP00080,CAN039,CMP028,JOB033,1.0,,,,,,,,,,,,,,,,,
PAE000384,application_submitted,2026-08-04 16:48:00,APP00080,CAN039,CMP028,JOB033,1.0,,,,,,,,,,,,,,,,,
PAE000385,application_started,2026-08-04 17:22:00,APP00081,CAN014,CMP016,JOB049,1.0,,,,,,,,,,,,,,,,,
PAE000386,application_submitted,2026-08-04 18:04:00,APP00081,CAN014,CMP016,JOB049,1.0,,,,,,,,,,,,,,,,,
PAE000387,application_eligible,2026-08-05 16:04:00,APP00081,CAN014,CMP016,JOB049,1.0,eligible,meets_demo_rules,,,,,,,,,,,,,,,
PAE000388,payment_initiated,2026-08-05 16:32:00,APP00081,CAN014,CMP016,JOB049,1.0,,,PAY00058,260.12,INR,netbanking,PayPerAppDemo,,,,,,,,,,
PAE000389,payment_captured,2026-08-05 16:32:11,APP00081,CAN014,CMP016,JOB049,1.0,,,PAY00058,260.12,INR,,PayPerAppDemo,GTX000058,260.12,,,,,,,,
PAE000390,revenue_recognized,2026-08-05 17:31:11,APP00081,CAN014,CMP016,JOB049,1.0,,,PAY00058,20.81,INR,,,,,REV00058,20.81,pay_per_application_fee,,,,,
PAE000391,application_started,2026-08-04 17:51:00,APP00082,CAN064,CMP019,JOB030,1.0,,,,,,,,,,,,,,,,,
PAE000392,application_submitted,2026-08-04 19:17:00,APP00082,CAN064,CMP019,JOB030,1.0,,,,,,,,,,,,,,,,,
PAE000393,application_eligible,2026-08-05 04:17:00,APP00082,CAN064,CMP019,JOB030,1.0,eligible,meets_demo_rules,,,,,,,,,,,,,,,
PAE000394,payment_initiated,2026-08-05 04:39:00,APP00082,CAN064,CMP019,JOB030,1.0,,,PAY00059,1151.16,INR,netbanking,PayPerAppDemo,,,,,,,,,,
PAE000395,payment_captured,2026-08-05 04:40:25,APP00082,CAN064,CMP019,JOB030,1.0,,,PAY00059,1151.16,INR,,PayPerAppDemo,GTX000059,1151.16,,,,,,,,
PAE000396,revenue_recognized,2026-08-05 04:47:25,APP00082,CAN064,CMP019,JOB030,1.0,,,PAY00059,92.09,INR,,,,,REV00059,92.09,pay_per_application_fee,,,,,
PAE000397,application_started,2026-08-04 15:02:00,APP00083,CAN083,CMP003,JOB040,1.0,,,,,,,,,,,,,,,,,
PAE000398,application_submitted,2026-08-04 15:23:00,APP00083,CAN083,CMP003,JOB040,1.0,,,,,,,,,,,,,,,,,
PAE000399,application_eligible,2026-08-05 01:23:00,APP00083,CAN083,CMP003,JOB040,1.0,eligible,meets_demo_rules,,,,,,,,,,,,,,,
PAE000400,payment_initiated,2026-08-05 01:30:00,APP00083,CAN083,CMP003,JOB040,1.0,,,PAY00060,769.38,INR,upi,PayPerAppDemo,,,,,,,,,,
PAE000401,payment_captured,2026-08-05 01:31:57,APP00083,CAN083,CMP003,JOB040,1.0,,,PAY00060,769.38,INR,,PayPerAppDemo,GTX000060,769.38,,,,,,,,
PAE000402,revenue_recognized,2026-08-05 01:55:57,APP00083,CAN083,CMP003,JOB040,1.0,,,PAY00060,61.55,INR,,,,,REV00060,61.55,pay_per_application_fee,,,,,
PAE000403,application_started,2026-08-04 15:51:00,APP00084,CAN035,CMP011,JOB033,1.0,,,,,,,,,,,,,,,,,
PAE000404,application_submitted,2026-08-04 16:39:00,APP00084,CAN035,CMP011,JOB033,1.0,,,,,,,,,,,,,,,,,
PAE000405,application_eligible,2026-08-05 07:39:00,APP00084,CAN035,CMP011,JOB033,1.0,eligible,meets_demo_rules,,,,,,,,,,,,,,,
PAE000406,application_started,2026-08-04 16:23:00,APP00085,CAN019,CMP015,JOB051,1.0,,,,,,,,,,,,,,,,,
PAE000407,application_submitted,2026-08-04 17:18:00,APP00085,CAN019,CMP015,JOB051,1.0,,,,,,,,,,,,,,,,,
PAE000408,application_eligible,2026-08-05 11:18:00,APP00085,CAN019,CMP015,JOB051,1.0,eligible,meets_demo_rules,,,,,,,,,,,,,,,
PAE000409,payment_initiated,2026-08-05 11:42:00,APP00085,CAN019,CMP015,JOB051,1.0,,,PAY00061,710.73,INR,netbanking,PayPerAppDemo,,,,,,,,,,
PAE000410,payment_captured,2026-08-05 11:42:53,APP00085,CAN019,CMP015,JOB051,1.0,,,PAY00061,710.73,INR,,PayPerAppDemo,GTX000061,710.73,,,,,,,,
PAE000411,revenue_recognized,2026-08-05 12:35:53,APP00085,CAN019,CMP015,JOB051,1.0,,,PAY00061,56.86,INR,,,,,REV00061,56.86,pay_per_application_fee,,,,,
PAE000412,application_started,2026-08-04 15:01:00,APP00086,CAN048,CMP007,JOB030,1.0,,,,,,,,,,,,,,,,,
PAE000413,application_submitted,2026-08-04 16:17:00,APP00086,CAN048,CMP007,JOB030,1.0,,,,,,,,,,,,,,,,,
PAE000414,application_eligible,2026-08-05 12:17:00,APP00086,CAN048,CMP007,JOB030,1.0,eligible,meets_demo_rules,,,,,,,,,,,,,,,
PAE000415,payment_initiated,2026-08-05 12:44:00,APP00086,CAN048,CMP007,JOB030,1.0,,,PAY00062,329.02,INR,card,PayPerAppDemo,,,,,,,,,,
PAE000416,payment_captured,2026-08-05 12:44:43,APP00086,CAN048,CMP007,JOB030,1.0,,,PAY00062,329.02,INR,,PayPerAppDemo,GTX000062,329.02,,,,,,,,
PAE000417,revenue_recognized,2026-08-05 13:26:43,APP00086,CAN048,CMP007,JOB030,1.0,,,PAY00062,26.32,INR,,,,,REV00062,26.32,pay_per_application_fee,,,,,
PAE000418,application_started,2026-08-04 12:31:00,APP00087,CAN018,CMP003,JOB005,1.0,,,,,,,,,,,,,,,,,
PAE000419,application_submitted,2026-08-04 13:06:00,APP00087,CAN018,CMP003,JOB005,1.0,,,,,,,,,,,,,,,,,
PAE000420,application_started,2026-08-04 13:42:00,APP00088,CAN018,CMP025,JOB059,1.0,,,,,,,,,,,,,,,,,
PAE000421,application_started,2026-08-04 17:47:00,APP00089,CAN090,CMP035,JOB054,1.0,,,,,,,,,,,,,,,,,
PAE000422,application_submitted,2026-08-04 18:45:00,APP00089,CAN090,CMP035,JOB054,1.0,,,,,,,,,,,,,,,,,
PAE000423,application_eligible,2026-08-05 10:45:00,APP00089,CAN090,CMP035,JOB054,1.0,eligible,meets_demo_rules,,,,,,,,,,,,,,,
PAE000424,payment_initiated,2026-08-05 10:54:00,APP00089,CAN090,CMP035,JOB054,1.0,,,PAY00063,1423.82,INR,upi,PayPerAppDemo,,,,,,,,,,
PAE000425,payment_captured,2026-08-05 10:54:32,APP00089,CAN090,CMP035,JOB054,1.0,,,PAY00063,1423.82,INR,,PayPerAppDemo,GTX000063,1423.82,,,,,,,,
PAE000426,revenue_recognized,2026-08-05 11:23:32,APP00089,CAN090,CMP035,JOB054,1.0,,,PAY00063,113.91,INR,,,,,REV00063,113.91,pay_per_application_fee,,,,,
PAE000427,application_started,2026-08-04 18:23:00,APP00090,CAN031,CMP024,JOB013,1.0,,,,,,,,,,,,,,,,,
PAE000428,application_submitted,2026-08-04 19:50:00,APP00090,CAN031,CMP024,JOB013,1.0,,,,,,,,,,,,,,,,,
PAE000429,application_eligible,2026-08-05 08:50:00,APP00090,CAN031,CMP024,JOB013,1.0,eligible,meets_demo_rules,,,,,,,,,,,,,,,
PAE000430,payment_initiated,2026-08-05 09:18:00,APP00090,CAN031,CMP024,JOB013,1.0,,,PAY00064,1460.26,INR,card,PayPerAppDemo,,,,,,,,,,
PAE000431,payment_captured,2026-08-05 09:18:32,APP00090,CAN031,CMP024,JOB013,1.0,,,PAY00064,1460.26,INR,,PayPerAppDemo,GTX000064,1460.26,,,,,,,,
PAE000432,revenue_recognized,2026-08-05 10:00:32,APP00090,CAN031,CMP024,JOB013,1.0,,,PAY00064,116.82,INR,,,,,REV00064,116.82,pay_per_application_fee,,,,,
PAE000433,application_started,2026-08-04 11:08:00,APP00091,CAN003,CMP004,JOB043,1.0,,,,,,,,,,,,,,,,,
PAE000434,application_submitted,2026-08-04 11:39:00,APP00091,CAN003,CMP004,JOB043,1.0,,,,,,,,,,,,,,,,,
PAE000435,application_eligible,2026-08-05 05:39:00,APP00091,CAN003,CMP004,JOB043,1.0,eligible,meets_demo_rules,,,,,,,,,,,,,,,
PAE000436,payment_initiated,2026-08-05 06:07:00,APP00091,CAN003,CMP004,JOB043,1.0,,,PAY00065,519.94,INR,upi,PayPerAppDemo,,,,,,,,,,
PAE000437,payment_captured,2026-08-05 06:07:23,APP00091,CAN003,CMP004,JOB043,1.0,,,PAY00065,519.94,INR,,PayPerAppDemo,GTX000065,519.94,,,,,,,,
PAE000438,revenue_recognized,2026-08-05 06:58:23,APP00091,CAN003,CMP004,JOB043,1.0,,,PAY00065,41.6,INR,,,,,REV00065,41.6,pay_per_application_fee,,,,,
PAE000439,application_started,2026-08-04 10:34:00,APP00092,CAN001,CMP018,JOB019,1.0,,,,,,,,,,,,,,,,,
PAE000440,application_submitted,2026-08-04 11:01:00,APP00092,CAN001,CMP018,JOB019,1.0,,,,,,,,,,,,,,,,,
PAE000441,application_eligible,2026-08-04 12:01:00,APP00092,CAN001,CMP018,JOB019,1.0,eligible,meets_demo_rules,,,,,,,,,,,,,,,
PAE000442,payment_initiated,2026-08-04 12:27:00,APP00092,CAN001,CMP018,JOB019,1.0,,,PAY00066,697.8,INR,upi,PayPerAppDemo,,,,,,,,,,
PAE000443,payment_captured,2026-08-04 12:27:07,APP00092,CAN001,CMP018,JOB019,1.0,,,PAY00066,697.8,INR,,PayPerAppDemo,GTX000066,697.8,,,,,,,,
PAE000444,revenue_recognized,2026-08-04 12:39:07,APP00092,CAN001,CMP018,JOB019,1.0,,,PAY00066,55.82,INR,,,,,REV00066,55.82,pay_per_application_fee,,,,,
PAE000445,application_started,2026-08-04 09:47:00,APP00093,CAN017,CMP027,JOB068,1.0,,,,,,,,,,,,,,,,,
PAE000446,application_submitted,2026-08-04 10:49:00,APP00093,CAN017,CMP027,JOB068,1.0,,,,,,,,,,,,,,,,,
PAE000447,application_eligible,2026-08-05 03:49:00,APP00093,CAN017,CMP027,JOB068,1.0,eligible,meets_demo_rules,,,,,,,,,,,,,,,
PAE000448,payment_initiated,2026-08-05 03:57:00,APP00093,CAN017,CMP027,JOB068,1.0,,,PAY00067,815.01,INR,netbanking,PayPerAppDemo,,,,,,,,,,
PAE000449,payment_captured,2026-08-05 03:58:45,APP00093,CAN017,CMP027,JOB068,1.0,,,PAY00067,815.01,INR,,PayPerAppDemo,GTX000067,815.01,,,,,,,,
PAE000450,revenue_recognized,2026-08-05 04:57:45,APP00093,CAN017,CMP027,JOB068,1.0,,,PAY00067,65.2,INR,,,,,REV00067,65.2,pay_per_application_fee,,,,,
PAE000451,application_started,2026-08-04 18:01:00,APP00094,CAN067,CMP020,JOB059,1.0,,,,,,,,,,,,,,,,,
PAE000452,application_submitted,2026-08-04 19:07:00,APP00094,CAN067,CMP020,JOB059,1.0,,,,,,,,,,,,,,,,,
PAE000453,application_started,2026-08-04 15:04:00,APP00095,CAN055,CMP007,JOB063,1.0,,,,,,,,,,,,,,,,,
PAE000454,application_started,2026-08-04 09:08:00,APP00096,CAN042,CMP039,JOB019,1.0,,,,,,,,,,,,,,,,,
PAE000455,application_submitted,2026-08-04 10:34:00,APP00096,CAN042,CMP039,JOB019,1.0,,,,,,,,,,,,,,,,,
PAE000456,application_eligible,2026-08-05 09:34:00,APP00096,CAN042,CMP039,JOB019,1.0,eligible,meets_demo_rules,,,,,,,,,,,,,,,
PAE000457,payment_initiated,2026-08-05 09:51:00,APP00096,CAN042,CMP039,JOB019,1.0,,,PAY00068,1493.28,INR,card,PayPerAppDemo,,,,,,,,,,
PAE000458,payment_captured,2026-08-05 09:52:22,APP00096,CAN042,CMP039,JOB019,1.0,,,PAY00068,1493.28,INR,,PayPerAppDemo,GTX000068,1493.28,,,,,,,,
PAE000459,revenue_recognized,2026-08-05 10:20:22,APP00096,CAN042,CMP039,JOB019,1.0,,,PAY00068,119.46,INR,,,,,REV00068,119.46,pay_per_application_fee,,,,,
PAE000460,application_started,2026-08-05 11:27:00,APP00097,CAN090,CMP008,JOB071,1.0,,,,,,,,,,,,,,,,,
PAE000461,application_submitted,2026-08-05 12:01:00,APP00097,CAN090,CMP008,JOB071,1.0,,,,,,,,,,,,,,,,,
PAE000462,application_eligible,2026-08-06 03:01:00,APP00097,CAN090,CMP008,JOB071,1.0,eligible,meets_demo_rules,,,,,,,,,,,,,,,
PAE000463,payment_initiated,2026-08-06 03:12:00,APP00097,CAN090,CMP008,JOB071,1.0,,,PAY00069,1162.02,INR,card,PayPerAppDemo,,,,,,,,,,
PAE000464,payment_captured,2026-08-06 03:12:37,APP00097,CAN090,CMP008,JOB071,1.0,,,PAY00069,1162.02,INR,,PayPerAppDemo,GTX000069,1162.02,,,,,,,,
PAE000465,revenue_recognized,2026-08-06 03:36:37,APP00097,CAN090,CMP008,JOB071,1.0,,,PAY00069,92.96,INR,,,,,REV00069,92.96,pay_per_application_fee,,,,,
PAE000466,application_started,2026-08-05 09:53:00,APP00098,CAN088,CMP031,JOB009,1.0,,,,,,,,,,,,,,,,,
PAE000467,application_submitted,2026-08-05 10:53:00,APP00098,CAN088,CMP031,JOB009,1.0,,,,,,,,,,,,,,,,,
PAE000468,application_eligible,2026-08-06 10:53:00,APP00098,CAN088,CMP031,JOB009,1.0,eligible,meets_demo_rules,,,,,,,,,,,,,,,
PAE000469,payment_initiated,2026-08-06 10:55:00,APP00098,CAN088,CMP031,JOB009,1.0,,,PAY00070,412.64,INR,netbanking,PayPerAppDemo,,,,,,,,,,
PAE000470,payment_failed,2026-08-06 10:56:16,APP00098,CAN088,CMP031,JOB009,1.0,,,PAY00070,412.64,INR,,,,,,,,,,,TIMEOUT,demo_payment_failure
PAE000471,application_started,2026-08-05 13:55:00,APP00099,CAN086,CMP008,JOB053,1.0,,,,,,,,,,,,,,,,,
PAE000472,application_submitted,2026-08-05 14:54:00,APP00099,CAN086,CMP008,JOB053,1.0,,,,,,,,,,,,,,,,,
PAE000473,application_started,2026-08-05 17:19:00,APP00100,CAN093,CMP004,JOB037,1.0,,,,,,,,,,,,,,,,,
PAE000474,application_submitted,2026-08-05 18:37:00,APP00100,CAN093,CMP004,JOB037,1.0,,,,,,,,,,,,,,,,,
PAE000475,application_eligible,2026-08-05 23:37:00,APP00100,CAN093,CMP004,JOB037,1.0,eligible,meets_demo_rules,,,,,,,,,,,,,,,
PAE000476,payment_initiated,2026-08-05 23:41:00,APP00100,CAN093,CMP004,JOB037,1.0,,,PAY00071,530.31,INR,card,PayPerAppDemo,,,,,,,,,,
PAE000477,payment_captured,2026-08-05 23:41:52,APP00100,CAN093,CMP004,JOB037,1.0,,,PAY00071,530.31,INR,,PayPerAppDemo,GTX000071,530.31,,,,,,,,
PAE000478,revenue_recognized,2026-08-05 23:49:52,APP00100,CAN093,CMP004,JOB037,1.0,,,PAY00071,42.42,INR,,,,,REV00071,42.42,pay_per_application_fee,,,,,
PAE000479,application_started,2026-08-05 16:49:00,APP00101,CAN074,CMP015,JOB055,1.0,,,,,,,,,,,,,,,,,
PAE000480,application_submitted,2026-08-05 18:12:00,APP00101,CAN074,CMP015,JOB055,1.0,,,,,,,,,,,,,,,,,
PAE000481,application_eligible,2026-08-06 12:12:00,APP00101,CAN074,CMP015,JOB055,1.0,eligible,meets_demo_rules,,,,,,,,,,,,,,,
PAE000482,payment_initiated,2026-08-06 12:39:00,APP00101,CAN074,CMP015,JOB055,1.0,,,PAY00072,1411.36,INR,netbanking,PayPerAppDemo,,,,,,,,,,
PAE000483,payment_captured,2026-08-06 12:39:28,APP00101,CAN074,CMP015,JOB055,1.0,,,PAY00072,1411.36,INR,,PayPerAppDemo,GTX000072,1411.36,,,,,,,,
PAE000484,revenue_recognized,2026-08-06 12:57:28,APP00101,CAN074,CMP015,JOB055,1.0,,,PAY00072,112.91,INR,,,,,REV00072,112.91,pay_per_application_fee,,,,,
PAE000485,application_started,2026-08-05 08:11:00,APP00102,CAN040,CMP022,JOB045,1.0,,,,,,,,,,,,,,,,,
PAE000486,application_submitted,2026-08-05 09:28:00,APP00102,CAN040,CMP022,JOB045,1.0,,,,,,,,,,,,,,,,,
PAE000487,application_eligible,2026-08-05 12:28:00,APP00102,CAN040,CMP022,JOB045,1.0,eligible,meets_demo_rules,,,,,,,,,,,,,,,
PAE000488,payment_initiated,2026-08-05 12:29:00,APP00102,CAN040,CMP022,JOB045,1.0,,,PAY00073,1041.47,INR,upi,PayPerAppDemo,,,,,,,,,,
PAE000489,payment_captured,2026-08-05 12:29:32,APP00102,CAN040,CMP022,JOB045,1.0,,,PAY00073,1041.47,INR,,PayPerAppDemo,GTX000073,1041.47,,,,,,,,
PAE000490,revenue_recognized,2026-08-05 12:54:32,APP00102,CAN040,CMP022,JOB045,1.0,,,PAY00073,83.32,INR,,,,,REV00073,83.32,pay_per_application_fee,,,,,
PAE000491,application_started,2026-08-05 12:46:00,APP00103,CAN044,CMP011,JOB048,1.0,,,,,,,,,,,,,,,,,
PAE000492,application_submitted,2026-08-05 14:03:00,APP00103,CAN044,CMP011,JOB048,1.0,,,,,,,,,,,,,,,,,
PAE000493,application_eligible,2026-08-05 16:03:00,APP00103,CAN044,CMP011,JOB048,1.0,eligible,meets_demo_rules,,,,,,,,,,,,,,,
PAE000494,payment_initiated,2026-08-05 16:05:00,APP00103,CAN044,CMP011,JOB048,1.0,,,PAY00074,1193.04,INR,netbanking,PayPerAppDemo,,,,,,,,,,
PAE000495,payment_captured,2026-08-05 16:06:01,APP00103,CAN044,CMP011,JOB048,1.0,,,PAY00074,1193.04,INR,,PayPerAppDemo,GTX000074,1193.04,,,,,,,,
PAE000496,revenue_recognized,2026-08-05 16:49:01,APP00103,CAN044,CMP011,JOB048,1.0,,,PAY00074,95.44,INR,,,,,REV00074,95.44,pay_per_application_fee,,,,,
PAE000497,application_started,2026-08-05 12:13:00,APP00104,CAN078,CMP029,JOB054,1.0,,,,,,,,,,,,,,,,,
PAE000498,application_submitted,2026-08-05 12:32:00,APP00104,CAN078,CMP029,JOB054,1.0,,,,,,,,,,,,,,,,,
PAE000499,application_eligible,2026-08-05 16:32:00,APP00104,CAN078,CMP029,JOB054,1.0,eligible,meets_demo_rules,,,,,,,,,,,,,,,
PAE000500,payment_initiated,2026-08-05 16:48:00,APP00104,CAN078,CMP029,JOB054,1.0,,,PAY00075,1098.11,INR,netbanking,PayPerAppDemo,,,,,,,,,,
PAE000501,payment_captured,2026-08-05 16:48:10,APP00104,CAN078,CMP029,JOB054,1.0,,,PAY00075,1098.11,INR,,PayPerAppDemo,GTX000075,1098.11,,,,,,,,
PAE000502,revenue_recognized,2026-08-05 17:03:10,APP00104,CAN078,CMP029,JOB054,1.0,,,PAY00075,87.85,INR,,,,,REV00075,87.85,pay_per_application_fee,,,,,
PAE000503,application_started,2026-08-05 11:19:00,APP00105,CAN077,CMP004,JOB001,1.0,,,,,,,,,,,,,,,,,
PAE000504,application_started,2026-08-05 12:20:00,APP00106,CAN099,CMP009,JOB033,1.0,,,,,,,,,,,,,,,,,
PAE000505,application_submitted,2026-08-05 13:28:00,APP00106,CAN099,CMP009,JOB033,1.0,,,,,,,,,,,,,,,,,
PAE000506,application_eligible,2026-08-05 19:28:00,APP00106,CAN099,CMP009,JOB033,1.0,eligible,meets_demo_rules,,,,,,,,,,,,,,,
PAE000507,payment_initiated,2026-08-05 19:36:00,APP00106,CAN099,CMP009,JOB033,1.0,,,PAY00076,915.73,INR,netbanking,PayPerAppDemo,,,,,,,,,,
PAE000508,payment_captured,2026-08-05 19:37:30,APP00106,CAN099,CMP009,JOB033,1.0,,,PAY00076,915.73,INR,,PayPerAppDemo,GTX000076,915.73,,,,,,,,
PAE000509,revenue_recognized,2026-08-05 20:29:30,APP00106,CAN099,CMP009,JOB033,1.0,,,PAY00076,73.26,INR,,,,,REV00076,73.26,pay_per_application_fee,,,,,
PAE000510,application_started,2026-08-05 08:29:00,APP00107,CAN051,CMP003,JOB056,1.0,,,,,,,,,,,,,,,,,
PAE000511,application_started,2026-08-05 17:25:00,APP00108,CAN041,CMP037,JOB055,1.0,,,,,,,,,,,,,,,,,
PAE000512,application_submitted,2026-08-05 18:23:00,APP00108,CAN041,CMP037,JOB055,1.0,,,,,,,,,,,,,,,,,
PAE000513,application_eligible,2026-08-06 07:23:00,APP00108,CAN041,CMP037,JOB055,1.0,eligible,meets_demo_rules,,,,,,,,,,,,,,,
PAE000514,payment_initiated,2026-08-06 07:49:00,APP00108,CAN041,CMP037,JOB055,1.0,,,PAY00077,655.96,INR,netbanking,PayPerAppDemo,,,,,,,,,,
PAE000515,payment_captured,2026-08-06 07:50:33,APP00108,CAN041,CMP037,JOB055,1.0,,,PAY00077,655.96,INR,,PayPerAppDemo,GTX000077,655.96,,,,,,,,
PAE000516,revenue_recognized,2026-08-06 08:49:33,APP00108,CAN041,CMP037,JOB055,1.0,,,PAY00077,52.48,INR,,,,,REV00077,52.48,pay_per_application_fee,,,,,
PAE000517,application_started,2026-08-05 14:37:00,APP00109,CAN056,CMP007,JOB032,1.0,,,,,,,,,,,,,,,,,
PAE000518,application_submitted,2026-08-05 14:52:00,APP00109,CAN056,CMP007,JOB032,1.0,,,,,,,,,,,,,,,,,
PAE000519,application_eligible,2026-08-06 00:52:00,APP00109,CAN056,CMP007,JOB032,1.0,eligible,meets_demo_rules,,,,,,,,,,,,,,,
PAE000520,payment_initiated,2026-08-06 01:17:00,APP00109,CAN056,CMP007,JOB032,1.0,,,PAY00078,526.97,INR,upi,PayPerAppDemo,,,,,,,,,,
PAE000521,payment_captured,2026-08-06 01:18:26,APP00109,CAN056,CMP007,JOB032,1.0,,,PAY00078,526.97,INR,,PayPerAppDemo,GTX000078,526.97,,,,,,,,
PAE000522,revenue_recognized,2026-08-06 01:26:26,APP00109,CAN056,CMP007,JOB032,1.0,,,PAY00078,42.16,INR,,,,,REV00078,42.16,pay_per_application_fee,,,,,
PAE000523,application_started,2026-08-05 18:52:00,APP00110,CAN025,CMP023,JOB045,1.0,,,,,,,,,,,,,,,,,
PAE000524,application_submitted,2026-08-05 19:10:00,APP00110,CAN025,CMP023,JOB045,1.0,,,,,,,,,,,,,,,,,
PAE000525,application_eligible,2026-08-06 02:10:00,APP00110,CAN025,CMP023,JOB045,1.0,eligible,meets_demo_rules,,,,,,,,,,,,,,,
PAE000526,payment_initiated,2026-08-06 02:35:00,APP00110,CAN025,CMP023,JOB045,1.0,,,PAY00079,441.09,INR,netbanking,PayPerAppDemo,,,,,,,,,,
PAE000527,payment_captured,2026-08-06 02:36:43,APP00110,CAN025,CMP023,JOB045,1.0,,,PAY00079,441.09,INR,,PayPerAppDemo,GTX000079,441.09,,,,,,,,
PAE000528,revenue_recognized,2026-08-06 03:17:43,APP00110,CAN025,CMP023,JOB045,1.0,,,PAY00079,35.29,INR,,,,,REV00079,35.29,pay_per_application_fee,,,,,
PAE000529,application_started,2026-08-05 15:43:00,APP00111,CAN097,CMP037,JOB075,1.0,,,,,,,,,,,,,,,,,
PAE000530,application_started,2026-08-05 18:20:00,APP00112,CAN073,CMP040,JOB042,1.0,,,,,,,,,,,,,,,,,
PAE000531,application_submitted,2026-08-05 18:33:00,APP00112,CAN073,CMP040,JOB042,1.0,,,,,,,,,,,,,,,,,
PAE000532,application_eligible,2026-08-06 15:33:00,APP00112,CAN073,CMP040,JOB042,1.0,eligible,meets_demo_rules,,,,,,,,,,,,,,,
PAE000533,payment_initiated,2026-08-06 15:35:00,APP00112,CAN073,CMP040,JOB042,1.0,,,PAY00080,593.34,INR,card,PayPerAppDemo,,,,,,,,,,
PAE000534,payment_captured,2026-08-06 15:35:44,APP00112,CAN073,CMP040,JOB042,1.0,,,PAY00080,593.34,INR,,PayPerAppDemo,GTX000080,593.34,,,,,,,,
PAE000535,revenue_recognized,2026-08-06 16:05:44,APP00112,CAN073,CMP040,JOB042,1.0,,,PAY00080,47.47,INR,,,,,REV00080,47.47,pay_per_application_fee,,,,,
PAE000536,application_started,2026-08-05 09:41:00,APP00113,CAN008,CMP024,JOB037,1.0,,,,,,,,,,,,,,,,,
PAE000537,application_submitted,2026-08-05 09:57:00,APP00113,CAN008,CMP024,JOB037,1.0,,,,,,,,,,,,,,,,,
PAE000538,application_eligible,2026-08-06 02:57:00,APP00113,CAN008,CMP024,JOB037,1.0,eligible,meets_demo_rules,,,,,,,,,,,,,,,
PAE000539,payment_initiated,2026-08-06 03:23:00,APP00113,CAN008,CMP024,JOB037,1.0,,,PAY00081,975.41,INR,netbanking,PayPerAppDemo,,,,,,,,,,
PAE000540,payment_captured,2026-08-06 03:24:02,APP00113,CAN008,CMP024,JOB037,1.0,,,PAY00081,975.41,INR,,PayPerAppDemo,GTX000081,975.41,,,,,,,,
PAE000541,revenue_recognized,2026-08-06 04:23:02,APP00113,CAN008,CMP024,JOB037,1.0,,,PAY00081,78.03,INR,,,,,REV00081,78.03,pay_per_application_fee,,,,,
PAE000542,application_started,2026-08-05 17:30:00,APP00114,CAN084,CMP013,JOB042,1.0,,,,,,,,,,,,,,,,,
PAE000543,application_submitted,2026-08-05 17:42:00,APP00114,CAN084,CMP013,JOB042,1.0,,,,,,,,,,,,,,,,,
PAE000544,application_eligible,2026-08-06 04:42:00,APP00114,CAN084,CMP013,JOB042,1.0,eligible,meets_demo_rules,,,,,,,,,,,,,,,
PAE000545,application_started,2026-08-05 08:15:00,APP00115,CAN011,CMP033,JOB023,1.0,,,,,,,,,,,,,,,,,
PAE000546,application_submitted,2026-08-05 09:16:00,APP00115,CAN011,CMP033,JOB023,1.0,,,,,,,,,,,,,,,,,
PAE000547,application_eligible,2026-08-06 05:16:00,APP00115,CAN011,CMP033,JOB023,1.0,eligible,meets_demo_rules,,,,,,,,,,,,,,,
PAE000548,payment_initiated,2026-08-06 05:26:00,APP00115,CAN011,CMP033,JOB023,1.0,,,PAY00082,716.06,INR,card,PayPerAppDemo,,,,,,,,,,
PAE000549,payment_captured,2026-08-06 05:26:48,APP00115,CAN011,CMP033,JOB023,1.0,,,PAY00082,716.06,INR,,PayPerAppDemo,GTX000082,716.06,,,,,,,,
PAE000550,revenue_recognized,2026-08-06 06:10:48,APP00115,CAN011,CMP033,JOB023,1.0,,,PAY00082,57.28,INR,,,,,REV00082,57.28,pay_per_application_fee,,,,,
PAE000551,application_started,2026-08-05 13:06:00,APP00116,CAN081,CMP022,JOB009,1.0,,,,,,,,,,,,,,,,,
PAE000552,application_submitted,2026-08-05 14:00:00,APP00116,CAN081,CMP022,JOB009,1.0,,,,,,,,,,,,,,,,,
PAE000553,application_eligible,2026-08-06 14:00:00,APP00116,CAN081,CMP022,JOB009,1.0,eligible,meets_demo_rules,,,,,,,,,,,,,,,
PAE000554,payment_initiated,2026-08-06 14:20:00,APP00116,CAN081,CMP022,JOB009,1.0,,,PAY00083,1455.51,INR,upi,PayPerAppDemo,,,,,,,,,,
PAE000555,payment_captured,2026-08-06 14:21:19,APP00116,CAN081,CMP022,JOB009,1.0,,,PAY00083,1455.51,INR,,PayPerAppDemo,GTX000083,1455.51,,,,,,,,
PAE000556,revenue_recognized,2026-08-06 15:04:19,APP00116,CAN081,CMP022,JOB009,1.0,,,PAY00083,116.44,INR,,,,,REV00083,116.44,pay_per_application_fee,,,,,
PAE000557,application_started,2026-08-05 10:38:00,APP00117,CAN045,CMP020,JOB051,1.0,,,,,,,,,,,,,,,,,
PAE000558,application_submitted,2026-08-05 10:53:00,APP00117,CAN045,CMP020,JOB051,1.0,,,,,,,,,,,,,,,,,
PAE000559,application_eligible,2026-08-05 23:53:00,APP00117,CAN045,CMP020,JOB051,1.0,eligible,meets_demo_rules,,,,,,,,,,,,,,,
PAE000560,payment_initiated,2026-08-05 23:58:00,APP00117,CAN045,CMP020,JOB051,1.0,,,PAY00084,660.6,INR,netbanking,PayPerAppDemo,,,,,,,,,,
PAE000561,payment_captured,2026-08-05 23:59:39,APP00117,CAN045,CMP020,JOB051,1.0,,,PAY00084,660.6,INR,,PayPerAppDemo,GTX000084,660.6,,,,,,,,
PAE000562,revenue_recognized,2026-08-06 00:43:39,APP00117,CAN045,CMP020,JOB051,1.0,,,PAY00084,52.85,INR,,,,,REV00084,52.85,pay_per_application_fee,,,,,
PAE000563,application_started,2026-08-05 13:01:00,APP00118,CAN012,CMP028,JOB066,1.0,,,,,,,,,,,,,,,,,
PAE000564,application_submitted,2026-08-05 13:29:00,APP00118,CAN012,CMP028,JOB066,1.0,,,,,,,,,,,,,,,,,
PAE000565,application_started,2026-08-05 11:08:00,APP00119,CAN044,CMP032,JOB025,1.0,,,,,,,,,,,,,,,,,
PAE000566,application_submitted,2026-08-05 11:50:00,APP00119,CAN044,CMP032,JOB025,1.0,,,,,,,,,,,,,,,,,
PAE000567,application_started,2026-08-05 16:02:00,APP00120,CAN013,CMP033,JOB070,1.0,,,,,,,,,,,,,,,,,
PAE000568,application_submitted,2026-08-05 17:26:00,APP00120,CAN013,CMP033,JOB070,1.0,,,,,,,,,,,,,,,,,
PAE000569,application_eligible,2026-08-06 06:26:00,APP00120,CAN013,CMP033,JOB070,1.0,eligible,meets_demo_rules,,,,,,,,,,,,,,,
PAE000570,payment_initiated,2026-08-06 06:49:00,APP00120,CAN013,CMP033,JOB070,1.0,,,PAY00085,476.06,INR,netbanking,PayPerAppDemo,,,,,,,,,,
PAE000571,payment_captured,2026-08-06 06:49:26,APP00120,CAN013,CMP033,JOB070,1.0,,,PAY00085,476.06,INR,,PayPerAppDemo,GTX000085,476.06,,,,,,,,
PAE000572,revenue_recognized,2026-08-06 07:36:26,APP00120,CAN013,CMP033,JOB070,1.0,,,PAY00085,38.08,INR,,,,,REV00085,38.08,pay_per_application_fee,,,,,
PAE000573,application_started,2026-08-06 15:39:00,APP00121,CAN053,CMP024,JOB031,1.0,,,,,,,,,,,,,,,,,
PAE000574,application_submitted,2026-08-06 16:41:00,APP00121,CAN053,CMP024,JOB031,1.0,,,,,,,,,,,,,,,,,
PAE000575,application_eligible,2026-08-07 00:41:00,APP00121,CAN053,CMP024,JOB031,1.0,eligible,meets_demo_rules,,,,,,,,,,,,,,,
PAE000576,payment_initiated,2026-08-07 00:57:00,APP00121,CAN053,CMP024,JOB031,1.0,,,PAY00086,1260.78,INR,upi,PayPerAppDemo,,,,,,,,,,
PAE000577,payment_captured,2026-08-07 00:58:18,APP00121,CAN053,CMP024,JOB031,1.0,,,PAY00086,1260.78,INR,,PayPerAppDemo,GTX000086,1260.78,,,,,,,,
PAE000578,revenue_recognized,2026-08-07 01:27:18,APP00121,CAN053,CMP024,JOB031,1.0,,,PAY00086,100.86,INR,,,,,REV00086,100.86,pay_per_application_fee,,,,,
PAE000579,application_started,2026-08-06 16:26:00,APP00122,CAN037,CMP025,JOB065,1.0,,,,,,,,,,,,,,,,,
PAE000580,application_started,2026-08-06 12:03:00,APP00123,CAN026,CMP039,JOB018,1.0,,,,,,,,,,,,,,,,,
PAE000581,application_submitted,2026-08-06 12:55:00,APP00123,CAN026,CMP039,JOB018,1.0,,,,,,,,,,,,,,,,,
PAE000582,application_eligible,2026-08-06 16:55:00,APP00123,CAN026,CMP039,JOB018,1.0,eligible,meets_demo_rules,,,,,,,,,,,,,,,
PAE000583,payment_initiated,2026-08-06 16:59:00,APP00123,CAN026,CMP039,JOB018,1.0,,,PAY00087,894.89,INR,card,PayPerAppDemo,,,,,,,,,,
PAE000584,payment_captured,2026-08-06 16:59:25,APP00123,CAN026,CMP039,JOB018,1.0,,,PAY00087,894.89,INR,,PayPerAppDemo,GTX000087,894.89,,,,,,,,
PAE000585,revenue_recognized,2026-08-06 17:17:25,APP00123,CAN026,CMP039,JOB018,1.0,,,PAY00087,71.59,INR,,,,,REV00087,71.59,pay_per_application_fee,,,,,
PAE000586,application_started,2026-08-06 09:58:00,APP00124,CAN066,CMP010,JOB056,1.0,,,,,,,,,,,,,,,,,
PAE000587,application_submitted,2026-08-06 11:00:00,APP00124,CAN066,CMP010,JOB056,1.0,,,,,,,,,,,,,,,,,
PAE000588,application_started,2026-08-06 14:32:00,APP00125,CAN004,CMP027,JOB007,1.0,,,,,,,,,,,,,,,,,
PAE000589,application_submitted,2026-08-06 15:26:00,APP00125,CAN004,CMP027,JOB007,1.0,,,,,,,,,,,,,,,,,
PAE000590,application_started,2026-08-06 13:59:00,APP00126,CAN048,CMP015,JOB004,1.0,,,,,,,,,,,,,,,,,
PAE000591,application_submitted,2026-08-06 15:27:00,APP00126,CAN048,CMP015,JOB004,1.0,,,,,,,,,,,,,,,,,
PAE000592,application_eligible,2026-08-06 20:27:00,APP00126,CAN048,CMP015,JOB004,1.0,eligible,meets_demo_rules,,,,,,,,,,,,,,,
PAE000593,payment_initiated,2026-08-06 20:54:00,APP00126,CAN048,CMP015,JOB004,1.0,,,PAY00088,608.6,INR,card,PayPerAppDemo,,,,,,,,,,
PAE000594,payment_captured,2026-08-06 20:54:22,APP00126,CAN048,CMP015,JOB004,1.0,,,PAY00088,608.6,INR,,PayPerAppDemo,GTX000088,608.6,,,,,,,,
PAE000595,revenue_recognized,2026-08-06 21:43:22,APP00126,CAN048,CMP015,JOB004,1.0,,,PAY00088,48.69,INR,,,,,REV00088,48.69,pay_per_application_fee,,,,,
PAE000596,application_started,2026-08-06 09:01:00,APP00127,CAN058,CMP040,JOB001,1.0,,,,,,,,,,,,,,,,,
PAE000597,application_submitted,2026-08-06 09:25:00,APP00127,CAN058,CMP040,JOB001,1.0,,,,,,,,,,,,,,,,,
PAE000598,application_eligible,2026-08-07 09:25:00,APP00127,CAN058,CMP040,JOB001,1.0,eligible,meets_demo_rules,,,,,,,,,,,,,,,
PAE000599,payment_initiated,2026-08-07 09:50:00,APP00127,CAN058,CMP040,JOB001,1.0,,,PAY00089,779.07,INR,card,PayPerAppDemo,,,,,,,,,,
PAE000600,payment_captured,2026-08-07 09:50:20,APP00127,CAN058,CMP040,JOB001,1.0,,,PAY00089,779.07,INR,,PayPerAppDemo,GTX000089,779.07,,,,,,,,
PAE000601,revenue_recognized,2026-08-07 09:54:20,APP00127,CAN058,CMP040,JOB001,1.0,,,PAY00089,62.33,INR,,,,,REV00089,62.33,pay_per_application_fee,,,,,
PAE000602,application_started,2026-08-06 09:07:00,APP00128,CAN082,CMP040,JOB059,1.0,,,,,,,,,,,,,,,,,
PAE000603,application_submitted,2026-08-06 10:15:00,APP00128,CAN082,CMP040,JOB059,1.0,,,,,,,,,,,,,,,,,
PAE000604,application_eligible,2026-08-06 11:15:00,APP00128,CAN082,CMP040,JOB059,1.0,eligible,meets_demo_rules,,,,,,,,,,,,,,,
PAE000605,payment_initiated,2026-08-06 11:38:00,APP00128,CAN082,CMP040,JOB059,1.0,,,PAY00090,968.81,INR,upi,PayPerAppDemo,,,,,,,,,,
PAE000606,payment_captured,2026-08-06 11:38:05,APP00128,CAN082,CMP040,JOB059,1.0,,,PAY00090,968.81,INR,,PayPerAppDemo,GTX000090,968.81,,,,,,,,
PAE000607,revenue_recognized,2026-08-06 12:18:05,APP00128,CAN082,CMP040,JOB059,1.0,,,PAY00090,77.5,INR,,,,,REV00090,77.5,pay_per_application_fee,,,,,
PAE000608,application_started,2026-08-06 18:42:00,APP00129,CAN074,CMP027,JOB024,1.0,,,,,,,,,,,,,,,,,
PAE000609,application_submitted,2026-08-06 19:33:00,APP00129,CAN074,CMP027,JOB024,1.0,,,,,,,,,,,,,,,,,
PAE000610,application_eligible,2026-08-07 12:33:00,APP00129,CAN074,CMP027,JOB024,1.0,eligible,meets_demo_rules,,,,,,,,,,,,,,,
PAE000611,payment_initiated,2026-08-07 12:50:00,APP00129,CAN074,CMP027,JOB024,1.0,,,PAY00091,1233.02,INR,netbanking,PayPerAppDemo,,,,,,,,,,
PAE000612,payment_captured,2026-08-07 12:51:56,APP00129,CAN074,CMP027,JOB024,1.0,,,PAY00091,1233.02,INR,,PayPerAppDemo,GTX000091,1233.02,,,,,,,,
PAE000613,revenue_recognized,2026-08-07 13:22:56,APP00129,CAN074,CMP027,JOB024,1.0,,,PAY00091,98.64,INR,,,,,REV00091,98.64,pay_per_application_fee,,,,,
PAE000614,payment_refunded,2026-08-10 13:22:56,APP00129,CAN074,CMP027,JOB024,1.0,,,PAY00091,666.03,INR,,,,,,,,REF00091,666.03,demo_refund,,
PAE000615,application_started,2026-08-06 09:22:00,APP00130,CAN033,CMP002,JOB046,1.0,,,,,,,,,,,,,,,,,
PAE000616,application_submitted,2026-08-06 10:51:00,APP00130,CAN033,CMP002,JOB046,1.0,,,,,,,,,,,,,,,,,
PAE000617,application_eligible,2026-08-07 05:51:00,APP00130,CAN033,CMP002,JOB046,1.0,eligible,meets_demo_rules,,,,,,,,,,,,,,,
PAE000618,payment_initiated,2026-08-07 05:53:00,APP00130,CAN033,CMP002,JOB046,1.0,,,PAY00092,665.65,INR,card,PayPerAppDemo,,,,,,,,,,
PAE000619,payment_captured,2026-08-07 05:54:49,APP00130,CAN033,CMP002,JOB046,1.0,,,PAY00092,665.65,INR,,PayPerAppDemo,GTX000092,665.65,,,,,,,,
PAE000620,revenue_recognized,2026-08-07 06:36:49,APP00130,CAN033,CMP002,JOB046,1.0,,,PAY00092,53.25,INR,,,,,REV00092,53.25,pay_per_application_fee,,,,,
PAE000621,application_started,2026-08-06 18:11:00,APP00131,CAN100,CMP030,JOB062,1.0,,,,,,,,,,,,,,,,,
PAE000622,application_submitted,2026-08-06 18:24:00,APP00131,CAN100,CMP030,JOB062,1.0,,,,,,,,,,,,,,,,,
PAE000623,application_eligible,2026-08-07 09:24:00,APP00131,CAN100,CMP030,JOB062,1.0,eligible,meets_demo_rules,,,,,,,,,,,,,,,
PAE000624,payment_initiated,2026-08-07 09:50:00,APP00131,CAN100,CMP030,JOB062,1.0,,,PAY00093,501.99,INR,upi,PayPerAppDemo,,,,,,,,,,
PAE000625,payment_captured,2026-08-07 09:50:45,APP00131,CAN100,CMP030,JOB062,1.0,,,PAY00093,501.99,INR,,PayPerAppDemo,GTX000093,501.99,,,,,,,,
PAE000626,revenue_recognized,2026-08-07 10:50:45,APP00131,CAN100,CMP030,JOB062,1.0,,,PAY00093,40.16,INR,,,,,REV00093,40.16,pay_per_application_fee,,,,,
PAE000627,application_started,2026-08-06 12:02:00,APP00132,CAN051,CMP035,JOB061,1.0,,,,,,,,,,,,,,,,,
PAE000628,application_submitted,2026-08-06 12:31:00,APP00132,CAN051,CMP035,JOB061,1.0,,,,,,,,,,,,,,,,,
PAE000629,application_eligible,2026-08-06 14:31:00,APP00132,CAN051,CMP035,JOB061,1.0,eligible,meets_demo_rules,,,,,,,,,,,,,,,
PAE000630,payment_initiated,2026-08-06 14:35:00,APP00132,CAN051,CMP035,JOB061,1.0,,,PAY00094,664.91,INR,card,PayPerAppDemo,,,,,,,,,,
PAE000631,payment_captured,2026-08-06 14:35:56,APP00132,CAN051,CMP035,JOB061,1.0,,,PAY00094,664.91,INR,,PayPerAppDemo,GTX000094,664.91,,,,,,,,
PAE000632,revenue_recognized,2026-08-06 15:23:56,APP00132,CAN051,CMP035,JOB061,1.0,,,PAY00094,53.19,INR,,,,,REV00094,53.19,pay_per_application_fee,,,,,
PAE000633,application_started,2026-08-06 15:44:00,APP00133,CAN050,CMP022,JOB024,1.0,,,,,,,,,,,,,,,,,
PAE000634,application_submitted,2026-08-06 16:55:00,APP00133,CAN050,CMP022,JOB024,1.0,,,,,,,,,,,,,,,,,
PAE000635,application_eligible,2026-08-06 19:55:00,APP00133,CAN050,CMP022,JOB024,1.0,eligible,meets_demo_rules,,,,,,,,,,,,,,,
PAE000636,payment_initiated,2026-08-06 20:15:00,APP00133,CAN050,CMP022,JOB024,1.0,,,PAY00095,348.66,INR,upi,PayPerAppDemo,,,,,,,,,,
PAE000637,payment_captured,2026-08-06 20:15:46,APP00133,CAN050,CMP022,JOB024,1.0,,,PAY00095,348.66,INR,,PayPerAppDemo,GTX000095,348.66,,,,,,,,
PAE000638,revenue_recognized,2026-08-06 20:22:46,APP00133,CAN050,CMP022,JOB024,1.0,,,PAY00095,27.89,INR,,,,,REV00095,27.89,pay_per_application_fee,,,,,
PAE000639,application_started,2026-08-06 15:38:00,APP00134,CAN085,CMP019,JOB040,1.0,,,,,,,,,,,,,,,,,
PAE000640,application_submitted,2026-08-06 16:04:00,APP00134,CAN085,CMP019,JOB040,1.0,,,,,,,,,,,,,,,,,
PAE000641,application_eligible,2026-08-07 04:04:00,APP00134,CAN085,CMP019,JOB040,1.0,eligible,meets_demo_rules,,,,,,,,,,,,,,,
PAE000642,payment_initiated,2026-08-07 04:34:00,APP00134,CAN085,CMP019,JOB040,1.0,,,PAY00096,1158.52,INR,card,PayPerAppDemo,,,,,,,,,,
PAE000643,payment_captured,2026-08-07 04:35:00,APP00134,CAN085,CMP019,JOB040,1.0,,,PAY00096,1158.52,INR,,PayPerAppDemo,GTX000096,1158.52,,,,,,,,
PAE000644,revenue_recognized,2026-08-07 04:53:00,APP00134,CAN085,CMP019,JOB040,1.0,,,PAY00096,92.68,INR,,,,,REV00096,92.68,pay_per_application_fee,,,,,
PAE000645,application_started,2026-08-06 13:32:00,APP00135,CAN008,CMP005,JOB052,1.0,,,,,,,,,,,,,,,,,
PAE000646,application_submitted,2026-08-06 13:57:00,APP00135,CAN008,CMP005,JOB052,1.0,,,,,,,,,,,,,,,,,
PAE000647,application_started,2026-08-06 08:08:00,APP00136,CAN019,CMP039,JOB057,1.0,,,,,,,,,,,,,,,,,
PAE000648,application_submitted,2026-08-06 09:35:00,APP00136,CAN019,CMP039,JOB057,1.0,,,,,,,,,,,,,,,,,
PAE000649,application_eligible,2026-08-06 22:35:00,APP00136,CAN019,CMP039,JOB057,1.0,eligible,meets_demo_rules,,,,,,,,,,,,,,,
PAE000650,application_started,2026-08-06 18:28:00,APP00137,CAN005,CMP039,JOB020,1.0,,,,,,,,,,,,,,,,,
PAE000651,application_started,2026-08-06 17:08:00,APP00138,CAN048,CMP029,JOB010,1.0,,,,,,,,,,,,,,,,,
PAE000652,application_submitted,2026-08-06 18:03:00,APP00138,CAN048,CMP029,JOB010,1.0,,,,,,,,,,,,,,,,,
PAE000653,application_eligible,2026-08-07 03:03:00,APP00138,CAN048,CMP029,JOB010,1.0,eligible,meets_demo_rules,,,,,,,,,,,,,,,
PAE000654,payment_initiated,2026-08-07 03:27:00,APP00138,CAN048,CMP029,JOB010,1.0,,,PAY00097,391.81,INR,upi,PayPerAppDemo,,,,,,,,,,
PAE000655,payment_captured,2026-08-07 03:27:54,APP00138,CAN048,CMP029,JOB010,1.0,,,PAY00097,391.81,INR,,PayPerAppDemo,GTX000097,391.81,,,,,,,,
PAE000656,revenue_recognized,2026-08-07 04:26:54,APP00138,CAN048,CMP029,JOB010,1.0,,,PAY00097,31.34,INR,,,,,REV00097,31.34,pay_per_application_fee,,,,,
PAE000657,application_started,2026-08-06 11:39:00,APP00139,CAN034,CMP017,JOB058,1.0,,,,,,,,,,,,,,,,,
PAE000658,application_submitted,2026-08-06 12:46:00,APP00139,CAN034,CMP017,JOB058,1.0,,,,,,,,,,,,,,,,,
PAE000659,application_eligible,2026-08-06 17:46:00,APP00139,CAN034,CMP017,JOB058,1.0,eligible,meets_demo_rules,,,,,,,,,,,,,,,
PAE000660,payment_initiated,2026-08-06 18:15:00,APP00139,CAN034,CMP017,JOB058,1.0,,,PAY00098,815.05,INR,netbanking,PayPerAppDemo,,,,,,,,,,
PAE000661,payment_captured,2026-08-06 18:15:16,APP00139,CAN034,CMP017,JOB058,1.0,,,PAY00098,815.05,INR,,PayPerAppDemo,GTX000098,815.05,,,,,,,,
PAE000662,revenue_recognized,2026-08-06 19:07:16,APP00139,CAN034,CMP017,JOB058,1.0,,,PAY00098,65.2,INR,,,,,REV00098,65.2,pay_per_application_fee,,,,,
PAE000663,application_started,2026-08-06 16:34:00,APP00140,CAN041,CMP023,JOB009,1.0,,,,,,,,,,,,,,,,,
PAE000664,application_submitted,2026-08-06 17:17:00,APP00140,CAN041,CMP023,JOB009,1.0,,,,,,,,,,,,,,,,,
PAE000665,application_started,2026-08-06 16:14:00,APP00141,CAN092,CMP012,JOB047,1.0,,,,,,,,,,,,,,,,,
PAE000666,application_submitted,2026-08-06 16:44:00,APP00141,CAN092,CMP012,JOB047,1.0,,,,,,,,,,,,,,,,,
PAE000667,application_eligible,2026-08-07 00:44:00,APP00141,CAN092,CMP012,JOB047,1.0,eligible,meets_demo_rules,,,,,,,,,,,,,,,
PAE000668,payment_initiated,2026-08-07 01:02:00,APP00141,CAN092,CMP012,JOB047,1.0,,,PAY00099,282.86,INR,netbanking,PayPerAppDemo,,,,,,,,,,
PAE000669,payment_captured,2026-08-07 01:03:47,APP00141,CAN092,CMP012,JOB047,1.0,,,PAY00099,282.86,INR,,PayPerAppDemo,GTX000099,282.86,,,,,,,,
PAE000670,revenue_recognized,2026-08-07 01:39:47,APP00141,CAN092,CMP012,JOB047,1.0,,,PAY00099,22.63,INR,,,,,REV00099,22.63,pay_per_application_fee,,,,,
PAE000671,application_started,2026-08-06 14:45:00,APP00142,CAN012,CMP005,JOB040,1.0,,,,,,,,,,,,,,,,,
PAE000672,application_submitted,2026-08-06 15:57:00,APP00142,CAN012,CMP005,JOB040,1.0,,,,,,,,,,,,,,,,,
PAE000673,application_eligible,2026-08-07 05:57:00,APP00142,CAN012,CMP005,JOB040,1.0,eligible,meets_demo_rules,,,,,,,,,,,,,,,
PAE000674,payment_initiated,2026-08-07 06:08:00,APP00142,CAN012,CMP005,JOB040,1.0,,,PAY00100,342.19,INR,netbanking,PayPerAppDemo,,,,,,,,,,
PAE000675,payment_captured,2026-08-07 06:09:04,APP00142,CAN012,CMP005,JOB040,1.0,,,PAY00100,342.19,INR,,PayPerAppDemo,GTX000100,342.19,,,,,,,,
PAE000676,revenue_recognized,2026-08-07 06:53:04,APP00142,CAN012,CMP005,JOB040,1.0,,,PAY00100,27.38,INR,,,,,REV00100,27.38,pay_per_application_fee,,,,,
PAE000677,application_started,2026-08-06 10:49:00,APP00143,CAN017,CMP036,JOB076,1.0,,,,,,,,,,,,,,,,,
PAE000678,application_started,2026-08-06 09:33:00,APP00144,CAN056,CMP033,JOB008,1.0,,,,,,,,,,,,,,,,,
PAE000679,application_submitted,2026-08-06 09:59:00,APP00144,CAN056,CMP033,JOB008,1.0,,,,,,,,,,,,,,,,,
PAE000680,application_eligible,2026-08-07 08:59:00,APP00144,CAN056,CMP033,JOB008,1.0,eligible,meets_demo_rules,,,,,,,,,,,,,,,
PAE000681,payment_initiated,2026-08-07 09:16:00,APP00144,CAN056,CMP033,JOB008,1.0,,,PAY00101,1434.35,INR,card,PayPerAppDemo,,,,,,,,,,
PAE000682,payment_captured,2026-08-07 09:16:37,APP00144,CAN056,CMP033,JOB008,1.0,,,PAY00101,1434.35,INR,,PayPerAppDemo,GTX000101,1434.35,,,,,,,,
PAE000683,revenue_recognized,2026-08-07 09:29:37,APP00144,CAN056,CMP033,JOB008,1.0,,,PAY00101,114.75,INR,,,,,REV00101,114.75,pay_per_application_fee,,,,,
PAE000684,application_started,2026-08-07 18:19:00,APP00145,CAN071,CMP018,JOB017,1.0,,,,,,,,,,,,,,,,,
PAE000685,application_submitted,2026-08-07 18:35:00,APP00145,CAN071,CMP018,JOB017,1.0,,,,,,,,,,,,,,,,,
PAE000686,application_eligible,2026-08-08 00:35:00,APP00145,CAN071,CMP018,JOB017,1.0,eligible,meets_demo_rules,,,,,,,,,,,,,,,
PAE000687,payment_initiated,2026-08-08 00:41:00,APP00145,CAN071,CMP018,JOB017,1.0,,,PAY00102,975.81,INR,netbanking,PayPerAppDemo,,,,,,,,,,
PAE000688,payment_captured,2026-08-08 00:43:00,APP00145,CAN071,CMP018,JOB017,1.0,,,PAY00102,975.81,INR,,PayPerAppDemo,GTX000102,975.81,,,,,,,,
PAE000689,revenue_recognized,2026-08-08 01:22:00,APP00145,CAN071,CMP018,JOB017,1.0,,,PAY00102,78.06,INR,,,,,REV00102,78.06,pay_per_application_fee,,,,,
PAE000690,application_started,2026-08-07 09:02:00,APP00146,CAN073,CMP003,JOB004,1.0,,,,,,,,,,,,,,,,,
PAE000691,application_started,2026-08-07 18:13:00,APP00147,CAN099,CMP037,JOB034,1.0,,,,,,,,,,,,,,,,,
PAE000692,application_submitted,2026-08-07 19:11:00,APP00147,CAN099,CMP037,JOB034,1.0,,,,,,,,,,,,,,,,,
PAE000693,application_eligible,2026-08-07 20:11:00,APP00147,CAN099,CMP037,JOB034,1.0,eligible,meets_demo_rules,,,,,,,,,,,,,,,
PAE000694,payment_initiated,2026-08-07 20:21:00,APP00147,CAN099,CMP037,JOB034,1.0,,,PAY00103,1033.96,INR,netbanking,PayPerAppDemo,,,,,,,,,,
PAE000695,payment_failed,2026-08-07 20:22:06,APP00147,CAN099,CMP037,JOB034,1.0,,,PAY00103,1033.96,INR,,,,,,,,,,,DECLINED,demo_payment_failure
PAE000696,application_started,2026-08-07 15:04:00,APP00148,CAN088,CMP026,JOB039,1.0,,,,,,,,,,,,,,,,,
PAE000697,application_submitted,2026-08-07 15:29:00,APP00148,CAN088,CMP026,JOB039,1.0,,,,,,,,,,,,,,,,,
PAE000698,application_eligible,2026-08-08 07:29:00,APP00148,CAN088,CMP026,JOB039,1.0,eligible,meets_demo_rules,,,,,,,,,,,,,,,
PAE000699,payment_initiated,2026-08-08 07:34:00,APP00148,CAN088,CMP026,JOB039,1.0,,,PAY00104,675.24,INR,card,PayPerAppDemo,,,,,,,,,,
PAE000700,payment_captured,2026-08-08 07:34:45,APP00148,CAN088,CMP026,JOB039,1.0,,,PAY00104,675.24,INR,,PayPerAppDemo,GTX000104,675.24,,,,,,,,
PAE000701,revenue_recognized,2026-08-08 08:21:45,APP00148,CAN088,CMP026,JOB039,1.0,,,PAY00104,54.02,INR,,,,,REV00104,54.02,pay_per_application_fee,,,,,
PAE000702,application_started,2026-08-07 13:32:00,APP00149,CAN045,CMP026,JOB017,1.0,,,,,,,,,,,,,,,,,
PAE000703,application_submitted,2026-08-07 14:17:00,APP00149,CAN045,CMP026,JOB017,1.0,,,,,,,,,,,,,,,,,
PAE000704,application_eligible,2026-08-07 18:17:00,APP00149,CAN045,CMP026,JOB017,1.0,eligible,meets_demo_rules,,,,,,,,,,,,,,,
PAE000705,payment_initiated,2026-08-07 18:21:00,APP00149,CAN045,CMP026,JOB017,1.0,,,PAY00105,559.9,INR,upi,PayPerAppDemo,,,,,,,,,,
PAE000706,payment_captured,2026-08-07 18:21:54,APP00149,CAN045,CMP026,JOB017,1.0,,,PAY00105,559.9,INR,,PayPerAppDemo,GTX000105,559.9,,,,,,,,
PAE000707,revenue_recognized,2026-08-07 19:17:54,APP00149,CAN045,CMP026,JOB017,1.0,,,PAY00105,44.79,INR,,,,,REV00105,44.79,pay_per_application_fee,,,,,
PAE000708,application_started,2026-08-07 17:46:00,APP00150,CAN032,CMP011,JOB042,1.0,,,,,,,,,,,,,,,,,
PAE000709,application_submitted,2026-08-07 18:11:00,APP00150,CAN032,CMP011,JOB042,1.0,,,,,,,,,,,,,,,,,
PAE000710,application_eligible,2026-08-08 11:11:00,APP00150,CAN032,CMP011,JOB042,1.0,eligible,meets_demo_rules,,,,,,,,,,,,,,,
PAE000711,payment_initiated,2026-08-08 11:27:00,APP00150,CAN032,CMP011,JOB042,1.0,,,PAY00106,1348.84,INR,upi,PayPerAppDemo,,,,,,,,,,
PAE000712,payment_captured,2026-08-08 11:27:55,APP00150,CAN032,CMP011,JOB042,1.0,,,PAY00106,1348.84,INR,,PayPerAppDemo,GTX000106,1348.84,,,,,,,,
PAE000713,revenue_recognized,2026-08-08 12:00:55,APP00150,CAN032,CMP011,JOB042,1.0,,,PAY00106,107.91,INR,,,,,REV00106,107.91,pay_per_application_fee,,,,,
PAE000714,application_started,2026-08-07 13:03:00,APP00151,CAN031,CMP014,JOB075,1.0,,,,,,,,,,,,,,,,,
PAE000715,application_submitted,2026-08-07 14:11:00,APP00151,CAN031,CMP014,JOB075,1.0,,,,,,,,,,,,,,,,,
PAE000716,application_eligible,2026-08-08 11:11:00,APP00151,CAN031,CMP014,JOB075,1.0,eligible,meets_demo_rules,,,,,,,,,,,,,,,
PAE000717,payment_initiated,2026-08-08 11:12:00,APP00151,CAN031,CMP014,JOB075,1.0,,,PAY00107,607.19,INR,upi,PayPerAppDemo,,,,,,,,,,
PAE000718,payment_captured,2026-08-08 11:13:57,APP00151,CAN031,CMP014,JOB075,1.0,,,PAY00107,607.19,INR,,PayPerAppDemo,GTX000107,607.19,,,,,,,,
PAE000719,revenue_recognized,2026-08-08 11:30:57,APP00151,CAN031,CMP014,JOB075,1.0,,,PAY00107,48.58,INR,,,,,REV00107,48.58,pay_per_application_fee,,,,,
PAE000720,application_started,2026-08-07 08:25:00,APP00152,CAN098,CMP026,JOB047,1.0,,,,,,,,,,,,,,,,,
PAE000721,application_submitted,2026-08-07 09:41:00,APP00152,CAN098,CMP026,JOB047,1.0,,,,,,,,,,,,,,,,,
PAE000722,application_eligible,2026-08-08 03:41:00,APP00152,CAN098,CMP026,JOB047,1.0,eligible,meets_demo_rules,,,,,,,,,,,,,,,
PAE000723,payment_initiated,2026-08-08 03:56:00,APP00152,CAN098,CMP026,JOB047,1.0,,,PAY00108,732.94,INR,netbanking,PayPerAppDemo,,,,,,,,,,
PAE000724,payment_captured,2026-08-08 03:57:24,APP00152,CAN098,CMP026,JOB047,1.0,,,PAY00108,732.94,INR,,PayPerAppDemo,GTX000108,732.94,,,,,,,,
PAE000725,revenue_recognized,2026-08-08 04:41:24,APP00152,CAN098,CMP026,JOB047,1.0,,,PAY00108,58.64,INR,,,,,REV00108,58.64,pay_per_application_fee,,,,,
PAE000726,application_started,2026-08-07 13:50:00,APP00153,CAN017,CMP007,JOB051,1.0,,,,,,,,,,,,,,,,,
PAE000727,application_started,2026-08-07 11:38:00,APP00154,CAN072,CMP024,JOB019,1.0,,,,,,,,,,,,,,,,,
PAE000728,application_submitted,2026-08-07 12:47:00,APP00154,CAN072,CMP024,JOB019,1.0,,,,,,,,,,,,,,,,,
PAE000729,application_eligible,2026-08-07 14:47:00,APP00154,CAN072,CMP024,JOB019,1.0,eligible,meets_demo_rules,,,,,,,,,,,,,,,
PAE000730,payment_initiated,2026-08-07 15:03:00,APP00154,CAN072,CMP024,JOB019,1.0,,,PAY00109,666.3,INR,netbanking,PayPerAppDemo,,,,,,,,,,
PAE000731,payment_captured,2026-08-07 15:04:22,APP00154,CAN072,CMP024,JOB019,1.0,,,PAY00109,666.3,INR,,PayPerAppDemo,GTX000109,666.3,,,,,,,,
PAE000732,revenue_recognized,2026-08-07 16:02:22,APP00154,CAN072,CMP024,JOB019,1.0,,,PAY00109,53.3,INR,,,,,REV00109,53.3,pay_per_application_fee,,,,,
PAE000733,application_started,2026-08-07 10:25:00,APP00155,CAN042,CMP040,JOB041,1.0,,,,,,,,,,,,,,,,,
PAE000734,application_started,2026-08-07 13:32:00,APP00156,CAN095,CMP020,JOB076,1.0,,,,,,,,,,,,,,,,,
PAE000735,application_submitted,2026-08-07 14:45:00,APP00156,CAN095,CMP020,JOB076,1.0,,,,,,,,,,,,,,,,,
PAE000736,application_eligible,2026-08-08 09:45:00,APP00156,CAN095,CMP020,JOB076,1.0,eligible,meets_demo_rules,,,,,,,,,,,,,,,
PAE000737,payment_initiated,2026-08-08 09:57:00,APP00156,CAN095,CMP020,JOB076,1.0,,,PAY00110,1269.69,INR,card,PayPerAppDemo,,,,,,,,,,
PAE000738,payment_captured,2026-08-08 09:57:58,APP00156,CAN095,CMP020,JOB076,1.0,,,PAY00110,1269.69,INR,,PayPerAppDemo,GTX000110,1269.69,,,,,,,,
PAE000739,revenue_recognized,2026-08-08 10:35:58,APP00156,CAN095,CMP020,JOB076,1.0,,,PAY00110,101.58,INR,,,,,REV00110,101.58,pay_per_application_fee,,,,,
PAE000740,application_started,2026-08-07 15:16:00,APP00157,CAN093,CMP002,JOB077,1.0,,,,,,,,,,,,,,,,,
PAE000741,application_started,2026-08-07 11:46:00,APP00158,CAN100,CMP038,JOB074,1.0,,,,,,,,,,,,,,,,,
PAE000742,application_submitted,2026-08-07 12:52:00,APP00158,CAN100,CMP038,JOB074,1.0,,,,,,,,,,,,,,,,,
PAE000743,application_eligible,2026-08-08 09:52:00,APP00158,CAN100,CMP038,JOB074,1.0,eligible,meets_demo_rules,,,,,,,,,,,,,,,
PAE000744,payment_initiated,2026-08-08 10:05:00,APP00158,CAN100,CMP038,JOB074,1.0,,,PAY00111,1218.26,INR,upi,PayPerAppDemo,,,,,,,,,,
PAE000745,payment_captured,2026-08-08 10:05:36,APP00158,CAN100,CMP038,JOB074,1.0,,,PAY00111,1218.26,INR,,PayPerAppDemo,GTX000111,1218.26,,,,,,,,
PAE000746,revenue_recognized,2026-08-08 10:08:36,APP00158,CAN100,CMP038,JOB074,1.0,,,PAY00111,97.46,INR,,,,,REV00111,97.46,pay_per_application_fee,,,,,
PAE000747,application_started,2026-08-07 08:28:00,APP00159,CAN090,CMP008,JOB025,1.0,,,,,,,,,,,,,,,,,
PAE000748,application_submitted,2026-08-07 08:52:00,APP00159,CAN090,CMP008,JOB025,1.0,,,,,,,,,,,,,,,,,
PAE000749,application_eligible,2026-08-07 15:52:00,APP00159,CAN090,CMP008,JOB025,1.0,eligible,meets_demo_rules,,,,,,,,,,,,,,,
PAE000750,payment_initiated,2026-08-07 16:22:00,APP00159,CAN090,CMP008,JOB025,1.0,,,PAY00112,1218.72,INR,card,PayPerAppDemo,,,,,,,,,,
PAE000751,payment_captured,2026-08-07 16:23:39,APP00159,CAN090,CMP008,JOB025,1.0,,,PAY00112,1218.72,INR,,PayPerAppDemo,GTX000112,1218.72,,,,,,,,
PAE000752,revenue_recognized,2026-08-07 17:10:39,APP00159,CAN090,CMP008,JOB025,1.0,,,PAY00112,97.5,INR,,,,,REV00112,97.5,pay_per_application_fee,,,,,
PAE000753,application_started,2026-08-07 16:20:00,APP00160,CAN018,CMP034,JOB027,1.0,,,,,,,,,,,,,,,,,
PAE000754,application_started,2026-08-07 13:11:00,APP00161,CAN062,CMP034,JOB049,1.0,,,,,,,,,,,,,,,,,
PAE000755,application_submitted,2026-08-07 14:24:00,APP00161,CAN062,CMP034,JOB049,1.0,,,,,,,,,,,,,,,,,
PAE000756,application_eligible,2026-08-08 02:24:00,APP00161,CAN062,CMP034,JOB049,1.0,eligible,meets_demo_rules,,,,,,,,,,,,,,,
PAE000757,payment_initiated,2026-08-08 02:46:00,APP00161,CAN062,CMP034,JOB049,1.0,,,PAY00113,1334.57,INR,netbanking,PayPerAppDemo,,,,,,,,,,
PAE000758,payment_captured,2026-08-08 02:46:38,APP00161,CAN062,CMP034,JOB049,1.0,,,PAY00113,1334.57,INR,,PayPerAppDemo,GTX000113,1334.57,,,,,,,,
PAE000759,revenue_recognized,2026-08-08 03:26:38,APP00161,CAN062,CMP034,JOB049,1.0,,,PAY00113,106.77,INR,,,,,REV00113,106.77,pay_per_application_fee,,,,,
PAE000760,application_started,2026-08-07 12:14:00,APP00162,CAN032,CMP018,JOB072,1.0,,,,,,,,,,,,,,,,,
PAE000761,application_started,2026-08-07 15:20:00,APP00163,CAN039,CMP019,JOB027,1.0,,,,,,,,,,,,,,,,,
PAE000762,application_submitted,2026-08-07 16:36:00,APP00163,CAN039,CMP019,JOB027,1.0,,,,,,,,,,,,,,,,,
PAE000763,application_started,2026-08-07 09:36:00,APP00164,CAN093,CMP018,JOB037,1.0,,,,,,,,,,,,,,,,,
PAE000764,application_submitted,2026-08-07 10:29:00,APP00164,CAN093,CMP018,JOB037,1.0,,,,,,,,,,,,,,,,,
PAE000765,application_started,2026-08-07 12:02:00,APP00165,CAN051,CMP023,JOB019,1.0,,,,,,,,,,,,,,,,,
PAE000766,application_submitted,2026-08-07 12:17:00,APP00165,CAN051,CMP023,JOB019,1.0,,,,,,,,,,,,,,,,,
PAE000767,application_eligible,2026-08-08 03:17:00,APP00165,CAN051,CMP023,JOB019,1.0,eligible,meets_demo_rules,,,,,,,,,,,,,,,
PAE000768,payment_initiated,2026-08-08 03:24:00,APP00165,CAN051,CMP023,JOB019,1.0,,,PAY00114,1184.17,INR,upi,PayPerAppDemo,,,,,,,,,,
PAE000769,payment_captured,2026-08-08 03:24:39,APP00165,CAN051,CMP023,JOB019,1.0,,,PAY00114,1184.17,INR,,PayPerAppDemo,GTX000114,1184.17,,,,,,,,
PAE000770,revenue_recognized,2026-08-08 04:24:39,APP00165,CAN051,CMP023,JOB019,1.0,,,PAY00114,94.73,INR,,,,,REV00114,94.73,pay_per_application_fee,,,,,
PAE000771,application_started,2026-08-07 17:47:00,APP00166,CAN035,CMP009,JOB014,1.0,,,,,,,,,,,,,,,,,
PAE000772,application_submitted,2026-08-07 18:23:00,APP00166,CAN035,CMP009,JOB014,1.0,,,,,,,,,,,,,,,,,
PAE000773,application_eligible,2026-08-08 11:23:00,APP00166,CAN035,CMP009,JOB014,1.0,eligible,meets_demo_rules,,,,,,,,,,,,,,,
PAE000774,payment_initiated,2026-08-08 11:27:00,APP00166,CAN035,CMP009,JOB014,1.0,,,PAY00115,541.05,INR,card,PayPerAppDemo,,,,,,,,,,
PAE000775,payment_captured,2026-08-08 11:28:05,APP00166,CAN035,CMP009,JOB014,1.0,,,PAY00115,541.05,INR,,PayPerAppDemo,GTX000115,541.05,,,,,,,,
PAE000776,revenue_recognized,2026-08-08 11:35:05,APP00166,CAN035,CMP009,JOB014,1.0,,,PAY00115,43.28,INR,,,,,REV00115,43.28,pay_per_application_fee,,,,,
PAE000777,application_started,2026-08-07 10:26:00,APP00167,CAN018,CMP001,JOB071,1.0,,,,,,,,,,,,,,,,,
PAE000778,application_submitted,2026-08-07 11:31:00,APP00167,CAN018,CMP001,JOB071,1.0,,,,,,,,,,,,,,,,,
PAE000779,application_eligible,2026-08-07 18:31:00,APP00167,CAN018,CMP001,JOB071,1.0,eligible,meets_demo_rules,,,,,,,,,,,,,,,
PAE000780,payment_initiated,2026-08-07 18:41:00,APP00167,CAN018,CMP001,JOB071,1.0,,,PAY00116,609.06,INR,netbanking,PayPerAppDemo,,,,,,,,,,
PAE000781,payment_captured,2026-08-07 18:42:43,APP00167,CAN018,CMP001,JOB071,1.0,,,PAY00116,609.06,INR,,PayPerAppDemo,GTX000116,609.06,,,,,,,,
PAE000782,revenue_recognized,2026-08-07 18:48:43,APP00167,CAN018,CMP001,JOB071,1.0,,,PAY00116,48.72,INR,,,,,REV00116,48.72,pay_per_application_fee,,,,,
PAE000783,application_started,2026-08-07 10:26:00,APP00168,CAN030,CMP035,JOB005,1.0,,,,,,,,,,,,,,,,,
PAE000784,application_started,2026-08-08 15:11:00,APP00169,CAN023,CMP003,JOB051,1.0,,,,,,,,,,,,,,,,,
PAE000785,application_started,2026-08-08 12:36:00,APP00170,CAN038,CMP003,JOB002,1.0,,,,,,,,,,,,,,,,,
PAE000786,application_submitted,2026-08-08 13:23:00,APP00170,CAN038,CMP003,JOB002,1.0,,,,,,,,,,,,,,,,,
PAE000787,application_eligible,2026-08-09 10:23:00,APP00170,CAN038,CMP003,JOB002,1.0,eligible,meets_demo_rules,,,,,,,,,,,,,,,
PAE000788,payment_initiated,2026-08-09 10:28:00,APP00170,CAN038,CMP003,JOB002,1.0,,,PAY00117,867.39,INR,netbanking,PayPerAppDemo,,,,,,,,,,
PAE000789,payment_captured,2026-08-09 10:28:29,APP00170,CAN038,CMP003,JOB002,1.0,,,PAY00117,867.39,INR,,PayPerAppDemo,GTX000117,867.39,,,,,,,,
PAE000790,revenue_recognized,2026-08-09 11:20:29,APP00170,CAN038,CMP003,JOB002,1.0,,,PAY00117,69.39,INR,,,,,REV00117,69.39,pay_per_application_fee,,,,,
PAE000791,application_started,2026-08-08 10:00:00,APP00171,CAN021,CMP030,JOB033,1.0,,,,,,,,,,,,,,,,,
PAE000792,application_submitted,2026-08-08 10:42:00,APP00171,CAN021,CMP030,JOB033,1.0,,,,,,,,,,,,,,,,,
PAE000793,application_eligible,2026-08-08 17:42:00,APP00171,CAN021,CMP030,JOB033,1.0,eligible,meets_demo_rules,,,,,,,,,,,,,,,
PAE000794,payment_initiated,2026-08-08 18:11:00,APP00171,CAN021,CMP030,JOB033,1.0,,,PAY00118,1320.18,INR,card,PayPerAppDemo,,,,,,,,,,
PAE000795,payment_captured,2026-08-08 18:12:10,APP00171,CAN021,CMP030,JOB033,1.0,,,PAY00118,1320.18,INR,,PayPerAppDemo,GTX000118,1320.18,,,,,,,,
PAE000796,revenue_recognized,2026-08-08 18:33:10,APP00171,CAN021,CMP030,JOB033,1.0,,,PAY00118,105.61,INR,,,,,REV00118,105.61,pay_per_application_fee,,,,,
PAE000797,application_started,2026-08-08 10:30:00,APP00172,CAN086,CMP007,JOB024,1.0,,,,,,,,,,,,,,,,,
PAE000798,application_submitted,2026-08-08 11:06:00,APP00172,CAN086,CMP007,JOB024,1.0,,,,,,,,,,,,,,,,,
PAE000799,application_eligible,2026-08-09 00:06:00,APP00172,CAN086,CMP007,JOB024,1.0,eligible,meets_demo_rules,,,,,,,,,,,,,,,
PAE000800,payment_initiated,2026-08-09 00:17:00,APP00172,CAN086,CMP007,JOB024,1.0,,,PAY00119,1192.2,INR,card,PayPerAppDemo,,,,,,,,,,
PAE000801,payment_captured,2026-08-09 00:18:18,APP00172,CAN086,CMP007,JOB024,1.0,,,PAY00119,1192.2,INR,,PayPerAppDemo,GTX000119,1192.2,,,,,,,,
PAE000802,revenue_recognized,2026-08-09 00:19:18,APP00172,CAN086,CMP007,JOB024,1.0,,,PAY00119,95.38,INR,,,,,REV00119,95.38,pay_per_application_fee,,,,,
PAE000803,application_started,2026-08-08 18:07:00,APP00173,CAN047,CMP016,JOB008,1.0,,,,,,,,,,,,,,,,,
PAE000804,application_submitted,2026-08-08 18:32:00,APP00173,CAN047,CMP016,JOB008,1.0,,,,,,,,,,,,,,,,,
PAE000805,application_eligible,2026-08-09 11:32:00,APP00173,CAN047,CMP016,JOB008,1.0,eligible,meets_demo_rules,,,,,,,,,,,,,,,
PAE000806,application_started,2026-08-08 18:58:00,APP00174,CAN091,CMP020,JOB016,1.0,,,,,,,,,,,,,,,,,
PAE000807,application_started,2026-08-08 11:08:00,APP00175,CAN048,CMP040,JOB029,1.0,,,,,,,,,,,,,,,,,
PAE000808,application_submitted,2026-08-08 12:11:00,APP00175,CAN048,CMP040,JOB029,1.0,,,,,,,,,,,,,,,,,
PAE000809,application_eligible,2026-08-09 08:11:00,APP00175,CAN048,CMP040,JOB029,1.0,eligible,meets_demo_rules,,,,,,,,,,,,,,,
PAE000810,payment_initiated,2026-08-09 08:41:00,APP00175,CAN048,CMP040,JOB029,1.0,,,PAY00120,1127.43,INR,card,PayPerAppDemo,,,,,,,,,,
PAE000811,payment_captured,2026-08-09 08:42:47,APP00175,CAN048,CMP040,JOB029,1.0,,,PAY00120,1127.43,INR,,PayPerAppDemo,GTX000120,1127.43,,,,,,,,
PAE000812,revenue_recognized,2026-08-09 09:25:47,APP00175,CAN048,CMP040,JOB029,1.0,,,PAY00120,90.19,INR,,,,,REV00120,90.19,pay_per_application_fee,,,,,
PAE000813,application_started,2026-08-08 09:33:00,APP00176,CAN098,CMP016,JOB077,1.0,,,,,,,,,,,,,,,,,
PAE000814,application_submitted,2026-08-08 10:24:00,APP00176,CAN098,CMP016,JOB077,1.0,,,,,,,,,,,,,,,,,
PAE000815,application_eligible,2026-08-09 05:24:00,APP00176,CAN098,CMP016,JOB077,1.0,eligible,meets_demo_rules,,,,,,,,,,,,,,,
PAE000816,payment_initiated,2026-08-09 05:53:00,APP00176,CAN098,CMP016,JOB077,1.0,,,PAY00121,1285.97,INR,netbanking,PayPerAppDemo,,,,,,,,,,
PAE000817,payment_captured,2026-08-09 05:54:13,APP00176,CAN098,CMP016,JOB077,1.0,,,PAY00121,1285.97,INR,,PayPerAppDemo,GTX000121,1285.97,,,,,,,,
PAE000818,revenue_recognized,2026-08-09 06:04:13,APP00176,CAN098,CMP016,JOB077,1.0,,,PAY00121,102.88,INR,,,,,REV00121,102.88,pay_per_application_fee,,,,,
PAE000819,application_started,2026-08-08 18:13:00,APP00177,CAN067,CMP029,JOB015,1.0,,,,,,,,,,,,,,,,,
PAE000820,application_submitted,2026-08-08 19:20:00,APP00177,CAN067,CMP029,JOB015,1.0,,,,,,,,,,,,,,,,,
PAE000821,application_eligible,2026-08-09 12:20:00,APP00177,CAN067,CMP029,JOB015,1.0,eligible,meets_demo_rules,,,,,,,,,,,,,,,
PAE000822,payment_initiated,2026-08-09 12:25:00,APP00177,CAN067,CMP029,JOB015,1.0,,,PAY00122,319.54,INR,netbanking,PayPerAppDemo,,,,,,,,,,
PAE000823,payment_captured,2026-08-09 12:26:17,APP00177,CAN067,CMP029,JOB015,1.0,,,PAY00122,319.54,INR,,PayPerAppDemo,GTX000122,319.54,,,,,,,,
PAE000824,revenue_recognized,2026-08-09 12:30:17,APP00177,CAN067,CMP029,JOB015,1.0,,,PAY00122,25.56,INR,,,,,REV00122,25.56,pay_per_application_fee,,,,,
PAE000825,application_started,2026-08-08 14:16:00,APP00178,CAN087,CMP020,JOB003,1.0,,,,,,,,,,,,,,,,,
PAE000826,application_submitted,2026-08-08 14:48:00,APP00178,CAN087,CMP020,JOB003,1.0,,,,,,,,,,,,,,,,,
PAE000827,application_eligible,2026-08-08 16:48:00,APP00178,CAN087,CMP020,JOB003,1.0,eligible,meets_demo_rules,,,,,,,,,,,,,,,
PAE000828,payment_initiated,2026-08-08 17:06:00,APP00178,CAN087,CMP020,JOB003,1.0,,,PAY00123,1125.48,INR,upi,PayPerAppDemo,,,,,,,,,,
PAE000829,payment_captured,2026-08-08 17:06:13,APP00178,CAN087,CMP020,JOB003,1.0,,,PAY00123,1125.48,INR,,PayPerAppDemo,GTX000123,1125.48,,,,,,,,
PAE000830,revenue_recognized,2026-08-08 18:06:13,APP00178,CAN087,CMP020,JOB003,1.0,,,PAY00123,90.04,INR,,,,,REV00123,90.04,pay_per_application_fee,,,,,
PAE000831,application_started,2026-08-08 10:49:00,APP00179,CAN037,CMP027,JOB024,1.0,,,,,,,,,,,,,,,,,
PAE000832,application_submitted,2026-08-08 12:16:00,APP00179,CAN037,CMP027,JOB024,1.0,,,,,,,,,,,,,,,,,
PAE000833,application_started,2026-08-08 14:24:00,APP00180,CAN048,CMP025,JOB058,1.0,,,,,,,,,,,,,,,,,
PAE000834,application_submitted,2026-08-08 15:53:00,APP00180,CAN048,CMP025,JOB058,1.0,,,,,,,,,,,,,,,,,
PAE000835,application_started,2026-08-08 10:34:00,APP00181,CAN018,CMP023,JOB016,1.0,,,,,,,,,,,,,,,,,
PAE000836,application_submitted,2026-08-08 10:55:00,APP00181,CAN018,CMP023,JOB016,1.0,,,,,,,,,,,,,,,,,
PAE000837,application_eligible,2026-08-08 18:55:00,APP00181,CAN018,CMP023,JOB016,1.0,eligible,meets_demo_rules,,,,,,,,,,,,,,,
PAE000838,payment_initiated,2026-08-08 19:05:00,APP00181,CAN018,CMP023,JOB016,1.0,,,PAY00124,1195.22,INR,card,PayPerAppDemo,,,,,,,,,,
PAE000839,payment_captured,2026-08-08 19:06:14,APP00181,CAN018,CMP023,JOB016,1.0,,,PAY00124,1195.22,INR,,PayPerAppDemo,GTX000124,1195.22,,,,,,,,
PAE000840,revenue_recognized,2026-08-08 19:34:14,APP00181,CAN018,CMP023,JOB016,1.0,,,PAY00124,95.62,INR,,,,,REV00124,95.62,pay_per_application_fee,,,,,
PAE000841,application_started,2026-08-08 13:09:00,APP00182,CAN030,CMP016,JOB059,1.0,,,,,,,,,,,,,,,,,
PAE000842,application_submitted,2026-08-08 13:28:00,APP00182,CAN030,CMP016,JOB059,1.0,,,,,,,,,,,,,,,,,
PAE000843,application_eligible,2026-08-09 11:28:00,APP00182,CAN030,CMP016,JOB059,1.0,eligible,meets_demo_rules,,,,,,,,,,,,,,,
PAE000844,payment_initiated,2026-08-09 11:57:00,APP00182,CAN030,CMP016,JOB059,1.0,,,PAY00125,1207.57,INR,upi,PayPerAppDemo,,,,,,,,,,
PAE000845,payment_captured,2026-08-09 11:57:13,APP00182,CAN030,CMP016,JOB059,1.0,,,PAY00125,1207.57,INR,,PayPerAppDemo,GTX000125,1207.57,,,,,,,,
PAE000846,revenue_recognized,2026-08-09 12:04:13,APP00182,CAN030,CMP016,JOB059,1.0,,,PAY00125,96.61,INR,,,,,REV00125,96.61,pay_per_application_fee,,,,,
PAE000847,application_started,2026-08-08 11:47:00,APP00183,CAN058,CMP039,JOB007,1.0,,,,,,,,,,,,,,,,,
PAE000848,application_submitted,2026-08-08 12:48:00,APP00183,CAN058,CMP039,JOB007,1.0,,,,,,,,,,,,,,,,,
PAE000849,application_eligible,2026-08-08 19:48:00,APP00183,CAN058,CMP039,JOB007,1.0,eligible,meets_demo_rules,,,,,,,,,,,,,,,
PAE000850,payment_initiated,2026-08-08 19:53:00,APP00183,CAN058,CMP039,JOB007,1.0,,,PAY00126,1220.08,INR,netbanking,PayPerAppDemo,,,,,,,,,,
PAE000851,payment_failed,2026-08-08 19:53:34,APP00183,CAN058,CMP039,JOB007,1.0,,,PAY00126,1220.08,INR,,,,,,,,,,,INSUFFICIENT_FUNDS,demo_payment_failure
PAE000852,application_started,2026-08-08 17:49:00,APP00184,CAN074,CMP021,JOB074,1.0,,,,,,,,,,,,,,,,,
PAE000853,application_submitted,2026-08-08 18:35:00,APP00184,CAN074,CMP021,JOB074,1.0,,,,,,,,,,,,,,,,,
PAE000854,application_eligible,2026-08-08 23:35:00,APP00184,CAN074,CMP021,JOB074,1.0,eligible,meets_demo_rules,,,,,,,,,,,,,,,
PAE000855,application_started,2026-08-08 12:17:00,APP00185,CAN067,CMP015,JOB053,1.0,,,,,,,,,,,,,,,,,
PAE000856,application_submitted,2026-08-08 13:37:00,APP00185,CAN067,CMP015,JOB053,1.0,,,,,,,,,,,,,,,,,
PAE000857,application_started,2026-08-08 15:03:00,APP00186,CAN023,CMP028,JOB072,1.0,,,,,,,,,,,,,,,,,
PAE000858,application_started,2026-08-08 13:44:00,APP00187,CAN083,CMP025,JOB068,1.0,,,,,,,,,,,,,,,,,
PAE000859,application_submitted,2026-08-08 14:08:00,APP00187,CAN083,CMP025,JOB068,1.0,,,,,,,,,,,,,,,,,
PAE000860,application_eligible,2026-08-08 20:08:00,APP00187,CAN083,CMP025,JOB068,1.0,eligible,meets_demo_rules,,,,,,,,,,,,,,,
PAE000861,payment_initiated,2026-08-08 20:36:00,APP00187,CAN083,CMP025,JOB068,1.0,,,PAY00127,841.9,INR,upi,PayPerAppDemo,,,,,,,,,,
PAE000862,payment_captured,2026-08-08 20:37:35,APP00187,CAN083,CMP025,JOB068,1.0,,,PAY00127,841.9,INR,,PayPerAppDemo,GTX000127,841.9,,,,,,,,
PAE000863,revenue_recognized,2026-08-08 20:47:35,APP00187,CAN083,CMP025,JOB068,1.0,,,PAY00127,67.35,INR,,,,,REV00127,67.35,pay_per_application_fee,,,,,
PAE000864,application_started,2026-08-08 14:35:00,APP00188,CAN008,CMP036,JOB053,1.0,,,,,,,,,,,,,,,,,
PAE000865,application_submitted,2026-08-08 15:29:00,APP00188,CAN008,CMP036,JOB053,1.0,,,,,,,,,,,,,,,,,
PAE000866,application_eligible,2026-08-08 22:29:00,APP00188,CAN008,CMP036,JOB053,1.0,eligible,meets_demo_rules,,,,,,,,,,,,,,,
PAE000867,payment_initiated,2026-08-08 22:44:00,APP00188,CAN008,CMP036,JOB053,1.0,,,PAY00128,348.84,INR,card,PayPerAppDemo,,,,,,,,,,
PAE000868,payment_captured,2026-08-08 22:45:37,APP00188,CAN008,CMP036,JOB053,1.0,,,PAY00128,348.84,INR,,PayPerAppDemo,GTX000128,348.84,,,,,,,,
PAE000869,revenue_recognized,2026-08-08 23:39:37,APP00188,CAN008,CMP036,JOB053,1.0,,,PAY00128,27.91,INR,,,,,REV00128,27.91,pay_per_application_fee,,,,,
PAE000870,application_started,2026-08-08 17:02:00,APP00189,CAN035,CMP025,JOB078,1.0,,,,,,,,,,,,,,,,,
PAE000871,application_submitted,2026-08-08 17:31:00,APP00189,CAN035,CMP025,JOB078,1.0,,,,,,,,,,,,,,,,,
PAE000872,application_eligible,2026-08-09 12:31:00,APP00189,CAN035,CMP025,JOB078,1.0,eligible,meets_demo_rules,,,,,,,,,,,,,,,
PAE000873,payment_initiated,2026-08-09 12:47:00,APP00189,CAN035,CMP025,JOB078,1.0,,,PAY00129,948.56,INR,upi,PayPerAppDemo,,,,,,,,,,
PAE000874,payment_captured,2026-08-09 12:47:47,APP00189,CAN035,CMP025,JOB078,1.0,,,PAY00129,948.56,INR,,PayPerAppDemo,GTX000129,948.56,,,,,,,,
PAE000875,revenue_recognized,2026-08-09 13:07:47,APP00189,CAN035,CMP025,JOB078,1.0,,,PAY00129,75.88,INR,,,,,REV00129,75.88,pay_per_application_fee,,,,,
PAE000876,application_started,2026-08-08 09:47:00,APP00190,CAN002,CMP014,JOB025,1.0,,,,,,,,,,,,,,,,,
PAE000877,application_started,2026-08-08 11:25:00,APP00191,CAN062,CMP016,JOB078,1.0,,,,,,,,,,,,,,,,,
PAE000878,application_started,2026-08-08 14:29:00,APP00192,CAN071,CMP021,JOB037,1.0,,,,,,,,,,,,,,,,,
PAE000879,application_submitted,2026-08-08 15:19:00,APP00192,CAN071,CMP021,JOB037,1.0,,,,,,,,,,,,,,,,,
PAE000880,application_eligible,2026-08-09 03:19:00,APP00192,CAN071,CMP021,JOB037,1.0,eligible,meets_demo_rules,,,,,,,,,,,,,,,
PAE000881,payment_initiated,2026-08-09 03:23:00,APP00192,CAN071,CMP021,JOB037,1.0,,,PAY00130,871.6,INR,netbanking,PayPerAppDemo,,,,,,,,,,
PAE000882,payment_captured,2026-08-09 03:24:52,APP00192,CAN071,CMP021,JOB037,1.0,,,PAY00130,871.6,INR,,PayPerAppDemo,GTX000130,871.6,,,,,,,,
PAE000883,revenue_recognized,2026-08-09 03:45:52,APP00192,CAN071,CMP021,JOB037,1.0,,,PAY00130,69.73,INR,,,,,REV00130,69.73,pay_per_application_fee,,,,,
PAE000884,application_started,2026-08-09 08:36:00,APP00193,CAN048,CMP021,JOB053,1.0,,,,,,,,,,,,,,,,,
PAE000885,application_submitted,2026-08-09 08:59:00,APP00193,CAN048,CMP021,JOB053,1.0,,,,,,,,,,,,,,,,,
PAE000886,application_eligible,2026-08-10 02:59:00,APP00193,CAN048,CMP021,JOB053,1.0,eligible,meets_demo_rules,,,,,,,,,,,,,,,
PAE000887,application_started,2026-08-09 10:12:00,APP00194,CAN075,CMP027,JOB038,1.0,,,,,,,,,,,,,,,,,
PAE000888,application_submitted,2026-08-09 11:05:00,APP00194,CAN075,CMP027,JOB038,1.0,,,,,,,,,,,,,,,,,
PAE000889,application_eligible,2026-08-09 19:05:00,APP00194,CAN075,CMP027,JOB038,1.0,eligible,meets_demo_rules,,,,,,,,,,,,,,,
PAE000890,payment_initiated,2026-08-09 19:27:00,APP00194,CAN075,CMP027,JOB038,1.0,,,PAY00131,1068.26,INR,card,PayPerAppDemo,,,,,,,,,,
PAE000891,payment_captured,2026-08-09 19:28:50,APP00194,CAN075,CMP027,JOB038,1.0,,,PAY00131,1068.26,INR,,PayPerAppDemo,GTX000131,1068.26,,,,,,,,
PAE000892,revenue_recognized,2026-08-09 20:00:50,APP00194,CAN075,CMP027,JOB038,1.0,,,PAY00131,85.46,INR,,,,,REV00131,85.46,pay_per_application_fee,,,,,
PAE000893,application_started,2026-08-09 10:46:00,APP00195,CAN083,CMP032,JOB059,1.0,,,,,,,,,,,,,,,,,
PAE000894,application_submitted,2026-08-09 11:12:00,APP00195,CAN083,CMP032,JOB059,1.0,,,,,,,,,,,,,,,,,
PAE000895,application_eligible,2026-08-10 05:12:00,APP00195,CAN083,CMP032,JOB059,1.0,eligible,meets_demo_rules,,,,,,,,,,,,,,,
PAE000896,payment_initiated,2026-08-10 05:30:00,APP00195,CAN083,CMP032,JOB059,1.0,,,PAY00132,1396.12,INR,netbanking,PayPerAppDemo,,,,,,,,,,
PAE000897,payment_failed,2026-08-10 05:31:12,APP00195,CAN083,CMP032,JOB059,1.0,,,PAY00132,1396.12,INR,,,,,,,,,,,DECLINED,demo_payment_failure
PAE000898,application_started,2026-08-09 14:08:00,APP00196,CAN010,CMP004,JOB001,1.0,,,,,,,,,,,,,,,,,
PAE000899,application_submitted,2026-08-09 14:42:00,APP00196,CAN010,CMP004,JOB001,1.0,,,,,,,,,,,,,,,,,
PAE000900,application_eligible,2026-08-09 19:42:00,APP00196,CAN010,CMP004,JOB001,1.0,eligible,meets_demo_rules,,,,,,,,,,,,,,,
PAE000901,payment_initiated,2026-08-09 19:54:00,APP00196,CAN010,CMP004,JOB001,1.0,,,PAY00133,882.17,INR,upi,PayPerAppDemo,,,,,,,,,,
PAE000902,payment_captured,2026-08-09 19:55:30,APP00196,CAN010,CMP004,JOB001,1.0,,,PAY00133,882.17,INR,,PayPerAppDemo,GTX000133,882.17,,,,,,,,
PAE000903,revenue_recognized,2026-08-09 20:55:30,APP00196,CAN010,CMP004,JOB001,1.0,,,PAY00133,70.57,INR,,,,,REV00133,70.57,pay_per_application_fee,,,,,
PAE000904,application_started,2026-08-09 08:34:00,APP00197,CAN062,CMP032,JOB003,1.0,,,,,,,,,,,,,,,,,
PAE000905,application_submitted,2026-08-09 08:40:00,APP00197,CAN062,CMP032,JOB003,1.0,,,,,,,,,,,,,,,,,
PAE000906,application_eligible,2026-08-10 08:40:00,APP00197,CAN062,CMP032,JOB003,1.0,eligible,meets_demo_rules,,,,,,,,,,,,,,,
PAE000907,payment_initiated,2026-08-10 08:41:00,APP00197,CAN062,CMP032,JOB003,1.0,,,PAY00134,1471.85,INR,netbanking,PayPerAppDemo,,,,,,,,,,
PAE000908,payment_captured,2026-08-10 08:42:31,APP00197,CAN062,CMP032,JOB003,1.0,,,PAY00134,1471.85,INR,,PayPerAppDemo,GTX000134,1471.85,,,,,,,,
PAE000909,revenue_recognized,2026-08-10 09:10:31,APP00197,CAN062,CMP032,JOB003,1.0,,,PAY00134,117.75,INR,,,,,REV00134,117.75,pay_per_application_fee,,,,,
PAE000910,application_started,2026-08-09 16:09:00,APP00198,CAN023,CMP007,JOB013,1.0,,,,,,,,,,,,,,,,,
PAE000911,application_submitted,2026-08-09 17:33:00,APP00198,CAN023,CMP007,JOB013,1.0,,,,,,,,,,,,,,,,,
PAE000912,application_eligible,2026-08-10 05:33:00,APP00198,CAN023,CMP007,JOB013,1.0,eligible,meets_demo_rules,,,,,,,,,,,,,,,
PAE000913,payment_initiated,2026-08-10 05:45:00,APP00198,CAN023,CMP007,JOB013,1.0,,,PAY00135,746.12,INR,card,PayPerAppDemo,,,,,,,,,,
PAE000914,payment_captured,2026-08-10 05:45:36,APP00198,CAN023,CMP007,JOB013,1.0,,,PAY00135,746.12,INR,,PayPerAppDemo,GTX000135,746.12,,,,,,,,
PAE000915,revenue_recognized,2026-08-10 06:30:36,APP00198,CAN023,CMP007,JOB013,1.0,,,PAY00135,59.69,INR,,,,,REV00135,59.69,pay_per_application_fee,,,,,
PAE000916,application_started,2026-08-09 09:25:00,APP00199,CAN088,CMP006,JOB005,1.0,,,,,,,,,,,,,,,,,
PAE000917,application_submitted,2026-08-09 10:40:00,APP00199,CAN088,CMP006,JOB005,1.0,,,,,,,,,,,,,,,,,
PAE000918,application_eligible,2026-08-10 07:40:00,APP00199,CAN088,CMP006,JOB005,1.0,eligible,meets_demo_rules,,,,,,,,,,,,,,,
PAE000919,payment_initiated,2026-08-10 07:56:00,APP00199,CAN088,CMP006,JOB005,1.0,,,PAY00136,464.23,INR,card,PayPerAppDemo,,,,,,,,,,
PAE000920,payment_captured,2026-08-10 07:56:47,APP00199,CAN088,CMP006,JOB005,1.0,,,PAY00136,464.23,INR,,PayPerAppDemo,GTX000136,464.23,,,,,,,,
PAE000921,revenue_recognized,2026-08-10 08:33:47,APP00199,CAN088,CMP006,JOB005,1.0,,,PAY00136,37.14,INR,,,,,REV00136,37.14,pay_per_application_fee,,,,,
PAE000922,application_started,2026-08-09 11:13:00,APP00200,CAN013,CMP034,JOB006,1.0,,,,,,,,,,,,,,,,,
PAE000923,application_started,2026-08-09 12:02:00,APP00201,CAN089,CMP037,JOB061,1.0,,,,,,,,,,,,,,,,,
PAE000924,application_started,2026-08-09 17:42:00,APP00202,CAN088,CMP018,JOB070,1.0,,,,,,,,,,,,,,,,,
PAE000925,application_submitted,2026-08-09 18:27:00,APP00202,CAN088,CMP018,JOB070,1.0,,,,,,,,,,,,,,,,,
PAE000926,application_eligible,2026-08-10 01:27:00,APP00202,CAN088,CMP018,JOB070,1.0,eligible,meets_demo_rules,,,,,,,,,,,,,,,
PAE000927,payment_initiated,2026-08-10 01:50:00,APP00202,CAN088,CMP018,JOB070,1.0,,,PAY00137,1190.32,INR,card,PayPerAppDemo,,,,,,,,,,
PAE000928,payment_captured,2026-08-10 01:50:43,APP00202,CAN088,CMP018,JOB070,1.0,,,PAY00137,1190.32,INR,,PayPerAppDemo,GTX000137,1190.32,,,,,,,,
PAE000929,revenue_recognized,2026-08-10 02:01:43,APP00202,CAN088,CMP018,JOB070,1.0,,,PAY00137,95.23,INR,,,,,REV00137,95.23,pay_per_application_fee,,,,,
PAE000930,application_started,2026-08-09 13:24:00,APP00203,CAN073,CMP025,JOB070,1.0,,,,,,,,,,,,,,,,,
PAE000931,application_submitted,2026-08-09 13:46:00,APP00203,CAN073,CMP025,JOB070,1.0,,,,,,,,,,,,,,,,,
PAE000932,application_eligible,2026-08-10 12:46:00,APP00203,CAN073,CMP025,JOB070,1.0,eligible,meets_demo_rules,,,,,,,,,,,,,,,
PAE000933,payment_initiated,2026-08-10 12:58:00,APP00203,CAN073,CMP025,JOB070,1.0,,,PAY00138,875.99,INR,upi,PayPerAppDemo,,,,,,,,,,
PAE000934,payment_captured,2026-08-10 12:58:34,APP00203,CAN073,CMP025,JOB070,1.0,,,PAY00138,875.99,INR,,PayPerAppDemo,GTX000138,875.99,,,,,,,,
PAE000935,revenue_recognized,2026-08-10 13:52:34,APP00203,CAN073,CMP025,JOB070,1.0,,,PAY00138,70.08,INR,,,,,REV00138,70.08,pay_per_application_fee,,,,,
PAE000936,application_started,2026-08-09 14:49:00,APP00204,CAN078,CMP040,JOB077,1.0,,,,,,,,,,,,,,,,,
PAE000937,application_submitted,2026-08-09 16:15:00,APP00204,CAN078,CMP040,JOB077,1.0,,,,,,,,,,,,,,,,,
PAE000938,application_eligible,2026-08-10 07:15:00,APP00204,CAN078,CMP040,JOB077,1.0,eligible,meets_demo_rules,,,,,,,,,,,,,,,
PAE000939,payment_initiated,2026-08-10 07:28:00,APP00204,CAN078,CMP040,JOB077,1.0,,,PAY00139,694.76,INR,card,PayPerAppDemo,,,,,,,,,,
PAE000940,payment_captured,2026-08-10 07:29:19,APP00204,CAN078,CMP040,JOB077,1.0,,,PAY00139,694.76,INR,,PayPerAppDemo,GTX000139,694.76,,,,,,,,
PAE000941,revenue_recognized,2026-08-10 08:12:19,APP00204,CAN078,CMP040,JOB077,1.0,,,PAY00139,55.58,INR,,,,,REV00139,55.58,pay_per_application_fee,,,,,
PAE000942,application_started,2026-08-09 11:45:00,APP00205,CAN099,CMP040,JOB038,1.0,,,,,,,,,,,,,,,,,
PAE000943,application_submitted,2026-08-09 12:24:00,APP00205,CAN099,CMP040,JOB038,1.0,,,,,,,,,,,,,,,,,
PAE000944,application_eligible,2026-08-10 11:24:00,APP00205,CAN099,CMP040,JOB038,1.0,eligible,meets_demo_rules,,,,,,,,,,,,,,,
PAE000945,payment_initiated,2026-08-10 11:37:00,APP00205,CAN099,CMP040,JOB038,1.0,,,PAY00140,442.85,INR,card,PayPerAppDemo,,,,,,,,,,
PAE000946,payment_captured,2026-08-10 11:37:16,APP00205,CAN099,CMP040,JOB038,1.0,,,PAY00140,442.85,INR,,PayPerAppDemo,GTX000140,442.85,,,,,,,,
PAE000947,revenue_recognized,2026-08-10 11:38:16,APP00205,CAN099,CMP040,JOB038,1.0,,,PAY00140,35.43,INR,,,,,REV00140,35.43,pay_per_application_fee,,,,,
PAE000948,application_started,2026-08-09 09:08:00,APP00206,CAN057,CMP024,JOB035,1.0,,,,,,,,,,,,,,,,,
PAE000949,application_submitted,2026-08-09 10:08:00,APP00206,CAN057,CMP024,JOB035,1.0,,,,,,,,,,,,,,,,,
PAE000950,application_eligible,2026-08-10 04:08:00,APP00206,CAN057,CMP024,JOB035,1.0,eligible,meets_demo_rules,,,,,,,,,,,,,,,
PAE000951,payment_initiated,2026-08-10 04:11:00,APP00206,CAN057,CMP024,JOB035,1.0,,,PAY00141,379.12,INR,card,PayPerAppDemo,,,,,,,,,,
PAE000952,payment_captured,2026-08-10 04:12:21,APP00206,CAN057,CMP024,JOB035,1.0,,,PAY00141,379.12,INR,,PayPerAppDemo,GTX000141,379.12,,,,,,,,
PAE000953,revenue_recognized,2026-08-10 04:51:21,APP00206,CAN057,CMP024,JOB035,1.0,,,PAY00141,30.33,INR,,,,,REV00141,30.33,pay_per_application_fee,,,,,
PAE000954,application_started,2026-08-09 14:24:00,APP00207,CAN050,CMP001,JOB038,1.0,,,,,,,,,,,,,,,,,
PAE000955,application_submitted,2026-08-09 15:40:00,APP00207,CAN050,CMP001,JOB038,1.0,,,,,,,,,,,,,,,,,
PAE000956,application_started,2026-08-09 10:43:00,APP00208,CAN032,CMP037,JOB067,1.0,,,,,,,,,,,,,,,,,
PAE000957,application_submitted,2026-08-09 11:05:00,APP00208,CAN032,CMP037,JOB067,1.0,,,,,,,,,,,,,,,,,
PAE000958,application_eligible,2026-08-09 20:05:00,APP00208,CAN032,CMP037,JOB067,1.0,eligible,meets_demo_rules,,,,,,,,,,,,,,,
PAE000959,payment_initiated,2026-08-09 20:19:00,APP00208,CAN032,CMP037,JOB067,1.0,,,PAY00142,329.08,INR,card,PayPerAppDemo,,,,,,,,,,
PAE000960,payment_captured,2026-08-09 20:20:06,APP00208,CAN032,CMP037,JOB067,1.0,,,PAY00142,329.08,INR,,PayPerAppDemo,GTX000142,329.08,,,,,,,,
PAE000961,revenue_recognized,2026-08-09 21:11:06,APP00208,CAN032,CMP037,JOB067,1.0,,,PAY00142,26.33,INR,,,,,REV00142,26.33,pay_per_application_fee,,,,,
PAE000962,application_started,2026-08-09 17:39:00,APP00209,CAN033,CMP016,JOB064,1.0,,,,,,,,,,,,,,,,,
PAE000963,application_submitted,2026-08-09 17:57:00,APP00209,CAN033,CMP016,JOB064,1.0,,,,,,,,,,,,,,,,,
PAE000964,application_eligible,2026-08-09 18:57:00,APP00209,CAN033,CMP016,JOB064,1.0,eligible,meets_demo_rules,,,,,,,,,,,,,,,
PAE000965,application_started,2026-08-09 13:28:00,APP00210,CAN043,CMP040,JOB049,1.0,,,,,,,,,,,,,,,,,
PAE000966,application_submitted,2026-08-09 14:56:00,APP00210,CAN043,CMP040,JOB049,1.0,,,,,,,,,,,,,,,,,
PAE000967,application_started,2026-08-09 17:44:00,APP00211,CAN018,CMP020,JOB042,1.0,,,,,,,,,,,,,,,,,
PAE000968,application_submitted,2026-08-09 18:29:00,APP00211,CAN018,CMP020,JOB042,1.0,,,,,,,,,,,,,,,,,
PAE000969,application_eligible,2026-08-10 07:29:00,APP00211,CAN018,CMP020,JOB042,1.0,eligible,meets_demo_rules,,,,,,,,,,,,,,,
PAE000970,application_started,2026-08-09 11:20:00,APP00212,CAN038,CMP032,JOB074,1.0,,,,,,,,,,,,,,,,,
PAE000971,application_submitted,2026-08-09 12:15:00,APP00212,CAN038,CMP032,JOB074,1.0,,,,,,,,,,,,,,,,,
PAE000972,application_eligible,2026-08-10 07:15:00,APP00212,CAN038,CMP032,JOB074,1.0,eligible,meets_demo_rules,,,,,,,,,,,,,,,
PAE000973,payment_initiated,2026-08-10 07:21:00,APP00212,CAN038,CMP032,JOB074,1.0,,,PAY00143,1496.58,INR,netbanking,PayPerAppDemo,,,,,,,,,,
PAE000974,payment_captured,2026-08-10 07:21:08,APP00212,CAN038,CMP032,JOB074,1.0,,,PAY00143,1496.58,INR,,PayPerAppDemo,GTX000143,1496.58,,,,,,,,
PAE000975,revenue_recognized,2026-08-10 08:08:08,APP00212,CAN038,CMP032,JOB074,1.0,,,PAY00143,119.73,INR,,,,,REV00143,119.73,pay_per_application_fee,,,,,
PAE000976,application_started,2026-08-09 12:53:00,APP00213,CAN091,CMP014,JOB057,1.0,,,,,,,,,,,,,,,,,
PAE000977,application_submitted,2026-08-09 13:50:00,APP00213,CAN091,CMP014,JOB057,1.0,,,,,,,,,,,,,,,,,
PAE000978,application_eligible,2026-08-09 18:50:00,APP00213,CAN091,CMP014,JOB057,1.0,eligible,meets_demo_rules,,,,,,,,,,,,,,,
PAE000979,payment_initiated,2026-08-09 19:12:00,APP00213,CAN091,CMP014,JOB057,1.0,,,PAY00144,552.53,INR,upi,PayPerAppDemo,,,,,,,,,,
PAE000980,payment_captured,2026-08-09 19:13:46,APP00213,CAN091,CMP014,JOB057,1.0,,,PAY00144,552.53,INR,,PayPerAppDemo,GTX000144,552.53,,,,,,,,
PAE000981,revenue_recognized,2026-08-09 19:38:46,APP00213,CAN091,CMP014,JOB057,1.0,,,PAY00144,44.2,INR,,,,,REV00144,44.2,pay_per_application_fee,,,,,
PAE000982,application_started,2026-08-09 14:34:00,APP00214,CAN077,CMP031,JOB075,1.0,,,,,,,,,,,,,,,,,
PAE000983,application_submitted,2026-08-09 15:32:00,APP00214,CAN077,CMP031,JOB075,1.0,,,,,,,,,,,,,,,,,
PAE000984,application_eligible,2026-08-10 03:32:00,APP00214,CAN077,CMP031,JOB075,1.0,eligible,meets_demo_rules,,,,,,,,,,,,,,,
PAE000985,payment_initiated,2026-08-10 03:52:00,APP00214,CAN077,CMP031,JOB075,1.0,,,PAY00145,1265.37,INR,netbanking,PayPerAppDemo,,,,,,,,,,
PAE000986,payment_captured,2026-08-10 03:52:18,APP00214,CAN077,CMP031,JOB075,1.0,,,PAY00145,1265.37,INR,,PayPerAppDemo,GTX000145,1265.37,,,,,,,,
PAE000987,revenue_recognized,2026-08-10 04:42:18,APP00214,CAN077,CMP031,JOB075,1.0,,,PAY00145,101.23,INR,,,,,REV00145,101.23,pay_per_application_fee,,,,,
PAE000988,application_started,2026-08-09 18:39:00,APP00215,CAN086,CMP023,JOB022,1.0,,,,,,,,,,,,,,,,,
PAE000989,application_submitted,2026-08-09 20:06:00,APP00215,CAN086,CMP023,JOB022,1.0,,,,,,,,,,,,,,,,,
PAE000990,application_eligible,2026-08-10 09:06:00,APP00215,CAN086,CMP023,JOB022,1.0,eligible,meets_demo_rules,,,,,,,,,,,,,,,
PAE000991,application_started,2026-08-09 08:06:00,APP00216,CAN043,CMP028,JOB014,1.0,,,,,,,,,,,,,,,,,
PAE000992,application_submitted,2026-08-09 09:16:00,APP00216,CAN043,CMP028,JOB014,1.0,,,,,,,,,,,,,,,,,
PAE000993,application_eligible,2026-08-10 03:16:00,APP00216,CAN043,CMP028,JOB014,1.0,eligible,meets_demo_rules,,,,,,,,,,,,,,,
PAE000994,payment_initiated,2026-08-10 03:31:00,APP00216,CAN043,CMP028,JOB014,1.0,,,PAY00146,969.04,INR,card,PayPerAppDemo,,,,,,,,,,
PAE000995,payment_captured,2026-08-10 03:32:43,APP00216,CAN043,CMP028,JOB014,1.0,,,PAY00146,969.04,INR,,PayPerAppDemo,GTX000146,969.04,,,,,,,,
PAE000996,revenue_recognized,2026-08-10 04:16:43,APP00216,CAN043,CMP028,JOB014,1.0,,,PAY00146,77.52,INR,,,,,REV00146,77.52,pay_per_application_fee,,,,,
PAE000997,application_started,2026-08-10 08:30:00,APP00217,CAN065,CMP010,JOB045,1.0,,,,,,,,,,,,,,,,,
PAE000998,application_submitted,2026-08-10 09:28:00,APP00217,CAN065,CMP010,JOB045,1.0,,,,,,,,,,,,,,,,,
PAE000999,application_started,2026-08-10 13:19:00,APP00218,CAN011,CMP008,JOB019,1.0,,,,,,,,,,,,,,,,,
PAE001000,application_submitted,2026-08-10 13:50:00,APP00218,CAN011,CMP008,JOB019,1.0,,,,,,,,,,,,,,,,,
PAE001001,application_eligible,2026-08-11 01:50:00,APP00218,CAN011,CMP008,JOB019,1.0,eligible,meets_demo_rules,,,,,,,,,,,,,,,
PAE001002,payment_initiated,2026-08-11 02:13:00,APP00218,CAN011,CMP008,JOB019,1.0,,,PAY00147,797.71,INR,card,PayPerAppDemo,,,,,,,,,,
PAE001003,payment_captured,2026-08-11 02:13:43,APP00218,CAN011,CMP008,JOB019,1.0,,,PAY00147,797.71,INR,,PayPerAppDemo,GTX000147,797.71,,,,,,,,
PAE001004,revenue_recognized,2026-08-11 02:16:43,APP00218,CAN011,CMP008,JOB019,1.0,,,PAY00147,63.82,INR,,,,,REV00147,63.82,pay_per_application_fee,,,,,
PAE001005,application_started,2026-08-10 18:06:00,APP00219,CAN015,CMP002,JOB044,1.0,,,,,,,,,,,,,,,,,
PAE001006,application_submitted,2026-08-10 18:32:00,APP00219,CAN015,CMP002,JOB044,1.0,,,,,,,,,,,,,,,,,
PAE001007,application_started,2026-08-10 10:35:00,APP00220,CAN095,CMP016,JOB067,1.0,,,,,,,,,,,,,,,,,
PAE001008,application_submitted,2026-08-10 11:51:00,APP00220,CAN095,CMP016,JOB067,1.0,,,,,,,,,,,,,,,,,
PAE001009,application_eligible,2026-08-11 02:51:00,APP00220,CAN095,CMP016,JOB067,1.0,eligible,meets_demo_rules,,,,,,,,,,,,,,,
PAE001010,payment_initiated,2026-08-11 02:57:00,APP00220,CAN095,CMP016,JOB067,1.0,,,PAY00148,756.31,INR,upi,PayPerAppDemo,,,,,,,,,,
PAE001011,payment_captured,2026-08-11 02:58:00,APP00220,CAN095,CMP016,JOB067,1.0,,,PAY00148,756.31,INR,,PayPerAppDemo,GTX000148,756.31,,,,,,,,
PAE001012,revenue_recognized,2026-08-11 03:24:00,APP00220,CAN095,CMP016,JOB067,1.0,,,PAY00148,60.5,INR,,,,,REV00148,60.5,pay_per_application_fee,,,,,
PAE001013,payment_refunded,2026-08-13 03:24:00,APP00220,CAN095,CMP016,JOB067,1.0,,,PAY00148,537.42,INR,,,,,,,,REF00148,537.42,demo_refund,,
PAE001014,application_started,2026-08-10 14:00:00,APP00221,CAN058,CMP038,JOB055,1.0,,,,,,,,,,,,,,,,,
PAE001015,application_submitted,2026-08-10 14:31:00,APP00221,CAN058,CMP038,JOB055,1.0,,,,,,,,,,,,,,,,,
PAE001016,application_eligible,2026-08-11 13:31:00,APP00221,CAN058,CMP038,JOB055,1.0,eligible,meets_demo_rules,,,,,,,,,,,,,,,
PAE001017,payment_initiated,2026-08-11 13:35:00,APP00221,CAN058,CMP038,JOB055,1.0,,,PAY00149,328.2,INR,netbanking,PayPerAppDemo,,,,,,,,,,
PAE001018,payment_captured,2026-08-11 13:35:46,APP00221,CAN058,CMP038,JOB055,1.0,,,PAY00149,328.2,INR,,PayPerAppDemo,GTX000149,328.2,,,,,,,,
PAE001019,revenue_recognized,2026-08-11 13:48:46,APP00221,CAN058,CMP038,JOB055,1.0,,,PAY00149,26.26,INR,,,,,REV00149,26.26,pay_per_application_fee,,,,,
PAE001020,application_started,2026-08-10 18:20:00,APP00222,CAN034,CMP032,JOB068,1.0,,,,,,,,,,,,,,,,,
PAE001021,application_submitted,2026-08-10 19:43:00,APP00222,CAN034,CMP032,JOB068,1.0,,,,,,,,,,,,,,,,,
PAE001022,application_eligible,2026-08-10 23:43:00,APP00222,CAN034,CMP032,JOB068,1.0,eligible,meets_demo_rules,,,,,,,,,,,,,,,
PAE001023,payment_initiated,2026-08-11 00:03:00,APP00222,CAN034,CMP032,JOB068,1.0,,,PAY00150,1306.9,INR,upi,PayPerAppDemo,,,,,,,,,,
PAE001024,payment_captured,2026-08-11 00:04:35,APP00222,CAN034,CMP032,JOB068,1.0,,,PAY00150,1306.9,INR,,PayPerAppDemo,GTX000150,1306.9,,,,,,,,
PAE001025,revenue_recognized,2026-08-11 00:56:35,APP00222,CAN034,CMP032,JOB068,1.0,,,PAY00150,104.55,INR,,,,,REV00150,104.55,pay_per_application_fee,,,,,
PAE001026,application_started,2026-08-10 18:08:00,APP00223,CAN079,CMP038,JOB011,1.0,,,,,,,,,,,,,,,,,
PAE001027,application_submitted,2026-08-10 18:43:00,APP00223,CAN079,CMP038,JOB011,1.0,,,,,,,,,,,,,,,,,
PAE001028,application_eligible,2026-08-11 00:43:00,APP00223,CAN079,CMP038,JOB011,1.0,eligible,meets_demo_rules,,,,,,,,,,,,,,,
PAE001029,payment_initiated,2026-08-11 00:56:00,APP00223,CAN079,CMP038,JOB011,1.0,,,PAY00151,426.7,INR,card,PayPerAppDemo,,,,,,,,,,
PAE001030,payment_captured,2026-08-11 00:57:18,APP00223,CAN079,CMP038,JOB011,1.0,,,PAY00151,426.7,INR,,PayPerAppDemo,GTX000151,426.7,,,,,,,,
PAE001031,revenue_recognized,2026-08-11 01:22:18,APP00223,CAN079,CMP038,JOB011,1.0,,,PAY00151,34.14,INR,,,,,REV00151,34.14,pay_per_application_fee,,,,,
PAE001032,application_started,2026-08-10 16:10:00,APP00224,CAN063,CMP035,JOB023,1.0,,,,,,,,,,,,,,,,,
PAE001033,application_submitted,2026-08-10 16:32:00,APP00224,CAN063,CMP035,JOB023,1.0,,,,,,,,,,,,,,,,,
PAE001034,application_eligible,2026-08-11 07:32:00,APP00224,CAN063,CMP035,JOB023,1.0,eligible,meets_demo_rules,,,,,,,,,,,,,,,
PAE001035,payment_initiated,2026-08-11 07:33:00,APP00224,CAN063,CMP035,JOB023,1.0,,,PAY00152,1331.9,INR,card,PayPerAppDemo,,,,,,,,,,
PAE001036,payment_captured,2026-08-11 07:34:49,APP00224,CAN063,CMP035,JOB023,1.0,,,PAY00152,1331.9,INR,,PayPerAppDemo,GTX000152,1331.9,,,,,,,,
PAE001037,revenue_recognized,2026-08-11 07:59:49,APP00224,CAN063,CMP035,JOB023,1.0,,,PAY00152,106.55,INR,,,,,REV00152,106.55,pay_per_application_fee,,,,,
PAE001038,application_started,2026-08-10 18:31:00,APP00225,CAN065,CMP032,JOB053,1.0,,,,,,,,,,,,,,,,,
PAE001039,application_submitted,2026-08-10 19:32:00,APP00225,CAN065,CMP032,JOB053,1.0,,,,,,,,,,,,,,,,,
PAE001040,application_eligible,2026-08-10 22:32:00,APP00225,CAN065,CMP032,JOB053,1.0,eligible,meets_demo_rules,,,,,,,,,,,,,,,
PAE001041,payment_initiated,2026-08-10 22:40:00,APP00225,CAN065,CMP032,JOB053,1.0,,,PAY00153,1244.85,INR,card,PayPerAppDemo,,,,,,,,,,
PAE001042,payment_captured,2026-08-10 22:40:33,APP00225,CAN065,CMP032,JOB053,1.0,,,PAY00153,1244.85,INR,,PayPerAppDemo,GTX000153,1244.85,,,,,,,,
PAE001043,revenue_recognized,2026-08-10 23:15:33,APP00225,CAN065,CMP032,JOB053,1.0,,,PAY00153,99.59,INR,,,,,REV00153,99.59,pay_per_application_fee,,,,,
PAE001044,application_started,2026-08-10 15:35:00,APP00226,CAN100,CMP030,JOB073,1.0,,,,,,,,,,,,,,,,,
PAE001045,application_submitted,2026-08-10 16:53:00,APP00226,CAN100,CMP030,JOB073,1.0,,,,,,,,,,,,,,,,,
PAE001046,application_eligible,2026-08-11 10:53:00,APP00226,CAN100,CMP030,JOB073,1.0,eligible,meets_demo_rules,,,,,,,,,,,,,,,
PAE001047,payment_initiated,2026-08-11 11:20:00,APP00226,CAN100,CMP030,JOB073,1.0,,,PAY00154,708.58,INR,upi,PayPerAppDemo,,,,,,,,,,
PAE001048,payment_captured,2026-08-11 11:21:01,APP00226,CAN100,CMP030,JOB073,1.0,,,PAY00154,708.58,INR,,PayPerAppDemo,GTX000154,708.58,,,,,,,,
PAE001049,revenue_recognized,2026-08-11 11:56:01,APP00226,CAN100,CMP030,JOB073,1.0,,,PAY00154,56.69,INR,,,,,REV00154,56.69,pay_per_application_fee,,,,,
PAE001050,application_started,2026-08-10 12:55:00,APP00227,CAN055,CMP007,JOB032,1.0,,,,,,,,,,,,,,,,,
PAE001051,application_started,2026-08-10 09:28:00,APP00228,CAN058,CMP017,JOB045,1.0,,,,,,,,,,,,,,,,,
PAE001052,application_submitted,2026-08-10 09:48:00,APP00228,CAN058,CMP017,JOB045,1.0,,,,,,,,,,,,,,,,,
PAE001053,application_eligible,2026-08-10 17:48:00,APP00228,CAN058,CMP017,JOB045,1.0,eligible,meets_demo_rules,,,,,,,,,,,,,,,
PAE001054,payment_initiated,2026-08-10 18:11:00,APP00228,CAN058,CMP017,JOB045,1.0,,,PAY00155,1172.02,INR,card,PayPerAppDemo,,,,,,,,,,
PAE001055,payment_captured,2026-08-10 18:12:23,APP00228,CAN058,CMP017,JOB045,1.0,,,PAY00155,1172.02,INR,,PayPerAppDemo,GTX000155,1172.02,,,,,,,,
PAE001056,revenue_recognized,2026-08-10 18:53:23,APP00228,CAN058,CMP017,JOB045,1.0,,,PAY00155,93.76,INR,,,,,REV00155,93.76,pay_per_application_fee,,,,,
PAE001057,application_started,2026-08-10 11:51:00,APP00229,CAN079,CMP009,JOB027,1.0,,,,,,,,,,,,,,,,,
PAE001058,application_submitted,2026-08-10 12:40:00,APP00229,CAN079,CMP009,JOB027,1.0,,,,,,,,,,,,,,,,,
PAE001059,application_eligible,2026-08-11 08:40:00,APP00229,CAN079,CMP009,JOB027,1.0,eligible,meets_demo_rules,,,,,,,,,,,,,,,
PAE001060,payment_initiated,2026-08-11 09:03:00,APP00229,CAN079,CMP009,JOB027,1.0,,,PAY00156,654.57,INR,card,PayPerAppDemo,,,,,,,,,,
PAE001061,payment_captured,2026-08-11 09:03:39,APP00229,CAN079,CMP009,JOB027,1.0,,,PAY00156,654.57,INR,,PayPerAppDemo,GTX000156,654.57,,,,,,,,
PAE001062,revenue_recognized,2026-08-11 09:58:39,APP00229,CAN079,CMP009,JOB027,1.0,,,PAY00156,52.37,INR,,,,,REV00156,52.37,pay_per_application_fee,,,,,
PAE001063,application_started,2026-08-10 14:58:00,APP00230,CAN087,CMP007,JOB018,1.0,,,,,,,,,,,,,,,,,
PAE001064,application_submitted,2026-08-10 15:38:00,APP00230,CAN087,CMP007,JOB018,1.0,,,,,,,,,,,,,,,,,
PAE001065,application_started,2026-08-10 10:45:00,APP00231,CAN017,CMP009,JOB032,1.0,,,,,,,,,,,,,,,,,
PAE001066,application_submitted,2026-08-10 11:21:00,APP00231,CAN017,CMP009,JOB032,1.0,,,,,,,,,,,,,,,,,
PAE001067,application_eligible,2026-08-11 09:21:00,APP00231,CAN017,CMP009,JOB032,1.0,eligible,meets_demo_rules,,,,,,,,,,,,,,,
PAE001068,payment_initiated,2026-08-11 09:42:00,APP00231,CAN017,CMP009,JOB032,1.0,,,PAY00157,427.71,INR,card,PayPerAppDemo,,,,,,,,,,
PAE001069,payment_captured,2026-08-11 09:42:53,APP00231,CAN017,CMP009,JOB032,1.0,,,PAY00157,427.71,INR,,PayPerAppDemo,GTX000157,427.71,,,,,,,,
PAE001070,revenue_recognized,2026-08-11 10:11:53,APP00231,CAN017,CMP009,JOB032,1.0,,,PAY00157,34.22,INR,,,,,REV00157,34.22,pay_per_application_fee,,,,,
PAE001071,application_started,2026-08-10 16:47:00,APP00232,CAN099,CMP006,JOB052,1.0,,,,,,,,,,,,,,,,,
PAE001072,application_submitted,2026-08-10 17:39:00,APP00232,CAN099,CMP006,JOB052,1.0,,,,,,,,,,,,,,,,,
PAE001073,application_eligible,2026-08-11 09:39:00,APP00232,CAN099,CMP006,JOB052,1.0,eligible,meets_demo_rules,,,,,,,,,,,,,,,
PAE001074,payment_initiated,2026-08-11 10:04:00,APP00232,CAN099,CMP006,JOB052,1.0,,,PAY00158,253.09,INR,netbanking,PayPerAppDemo,,,,,,,,,,
PAE001075,payment_captured,2026-08-11 10:05:03,APP00232,CAN099,CMP006,JOB052,1.0,,,PAY00158,253.09,INR,,PayPerAppDemo,GTX000158,253.09,,,,,,,,
PAE001076,revenue_recognized,2026-08-11 10:46:03,APP00232,CAN099,CMP006,JOB052,1.0,,,PAY00158,20.25,INR,,,,,REV00158,20.25,pay_per_application_fee,,,,,
PAE001077,application_started,2026-08-10 14:13:00,APP00233,CAN046,CMP005,JOB069,1.0,,,,,,,,,,,,,,,,,
PAE001078,application_started,2026-08-10 13:53:00,APP00234,CAN028,CMP032,JOB035,1.0,,,,,,,,,,,,,,,,,
PAE001079,application_submitted,2026-08-10 15:08:00,APP00234,CAN028,CMP032,JOB035,1.0,,,,,,,,,,,,,,,,,
PAE001080,application_eligible,2026-08-11 10:08:00,APP00234,CAN028,CMP032,JOB035,1.0,eligible,meets_demo_rules,,,,,,,,,,,,,,,
PAE001081,payment_initiated,2026-08-11 10:37:00,APP00234,CAN028,CMP032,JOB035,1.0,,,PAY00159,1235.38,INR,netbanking,PayPerAppDemo,,,,,,,,,,
PAE001082,payment_captured,2026-08-11 10:37:10,APP00234,CAN028,CMP032,JOB035,1.0,,,PAY00159,1235.38,INR,,PayPerAppDemo,GTX000159,1235.38,,,,,,,,
PAE001083,revenue_recognized,2026-08-11 10:44:10,APP00234,CAN028,CMP032,JOB035,1.0,,,PAY00159,98.83,INR,,,,,REV00159,98.83,pay_per_application_fee,,,,,
PAE001084,application_started,2026-08-10 10:28:00,APP00235,CAN059,CMP002,JOB016,1.0,,,,,,,,,,,,,,,,,
PAE001085,application_submitted,2026-08-10 11:27:00,APP00235,CAN059,CMP002,JOB016,1.0,,,,,,,,,,,,,,,,,
PAE001086,application_eligible,2026-08-11 10:27:00,APP00235,CAN059,CMP002,JOB016,1.0,eligible,meets_demo_rules,,,,,,,,,,,,,,,
PAE001087,application_started,2026-08-10 12:05:00,APP00236,CAN084,CMP020,JOB021,1.0,,,,,,,,,,,,,,,,,
PAE001088,application_submitted,2026-08-10 12:42:00,APP00236,CAN084,CMP020,JOB021,1.0,,,,,,,,,,,,,,,,,
PAE001089,application_eligible,2026-08-11 10:42:00,APP00236,CAN084,CMP020,JOB021,1.0,eligible,meets_demo_rules,,,,,,,,,,,,,,,
PAE001090,application_started,2026-08-10 18:19:00,APP00237,CAN022,CMP004,JOB051,1.0,,,,,,,,,,,,,,,,,
PAE001091,application_submitted,2026-08-10 18:53:00,APP00237,CAN022,CMP004,JOB051,1.0,,,,,,,,,,,,,,,,,
PAE001092,application_eligible,2026-08-10 21:53:00,APP00237,CAN022,CMP004,JOB051,1.0,eligible,meets_demo_rules,,,,,,,,,,,,,,,
PAE001093,payment_initiated,2026-08-10 22:09:00,APP00237,CAN022,CMP004,JOB051,1.0,,,PAY00160,251.36,INR,upi,PayPerAppDemo,,,,,,,,,,
PAE001094,payment_captured,2026-08-10 22:09:33,APP00237,CAN022,CMP004,JOB051,1.0,,,PAY00160,251.36,INR,,PayPerAppDemo,GTX000160,251.36,,,,,,,,
PAE001095,revenue_recognized,2026-08-10 22:43:33,APP00237,CAN022,CMP004,JOB051,1.0,,,PAY00160,20.11,INR,,,,,REV00160,20.11,pay_per_application_fee,,,,,
PAE001096,application_started,2026-08-10 09:55:00,APP00238,CAN002,CMP001,JOB044,1.0,,,,,,,,,,,,,,,,,
PAE001097,application_submitted,2026-08-10 10:16:00,APP00238,CAN002,CMP001,JOB044,1.0,,,,,,,,,,,,,,,,,
PAE001098,application_eligible,2026-08-10 18:16:00,APP00238,CAN002,CMP001,JOB044,1.0,eligible,meets_demo_rules,,,,,,,,,,,,,,,
PAE001099,payment_initiated,2026-08-10 18:20:00,APP00238,CAN002,CMP001,JOB044,1.0,,,PAY00161,1163.45,INR,upi,PayPerAppDemo,,,,,,,,,,
PAE001100,payment_captured,2026-08-10 18:21:57,APP00238,CAN002,CMP001,JOB044,1.0,,,PAY00161,1163.45,INR,,PayPerAppDemo,GTX000161,1163.45,,,,,,,,
PAE001101,revenue_recognized,2026-08-10 18:41:57,APP00238,CAN002,CMP001,JOB044,1.0,,,PAY00161,93.08,INR,,,,,REV00161,93.08,pay_per_application_fee,,,,,
PAE001102,application_started,2026-08-10 09:33:00,APP00239,CAN100,CMP009,JOB019,1.0,,,,,,,,,,,,,,,,,
PAE001103,application_submitted,2026-08-10 10:56:00,APP00239,CAN100,CMP009,JOB019,1.0,,,,,,,,,,,,,,,,,
PAE001104,application_eligible,2026-08-11 01:56:00,APP00239,CAN100,CMP009,JOB019,1.0,eligible,meets_demo_rules,,,,,,,,,,,,,,,
PAE001105,payment_initiated,2026-08-11 02:20:00,APP00239,CAN100,CMP009,JOB019,1.0,,,PAY00162,516.32,INR,upi,PayPerAppDemo,,,,,,,,,,
PAE001106,payment_captured,2026-08-11 02:21:23,APP00239,CAN100,CMP009,JOB019,1.0,,,PAY00162,516.32,INR,,PayPerAppDemo,GTX000162,516.32,,,,,,,,
PAE001107,revenue_recognized,2026-08-11 03:05:23,APP00239,CAN100,CMP009,JOB019,1.0,,,PAY00162,41.31,INR,,,,,REV00162,41.31,pay_per_application_fee,,,,,
PAE001108,application_started,2026-08-10 10:48:00,APP00240,CAN028,CMP006,JOB013,1.0,,,,,,,,,,,,,,,,,
PAE001109,application_submitted,2026-08-10 11:42:00,APP00240,CAN028,CMP006,JOB013,1.0,,,,,,,,,,,,,,,,,
PAE001110,application_eligible,2026-08-11 01:42:00,APP00240,CAN028,CMP006,JOB013,1.0,eligible,meets_demo_rules,,,,,,,,,,,,,,,
PAE001111,payment_initiated,2026-08-11 01:51:00,APP00240,CAN028,CMP006,JOB013,1.0,,,PAY00163,424.79,INR,netbanking,PayPerAppDemo,,,,,,,,,,
PAE001112,payment_captured,2026-08-11 01:52:15,APP00240,CAN028,CMP006,JOB013,1.0,,,PAY00163,424.79,INR,,PayPerAppDemo,GTX000163,424.79,,,,,,,,
PAE001113,revenue_recognized,2026-08-11 02:31:15,APP00240,CAN028,CMP006,JOB013,1.0,,,PAY00163,33.98,INR,,,,,REV00163,33.98,pay_per_application_fee,,,,,
PAE001114,application_started,2026-08-11 18:56:00,APP00241,CAN078,CMP019,JOB004,1.0,,,,,,,,,,,,,,,,,
PAE001115,application_submitted,2026-08-11 20:07:00,APP00241,CAN078,CMP019,JOB004,1.0,,,,,,,,,,,,,,,,,
PAE001116,application_eligible,2026-08-12 03:07:00,APP00241,CAN078,CMP019,JOB004,1.0,eligible,meets_demo_rules,,,,,,,,,,,,,,,
PAE001117,payment_initiated,2026-08-12 03:09:00,APP00241,CAN078,CMP019,JOB004,1.0,,,PAY00164,619.43,INR,upi,PayPerAppDemo,,,,,,,,,,
PAE001118,payment_captured,2026-08-12 03:09:19,APP00241,CAN078,CMP019,JOB004,1.0,,,PAY00164,619.43,INR,,PayPerAppDemo,GTX000164,619.43,,,,,,,,
PAE001119,revenue_recognized,2026-08-12 03:25:19,APP00241,CAN078,CMP019,JOB004,1.0,,,PAY00164,49.55,INR,,,,,REV00164,49.55,pay_per_application_fee,,,,,
PAE001120,application_started,2026-08-11 08:23:00,APP00242,CAN077,CMP005,JOB068,1.0,,,,,,,,,,,,,,,,,
PAE001121,application_started,2026-08-11 14:23:00,APP00243,CAN017,CMP025,JOB073,1.0,,,,,,,,,,,,,,,,,
PAE001122,application_submitted,2026-08-11 14:50:00,APP00243,CAN017,CMP025,JOB073,1.0,,,,,,,,,,,,,,,,,
PAE001123,application_eligible,2026-08-11 17:50:00,APP00243,CAN017,CMP025,JOB073,1.0,eligible,meets_demo_rules,,,,,,,,,,,,,,,
PAE001124,payment_initiated,2026-08-11 17:59:00,APP00243,CAN017,CMP025,JOB073,1.0,,,PAY00165,334.42,INR,upi,PayPerAppDemo,,,,,,,,,,
PAE001125,payment_captured,2026-08-11 17:59:12,APP00243,CAN017,CMP025,JOB073,1.0,,,PAY00165,334.42,INR,,PayPerAppDemo,GTX000165,334.42,,,,,,,,
PAE001126,revenue_recognized,2026-08-11 18:50:12,APP00243,CAN017,CMP025,JOB073,1.0,,,PAY00165,26.75,INR,,,,,REV00165,26.75,pay_per_application_fee,,,,,
PAE001127,application_started,2026-08-11 14:44:00,APP00244,CAN037,CMP033,JOB054,1.0,,,,,,,,,,,,,,,,,
PAE001128,application_submitted,2026-08-11 16:10:00,APP00244,CAN037,CMP033,JOB054,1.0,,,,,,,,,,,,,,,,,
PAE001129,application_eligible,2026-08-12 12:10:00,APP00244,CAN037,CMP033,JOB054,1.0,eligible,meets_demo_rules,,,,,,,,,,,,,,,
PAE001130,payment_initiated,2026-08-12 12:13:00,APP00244,CAN037,CMP033,JOB054,1.0,,,PAY00166,354.5,INR,netbanking,PayPerAppDemo,,,,,,,,,,
PAE001131,payment_captured,2026-08-12 12:14:48,APP00244,CAN037,CMP033,JOB054,1.0,,,PAY00166,354.5,INR,,PayPerAppDemo,GTX000166,354.5,,,,,,,,
PAE001132,revenue_recognized,2026-08-12 12:24:48,APP00244,CAN037,CMP033,JOB054,1.0,,,PAY00166,28.36,INR,,,,,REV00166,28.36,pay_per_application_fee,,,,,
PAE001133,application_started,2026-08-11 12:44:00,APP00245,CAN051,CMP038,JOB009,1.0,,,,,,,,,,,,,,,,,
PAE001134,application_submitted,2026-08-11 13:19:00,APP00245,CAN051,CMP038,JOB009,1.0,,,,,,,,,,,,,,,,,
PAE001135,application_eligible,2026-08-11 16:19:00,APP00245,CAN051,CMP038,JOB009,1.0,eligible,meets_demo_rules,,,,,,,,,,,,,,,
PAE001136,application_started,2026-08-11 17:03:00,APP00246,CAN015,CMP030,JOB079,1.0,,,,,,,,,,,,,,,,,
PAE001137,application_submitted,2026-08-11 18:32:00,APP00246,CAN015,CMP030,JOB079,1.0,,,,,,,,,,,,,,,,,
PAE001138,application_eligible,2026-08-11 22:32:00,APP00246,CAN015,CMP030,JOB079,1.0,eligible,meets_demo_rules,,,,,,,,,,,,,,,
PAE001139,payment_initiated,2026-08-11 22:33:00,APP00246,CAN015,CMP030,JOB079,1.0,,,PAY00167,421.51,INR,upi,PayPerAppDemo,,,,,,,,,,
PAE001140,payment_captured,2026-08-11 22:33:49,APP00246,CAN015,CMP030,JOB079,1.0,,,PAY00167,421.51,INR,,PayPerAppDemo,GTX000167,421.51,,,,,,,,
PAE001141,revenue_recognized,2026-08-11 23:07:49,APP00246,CAN015,CMP030,JOB079,1.0,,,PAY00167,33.72,INR,,,,,REV00167,33.72,pay_per_application_fee,,,,,
PAE001142,application_started,2026-08-11 13:08:00,APP00247,CAN093,CMP017,JOB022,1.0,,,,,,,,,,,,,,,,,
PAE001143,application_submitted,2026-08-11 13:47:00,APP00247,CAN093,CMP017,JOB022,1.0,,,,,,,,,,,,,,,,,
PAE001144,application_eligible,2026-08-11 17:47:00,APP00247,CAN093,CMP017,JOB022,1.0,eligible,meets_demo_rules,,,,,,,,,,,,,,,
PAE001145,payment_initiated,2026-08-11 18:13:00,APP00247,CAN093,CMP017,JOB022,1.0,,,PAY00168,286.7,INR,card,PayPerAppDemo,,,,,,,,,,
PAE001146,payment_captured,2026-08-11 18:13:13,APP00247,CAN093,CMP017,JOB022,1.0,,,PAY00168,286.7,INR,,PayPerAppDemo,GTX000168,286.7,,,,,,,,
PAE001147,revenue_recognized,2026-08-11 18:30:13,APP00247,CAN093,CMP017,JOB022,1.0,,,PAY00168,22.94,INR,,,,,REV00168,22.94,pay_per_application_fee,,,,,
PAE001148,application_started,2026-08-11 15:32:00,APP00248,CAN074,CMP005,JOB064,1.0,,,,,,,,,,,,,,,,,
PAE001149,application_submitted,2026-08-11 16:40:00,APP00248,CAN074,CMP005,JOB064,1.0,,,,,,,,,,,,,,,,,
PAE001150,application_started,2026-08-11 12:49:00,APP00249,CAN022,CMP024,JOB021,1.0,,,,,,,,,,,,,,,,,
PAE001151,application_submitted,2026-08-11 14:07:00,APP00249,CAN022,CMP024,JOB021,1.0,,,,,,,,,,,,,,,,,
PAE001152,application_eligible,2026-08-11 18:07:00,APP00249,CAN022,CMP024,JOB021,1.0,eligible,meets_demo_rules,,,,,,,,,,,,,,,
PAE001153,payment_initiated,2026-08-11 18:09:00,APP00249,CAN022,CMP024,JOB021,1.0,,,PAY00169,886.03,INR,upi,PayPerAppDemo,,,,,,,,,,
PAE001154,payment_captured,2026-08-11 18:10:05,APP00249,CAN022,CMP024,JOB021,1.0,,,PAY00169,886.03,INR,,PayPerAppDemo,GTX000169,886.03,,,,,,,,
PAE001155,revenue_recognized,2026-08-11 18:34:05,APP00249,CAN022,CMP024,JOB021,1.0,,,PAY00169,70.88,INR,,,,,REV00169,70.88,pay_per_application_fee,,,,,
PAE001156,application_started,2026-08-11 16:51:00,APP00250,CAN020,CMP012,JOB005,1.0,,,,,,,,,,,,,,,,,
PAE001157,application_started,2026-08-11 13:15:00,APP00251,CAN095,CMP027,JOB029,1.0,,,,,,,,,,,,,,,,,
PAE001158,application_submitted,2026-08-11 14:00:00,APP00251,CAN095,CMP027,JOB029,1.0,,,,,,,,,,,,,,,,,
PAE001159,application_eligible,2026-08-11 17:00:00,APP00251,CAN095,CMP027,JOB029,1.0,eligible,meets_demo_rules,,,,,,,,,,,,,,,
PAE001160,payment_initiated,2026-08-11 17:22:00,APP00251,CAN095,CMP027,JOB029,1.0,,,PAY00170,399.25,INR,upi,PayPerAppDemo,,,,,,,,,,
PAE001161,payment_captured,2026-08-11 17:23:47,APP00251,CAN095,CMP027,JOB029,1.0,,,PAY00170,399.25,INR,,PayPerAppDemo,GTX000170,399.25,,,,,,,,
PAE001162,revenue_recognized,2026-08-11 17:57:47,APP00251,CAN095,CMP027,JOB029,1.0,,,PAY00170,31.94,INR,,,,,REV00170,31.94,pay_per_application_fee,,,,,
PAE001163,application_started,2026-08-11 12:49:00,APP00252,CAN052,CMP005,JOB060,1.0,,,,,,,,,,,,,,,,,
PAE001164,application_submitted,2026-08-11 13:35:00,APP00252,CAN052,CMP005,JOB060,1.0,,,,,,,,,,,,,,,,,
PAE001165,application_eligible,2026-08-12 04:35:00,APP00252,CAN052,CMP005,JOB060,1.0,eligible,meets_demo_rules,,,,,,,,,,,,,,,
PAE001166,payment_initiated,2026-08-12 04:54:00,APP00252,CAN052,CMP005,JOB060,1.0,,,PAY00171,500.84,INR,card,PayPerAppDemo,,,,,,,,,,
PAE001167,payment_captured,2026-08-12 04:54:36,APP00252,CAN052,CMP005,JOB060,1.0,,,PAY00171,500.84,INR,,PayPerAppDemo,GTX000171,500.84,,,,,,,,
PAE001168,revenue_recognized,2026-08-12 05:24:36,APP00252,CAN052,CMP005,JOB060,1.0,,,PAY00171,40.07,INR,,,,,REV00171,40.07,pay_per_application_fee,,,,,
PAE001169,application_started,2026-08-11 11:09:00,APP00253,CAN064,CMP013,JOB070,1.0,,,,,,,,,,,,,,,,,
PAE001170,application_submitted,2026-08-11 12:06:00,APP00253,CAN064,CMP013,JOB070,1.0,,,,,,,,,,,,,,,,,
PAE001171,application_eligible,2026-08-12 06:06:00,APP00253,CAN064,CMP013,JOB070,1.0,eligible,meets_demo_rules,,,,,,,,,,,,,,,
PAE001172,payment_initiated,2026-08-12 06:35:00,APP00253,CAN064,CMP013,JOB070,1.0,,,PAY00172,1299.47,INR,upi,PayPerAppDemo,,,,,,,,,,
PAE001173,payment_failed,2026-08-12 06:35:05,APP00253,CAN064,CMP013,JOB070,1.0,,,PAY00172,1299.47,INR,,,,,,,,,,,INSUFFICIENT_FUNDS,demo_payment_failure
PAE001174,application_started,2026-08-11 11:33:00,APP00254,CAN049,CMP020,JOB014,1.0,,,,,,,,,,,,,,,,,
PAE001175,application_started,2026-08-11 10:45:00,APP00255,CAN054,CMP032,JOB008,1.0,,,,,,,,,,,,,,,,,
PAE001176,application_submitted,2026-08-11 10:55:00,APP00255,CAN054,CMP032,JOB008,1.0,,,,,,,,,,,,,,,,,
PAE001177,application_started,2026-08-11 15:47:00,APP00256,CAN067,CMP027,JOB048,1.0,,,,,,,,,,,,,,,,,
PAE001178,application_submitted,2026-08-11 16:04:00,APP00256,CAN067,CMP027,JOB048,1.0,,,,,,,,,,,,,,,,,
PAE001179,application_eligible,2026-08-12 13:04:00,APP00256,CAN067,CMP027,JOB048,1.0,eligible,meets_demo_rules,,,,,,,,,,,,,,,
PAE001180,payment_initiated,2026-08-12 13:23:00,APP00256,CAN067,CMP027,JOB048,1.0,,,PAY00173,343.54,INR,upi,PayPerAppDemo,,,,,,,,,,
PAE001181,payment_captured,2026-08-12 13:23:21,APP00256,CAN067,CMP027,JOB048,1.0,,,PAY00173,343.54,INR,,PayPerAppDemo,GTX000173,343.54,,,,,,,,
PAE001182,revenue_recognized,2026-08-12 13:39:21,APP00256,CAN067,CMP027,JOB048,1.0,,,PAY00173,27.48,INR,,,,,REV00173,27.48,pay_per_application_fee,,,,,
PAE001183,application_started,2026-08-11 13:28:00,APP00257,CAN041,CMP026,JOB042,1.0,,,,,,,,,,,,,,,,,
PAE001184,application_submitted,2026-08-11 13:42:00,APP00257,CAN041,CMP026,JOB042,1.0,,,,,,,,,,,,,,,,,
PAE001185,application_started,2026-08-11 10:06:00,APP00258,CAN018,CMP038,JOB014,1.0,,,,,,,,,,,,,,,,,
PAE001186,application_submitted,2026-08-11 11:10:00,APP00258,CAN018,CMP038,JOB014,1.0,,,,,,,,,,,,,,,,,
PAE001187,application_eligible,2026-08-11 15:10:00,APP00258,CAN018,CMP038,JOB014,1.0,eligible,meets_demo_rules,,,,,,,,,,,,,,,
PAE001188,payment_initiated,2026-08-11 15:17:00,APP00258,CAN018,CMP038,JOB014,1.0,,,PAY00174,1455.79,INR,card,PayPerAppDemo,,,,,,,,,,
PAE001189,payment_captured,2026-08-11 15:17:38,APP00258,CAN018,CMP038,JOB014,1.0,,,PAY00174,1455.79,INR,,PayPerAppDemo,GTX000174,1455.79,,,,,,,,
PAE001190,revenue_recognized,2026-08-11 16:12:38,APP00258,CAN018,CMP038,JOB014,1.0,,,PAY00174,116.46,INR,,,,,REV00174,116.46,pay_per_application_fee,,,,,
PAE001191,application_started,2026-08-11 08:13:00,APP00259,CAN021,CMP020,JOB078,1.0,,,,,,,,,,,,,,,,,
PAE001192,application_submitted,2026-08-11 08:59:00,APP00259,CAN021,CMP020,JOB078,1.0,,,,,,,,,,,,,,,,,
PAE001193,application_eligible,2026-08-12 07:59:00,APP00259,CAN021,CMP020,JOB078,1.0,eligible,meets_demo_rules,,,,,,,,,,,,,,,
PAE001194,payment_initiated,2026-08-12 08:16:00,APP00259,CAN021,CMP020,JOB078,1.0,,,PAY00175,694.68,INR,upi,PayPerAppDemo,,,,,,,,,,
PAE001195,payment_captured,2026-08-12 08:16:38,APP00259,CAN021,CMP020,JOB078,1.0,,,PAY00175,694.68,INR,,PayPerAppDemo,GTX000175,694.68,,,,,,,,
PAE001196,revenue_recognized,2026-08-12 09:09:38,APP00259,CAN021,CMP020,JOB078,1.0,,,PAY00175,55.57,INR,,,,,REV00175,55.57,pay_per_application_fee,,,,,
PAE001197,application_started,2026-08-11 16:47:00,APP00260,CAN004,CMP026,JOB058,1.0,,,,,,,,,,,,,,,,,
PAE001198,application_submitted,2026-08-11 17:04:00,APP00260,CAN004,CMP026,JOB058,1.0,,,,,,,,,,,,,,,,,
PAE001199,application_eligible,2026-08-11 22:04:00,APP00260,CAN004,CMP026,JOB058,1.0,eligible,meets_demo_rules,,,,,,,,,,,,,,,
PAE001200,payment_initiated,2026-08-11 22:29:00,APP00260,CAN004,CMP026,JOB058,1.0,,,PAY00176,327.09,INR,upi,PayPerAppDemo,,,,,,,,,,
PAE001201,payment_captured,2026-08-11 22:30:50,APP00260,CAN004,CMP026,JOB058,1.0,,,PAY00176,327.09,INR,,PayPerAppDemo,GTX000176,327.09,,,,,,,,
PAE001202,revenue_recognized,2026-08-11 22:56:50,APP00260,CAN004,CMP026,JOB058,1.0,,,PAY00176,26.17,INR,,,,,REV00176,26.17,pay_per_application_fee,,,,,
PAE001203,application_started,2026-08-11 17:16:00,APP00261,CAN081,CMP006,JOB075,1.0,,,,,,,,,,,,,,,,,
PAE001204,application_started,2026-08-11 11:57:00,APP00262,CAN010,CMP002,JOB009,1.0,,,,,,,,,,,,,,,,,
PAE001205,application_submitted,2026-08-11 12:18:00,APP00262,CAN010,CMP002,JOB009,1.0,,,,,,,,,,,,,,,,,
PAE001206,application_eligible,2026-08-11 23:18:00,APP00262,CAN010,CMP002,JOB009,1.0,eligible,meets_demo_rules,,,,,,,,,,,,,,,
PAE001207,payment_initiated,2026-08-11 23:20:00,APP00262,CAN010,CMP002,JOB009,1.0,,,PAY00177,1427.85,INR,upi,PayPerAppDemo,,,,,,,,,,
PAE001208,payment_captured,2026-08-11 23:21:00,APP00262,CAN010,CMP002,JOB009,1.0,,,PAY00177,1427.85,INR,,PayPerAppDemo,GTX000177,1427.85,,,,,,,,
PAE001209,revenue_recognized,2026-08-12 00:14:00,APP00262,CAN010,CMP002,JOB009,1.0,,,PAY00177,114.23,INR,,,,,REV00177,114.23,pay_per_application_fee,,,,,
PAE001210,application_started,2026-08-11 18:27:00,APP00263,CAN064,CMP002,JOB049,1.0,,,,,,,,,,,,,,,,,
PAE001211,application_submitted,2026-08-11 18:59:00,APP00263,CAN064,CMP002,JOB049,1.0,,,,,,,,,,,,,,,,,
PAE001212,application_started,2026-08-11 10:02:00,APP00264,CAN036,CMP018,JOB058,1.0,,,,,,,,,,,,,,,,,
PAE001213,application_submitted,2026-08-11 11:25:00,APP00264,CAN036,CMP018,JOB058,1.0,,,,,,,,,,,,,,,,,
PAE001214,application_eligible,2026-08-11 21:25:00,APP00264,CAN036,CMP018,JOB058,1.0,eligible,meets_demo_rules,,,,,,,,,,,,,,,
PAE001215,payment_initiated,2026-08-11 21:41:00,APP00264,CAN036,CMP018,JOB058,1.0,,,PAY00178,1353.47,INR,upi,PayPerAppDemo,,,,,,,,,,
PAE001216,payment_captured,2026-08-11 21:41:54,APP00264,CAN036,CMP018,JOB058,1.0,,,PAY00178,1353.47,INR,,PayPerAppDemo,GTX000178,1353.47,,,,,,,,
PAE001217,revenue_recognized,2026-08-11 21:50:54,APP00264,CAN036,CMP018,JOB058,1.0,,,PAY00178,108.28,INR,,,,,REV00178,108.28,pay_per_application_fee,,,,,
PAE001218,application_started,2026-08-12 18:51:00,APP00265,CAN083,CMP034,JOB032,1.0,,,,,,,,,,,,,,,,,
PAE001219,application_submitted,2026-08-12 18:58:00,APP00265,CAN083,CMP034,JOB032,1.0,,,,,,,,,,,,,,,,,
PAE001220,application_started,2026-08-12 16:50:00,APP00266,CAN092,CMP023,JOB062,1.0,,,,,,,,,,,,,,,,,
PAE001221,application_submitted,2026-08-12 18:07:00,APP00266,CAN092,CMP023,JOB062,1.0,,,,,,,,,,,,,,,,,
PAE001222,application_eligible,2026-08-13 07:07:00,APP00266,CAN092,CMP023,JOB062,1.0,eligible,meets_demo_rules,,,,,,,,,,,,,,,
PAE001223,payment_initiated,2026-08-13 07:27:00,APP00266,CAN092,CMP023,JOB062,1.0,,,PAY00179,282.58,INR,upi,PayPerAppDemo,,,,,,,,,,
PAE001224,payment_captured,2026-08-13 07:28:48,APP00266,CAN092,CMP023,JOB062,1.0,,,PAY00179,282.58,INR,,PayPerAppDemo,GTX000179,282.58,,,,,,,,
PAE001225,revenue_recognized,2026-08-13 08:18:48,APP00266,CAN092,CMP023,JOB062,1.0,,,PAY00179,22.61,INR,,,,,REV00179,22.61,pay_per_application_fee,,,,,
PAE001226,application_started,2026-08-12 17:14:00,APP00267,CAN061,CMP034,JOB046,1.0,,,,,,,,,,,,,,,,,
PAE001227,application_started,2026-08-12 12:34:00,APP00268,CAN013,CMP016,JOB031,1.0,,,,,,,,,,,,,,,,,
PAE001228,application_submitted,2026-08-12 12:46:00,APP00268,CAN013,CMP016,JOB031,1.0,,,,,,,,,,,,,,,,,
PAE001229,application_eligible,2026-08-12 20:46:00,APP00268,CAN013,CMP016,JOB031,1.0,eligible,meets_demo_rules,,,,,,,,,,,,,,,
PAE001230,payment_initiated,2026-08-12 20:59:00,APP00268,CAN013,CMP016,JOB031,1.0,,,PAY00180,1478.33,INR,card,PayPerAppDemo,,,,,,,,,,
PAE001231,payment_captured,2026-08-12 21:00:53,APP00268,CAN013,CMP016,JOB031,1.0,,,PAY00180,1478.33,INR,,PayPerAppDemo,GTX000180,1478.33,,,,,,,,
PAE001232,revenue_recognized,2026-08-12 21:12:53,APP00268,CAN013,CMP016,JOB031,1.0,,,PAY00180,118.27,INR,,,,,REV00180,118.27,pay_per_application_fee,,,,,
PAE001233,application_started,2026-08-12 17:01:00,APP00269,CAN076,CMP021,JOB046,1.0,,,,,,,,,,,,,,,,,
PAE001234,application_submitted,2026-08-12 17:51:00,APP00269,CAN076,CMP021,JOB046,1.0,,,,,,,,,,,,,,,,,
PAE001235,application_started,2026-08-12 11:53:00,APP00270,CAN073,CMP010,JOB073,1.0,,,,,,,,,,,,,,,,,
PAE001236,application_started,2026-08-12 10:31:00,APP00271,CAN064,CMP035,JOB040,1.0,,,,,,,,,,,,,,,,,
PAE001237,application_submitted,2026-08-12 10:43:00,APP00271,CAN064,CMP035,JOB040,1.0,,,,,,,,,,,,,,,,,
PAE001238,application_eligible,2026-08-12 18:43:00,APP00271,CAN064,CMP035,JOB040,1.0,eligible,meets_demo_rules,,,,,,,,,,,,,,,
PAE001239,payment_initiated,2026-08-12 18:54:00,APP00271,CAN064,CMP035,JOB040,1.0,,,PAY00181,847.49,INR,netbanking,PayPerAppDemo,,,,,,,,,,
PAE001240,payment_captured,2026-08-12 18:54:21,APP00271,CAN064,CMP035,JOB040,1.0,,,PAY00181,847.49,INR,,PayPerAppDemo,GTX000181,847.49,,,,,,,,
PAE001241,revenue_recognized,2026-08-12 19:16:21,APP00271,CAN064,CMP035,JOB040,1.0,,,PAY00181,67.8,INR,,,,,REV00181,67.8,pay_per_application_fee,,,,,
PAE001242,application_started,2026-08-12 10:37:00,APP00272,CAN042,CMP004,JOB003,1.0,,,,,,,,,,,,,,,,,
PAE001243,application_submitted,2026-08-12 11:00:00,APP00272,CAN042,CMP004,JOB003,1.0,,,,,,,,,,,,,,,,,
PAE001244,application_eligible,2026-08-13 04:00:00,APP00272,CAN042,CMP004,JOB003,1.0,eligible,meets_demo_rules,,,,,,,,,,,,,,,
PAE001245,payment_initiated,2026-08-13 04:12:00,APP00272,CAN042,CMP004,JOB003,1.0,,,PAY00182,1450.7,INR,netbanking,PayPerAppDemo,,,,,,,,,,
PAE001246,payment_failed,2026-08-13 04:12:55,APP00272,CAN042,CMP004,JOB003,1.0,,,PAY00182,1450.7,INR,,,,,,,,,,,INSUFFICIENT_FUNDS,demo_payment_failure
PAE001247,application_started,2026-08-12 13:08:00,APP00273,CAN013,CMP022,JOB039,1.0,,,,,,,,,,,,,,,,,
PAE001248,application_started,2026-08-12 18:20:00,APP00274,CAN094,CMP028,JOB063,1.0,,,,,,,,,,,,,,,,,
PAE001249,application_submitted,2026-08-12 19:36:00,APP00274,CAN094,CMP028,JOB063,1.0,,,,,,,,,,,,,,,,,
PAE001250,application_eligible,2026-08-13 15:36:00,APP00274,CAN094,CMP028,JOB063,1.0,eligible,meets_demo_rules,,,,,,,,,,,,,,,
PAE001251,payment_initiated,2026-08-13 15:55:00,APP00274,CAN094,CMP028,JOB063,1.0,,,PAY00183,529.05,INR,upi,PayPerAppDemo,,,,,,,,,,
PAE001252,payment_captured,2026-08-13 15:56:38,APP00274,CAN094,CMP028,JOB063,1.0,,,PAY00183,529.05,INR,,PayPerAppDemo,GTX000183,529.05,,,,,,,,
PAE001253,revenue_recognized,2026-08-13 16:41:38,APP00274,CAN094,CMP028,JOB063,1.0,,,PAY00183,42.32,INR,,,,,REV00183,42.32,pay_per_application_fee,,,,,
PAE001254,application_started,2026-08-12 14:54:00,APP00275,CAN023,CMP001,JOB074,1.0,,,,,,,,,,,,,,,,,
PAE001255,application_started,2026-08-12 17:20:00,APP00276,CAN073,CMP003,JOB024,1.0,,,,,,,,,,,,,,,,,
PAE001256,application_started,2026-08-12 09:59:00,APP00277,CAN079,CMP015,JOB073,1.0,,,,,,,,,,,,,,,,,
PAE001257,application_submitted,2026-08-12 10:46:00,APP00277,CAN079,CMP015,JOB073,1.0,,,,,,,,,,,,,,,,,
PAE001258,application_eligible,2026-08-12 18:46:00,APP00277,CAN079,CMP015,JOB073,1.0,eligible,meets_demo_rules,,,,,,,,,,,,,,,
PAE001259,payment_initiated,2026-08-12 19:07:00,APP00277,CAN079,CMP015,JOB073,1.0,,,PAY00184,649.4,INR,upi,PayPerAppDemo,,,,,,,,,,
PAE001260,payment_captured,2026-08-12 19:08:30,APP00277,CAN079,CMP015,JOB073,1.0,,,PAY00184,649.4,INR,,PayPerAppDemo,GTX000184,649.4,,,,,,,,
PAE001261,revenue_recognized,2026-08-12 19:49:30,APP00277,CAN079,CMP015,JOB073,1.0,,,PAY00184,51.95,INR,,,,,REV00184,51.95,pay_per_application_fee,,,,,
PAE001262,application_started,2026-08-12 12:13:00,APP00278,CAN043,CMP029,JOB002,1.0,,,,,,,,,,,,,,,,,
PAE001263,application_submitted,2026-08-12 12:26:00,APP00278,CAN043,CMP029,JOB002,1.0,,,,,,,,,,,,,,,,,
PAE001264,application_eligible,2026-08-12 16:26:00,APP00278,CAN043,CMP029,JOB002,1.0,eligible,meets_demo_rules,,,,,,,,,,,,,,,
PAE001265,payment_initiated,2026-08-12 16:41:00,APP00278,CAN043,CMP029,JOB002,1.0,,,PAY00185,310.18,INR,netbanking,PayPerAppDemo,,,,,,,,,,
PAE001266,payment_captured,2026-08-12 16:41:26,APP00278,CAN043,CMP029,JOB002,1.0,,,PAY00185,310.18,INR,,PayPerAppDemo,GTX000185,310.18,,,,,,,,
PAE001267,revenue_recognized,2026-08-12 17:38:26,APP00278,CAN043,CMP029,JOB002,1.0,,,PAY00185,24.81,INR,,,,,REV00185,24.81,pay_per_application_fee,,,,,
PAE001268,application_started,2026-08-12 14:06:00,APP00279,CAN049,CMP023,JOB070,1.0,,,,,,,,,,,,,,,,,
PAE001269,application_submitted,2026-08-12 15:24:00,APP00279,CAN049,CMP023,JOB070,1.0,,,,,,,,,,,,,,,,,
PAE001270,application_eligible,2026-08-13 13:24:00,APP00279,CAN049,CMP023,JOB070,1.0,eligible,meets_demo_rules,,,,,,,,,,,,,,,
PAE001271,payment_initiated,2026-08-13 13:50:00,APP00279,CAN049,CMP023,JOB070,1.0,,,PAY00186,814.11,INR,upi,PayPerAppDemo,,,,,,,,,,
PAE001272,payment_captured,2026-08-13 13:50:45,APP00279,CAN049,CMP023,JOB070,1.0,,,PAY00186,814.11,INR,,PayPerAppDemo,GTX000186,814.11,,,,,,,,
PAE001273,revenue_recognized,2026-08-13 14:07:45,APP00279,CAN049,CMP023,JOB070,1.0,,,PAY00186,65.13,INR,,,,,REV00186,65.13,pay_per_application_fee,,,,,
PAE001274,application_started,2026-08-12 14:10:00,APP00280,CAN010,CMP022,JOB022,1.0,,,,,,,,,,,,,,,,,
PAE001275,application_submitted,2026-08-12 15:25:00,APP00280,CAN010,CMP022,JOB022,1.0,,,,,,,,,,,,,,,,,
PAE001276,application_started,2026-08-12 17:57:00,APP00281,CAN012,CMP022,JOB077,1.0,,,,,,,,,,,,,,,,,
PAE001277,application_submitted,2026-08-12 18:05:00,APP00281,CAN012,CMP022,JOB077,1.0,,,,,,,,,,,,,,,,,
PAE001278,application_eligible,2026-08-13 15:05:00,APP00281,CAN012,CMP022,JOB077,1.0,eligible,meets_demo_rules,,,,,,,,,,,,,,,
PAE001279,payment_initiated,2026-08-13 15:11:00,APP00281,CAN012,CMP022,JOB077,1.0,,,PAY00187,1362.19,INR,upi,PayPerAppDemo,,,,,,,,,,
PAE001280,payment_captured,2026-08-13 15:11:31,APP00281,CAN012,CMP022,JOB077,1.0,,,PAY00187,1362.19,INR,,PayPerAppDemo,GTX000187,1362.19,,,,,,,,
PAE001281,revenue_recognized,2026-08-13 15:24:31,APP00281,CAN012,CMP022,JOB077,1.0,,,PAY00187,108.98,INR,,,,,REV00187,108.98,pay_per_application_fee,,,,,
PAE001282,application_started,2026-08-12 18:18:00,APP00282,CAN071,CMP035,JOB034,1.0,,,,,,,,,,,,,,,,,
PAE001283,application_submitted,2026-08-12 18:35:00,APP00282,CAN071,CMP035,JOB034,1.0,,,,,,,,,,,,,,,,,
PAE001284,application_eligible,2026-08-13 13:35:00,APP00282,CAN071,CMP035,JOB034,1.0,eligible,meets_demo_rules,,,,,,,,,,,,,,,
PAE001285,payment_initiated,2026-08-13 13:37:00,APP00282,CAN071,CMP035,JOB034,1.0,,,PAY00188,863.69,INR,card,PayPerAppDemo,,,,,,,,,,
PAE001286,payment_captured,2026-08-13 13:37:16,APP00282,CAN071,CMP035,JOB034,1.0,,,PAY00188,863.69,INR,,PayPerAppDemo,GTX000188,863.69,,,,,,,,
PAE001287,revenue_recognized,2026-08-13 13:56:16,APP00282,CAN071,CMP035,JOB034,1.0,,,PAY00188,69.1,INR,,,,,REV00188,69.1,pay_per_application_fee,,,,,
PAE001288,application_started,2026-08-12 11:06:00,APP00283,CAN081,CMP039,JOB062,1.0,,,,,,,,,,,,,,,,,
PAE001289,application_submitted,2026-08-12 11:32:00,APP00283,CAN081,CMP039,JOB062,1.0,,,,,,,,,,,,,,,,,
PAE001290,application_eligible,2026-08-12 14:32:00,APP00283,CAN081,CMP039,JOB062,1.0,eligible,meets_demo_rules,,,,,,,,,,,,,,,
PAE001291,payment_initiated,2026-08-12 14:58:00,APP00283,CAN081,CMP039,JOB062,1.0,,,PAY00189,394.39,INR,card,PayPerAppDemo,,,,,,,,,,
PAE001292,payment_captured,2026-08-12 14:59:59,APP00283,CAN081,CMP039,JOB062,1.0,,,PAY00189,394.39,INR,,PayPerAppDemo,GTX000189,394.39,,,,,,,,
PAE001293,revenue_recognized,2026-08-12 15:42:59,APP00283,CAN081,CMP039,JOB062,1.0,,,PAY00189,31.55,INR,,,,,REV00189,31.55,pay_per_application_fee,,,,,
PAE001294,application_started,2026-08-12 10:23:00,APP00284,CAN083,CMP035,JOB050,1.0,,,,,,,,,,,,,,,,,
PAE001295,application_started,2026-08-12 08:16:00,APP00285,CAN048,CMP012,JOB058,1.0,,,,,,,,,,,,,,,,,
PAE001296,application_submitted,2026-08-12 08:54:00,APP00285,CAN048,CMP012,JOB058,1.0,,,,,,,,,,,,,,,,,
PAE001297,application_eligible,2026-08-12 17:54:00,APP00285,CAN048,CMP012,JOB058,1.0,eligible,meets_demo_rules,,,,,,,,,,,,,,,
PAE001298,payment_initiated,2026-08-12 18:17:00,APP00285,CAN048,CMP012,JOB058,1.0,,,PAY00190,438.91,INR,netbanking,PayPerAppDemo,,,,,,,,,,
PAE001299,payment_captured,2026-08-12 18:18:30,APP00285,CAN048,CMP012,JOB058,1.0,,,PAY00190,438.91,INR,,PayPerAppDemo,GTX000190,438.91,,,,,,,,
PAE001300,revenue_recognized,2026-08-12 18:41:30,APP00285,CAN048,CMP012,JOB058,1.0,,,PAY00190,35.11,INR,,,,,REV00190,35.11,pay_per_application_fee,,,,,
PAE001301,application_started,2026-08-12 16:03:00,APP00286,CAN053,CMP038,JOB030,1.0,,,,,,,,,,,,,,,,,
PAE001302,application_submitted,2026-08-12 17:14:00,APP00286,CAN053,CMP038,JOB030,1.0,,,,,,,,,,,,,,,,,
PAE001303,application_eligible,2026-08-13 11:14:00,APP00286,CAN053,CMP038,JOB030,1.0,eligible,meets_demo_rules,,,,,,,,,,,,,,,
PAE001304,payment_initiated,2026-08-13 11:33:00,APP00286,CAN053,CMP038,JOB030,1.0,,,PAY00191,1420.45,INR,upi,PayPerAppDemo,,,,,,,,,,
PAE001305,payment_captured,2026-08-13 11:33:15,APP00286,CAN053,CMP038,JOB030,1.0,,,PAY00191,1420.45,INR,,PayPerAppDemo,GTX000191,1420.45,,,,,,,,
PAE001306,revenue_recognized,2026-08-13 11:59:15,APP00286,CAN053,CMP038,JOB030,1.0,,,PAY00191,113.64,INR,,,,,REV00191,113.64,pay_per_application_fee,,,,,
PAE001307,application_started,2026-08-12 17:57:00,APP00287,CAN092,CMP003,JOB065,1.0,,,,,,,,,,,,,,,,,
PAE001308,application_submitted,2026-08-12 19:15:00,APP00287,CAN092,CMP003,JOB065,1.0,,,,,,,,,,,,,,,,,
PAE001309,application_eligible,2026-08-13 15:15:00,APP00287,CAN092,CMP003,JOB065,1.0,eligible,meets_demo_rules,,,,,,,,,,,,,,,
PAE001310,payment_initiated,2026-08-13 15:30:00,APP00287,CAN092,CMP003,JOB065,1.0,,,PAY00192,1436.57,INR,upi,PayPerAppDemo,,,,,,,,,,
PAE001311,payment_failed,2026-08-13 15:30:26,APP00287,CAN092,CMP003,JOB065,1.0,,,PAY00192,1436.57,INR,,,,,,,,,,,DECLINED,demo_payment_failure
PAE001312,application_started,2026-08-12 14:05:00,APP00288,CAN025,CMP009,JOB006,1.0,,,,,,,,,,,,,,,,,
PAE001313,application_started,2026-08-13 17:16:00,APP00289,CAN056,CMP013,JOB019,1.0,,,,,,,,,,,,,,,,,
PAE001314,application_submitted,2026-08-13 17:29:00,APP00289,CAN056,CMP013,JOB019,1.0,,,,,,,,,,,,,,,,,
PAE001315,application_eligible,2026-08-14 11:29:00,APP00289,CAN056,CMP013,JOB019,1.0,eligible,meets_demo_rules,,,,,,,,,,,,,,,
PAE001316,payment_initiated,2026-08-14 11:38:00,APP00289,CAN056,CMP013,JOB019,1.0,,,PAY00193,657.66,INR,netbanking,PayPerAppDemo,,,,,,,,,,
PAE001317,payment_captured,2026-08-14 11:39:56,APP00289,CAN056,CMP013,JOB019,1.0,,,PAY00193,657.66,INR,,PayPerAppDemo,GTX000193,657.66,,,,,,,,
PAE001318,revenue_recognized,2026-08-14 11:40:56,APP00289,CAN056,CMP013,JOB019,1.0,,,PAY00193,52.61,INR,,,,,REV00193,52.61,pay_per_application_fee,,,,,
PAE001319,application_started,2026-08-13 14:07:00,APP00290,CAN080,CMP038,JOB067,1.0,,,,,,,,,,,,,,,,,
PAE001320,application_submitted,2026-08-13 14:30:00,APP00290,CAN080,CMP038,JOB067,1.0,,,,,,,,,,,,,,,,,
PAE001321,application_eligible,2026-08-14 09:30:00,APP00290,CAN080,CMP038,JOB067,1.0,eligible,meets_demo_rules,,,,,,,,,,,,,,,
PAE001322,payment_initiated,2026-08-14 10:00:00,APP00290,CAN080,CMP038,JOB067,1.0,,,PAY00194,1424.56,INR,upi,PayPerAppDemo,,,,,,,,,,
PAE001323,payment_captured,2026-08-14 10:00:17,APP00290,CAN080,CMP038,JOB067,1.0,,,PAY00194,1424.56,INR,,PayPerAppDemo,GTX000194,1424.56,,,,,,,,
PAE001324,revenue_recognized,2026-08-14 10:51:17,APP00290,CAN080,CMP038,JOB067,1.0,,,PAY00194,113.96,INR,,,,,REV00194,113.96,pay_per_application_fee,,,,,
PAE001325,application_started,2026-08-13 12:24:00,APP00291,CAN069,CMP023,JOB053,1.0,,,,,,,,,,,,,,,,,
PAE001326,application_submitted,2026-08-13 13:42:00,APP00291,CAN069,CMP023,JOB053,1.0,,,,,,,,,,,,,,,,,
PAE001327,application_eligible,2026-08-13 15:42:00,APP00291,CAN069,CMP023,JOB053,1.0,eligible,meets_demo_rules,,,,,,,,,,,,,,,
PAE001328,payment_initiated,2026-08-13 16:02:00,APP00291,CAN069,CMP023,JOB053,1.0,,,PAY00195,753.72,INR,netbanking,PayPerAppDemo,,,,,,,,,,
PAE001329,payment_captured,2026-08-13 16:02:56,APP00291,CAN069,CMP023,JOB053,1.0,,,PAY00195,753.72,INR,,PayPerAppDemo,GTX000195,753.72,,,,,,,,
PAE001330,revenue_recognized,2026-08-13 16:05:56,APP00291,CAN069,CMP023,JOB053,1.0,,,PAY00195,60.3,INR,,,,,REV00195,60.3,pay_per_application_fee,,,,,
PAE001331,application_started,2026-08-13 15:58:00,APP00292,CAN043,CMP016,JOB007,1.0,,,,,,,,,,,,,,,,,
PAE001332,application_submitted,2026-08-13 16:50:00,APP00292,CAN043,CMP016,JOB007,1.0,,,,,,,,,,,,,,,,,
PAE001333,application_eligible,2026-08-14 02:50:00,APP00292,CAN043,CMP016,JOB007,1.0,eligible,meets_demo_rules,,,,,,,,,,,,,,,
PAE001334,payment_initiated,2026-08-14 03:18:00,APP00292,CAN043,CMP016,JOB007,1.0,,,PAY00196,1303.56,INR,netbanking,PayPerAppDemo,,,,,,,,,,
PAE001335,payment_captured,2026-08-14 03:19:56,APP00292,CAN043,CMP016,JOB007,1.0,,,PAY00196,1303.56,INR,,PayPerAppDemo,GTX000196,1303.56,,,,,,,,
PAE001336,revenue_recognized,2026-08-14 03:34:56,APP00292,CAN043,CMP016,JOB007,1.0,,,PAY00196,104.28,INR,,,,,REV00196,104.28,pay_per_application_fee,,,,,
PAE001337,application_started,2026-08-13 12:46:00,APP00293,CAN096,CMP029,JOB042,1.0,,,,,,,,,,,,,,,,,
PAE001338,application_submitted,2026-08-13 14:13:00,APP00293,CAN096,CMP029,JOB042,1.0,,,,,,,,,,,,,,,,,
PAE001339,application_eligible,2026-08-14 05:13:00,APP00293,CAN096,CMP029,JOB042,1.0,eligible,meets_demo_rules,,,,,,,,,,,,,,,
PAE001340,payment_initiated,2026-08-14 05:37:00,APP00293,CAN096,CMP029,JOB042,1.0,,,PAY00197,1279.96,INR,card,PayPerAppDemo,,,,,,,,,,
PAE001341,payment_captured,2026-08-14 05:38:56,APP00293,CAN096,CMP029,JOB042,1.0,,,PAY00197,1279.96,INR,,PayPerAppDemo,GTX000197,1279.96,,,,,,,,
PAE001342,revenue_recognized,2026-08-14 06:02:56,APP00293,CAN096,CMP029,JOB042,1.0,,,PAY00197,102.4,INR,,,,,REV00197,102.4,pay_per_application_fee,,,,,
PAE001343,application_started,2026-08-13 12:45:00,APP00294,CAN066,CMP011,JOB009,1.0,,,,,,,,,,,,,,,,,
PAE001344,application_submitted,2026-08-13 13:07:00,APP00294,CAN066,CMP011,JOB009,1.0,,,,,,,,,,,,,,,,,
PAE001345,application_eligible,2026-08-14 06:07:00,APP00294,CAN066,CMP011,JOB009,1.0,eligible,meets_demo_rules,,,,,,,,,,,,,,,
PAE001346,payment_initiated,2026-08-14 06:14:00,APP00294,CAN066,CMP011,JOB009,1.0,,,PAY00198,286.19,INR,upi,PayPerAppDemo,,,,,,,,,,
PAE001347,payment_captured,2026-08-14 06:14:36,APP00294,CAN066,CMP011,JOB009,1.0,,,PAY00198,286.19,INR,,PayPerAppDemo,GTX000198,286.19,,,,,,,,
PAE001348,revenue_recognized,2026-08-14 06:17:36,APP00294,CAN066,CMP011,JOB009,1.0,,,PAY00198,22.9,INR,,,,,REV00198,22.9,pay_per_application_fee,,,,,
PAE001349,application_started,2026-08-13 13:52:00,APP00295,CAN047,CMP013,JOB036,1.0,,,,,,,,,,,,,,,,,
PAE001350,application_submitted,2026-08-13 14:47:00,APP00295,CAN047,CMP013,JOB036,1.0,,,,,,,,,,,,,,,,,
PAE001351,application_eligible,2026-08-13 18:47:00,APP00295,CAN047,CMP013,JOB036,1.0,eligible,meets_demo_rules,,,,,,,,,,,,,,,
PAE001352,payment_initiated,2026-08-13 19:03:00,APP00295,CAN047,CMP013,JOB036,1.0,,,PAY00199,552.42,INR,netbanking,PayPerAppDemo,,,,,,,,,,
PAE001353,payment_captured,2026-08-13 19:04:56,APP00295,CAN047,CMP013,JOB036,1.0,,,PAY00199,552.42,INR,,PayPerAppDemo,GTX000199,552.42,,,,,,,,
PAE001354,revenue_recognized,2026-08-13 19:35:56,APP00295,CAN047,CMP013,JOB036,1.0,,,PAY00199,44.19,INR,,,,,REV00199,44.19,pay_per_application_fee,,,,,
PAE001355,application_started,2026-08-13 12:47:00,APP00296,CAN045,CMP023,JOB021,1.0,,,,,,,,,,,,,,,,,
PAE001356,application_submitted,2026-08-13 13:03:00,APP00296,CAN045,CMP023,JOB021,1.0,,,,,,,,,,,,,,,,,
PAE001357,application_eligible,2026-08-14 02:03:00,APP00296,CAN045,CMP023,JOB021,1.0,eligible,meets_demo_rules,,,,,,,,,,,,,,,
PAE001358,payment_initiated,2026-08-14 02:28:00,APP00296,CAN045,CMP023,JOB021,1.0,,,PAY00200,1317.28,INR,upi,PayPerAppDemo,,,,,,,,,,
PAE001359,payment_captured,2026-08-14 02:29:27,APP00296,CAN045,CMP023,JOB021,1.0,,,PAY00200,1317.28,INR,,PayPerAppDemo,GTX000200,1317.28,,,,,,,,
PAE001360,revenue_recognized,2026-08-14 02:44:27,APP00296,CAN045,CMP023,JOB021,1.0,,,PAY00200,105.38,INR,,,,,REV00200,105.38,pay_per_application_fee,,,,,
PAE001361,application_started,2026-08-13 08:55:00,APP00297,CAN035,CMP027,JOB066,1.0,,,,,,,,,,,,,,,,,
PAE001362,application_submitted,2026-08-13 09:01:00,APP00297,CAN035,CMP027,JOB066,1.0,,,,,,,,,,,,,,,,,
PAE001363,application_eligible,2026-08-13 14:01:00,APP00297,CAN035,CMP027,JOB066,1.0,eligible,meets_demo_rules,,,,,,,,,,,,,,,
PAE001364,payment_initiated,2026-08-13 14:02:00,APP00297,CAN035,CMP027,JOB066,1.0,,,PAY00201,1001.43,INR,upi,PayPerAppDemo,,,,,,,,,,
PAE001365,payment_captured,2026-08-13 14:03:48,APP00297,CAN035,CMP027,JOB066,1.0,,,PAY00201,1001.43,INR,,PayPerAppDemo,GTX000201,1001.43,,,,,,,,
PAE001366,revenue_recognized,2026-08-13 14:23:48,APP00297,CAN035,CMP027,JOB066,1.0,,,PAY00201,80.11,INR,,,,,REV00201,80.11,pay_per_application_fee,,,,,
PAE001367,application_started,2026-08-13 14:54:00,APP00298,CAN091,CMP018,JOB055,1.0,,,,,,,,,,,,,,,,,
PAE001368,application_submitted,2026-08-13 15:31:00,APP00298,CAN091,CMP018,JOB055,1.0,,,,,,,,,,,,,,,,,
PAE001369,application_eligible,2026-08-14 01:31:00,APP00298,CAN091,CMP018,JOB055,1.0,eligible,meets_demo_rules,,,,,,,,,,,,,,,
PAE001370,payment_initiated,2026-08-14 01:44:00,APP00298,CAN091,CMP018,JOB055,1.0,,,PAY00202,1280.39,INR,netbanking,PayPerAppDemo,,,,,,,,,,
PAE001371,payment_captured,2026-08-14 01:45:10,APP00298,CAN091,CMP018,JOB055,1.0,,,PAY00202,1280.39,INR,,PayPerAppDemo,GTX000202,1280.39,,,,,,,,
PAE001372,revenue_recognized,2026-08-14 02:28:10,APP00298,CAN091,CMP018,JOB055,1.0,,,PAY00202,102.43,INR,,,,,REV00202,102.43,pay_per_application_fee,,,,,
PAE001373,application_started,2026-08-13 17:18:00,APP00299,CAN048,CMP036,JOB077,1.0,,,,,,,,,,,,,,,,,
PAE001374,application_submitted,2026-08-13 17:36:00,APP00299,CAN048,CMP036,JOB077,1.0,,,,,,,,,,,,,,,,,
PAE001375,application_eligible,2026-08-14 04:36:00,APP00299,CAN048,CMP036,JOB077,1.0,eligible,meets_demo_rules,,,,,,,,,,,,,,,
PAE001376,application_started,2026-08-13 12:41:00,APP00300,CAN082,CMP021,JOB036,1.0,,,,,,,,,,,,,,,,,
PAE001377,application_submitted,2026-08-13 14:09:00,APP00300,CAN082,CMP021,JOB036,1.0,,,,,,,,,,,,,,,,,
PAE001378,application_eligible,2026-08-13 19:09:00,APP00300,CAN082,CMP021,JOB036,1.0,eligible,meets_demo_rules,,,,,,,,,,,,,,,
PAE001379,payment_initiated,2026-08-13 19:11:00,APP00300,CAN082,CMP021,JOB036,1.0,,,PAY00203,550.38,INR,netbanking,PayPerAppDemo,,,,,,,,,,
PAE001380,payment_captured,2026-08-13 19:11:45,APP00300,CAN082,CMP021,JOB036,1.0,,,PAY00203,550.38,INR,,PayPerAppDemo,GTX000203,550.38,,,,,,,,
PAE001381,revenue_recognized,2026-08-13 19:55:45,APP00300,CAN082,CMP021,JOB036,1.0,,,PAY00203,44.03,INR,,,,,REV00203,44.03,pay_per_application_fee,,,,,
PAE001382,application_started,2026-08-13 12:58:00,APP00301,CAN004,CMP032,JOB038,1.0,,,,,,,,,,,,,,,,,
PAE001383,application_submitted,2026-08-13 13:52:00,APP00301,CAN004,CMP032,JOB038,1.0,,,,,,,,,,,,,,,,,
PAE001384,application_eligible,2026-08-14 08:52:00,APP00301,CAN004,CMP032,JOB038,1.0,eligible,meets_demo_rules,,,,,,,,,,,,,,,
PAE001385,payment_initiated,2026-08-14 08:59:00,APP00301,CAN004,CMP032,JOB038,1.0,,,PAY00204,965.05,INR,card,PayPerAppDemo,,,,,,,,,,
PAE001386,payment_captured,2026-08-14 08:59:33,APP00301,CAN004,CMP032,JOB038,1.0,,,PAY00204,965.05,INR,,PayPerAppDemo,GTX000204,965.05,,,,,,,,
PAE001387,revenue_recognized,2026-08-14 09:43:33,APP00301,CAN004,CMP032,JOB038,1.0,,,PAY00204,77.2,INR,,,,,REV00204,77.2,pay_per_application_fee,,,,,
PAE001388,application_started,2026-08-13 12:54:00,APP00302,CAN061,CMP023,JOB065,1.0,,,,,,,,,,,,,,,,,
PAE001389,application_submitted,2026-08-13 14:23:00,APP00302,CAN061,CMP023,JOB065,1.0,,,,,,,,,,,,,,,,,
PAE001390,application_started,2026-08-13 15:08:00,APP00303,CAN024,CMP019,JOB013,1.0,,,,,,,,,,,,,,,,,
PAE001391,application_submitted,2026-08-13 16:24:00,APP00303,CAN024,CMP019,JOB013,1.0,,,,,,,,,,,,,,,,,
PAE001392,application_eligible,2026-08-13 22:24:00,APP00303,CAN024,CMP019,JOB013,1.0,eligible,meets_demo_rules,,,,,,,,,,,,,,,
PAE001393,application_started,2026-08-13 13:14:00,APP00304,CAN043,CMP006,JOB029,1.0,,,,,,,,,,,,,,,,,
PAE001394,application_submitted,2026-08-13 13:58:00,APP00304,CAN043,CMP006,JOB029,1.0,,,,,,,,,,,,,,,,,
PAE001395,application_eligible,2026-08-14 00:58:00,APP00304,CAN043,CMP006,JOB029,1.0,eligible,meets_demo_rules,,,,,,,,,,,,,,,
PAE001396,payment_initiated,2026-08-14 01:13:00,APP00304,CAN043,CMP006,JOB029,1.0,,,PAY00205,981.96,INR,upi,PayPerAppDemo,,,,,,,,,,
PAE001397,payment_captured,2026-08-14 01:14:55,APP00304,CAN043,CMP006,JOB029,1.0,,,PAY00205,981.96,INR,,PayPerAppDemo,GTX000205,981.96,,,,,,,,
PAE001398,revenue_recognized,2026-08-14 01:55:55,APP00304,CAN043,CMP006,JOB029,1.0,,,PAY00205,78.56,INR,,,,,REV00205,78.56,pay_per_application_fee,,,,,
PAE001399,application_started,2026-08-13 11:32:00,APP00305,CAN080,CMP005,JOB061,1.0,,,,,,,,,,,,,,,,,
PAE001400,application_submitted,2026-08-13 12:25:00,APP00305,CAN080,CMP005,JOB061,1.0,,,,,,,,,,,,,,,,,
PAE001401,application_eligible,2026-08-14 02:25:00,APP00305,CAN080,CMP005,JOB061,1.0,eligible,meets_demo_rules,,,,,,,,,,,,,,,
PAE001402,payment_initiated,2026-08-14 02:30:00,APP00305,CAN080,CMP005,JOB061,1.0,,,PAY00206,1317.8,INR,upi,PayPerAppDemo,,,,,,,,,,
PAE001403,payment_captured,2026-08-14 02:31:17,APP00305,CAN080,CMP005,JOB061,1.0,,,PAY00206,1317.8,INR,,PayPerAppDemo,GTX000206,1317.8,,,,,,,,
PAE001404,revenue_recognized,2026-08-14 03:29:17,APP00305,CAN080,CMP005,JOB061,1.0,,,PAY00206,105.42,INR,,,,,REV00206,105.42,pay_per_application_fee,,,,,
PAE001405,application_started,2026-08-13 10:49:00,APP00306,CAN059,CMP010,JOB041,1.0,,,,,,,,,,,,,,,,,
PAE001406,application_submitted,2026-08-13 11:36:00,APP00306,CAN059,CMP010,JOB041,1.0,,,,,,,,,,,,,,,,,
PAE001407,application_eligible,2026-08-13 17:36:00,APP00306,CAN059,CMP010,JOB041,1.0,eligible,meets_demo_rules,,,,,,,,,,,,,,,
PAE001408,payment_initiated,2026-08-13 17:51:00,APP00306,CAN059,CMP010,JOB041,1.0,,,PAY00207,322.52,INR,card,PayPerAppDemo,,,,,,,,,,
PAE001409,payment_captured,2026-08-13 17:52:44,APP00306,CAN059,CMP010,JOB041,1.0,,,PAY00207,322.52,INR,,PayPerAppDemo,GTX000207,322.52,,,,,,,,
PAE001410,revenue_recognized,2026-08-13 18:03:44,APP00306,CAN059,CMP010,JOB041,1.0,,,PAY00207,25.8,INR,,,,,REV00207,25.8,pay_per_application_fee,,,,,
PAE001411,application_started,2026-08-13 10:39:00,APP00307,CAN021,CMP032,JOB012,1.0,,,,,,,,,,,,,,,,,
PAE001412,application_submitted,2026-08-13 11:38:00,APP00307,CAN021,CMP032,JOB012,1.0,,,,,,,,,,,,,,,,,
PAE001413,application_eligible,2026-08-14 03:38:00,APP00307,CAN021,CMP032,JOB012,1.0,eligible,meets_demo_rules,,,,,,,,,,,,,,,
PAE001414,payment_initiated,2026-08-14 03:45:00,APP00307,CAN021,CMP032,JOB012,1.0,,,PAY00208,297.16,INR,netbanking,PayPerAppDemo,,,,,,,,,,
PAE001415,payment_captured,2026-08-14 03:45:06,APP00307,CAN021,CMP032,JOB012,1.0,,,PAY00208,297.16,INR,,PayPerAppDemo,GTX000208,297.16,,,,,,,,
PAE001416,revenue_recognized,2026-08-14 04:43:06,APP00307,CAN021,CMP032,JOB012,1.0,,,PAY00208,23.77,INR,,,,,REV00208,23.77,pay_per_application_fee,,,,,
PAE001417,application_started,2026-08-13 18:00:00,APP00308,CAN068,CMP013,JOB003,1.0,,,,,,,,,,,,,,,,,
PAE001418,application_submitted,2026-08-13 18:36:00,APP00308,CAN068,CMP013,JOB003,1.0,,,,,,,,,,,,,,,,,
PAE001419,application_eligible,2026-08-14 06:36:00,APP00308,CAN068,CMP013,JOB003,1.0,eligible,meets_demo_rules,,,,,,,,,,,,,,,
PAE001420,payment_initiated,2026-08-14 06:53:00,APP00308,CAN068,CMP013,JOB003,1.0,,,PAY00209,378.39,INR,netbanking,PayPerAppDemo,,,,,,,,,,
PAE001421,payment_captured,2026-08-14 06:53:13,APP00308,CAN068,CMP013,JOB003,1.0,,,PAY00209,378.39,INR,,PayPerAppDemo,GTX000209,378.39,,,,,,,,
PAE001422,revenue_recognized,2026-08-14 07:46:13,APP00308,CAN068,CMP013,JOB003,1.0,,,PAY00209,30.27,INR,,,,,REV00209,30.27,pay_per_application_fee,,,,,
PAE001423,payment_refunded,2026-08-18 07:46:13,APP00308,CAN068,CMP013,JOB003,1.0,,,PAY00209,363.76,INR,,,,,,,,REF00209,363.76,demo_refund,,
PAE001424,application_started,2026-08-13 16:21:00,APP00309,CAN094,CMP034,JOB077,1.0,,,,,,,,,,,,,,,,,
PAE001425,application_submitted,2026-08-13 16:43:00,APP00309,CAN094,CMP034,JOB077,1.0,,,,,,,,,,,,,,,,,
PAE001426,application_eligible,2026-08-14 08:43:00,APP00309,CAN094,CMP034,JOB077,1.0,eligible,meets_demo_rules,,,,,,,,,,,,,,,
PAE001427,payment_initiated,2026-08-14 09:13:00,APP00309,CAN094,CMP034,JOB077,1.0,,,PAY00210,485.53,INR,card,PayPerAppDemo,,,,,,,,,,
PAE001428,payment_captured,2026-08-14 09:13:33,APP00309,CAN094,CMP034,JOB077,1.0,,,PAY00210,485.53,INR,,PayPerAppDemo,GTX000210,485.53,,,,,,,,
PAE001429,revenue_recognized,2026-08-14 10:00:33,APP00309,CAN094,CMP034,JOB077,1.0,,,PAY00210,38.84,INR,,,,,REV00210,38.84,pay_per_application_fee,,,,,
PAE001430,application_started,2026-08-13 16:10:00,APP00310,CAN028,CMP002,JOB076,1.0,,,,,,,,,,,,,,,,,
PAE001431,application_submitted,2026-08-13 17:38:00,APP00310,CAN028,CMP002,JOB076,1.0,,,,,,,,,,,,,,,,,
PAE001432,application_eligible,2026-08-14 06:38:00,APP00310,CAN028,CMP002,JOB076,1.0,eligible,meets_demo_rules,,,,,,,,,,,,,,,
PAE001433,payment_initiated,2026-08-14 06:56:00,APP00310,CAN028,CMP002,JOB076,1.0,,,PAY00211,569.74,INR,netbanking,PayPerAppDemo,,,,,,,,,,
PAE001434,payment_captured,2026-08-14 06:56:11,APP00310,CAN028,CMP002,JOB076,1.0,,,PAY00211,569.74,INR,,PayPerAppDemo,GTX000211,569.74,,,,,,,,
PAE001435,revenue_recognized,2026-08-14 07:39:11,APP00310,CAN028,CMP002,JOB076,1.0,,,PAY00211,45.58,INR,,,,,REV00211,45.58,pay_per_application_fee,,,,,
PAE001436,application_started,2026-08-13 14:28:00,APP00311,CAN003,CMP004,JOB015,1.0,,,,,,,,,,,,,,,,,
PAE001437,application_submitted,2026-08-13 15:43:00,APP00311,CAN003,CMP004,JOB015,1.0,,,,,,,,,,,,,,,,,
PAE001438,application_eligible,2026-08-14 14:43:00,APP00311,CAN003,CMP004,JOB015,1.0,eligible,meets_demo_rules,,,,,,,,,,,,,,,
PAE001439,payment_initiated,2026-08-14 15:04:00,APP00311,CAN003,CMP004,JOB015,1.0,,,PAY00212,1118.99,INR,upi,PayPerAppDemo,,,,,,,,,,
PAE001440,payment_captured,2026-08-14 15:05:29,APP00311,CAN003,CMP004,JOB015,1.0,,,PAY00212,1118.99,INR,,PayPerAppDemo,GTX000212,1118.99,,,,,,,,
PAE001441,revenue_recognized,2026-08-14 15:12:29,APP00311,CAN003,CMP004,JOB015,1.0,,,PAY00212,89.52,INR,,,,,REV00212,89.52,pay_per_application_fee,,,,,
PAE001442,application_started,2026-08-13 10:26:00,APP00312,CAN035,CMP040,JOB078,1.0,,,,,,,,,,,,,,,,,
PAE001443,application_submitted,2026-08-13 10:44:00,APP00312,CAN035,CMP040,JOB078,1.0,,,,,,,,,,,,,,,,,
PAE001444,application_eligible,2026-08-14 06:44:00,APP00312,CAN035,CMP040,JOB078,1.0,eligible,meets_demo_rules,,,,,,,,,,,,,,,
PAE001445,payment_initiated,2026-08-14 06:48:00,APP00312,CAN035,CMP040,JOB078,1.0,,,PAY00213,392.52,INR,card,PayPerAppDemo,,,,,,,,,,
PAE001446,payment_captured,2026-08-14 06:48:30,APP00312,CAN035,CMP040,JOB078,1.0,,,PAY00213,392.52,INR,,PayPerAppDemo,GTX000213,392.52,,,,,,,,
PAE001447,revenue_recognized,2026-08-14 07:38:30,APP00312,CAN035,CMP040,JOB078,1.0,,,PAY00213,31.4,INR,,,,,REV00213,31.4,pay_per_application_fee,,,,,
PAE001448,application_started,2026-08-14 14:18:00,APP00313,CAN067,CMP013,JOB046,1.0,,,,,,,,,,,,,,,,,
PAE001449,application_submitted,2026-08-14 15:33:00,APP00313,CAN067,CMP013,JOB046,1.0,,,,,,,,,,,,,,,,,
PAE001450,application_eligible,2026-08-14 22:33:00,APP00313,CAN067,CMP013,JOB046,1.0,eligible,meets_demo_rules,,,,,,,,,,,,,,,
PAE001451,payment_initiated,2026-08-14 22:41:00,APP00313,CAN067,CMP013,JOB046,1.0,,,PAY00214,850.83,INR,upi,PayPerAppDemo,,,,,,,,,,
PAE001452,payment_captured,2026-08-14 22:41:16,APP00313,CAN067,CMP013,JOB046,1.0,,,PAY00214,850.83,INR,,PayPerAppDemo,GTX000214,850.83,,,,,,,,
PAE001453,revenue_recognized,2026-08-14 23:40:16,APP00313,CAN067,CMP013,JOB046,1.0,,,PAY00214,68.07,INR,,,,,REV00214,68.07,pay_per_application_fee,,,,,
PAE001454,application_started,2026-08-14 09:49:00,APP00314,CAN074,CMP032,JOB020,1.0,,,,,,,,,,,,,,,,,
PAE001455,application_submitted,2026-08-14 10:06:00,APP00314,CAN074,CMP032,JOB020,1.0,,,,,,,,,,,,,,,,,
PAE001456,application_started,2026-08-14 12:16:00,APP00315,CAN083,CMP015,JOB059,1.0,,,,,,,,,,,,,,,,,
PAE001457,application_submitted,2026-08-14 12:33:00,APP00315,CAN083,CMP015,JOB059,1.0,,,,,,,,,,,,,,,,,
PAE001458,application_eligible,2026-08-14 14:33:00,APP00315,CAN083,CMP015,JOB059,1.0,eligible,meets_demo_rules,,,,,,,,,,,,,,,
PAE001459,payment_initiated,2026-08-14 14:55:00,APP00315,CAN083,CMP015,JOB059,1.0,,,PAY00215,700.27,INR,card,PayPerAppDemo,,,,,,,,,,
PAE001460,payment_captured,2026-08-14 14:55:19,APP00315,CAN083,CMP015,JOB059,1.0,,,PAY00215,700.27,INR,,PayPerAppDemo,GTX000215,700.27,,,,,,,,
PAE001461,revenue_recognized,2026-08-14 15:02:19,APP00315,CAN083,CMP015,JOB059,1.0,,,PAY00215,56.02,INR,,,,,REV00215,56.02,pay_per_application_fee,,,,,
PAE001462,application_started,2026-08-14 18:41:00,APP00316,CAN006,CMP001,JOB018,1.0,,,,,,,,,,,,,,,,,
PAE001463,application_submitted,2026-08-14 19:31:00,APP00316,CAN006,CMP001,JOB018,1.0,,,,,,,,,,,,,,,,,
PAE001464,application_started,2026-08-14 13:52:00,APP00317,CAN080,CMP018,JOB012,1.0,,,,,,,,,,,,,,,,,
PAE001465,application_submitted,2026-08-14 14:11:00,APP00317,CAN080,CMP018,JOB012,1.0,,,,,,,,,,,,,,,,,
PAE001466,application_eligible,2026-08-15 05:11:00,APP00317,CAN080,CMP018,JOB012,1.0,eligible,meets_demo_rules,,,,,,,,,,,,,,,
PAE001467,payment_initiated,2026-08-15 05:39:00,APP00317,CAN080,CMP018,JOB012,1.0,,,PAY00216,732.14,INR,card,PayPerAppDemo,,,,,,,,,,
PAE001468,payment_captured,2026-08-15 05:40:28,APP00317,CAN080,CMP018,JOB012,1.0,,,PAY00216,732.14,INR,,PayPerAppDemo,GTX000216,732.14,,,,,,,,
PAE001469,revenue_recognized,2026-08-15 06:37:28,APP00317,CAN080,CMP018,JOB012,1.0,,,PAY00216,58.57,INR,,,,,REV00216,58.57,pay_per_application_fee,,,,,
PAE001470,application_started,2026-08-14 10:06:00,APP00318,CAN015,CMP009,JOB008,1.0,,,,,,,,,,,,,,,,,
PAE001471,application_submitted,2026-08-14 11:26:00,APP00318,CAN015,CMP009,JOB008,1.0,,,,,,,,,,,,,,,,,
PAE001472,application_eligible,2026-08-15 06:26:00,APP00318,CAN015,CMP009,JOB008,1.0,eligible,meets_demo_rules,,,,,,,,,,,,,,,
PAE001473,payment_initiated,2026-08-15 06:39:00,APP00318,CAN015,CMP009,JOB008,1.0,,,PAY00217,476.58,INR,card,PayPerAppDemo,,,,,,,,,,
PAE001474,payment_captured,2026-08-15 06:40:55,APP00318,CAN015,CMP009,JOB008,1.0,,,PAY00217,476.58,INR,,PayPerAppDemo,GTX000217,476.58,,,,,,,,
PAE001475,revenue_recognized,2026-08-15 07:24:55,APP00318,CAN015,CMP009,JOB008,1.0,,,PAY00217,38.13,INR,,,,,REV00217,38.13,pay_per_application_fee,,,,,
PAE001476,application_started,2026-08-14 15:07:00,APP00319,CAN094,CMP009,JOB062,1.0,,,,,,,,,,,,,,,,,
PAE001477,application_started,2026-08-14 12:41:00,APP00320,CAN057,CMP003,JOB009,1.0,,,,,,,,,,,,,,,,,
PAE001478,application_submitted,2026-08-14 13:53:00,APP00320,CAN057,CMP003,JOB009,1.0,,,,,,,,,,,,,,,,,
PAE001479,application_eligible,2026-08-15 08:53:00,APP00320,CAN057,CMP003,JOB009,1.0,eligible,meets_demo_rules,,,,,,,,,,,,,,,
PAE001480,payment_initiated,2026-08-15 09:15:00,APP00320,CAN057,CMP003,JOB009,1.0,,,PAY00218,529.98,INR,card,PayPerAppDemo,,,,,,,,,,
PAE001481,payment_captured,2026-08-15 09:16:33,APP00320,CAN057,CMP003,JOB009,1.0,,,PAY00218,529.98,INR,,PayPerAppDemo,GTX000218,529.98,,,,,,,,
PAE001482,revenue_recognized,2026-08-15 10:01:33,APP00320,CAN057,CMP003,JOB009,1.0,,,PAY00218,42.4,INR,,,,,REV00218,42.4,pay_per_application_fee,,,,,
PAE001483,application_started,2026-08-14 13:42:00,APP00321,CAN056,CMP016,JOB062,1.0,,,,,,,,,,,,,,,,,
PAE001484,application_submitted,2026-08-14 14:36:00,APP00321,CAN056,CMP016,JOB062,1.0,,,,,,,,,,,,,,,,,
PAE001485,application_eligible,2026-08-15 08:36:00,APP00321,CAN056,CMP016,JOB062,1.0,eligible,meets_demo_rules,,,,,,,,,,,,,,,
PAE001486,payment_initiated,2026-08-15 08:37:00,APP00321,CAN056,CMP016,JOB062,1.0,,,PAY00219,1016.14,INR,netbanking,PayPerAppDemo,,,,,,,,,,
PAE001487,payment_captured,2026-08-15 08:38:09,APP00321,CAN056,CMP016,JOB062,1.0,,,PAY00219,1016.14,INR,,PayPerAppDemo,GTX000219,1016.14,,,,,,,,
PAE001488,revenue_recognized,2026-08-15 09:33:09,APP00321,CAN056,CMP016,JOB062,1.0,,,PAY00219,81.29,INR,,,,,REV00219,81.29,pay_per_application_fee,,,,,
PAE001489,application_started,2026-08-14 15:20:00,APP00322,CAN064,CMP011,JOB010,1.0,,,,,,,,,,,,,,,,,
PAE001490,application_submitted,2026-08-14 16:00:00,APP00322,CAN064,CMP011,JOB010,1.0,,,,,,,,,,,,,,,,,
PAE001491,application_eligible,2026-08-15 00:00:00,APP00322,CAN064,CMP011,JOB010,1.0,eligible,meets_demo_rules,,,,,,,,,,,,,,,
PAE001492,payment_initiated,2026-08-15 00:27:00,APP00322,CAN064,CMP011,JOB010,1.0,,,PAY00220,723.3,INR,upi,PayPerAppDemo,,,,,,,,,,
PAE001493,payment_captured,2026-08-15 00:28:01,APP00322,CAN064,CMP011,JOB010,1.0,,,PAY00220,723.3,INR,,PayPerAppDemo,GTX000220,723.3,,,,,,,,
PAE001494,revenue_recognized,2026-08-15 01:20:01,APP00322,CAN064,CMP011,JOB010,1.0,,,PAY00220,57.86,INR,,,,,REV00220,57.86,pay_per_application_fee,,,,,
PAE001495,application_started,2026-08-14 13:07:00,APP00323,CAN012,CMP032,JOB058,1.0,,,,,,,,,,,,,,,,,
PAE001496,application_started,2026-08-14 14:26:00,APP00324,CAN096,CMP002,JOB014,1.0,,,,,,,,,,,,,,,,,
PAE001497,application_submitted,2026-08-14 15:41:00,APP00324,CAN096,CMP002,JOB014,1.0,,,,,,,,,,,,,,,,,
PAE001498,application_eligible,2026-08-14 18:41:00,APP00324,CAN096,CMP002,JOB014,1.0,eligible,meets_demo_rules,,,,,,,,,,,,,,,
PAE001499,payment_initiated,2026-08-14 19:02:00,APP00324,CAN096,CMP002,JOB014,1.0,,,PAY00221,1453.96,INR,card,PayPerAppDemo,,,,,,,,,,
PAE001500,payment_captured,2026-08-14 19:03:16,APP00324,CAN096,CMP002,JOB014,1.0,,,PAY00221,1453.96,INR,,PayPerAppDemo,GTX000221,1453.96,,,,,,,,
PAE001501,revenue_recognized,2026-08-14 19:17:16,APP00324,CAN096,CMP002,JOB014,1.0,,,PAY00221,116.32,INR,,,,,REV00221,116.32,pay_per_application_fee,,,,,
PAE001502,application_started,2026-08-14 08:52:00,APP00325,CAN059,CMP022,JOB047,1.0,,,,,,,,,,,,,,,,,
PAE001503,application_submitted,2026-08-14 09:55:00,APP00325,CAN059,CMP022,JOB047,1.0,,,,,,,,,,,,,,,,,
PAE001504,application_eligible,2026-08-15 05:55:00,APP00325,CAN059,CMP022,JOB047,1.0,eligible,meets_demo_rules,,,,,,,,,,,,,,,
PAE001505,payment_initiated,2026-08-15 06:07:00,APP00325,CAN059,CMP022,JOB047,1.0,,,PAY00222,1145.82,INR,netbanking,PayPerAppDemo,,,,,,,,,,
PAE001506,payment_captured,2026-08-15 06:07:17,APP00325,CAN059,CMP022,JOB047,1.0,,,PAY00222,1145.82,INR,,PayPerAppDemo,GTX000222,1145.82,,,,,,,,
PAE001507,revenue_recognized,2026-08-15 06:56:17,APP00325,CAN059,CMP022,JOB047,1.0,,,PAY00222,91.67,INR,,,,,REV00222,91.67,pay_per_application_fee,,,,,
PAE001508,application_started,2026-08-14 18:51:00,APP00326,CAN001,CMP022,JOB046,1.0,,,,,,,,,,,,,,,,,
PAE001509,application_submitted,2026-08-14 20:02:00,APP00326,CAN001,CMP022,JOB046,1.0,,,,,,,,,,,,,,,,,
PAE001510,application_eligible,2026-08-15 00:02:00,APP00326,CAN001,CMP022,JOB046,1.0,eligible,meets_demo_rules,,,,,,,,,,,,,,,
PAE001511,payment_initiated,2026-08-15 00:07:00,APP00326,CAN001,CMP022,JOB046,1.0,,,PAY00223,455.19,INR,netbanking,PayPerAppDemo,,,,,,,,,,
PAE001512,payment_captured,2026-08-15 00:07:57,APP00326,CAN001,CMP022,JOB046,1.0,,,PAY00223,455.19,INR,,PayPerAppDemo,GTX000223,455.19,,,,,,,,
PAE001513,revenue_recognized,2026-08-15 00:14:57,APP00326,CAN001,CMP022,JOB046,1.0,,,PAY00223,36.42,INR,,,,,REV00223,36.42,pay_per_application_fee,,,,,
PAE001514,application_started,2026-08-14 14:13:00,APP00327,CAN026,CMP013,JOB016,1.0,,,,,,,,,,,,,,,,,
PAE001515,application_submitted,2026-08-14 14:42:00,APP00327,CAN026,CMP013,JOB016,1.0,,,,,,,,,,,,,,,,,
PAE001516,application_eligible,2026-08-14 18:42:00,APP00327,CAN026,CMP013,JOB016,1.0,eligible,meets_demo_rules,,,,,,,,,,,,,,,
PAE001517,payment_initiated,2026-08-14 19:03:00,APP00327,CAN026,CMP013,JOB016,1.0,,,PAY00224,308.13,INR,netbanking,PayPerAppDemo,,,,,,,,,,
PAE001518,payment_captured,2026-08-14 19:04:43,APP00327,CAN026,CMP013,JOB016,1.0,,,PAY00224,308.13,INR,,PayPerAppDemo,GTX000224,308.13,,,,,,,,
PAE001519,revenue_recognized,2026-08-14 20:02:43,APP00327,CAN026,CMP013,JOB016,1.0,,,PAY00224,24.65,INR,,,,,REV00224,24.65,pay_per_application_fee,,,,,
PAE001520,application_started,2026-08-14 10:31:00,APP00328,CAN085,CMP038,JOB065,1.0,,,,,,,,,,,,,,,,,
PAE001521,application_submitted,2026-08-14 10:42:00,APP00328,CAN085,CMP038,JOB065,1.0,,,,,,,,,,,,,,,,,
PAE001522,application_eligible,2026-08-15 00:42:00,APP00328,CAN085,CMP038,JOB065,1.0,eligible,meets_demo_rules,,,,,,,,,,,,,,,
PAE001523,payment_initiated,2026-08-15 00:59:00,APP00328,CAN085,CMP038,JOB065,1.0,,,PAY00225,853.66,INR,upi,PayPerAppDemo,,,,,,,,,,
PAE001524,payment_captured,2026-08-15 00:59:27,APP00328,CAN085,CMP038,JOB065,1.0,,,PAY00225,853.66,INR,,PayPerAppDemo,GTX000225,853.66,,,,,,,,
PAE001525,revenue_recognized,2026-08-15 01:46:27,APP00328,CAN085,CMP038,JOB065,1.0,,,PAY00225,68.29,INR,,,,,REV00225,68.29,pay_per_application_fee,,,,,
PAE001526,application_started,2026-08-14 17:56:00,APP00329,CAN014,CMP025,JOB077,1.0,,,,,,,,,,,,,,,,,
PAE001527,application_submitted,2026-08-14 18:50:00,APP00329,CAN014,CMP025,JOB077,1.0,,,,,,,,,,,,,,,,,
PAE001528,application_eligible,2026-08-15 14:50:00,APP00329,CAN014,CMP025,JOB077,1.0,eligible,meets_demo_rules,,,,,,,,,,,,,,,
PAE001529,application_started,2026-08-14 14:21:00,APP00330,CAN098,CMP016,JOB036,1.0,,,,,,,,,,,,,,,,,
PAE001530,application_started,2026-08-14 14:38:00,APP00331,CAN058,CMP009,JOB018,1.0,,,,,,,,,,,,,,,,,
PAE001531,application_submitted,2026-08-14 15:48:00,APP00331,CAN058,CMP009,JOB018,1.0,,,,,,,,,,,,,,,,,
PAE001532,application_eligible,2026-08-15 14:48:00,APP00331,CAN058,CMP009,JOB018,1.0,eligible,meets_demo_rules,,,,,,,,,,,,,,,
PAE001533,payment_initiated,2026-08-15 15:12:00,APP00331,CAN058,CMP009,JOB018,1.0,,,PAY00226,642.39,INR,netbanking,PayPerAppDemo,,,,,,,,,,
PAE001534,payment_captured,2026-08-15 15:12:30,APP00331,CAN058,CMP009,JOB018,1.0,,,PAY00226,642.39,INR,,PayPerAppDemo,GTX000226,642.39,,,,,,,,
PAE001535,revenue_recognized,2026-08-15 15:26:30,APP00331,CAN058,CMP009,JOB018,1.0,,,PAY00226,51.39,INR,,,,,REV00226,51.39,pay_per_application_fee,,,,,
PAE001536,application_started,2026-08-14 18:11:00,APP00332,CAN038,CMP023,JOB017,1.0,,,,,,,,,,,,,,,,,
PAE001537,application_submitted,2026-08-14 19:37:00,APP00332,CAN038,CMP023,JOB017,1.0,,,,,,,,,,,,,,,,,
PAE001538,application_eligible,2026-08-14 23:37:00,APP00332,CAN038,CMP023,JOB017,1.0,eligible,meets_demo_rules,,,,,,,,,,,,,,,
PAE001539,payment_initiated,2026-08-14 23:56:00,APP00332,CAN038,CMP023,JOB017,1.0,,,PAY00227,952.85,INR,netbanking,PayPerAppDemo,,,,,,,,,,
PAE001540,payment_failed,2026-08-14 23:57:35,APP00332,CAN038,CMP023,JOB017,1.0,,,PAY00227,952.85,INR,,,,,,,,,,,TIMEOUT,demo_payment_failure
PAE001541,application_started,2026-08-14 14:51:00,APP00333,CAN087,CMP035,JOB037,1.0,,,,,,,,,,,,,,,,,
PAE001542,application_submitted,2026-08-14 15:09:00,APP00333,CAN087,CMP035,JOB037,1.0,,,,,,,,,,,,,,,,,
PAE001543,application_eligible,2026-08-14 20:09:00,APP00333,CAN087,CMP035,JOB037,1.0,eligible,meets_demo_rules,,,,,,,,,,,,,,,
PAE001544,payment_initiated,2026-08-14 20:18:00,APP00333,CAN087,CMP035,JOB037,1.0,,,PAY00228,320.76,INR,upi,PayPerAppDemo,,,,,,,,,,
PAE001545,payment_failed,2026-08-14 20:19:32,APP00333,CAN087,CMP035,JOB037,1.0,,,PAY00228,320.76,INR,,,,,,,,,,,TIMEOUT,demo_payment_failure
PAE001546,application_started,2026-08-14 11:48:00,APP00334,CAN019,CMP004,JOB038,1.0,,,,,,,,,,,,,,,,,
PAE001547,application_submitted,2026-08-14 12:38:00,APP00334,CAN019,CMP004,JOB038,1.0,,,,,,,,,,,,,,,,,
PAE001548,application_eligible,2026-08-14 16:38:00,APP00334,CAN019,CMP004,JOB038,1.0,eligible,meets_demo_rules,,,,,,,,,,,,,,,
PAE001549,payment_initiated,2026-08-14 16:56:00,APP00334,CAN019,CMP004,JOB038,1.0,,,PAY00229,1094.41,INR,upi,PayPerAppDemo,,,,,,,,,,
PAE001550,payment_captured,2026-08-14 16:57:16,APP00334,CAN019,CMP004,JOB038,1.0,,,PAY00229,1094.41,INR,,PayPerAppDemo,GTX000229,1094.41,,,,,,,,
PAE001551,revenue_recognized,2026-08-14 17:22:16,APP00334,CAN019,CMP004,JOB038,1.0,,,PAY00229,87.55,INR,,,,,REV00229,87.55,pay_per_application_fee,,,,,
PAE001552,application_started,2026-08-14 14:24:00,APP00335,CAN090,CMP019,JOB007,1.0,,,,,,,,,,,,,,,,,
PAE001553,application_submitted,2026-08-14 15:09:00,APP00335,CAN090,CMP019,JOB007,1.0,,,,,,,,,,,,,,,,,
PAE001554,application_started,2026-08-14 11:39:00,APP00336,CAN007,CMP001,JOB033,1.0,,,,,,,,,,,,,,,,,
PAE001555,application_submitted,2026-08-14 12:40:00,APP00336,CAN007,CMP001,JOB033,1.0,,,,,,,,,,,,,,,,,
PAE001556,application_started,2026-08-15 16:47:00,APP00337,CAN082,CMP024,JOB076,1.0,,,,,,,,,,,,,,,,,
PAE001557,application_submitted,2026-08-15 17:16:00,APP00337,CAN082,CMP024,JOB076,1.0,,,,,,,,,,,,,,,,,
PAE001558,application_eligible,2026-08-15 23:16:00,APP00337,CAN082,CMP024,JOB076,1.0,eligible,meets_demo_rules,,,,,,,,,,,,,,,
PAE001559,application_started,2026-08-15 16:07:00,APP00338,CAN010,CMP012,JOB023,1.0,,,,,,,,,,,,,,,,,
PAE001560,application_submitted,2026-08-15 17:06:00,APP00338,CAN010,CMP012,JOB023,1.0,,,,,,,,,,,,,,,,,
PAE001561,application_eligible,2026-08-16 02:06:00,APP00338,CAN010,CMP012,JOB023,1.0,eligible,meets_demo_rules,,,,,,,,,,,,,,,
PAE001562,payment_initiated,2026-08-16 02:15:00,APP00338,CAN010,CMP012,JOB023,1.0,,,PAY00230,979.98,INR,upi,PayPerAppDemo,,,,,,,,,,
PAE001563,payment_captured,2026-08-16 02:16:35,APP00338,CAN010,CMP012,JOB023,1.0,,,PAY00230,979.98,INR,,PayPerAppDemo,GTX000230,979.98,,,,,,,,
PAE001564,revenue_recognized,2026-08-16 03:16:35,APP00338,CAN010,CMP012,JOB023,1.0,,,PAY00230,78.4,INR,,,,,REV00230,78.4,pay_per_application_fee,,,,,
PAE001565,application_started,2026-08-15 08:49:00,APP00339,CAN020,CMP021,JOB077,1.0,,,,,,,,,,,,,,,,,
PAE001566,application_started,2026-08-15 17:35:00,APP00340,CAN079,CMP020,JOB063,1.0,,,,,,,,,,,,,,,,,
PAE001567,application_submitted,2026-08-15 18:20:00,APP00340,CAN079,CMP020,JOB063,1.0,,,,,,,,,,,,,,,,,
PAE001568,application_eligible,2026-08-16 00:20:00,APP00340,CAN079,CMP020,JOB063,1.0,eligible,meets_demo_rules,,,,,,,,,,,,,,,
PAE001569,payment_initiated,2026-08-16 00:26:00,APP00340,CAN079,CMP020,JOB063,1.0,,,PAY00231,1232.82,INR,card,PayPerAppDemo,,,,,,,,,,
PAE001570,payment_captured,2026-08-16 00:26:56,APP00340,CAN079,CMP020,JOB063,1.0,,,PAY00231,1232.82,INR,,PayPerAppDemo,GTX000231,1232.82,,,,,,,,
PAE001571,revenue_recognized,2026-08-16 00:32:56,APP00340,CAN079,CMP020,JOB063,1.0,,,PAY00231,98.63,INR,,,,,REV00231,98.63,pay_per_application_fee,,,,,
PAE001572,application_started,2026-08-15 13:18:00,APP00341,CAN028,CMP022,JOB043,1.0,,,,,,,,,,,,,,,,,
PAE001573,application_submitted,2026-08-15 14:42:00,APP00341,CAN028,CMP022,JOB043,1.0,,,,,,,,,,,,,,,,,
PAE001574,application_eligible,2026-08-16 08:42:00,APP00341,CAN028,CMP022,JOB043,1.0,eligible,meets_demo_rules,,,,,,,,,,,,,,,
PAE001575,payment_initiated,2026-08-16 08:43:00,APP00341,CAN028,CMP022,JOB043,1.0,,,PAY00232,1476.42,INR,upi,PayPerAppDemo,,,,,,,,,,
PAE001576,payment_captured,2026-08-16 08:44:02,APP00341,CAN028,CMP022,JOB043,1.0,,,PAY00232,1476.42,INR,,PayPerAppDemo,GTX000232,1476.42,,,,,,,,
PAE001577,revenue_recognized,2026-08-16 09:00:02,APP00341,CAN028,CMP022,JOB043,1.0,,,PAY00232,118.11,INR,,,,,REV00232,118.11,pay_per_application_fee,,,,,
PAE001578,application_started,2026-08-15 08:43:00,APP00342,CAN079,CMP040,JOB032,1.0,,,,,,,,,,,,,,,,,
PAE001579,application_started,2026-08-15 12:34:00,APP00343,CAN049,CMP008,JOB050,1.0,,,,,,,,,,,,,,,,,
PAE001580,application_submitted,2026-08-15 12:42:00,APP00343,CAN049,CMP008,JOB050,1.0,,,,,,,,,,,,,,,,,
PAE001581,application_started,2026-08-15 16:28:00,APP00344,CAN099,CMP024,JOB066,1.0,,,,,,,,,,,,,,,,,
PAE001582,application_submitted,2026-08-15 17:10:00,APP00344,CAN099,CMP024,JOB066,1.0,,,,,,,,,,,,,,,,,
PAE001583,application_started,2026-08-15 09:06:00,APP00345,CAN025,CMP021,JOB066,1.0,,,,,,,,,,,,,,,,,
PAE001584,application_submitted,2026-08-15 10:19:00,APP00345,CAN025,CMP021,JOB066,1.0,,,,,,,,,,,,,,,,,
PAE001585,application_eligible,2026-08-16 07:19:00,APP00345,CAN025,CMP021,JOB066,1.0,eligible,meets_demo_rules,,,,,,,,,,,,,,,
PAE001586,payment_initiated,2026-08-16 07:44:00,APP00345,CAN025,CMP021,JOB066,1.0,,,PAY00233,1087.92,INR,upi,PayPerAppDemo,,,,,,,,,,
PAE001587,payment_captured,2026-08-16 07:44:59,APP00345,CAN025,CMP021,JOB066,1.0,,,PAY00233,1087.92,INR,,PayPerAppDemo,GTX000233,1087.92,,,,,,,,
PAE001588,revenue_recognized,2026-08-16 08:38:59,APP00345,CAN025,CMP021,JOB066,1.0,,,PAY00233,87.03,INR,,,,,REV00233,87.03,pay_per_application_fee,,,,,
PAE001589,application_started,2026-08-15 18:09:00,APP00346,CAN069,CMP028,JOB010,1.0,,,,,,,,,,,,,,,,,
PAE001590,application_submitted,2026-08-15 18:56:00,APP00346,CAN069,CMP028,JOB010,1.0,,,,,,,,,,,,,,,,,
PAE001591,application_eligible,2026-08-15 21:56:00,APP00346,CAN069,CMP028,JOB010,1.0,eligible,meets_demo_rules,,,,,,,,,,,,,,,
PAE001592,payment_initiated,2026-08-15 22:14:00,APP00346,CAN069,CMP028,JOB010,1.0,,,PAY00234,1242.77,INR,upi,PayPerAppDemo,,,,,,,,,,
PAE001593,payment_captured,2026-08-15 22:14:34,APP00346,CAN069,CMP028,JOB010,1.0,,,PAY00234,1242.77,INR,,PayPerAppDemo,GTX000234,1242.77,,,,,,,,
PAE001594,revenue_recognized,2026-08-15 23:13:34,APP00346,CAN069,CMP028,JOB010,1.0,,,PAY00234,99.42,INR,,,,,REV00234,99.42,pay_per_application_fee,,,,,
PAE001595,application_started,2026-08-15 14:20:00,APP00347,CAN050,CMP029,JOB052,1.0,,,,,,,,,,,,,,,,,
PAE001596,application_submitted,2026-08-15 14:40:00,APP00347,CAN050,CMP029,JOB052,1.0,,,,,,,,,,,,,,,,,
PAE001597,application_eligible,2026-08-16 11:40:00,APP00347,CAN050,CMP029,JOB052,1.0,eligible,meets_demo_rules,,,,,,,,,,,,,,,
PAE001598,payment_initiated,2026-08-16 12:04:00,APP00347,CAN050,CMP029,JOB052,1.0,,,PAY00235,329.05,INR,netbanking,PayPerAppDemo,,,,,,,,,,
PAE001599,payment_captured,2026-08-16 12:05:53,APP00347,CAN050,CMP029,JOB052,1.0,,,PAY00235,329.05,INR,,PayPerAppDemo,GTX000235,329.05,,,,,,,,
PAE001600,revenue_recognized,2026-08-16 12:10:53,APP00347,CAN050,CMP029,JOB052,1.0,,,PAY00235,26.32,INR,,,,,REV00235,26.32,pay_per_application_fee,,,,,
PAE001601,application_started,2026-08-15 18:19:00,APP00348,CAN065,CMP007,JOB038,1.0,,,,,,,,,,,,,,,,,
PAE001602,application_submitted,2026-08-15 19:00:00,APP00348,CAN065,CMP007,JOB038,1.0,,,,,,,,,,,,,,,,,
PAE001603,application_eligible,2026-08-16 10:00:00,APP00348,CAN065,CMP007,JOB038,1.0,eligible,meets_demo_rules,,,,,,,,,,,,,,,
PAE001604,payment_initiated,2026-08-16 10:01:00,APP00348,CAN065,CMP007,JOB038,1.0,,,PAY00236,1277.65,INR,card,PayPerAppDemo,,,,,,,,,,
PAE001605,payment_captured,2026-08-16 10:01:33,APP00348,CAN065,CMP007,JOB038,1.0,,,PAY00236,1277.65,INR,,PayPerAppDemo,GTX000236,1277.65,,,,,,,,
PAE001606,revenue_recognized,2026-08-16 10:10:33,APP00348,CAN065,CMP007,JOB038,1.0,,,PAY00236,102.21,INR,,,,,REV00236,102.21,pay_per_application_fee,,,,,
PAE001607,application_started,2026-08-15 12:43:00,APP00349,CAN070,CMP019,JOB019,1.0,,,,,,,,,,,,,,,,,
PAE001608,application_started,2026-08-15 16:55:00,APP00350,CAN094,CMP024,JOB002,1.0,,,,,,,,,,,,,,,,,
PAE001609,application_submitted,2026-08-15 17:15:00,APP00350,CAN094,CMP024,JOB002,1.0,,,,,,,,,,,,,,,,,
PAE001610,application_eligible,2026-08-16 12:15:00,APP00350,CAN094,CMP024,JOB002,1.0,eligible,meets_demo_rules,,,,,,,,,,,,,,,
PAE001611,payment_initiated,2026-08-16 12:18:00,APP00350,CAN094,CMP024,JOB002,1.0,,,PAY00237,921.44,INR,card,PayPerAppDemo,,,,,,,,,,
PAE001612,payment_captured,2026-08-16 12:19:39,APP00350,CAN094,CMP024,JOB002,1.0,,,PAY00237,921.44,INR,,PayPerAppDemo,GTX000237,921.44,,,,,,,,
PAE001613,revenue_recognized,2026-08-16 13:17:39,APP00350,CAN094,CMP024,JOB002,1.0,,,PAY00237,73.72,INR,,,,,REV00237,73.72,pay_per_application_fee,,,,,
PAE001614,application_started,2026-08-15 10:10:00,APP00351,CAN028,CMP027,JOB066,1.0,,,,,,,,,,,,,,,,,
PAE001615,application_submitted,2026-08-15 11:33:00,APP00351,CAN028,CMP027,JOB066,1.0,,,,,,,,,,,,,,,,,
PAE001616,application_started,2026-08-15 18:51:00,APP00352,CAN025,CMP008,JOB024,1.0,,,,,,,,,,,,,,,,,
PAE001617,application_submitted,2026-08-15 19:02:00,APP00352,CAN025,CMP008,JOB024,1.0,,,,,,,,,,,,,,,,,
PAE001618,application_started,2026-08-15 09:18:00,APP00353,CAN071,CMP030,JOB071,1.0,,,,,,,,,,,,,,,,,
PAE001619,application_submitted,2026-08-15 09:55:00,APP00353,CAN071,CMP030,JOB071,1.0,,,,,,,,,,,,,,,,,
PAE001620,application_eligible,2026-08-16 09:55:00,APP00353,CAN071,CMP030,JOB071,1.0,eligible,meets_demo_rules,,,,,,,,,,,,,,,
PAE001621,payment_initiated,2026-08-16 10:07:00,APP00353,CAN071,CMP030,JOB071,1.0,,,PAY00238,1439.42,INR,upi,PayPerAppDemo,,,,,,,,,,
PAE001622,payment_captured,2026-08-16 10:07:35,APP00353,CAN071,CMP030,JOB071,1.0,,,PAY00238,1439.42,INR,,PayPerAppDemo,GTX000238,1439.42,,,,,,,,
PAE001623,revenue_recognized,2026-08-16 10:14:35,APP00353,CAN071,CMP030,JOB071,1.0,,,PAY00238,115.15,INR,,,,,REV00238,115.15,pay_per_application_fee,,,,,
PAE001624,application_started,2026-08-15 15:28:00,APP00354,CAN009,CMP013,JOB041,1.0,,,,,,,,,,,,,,,,,
PAE001625,application_submitted,2026-08-15 16:57:00,APP00354,CAN009,CMP013,JOB041,1.0,,,,,,,,,,,,,,,,,
PAE001626,application_eligible,2026-08-16 11:57:00,APP00354,CAN009,CMP013,JOB041,1.0,eligible,meets_demo_rules,,,,,,,,,,,,,,,
PAE001627,payment_initiated,2026-08-16 12:23:00,APP00354,CAN009,CMP013,JOB041,1.0,,,PAY00239,958.58,INR,card,PayPerAppDemo,,,,,,,,,,
PAE001628,payment_failed,2026-08-16 12:23:26,APP00354,CAN009,CMP013,JOB041,1.0,,,PAY00239,958.58,INR,,,,,,,,,,,DECLINED,demo_payment_failure
PAE001629,application_started,2026-08-15 18:27:00,APP00355,CAN041,CMP016,JOB029,1.0,,,,,,,,,,,,,,,,,
PAE001630,application_submitted,2026-08-15 19:18:00,APP00355,CAN041,CMP016,JOB029,1.0,,,,,,,,,,,,,,,,,
PAE001631,application_eligible,2026-08-16 19:18:00,APP00355,CAN041,CMP016,JOB029,1.0,eligible,meets_demo_rules,,,,,,,,,,,,,,,
PAE001632,payment_initiated,2026-08-16 19:33:00,APP00355,CAN041,CMP016,JOB029,1.0,,,PAY00240,849.94,INR,card,PayPerAppDemo,,,,,,,,,,
PAE001633,payment_captured,2026-08-16 19:34:07,APP00355,CAN041,CMP016,JOB029,1.0,,,PAY00240,849.94,INR,,PayPerAppDemo,GTX000240,849.94,,,,,,,,
PAE001634,revenue_recognized,2026-08-16 20:10:07,APP00355,CAN041,CMP016,JOB029,1.0,,,PAY00240,68.0,INR,,,,,REV00240,68.0,pay_per_application_fee,,,,,
PAE001635,application_started,2026-08-15 12:54:00,APP00356,CAN083,CMP039,JOB011,1.0,,,,,,,,,,,,,,,,,
PAE001636,application_submitted,2026-08-15 14:07:00,APP00356,CAN083,CMP039,JOB011,1.0,,,,,,,,,,,,,,,,,
PAE001637,application_eligible,2026-08-16 14:07:00,APP00356,CAN083,CMP039,JOB011,1.0,eligible,meets_demo_rules,,,,,,,,,,,,,,,
PAE001638,payment_initiated,2026-08-16 14:10:00,APP00356,CAN083,CMP039,JOB011,1.0,,,PAY00241,345.58,INR,upi,PayPerAppDemo,,,,,,,,,,
PAE001639,payment_captured,2026-08-16 14:11:25,APP00356,CAN083,CMP039,JOB011,1.0,,,PAY00241,345.58,INR,,PayPerAppDemo,GTX000241,345.58,,,,,,,,
PAE001640,revenue_recognized,2026-08-16 14:13:25,APP00356,CAN083,CMP039,JOB011,1.0,,,PAY00241,27.65,INR,,,,,REV00241,27.65,pay_per_application_fee,,,,,
PAE001641,application_started,2026-08-15 11:58:00,APP00357,CAN075,CMP026,JOB076,1.0,,,,,,,,,,,,,,,,,
PAE001642,application_submitted,2026-08-15 12:36:00,APP00357,CAN075,CMP026,JOB076,1.0,,,,,,,,,,,,,,,,,
PAE001643,application_eligible,2026-08-16 06:36:00,APP00357,CAN075,CMP026,JOB076,1.0,eligible,meets_demo_rules,,,,,,,,,,,,,,,
PAE001644,payment_initiated,2026-08-16 06:48:00,APP00357,CAN075,CMP026,JOB076,1.0,,,PAY00242,1219.0,INR,card,PayPerAppDemo,,,,,,,,,,
PAE001645,payment_captured,2026-08-16 06:49:43,APP00357,CAN075,CMP026,JOB076,1.0,,,PAY00242,1219.0,INR,,PayPerAppDemo,GTX000242,1219.0,,,,,,,,
PAE001646,revenue_recognized,2026-08-16 07:27:43,APP00357,CAN075,CMP026,JOB076,1.0,,,PAY00242,97.52,INR,,,,,REV00242,97.52,pay_per_application_fee,,,,,
PAE001647,application_started,2026-08-15 16:32:00,APP00358,CAN038,CMP009,JOB060,1.0,,,,,,,,,,,,,,,,,
PAE001648,application_submitted,2026-08-15 17:23:00,APP00358,CAN038,CMP009,JOB060,1.0,,,,,,,,,,,,,,,,,
PAE001649,application_eligible,2026-08-16 15:23:00,APP00358,CAN038,CMP009,JOB060,1.0,eligible,meets_demo_rules,,,,,,,,,,,,,,,
PAE001650,payment_initiated,2026-08-16 15:43:00,APP00358,CAN038,CMP009,JOB060,1.0,,,PAY00243,1455.0,INR,netbanking,PayPerAppDemo,,,,,,,,,,
PAE001651,payment_captured,2026-08-16 15:44:10,APP00358,CAN038,CMP009,JOB060,1.0,,,PAY00243,1455.0,INR,,PayPerAppDemo,GTX000243,1455.0,,,,,,,,
PAE001652,revenue_recognized,2026-08-16 15:53:10,APP00358,CAN038,CMP009,JOB060,1.0,,,PAY00243,116.4,INR,,,,,REV00243,116.4,pay_per_application_fee,,,,,
PAE001653,application_started,2026-08-15 18:55:00,APP00359,CAN023,CMP037,JOB073,1.0,,,,,,,,,,,,,,,,,
PAE001654,application_started,2026-08-15 08:14:00,APP00360,CAN095,CMP031,JOB046,1.0,,,,,,,,,,,,,,,,,
PAE001655,application_submitted,2026-08-15 08:48:00,APP00360,CAN095,CMP031,JOB046,1.0,,,,,,,,,,,,,,,,,
PAE001656,application_eligible,2026-08-15 20:48:00,APP00360,CAN095,CMP031,JOB046,1.0,eligible,meets_demo_rules,,,,,,,,,,,,,,,
PAE001657,payment_initiated,2026-08-15 21:05:00,APP00360,CAN095,CMP031,JOB046,1.0,,,PAY00244,1085.73,INR,card,PayPerAppDemo,,,,,,,,,,
PAE001658,payment_captured,2026-08-15 21:06:03,APP00360,CAN095,CMP031,JOB046,1.0,,,PAY00244,1085.73,INR,,PayPerAppDemo,GTX000244,1085.73,,,,,,,,
PAE001659,revenue_recognized,2026-08-15 22:03:03,APP00360,CAN095,CMP031,JOB046,1.0,,,PAY00244,86.86,INR,,,,,REV00244,86.86,pay_per_application_fee,,,,,
PAE001660,payment_refunded,2026-08-18 22:03:03,APP00360,CAN095,CMP031,JOB046,1.0,,,PAY00244,1069.92,INR,,,,,,,,REF00244,1069.92,demo_refund,,
PAE001661,application_started,2026-08-16 12:37:00,APP00361,CAN014,CMP034,JOB036,1.0,,,,,,,,,,,,,,,,,
PAE001662,application_submitted,2026-08-16 13:04:00,APP00361,CAN014,CMP034,JOB036,1.0,,,,,,,,,,,,,,,,,
PAE001663,application_eligible,2026-08-17 02:04:00,APP00361,CAN014,CMP034,JOB036,1.0,eligible,meets_demo_rules,,,,,,,,,,,,,,,
PAE001664,payment_initiated,2026-08-17 02:31:00,APP00361,CAN014,CMP034,JOB036,1.0,,,PAY00245,1066.67,INR,upi,PayPerAppDemo,,,,,,,,,,
PAE001665,payment_captured,2026-08-17 02:31:53,APP00361,CAN014,CMP034,JOB036,1.0,,,PAY00245,1066.67,INR,,PayPerAppDemo,GTX000245,1066.67,,,,,,,,
PAE001666,revenue_recognized,2026-08-17 03:30:53,APP00361,CAN014,CMP034,JOB036,1.0,,,PAY00245,85.33,INR,,,,,REV00245,85.33,pay_per_application_fee,,,,,
PAE001667,application_started,2026-08-16 15:50:00,APP00362,CAN052,CMP023,JOB045,1.0,,,,,,,,,,,,,,,,,
PAE001668,application_submitted,2026-08-16 17:12:00,APP00362,CAN052,CMP023,JOB045,1.0,,,,,,,,,,,,,,,,,
PAE001669,application_eligible,2026-08-16 22:12:00,APP00362,CAN052,CMP023,JOB045,1.0,eligible,meets_demo_rules,,,,,,,,,,,,,,,
PAE001670,payment_initiated,2026-08-16 22:29:00,APP00362,CAN052,CMP023,JOB045,1.0,,,PAY00246,537.49,INR,netbanking,PayPerAppDemo,,,,,,,,,,
PAE001671,payment_captured,2026-08-16 22:29:24,APP00362,CAN052,CMP023,JOB045,1.0,,,PAY00246,537.49,INR,,PayPerAppDemo,GTX000246,537.49,,,,,,,,
PAE001672,revenue_recognized,2026-08-16 22:41:24,APP00362,CAN052,CMP023,JOB045,1.0,,,PAY00246,43.0,INR,,,,,REV00246,43.0,pay_per_application_fee,,,,,
PAE001673,application_started,2026-08-16 14:51:00,APP00363,CAN078,CMP008,JOB030,1.0,,,,,,,,,,,,,,,,,
PAE001674,application_submitted,2026-08-16 15:10:00,APP00363,CAN078,CMP008,JOB030,1.0,,,,,,,,,,,,,,,,,
PAE001675,application_eligible,2026-08-17 07:10:00,APP00363,CAN078,CMP008,JOB030,1.0,eligible,meets_demo_rules,,,,,,,,,,,,,,,
PAE001676,payment_initiated,2026-08-17 07:31:00,APP00363,CAN078,CMP008,JOB030,1.0,,,PAY00247,988.49,INR,card,PayPerAppDemo,,,,,,,,,,
PAE001677,payment_captured,2026-08-17 07:31:10,APP00363,CAN078,CMP008,JOB030,1.0,,,PAY00247,988.49,INR,,PayPerAppDemo,GTX000247,988.49,,,,,,,,
PAE001678,revenue_recognized,2026-08-17 07:40:10,APP00363,CAN078,CMP008,JOB030,1.0,,,PAY00247,79.08,INR,,,,,REV00247,79.08,pay_per_application_fee,,,,,
PAE001679,application_started,2026-08-16 08:57:00,APP00364,CAN021,CMP009,JOB066,1.0,,,,,,,,,,,,,,,,,
PAE001680,application_submitted,2026-08-16 09:09:00,APP00364,CAN021,CMP009,JOB066,1.0,,,,,,,,,,,,,,,,,
PAE001681,application_eligible,2026-08-16 15:09:00,APP00364,CAN021,CMP009,JOB066,1.0,eligible,meets_demo_rules,,,,,,,,,,,,,,,
PAE001682,payment_initiated,2026-08-16 15:28:00,APP00364,CAN021,CMP009,JOB066,1.0,,,PAY00248,756.82,INR,netbanking,PayPerAppDemo,,,,,,,,,,
PAE001683,payment_captured,2026-08-16 15:29:37,APP00364,CAN021,CMP009,JOB066,1.0,,,PAY00248,756.82,INR,,PayPerAppDemo,GTX000248,756.82,,,,,,,,
PAE001684,revenue_recognized,2026-08-16 16:16:37,APP00364,CAN021,CMP009,JOB066,1.0,,,PAY00248,60.55,INR,,,,,REV00248,60.55,pay_per_application_fee,,,,,
PAE001685,application_started,2026-08-16 15:38:00,APP00365,CAN037,CMP006,JOB028,1.0,,,,,,,,,,,,,,,,,
PAE001686,application_started,2026-08-16 14:38:00,APP00366,CAN062,CMP011,JOB029,1.0,,,,,,,,,,,,,,,,,
PAE001687,application_submitted,2026-08-16 15:57:00,APP00366,CAN062,CMP011,JOB029,1.0,,,,,,,,,,,,,,,,,
PAE001688,application_started,2026-08-16 12:10:00,APP00367,CAN024,CMP040,JOB066,1.0,,,,,,,,,,,,,,,,,
PAE001689,application_submitted,2026-08-16 12:58:00,APP00367,CAN024,CMP040,JOB066,1.0,,,,,,,,,,,,,,,,,
PAE001690,application_started,2026-08-16 11:24:00,APP00368,CAN077,CMP038,JOB009,1.0,,,,,,,,,,,,,,,,,
PAE001691,application_submitted,2026-08-16 11:42:00,APP00368,CAN077,CMP038,JOB009,1.0,,,,,,,,,,,,,,,,,
PAE001692,application_eligible,2026-08-17 04:42:00,APP00368,CAN077,CMP038,JOB009,1.0,eligible,meets_demo_rules,,,,,,,,,,,,,,,
PAE001693,payment_initiated,2026-08-17 04:56:00,APP00368,CAN077,CMP038,JOB009,1.0,,,PAY00249,880.45,INR,upi,PayPerAppDemo,,,,,,,,,,
PAE001694,payment_captured,2026-08-17 04:56:27,APP00368,CAN077,CMP038,JOB009,1.0,,,PAY00249,880.45,INR,,PayPerAppDemo,GTX000249,880.45,,,,,,,,
PAE001695,revenue_recognized,2026-08-17 05:27:27,APP00368,CAN077,CMP038,JOB009,1.0,,,PAY00249,70.44,INR,,,,,REV00249,70.44,pay_per_application_fee,,,,,
PAE001696,application_started,2026-08-16 16:48:00,APP00369,CAN077,CMP003,JOB069,1.0,,,,,,,,,,,,,,,,,
PAE001697,application_submitted,2026-08-16 17:54:00,APP00369,CAN077,CMP003,JOB069,1.0,,,,,,,,,,,,,,,,,
PAE001698,application_eligible,2026-08-17 13:54:00,APP00369,CAN077,CMP003,JOB069,1.0,eligible,meets_demo_rules,,,,,,,,,,,,,,,
PAE001699,payment_initiated,2026-08-17 14:19:00,APP00369,CAN077,CMP003,JOB069,1.0,,,PAY00250,251.5,INR,netbanking,PayPerAppDemo,,,,,,,,,,
PAE001700,payment_captured,2026-08-17 14:20:11,APP00369,CAN077,CMP003,JOB069,1.0,,,PAY00250,251.5,INR,,PayPerAppDemo,GTX000250,251.5,,,,,,,,
PAE001701,revenue_recognized,2026-08-17 14:47:11,APP00369,CAN077,CMP003,JOB069,1.0,,,PAY00250,20.12,INR,,,,,REV00250,20.12,pay_per_application_fee,,,,,
PAE001702,application_started,2026-08-16 11:51:00,APP00370,CAN006,CMP034,JOB055,1.0,,,,,,,,,,,,,,,,,
PAE001703,application_submitted,2026-08-16 12:44:00,APP00370,CAN006,CMP034,JOB055,1.0,,,,,,,,,,,,,,,,,
PAE001704,application_eligible,2026-08-17 12:44:00,APP00370,CAN006,CMP034,JOB055,1.0,eligible,meets_demo_rules,,,,,,,,,,,,,,,
PAE001705,application_started,2026-08-16 14:08:00,APP00371,CAN090,CMP037,JOB013,1.0,,,,,,,,,,,,,,,,,
PAE001706,application_submitted,2026-08-16 14:42:00,APP00371,CAN090,CMP037,JOB013,1.0,,,,,,,,,,,,,,,,,
PAE001707,application_started,2026-08-16 16:26:00,APP00372,CAN011,CMP019,JOB077,1.0,,,,,,,,,,,,,,,,,
PAE001708,application_submitted,2026-08-16 16:31:00,APP00372,CAN011,CMP019,JOB077,1.0,,,,,,,,,,,,,,,,,
PAE001709,application_eligible,2026-08-16 17:31:00,APP00372,CAN011,CMP019,JOB077,1.0,eligible,meets_demo_rules,,,,,,,,,,,,,,,
PAE001710,payment_initiated,2026-08-16 17:32:00,APP00372,CAN011,CMP019,JOB077,1.0,,,PAY00251,397.29,INR,card,PayPerAppDemo,,,,,,,,,,
PAE001711,payment_captured,2026-08-16 17:33:33,APP00372,CAN011,CMP019,JOB077,1.0,,,PAY00251,397.29,INR,,PayPerAppDemo,GTX000251,397.29,,,,,,,,
PAE001712,revenue_recognized,2026-08-16 18:25:33,APP00372,CAN011,CMP019,JOB077,1.0,,,PAY00251,31.78,INR,,,,,REV00251,31.78,pay_per_application_fee,,,,,
PAE001713,application_started,2026-08-16 14:41:00,APP00373,CAN047,CMP007,JOB020,1.0,,,,,,,,,,,,,,,,,
PAE001714,application_submitted,2026-08-16 15:19:00,APP00373,CAN047,CMP007,JOB020,1.0,,,,,,,,,,,,,,,,,
PAE001715,application_started,2026-08-16 17:17:00,APP00374,CAN055,CMP037,JOB047,1.0,,,,,,,,,,,,,,,,,
PAE001716,application_started,2026-08-16 16:50:00,APP00375,CAN051,CMP014,JOB053,1.0,,,,,,,,,,,,,,,,,
PAE001717,application_submitted,2026-08-16 17:17:00,APP00375,CAN051,CMP014,JOB053,1.0,,,,,,,,,,,,,,,,,
PAE001718,application_eligible,2026-08-17 11:17:00,APP00375,CAN051,CMP014,JOB053,1.0,eligible,meets_demo_rules,,,,,,,,,,,,,,,
PAE001719,payment_initiated,2026-08-17 11:36:00,APP00375,CAN051,CMP014,JOB053,1.0,,,PAY00252,1485.64,INR,card,PayPerAppDemo,,,,,,,,,,
PAE001720,payment_captured,2026-08-17 11:36:55,APP00375,CAN051,CMP014,JOB053,1.0,,,PAY00252,1485.64,INR,,PayPerAppDemo,GTX000252,1485.64,,,,,,,,
PAE001721,revenue_recognized,2026-08-17 12:24:55,APP00375,CAN051,CMP014,JOB053,1.0,,,PAY00252,118.85,INR,,,,,REV00252,118.85,pay_per_application_fee,,,,,
PAE001722,application_started,2026-08-16 15:50:00,APP00376,CAN085,CMP008,JOB030,1.0,,,,,,,,,,,,,,,,,
PAE001723,application_submitted,2026-08-16 16:15:00,APP00376,CAN085,CMP008,JOB030,1.0,,,,,,,,,,,,,,,,,
PAE001724,application_eligible,2026-08-17 09:15:00,APP00376,CAN085,CMP008,JOB030,1.0,eligible,meets_demo_rules,,,,,,,,,,,,,,,
PAE001725,payment_initiated,2026-08-17 09:33:00,APP00376,CAN085,CMP008,JOB030,1.0,,,PAY00253,673.05,INR,netbanking,PayPerAppDemo,,,,,,,,,,
PAE001726,payment_captured,2026-08-17 09:34:35,APP00376,CAN085,CMP008,JOB030,1.0,,,PAY00253,673.05,INR,,PayPerAppDemo,GTX000253,673.05,,,,,,,,
PAE001727,revenue_recognized,2026-08-17 09:38:35,APP00376,CAN085,CMP008,JOB030,1.0,,,PAY00253,53.84,INR,,,,,REV00253,53.84,pay_per_application_fee,,,,,
PAE001728,application_started,2026-08-16 10:30:00,APP00377,CAN082,CMP001,JOB012,1.0,,,,,,,,,,,,,,,,,
PAE001729,application_started,2026-08-16 12:14:00,APP00378,CAN056,CMP006,JOB009,1.0,,,,,,,,,,,,,,,,,
PAE001730,application_submitted,2026-08-16 13:36:00,APP00378,CAN056,CMP006,JOB009,1.0,,,,,,,,,,,,,,,,,
PAE001731,application_eligible,2026-08-17 02:36:00,APP00378,CAN056,CMP006,JOB009,1.0,eligible,meets_demo_rules,,,,,,,,,,,,,,,
PAE001732,application_started,2026-08-16 12:45:00,APP00379,CAN052,CMP040,JOB067,1.0,,,,,,,,,,,,,,,,,
PAE001733,application_started,2026-08-16 15:00:00,APP00380,CAN008,CMP012,JOB064,1.0,,,,,,,,,,,,,,,,,
PAE001734,application_submitted,2026-08-16 16:29:00,APP00380,CAN008,CMP012,JOB064,1.0,,,,,,,,,,,,,,,,,
PAE001735,application_started,2026-08-16 08:50:00,APP00381,CAN067,CMP019,JOB025,1.0,,,,,,,,,,,,,,,,,
PAE001736,application_submitted,2026-08-16 10:01:00,APP00381,CAN067,CMP019,JOB025,1.0,,,,,,,,,,,,,,,,,
PAE001737,application_eligible,2026-08-17 06:01:00,APP00381,CAN067,CMP019,JOB025,1.0,eligible,meets_demo_rules,,,,,,,,,,,,,,,
PAE001738,payment_initiated,2026-08-17 06:09:00,APP00381,CAN067,CMP019,JOB025,1.0,,,PAY00254,295.08,INR,netbanking,PayPerAppDemo,,,,,,,,,,
PAE001739,payment_captured,2026-08-17 06:09:25,APP00381,CAN067,CMP019,JOB025,1.0,,,PAY00254,295.08,INR,,PayPerAppDemo,GTX000254,295.08,,,,,,,,
PAE001740,revenue_recognized,2026-08-17 06:15:25,APP00381,CAN067,CMP019,JOB025,1.0,,,PAY00254,23.61,INR,,,,,REV00254,23.61,pay_per_application_fee,,,,,
PAE001741,application_started,2026-08-16 18:25:00,APP00382,CAN100,CMP026,JOB046,1.0,,,,,,,,,,,,,,,,,
PAE001742,application_submitted,2026-08-16 18:55:00,APP00382,CAN100,CMP026,JOB046,1.0,,,,,,,,,,,,,,,,,
PAE001743,application_eligible,2026-08-17 18:55:00,APP00382,CAN100,CMP026,JOB046,1.0,eligible,meets_demo_rules,,,,,,,,,,,,,,,
PAE001744,payment_initiated,2026-08-17 19:13:00,APP00382,CAN100,CMP026,JOB046,1.0,,,PAY00255,1398.97,INR,card,PayPerAppDemo,,,,,,,,,,
PAE001745,payment_captured,2026-08-17 19:14:16,APP00382,CAN100,CMP026,JOB046,1.0,,,PAY00255,1398.97,INR,,PayPerAppDemo,GTX000255,1398.97,,,,,,,,
PAE001746,revenue_recognized,2026-08-17 20:13:16,APP00382,CAN100,CMP026,JOB046,1.0,,,PAY00255,111.92,INR,,,,,REV00255,111.92,pay_per_application_fee,,,,,
PAE001747,application_started,2026-08-16 17:12:00,APP00383,CAN045,CMP018,JOB029,1.0,,,,,,,,,,,,,,,,,
PAE001748,application_submitted,2026-08-16 18:08:00,APP00383,CAN045,CMP018,JOB029,1.0,,,,,,,,,,,,,,,,,
PAE001749,application_eligible,2026-08-17 03:08:00,APP00383,CAN045,CMP018,JOB029,1.0,eligible,meets_demo_rules,,,,,,,,,,,,,,,
PAE001750,payment_initiated,2026-08-17 03:26:00,APP00383,CAN045,CMP018,JOB029,1.0,,,PAY00256,882.8,INR,upi,PayPerAppDemo,,,,,,,,,,
PAE001751,payment_captured,2026-08-17 03:26:48,APP00383,CAN045,CMP018,JOB029,1.0,,,PAY00256,882.8,INR,,PayPerAppDemo,GTX000256,882.8,,,,,,,,
PAE001752,revenue_recognized,2026-08-17 03:34:48,APP00383,CAN045,CMP018,JOB029,1.0,,,PAY00256,70.62,INR,,,,,REV00256,70.62,pay_per_application_fee,,,,,
PAE001753,application_started,2026-08-16 12:44:00,APP00384,CAN033,CMP035,JOB074,1.0,,,,,,,,,,,,,,,,,
PAE001754,application_submitted,2026-08-16 13:37:00,APP00384,CAN033,CMP035,JOB074,1.0,,,,,,,,,,,,,,,,,
PAE001755,application_eligible,2026-08-16 21:37:00,APP00384,CAN033,CMP035,JOB074,1.0,eligible,meets_demo_rules,,,,,,,,,,,,,,,
PAE001756,payment_initiated,2026-08-16 21:52:00,APP00384,CAN033,CMP035,JOB074,1.0,,,PAY00257,1451.55,INR,netbanking,PayPerAppDemo,,,,,,,,,,
PAE001757,payment_captured,2026-08-16 21:53:20,APP00384,CAN033,CMP035,JOB074,1.0,,,PAY00257,1451.55,INR,,PayPerAppDemo,GTX000257,1451.55,,,,,,,,
PAE001758,revenue_recognized,2026-08-16 22:49:20,APP00384,CAN033,CMP035,JOB074,1.0,,,PAY00257,116.12,INR,,,,,REV00257,116.12,pay_per_application_fee,,,,,
PAE001759,payment_refunded,2026-08-17 22:49:20,APP00384,CAN033,CMP035,JOB074,1.0,,,PAY00257,489.46,INR,,,,,,,,REF00257,489.46,demo_refund,,
PAE001760,application_started,2026-08-17 13:26:00,APP00385,CAN049,CMP015,JOB030,1.0,,,,,,,,,,,,,,,,,
PAE001761,application_started,2026-08-17 12:15:00,APP00386,CAN067,CMP035,JOB002,1.0,,,,,,,,,,,,,,,,,
PAE001762,application_submitted,2026-08-17 13:11:00,APP00386,CAN067,CMP035,JOB002,1.0,,,,,,,,,,,,,,,,,
PAE001763,application_eligible,2026-08-18 00:11:00,APP00386,CAN067,CMP035,JOB002,1.0,eligible,meets_demo_rules,,,,,,,,,,,,,,,
PAE001764,payment_initiated,2026-08-18 00:27:00,APP00386,CAN067,CMP035,JOB002,1.0,,,PAY00258,1414.25,INR,card,PayPerAppDemo,,,,,,,,,,
PAE001765,payment_captured,2026-08-18 00:28:59,APP00386,CAN067,CMP035,JOB002,1.0,,,PAY00258,1414.25,INR,,PayPerAppDemo,GTX000258,1414.25,,,,,,,,
PAE001766,revenue_recognized,2026-08-18 01:05:59,APP00386,CAN067,CMP035,JOB002,1.0,,,PAY00258,113.14,INR,,,,,REV00258,113.14,pay_per_application_fee,,,,,
PAE001767,application_started,2026-08-17 11:15:00,APP00387,CAN096,CMP013,JOB064,1.0,,,,,,,,,,,,,,,,,
PAE001768,application_submitted,2026-08-17 11:53:00,APP00387,CAN096,CMP013,JOB064,1.0,,,,,,,,,,,,,,,,,
PAE001769,application_eligible,2026-08-17 18:53:00,APP00387,CAN096,CMP013,JOB064,1.0,eligible,meets_demo_rules,,,,,,,,,,,,,,,
PAE001770,payment_initiated,2026-08-17 19:05:00,APP00387,CAN096,CMP013,JOB064,1.0,,,PAY00259,1295.42,INR,upi,PayPerAppDemo,,,,,,,,,,
PAE001771,payment_captured,2026-08-17 19:05:20,APP00387,CAN096,CMP013,JOB064,1.0,,,PAY00259,1295.42,INR,,PayPerAppDemo,GTX000259,1295.42,,,,,,,,
PAE001772,revenue_recognized,2026-08-17 20:04:20,APP00387,CAN096,CMP013,JOB064,1.0,,,PAY00259,103.63,INR,,,,,REV00259,103.63,pay_per_application_fee,,,,,
PAE001773,application_started,2026-08-17 08:48:00,APP00388,CAN085,CMP032,JOB079,1.0,,,,,,,,,,,,,,,,,
PAE001774,application_submitted,2026-08-17 08:58:00,APP00388,CAN085,CMP032,JOB079,1.0,,,,,,,,,,,,,,,,,
PAE001775,application_started,2026-08-17 15:57:00,APP00389,CAN048,CMP040,JOB041,1.0,,,,,,,,,,,,,,,,,
PAE001776,application_started,2026-08-17 10:48:00,APP00390,CAN074,CMP018,JOB063,1.0,,,,,,,,,,,,,,,,,
PAE001777,application_started,2026-08-17 17:08:00,APP00391,CAN036,CMP026,JOB029,1.0,,,,,,,,,,,,,,,,,
PAE001778,application_submitted,2026-08-17 18:07:00,APP00391,CAN036,CMP026,JOB029,1.0,,,,,,,,,,,,,,,,,
PAE001779,application_eligible,2026-08-18 12:07:00,APP00391,CAN036,CMP026,JOB029,1.0,eligible,meets_demo_rules,,,,,,,,,,,,,,,
PAE001780,payment_initiated,2026-08-18 12:35:00,APP00391,CAN036,CMP026,JOB029,1.0,,,PAY00260,684.11,INR,netbanking,PayPerAppDemo,,,,,,,,,,
PAE001781,payment_captured,2026-08-18 12:36:03,APP00391,CAN036,CMP026,JOB029,1.0,,,PAY00260,684.11,INR,,PayPerAppDemo,GTX000260,684.11,,,,,,,,
PAE001782,revenue_recognized,2026-08-18 12:44:03,APP00391,CAN036,CMP026,JOB029,1.0,,,PAY00260,54.73,INR,,,,,REV00260,54.73,pay_per_application_fee,,,,,
PAE001783,application_started,2026-08-17 08:43:00,APP00392,CAN059,CMP021,JOB002,1.0,,,,,,,,,,,,,,,,,
PAE001784,application_submitted,2026-08-17 10:02:00,APP00392,CAN059,CMP021,JOB002,1.0,,,,,,,,,,,,,,,,,
PAE001785,application_eligible,2026-08-17 22:02:00,APP00392,CAN059,CMP021,JOB002,1.0,eligible,meets_demo_rules,,,,,,,,,,,,,,,
PAE001786,payment_initiated,2026-08-17 22:20:00,APP00392,CAN059,CMP021,JOB002,1.0,,,PAY00261,574.63,INR,card,PayPerAppDemo,,,,,,,,,,
PAE001787,payment_captured,2026-08-17 22:21:05,APP00392,CAN059,CMP021,JOB002,1.0,,,PAY00261,574.63,INR,,PayPerAppDemo,GTX000261,574.63,,,,,,,,
PAE001788,revenue_recognized,2026-08-17 23:01:05,APP00392,CAN059,CMP021,JOB002,1.0,,,PAY00261,45.97,INR,,,,,REV00261,45.97,pay_per_application_fee,,,,,
PAE001789,application_started,2026-08-17 11:26:00,APP00393,CAN024,CMP032,JOB055,1.0,,,,,,,,,,,,,,,,,
PAE001790,application_submitted,2026-08-17 12:18:00,APP00393,CAN024,CMP032,JOB055,1.0,,,,,,,,,,,,,,,,,
PAE001791,application_eligible,2026-08-18 01:18:00,APP00393,CAN024,CMP032,JOB055,1.0,eligible,meets_demo_rules,,,,,,,,,,,,,,,
PAE001792,payment_initiated,2026-08-18 01:23:00,APP00393,CAN024,CMP032,JOB055,1.0,,,PAY00262,474.86,INR,netbanking,PayPerAppDemo,,,,,,,,,,
PAE001793,payment_captured,2026-08-18 01:24:49,APP00393,CAN024,CMP032,JOB055,1.0,,,PAY00262,474.86,INR,,PayPerAppDemo,GTX000262,474.86,,,,,,,,
PAE001794,revenue_recognized,2026-08-18 01:31:49,APP00393,CAN024,CMP032,JOB055,1.0,,,PAY00262,37.99,INR,,,,,REV00262,37.99,pay_per_application_fee,,,,,
PAE001795,application_started,2026-08-17 14:12:00,APP00394,CAN031,CMP036,JOB056,1.0,,,,,,,,,,,,,,,,,
PAE001796,application_submitted,2026-08-17 14:36:00,APP00394,CAN031,CMP036,JOB056,1.0,,,,,,,,,,,,,,,,,
PAE001797,application_eligible,2026-08-17 15:36:00,APP00394,CAN031,CMP036,JOB056,1.0,eligible,meets_demo_rules,,,,,,,,,,,,,,,
PAE001798,payment_initiated,2026-08-17 16:05:00,APP00394,CAN031,CMP036,JOB056,1.0,,,PAY00263,874.5,INR,netbanking,PayPerAppDemo,,,,,,,,,,
PAE001799,payment_captured,2026-08-17 16:06:37,APP00394,CAN031,CMP036,JOB056,1.0,,,PAY00263,874.5,INR,,PayPerAppDemo,GTX000263,874.5,,,,,,,,
PAE001800,revenue_recognized,2026-08-17 16:27:37,APP00394,CAN031,CMP036,JOB056,1.0,,,PAY00263,69.96,INR,,,,,REV00263,69.96,pay_per_application_fee,,,,,
PAE001801,application_started,2026-08-17 17:03:00,APP00395,CAN039,CMP017,JOB072,1.0,,,,,,,,,,,,,,,,,
PAE001802,application_submitted,2026-08-17 17:28:00,APP00395,CAN039,CMP017,JOB072,1.0,,,,,,,,,,,,,,,,,
PAE001803,application_eligible,2026-08-18 02:28:00,APP00395,CAN039,CMP017,JOB072,1.0,eligible,meets_demo_rules,,,,,,,,,,,,,,,
PAE001804,payment_initiated,2026-08-18 02:43:00,APP00395,CAN039,CMP017,JOB072,1.0,,,PAY00264,1037.33,INR,netbanking,PayPerAppDemo,,,,,,,,,,
PAE001805,payment_captured,2026-08-18 02:43:51,APP00395,CAN039,CMP017,JOB072,1.0,,,PAY00264,1037.33,INR,,PayPerAppDemo,GTX000264,1037.33,,,,,,,,
PAE001806,revenue_recognized,2026-08-18 03:07:51,APP00395,CAN039,CMP017,JOB072,1.0,,,PAY00264,82.99,INR,,,,,REV00264,82.99,pay_per_application_fee,,,,,
PAE001807,application_started,2026-08-17 14:07:00,APP00396,CAN033,CMP023,JOB003,1.0,,,,,,,,,,,,,,,,,
PAE001808,application_submitted,2026-08-17 15:29:00,APP00396,CAN033,CMP023,JOB003,1.0,,,,,,,,,,,,,,,,,
PAE001809,application_eligible,2026-08-18 10:29:00,APP00396,CAN033,CMP023,JOB003,1.0,eligible,meets_demo_rules,,,,,,,,,,,,,,,
PAE001810,payment_initiated,2026-08-18 10:54:00,APP00396,CAN033,CMP023,JOB003,1.0,,,PAY00265,923.05,INR,card,PayPerAppDemo,,,,,,,,,,
PAE001811,payment_captured,2026-08-18 10:55:31,APP00396,CAN033,CMP023,JOB003,1.0,,,PAY00265,923.05,INR,,PayPerAppDemo,GTX000265,923.05,,,,,,,,
PAE001812,revenue_recognized,2026-08-18 11:28:31,APP00396,CAN033,CMP023,JOB003,1.0,,,PAY00265,73.84,INR,,,,,REV00265,73.84,pay_per_application_fee,,,,,
PAE001813,application_started,2026-08-17 14:39:00,APP00397,CAN095,CMP029,JOB011,1.0,,,,,,,,,,,,,,,,,
PAE001814,application_submitted,2026-08-17 16:04:00,APP00397,CAN095,CMP029,JOB011,1.0,,,,,,,,,,,,,,,,,
PAE001815,application_started,2026-08-17 18:39:00,APP00398,CAN022,CMP022,JOB054,1.0,,,,,,,,,,,,,,,,,
PAE001816,application_submitted,2026-08-17 18:53:00,APP00398,CAN022,CMP022,JOB054,1.0,,,,,,,,,,,,,,,,,
PAE001817,application_eligible,2026-08-18 05:53:00,APP00398,CAN022,CMP022,JOB054,1.0,eligible,meets_demo_rules,,,,,,,,,,,,,,,
PAE001818,payment_initiated,2026-08-18 06:03:00,APP00398,CAN022,CMP022,JOB054,1.0,,,PAY00266,646.1,INR,netbanking,PayPerAppDemo,,,,,,,,,,
PAE001819,payment_captured,2026-08-18 06:04:27,APP00398,CAN022,CMP022,JOB054,1.0,,,PAY00266,646.1,INR,,PayPerAppDemo,GTX000266,646.1,,,,,,,,
PAE001820,revenue_recognized,2026-08-18 06:30:27,APP00398,CAN022,CMP022,JOB054,1.0,,,PAY00266,51.69,INR,,,,,REV00266,51.69,pay_per_application_fee,,,,,
PAE001821,application_started,2026-08-17 16:28:00,APP00399,CAN057,CMP024,JOB076,1.0,,,,,,,,,,,,,,,,,
PAE001822,application_submitted,2026-08-17 16:56:00,APP00399,CAN057,CMP024,JOB076,1.0,,,,,,,,,,,,,,,,,
PAE001823,application_started,2026-08-17 09:13:00,APP00400,CAN017,CMP016,JOB033,1.0,,,,,,,,,,,,,,,,,
PAE001824,application_submitted,2026-08-17 09:31:00,APP00400,CAN017,CMP016,JOB033,1.0,,,,,,,,,,,,,,,,,
PAE001825,application_eligible,2026-08-18 01:31:00,APP00400,CAN017,CMP016,JOB033,1.0,eligible,meets_demo_rules,,,,,,,,,,,,,,,
PAE001826,payment_initiated,2026-08-18 01:44:00,APP00400,CAN017,CMP016,JOB033,1.0,,,PAY00267,282.96,INR,netbanking,PayPerAppDemo,,,,,,,,,,
PAE001827,payment_captured,2026-08-18 01:44:15,APP00400,CAN017,CMP016,JOB033,1.0,,,PAY00267,282.96,INR,,PayPerAppDemo,GTX000267,282.96,,,,,,,,
PAE001828,revenue_recognized,2026-08-18 01:51:15,APP00400,CAN017,CMP016,JOB033,1.0,,,PAY00267,22.64,INR,,,,,REV00267,22.64,pay_per_application_fee,,,,,
PAE001829,application_started,2026-08-17 12:14:00,APP00401,CAN020,CMP006,JOB050,1.0,,,,,,,,,,,,,,,,,
PAE001830,application_submitted,2026-08-17 12:55:00,APP00401,CAN020,CMP006,JOB050,1.0,,,,,,,,,,,,,,,,,
PAE001831,application_eligible,2026-08-17 17:55:00,APP00401,CAN020,CMP006,JOB050,1.0,eligible,meets_demo_rules,,,,,,,,,,,,,,,
PAE001832,payment_initiated,2026-08-17 17:56:00,APP00401,CAN020,CMP006,JOB050,1.0,,,PAY00268,1298.15,INR,upi,PayPerAppDemo,,,,,,,,,,
PAE001833,payment_captured,2026-08-17 17:57:55,APP00401,CAN020,CMP006,JOB050,1.0,,,PAY00268,1298.15,INR,,PayPerAppDemo,GTX000268,1298.15,,,,,,,,
PAE001834,revenue_recognized,2026-08-17 18:56:55,APP00401,CAN020,CMP006,JOB050,1.0,,,PAY00268,103.85,INR,,,,,REV00268,103.85,pay_per_application_fee,,,,,
PAE001835,application_started,2026-08-17 12:35:00,APP00402,CAN061,CMP030,JOB070,1.0,,,,,,,,,,,,,,,,,
PAE001836,application_submitted,2026-08-17 13:49:00,APP00402,CAN061,CMP030,JOB070,1.0,,,,,,,,,,,,,,,,,
PAE001837,application_eligible,2026-08-18 09:49:00,APP00402,CAN061,CMP030,JOB070,1.0,eligible,meets_demo_rules,,,,,,,,,,,,,,,
PAE001838,payment_initiated,2026-08-18 10:18:00,APP00402,CAN061,CMP030,JOB070,1.0,,,PAY00269,1186.14,INR,netbanking,PayPerAppDemo,,,,,,,,,,
PAE001839,payment_captured,2026-08-18 10:19:26,APP00402,CAN061,CMP030,JOB070,1.0,,,PAY00269,1186.14,INR,,PayPerAppDemo,GTX000269,1186.14,,,,,,,,
PAE001840,revenue_recognized,2026-08-18 11:00:26,APP00402,CAN061,CMP030,JOB070,1.0,,,PAY00269,94.89,INR,,,,,REV00269,94.89,pay_per_application_fee,,,,,
PAE001841,application_started,2026-08-17 11:51:00,APP00403,CAN045,CMP031,JOB070,1.0,,,,,,,,,,,,,,,,,
PAE001842,application_submitted,2026-08-17 12:35:00,APP00403,CAN045,CMP031,JOB070,1.0,,,,,,,,,,,,,,,,,
PAE001843,application_eligible,2026-08-17 21:35:00,APP00403,CAN045,CMP031,JOB070,1.0,eligible,meets_demo_rules,,,,,,,,,,,,,,,
PAE001844,payment_initiated,2026-08-17 21:52:00,APP00403,CAN045,CMP031,JOB070,1.0,,,PAY00270,263.19,INR,upi,PayPerAppDemo,,,,,,,,,,
PAE001845,payment_captured,2026-08-17 21:53:05,APP00403,CAN045,CMP031,JOB070,1.0,,,PAY00270,263.19,INR,,PayPerAppDemo,GTX000270,263.19,,,,,,,,
PAE001846,revenue_recognized,2026-08-17 22:28:05,APP00403,CAN045,CMP031,JOB070,1.0,,,PAY00270,21.06,INR,,,,,REV00270,21.06,pay_per_application_fee,,,,,
PAE001847,payment_refunded,2026-08-21 22:28:05,APP00403,CAN045,CMP031,JOB070,1.0,,,PAY00270,247.81,INR,,,,,,,,REF00270,247.81,demo_refund,,
PAE001848,application_started,2026-08-17 12:38:00,APP00404,CAN039,CMP001,JOB056,1.0,,,,,,,,,,,,,,,,,
PAE001849,application_submitted,2026-08-17 12:43:00,APP00404,CAN039,CMP001,JOB056,1.0,,,,,,,,,,,,,,,,,
PAE001850,application_eligible,2026-08-17 19:43:00,APP00404,CAN039,CMP001,JOB056,1.0,eligible,meets_demo_rules,,,,,,,,,,,,,,,
PAE001851,payment_initiated,2026-08-17 19:56:00,APP00404,CAN039,CMP001,JOB056,1.0,,,PAY00271,950.69,INR,upi,PayPerAppDemo,,,,,,,,,,
PAE001852,payment_captured,2026-08-17 19:57:39,APP00404,CAN039,CMP001,JOB056,1.0,,,PAY00271,950.69,INR,,PayPerAppDemo,GTX000271,950.69,,,,,,,,
PAE001853,revenue_recognized,2026-08-17 20:39:39,APP00404,CAN039,CMP001,JOB056,1.0,,,PAY00271,76.06,INR,,,,,REV00271,76.06,pay_per_application_fee,,,,,
PAE001854,application_started,2026-08-17 09:27:00,APP00405,CAN049,CMP015,JOB034,1.0,,,,,,,,,,,,,,,,,
PAE001855,application_submitted,2026-08-17 10:38:00,APP00405,CAN049,CMP015,JOB034,1.0,,,,,,,,,,,,,,,,,
PAE001856,application_eligible,2026-08-18 06:38:00,APP00405,CAN049,CMP015,JOB034,1.0,eligible,meets_demo_rules,,,,,,,,,,,,,,,
PAE001857,payment_initiated,2026-08-18 06:48:00,APP00405,CAN049,CMP015,JOB034,1.0,,,PAY00272,1105.8,INR,netbanking,PayPerAppDemo,,,,,,,,,,
PAE001858,payment_captured,2026-08-18 06:49:48,APP00405,CAN049,CMP015,JOB034,1.0,,,PAY00272,1105.8,INR,,PayPerAppDemo,GTX000272,1105.8,,,,,,,,
PAE001859,revenue_recognized,2026-08-18 07:07:48,APP00405,CAN049,CMP015,JOB034,1.0,,,PAY00272,88.46,INR,,,,,REV00272,88.46,pay_per_application_fee,,,,,
PAE001860,application_started,2026-08-17 12:07:00,APP00406,CAN009,CMP012,JOB018,1.0,,,,,,,,,,,,,,,,,
PAE001861,application_submitted,2026-08-17 13:31:00,APP00406,CAN009,CMP012,JOB018,1.0,,,,,,,,,,,,,,,,,
PAE001862,application_eligible,2026-08-18 12:31:00,APP00406,CAN009,CMP012,JOB018,1.0,eligible,meets_demo_rules,,,,,,,,,,,,,,,
PAE001863,payment_initiated,2026-08-18 12:32:00,APP00406,CAN009,CMP012,JOB018,1.0,,,PAY00273,484.74,INR,upi,PayPerAppDemo,,,,,,,,,,
PAE001864,payment_captured,2026-08-18 12:33:13,APP00406,CAN009,CMP012,JOB018,1.0,,,PAY00273,484.74,INR,,PayPerAppDemo,GTX000273,484.74,,,,,,,,
PAE001865,revenue_recognized,2026-08-18 12:35:13,APP00406,CAN009,CMP012,JOB018,1.0,,,PAY00273,38.78,INR,,,,,REV00273,38.78,pay_per_application_fee,,,,,
PAE001866,application_started,2026-08-17 10:45:00,APP00407,CAN014,CMP019,JOB035,1.0,,,,,,,,,,,,,,,,,
PAE001867,application_submitted,2026-08-17 10:51:00,APP00407,CAN014,CMP019,JOB035,1.0,,,,,,,,,,,,,,,,,
PAE001868,application_eligible,2026-08-17 15:51:00,APP00407,CAN014,CMP019,JOB035,1.0,eligible,meets_demo_rules,,,,,,,,,,,,,,,
PAE001869,payment_initiated,2026-08-17 16:05:00,APP00407,CAN014,CMP019,JOB035,1.0,,,PAY00274,521.49,INR,card,PayPerAppDemo,,,,,,,,,,
PAE001870,payment_captured,2026-08-17 16:06:08,APP00407,CAN014,CMP019,JOB035,1.0,,,PAY00274,521.49,INR,,PayPerAppDemo,GTX000274,521.49,,,,,,,,
PAE001871,revenue_recognized,2026-08-17 16:30:08,APP00407,CAN014,CMP019,JOB035,1.0,,,PAY00274,41.72,INR,,,,,REV00274,41.72,pay_per_application_fee,,,,,
PAE001872,application_started,2026-08-17 10:03:00,APP00408,CAN005,CMP022,JOB011,1.0,,,,,,,,,,,,,,,,,
PAE001873,application_submitted,2026-08-17 10:58:00,APP00408,CAN005,CMP022,JOB011,1.0,,,,,,,,,,,,,,,,,
PAE001874,application_eligible,2026-08-18 02:58:00,APP00408,CAN005,CMP022,JOB011,1.0,eligible,meets_demo_rules,,,,,,,,,,,,,,,
PAE001875,payment_initiated,2026-08-18 03:07:00,APP00408,CAN005,CMP022,JOB011,1.0,,,PAY00275,1369.62,INR,card,PayPerAppDemo,,,,,,,,,,
PAE001876,payment_captured,2026-08-18 03:07:20,APP00408,CAN005,CMP022,JOB011,1.0,,,PAY00275,1369.62,INR,,PayPerAppDemo,GTX000275,1369.62,,,,,,,,
PAE001877,revenue_recognized,2026-08-18 03:57:20,APP00408,CAN005,CMP022,JOB011,1.0,,,PAY00275,109.57,INR,,,,,REV00275,109.57,pay_per_application_fee,,,,,
PAE001878,application_started,2026-08-18 08:12:00,APP00409,CAN050,CMP029,JOB032,1.0,,,,,,,,,,,,,,,,,
PAE001879,application_submitted,2026-08-18 08:29:00,APP00409,CAN050,CMP029,JOB032,1.0,,,,,,,,,,,,,,,,,
PAE001880,application_eligible,2026-08-18 15:29:00,APP00409,CAN050,CMP029,JOB032,1.0,eligible,meets_demo_rules,,,,,,,,,,,,,,,
PAE001881,payment_initiated,2026-08-18 15:39:00,APP00409,CAN050,CMP029,JOB032,1.0,,,PAY00276,1101.8,INR,card,PayPerAppDemo,,,,,,,,,,
PAE001882,payment_captured,2026-08-18 15:40:38,APP00409,CAN050,CMP029,JOB032,1.0,,,PAY00276,1101.8,INR,,PayPerAppDemo,GTX000276,1101.8,,,,,,,,
PAE001883,revenue_recognized,2026-08-18 15:43:38,APP00409,CAN050,CMP029,JOB032,1.0,,,PAY00276,88.14,INR,,,,,REV00276,88.14,pay_per_application_fee,,,,,
PAE001884,application_started,2026-08-18 12:30:00,APP00410,CAN071,CMP034,JOB016,1.0,,,,,,,,,,,,,,,,,
PAE001885,application_submitted,2026-08-18 13:00:00,APP00410,CAN071,CMP034,JOB016,1.0,,,,,,,,,,,,,,,,,
PAE001886,application_eligible,2026-08-18 15:00:00,APP00410,CAN071,CMP034,JOB016,1.0,eligible,meets_demo_rules,,,,,,,,,,,,,,,
PAE001887,payment_initiated,2026-08-18 15:04:00,APP00410,CAN071,CMP034,JOB016,1.0,,,PAY00277,522.24,INR,upi,PayPerAppDemo,,,,,,,,,,
PAE001888,payment_captured,2026-08-18 15:04:46,APP00410,CAN071,CMP034,JOB016,1.0,,,PAY00277,522.24,INR,,PayPerAppDemo,GTX000277,522.24,,,,,,,,
PAE001889,revenue_recognized,2026-08-18 15:05:46,APP00410,CAN071,CMP034,JOB016,1.0,,,PAY00277,41.78,INR,,,,,REV00277,41.78,pay_per_application_fee,,,,,
PAE001890,application_started,2026-08-18 14:50:00,APP00411,CAN036,CMP038,JOB016,1.0,,,,,,,,,,,,,,,,,
PAE001891,application_submitted,2026-08-18 15:00:00,APP00411,CAN036,CMP038,JOB016,1.0,,,,,,,,,,,,,,,,,
PAE001892,application_eligible,2026-08-19 14:00:00,APP00411,CAN036,CMP038,JOB016,1.0,eligible,meets_demo_rules,,,,,,,,,,,,,,,
PAE001893,payment_initiated,2026-08-19 14:12:00,APP00411,CAN036,CMP038,JOB016,1.0,,,PAY00278,995.27,INR,upi,PayPerAppDemo,,,,,,,,,,
PAE001894,payment_captured,2026-08-19 14:13:08,APP00411,CAN036,CMP038,JOB016,1.0,,,PAY00278,995.27,INR,,PayPerAppDemo,GTX000278,995.27,,,,,,,,
PAE001895,revenue_recognized,2026-08-19 14:19:08,APP00411,CAN036,CMP038,JOB016,1.0,,,PAY00278,79.62,INR,,,,,REV00278,79.62,pay_per_application_fee,,,,,
PAE001896,application_started,2026-08-18 13:41:00,APP00412,CAN044,CMP004,JOB008,1.0,,,,,,,,,,,,,,,,,
PAE001897,application_submitted,2026-08-18 14:54:00,APP00412,CAN044,CMP004,JOB008,1.0,,,,,,,,,,,,,,,,,
PAE001898,application_eligible,2026-08-18 19:54:00,APP00412,CAN044,CMP004,JOB008,1.0,eligible,meets_demo_rules,,,,,,,,,,,,,,,
PAE001899,payment_initiated,2026-08-18 20:12:00,APP00412,CAN044,CMP004,JOB008,1.0,,,PAY00279,645.92,INR,netbanking,PayPerAppDemo,,,,,,,,,,
PAE001900,payment_captured,2026-08-18 20:13:48,APP00412,CAN044,CMP004,JOB008,1.0,,,PAY00279,645.92,INR,,PayPerAppDemo,GTX000279,645.92,,,,,,,,
PAE001901,revenue_recognized,2026-08-18 21:11:48,APP00412,CAN044,CMP004,JOB008,1.0,,,PAY00279,51.67,INR,,,,,REV00279,51.67,pay_per_application_fee,,,,,
PAE001902,application_started,2026-08-18 13:46:00,APP00413,CAN025,CMP002,JOB049,1.0,,,,,,,,,,,,,,,,,
PAE001903,application_submitted,2026-08-18 13:56:00,APP00413,CAN025,CMP002,JOB049,1.0,,,,,,,,,,,,,,,,,
PAE001904,application_eligible,2026-08-19 04:56:00,APP00413,CAN025,CMP002,JOB049,1.0,eligible,meets_demo_rules,,,,,,,,,,,,,,,
PAE001905,payment_initiated,2026-08-19 05:12:00,APP00413,CAN025,CMP002,JOB049,1.0,,,PAY00280,928.42,INR,upi,PayPerAppDemo,,,,,,,,,,
PAE001906,payment_captured,2026-08-19 05:13:14,APP00413,CAN025,CMP002,JOB049,1.0,,,PAY00280,928.42,INR,,PayPerAppDemo,GTX000280,928.42,,,,,,,,
PAE001907,revenue_recognized,2026-08-19 05:36:14,APP00413,CAN025,CMP002,JOB049,1.0,,,PAY00280,74.27,INR,,,,,REV00280,74.27,pay_per_application_fee,,,,,
PAE001908,application_started,2026-08-18 16:10:00,APP00414,CAN060,CMP018,JOB077,1.0,,,,,,,,,,,,,,,,,
PAE001909,application_submitted,2026-08-18 16:34:00,APP00414,CAN060,CMP018,JOB077,1.0,,,,,,,,,,,,,,,,,
PAE001910,application_eligible,2026-08-19 01:34:00,APP00414,CAN060,CMP018,JOB077,1.0,eligible,meets_demo_rules,,,,,,,,,,,,,,,
PAE001911,payment_initiated,2026-08-19 01:59:00,APP00414,CAN060,CMP018,JOB077,1.0,,,PAY00281,817.6,INR,netbanking,PayPerAppDemo,,,,,,,,,,
PAE001912,payment_captured,2026-08-19 02:00:38,APP00414,CAN060,CMP018,JOB077,1.0,,,PAY00281,817.6,INR,,PayPerAppDemo,GTX000281,817.6,,,,,,,,
PAE001913,revenue_recognized,2026-08-19 02:12:38,APP00414,CAN060,CMP018,JOB077,1.0,,,PAY00281,65.41,INR,,,,,REV00281,65.41,pay_per_application_fee,,,,,
PAE001914,application_started,2026-08-18 11:20:00,APP00415,CAN080,CMP024,JOB080,1.0,,,,,,,,,,,,,,,,,
PAE001915,application_submitted,2026-08-18 12:49:00,APP00415,CAN080,CMP024,JOB080,1.0,,,,,,,,,,,,,,,,,
PAE001916,application_started,2026-08-18 18:31:00,APP00416,CAN050,CMP013,JOB068,1.0,,,,,,,,,,,,,,,,,
PAE001917,application_submitted,2026-08-18 18:55:00,APP00416,CAN050,CMP013,JOB068,1.0,,,,,,,,,,,,,,,,,
PAE001918,application_eligible,2026-08-19 05:55:00,APP00416,CAN050,CMP013,JOB068,1.0,eligible,meets_demo_rules,,,,,,,,,,,,,,,
PAE001919,payment_initiated,2026-08-19 05:59:00,APP00416,CAN050,CMP013,JOB068,1.0,,,PAY00282,652.53,INR,netbanking,PayPerAppDemo,,,,,,,,,,
PAE001920,payment_captured,2026-08-19 05:59:10,APP00416,CAN050,CMP013,JOB068,1.0,,,PAY00282,652.53,INR,,PayPerAppDemo,GTX000282,652.53,,,,,,,,
PAE001921,revenue_recognized,2026-08-19 06:53:10,APP00416,CAN050,CMP013,JOB068,1.0,,,PAY00282,52.2,INR,,,,,REV00282,52.2,pay_per_application_fee,,,,,
PAE001922,application_started,2026-08-18 09:31:00,APP00417,CAN023,CMP003,JOB026,1.0,,,,,,,,,,,,,,,,,
PAE001923,application_submitted,2026-08-18 09:40:00,APP00417,CAN023,CMP003,JOB026,1.0,,,,,,,,,,,,,,,,,
PAE001924,application_eligible,2026-08-18 22:40:00,APP00417,CAN023,CMP003,JOB026,1.0,eligible,meets_demo_rules,,,,,,,,,,,,,,,
PAE001925,payment_initiated,2026-08-18 23:03:00,APP00417,CAN023,CMP003,JOB026,1.0,,,PAY00283,907.28,INR,netbanking,PayPerAppDemo,,,,,,,,,,
PAE001926,payment_captured,2026-08-18 23:03:51,APP00417,CAN023,CMP003,JOB026,1.0,,,PAY00283,907.28,INR,,PayPerAppDemo,GTX000283,907.28,,,,,,,,
PAE001927,revenue_recognized,2026-08-18 23:18:51,APP00417,CAN023,CMP003,JOB026,1.0,,,PAY00283,72.58,INR,,,,,REV00283,72.58,pay_per_application_fee,,,,,
PAE001928,application_started,2026-08-18 18:31:00,APP00418,CAN010,CMP001,JOB027,1.0,,,,,,,,,,,,,,,,,
PAE001929,application_started,2026-08-18 13:35:00,APP00419,CAN011,CMP030,JOB008,1.0,,,,,,,,,,,,,,,,,
PAE001930,application_submitted,2026-08-18 14:33:00,APP00419,CAN011,CMP030,JOB008,1.0,,,,,,,,,,,,,,,,,
PAE001931,application_started,2026-08-18 12:33:00,APP00420,CAN091,CMP004,JOB079,1.0,,,,,,,,,,,,,,,,,
PAE001932,application_submitted,2026-08-18 12:47:00,APP00420,CAN091,CMP004,JOB079,1.0,,,,,,,,,,,,,,,,,
PAE001933,application_started,2026-08-18 09:06:00,APP00421,CAN010,CMP014,JOB067,1.0,,,,,,,,,,,,,,,,,
PAE001934,application_submitted,2026-08-18 10:19:00,APP00421,CAN010,CMP014,JOB067,1.0,,,,,,,,,,,,,,,,,
PAE001935,application_eligible,2026-08-18 17:19:00,APP00421,CAN010,CMP014,JOB067,1.0,eligible,meets_demo_rules,,,,,,,,,,,,,,,
PAE001936,payment_initiated,2026-08-18 17:40:00,APP00421,CAN010,CMP014,JOB067,1.0,,,PAY00284,560.95,INR,upi,PayPerAppDemo,,,,,,,,,,
PAE001937,payment_captured,2026-08-18 17:41:16,APP00421,CAN010,CMP014,JOB067,1.0,,,PAY00284,560.95,INR,,PayPerAppDemo,GTX000284,560.95,,,,,,,,
PAE001938,revenue_recognized,2026-08-18 18:08:16,APP00421,CAN010,CMP014,JOB067,1.0,,,PAY00284,44.88,INR,,,,,REV00284,44.88,pay_per_application_fee,,,,,
PAE001939,application_started,2026-08-18 18:29:00,APP00422,CAN099,CMP037,JOB046,1.0,,,,,,,,,,,,,,,,,
PAE001940,application_submitted,2026-08-18 19:28:00,APP00422,CAN099,CMP037,JOB046,1.0,,,,,,,,,,,,,,,,,
PAE001941,application_started,2026-08-18 14:32:00,APP00423,CAN022,CMP012,JOB071,1.0,,,,,,,,,,,,,,,,,
PAE001942,application_submitted,2026-08-18 14:57:00,APP00423,CAN022,CMP012,JOB071,1.0,,,,,,,,,,,,,,,,,
PAE001943,application_eligible,2026-08-19 10:57:00,APP00423,CAN022,CMP012,JOB071,1.0,eligible,meets_demo_rules,,,,,,,,,,,,,,,
PAE001944,payment_initiated,2026-08-19 11:08:00,APP00423,CAN022,CMP012,JOB071,1.0,,,PAY00285,690.41,INR,netbanking,PayPerAppDemo,,,,,,,,,,
PAE001945,payment_failed,2026-08-19 11:08:46,APP00423,CAN022,CMP012,JOB071,1.0,,,PAY00285,690.41,INR,,,,,,,,,,,TIMEOUT,demo_payment_failure
PAE001946,application_started,2026-08-18 17:15:00,APP00424,CAN053,CMP028,JOB042,1.0,,,,,,,,,,,,,,,,,
PAE001947,application_submitted,2026-08-18 17:47:00,APP00424,CAN053,CMP028,JOB042,1.0,,,,,,,,,,,,,,,,,
PAE001948,application_eligible,2026-08-19 11:47:00,APP00424,CAN053,CMP028,JOB042,1.0,eligible,meets_demo_rules,,,,,,,,,,,,,,,
PAE001949,application_started,2026-08-18 15:25:00,APP00425,CAN033,CMP024,JOB058,1.0,,,,,,,,,,,,,,,,,
PAE001950,application_submitted,2026-08-18 15:34:00,APP00425,CAN033,CMP024,JOB058,1.0,,,,,,,,,,,,,,,,,
PAE001951,application_started,2026-08-18 10:56:00,APP00426,CAN077,CMP002,JOB067,1.0,,,,,,,,,,,,,,,,,
PAE001952,application_submitted,2026-08-18 11:39:00,APP00426,CAN077,CMP002,JOB067,1.0,,,,,,,,,,,,,,,,,
PAE001953,application_started,2026-08-18 12:58:00,APP00427,CAN028,CMP021,JOB003,1.0,,,,,,,,,,,,,,,,,
PAE001954,application_submitted,2026-08-18 14:14:00,APP00427,CAN028,CMP021,JOB003,1.0,,,,,,,,,,,,,,,,,
PAE001955,application_eligible,2026-08-19 09:14:00,APP00427,CAN028,CMP021,JOB003,1.0,eligible,meets_demo_rules,,,,,,,,,,,,,,,
PAE001956,payment_initiated,2026-08-19 09:26:00,APP00427,CAN028,CMP021,JOB003,1.0,,,PAY00286,297.17,INR,upi,PayPerAppDemo,,,,,,,,,,
PAE001957,payment_captured,2026-08-19 09:26:51,APP00427,CAN028,CMP021,JOB003,1.0,,,PAY00286,297.17,INR,,PayPerAppDemo,GTX000286,297.17,,,,,,,,
PAE001958,revenue_recognized,2026-08-19 10:23:51,APP00427,CAN028,CMP021,JOB003,1.0,,,PAY00286,23.77,INR,,,,,REV00286,23.77,pay_per_application_fee,,,,,
PAE001959,application_started,2026-08-18 09:36:00,APP00428,CAN030,CMP017,JOB039,1.0,,,,,,,,,,,,,,,,,
PAE001960,application_submitted,2026-08-18 10:08:00,APP00428,CAN030,CMP017,JOB039,1.0,,,,,,,,,,,,,,,,,
PAE001961,application_eligible,2026-08-19 10:08:00,APP00428,CAN030,CMP017,JOB039,1.0,eligible,meets_demo_rules,,,,,,,,,,,,,,,
PAE001962,payment_initiated,2026-08-19 10:24:00,APP00428,CAN030,CMP017,JOB039,1.0,,,PAY00287,853.17,INR,netbanking,PayPerAppDemo,,,,,,,,,,
PAE001963,payment_captured,2026-08-19 10:25:49,APP00428,CAN030,CMP017,JOB039,1.0,,,PAY00287,853.17,INR,,PayPerAppDemo,GTX000287,853.17,,,,,,,,
PAE001964,revenue_recognized,2026-08-19 11:24:49,APP00428,CAN030,CMP017,JOB039,1.0,,,PAY00287,68.25,INR,,,,,REV00287,68.25,pay_per_application_fee,,,,,
PAE001965,application_started,2026-08-18 17:24:00,APP00429,CAN083,CMP020,JOB005,1.0,,,,,,,,,,,,,,,,,
PAE001966,application_submitted,2026-08-18 17:36:00,APP00429,CAN083,CMP020,JOB005,1.0,,,,,,,,,,,,,,,,,
PAE001967,application_started,2026-08-18 14:59:00,APP00430,CAN043,CMP023,JOB056,1.0,,,,,,,,,,,,,,,,,
PAE001968,application_submitted,2026-08-18 15:33:00,APP00430,CAN043,CMP023,JOB056,1.0,,,,,,,,,,,,,,,,,
PAE001969,application_eligible,2026-08-19 11:33:00,APP00430,CAN043,CMP023,JOB056,1.0,eligible,meets_demo_rules,,,,,,,,,,,,,,,
PAE001970,application_started,2026-08-18 12:33:00,APP00431,CAN082,CMP025,JOB007,1.0,,,,,,,,,,,,,,,,,
PAE001971,application_submitted,2026-08-18 13:47:00,APP00431,CAN082,CMP025,JOB007,1.0,,,,,,,,,,,,,,,,,
PAE001972,application_eligible,2026-08-19 00:47:00,APP00431,CAN082,CMP025,JOB007,1.0,eligible,meets_demo_rules,,,,,,,,,,,,,,,
PAE001973,payment_initiated,2026-08-19 00:49:00,APP00431,CAN082,CMP025,JOB007,1.0,,,PAY00288,526.0,INR,netbanking,PayPerAppDemo,,,,,,,,,,
PAE001974,payment_captured,2026-08-19 00:49:55,APP00431,CAN082,CMP025,JOB007,1.0,,,PAY00288,526.0,INR,,PayPerAppDemo,GTX000288,526.0,,,,,,,,
PAE001975,revenue_recognized,2026-08-19 01:18:55,APP00431,CAN082,CMP025,JOB007,1.0,,,PAY00288,42.08,INR,,,,,REV00288,42.08,pay_per_application_fee,,,,,
PAE001976,application_started,2026-08-18 11:27:00,APP00432,CAN074,CMP033,JOB012,1.0,,,,,,,,,,,,,,,,,
PAE001977,application_submitted,2026-08-18 12:22:00,APP00432,CAN074,CMP033,JOB012,1.0,,,,,,,,,,,,,,,,,
PAE001978,application_eligible,2026-08-18 23:22:00,APP00432,CAN074,CMP033,JOB012,1.0,eligible,meets_demo_rules,,,,,,,,,,,,,,,
PAE001979,payment_initiated,2026-08-18 23:24:00,APP00432,CAN074,CMP033,JOB012,1.0,,,PAY00289,964.3,INR,netbanking,PayPerAppDemo,,,,,,,,,,
PAE001980,payment_captured,2026-08-18 23:24:15,APP00432,CAN074,CMP033,JOB012,1.0,,,PAY00289,964.3,INR,,PayPerAppDemo,GTX000289,964.3,,,,,,,,
PAE001981,revenue_recognized,2026-08-18 23:50:15,APP00432,CAN074,CMP033,JOB012,1.0,,,PAY00289,77.14,INR,,,,,REV00289,77.14,pay_per_application_fee,,,,,
PAE001982,application_started,2026-08-19 15:35:00,APP00433,CAN100,CMP009,JOB018,1.0,,,,,,,,,,,,,,,,,
PAE001983,application_submitted,2026-08-19 16:30:00,APP00433,CAN100,CMP009,JOB018,1.0,,,,,,,,,,,,,,,,,
PAE001984,application_eligible,2026-08-19 23:30:00,APP00433,CAN100,CMP009,JOB018,1.0,eligible,meets_demo_rules,,,,,,,,,,,,,,,
PAE001985,payment_initiated,2026-08-19 23:47:00,APP00433,CAN100,CMP009,JOB018,1.0,,,PAY00290,1496.35,INR,upi,PayPerAppDemo,,,,,,,,,,
PAE001986,payment_captured,2026-08-19 23:47:39,APP00433,CAN100,CMP009,JOB018,1.0,,,PAY00290,1496.35,INR,,PayPerAppDemo,GTX000290,1496.35,,,,,,,,
PAE001987,revenue_recognized,2026-08-20 00:37:39,APP00433,CAN100,CMP009,JOB018,1.0,,,PAY00290,119.71,INR,,,,,REV00290,119.71,pay_per_application_fee,,,,,
PAE001988,application_started,2026-08-19 09:42:00,APP00434,CAN088,CMP037,JOB012,1.0,,,,,,,,,,,,,,,,,
PAE001989,application_submitted,2026-08-19 10:33:00,APP00434,CAN088,CMP037,JOB012,1.0,,,,,,,,,,,,,,,,,
PAE001990,application_eligible,2026-08-19 21:33:00,APP00434,CAN088,CMP037,JOB012,1.0,eligible,meets_demo_rules,,,,,,,,,,,,,,,
PAE001991,payment_initiated,2026-08-19 21:58:00,APP00434,CAN088,CMP037,JOB012,1.0,,,PAY00291,1069.26,INR,card,PayPerAppDemo,,,,,,,,,,
PAE001992,payment_captured,2026-08-19 21:58:49,APP00434,CAN088,CMP037,JOB012,1.0,,,PAY00291,1069.26,INR,,PayPerAppDemo,GTX000291,1069.26,,,,,,,,
PAE001993,revenue_recognized,2026-08-19 22:38:49,APP00434,CAN088,CMP037,JOB012,1.0,,,PAY00291,85.54,INR,,,,,REV00291,85.54,pay_per_application_fee,,,,,
PAE001994,application_started,2026-08-19 15:02:00,APP00435,CAN057,CMP040,JOB019,1.0,,,,,,,,,,,,,,,,,
PAE001995,application_started,2026-08-19 10:48:00,APP00436,CAN030,CMP013,JOB048,1.0,,,,,,,,,,,,,,,,,
PAE001996,application_submitted,2026-08-19 11:03:00,APP00436,CAN030,CMP013,JOB048,1.0,,,,,,,,,,,,,,,,,
PAE001997,application_eligible,2026-08-19 13:03:00,APP00436,CAN030,CMP013,JOB048,1.0,eligible,meets_demo_rules,,,,,,,,,,,,,,,
PAE001998,payment_initiated,2026-08-19 13:08:00,APP00436,CAN030,CMP013,JOB048,1.0,,,PAY00292,1026.25,INR,card,PayPerAppDemo,,,,,,,,,,
PAE001999,payment_captured,2026-08-19 13:09:33,APP00436,CAN030,CMP013,JOB048,1.0,,,PAY00292,1026.25,INR,,PayPerAppDemo,GTX000292,1026.25,,,,,,,,
PAE002000,revenue_recognized,2026-08-19 14:01:33,APP00436,CAN030,CMP013,JOB048,1.0,,,PAY00292,82.1,INR,,,,,REV00292,82.1,pay_per_application_fee,,,,,
PAE002001,application_started,2026-08-19 13:13:00,APP00437,CAN058,CMP031,JOB003,1.0,,,,,,,,,,,,,,,,,
PAE002002,application_submitted,2026-08-19 13:45:00,APP00437,CAN058,CMP031,JOB003,1.0,,,,,,,,,,,,,,,,,
PAE002003,application_eligible,2026-08-20 06:45:00,APP00437,CAN058,CMP031,JOB003,1.0,eligible,meets_demo_rules,,,,,,,,,,,,,,,
PAE002004,payment_initiated,2026-08-20 07:05:00,APP00437,CAN058,CMP031,JOB003,1.0,,,PAY00293,936.0,INR,netbanking,PayPerAppDemo,,,,,,,,,,
PAE002005,payment_failed,2026-08-20 07:06:33,APP00437,CAN058,CMP031,JOB003,1.0,,,PAY00293,936.0,INR,,,,,,,,,,,INSUFFICIENT_FUNDS,demo_payment_failure
PAE002006,application_started,2026-08-19 17:57:00,APP00438,CAN086,CMP002,JOB049,1.0,,,,,,,,,,,,,,,,,
PAE002007,application_submitted,2026-08-19 18:07:00,APP00438,CAN086,CMP002,JOB049,1.0,,,,,,,,,,,,,,,,,
PAE002008,application_eligible,2026-08-19 20:07:00,APP00438,CAN086,CMP002,JOB049,1.0,eligible,meets_demo_rules,,,,,,,,,,,,,,,
PAE002009,payment_initiated,2026-08-19 20:27:00,APP00438,CAN086,CMP002,JOB049,1.0,,,PAY00294,1236.49,INR,card,PayPerAppDemo,,,,,,,,,,
PAE002010,payment_captured,2026-08-19 20:28:28,APP00438,CAN086,CMP002,JOB049,1.0,,,PAY00294,1236.49,INR,,PayPerAppDemo,GTX000294,1236.49,,,,,,,,
PAE002011,revenue_recognized,2026-08-19 20:29:28,APP00438,CAN086,CMP002,JOB049,1.0,,,PAY00294,98.92,INR,,,,,REV00294,98.92,pay_per_application_fee,,,,,
PAE002012,application_started,2026-08-19 09:01:00,APP00439,CAN085,CMP018,JOB047,1.0,,,,,,,,,,,,,,,,,
PAE002013,application_submitted,2026-08-19 10:29:00,APP00439,CAN085,CMP018,JOB047,1.0,,,,,,,,,,,,,,,,,
PAE002014,application_eligible,2026-08-19 23:29:00,APP00439,CAN085,CMP018,JOB047,1.0,eligible,meets_demo_rules,,,,,,,,,,,,,,,
PAE002015,payment_initiated,2026-08-19 23:58:00,APP00439,CAN085,CMP018,JOB047,1.0,,,PAY00295,1137.11,INR,card,PayPerAppDemo,,,,,,,,,,
PAE002016,payment_captured,2026-08-19 23:59:21,APP00439,CAN085,CMP018,JOB047,1.0,,,PAY00295,1137.11,INR,,PayPerAppDemo,GTX000295,1137.11,,,,,,,,
PAE002017,revenue_recognized,2026-08-20 00:34:21,APP00439,CAN085,CMP018,JOB047,1.0,,,PAY00295,90.97,INR,,,,,REV00295,90.97,pay_per_application_fee,,,,,
PAE002018,application_started,2026-08-19 16:59:00,APP00440,CAN026,CMP033,JOB059,1.0,,,,,,,,,,,,,,,,,
PAE002019,application_submitted,2026-08-19 17:09:00,APP00440,CAN026,CMP033,JOB059,1.0,,,,,,,,,,,,,,,,,
PAE002020,application_eligible,2026-08-20 10:09:00,APP00440,CAN026,CMP033,JOB059,1.0,eligible,meets_demo_rules,,,,,,,,,,,,,,,
PAE002021,payment_initiated,2026-08-20 10:33:00,APP00440,CAN026,CMP033,JOB059,1.0,,,PAY00296,862.42,INR,upi,PayPerAppDemo,,,,,,,,,,
PAE002022,payment_captured,2026-08-20 10:34:32,APP00440,CAN026,CMP033,JOB059,1.0,,,PAY00296,862.42,INR,,PayPerAppDemo,GTX000296,862.42,,,,,,,,
PAE002023,revenue_recognized,2026-08-20 10:57:32,APP00440,CAN026,CMP033,JOB059,1.0,,,PAY00296,68.99,INR,,,,,REV00296,68.99,pay_per_application_fee,,,,,
PAE002024,application_started,2026-08-19 12:51:00,APP00441,CAN039,CMP016,JOB065,1.0,,,,,,,,,,,,,,,,,
PAE002025,application_submitted,2026-08-19 13:28:00,APP00441,CAN039,CMP016,JOB065,1.0,,,,,,,,,,,,,,,,,
PAE002026,application_started,2026-08-19 11:09:00,APP00442,CAN004,CMP036,JOB036,1.0,,,,,,,,,,,,,,,,,
PAE002027,application_submitted,2026-08-19 12:04:00,APP00442,CAN004,CMP036,JOB036,1.0,,,,,,,,,,,,,,,,,
PAE002028,application_eligible,2026-08-19 15:04:00,APP00442,CAN004,CMP036,JOB036,1.0,eligible,meets_demo_rules,,,,,,,,,,,,,,,
PAE002029,payment_initiated,2026-08-19 15:26:00,APP00442,CAN004,CMP036,JOB036,1.0,,,PAY00297,900.9,INR,netbanking,PayPerAppDemo,,,,,,,,,,
PAE002030,payment_captured,2026-08-19 15:27:32,APP00442,CAN004,CMP036,JOB036,1.0,,,PAY00297,900.9,INR,,PayPerAppDemo,GTX000297,900.9,,,,,,,,
PAE002031,revenue_recognized,2026-08-19 15:42:32,APP00442,CAN004,CMP036,JOB036,1.0,,,PAY00297,72.07,INR,,,,,REV00297,72.07,pay_per_application_fee,,,,,
PAE002032,application_started,2026-08-19 12:58:00,APP00443,CAN074,CMP010,JOB055,1.0,,,,,,,,,,,,,,,,,
PAE002033,application_submitted,2026-08-19 14:00:00,APP00443,CAN074,CMP010,JOB055,1.0,,,,,,,,,,,,,,,,,
PAE002034,application_eligible,2026-08-19 21:00:00,APP00443,CAN074,CMP010,JOB055,1.0,eligible,meets_demo_rules,,,,,,,,,,,,,,,
PAE002035,payment_initiated,2026-08-19 21:22:00,APP00443,CAN074,CMP010,JOB055,1.0,,,PAY00298,976.29,INR,upi,PayPerAppDemo,,,,,,,,,,
PAE002036,payment_captured,2026-08-19 21:22:44,APP00443,CAN074,CMP010,JOB055,1.0,,,PAY00298,976.29,INR,,PayPerAppDemo,GTX000298,976.29,,,,,,,,
PAE002037,revenue_recognized,2026-08-19 22:07:44,APP00443,CAN074,CMP010,JOB055,1.0,,,PAY00298,78.1,INR,,,,,REV00298,78.1,pay_per_application_fee,,,,,
PAE002038,application_started,2026-08-19 10:41:00,APP00444,CAN068,CMP009,JOB056,1.0,,,,,,,,,,,,,,,,,
PAE002039,application_started,2026-08-19 16:34:00,APP00445,CAN021,CMP021,JOB009,1.0,,,,,,,,,,,,,,,,,
PAE002040,application_started,2026-08-19 10:46:00,APP00446,CAN016,CMP012,JOB041,1.0,,,,,,,,,,,,,,,,,
PAE002041,application_submitted,2026-08-19 11:31:00,APP00446,CAN016,CMP012,JOB041,1.0,,,,,,,,,,,,,,,,,
PAE002042,application_started,2026-08-19 15:47:00,APP00447,CAN053,CMP027,JOB039,1.0,,,,,,,,,,,,,,,,,
PAE002043,application_started,2026-08-19 11:06:00,APP00448,CAN082,CMP018,JOB020,1.0,,,,,,,,,,,,,,,,,
PAE002044,application_submitted,2026-08-19 11:14:00,APP00448,CAN082,CMP018,JOB020,1.0,,,,,,,,,,,,,,,,,
PAE002045,application_eligible,2026-08-20 07:14:00,APP00448,CAN082,CMP018,JOB020,1.0,eligible,meets_demo_rules,,,,,,,,,,,,,,,
PAE002046,payment_initiated,2026-08-20 07:34:00,APP00448,CAN082,CMP018,JOB020,1.0,,,PAY00299,1007.01,INR,upi,PayPerAppDemo,,,,,,,,,,
PAE002047,payment_captured,2026-08-20 07:34:34,APP00448,CAN082,CMP018,JOB020,1.0,,,PAY00299,1007.01,INR,,PayPerAppDemo,GTX000299,1007.01,,,,,,,,
PAE002048,revenue_recognized,2026-08-20 08:18:34,APP00448,CAN082,CMP018,JOB020,1.0,,,PAY00299,80.56,INR,,,,,REV00299,80.56,pay_per_application_fee,,,,,
PAE002049,payment_refunded,2026-08-24 08:18:34,APP00448,CAN082,CMP018,JOB020,1.0,,,PAY00299,311.78,INR,,,,,,,,REF00299,311.78,demo_refund,,
PAE002050,application_started,2026-08-19 15:45:00,APP00449,CAN018,CMP033,JOB078,1.0,,,,,,,,,,,,,,,,,
PAE002051,application_submitted,2026-08-19 16:13:00,APP00449,CAN018,CMP033,JOB078,1.0,,,,,,,,,,,,,,,,,
PAE002052,application_started,2026-08-19 10:12:00,APP00450,CAN063,CMP031,JOB018,1.0,,,,,,,,,,,,,,,,,
PAE002053,application_submitted,2026-08-19 11:09:00,APP00450,CAN063,CMP031,JOB018,1.0,,,,,,,,,,,,,,,,,
PAE002054,application_eligible,2026-08-19 12:09:00,APP00450,CAN063,CMP031,JOB018,1.0,eligible,meets_demo_rules,,,,,,,,,,,,,,,
PAE002055,application_started,2026-08-19 11:04:00,APP00451,CAN053,CMP015,JOB026,1.0,,,,,,,,,,,,,,,,,
PAE002056,application_submitted,2026-08-19 12:05:00,APP00451,CAN053,CMP015,JOB026,1.0,,,,,,,,,,,,,,,,,
PAE002057,application_started,2026-08-19 11:27:00,APP00452,CAN063,CMP021,JOB059,1.0,,,,,,,,,,,,,,,,,
PAE002058,application_submitted,2026-08-19 11:37:00,APP00452,CAN063,CMP021,JOB059,1.0,,,,,,,,,,,,,,,,,
PAE002059,application_eligible,2026-08-20 00:37:00,APP00452,CAN063,CMP021,JOB059,1.0,eligible,meets_demo_rules,,,,,,,,,,,,,,,
PAE002060,payment_initiated,2026-08-20 01:01:00,APP00452,CAN063,CMP021,JOB059,1.0,,,PAY00300,742.69,INR,netbanking,PayPerAppDemo,,,,,,,,,,
PAE002061,payment_captured,2026-08-20 01:02:12,APP00452,CAN063,CMP021,JOB059,1.0,,,PAY00300,742.69,INR,,PayPerAppDemo,GTX000300,742.69,,,,,,,,
PAE002062,revenue_recognized,2026-08-20 01:44:12,APP00452,CAN063,CMP021,JOB059,1.0,,,PAY00300,59.42,INR,,,,,REV00300,59.42,pay_per_application_fee,,,,,
PAE002063,application_started,2026-08-19 15:29:00,APP00453,CAN005,CMP034,JOB014,1.0,,,,,,,,,,,,,,,,,
PAE002064,application_submitted,2026-08-19 15:39:00,APP00453,CAN005,CMP034,JOB014,1.0,,,,,,,,,,,,,,,,,
PAE002065,application_started,2026-08-19 14:47:00,APP00454,CAN032,CMP034,JOB069,1.0,,,,,,,,,,,,,,,,,
PAE002066,application_submitted,2026-08-19 15:41:00,APP00454,CAN032,CMP034,JOB069,1.0,,,,,,,,,,,,,,,,,
PAE002067,application_eligible,2026-08-20 12:41:00,APP00454,CAN032,CMP034,JOB069,1.0,eligible,meets_demo_rules,,,,,,,,,,,,,,,
PAE002068,application_started,2026-08-19 14:56:00,APP00455,CAN025,CMP019,JOB057,1.0,,,,,,,,,,,,,,,,,
PAE002069,application_submitted,2026-08-19 15:37:00,APP00455,CAN025,CMP019,JOB057,1.0,,,,,,,,,,,,,,,,,
PAE002070,application_eligible,2026-08-20 05:37:00,APP00455,CAN025,CMP019,JOB057,1.0,eligible,meets_demo_rules,,,,,,,,,,,,,,,
PAE002071,payment_initiated,2026-08-20 06:00:00,APP00455,CAN025,CMP019,JOB057,1.0,,,PAY00301,1398.79,INR,netbanking,PayPerAppDemo,,,,,,,,,,
PAE002072,payment_captured,2026-08-20 06:01:04,APP00455,CAN025,CMP019,JOB057,1.0,,,PAY00301,1398.79,INR,,PayPerAppDemo,GTX000301,1398.79,,,,,,,,
PAE002073,revenue_recognized,2026-08-20 06:55:04,APP00455,CAN025,CMP019,JOB057,1.0,,,PAY00301,111.9,INR,,,,,REV00301,111.9,pay_per_application_fee,,,,,
PAE002074,application_started,2026-08-19 10:49:00,APP00456,CAN012,CMP033,JOB015,1.0,,,,,,,,,,,,,,,,,
PAE002075,application_submitted,2026-08-19 12:03:00,APP00456,CAN012,CMP033,JOB015,1.0,,,,,,,,,,,,,,,,,
PAE002076,application_eligible,2026-08-20 02:03:00,APP00456,CAN012,CMP033,JOB015,1.0,eligible,meets_demo_rules,,,,,,,,,,,,,,,
PAE002077,payment_initiated,2026-08-20 02:18:00,APP00456,CAN012,CMP033,JOB015,1.0,,,PAY00302,281.14,INR,netbanking,PayPerAppDemo,,,,,,,,,,
PAE002078,payment_captured,2026-08-20 02:19:59,APP00456,CAN012,CMP033,JOB015,1.0,,,PAY00302,281.14,INR,,PayPerAppDemo,GTX000302,281.14,,,,,,,,
PAE002079,revenue_recognized,2026-08-20 02:32:59,APP00456,CAN012,CMP033,JOB015,1.0,,,PAY00302,22.49,INR,,,,,REV00302,22.49,pay_per_application_fee,,,,,
PAE002080,application_started,2026-08-20 18:58:00,APP00457,CAN012,CMP017,JOB042,1.0,,,,,,,,,,,,,,,,,
PAE002081,application_submitted,2026-08-20 19:23:00,APP00457,CAN012,CMP017,JOB042,1.0,,,,,,,,,,,,,,,,,
PAE002082,application_eligible,2026-08-20 23:23:00,APP00457,CAN012,CMP017,JOB042,1.0,eligible,meets_demo_rules,,,,,,,,,,,,,,,
PAE002083,payment_initiated,2026-08-20 23:44:00,APP00457,CAN012,CMP017,JOB042,1.0,,,PAY00303,1132.78,INR,card,PayPerAppDemo,,,,,,,,,,
PAE002084,payment_captured,2026-08-20 23:45:35,APP00457,CAN012,CMP017,JOB042,1.0,,,PAY00303,1132.78,INR,,PayPerAppDemo,GTX000303,1132.78,,,,,,,,
PAE002085,revenue_recognized,2026-08-21 00:10:35,APP00457,CAN012,CMP017,JOB042,1.0,,,PAY00303,90.62,INR,,,,,REV00303,90.62,pay_per_application_fee,,,,,
PAE002086,application_started,2026-08-20 14:35:00,APP00458,CAN066,CMP040,JOB021,1.0,,,,,,,,,,,,,,,,,
PAE002087,application_submitted,2026-08-20 15:01:00,APP00458,CAN066,CMP040,JOB021,1.0,,,,,,,,,,,,,,,,,
PAE002088,application_started,2026-08-20 10:11:00,APP00459,CAN073,CMP010,JOB021,1.0,,,,,,,,,,,,,,,,,
PAE002089,application_submitted,2026-08-20 10:22:00,APP00459,CAN073,CMP010,JOB021,1.0,,,,,,,,,,,,,,,,,
PAE002090,application_eligible,2026-08-20 20:22:00,APP00459,CAN073,CMP010,JOB021,1.0,eligible,meets_demo_rules,,,,,,,,,,,,,,,
PAE002091,payment_initiated,2026-08-20 20:32:00,APP00459,CAN073,CMP010,JOB021,1.0,,,PAY00304,1451.21,INR,netbanking,PayPerAppDemo,,,,,,,,,,
PAE002092,payment_captured,2026-08-20 20:34:00,APP00459,CAN073,CMP010,JOB021,1.0,,,PAY00304,1451.21,INR,,PayPerAppDemo,GTX000304,1451.21,,,,,,,,
PAE002093,revenue_recognized,2026-08-20 20:43:00,APP00459,CAN073,CMP010,JOB021,1.0,,,PAY00304,116.1,INR,,,,,REV00304,116.1,pay_per_application_fee,,,,,
PAE002094,application_started,2026-08-20 08:29:00,APP00460,CAN001,CMP040,JOB033,1.0,,,,,,,,,,,,,,,,,
PAE002095,application_submitted,2026-08-20 09:37:00,APP00460,CAN001,CMP040,JOB033,1.0,,,,,,,,,,,,,,,,,
PAE002096,application_eligible,2026-08-20 10:37:00,APP00460,CAN001,CMP040,JOB033,1.0,eligible,meets_demo_rules,,,,,,,,,,,,,,,
PAE002097,payment_initiated,2026-08-20 10:44:00,APP00460,CAN001,CMP040,JOB033,1.0,,,PAY00305,866.83,INR,netbanking,PayPerAppDemo,,,,,,,,,,
PAE002098,payment_captured,2026-08-20 10:45:03,APP00460,CAN001,CMP040,JOB033,1.0,,,PAY00305,866.83,INR,,PayPerAppDemo,GTX000305,866.83,,,,,,,,
PAE002099,revenue_recognized,2026-08-20 11:12:03,APP00460,CAN001,CMP040,JOB033,1.0,,,PAY00305,69.35,INR,,,,,REV00305,69.35,pay_per_application_fee,,,,,
PAE002100,application_started,2026-08-20 11:56:00,APP00461,CAN077,CMP039,JOB001,1.0,,,,,,,,,,,,,,,,,
PAE002101,application_submitted,2026-08-20 13:20:00,APP00461,CAN077,CMP039,JOB001,1.0,,,,,,,,,,,,,,,,,
PAE002102,application_eligible,2026-08-20 20:20:00,APP00461,CAN077,CMP039,JOB001,1.0,eligible,meets_demo_rules,,,,,,,,,,,,,,,
PAE002103,payment_initiated,2026-08-20 20:41:00,APP00461,CAN077,CMP039,JOB001,1.0,,,PAY00306,435.32,INR,card,PayPerAppDemo,,,,,,,,,,
PAE002104,payment_captured,2026-08-20 20:42:54,APP00461,CAN077,CMP039,JOB001,1.0,,,PAY00306,435.32,INR,,PayPerAppDemo,GTX000306,435.32,,,,,,,,
PAE002105,revenue_recognized,2026-08-20 20:45:54,APP00461,CAN077,CMP039,JOB001,1.0,,,PAY00306,34.83,INR,,,,,REV00306,34.83,pay_per_application_fee,,,,,
PAE002106,application_started,2026-08-20 09:03:00,APP00462,CAN078,CMP020,JOB043,1.0,,,,,,,,,,,,,,,,,
PAE002107,application_submitted,2026-08-20 09:30:00,APP00462,CAN078,CMP020,JOB043,1.0,,,,,,,,,,,,,,,,,
PAE002108,application_eligible,2026-08-20 19:30:00,APP00462,CAN078,CMP020,JOB043,1.0,eligible,meets_demo_rules,,,,,,,,,,,,,,,
PAE002109,payment_initiated,2026-08-20 19:50:00,APP00462,CAN078,CMP020,JOB043,1.0,,,PAY00307,1114.39,INR,netbanking,PayPerAppDemo,,,,,,,,,,
PAE002110,payment_captured,2026-08-20 19:50:27,APP00462,CAN078,CMP020,JOB043,1.0,,,PAY00307,1114.39,INR,,PayPerAppDemo,GTX000307,1114.39,,,,,,,,
PAE002111,revenue_recognized,2026-08-20 20:20:27,APP00462,CAN078,CMP020,JOB043,1.0,,,PAY00307,89.15,INR,,,,,REV00307,89.15,pay_per_application_fee,,,,,
PAE002112,application_started,2026-08-20 12:20:00,APP00463,CAN047,CMP003,JOB012,1.0,,,,,,,,,,,,,,,,,
PAE002113,application_submitted,2026-08-20 13:13:00,APP00463,CAN047,CMP003,JOB012,1.0,,,,,,,,,,,,,,,,,
PAE002114,application_started,2026-08-20 09:18:00,APP00464,CAN098,CMP028,JOB071,1.0,,,,,,,,,,,,,,,,,
PAE002115,application_submitted,2026-08-20 09:38:00,APP00464,CAN098,CMP028,JOB071,1.0,,,,,,,,,,,,,,,,,
PAE002116,application_eligible,2026-08-20 18:38:00,APP00464,CAN098,CMP028,JOB071,1.0,eligible,meets_demo_rules,,,,,,,,,,,,,,,
PAE002117,payment_initiated,2026-08-20 18:45:00,APP00464,CAN098,CMP028,JOB071,1.0,,,PAY00308,767.2,INR,netbanking,PayPerAppDemo,,,,,,,,,,
PAE002118,payment_captured,2026-08-20 18:45:12,APP00464,CAN098,CMP028,JOB071,1.0,,,PAY00308,767.2,INR,,PayPerAppDemo,GTX000308,767.2,,,,,,,,
PAE002119,revenue_recognized,2026-08-20 18:52:12,APP00464,CAN098,CMP028,JOB071,1.0,,,PAY00308,61.38,INR,,,,,REV00308,61.38,pay_per_application_fee,,,,,
PAE002120,application_started,2026-08-20 15:46:00,APP00465,CAN081,CMP034,JOB012,1.0,,,,,,,,,,,,,,,,,
PAE002121,application_submitted,2026-08-20 16:27:00,APP00465,CAN081,CMP034,JOB012,1.0,,,,,,,,,,,,,,,,,
PAE002122,application_eligible,2026-08-21 03:27:00,APP00465,CAN081,CMP034,JOB012,1.0,eligible,meets_demo_rules,,,,,,,,,,,,,,,
PAE002123,payment_initiated,2026-08-21 03:47:00,APP00465,CAN081,CMP034,JOB012,1.0,,,PAY00309,968.93,INR,card,PayPerAppDemo,,,,,,,,,,
PAE002124,payment_captured,2026-08-21 03:48:23,APP00465,CAN081,CMP034,JOB012,1.0,,,PAY00309,968.93,INR,,PayPerAppDemo,GTX000309,968.93,,,,,,,,
PAE002125,revenue_recognized,2026-08-21 04:25:23,APP00465,CAN081,CMP034,JOB012,1.0,,,PAY00309,77.51,INR,,,,,REV00309,77.51,pay_per_application_fee,,,,,
PAE002126,application_started,2026-08-20 10:56:00,APP00466,CAN094,CMP032,JOB064,1.0,,,,,,,,,,,,,,,,,
PAE002127,application_submitted,2026-08-20 11:38:00,APP00466,CAN094,CMP032,JOB064,1.0,,,,,,,,,,,,,,,,,
PAE002128,application_started,2026-08-20 15:40:00,APP00467,CAN001,CMP008,JOB004,1.0,,,,,,,,,,,,,,,,,
PAE002129,application_submitted,2026-08-20 16:11:00,APP00467,CAN001,CMP008,JOB004,1.0,,,,,,,,,,,,,,,,,
PAE002130,application_eligible,2026-08-21 06:11:00,APP00467,CAN001,CMP008,JOB004,1.0,eligible,meets_demo_rules,,,,,,,,,,,,,,,
PAE002131,payment_initiated,2026-08-21 06:29:00,APP00467,CAN001,CMP008,JOB004,1.0,,,PAY00310,667.24,INR,netbanking,PayPerAppDemo,,,,,,,,,,
PAE002132,payment_captured,2026-08-21 06:30:26,APP00467,CAN001,CMP008,JOB004,1.0,,,PAY00310,667.24,INR,,PayPerAppDemo,GTX000310,667.24,,,,,,,,
PAE002133,revenue_recognized,2026-08-21 06:43:26,APP00467,CAN001,CMP008,JOB004,1.0,,,PAY00310,53.38,INR,,,,,REV00310,53.38,pay_per_application_fee,,,,,
PAE002134,application_started,2026-08-20 12:32:00,APP00468,CAN033,CMP005,JOB040,1.0,,,,,,,,,,,,,,,,,
PAE002135,application_submitted,2026-08-20 12:37:00,APP00468,CAN033,CMP005,JOB040,1.0,,,,,,,,,,,,,,,,,
PAE002136,application_eligible,2026-08-20 23:37:00,APP00468,CAN033,CMP005,JOB040,1.0,eligible,meets_demo_rules,,,,,,,,,,,,,,,
PAE002137,payment_initiated,2026-08-20 23:57:00,APP00468,CAN033,CMP005,JOB040,1.0,,,PAY00311,1155.5,INR,upi,PayPerAppDemo,,,,,,,,,,
PAE002138,payment_captured,2026-08-20 23:57:29,APP00468,CAN033,CMP005,JOB040,1.0,,,PAY00311,1155.5,INR,,PayPerAppDemo,GTX000311,1155.5,,,,,,,,
PAE002139,revenue_recognized,2026-08-21 00:19:29,APP00468,CAN033,CMP005,JOB040,1.0,,,PAY00311,92.44,INR,,,,,REV00311,92.44,pay_per_application_fee,,,,,
PAE002140,application_started,2026-08-20 08:41:00,APP00469,CAN087,CMP031,JOB061,1.0,,,,,,,,,,,,,,,,,
PAE002141,application_submitted,2026-08-20 09:05:00,APP00469,CAN087,CMP031,JOB061,1.0,,,,,,,,,,,,,,,,,
PAE002142,application_eligible,2026-08-21 03:05:00,APP00469,CAN087,CMP031,JOB061,1.0,eligible,meets_demo_rules,,,,,,,,,,,,,,,
PAE002143,payment_initiated,2026-08-21 03:32:00,APP00469,CAN087,CMP031,JOB061,1.0,,,PAY00312,828.09,INR,card,PayPerAppDemo,,,,,,,,,,
PAE002144,payment_captured,2026-08-21 03:32:12,APP00469,CAN087,CMP031,JOB061,1.0,,,PAY00312,828.09,INR,,PayPerAppDemo,GTX000312,828.09,,,,,,,,
PAE002145,revenue_recognized,2026-08-21 04:26:12,APP00469,CAN087,CMP031,JOB061,1.0,,,PAY00312,66.25,INR,,,,,REV00312,66.25,pay_per_application_fee,,,,,
PAE002146,application_started,2026-08-20 16:01:00,APP00470,CAN073,CMP021,JOB072,1.0,,,,,,,,,,,,,,,,,
PAE002147,application_submitted,2026-08-20 16:48:00,APP00470,CAN073,CMP021,JOB072,1.0,,,,,,,,,,,,,,,,,
PAE002148,application_eligible,2026-08-21 04:48:00,APP00470,CAN073,CMP021,JOB072,1.0,eligible,meets_demo_rules,,,,,,,,,,,,,,,
PAE002149,payment_initiated,2026-08-21 05:15:00,APP00470,CAN073,CMP021,JOB072,1.0,,,PAY00313,436.63,INR,upi,PayPerAppDemo,,,,,,,,,,
PAE002150,payment_captured,2026-08-21 05:15:53,APP00470,CAN073,CMP021,JOB072,1.0,,,PAY00313,436.63,INR,,PayPerAppDemo,GTX000313,436.63,,,,,,,,
PAE002151,revenue_recognized,2026-08-21 05:56:53,APP00470,CAN073,CMP021,JOB072,1.0,,,PAY00313,34.93,INR,,,,,REV00313,34.93,pay_per_application_fee,,,,,
PAE002152,application_started,2026-08-20 14:11:00,APP00471,CAN022,CMP037,JOB078,1.0,,,,,,,,,,,,,,,,,
PAE002153,application_submitted,2026-08-20 14:55:00,APP00471,CAN022,CMP037,JOB078,1.0,,,,,,,,,,,,,,,,,
PAE002154,application_eligible,2026-08-21 01:55:00,APP00471,CAN022,CMP037,JOB078,1.0,eligible,meets_demo_rules,,,,,,,,,,,,,,,
PAE002155,payment_initiated,2026-08-21 01:58:00,APP00471,CAN022,CMP037,JOB078,1.0,,,PAY00314,589.37,INR,card,PayPerAppDemo,,,,,,,,,,
PAE002156,payment_captured,2026-08-21 01:58:52,APP00471,CAN022,CMP037,JOB078,1.0,,,PAY00314,589.37,INR,,PayPerAppDemo,GTX000314,589.37,,,,,,,,
PAE002157,revenue_recognized,2026-08-21 02:27:52,APP00471,CAN022,CMP037,JOB078,1.0,,,PAY00314,47.15,INR,,,,,REV00314,47.15,pay_per_application_fee,,,,,
PAE002158,application_started,2026-08-20 12:11:00,APP00472,CAN039,CMP014,JOB068,1.0,,,,,,,,,,,,,,,,,
PAE002159,application_submitted,2026-08-20 12:20:00,APP00472,CAN039,CMP014,JOB068,1.0,,,,,,,,,,,,,,,,,
PAE002160,application_eligible,2026-08-20 15:20:00,APP00472,CAN039,CMP014,JOB068,1.0,eligible,meets_demo_rules,,,,,,,,,,,,,,,
PAE002161,payment_initiated,2026-08-20 15:36:00,APP00472,CAN039,CMP014,JOB068,1.0,,,PAY00315,281.17,INR,netbanking,PayPerAppDemo,,,,,,,,,,
PAE002162,payment_captured,2026-08-20 15:36:48,APP00472,CAN039,CMP014,JOB068,1.0,,,PAY00315,281.17,INR,,PayPerAppDemo,GTX000315,281.17,,,,,,,,
PAE002163,revenue_recognized,2026-08-20 16:36:48,APP00472,CAN039,CMP014,JOB068,1.0,,,PAY00315,22.49,INR,,,,,REV00315,22.49,pay_per_application_fee,,,,,
PAE002164,application_started,2026-08-20 10:49:00,APP00473,CAN068,CMP020,JOB042,1.0,,,,,,,,,,,,,,,,,
PAE002165,application_submitted,2026-08-20 12:00:00,APP00473,CAN068,CMP020,JOB042,1.0,,,,,,,,,,,,,,,,,
PAE002166,application_eligible,2026-08-20 17:00:00,APP00473,CAN068,CMP020,JOB042,1.0,eligible,meets_demo_rules,,,,,,,,,,,,,,,
PAE002167,payment_initiated,2026-08-20 17:13:00,APP00473,CAN068,CMP020,JOB042,1.0,,,PAY00316,295.69,INR,netbanking,PayPerAppDemo,,,,,,,,,,
PAE002168,payment_captured,2026-08-20 17:13:19,APP00473,CAN068,CMP020,JOB042,1.0,,,PAY00316,295.69,INR,,PayPerAppDemo,GTX000316,295.69,,,,,,,,
PAE002169,revenue_recognized,2026-08-20 17:14:19,APP00473,CAN068,CMP020,JOB042,1.0,,,PAY00316,23.66,INR,,,,,REV00316,23.66,pay_per_application_fee,,,,,
PAE002170,application_started,2026-08-20 13:29:00,APP00474,CAN006,CMP039,JOB012,1.0,,,,,,,,,,,,,,,,,
PAE002171,application_started,2026-08-20 08:36:00,APP00475,CAN014,CMP034,JOB040,1.0,,,,,,,,,,,,,,,,,
PAE002172,application_submitted,2026-08-20 10:02:00,APP00475,CAN014,CMP034,JOB040,1.0,,,,,,,,,,,,,,,,,
PAE002173,application_started,2026-08-20 12:17:00,APP00476,CAN042,CMP013,JOB025,1.0,,,,,,,,,,,,,,,,,
PAE002174,application_submitted,2026-08-20 13:18:00,APP00476,CAN042,CMP013,JOB025,1.0,,,,,,,,,,,,,,,,,
PAE002175,application_eligible,2026-08-20 22:18:00,APP00476,CAN042,CMP013,JOB025,1.0,eligible,meets_demo_rules,,,,,,,,,,,,,,,
PAE002176,payment_initiated,2026-08-20 22:19:00,APP00476,CAN042,CMP013,JOB025,1.0,,,PAY00317,592.05,INR,netbanking,PayPerAppDemo,,,,,,,,,,
PAE002177,payment_captured,2026-08-20 22:19:18,APP00476,CAN042,CMP013,JOB025,1.0,,,PAY00317,592.05,INR,,PayPerAppDemo,GTX000317,592.05,,,,,,,,
PAE002178,revenue_recognized,2026-08-20 22:33:18,APP00476,CAN042,CMP013,JOB025,1.0,,,PAY00317,47.36,INR,,,,,REV00317,47.36,pay_per_application_fee,,,,,
PAE002179,application_started,2026-08-20 10:45:00,APP00477,CAN071,CMP021,JOB035,1.0,,,,,,,,,,,,,,,,,
PAE002180,application_submitted,2026-08-20 12:03:00,APP00477,CAN071,CMP021,JOB035,1.0,,,,,,,,,,,,,,,,,
PAE002181,application_eligible,2026-08-20 15:03:00,APP00477,CAN071,CMP021,JOB035,1.0,eligible,meets_demo_rules,,,,,,,,,,,,,,,
PAE002182,payment_initiated,2026-08-20 15:21:00,APP00477,CAN071,CMP021,JOB035,1.0,,,PAY00318,1365.3,INR,card,PayPerAppDemo,,,,,,,,,,
PAE002183,payment_captured,2026-08-20 15:21:08,APP00477,CAN071,CMP021,JOB035,1.0,,,PAY00318,1365.3,INR,,PayPerAppDemo,GTX000318,1365.3,,,,,,,,
PAE002184,revenue_recognized,2026-08-20 15:52:08,APP00477,CAN071,CMP021,JOB035,1.0,,,PAY00318,109.22,INR,,,,,REV00318,109.22,pay_per_application_fee,,,,,
PAE002185,application_started,2026-08-20 08:05:00,APP00478,CAN007,CMP007,JOB050,1.0,,,,,,,,,,,,,,,,,
PAE002186,application_submitted,2026-08-20 08:32:00,APP00478,CAN007,CMP007,JOB050,1.0,,,,,,,,,,,,,,,,,
PAE002187,application_eligible,2026-08-21 03:32:00,APP00478,CAN007,CMP007,JOB050,1.0,eligible,meets_demo_rules,,,,,,,,,,,,,,,
PAE002188,payment_initiated,2026-08-21 03:47:00,APP00478,CAN007,CMP007,JOB050,1.0,,,PAY00319,1112.66,INR,netbanking,PayPerAppDemo,,,,,,,,,,
PAE002189,payment_captured,2026-08-21 03:47:47,APP00478,CAN007,CMP007,JOB050,1.0,,,PAY00319,1112.66,INR,,PayPerAppDemo,GTX000319,1112.66,,,,,,,,
PAE002190,revenue_recognized,2026-08-21 04:40:47,APP00478,CAN007,CMP007,JOB050,1.0,,,PAY00319,89.01,INR,,,,,REV00319,89.01,pay_per_application_fee,,,,,
PAE002191,application_started,2026-08-20 15:36:00,APP00479,CAN098,CMP035,JOB011,1.0,,,,,,,,,,,,,,,,,
PAE002192,application_submitted,2026-08-20 16:40:00,APP00479,CAN098,CMP035,JOB011,1.0,,,,,,,,,,,,,,,,,
PAE002193,application_eligible,2026-08-21 02:40:00,APP00479,CAN098,CMP035,JOB011,1.0,eligible,meets_demo_rules,,,,,,,,,,,,,,,
PAE002194,payment_initiated,2026-08-21 02:55:00,APP00479,CAN098,CMP035,JOB011,1.0,,,PAY00320,1137.77,INR,card,PayPerAppDemo,,,,,,,,,,
PAE002195,payment_captured,2026-08-21 02:55:33,APP00479,CAN098,CMP035,JOB011,1.0,,,PAY00320,1137.77,INR,,PayPerAppDemo,GTX000320,1137.77,,,,,,,,
PAE002196,revenue_recognized,2026-08-21 03:05:33,APP00479,CAN098,CMP035,JOB011,1.0,,,PAY00320,91.02,INR,,,,,REV00320,91.02,pay_per_application_fee,,,,,
PAE002197,application_started,2026-08-20 14:11:00,APP00480,CAN079,CMP017,JOB047,1.0,,,,,,,,,,,,,,,,,
PAE002198,application_submitted,2026-08-20 15:41:00,APP00480,CAN079,CMP017,JOB047,1.0,,,,,,,,,,,,,,,,,
PAE002199,application_eligible,2026-08-21 02:41:00,APP00480,CAN079,CMP017,JOB047,1.0,eligible,meets_demo_rules,,,,,,,,,,,,,,,
PAE002200,payment_initiated,2026-08-21 02:57:00,APP00480,CAN079,CMP017,JOB047,1.0,,,PAY00321,287.83,INR,upi,PayPerAppDemo,,,,,,,,,,
PAE002201,payment_captured,2026-08-21 02:58:04,APP00480,CAN079,CMP017,JOB047,1.0,,,PAY00321,287.83,INR,,PayPerAppDemo,GTX000321,287.83,,,,,,,,
PAE002202,revenue_recognized,2026-08-21 03:53:04,APP00480,CAN079,CMP017,JOB047,1.0,,,PAY00321,23.03,INR,,,,,REV00321,23.03,pay_per_application_fee,,,,,
PAE002203,application_started,2026-08-21 17:08:00,APP00481,CAN099,CMP023,JOB078,1.0,,,,,,,,,,,,,,,,,
PAE002204,application_submitted,2026-08-21 18:04:00,APP00481,CAN099,CMP023,JOB078,1.0,,,,,,,,,,,,,,,,,
PAE002205,application_eligible,2026-08-21 22:04:00,APP00481,CAN099,CMP023,JOB078,1.0,eligible,meets_demo_rules,,,,,,,,,,,,,,,
PAE002206,payment_initiated,2026-08-21 22:30:00,APP00481,CAN099,CMP023,JOB078,1.0,,,PAY00322,1061.81,INR,card,PayPerAppDemo,,,,,,,,,,
PAE002207,payment_captured,2026-08-21 22:30:56,APP00481,CAN099,CMP023,JOB078,1.0,,,PAY00322,1061.81,INR,,PayPerAppDemo,GTX000322,1061.81,,,,,,,,
PAE002208,revenue_recognized,2026-08-21 23:08:56,APP00481,CAN099,CMP023,JOB078,1.0,,,PAY00322,84.94,INR,,,,,REV00322,84.94,pay_per_application_fee,,,,,
PAE002209,application_started,2026-08-21 10:30:00,APP00482,CAN080,CMP016,JOB071,1.0,,,,,,,,,,,,,,,,,
PAE002210,application_submitted,2026-08-21 11:18:00,APP00482,CAN080,CMP016,JOB071,1.0,,,,,,,,,,,,,,,,,
PAE002211,application_eligible,2026-08-22 10:18:00,APP00482,CAN080,CMP016,JOB071,1.0,eligible,meets_demo_rules,,,,,,,,,,,,,,,
PAE002212,payment_initiated,2026-08-22 10:32:00,APP00482,CAN080,CMP016,JOB071,1.0,,,PAY00323,1230.39,INR,netbanking,PayPerAppDemo,,,,,,,,,,
PAE002213,payment_captured,2026-08-22 10:33:14,APP00482,CAN080,CMP016,JOB071,1.0,,,PAY00323,1230.39,INR,,PayPerAppDemo,GTX000323,1230.39,,,,,,,,
PAE002214,revenue_recognized,2026-08-22 11:18:14,APP00482,CAN080,CMP016,JOB071,1.0,,,PAY00323,98.43,INR,,,,,REV00323,98.43,pay_per_application_fee,,,,,
PAE002215,application_started,2026-08-21 15:07:00,APP00483,CAN085,CMP005,JOB074,1.0,,,,,,,,,,,,,,,,,
PAE002216,application_submitted,2026-08-21 16:11:00,APP00483,CAN085,CMP005,JOB074,1.0,,,,,,,,,,,,,,,,,
PAE002217,application_eligible,2026-08-21 20:11:00,APP00483,CAN085,CMP005,JOB074,1.0,eligible,meets_demo_rules,,,,,,,,,,,,,,,
PAE002218,payment_initiated,2026-08-21 20:24:00,APP00483,CAN085,CMP005,JOB074,1.0,,,PAY00324,470.22,INR,upi,PayPerAppDemo,,,,,,,,,,
PAE002219,payment_captured,2026-08-21 20:25:32,APP00483,CAN085,CMP005,JOB074,1.0,,,PAY00324,470.22,INR,,PayPerAppDemo,GTX000324,470.22,,,,,,,,
PAE002220,revenue_recognized,2026-08-21 21:18:32,APP00483,CAN085,CMP005,JOB074,1.0,,,PAY00324,37.62,INR,,,,,REV00324,37.62,pay_per_application_fee,,,,,
PAE002221,application_started,2026-08-21 18:42:00,APP00484,CAN049,CMP021,JOB064,1.0,,,,,,,,,,,,,,,,,
PAE002222,application_submitted,2026-08-21 19:14:00,APP00484,CAN049,CMP021,JOB064,1.0,,,,,,,,,,,,,,,,,
PAE002223,application_eligible,2026-08-22 14:14:00,APP00484,CAN049,CMP021,JOB064,1.0,eligible,meets_demo_rules,,,,,,,,,,,,,,,
PAE002224,application_started,2026-08-21 18:09:00,APP00485,CAN082,CMP001,JOB019,1.0,,,,,,,,,,,,,,,,,
PAE002225,application_submitted,2026-08-21 18:51:00,APP00485,CAN082,CMP001,JOB019,1.0,,,,,,,,,,,,,,,,,
PAE002226,application_eligible,2026-08-22 13:51:00,APP00485,CAN082,CMP001,JOB019,1.0,eligible,meets_demo_rules,,,,,,,,,,,,,,,
PAE002227,payment_initiated,2026-08-22 14:20:00,APP00485,CAN082,CMP001,JOB019,1.0,,,PAY00325,507.08,INR,card,PayPerAppDemo,,,,,,,,,,
PAE002228,payment_captured,2026-08-22 14:21:46,APP00485,CAN082,CMP001,JOB019,1.0,,,PAY00325,507.08,INR,,PayPerAppDemo,GTX000325,507.08,,,,,,,,
PAE002229,revenue_recognized,2026-08-22 15:20:46,APP00485,CAN082,CMP001,JOB019,1.0,,,PAY00325,40.57,INR,,,,,REV00325,40.57,pay_per_application_fee,,,,,
PAE002230,application_started,2026-08-21 17:00:00,APP00486,CAN056,CMP023,JOB012,1.0,,,,,,,,,,,,,,,,,
PAE002231,application_submitted,2026-08-21 18:10:00,APP00486,CAN056,CMP023,JOB012,1.0,,,,,,,,,,,,,,,,,
PAE002232,application_eligible,2026-08-21 23:10:00,APP00486,CAN056,CMP023,JOB012,1.0,eligible,meets_demo_rules,,,,,,,,,,,,,,,
PAE002233,payment_initiated,2026-08-21 23:39:00,APP00486,CAN056,CMP023,JOB012,1.0,,,PAY00326,328.01,INR,netbanking,PayPerAppDemo,,,,,,,,,,
PAE002234,payment_failed,2026-08-21 23:39:05,APP00486,CAN056,CMP023,JOB012,1.0,,,PAY00326,328.01,INR,,,,,,,,,,,INSUFFICIENT_FUNDS,demo_payment_failure
PAE002235,application_started,2026-08-21 12:55:00,APP00487,CAN072,CMP023,JOB015,1.0,,,,,,,,,,,,,,,,,
PAE002236,application_submitted,2026-08-21 13:55:00,APP00487,CAN072,CMP023,JOB015,1.0,,,,,,,,,,,,,,,,,
PAE002237,application_eligible,2026-08-22 02:55:00,APP00487,CAN072,CMP023,JOB015,1.0,eligible,meets_demo_rules,,,,,,,,,,,,,,,
PAE002238,payment_initiated,2026-08-22 03:08:00,APP00487,CAN072,CMP023,JOB015,1.0,,,PAY00327,1139.72,INR,card,PayPerAppDemo,,,,,,,,,,
PAE002239,payment_captured,2026-08-22 03:08:32,APP00487,CAN072,CMP023,JOB015,1.0,,,PAY00327,1139.72,INR,,PayPerAppDemo,GTX000327,1139.72,,,,,,,,
PAE002240,revenue_recognized,2026-08-22 03:51:32,APP00487,CAN072,CMP023,JOB015,1.0,,,PAY00327,91.18,INR,,,,,REV00327,91.18,pay_per_application_fee,,,,,
PAE002241,application_started,2026-08-21 14:53:00,APP00488,CAN018,CMP013,JOB072,1.0,,,,,,,,,,,,,,,,,
PAE002242,application_started,2026-08-21 18:08:00,APP00489,CAN054,CMP010,JOB037,1.0,,,,,,,,,,,,,,,,,
PAE002243,application_submitted,2026-08-21 18:22:00,APP00489,CAN054,CMP010,JOB037,1.0,,,,,,,,,,,,,,,,,
PAE002244,application_eligible,2026-08-21 23:22:00,APP00489,CAN054,CMP010,JOB037,1.0,eligible,meets_demo_rules,,,,,,,,,,,,,,,
PAE002245,payment_initiated,2026-08-21 23:36:00,APP00489,CAN054,CMP010,JOB037,1.0,,,PAY00328,858.38,INR,upi,PayPerAppDemo,,,,,,,,,,
PAE002246,payment_captured,2026-08-21 23:37:27,APP00489,CAN054,CMP010,JOB037,1.0,,,PAY00328,858.38,INR,,PayPerAppDemo,GTX000328,858.38,,,,,,,,
PAE002247,revenue_recognized,2026-08-22 00:29:27,APP00489,CAN054,CMP010,JOB037,1.0,,,PAY00328,68.67,INR,,,,,REV00328,68.67,pay_per_application_fee,,,,,
PAE002248,application_started,2026-08-21 17:11:00,APP00490,CAN059,CMP039,JOB055,1.0,,,,,,,,,,,,,,,,,
PAE002249,application_submitted,2026-08-21 18:10:00,APP00490,CAN059,CMP039,JOB055,1.0,,,,,,,,,,,,,,,,,
PAE002250,application_eligible,2026-08-22 09:10:00,APP00490,CAN059,CMP039,JOB055,1.0,eligible,meets_demo_rules,,,,,,,,,,,,,,,
PAE002251,payment_initiated,2026-08-22 09:24:00,APP00490,CAN059,CMP039,JOB055,1.0,,,PAY00329,532.18,INR,netbanking,PayPerAppDemo,,,,,,,,,,
PAE002252,payment_captured,2026-08-22 09:25:08,APP00490,CAN059,CMP039,JOB055,1.0,,,PAY00329,532.18,INR,,PayPerAppDemo,GTX000329,532.18,,,,,,,,
PAE002253,revenue_recognized,2026-08-22 10:20:08,APP00490,CAN059,CMP039,JOB055,1.0,,,PAY00329,42.57,INR,,,,,REV00329,42.57,pay_per_application_fee,,,,,
PAE002254,application_started,2026-08-21 14:59:00,APP00491,CAN092,CMP033,JOB035,1.0,,,,,,,,,,,,,,,,,
PAE002255,application_submitted,2026-08-21 15:50:00,APP00491,CAN092,CMP033,JOB035,1.0,,,,,,,,,,,,,,,,,
PAE002256,application_eligible,2026-08-21 17:50:00,APP00491,CAN092,CMP033,JOB035,1.0,eligible,meets_demo_rules,,,,,,,,,,,,,,,
PAE002257,payment_initiated,2026-08-21 17:54:00,APP00491,CAN092,CMP033,JOB035,1.0,,,PAY00330,1131.1,INR,netbanking,PayPerAppDemo,,,,,,,,,,
PAE002258,payment_captured,2026-08-21 17:55:33,APP00491,CAN092,CMP033,JOB035,1.0,,,PAY00330,1131.1,INR,,PayPerAppDemo,GTX000330,1131.1,,,,,,,,
PAE002259,revenue_recognized,2026-08-21 18:01:33,APP00491,CAN092,CMP033,JOB035,1.0,,,PAY00330,90.49,INR,,,,,REV00330,90.49,pay_per_application_fee,,,,,
PAE002260,application_started,2026-08-21 15:33:00,APP00492,CAN094,CMP034,JOB036,1.0,,,,,,,,,,,,,,,,,
PAE002261,application_submitted,2026-08-21 16:56:00,APP00492,CAN094,CMP034,JOB036,1.0,,,,,,,,,,,,,,,,,
PAE002262,application_eligible,2026-08-22 08:56:00,APP00492,CAN094,CMP034,JOB036,1.0,eligible,meets_demo_rules,,,,,,,,,,,,,,,
PAE002263,payment_initiated,2026-08-22 09:18:00,APP00492,CAN094,CMP034,JOB036,1.0,,,PAY00331,1079.67,INR,upi,PayPerAppDemo,,,,,,,,,,
PAE002264,payment_captured,2026-08-22 09:19:14,APP00492,CAN094,CMP034,JOB036,1.0,,,PAY00331,1079.67,INR,,PayPerAppDemo,GTX000331,1079.67,,,,,,,,
PAE002265,revenue_recognized,2026-08-22 10:11:14,APP00492,CAN094,CMP034,JOB036,1.0,,,PAY00331,86.37,INR,,,,,REV00331,86.37,pay_per_application_fee,,,,,
PAE002266,application_started,2026-08-21 16:49:00,APP00493,CAN079,CMP004,JOB044,1.0,,,,,,,,,,,,,,,,,
PAE002267,application_submitted,2026-08-21 17:52:00,APP00493,CAN079,CMP004,JOB044,1.0,,,,,,,,,,,,,,,,,
PAE002268,application_eligible,2026-08-22 09:52:00,APP00493,CAN079,CMP004,JOB044,1.0,eligible,meets_demo_rules,,,,,,,,,,,,,,,
PAE002269,payment_initiated,2026-08-22 10:04:00,APP00493,CAN079,CMP004,JOB044,1.0,,,PAY00332,664.39,INR,card,PayPerAppDemo,,,,,,,,,,
PAE002270,payment_captured,2026-08-22 10:04:09,APP00493,CAN079,CMP004,JOB044,1.0,,,PAY00332,664.39,INR,,PayPerAppDemo,GTX000332,664.39,,,,,,,,
PAE002271,revenue_recognized,2026-08-22 10:49:09,APP00493,CAN079,CMP004,JOB044,1.0,,,PAY00332,53.15,INR,,,,,REV00332,53.15,pay_per_application_fee,,,,,
PAE002272,application_started,2026-08-21 12:03:00,APP00494,CAN096,CMP020,JOB073,1.0,,,,,,,,,,,,,,,,,
PAE002273,application_submitted,2026-08-21 13:22:00,APP00494,CAN096,CMP020,JOB073,1.0,,,,,,,,,,,,,,,,,
PAE002274,application_eligible,2026-08-21 15:22:00,APP00494,CAN096,CMP020,JOB073,1.0,eligible,meets_demo_rules,,,,,,,,,,,,,,,
PAE002275,payment_initiated,2026-08-21 15:46:00,APP00494,CAN096,CMP020,JOB073,1.0,,,PAY00333,614.69,INR,netbanking,PayPerAppDemo,,,,,,,,,,
PAE002276,payment_captured,2026-08-21 15:47:07,APP00494,CAN096,CMP020,JOB073,1.0,,,PAY00333,614.69,INR,,PayPerAppDemo,GTX000333,614.69,,,,,,,,
PAE002277,revenue_recognized,2026-08-21 15:53:07,APP00494,CAN096,CMP020,JOB073,1.0,,,PAY00333,49.18,INR,,,,,REV00333,49.18,pay_per_application_fee,,,,,
PAE002278,application_started,2026-08-21 10:39:00,APP00495,CAN010,CMP018,JOB033,1.0,,,,,,,,,,,,,,,,,
PAE002279,application_submitted,2026-08-21 11:16:00,APP00495,CAN010,CMP018,JOB033,1.0,,,,,,,,,,,,,,,,,
PAE002280,application_eligible,2026-08-21 15:16:00,APP00495,CAN010,CMP018,JOB033,1.0,eligible,meets_demo_rules,,,,,,,,,,,,,,,
PAE002281,payment_initiated,2026-08-21 15:40:00,APP00495,CAN010,CMP018,JOB033,1.0,,,PAY00334,1387.66,INR,upi,PayPerAppDemo,,,,,,,,,,
PAE002282,payment_captured,2026-08-21 15:40:52,APP00495,CAN010,CMP018,JOB033,1.0,,,PAY00334,1387.66,INR,,PayPerAppDemo,GTX000334,1387.66,,,,,,,,
PAE002283,revenue_recognized,2026-08-21 16:32:52,APP00495,CAN010,CMP018,JOB033,1.0,,,PAY00334,111.01,INR,,,,,REV00334,111.01,pay_per_application_fee,,,,,
PAE002284,application_started,2026-08-21 10:51:00,APP00496,CAN090,CMP016,JOB063,1.0,,,,,,,,,,,,,,,,,
PAE002285,application_submitted,2026-08-21 11:00:00,APP00496,CAN090,CMP016,JOB063,1.0,,,,,,,,,,,,,,,,,
PAE002286,application_eligible,2026-08-21 14:00:00,APP00496,CAN090,CMP016,JOB063,1.0,eligible,meets_demo_rules,,,,,,,,,,,,,,,
PAE002287,application_started,2026-08-21 14:49:00,APP00497,CAN077,CMP010,JOB064,1.0,,,,,,,,,,,,,,,,,
PAE002288,application_submitted,2026-08-21 16:18:00,APP00497,CAN077,CMP010,JOB064,1.0,,,,,,,,,,,,,,,,,
PAE002289,application_eligible,2026-08-22 13:18:00,APP00497,CAN077,CMP010,JOB064,1.0,eligible,meets_demo_rules,,,,,,,,,,,,,,,
PAE002290,payment_initiated,2026-08-22 13:45:00,APP00497,CAN077,CMP010,JOB064,1.0,,,PAY00335,972.2,INR,card,PayPerAppDemo,,,,,,,,,,
PAE002291,payment_captured,2026-08-22 13:45:38,APP00497,CAN077,CMP010,JOB064,1.0,,,PAY00335,972.2,INR,,PayPerAppDemo,GTX000335,972.2,,,,,,,,
PAE002292,revenue_recognized,2026-08-22 14:34:38,APP00497,CAN077,CMP010,JOB064,1.0,,,PAY00335,77.78,INR,,,,,REV00335,77.78,pay_per_application_fee,,,,,
PAE002293,application_started,2026-08-21 14:30:00,APP00498,CAN007,CMP011,JOB060,1.0,,,,,,,,,,,,,,,,,
PAE002294,application_submitted,2026-08-21 15:43:00,APP00498,CAN007,CMP011,JOB060,1.0,,,,,,,,,,,,,,,,,
PAE002295,application_eligible,2026-08-22 13:43:00,APP00498,CAN007,CMP011,JOB060,1.0,eligible,meets_demo_rules,,,,,,,,,,,,,,,
PAE002296,payment_initiated,2026-08-22 13:48:00,APP00498,CAN007,CMP011,JOB060,1.0,,,PAY00336,843.24,INR,netbanking,PayPerAppDemo,,,,,,,,,,
PAE002297,payment_captured,2026-08-22 13:48:06,APP00498,CAN007,CMP011,JOB060,1.0,,,PAY00336,843.24,INR,,PayPerAppDemo,GTX000336,843.24,,,,,,,,
PAE002298,revenue_recognized,2026-08-22 14:07:06,APP00498,CAN007,CMP011,JOB060,1.0,,,PAY00336,67.46,INR,,,,,REV00336,67.46,pay_per_application_fee,,,,,
PAE002299,application_started,2026-08-21 16:43:00,APP00499,CAN058,CMP025,JOB041,1.0,,,,,,,,,,,,,,,,,
PAE002300,application_started,2026-08-21 14:39:00,APP00500,CAN013,CMP035,JOB046,1.0,,,,,,,,,,,,,,,,,
PAE002301,application_started,2026-08-21 12:51:00,APP00501,CAN035,CMP022,JOB035,1.0,,,,,,,,,,,,,,,,,
PAE002302,application_submitted,2026-08-21 14:19:00,APP00501,CAN035,CMP022,JOB035,1.0,,,,,,,,,,,,,,,,,
PAE002303,application_eligible,2026-08-22 05:19:00,APP00501,CAN035,CMP022,JOB035,1.0,eligible,meets_demo_rules,,,,,,,,,,,,,,,
PAE002304,payment_initiated,2026-08-22 05:43:00,APP00501,CAN035,CMP022,JOB035,1.0,,,PAY00337,1186.36,INR,netbanking,PayPerAppDemo,,,,,,,,,,
PAE002305,payment_captured,2026-08-22 05:43:29,APP00501,CAN035,CMP022,JOB035,1.0,,,PAY00337,1186.36,INR,,PayPerAppDemo,GTX000337,1186.36,,,,,,,,
PAE002306,revenue_recognized,2026-08-22 06:17:29,APP00501,CAN035,CMP022,JOB035,1.0,,,PAY00337,94.91,INR,,,,,REV00337,94.91,pay_per_application_fee,,,,,
PAE002307,application_started,2026-08-21 16:00:00,APP00502,CAN089,CMP012,JOB041,1.0,,,,,,,,,,,,,,,,,
PAE002308,application_submitted,2026-08-21 16:13:00,APP00502,CAN089,CMP012,JOB041,1.0,,,,,,,,,,,,,,,,,
PAE002309,application_eligible,2026-08-21 20:13:00,APP00502,CAN089,CMP012,JOB041,1.0,eligible,meets_demo_rules,,,,,,,,,,,,,,,
PAE002310,payment_initiated,2026-08-21 20:25:00,APP00502,CAN089,CMP012,JOB041,1.0,,,PAY00338,1106.87,INR,upi,PayPerAppDemo,,,,,,,,,,
PAE002311,payment_captured,2026-08-21 20:25:37,APP00502,CAN089,CMP012,JOB041,1.0,,,PAY00338,1106.87,INR,,PayPerAppDemo,GTX000338,1106.87,,,,,,,,
PAE002312,revenue_recognized,2026-08-21 20:38:37,APP00502,CAN089,CMP012,JOB041,1.0,,,PAY00338,88.55,INR,,,,,REV00338,88.55,pay_per_application_fee,,,,,
PAE002313,payment_refunded,2026-08-22 20:38:37,APP00502,CAN089,CMP012,JOB041,1.0,,,PAY00338,790.91,INR,,,,,,,,REF00338,790.91,demo_refund,,
PAE002314,application_started,2026-08-21 18:07:00,APP00503,CAN077,CMP014,JOB077,1.0,,,,,,,,,,,,,,,,,
PAE002315,application_submitted,2026-08-21 18:27:00,APP00503,CAN077,CMP014,JOB077,1.0,,,,,,,,,,,,,,,,,
PAE002316,application_eligible,2026-08-22 14:27:00,APP00503,CAN077,CMP014,JOB077,1.0,eligible,meets_demo_rules,,,,,,,,,,,,,,,
PAE002317,payment_initiated,2026-08-22 14:56:00,APP00503,CAN077,CMP014,JOB077,1.0,,,PAY00339,1070.49,INR,netbanking,PayPerAppDemo,,,,,,,,,,
PAE002318,payment_captured,2026-08-22 14:56:28,APP00503,CAN077,CMP014,JOB077,1.0,,,PAY00339,1070.49,INR,,PayPerAppDemo,GTX000339,1070.49,,,,,,,,
PAE002319,revenue_recognized,2026-08-22 15:54:28,APP00503,CAN077,CMP014,JOB077,1.0,,,PAY00339,85.64,INR,,,,,REV00339,85.64,pay_per_application_fee,,,,,
PAE002320,application_started,2026-08-21 15:42:00,APP00504,CAN024,CMP017,JOB038,1.0,,,,,,,,,,,,,,,,,
PAE002321,application_started,2026-08-22 14:44:00,APP00505,CAN082,CMP030,JOB036,1.0,,,,,,,,,,,,,,,,,
PAE002322,application_started,2026-08-22 10:49:00,APP00506,CAN099,CMP021,JOB033,1.0,,,,,,,,,,,,,,,,,
PAE002323,application_submitted,2026-08-22 11:01:00,APP00506,CAN099,CMP021,JOB033,1.0,,,,,,,,,,,,,,,,,
PAE002324,application_eligible,2026-08-22 22:01:00,APP00506,CAN099,CMP021,JOB033,1.0,eligible,meets_demo_rules,,,,,,,,,,,,,,,
PAE002325,application_started,2026-08-22 15:04:00,APP00507,CAN034,CMP017,JOB023,1.0,,,,,,,,,,,,,,,,,
PAE002326,application_submitted,2026-08-22 15:34:00,APP00507,CAN034,CMP017,JOB023,1.0,,,,,,,,,,,,,,,,,
PAE002327,application_eligible,2026-08-22 21:34:00,APP00507,CAN034,CMP017,JOB023,1.0,eligible,meets_demo_rules,,,,,,,,,,,,,,,
PAE002328,payment_initiated,2026-08-22 21:52:00,APP00507,CAN034,CMP017,JOB023,1.0,,,PAY00340,385.54,INR,card,PayPerAppDemo,,,,,,,,,,
PAE002329,payment_captured,2026-08-22 21:53:27,APP00507,CAN034,CMP017,JOB023,1.0,,,PAY00340,385.54,INR,,PayPerAppDemo,GTX000340,385.54,,,,,,,,
PAE002330,revenue_recognized,2026-08-22 22:00:27,APP00507,CAN034,CMP017,JOB023,1.0,,,PAY00340,30.84,INR,,,,,REV00340,30.84,pay_per_application_fee,,,,,
PAE002331,application_started,2026-08-22 08:04:00,APP00508,CAN092,CMP017,JOB014,1.0,,,,,,,,,,,,,,,,,
PAE002332,application_submitted,2026-08-22 08:41:00,APP00508,CAN092,CMP017,JOB014,1.0,,,,,,,,,,,,,,,,,
PAE002333,application_eligible,2026-08-22 09:41:00,APP00508,CAN092,CMP017,JOB014,1.0,eligible,meets_demo_rules,,,,,,,,,,,,,,,
PAE002334,payment_initiated,2026-08-22 10:02:00,APP00508,CAN092,CMP017,JOB014,1.0,,,PAY00341,436.07,INR,upi,PayPerAppDemo,,,,,,,,,,
PAE002335,payment_captured,2026-08-22 10:03:30,APP00508,CAN092,CMP017,JOB014,1.0,,,PAY00341,436.07,INR,,PayPerAppDemo,GTX000341,436.07,,,,,,,,
PAE002336,revenue_recognized,2026-08-22 10:28:30,APP00508,CAN092,CMP017,JOB014,1.0,,,PAY00341,34.89,INR,,,,,REV00341,34.89,pay_per_application_fee,,,,,
PAE002337,application_started,2026-08-22 17:00:00,APP00509,CAN090,CMP022,JOB051,1.0,,,,,,,,,,,,,,,,,
PAE002338,application_submitted,2026-08-22 18:07:00,APP00509,CAN090,CMP022,JOB051,1.0,,,,,,,,,,,,,,,,,
PAE002339,application_eligible,2026-08-23 07:07:00,APP00509,CAN090,CMP022,JOB051,1.0,eligible,meets_demo_rules,,,,,,,,,,,,,,,
PAE002340,payment_initiated,2026-08-23 07:33:00,APP00509,CAN090,CMP022,JOB051,1.0,,,PAY00342,1226.17,INR,upi,PayPerAppDemo,,,,,,,,,,
PAE002341,payment_captured,2026-08-23 07:33:05,APP00509,CAN090,CMP022,JOB051,1.0,,,PAY00342,1226.17,INR,,PayPerAppDemo,GTX000342,1226.17,,,,,,,,
PAE002342,revenue_recognized,2026-08-23 07:58:05,APP00509,CAN090,CMP022,JOB051,1.0,,,PAY00342,98.09,INR,,,,,REV00342,98.09,pay_per_application_fee,,,,,
PAE002343,application_started,2026-08-22 17:34:00,APP00510,CAN100,CMP031,JOB016,1.0,,,,,,,,,,,,,,,,,
PAE002344,application_started,2026-08-22 14:03:00,APP00511,CAN046,CMP022,JOB039,1.0,,,,,,,,,,,,,,,,,
PAE002345,application_submitted,2026-08-22 15:30:00,APP00511,CAN046,CMP022,JOB039,1.0,,,,,,,,,,,,,,,,,
PAE002346,application_eligible,2026-08-23 09:30:00,APP00511,CAN046,CMP022,JOB039,1.0,eligible,meets_demo_rules,,,,,,,,,,,,,,,
PAE002347,payment_initiated,2026-08-23 09:57:00,APP00511,CAN046,CMP022,JOB039,1.0,,,PAY00343,675.08,INR,card,PayPerAppDemo,,,,,,,,,,
PAE002348,payment_captured,2026-08-23 09:57:42,APP00511,CAN046,CMP022,JOB039,1.0,,,PAY00343,675.08,INR,,PayPerAppDemo,GTX000343,675.08,,,,,,,,
PAE002349,revenue_recognized,2026-08-23 10:39:42,APP00511,CAN046,CMP022,JOB039,1.0,,,PAY00343,54.01,INR,,,,,REV00343,54.01,pay_per_application_fee,,,,,
PAE002350,application_started,2026-08-22 18:12:00,APP00512,CAN071,CMP003,JOB050,1.0,,,,,,,,,,,,,,,,,
PAE002351,application_submitted,2026-08-22 19:06:00,APP00512,CAN071,CMP003,JOB050,1.0,,,,,,,,,,,,,,,,,
PAE002352,application_started,2026-08-22 09:56:00,APP00513,CAN081,CMP023,JOB063,1.0,,,,,,,,,,,,,,,,,
PAE002353,application_submitted,2026-08-22 10:25:00,APP00513,CAN081,CMP023,JOB063,1.0,,,,,,,,,,,,,,,,,
PAE002354,application_eligible,2026-08-22 17:25:00,APP00513,CAN081,CMP023,JOB063,1.0,eligible,meets_demo_rules,,,,,,,,,,,,,,,
PAE002355,payment_initiated,2026-08-22 17:33:00,APP00513,CAN081,CMP023,JOB063,1.0,,,PAY00344,1495.48,INR,card,PayPerAppDemo,,,,,,,,,,
PAE002356,payment_captured,2026-08-22 17:34:46,APP00513,CAN081,CMP023,JOB063,1.0,,,PAY00344,1495.48,INR,,PayPerAppDemo,GTX000344,1495.48,,,,,,,,
PAE002357,revenue_recognized,2026-08-22 18:09:46,APP00513,CAN081,CMP023,JOB063,1.0,,,PAY00344,119.64,INR,,,,,REV00344,119.64,pay_per_application_fee,,,,,
PAE002358,application_started,2026-08-22 08:02:00,APP00514,CAN064,CMP035,JOB058,1.0,,,,,,,,,,,,,,,,,
PAE002359,application_submitted,2026-08-22 08:50:00,APP00514,CAN064,CMP035,JOB058,1.0,,,,,,,,,,,,,,,,,
PAE002360,application_eligible,2026-08-22 10:50:00,APP00514,CAN064,CMP035,JOB058,1.0,eligible,meets_demo_rules,,,,,,,,,,,,,,,
PAE002361,payment_initiated,2026-08-22 11:11:00,APP00514,CAN064,CMP035,JOB058,1.0,,,PAY00345,514.6,INR,netbanking,PayPerAppDemo,,,,,,,,,,
PAE002362,payment_captured,2026-08-22 11:12:31,APP00514,CAN064,CMP035,JOB058,1.0,,,PAY00345,514.6,INR,,PayPerAppDemo,GTX000345,514.6,,,,,,,,
PAE002363,revenue_recognized,2026-08-22 12:08:31,APP00514,CAN064,CMP035,JOB058,1.0,,,PAY00345,41.17,INR,,,,,REV00345,41.17,pay_per_application_fee,,,,,
PAE002364,application_started,2026-08-22 09:02:00,APP00515,CAN020,CMP038,JOB030,1.0,,,,,,,,,,,,,,,,,
PAE002365,application_submitted,2026-08-22 10:09:00,APP00515,CAN020,CMP038,JOB030,1.0,,,,,,,,,,,,,,,,,
PAE002366,application_eligible,2026-08-23 02:09:00,APP00515,CAN020,CMP038,JOB030,1.0,eligible,meets_demo_rules,,,,,,,,,,,,,,,
PAE002367,application_started,2026-08-22 18:08:00,APP00516,CAN080,CMP003,JOB032,1.0,,,,,,,,,,,,,,,,,
PAE002368,application_submitted,2026-08-22 19:33:00,APP00516,CAN080,CMP003,JOB032,1.0,,,,,,,,,,,,,,,,,
PAE002369,application_eligible,2026-08-23 05:33:00,APP00516,CAN080,CMP003,JOB032,1.0,eligible,meets_demo_rules,,,,,,,,,,,,,,,
PAE002370,payment_initiated,2026-08-23 05:53:00,APP00516,CAN080,CMP003,JOB032,1.0,,,PAY00346,371.62,INR,upi,PayPerAppDemo,,,,,,,,,,
PAE002371,payment_captured,2026-08-23 05:53:13,APP00516,CAN080,CMP003,JOB032,1.0,,,PAY00346,371.62,INR,,PayPerAppDemo,GTX000346,371.62,,,,,,,,
PAE002372,revenue_recognized,2026-08-23 06:46:13,APP00516,CAN080,CMP003,JOB032,1.0,,,PAY00346,29.73,INR,,,,,REV00346,29.73,pay_per_application_fee,,,,,
PAE002373,application_started,2026-08-22 17:14:00,APP00517,CAN015,CMP032,JOB077,1.0,,,,,,,,,,,,,,,,,
PAE002374,application_submitted,2026-08-22 17:44:00,APP00517,CAN015,CMP032,JOB077,1.0,,,,,,,,,,,,,,,,,
PAE002375,application_eligible,2026-08-23 17:44:00,APP00517,CAN015,CMP032,JOB077,1.0,eligible,meets_demo_rules,,,,,,,,,,,,,,,
PAE002376,payment_initiated,2026-08-23 18:06:00,APP00517,CAN015,CMP032,JOB077,1.0,,,PAY00347,655.29,INR,netbanking,PayPerAppDemo,,,,,,,,,,
PAE002377,payment_captured,2026-08-23 18:06:46,APP00517,CAN015,CMP032,JOB077,1.0,,,PAY00347,655.29,INR,,PayPerAppDemo,GTX000347,655.29,,,,,,,,
PAE002378,revenue_recognized,2026-08-23 19:00:46,APP00517,CAN015,CMP032,JOB077,1.0,,,PAY00347,52.42,INR,,,,,REV00347,52.42,pay_per_application_fee,,,,,
PAE002379,application_started,2026-08-22 10:21:00,APP00518,CAN028,CMP003,JOB076,1.0,,,,,,,,,,,,,,,,,
PAE002380,application_submitted,2026-08-22 11:01:00,APP00518,CAN028,CMP003,JOB076,1.0,,,,,,,,,,,,,,,,,
PAE002381,application_eligible,2026-08-23 01:01:00,APP00518,CAN028,CMP003,JOB076,1.0,eligible,meets_demo_rules,,,,,,,,,,,,,,,
PAE002382,payment_initiated,2026-08-23 01:07:00,APP00518,CAN028,CMP003,JOB076,1.0,,,PAY00348,712.41,INR,card,PayPerAppDemo,,,,,,,,,,
PAE002383,payment_captured,2026-08-23 01:08:19,APP00518,CAN028,CMP003,JOB076,1.0,,,PAY00348,712.41,INR,,PayPerAppDemo,GTX000348,712.41,,,,,,,,
PAE002384,revenue_recognized,2026-08-23 01:11:19,APP00518,CAN028,CMP003,JOB076,1.0,,,PAY00348,56.99,INR,,,,,REV00348,56.99,pay_per_application_fee,,,,,
PAE002385,application_started,2026-08-22 10:01:00,APP00519,CAN081,CMP040,JOB049,1.0,,,,,,,,,,,,,,,,,
PAE002386,application_submitted,2026-08-22 10:16:00,APP00519,CAN081,CMP040,JOB049,1.0,,,,,,,,,,,,,,,,,
PAE002387,application_eligible,2026-08-22 16:16:00,APP00519,CAN081,CMP040,JOB049,1.0,eligible,meets_demo_rules,,,,,,,,,,,,,,,
PAE002388,application_started,2026-08-22 14:44:00,APP00520,CAN091,CMP038,JOB037,1.0,,,,,,,,,,,,,,,,,
PAE002389,application_submitted,2026-08-22 15:49:00,APP00520,CAN091,CMP038,JOB037,1.0,,,,,,,,,,,,,,,,,
PAE002390,application_eligible,2026-08-22 22:49:00,APP00520,CAN091,CMP038,JOB037,1.0,eligible,meets_demo_rules,,,,,,,,,,,,,,,
PAE002391,payment_initiated,2026-08-22 23:04:00,APP00520,CAN091,CMP038,JOB037,1.0,,,PAY00349,588.69,INR,card,PayPerAppDemo,,,,,,,,,,
PAE002392,payment_captured,2026-08-22 23:04:27,APP00520,CAN091,CMP038,JOB037,1.0,,,PAY00349,588.69,INR,,PayPerAppDemo,GTX000349,588.69,,,,,,,,
PAE002393,revenue_recognized,2026-08-22 23:44:27,APP00520,CAN091,CMP038,JOB037,1.0,,,PAY00349,47.1,INR,,,,,REV00349,47.1,pay_per_application_fee,,,,,
PAE002394,application_started,2026-08-22 17:05:00,APP00521,CAN077,CMP012,JOB064,1.0,,,,,,,,,,,,,,,,,
PAE002395,application_submitted,2026-08-22 17:48:00,APP00521,CAN077,CMP012,JOB064,1.0,,,,,,,,,,,,,,,,,
PAE002396,application_eligible,2026-08-22 18:48:00,APP00521,CAN077,CMP012,JOB064,1.0,eligible,meets_demo_rules,,,,,,,,,,,,,,,
PAE002397,payment_initiated,2026-08-22 19:05:00,APP00521,CAN077,CMP012,JOB064,1.0,,,PAY00350,489.88,INR,upi,PayPerAppDemo,,,,,,,,,,
PAE002398,payment_captured,2026-08-22 19:06:55,APP00521,CAN077,CMP012,JOB064,1.0,,,PAY00350,489.88,INR,,PayPerAppDemo,GTX000350,489.88,,,,,,,,
PAE002399,revenue_recognized,2026-08-22 19:55:55,APP00521,CAN077,CMP012,JOB064,1.0,,,PAY00350,39.19,INR,,,,,REV00350,39.19,pay_per_application_fee,,,,,
PAE002400,application_started,2026-08-22 18:42:00,APP00522,CAN065,CMP015,JOB060,1.0,,,,,,,,,,,,,,,,,
PAE002401,application_submitted,2026-08-22 18:53:00,APP00522,CAN065,CMP015,JOB060,1.0,,,,,,,,,,,,,,,,,
PAE002402,application_eligible,2026-08-22 23:53:00,APP00522,CAN065,CMP015,JOB060,1.0,eligible,meets_demo_rules,,,,,,,,,,,,,,,
PAE002403,payment_initiated,2026-08-23 00:09:00,APP00522,CAN065,CMP015,JOB060,1.0,,,PAY00351,1460.72,INR,card,PayPerAppDemo,,,,,,,,,,
PAE002404,payment_captured,2026-08-23 00:10:30,APP00522,CAN065,CMP015,JOB060,1.0,,,PAY00351,1460.72,INR,,PayPerAppDemo,GTX000351,1460.72,,,,,,,,
PAE002405,revenue_recognized,2026-08-23 01:10:30,APP00522,CAN065,CMP015,JOB060,1.0,,,PAY00351,116.86,INR,,,,,REV00351,116.86,pay_per_application_fee,,,,,
PAE002406,payment_refunded,2026-08-26 01:10:30,APP00522,CAN065,CMP015,JOB060,1.0,,,PAY00351,1071.65,INR,,,,,,,,REF00351,1071.65,demo_refund,,
PAE002407,application_started,2026-08-22 13:39:00,APP00523,CAN027,CMP028,JOB033,1.0,,,,,,,,,,,,,,,,,
PAE002408,application_submitted,2026-08-22 14:42:00,APP00523,CAN027,CMP028,JOB033,1.0,,,,,,,,,,,,,,,,,
PAE002409,application_eligible,2026-08-23 14:42:00,APP00523,CAN027,CMP028,JOB033,1.0,eligible,meets_demo_rules,,,,,,,,,,,,,,,
PAE002410,payment_initiated,2026-08-23 14:48:00,APP00523,CAN027,CMP028,JOB033,1.0,,,PAY00352,921.7,INR,upi,PayPerAppDemo,,,,,,,,,,
PAE002411,payment_captured,2026-08-23 14:48:19,APP00523,CAN027,CMP028,JOB033,1.0,,,PAY00352,921.7,INR,,PayPerAppDemo,GTX000352,921.7,,,,,,,,
PAE002412,revenue_recognized,2026-08-23 14:53:19,APP00523,CAN027,CMP028,JOB033,1.0,,,PAY00352,73.74,INR,,,,,REV00352,73.74,pay_per_application_fee,,,,,
PAE002413,application_started,2026-08-22 17:20:00,APP00524,CAN093,CMP029,JOB076,1.0,,,,,,,,,,,,,,,,,
PAE002414,application_submitted,2026-08-22 18:06:00,APP00524,CAN093,CMP029,JOB076,1.0,,,,,,,,,,,,,,,,,
PAE002415,application_eligible,2026-08-22 22:06:00,APP00524,CAN093,CMP029,JOB076,1.0,eligible,meets_demo_rules,,,,,,,,,,,,,,,
PAE002416,payment_initiated,2026-08-22 22:30:00,APP00524,CAN093,CMP029,JOB076,1.0,,,PAY00353,372.58,INR,card,PayPerAppDemo,,,,,,,,,,
PAE002417,payment_captured,2026-08-22 22:30:53,APP00524,CAN093,CMP029,JOB076,1.0,,,PAY00353,372.58,INR,,PayPerAppDemo,GTX000353,372.58,,,,,,,,
PAE002418,revenue_recognized,2026-08-22 23:28:53,APP00524,CAN093,CMP029,JOB076,1.0,,,PAY00353,29.81,INR,,,,,REV00353,29.81,pay_per_application_fee,,,,,
PAE002419,application_started,2026-08-22 08:56:00,APP00525,CAN061,CMP038,JOB063,1.0,,,,,,,,,,,,,,,,,
PAE002420,application_submitted,2026-08-22 09:28:00,APP00525,CAN061,CMP038,JOB063,1.0,,,,,,,,,,,,,,,,,
PAE002421,application_started,2026-08-22 13:08:00,APP00526,CAN059,CMP012,JOB050,1.0,,,,,,,,,,,,,,,,,
PAE002422,application_submitted,2026-08-22 13:37:00,APP00526,CAN059,CMP012,JOB050,1.0,,,,,,,,,,,,,,,,,
PAE002423,application_eligible,2026-08-22 22:37:00,APP00526,CAN059,CMP012,JOB050,1.0,eligible,meets_demo_rules,,,,,,,,,,,,,,,
PAE002424,payment_initiated,2026-08-22 23:00:00,APP00526,CAN059,CMP012,JOB050,1.0,,,PAY00354,409.01,INR,netbanking,PayPerAppDemo,,,,,,,,,,
PAE002425,payment_captured,2026-08-22 23:00:22,APP00526,CAN059,CMP012,JOB050,1.0,,,PAY00354,409.01,INR,,PayPerAppDemo,GTX000354,409.01,,,,,,,,
PAE002426,revenue_recognized,2026-08-22 23:08:22,APP00526,CAN059,CMP012,JOB050,1.0,,,PAY00354,32.72,INR,,,,,REV00354,32.72,pay_per_application_fee,,,,,
PAE002427,application_started,2026-08-22 13:14:00,APP00527,CAN059,CMP027,JOB022,1.0,,,,,,,,,,,,,,,,,
PAE002428,application_started,2026-08-22 10:36:00,APP00528,CAN078,CMP011,JOB079,1.0,,,,,,,,,,,,,,,,,
PAE002429,application_started,2026-08-23 16:31:00,APP00529,CAN030,CMP006,JOB053,1.0,,,,,,,,,,,,,,,,,
PAE002430,application_submitted,2026-08-23 17:03:00,APP00529,CAN030,CMP006,JOB053,1.0,,,,,,,,,,,,,,,,,
PAE002431,application_eligible,2026-08-24 08:03:00,APP00529,CAN030,CMP006,JOB053,1.0,eligible,meets_demo_rules,,,,,,,,,,,,,,,
PAE002432,payment_initiated,2026-08-24 08:27:00,APP00529,CAN030,CMP006,JOB053,1.0,,,PAY00355,1162.52,INR,upi,PayPerAppDemo,,,,,,,,,,
PAE002433,payment_captured,2026-08-24 08:28:00,APP00529,CAN030,CMP006,JOB053,1.0,,,PAY00355,1162.52,INR,,PayPerAppDemo,GTX000355,1162.52,,,,,,,,
PAE002434,revenue_recognized,2026-08-24 09:06:00,APP00529,CAN030,CMP006,JOB053,1.0,,,PAY00355,93.0,INR,,,,,REV00355,93.0,pay_per_application_fee,,,,,
PAE002435,application_started,2026-08-23 08:26:00,APP00530,CAN076,CMP010,JOB074,1.0,,,,,,,,,,,,,,,,,
PAE002436,application_started,2026-08-23 08:27:00,APP00531,CAN006,CMP031,JOB065,1.0,,,,,,,,,,,,,,,,,
PAE002437,application_submitted,2026-08-23 09:33:00,APP00531,CAN006,CMP031,JOB065,1.0,,,,,,,,,,,,,,,,,
PAE002438,application_eligible,2026-08-24 08:33:00,APP00531,CAN006,CMP031,JOB065,1.0,eligible,meets_demo_rules,,,,,,,,,,,,,,,
PAE002439,payment_initiated,2026-08-24 08:41:00,APP00531,CAN006,CMP031,JOB065,1.0,,,PAY00356,815.55,INR,upi,PayPerAppDemo,,,,,,,,,,
PAE002440,payment_captured,2026-08-24 08:41:06,APP00531,CAN006,CMP031,JOB065,1.0,,,PAY00356,815.55,INR,,PayPerAppDemo,GTX000356,815.55,,,,,,,,
PAE002441,revenue_recognized,2026-08-24 09:26:06,APP00531,CAN006,CMP031,JOB065,1.0,,,PAY00356,65.24,INR,,,,,REV00356,65.24,pay_per_application_fee,,,,,
PAE002442,application_started,2026-08-23 12:15:00,APP00532,CAN028,CMP009,JOB046,1.0,,,,,,,,,,,,,,,,,
PAE002443,application_submitted,2026-08-23 12:31:00,APP00532,CAN028,CMP009,JOB046,1.0,,,,,,,,,,,,,,,,,
PAE002444,application_eligible,2026-08-24 10:31:00,APP00532,CAN028,CMP009,JOB046,1.0,eligible,meets_demo_rules,,,,,,,,,,,,,,,
PAE002445,payment_initiated,2026-08-24 10:59:00,APP00532,CAN028,CMP009,JOB046,1.0,,,PAY00357,1129.13,INR,netbanking,PayPerAppDemo,,,,,,,,,,
PAE002446,payment_captured,2026-08-24 10:59:08,APP00532,CAN028,CMP009,JOB046,1.0,,,PAY00357,1129.13,INR,,PayPerAppDemo,GTX000357,1129.13,,,,,,,,
PAE002447,revenue_recognized,2026-08-24 11:29:08,APP00532,CAN028,CMP009,JOB046,1.0,,,PAY00357,90.33,INR,,,,,REV00357,90.33,pay_per_application_fee,,,,,
PAE002448,application_started,2026-08-23 13:40:00,APP00533,CAN018,CMP026,JOB024,1.0,,,,,,,,,,,,,,,,,
PAE002449,application_submitted,2026-08-23 15:06:00,APP00533,CAN018,CMP026,JOB024,1.0,,,,,,,,,,,,,,,,,
PAE002450,application_eligible,2026-08-24 12:06:00,APP00533,CAN018,CMP026,JOB024,1.0,eligible,meets_demo_rules,,,,,,,,,,,,,,,
PAE002451,payment_initiated,2026-08-24 12:17:00,APP00533,CAN018,CMP026,JOB024,1.0,,,PAY00358,1366.79,INR,netbanking,PayPerAppDemo,,,,,,,,,,
PAE002452,payment_captured,2026-08-24 12:17:59,APP00533,CAN018,CMP026,JOB024,1.0,,,PAY00358,1366.79,INR,,PayPerAppDemo,GTX000358,1366.79,,,,,,,,
PAE002453,revenue_recognized,2026-08-24 13:06:59,APP00533,CAN018,CMP026,JOB024,1.0,,,PAY00358,109.34,INR,,,,,REV00358,109.34,pay_per_application_fee,,,,,
PAE002454,application_started,2026-08-23 11:50:00,APP00534,CAN079,CMP035,JOB074,1.0,,,,,,,,,,,,,,,,,
PAE002455,application_submitted,2026-08-23 13:14:00,APP00534,CAN079,CMP035,JOB074,1.0,,,,,,,,,,,,,,,,,
PAE002456,application_started,2026-08-23 18:23:00,APP00535,CAN095,CMP004,JOB066,1.0,,,,,,,,,,,,,,,,,
PAE002457,application_started,2026-08-23 15:39:00,APP00536,CAN015,CMP025,JOB047,1.0,,,,,,,,,,,,,,,,,
PAE002458,application_submitted,2026-08-23 16:30:00,APP00536,CAN015,CMP025,JOB047,1.0,,,,,,,,,,,,,,,,,
PAE002459,application_eligible,2026-08-24 10:30:00,APP00536,CAN015,CMP025,JOB047,1.0,eligible,meets_demo_rules,,,,,,,,,,,,,,,
PAE002460,payment_initiated,2026-08-24 10:55:00,APP00536,CAN015,CMP025,JOB047,1.0,,,PAY00359,950.95,INR,upi,PayPerAppDemo,,,,,,,,,,
PAE002461,payment_captured,2026-08-24 10:55:47,APP00536,CAN015,CMP025,JOB047,1.0,,,PAY00359,950.95,INR,,PayPerAppDemo,GTX000359,950.95,,,,,,,,
PAE002462,revenue_recognized,2026-08-24 11:11:47,APP00536,CAN015,CMP025,JOB047,1.0,,,PAY00359,76.08,INR,,,,,REV00359,76.08,pay_per_application_fee,,,,,
PAE002463,application_started,2026-08-23 11:48:00,APP00537,CAN084,CMP031,JOB075,1.0,,,,,,,,,,,,,,,,,
PAE002464,application_submitted,2026-08-23 12:21:00,APP00537,CAN084,CMP031,JOB075,1.0,,,,,,,,,,,,,,,,,
PAE002465,application_eligible,2026-08-23 21:21:00,APP00537,CAN084,CMP031,JOB075,1.0,eligible,meets_demo_rules,,,,,,,,,,,,,,,
PAE002466,payment_initiated,2026-08-23 21:23:00,APP00537,CAN084,CMP031,JOB075,1.0,,,PAY00360,778.66,INR,upi,PayPerAppDemo,,,,,,,,,,
PAE002467,payment_captured,2026-08-23 21:24:02,APP00537,CAN084,CMP031,JOB075,1.0,,,PAY00360,778.66,INR,,PayPerAppDemo,GTX000360,778.66,,,,,,,,
PAE002468,revenue_recognized,2026-08-23 21:56:02,APP00537,CAN084,CMP031,JOB075,1.0,,,PAY00360,62.29,INR,,,,,REV00360,62.29,pay_per_application_fee,,,,,
PAE002469,application_started,2026-08-23 18:52:00,APP00538,CAN016,CMP031,JOB069,1.0,,,,,,,,,,,,,,,,,
PAE002470,application_submitted,2026-08-23 19:34:00,APP00538,CAN016,CMP031,JOB069,1.0,,,,,,,,,,,,,,,,,
PAE002471,application_eligible,2026-08-24 07:34:00,APP00538,CAN016,CMP031,JOB069,1.0,eligible,meets_demo_rules,,,,,,,,,,,,,,,
PAE002472,payment_initiated,2026-08-24 08:00:00,APP00538,CAN016,CMP031,JOB069,1.0,,,PAY00361,1431.71,INR,upi,PayPerAppDemo,,,,,,,,,,
PAE002473,payment_captured,2026-08-24 08:01:58,APP00538,CAN016,CMP031,JOB069,1.0,,,PAY00361,1431.71,INR,,PayPerAppDemo,GTX000361,1431.71,,,,,,,,
PAE002474,revenue_recognized,2026-08-24 08:31:58,APP00538,CAN016,CMP031,JOB069,1.0,,,PAY00361,114.54,INR,,,,,REV00361,114.54,pay_per_application_fee,,,,,
PAE002475,application_started,2026-08-23 09:06:00,APP00539,CAN051,CMP012,JOB037,1.0,,,,,,,,,,,,,,,,,
PAE002476,application_submitted,2026-08-23 09:25:00,APP00539,CAN051,CMP012,JOB037,1.0,,,,,,,,,,,,,,,,,
PAE002477,application_eligible,2026-08-24 01:25:00,APP00539,CAN051,CMP012,JOB037,1.0,eligible,meets_demo_rules,,,,,,,,,,,,,,,
PAE002478,payment_initiated,2026-08-24 01:46:00,APP00539,CAN051,CMP012,JOB037,1.0,,,PAY00362,505.32,INR,upi,PayPerAppDemo,,,,,,,,,,
PAE002479,payment_captured,2026-08-24 01:47:32,APP00539,CAN051,CMP012,JOB037,1.0,,,PAY00362,505.32,INR,,PayPerAppDemo,GTX000362,505.32,,,,,,,,
PAE002480,revenue_recognized,2026-08-24 02:22:32,APP00539,CAN051,CMP012,JOB037,1.0,,,PAY00362,40.43,INR,,,,,REV00362,40.43,pay_per_application_fee,,,,,
PAE002481,application_started,2026-08-23 15:47:00,APP00540,CAN061,CMP023,JOB054,1.0,,,,,,,,,,,,,,,,,
PAE002482,application_submitted,2026-08-23 16:29:00,APP00540,CAN061,CMP023,JOB054,1.0,,,,,,,,,,,,,,,,,
PAE002483,application_eligible,2026-08-23 17:29:00,APP00540,CAN061,CMP023,JOB054,1.0,eligible,meets_demo_rules,,,,,,,,,,,,,,,
PAE002484,payment_initiated,2026-08-23 17:46:00,APP00540,CAN061,CMP023,JOB054,1.0,,,PAY00363,540.41,INR,netbanking,PayPerAppDemo,,,,,,,,,,
PAE002485,payment_captured,2026-08-23 17:47:19,APP00540,CAN061,CMP023,JOB054,1.0,,,PAY00363,540.41,INR,,PayPerAppDemo,GTX000363,540.41,,,,,,,,
PAE002486,revenue_recognized,2026-08-23 18:09:19,APP00540,CAN061,CMP023,JOB054,1.0,,,PAY00363,43.23,INR,,,,,REV00363,43.23,pay_per_application_fee,,,,,
PAE002487,application_started,2026-08-23 18:44:00,APP00541,CAN042,CMP032,JOB076,1.0,,,,,,,,,,,,,,,,,
PAE002488,application_submitted,2026-08-23 19:59:00,APP00541,CAN042,CMP032,JOB076,1.0,,,,,,,,,,,,,,,,,
PAE002489,application_eligible,2026-08-24 05:59:00,APP00541,CAN042,CMP032,JOB076,1.0,eligible,meets_demo_rules,,,,,,,,,,,,,,,
PAE002490,payment_initiated,2026-08-24 06:09:00,APP00541,CAN042,CMP032,JOB076,1.0,,,PAY00364,1372.85,INR,upi,PayPerAppDemo,,,,,,,,,,
PAE002491,payment_captured,2026-08-24 06:09:34,APP00541,CAN042,CMP032,JOB076,1.0,,,PAY00364,1372.85,INR,,PayPerAppDemo,GTX000364,1372.85,,,,,,,,
PAE002492,revenue_recognized,2026-08-24 06:40:34,APP00541,CAN042,CMP032,JOB076,1.0,,,PAY00364,109.83,INR,,,,,REV00364,109.83,pay_per_application_fee,,,,,
PAE002493,application_started,2026-08-23 13:18:00,APP00542,CAN037,CMP004,JOB019,1.0,,,,,,,,,,,,,,,,,
PAE002494,application_submitted,2026-08-23 13:44:00,APP00542,CAN037,CMP004,JOB019,1.0,,,,,,,,,,,,,,,,,
PAE002495,application_eligible,2026-08-23 19:44:00,APP00542,CAN037,CMP004,JOB019,1.0,eligible,meets_demo_rules,,,,,,,,,,,,,,,
PAE002496,payment_initiated,2026-08-23 19:50:00,APP00542,CAN037,CMP004,JOB019,1.0,,,PAY00365,606.56,INR,netbanking,PayPerAppDemo,,,,,,,,,,
PAE002497,payment_captured,2026-08-23 19:51:30,APP00542,CAN037,CMP004,JOB019,1.0,,,PAY00365,606.56,INR,,PayPerAppDemo,GTX000365,606.56,,,,,,,,
PAE002498,revenue_recognized,2026-08-23 20:42:30,APP00542,CAN037,CMP004,JOB019,1.0,,,PAY00365,48.52,INR,,,,,REV00365,48.52,pay_per_application_fee,,,,,
PAE002499,application_started,2026-08-23 13:36:00,APP00543,CAN031,CMP008,JOB006,1.0,,,,,,,,,,,,,,,,,
PAE002500,application_submitted,2026-08-23 14:14:00,APP00543,CAN031,CMP008,JOB006,1.0,,,,,,,,,,,,,,,,,
PAE002501,application_eligible,2026-08-23 21:14:00,APP00543,CAN031,CMP008,JOB006,1.0,eligible,meets_demo_rules,,,,,,,,,,,,,,,
PAE002502,payment_initiated,2026-08-23 21:25:00,APP00543,CAN031,CMP008,JOB006,1.0,,,PAY00366,293.36,INR,card,PayPerAppDemo,,,,,,,,,,
PAE002503,payment_captured,2026-08-23 21:26:02,APP00543,CAN031,CMP008,JOB006,1.0,,,PAY00366,293.36,INR,,PayPerAppDemo,GTX000366,293.36,,,,,,,,
PAE002504,revenue_recognized,2026-08-23 22:01:02,APP00543,CAN031,CMP008,JOB006,1.0,,,PAY00366,23.47,INR,,,,,REV00366,23.47,pay_per_application_fee,,,,,
PAE002505,application_started,2026-08-23 08:25:00,APP00544,CAN069,CMP020,JOB016,1.0,,,,,,,,,,,,,,,,,
PAE002506,application_started,2026-08-23 13:09:00,APP00545,CAN099,CMP010,JOB059,1.0,,,,,,,,,,,,,,,,,
PAE002507,application_submitted,2026-08-23 14:23:00,APP00545,CAN099,CMP010,JOB059,1.0,,,,,,,,,,,,,,,,,
PAE002508,application_started,2026-08-23 12:48:00,APP00546,CAN043,CMP019,JOB061,1.0,,,,,,,,,,,,,,,,,
PAE002509,application_started,2026-08-23 15:21:00,APP00547,CAN074,CMP010,JOB073,1.0,,,,,,,,,,,,,,,,,
PAE002510,application_submitted,2026-08-23 16:27:00,APP00547,CAN074,CMP010,JOB073,1.0,,,,,,,,,,,,,,,,,
PAE002511,application_started,2026-08-23 12:01:00,APP00548,CAN018,CMP036,JOB015,1.0,,,,,,,,,,,,,,,,,
PAE002512,application_submitted,2026-08-23 12:34:00,APP00548,CAN018,CMP036,JOB015,1.0,,,,,,,,,,,,,,,,,
PAE002513,application_eligible,2026-08-23 15:34:00,APP00548,CAN018,CMP036,JOB015,1.0,eligible,meets_demo_rules,,,,,,,,,,,,,,,
PAE002514,payment_initiated,2026-08-23 15:41:00,APP00548,CAN018,CMP036,JOB015,1.0,,,PAY00367,1010.19,INR,netbanking,PayPerAppDemo,,,,,,,,,,
PAE002515,payment_captured,2026-08-23 15:42:45,APP00548,CAN018,CMP036,JOB015,1.0,,,PAY00367,1010.19,INR,,PayPerAppDemo,GTX000367,1010.19,,,,,,,,
PAE002516,revenue_recognized,2026-08-23 16:42:45,APP00548,CAN018,CMP036,JOB015,1.0,,,PAY00367,80.82,INR,,,,,REV00367,80.82,pay_per_application_fee,,,,,
PAE002517,application_started,2026-08-23 16:54:00,APP00549,CAN026,CMP002,JOB011,1.0,,,,,,,,,,,,,,,,,
PAE002518,application_submitted,2026-08-23 18:24:00,APP00549,CAN026,CMP002,JOB011,1.0,,,,,,,,,,,,,,,,,
PAE002519,application_started,2026-08-23 15:20:00,APP00550,CAN066,CMP026,JOB025,1.0,,,,,,,,,,,,,,,,,
PAE002520,application_submitted,2026-08-23 16:30:00,APP00550,CAN066,CMP026,JOB025,1.0,,,,,,,,,,,,,,,,,
PAE002521,application_started,2026-08-23 10:45:00,APP00551,CAN086,CMP024,JOB051,1.0,,,,,,,,,,,,,,,,,
PAE002522,application_submitted,2026-08-23 11:37:00,APP00551,CAN086,CMP024,JOB051,1.0,,,,,,,,,,,,,,,,,
PAE002523,application_eligible,2026-08-23 12:37:00,APP00551,CAN086,CMP024,JOB051,1.0,eligible,meets_demo_rules,,,,,,,,,,,,,,,
PAE002524,payment_initiated,2026-08-23 12:52:00,APP00551,CAN086,CMP024,JOB051,1.0,,,PAY00368,689.19,INR,netbanking,PayPerAppDemo,,,,,,,,,,
PAE002525,payment_captured,2026-08-23 12:53:38,APP00551,CAN086,CMP024,JOB051,1.0,,,PAY00368,689.19,INR,,PayPerAppDemo,GTX000368,689.19,,,,,,,,
PAE002526,revenue_recognized,2026-08-23 13:50:38,APP00551,CAN086,CMP024,JOB051,1.0,,,PAY00368,55.14,INR,,,,,REV00368,55.14,pay_per_application_fee,,,,,
PAE002527,application_started,2026-08-23 10:51:00,APP00552,CAN054,CMP029,JOB037,1.0,,,,,,,,,,,,,,,,,
PAE002528,application_submitted,2026-08-23 11:50:00,APP00552,CAN054,CMP029,JOB037,1.0,,,,,,,,,,,,,,,,,
PAE002529,application_eligible,2026-08-24 01:50:00,APP00552,CAN054,CMP029,JOB037,1.0,eligible,meets_demo_rules,,,,,,,,,,,,,,,
PAE002530,payment_initiated,2026-08-24 01:53:00,APP00552,CAN054,CMP029,JOB037,1.0,,,PAY00369,983.98,INR,upi,PayPerAppDemo,,,,,,,,,,
PAE002531,payment_captured,2026-08-24 01:54:05,APP00552,CAN054,CMP029,JOB037,1.0,,,PAY00369,983.98,INR,,PayPerAppDemo,GTX000369,983.98,,,,,,,,
PAE002532,revenue_recognized,2026-08-24 02:50:05,APP00552,CAN054,CMP029,JOB037,1.0,,,PAY00369,78.72,INR,,,,,REV00369,78.72,pay_per_application_fee,,,,,
PAE002533,application_started,2026-08-24 14:05:00,APP00553,CAN043,CMP005,JOB076,1.0,,,,,,,,,,,,,,,,,
PAE002534,application_submitted,2026-08-24 15:31:00,APP00553,CAN043,CMP005,JOB076,1.0,,,,,,,,,,,,,,,,,
PAE002535,application_started,2026-08-24 15:45:00,APP00554,CAN054,CMP012,JOB072,1.0,,,,,,,,,,,,,,,,,
PAE002536,application_submitted,2026-08-24 16:07:00,APP00554,CAN054,CMP012,JOB072,1.0,,,,,,,,,,,,,,,,,
PAE002537,application_eligible,2026-08-25 05:07:00,APP00554,CAN054,CMP012,JOB072,1.0,eligible,meets_demo_rules,,,,,,,,,,,,,,,
PAE002538,payment_initiated,2026-08-25 05:34:00,APP00554,CAN054,CMP012,JOB072,1.0,,,PAY00370,863.23,INR,card,PayPerAppDemo,,,,,,,,,,
PAE002539,payment_captured,2026-08-25 05:34:43,APP00554,CAN054,CMP012,JOB072,1.0,,,PAY00370,863.23,INR,,PayPerAppDemo,GTX000370,863.23,,,,,,,,
PAE002540,revenue_recognized,2026-08-25 06:06:43,APP00554,CAN054,CMP012,JOB072,1.0,,,PAY00370,69.06,INR,,,,,REV00370,69.06,pay_per_application_fee,,,,,
PAE002541,application_started,2026-08-24 08:09:00,APP00555,CAN060,CMP015,JOB004,1.0,,,,,,,,,,,,,,,,,
PAE002542,application_submitted,2026-08-24 09:35:00,APP00555,CAN060,CMP015,JOB004,1.0,,,,,,,,,,,,,,,,,
PAE002543,application_started,2026-08-24 14:11:00,APP00556,CAN061,CMP008,JOB037,1.0,,,,,,,,,,,,,,,,,
PAE002544,application_submitted,2026-08-24 15:38:00,APP00556,CAN061,CMP008,JOB037,1.0,,,,,,,,,,,,,,,,,
PAE002545,application_eligible,2026-08-24 19:38:00,APP00556,CAN061,CMP008,JOB037,1.0,eligible,meets_demo_rules,,,,,,,,,,,,,,,
PAE002546,payment_initiated,2026-08-24 19:41:00,APP00556,CAN061,CMP008,JOB037,1.0,,,PAY00371,866.31,INR,netbanking,PayPerAppDemo,,,,,,,,,,
PAE002547,payment_captured,2026-08-24 19:42:19,APP00556,CAN061,CMP008,JOB037,1.0,,,PAY00371,866.31,INR,,PayPerAppDemo,GTX000371,866.31,,,,,,,,
PAE002548,revenue_recognized,2026-08-24 20:13:19,APP00556,CAN061,CMP008,JOB037,1.0,,,PAY00371,69.3,INR,,,,,REV00371,69.3,pay_per_application_fee,,,,,
PAE002549,application_started,2026-08-24 13:32:00,APP00557,CAN034,CMP031,JOB016,1.0,,,,,,,,,,,,,,,,,
PAE002550,application_submitted,2026-08-24 13:39:00,APP00557,CAN034,CMP031,JOB016,1.0,,,,,,,,,,,,,,,,,
PAE002551,application_started,2026-08-24 10:20:00,APP00558,CAN021,CMP038,JOB008,1.0,,,,,,,,,,,,,,,,,
PAE002552,application_submitted,2026-08-24 10:42:00,APP00558,CAN021,CMP038,JOB008,1.0,,,,,,,,,,,,,,,,,
PAE002553,application_eligible,2026-08-24 12:42:00,APP00558,CAN021,CMP038,JOB008,1.0,eligible,meets_demo_rules,,,,,,,,,,,,,,,
PAE002554,payment_initiated,2026-08-24 13:12:00,APP00558,CAN021,CMP038,JOB008,1.0,,,PAY00372,774.39,INR,card,PayPerAppDemo,,,,,,,,,,
PAE002555,payment_captured,2026-08-24 13:12:42,APP00558,CAN021,CMP038,JOB008,1.0,,,PAY00372,774.39,INR,,PayPerAppDemo,GTX000372,774.39,,,,,,,,
PAE002556,revenue_recognized,2026-08-24 13:46:42,APP00558,CAN021,CMP038,JOB008,1.0,,,PAY00372,61.95,INR,,,,,REV00372,61.95,pay_per_application_fee,,,,,
PAE002557,application_started,2026-08-24 18:11:00,APP00559,CAN010,CMP033,JOB025,1.0,,,,,,,,,,,,,,,,,
PAE002558,application_submitted,2026-08-24 19:32:00,APP00559,CAN010,CMP033,JOB025,1.0,,,,,,,,,,,,,,,,,
PAE002559,application_eligible,2026-08-25 13:32:00,APP00559,CAN010,CMP033,JOB025,1.0,eligible,meets_demo_rules,,,,,,,,,,,,,,,
PAE002560,payment_initiated,2026-08-25 14:00:00,APP00559,CAN010,CMP033,JOB025,1.0,,,PAY00373,645.26,INR,netbanking,PayPerAppDemo,,,,,,,,,,
PAE002561,payment_captured,2026-08-25 14:00:39,APP00559,CAN010,CMP033,JOB025,1.0,,,PAY00373,645.26,INR,,PayPerAppDemo,GTX000373,645.26,,,,,,,,
PAE002562,revenue_recognized,2026-08-25 14:44:39,APP00559,CAN010,CMP033,JOB025,1.0,,,PAY00373,51.62,INR,,,,,REV00373,51.62,pay_per_application_fee,,,,,
PAE002563,application_started,2026-08-24 17:22:00,APP00560,CAN047,CMP007,JOB069,1.0,,,,,,,,,,,,,,,,,
PAE002564,application_submitted,2026-08-24 17:28:00,APP00560,CAN047,CMP007,JOB069,1.0,,,,,,,,,,,,,,,,,
PAE002565,application_eligible,2026-08-25 03:28:00,APP00560,CAN047,CMP007,JOB069,1.0,eligible,meets_demo_rules,,,,,,,,,,,,,,,
PAE002566,payment_initiated,2026-08-25 03:39:00,APP00560,CAN047,CMP007,JOB069,1.0,,,PAY00374,856.12,INR,upi,PayPerAppDemo,,,,,,,,,,
PAE002567,payment_captured,2026-08-25 03:39:24,APP00560,CAN047,CMP007,JOB069,1.0,,,PAY00374,856.12,INR,,PayPerAppDemo,GTX000374,856.12,,,,,,,,
PAE002568,revenue_recognized,2026-08-25 04:12:24,APP00560,CAN047,CMP007,JOB069,1.0,,,PAY00374,68.49,INR,,,,,REV00374,68.49,pay_per_application_fee,,,,,
PAE002569,application_started,2026-08-24 16:54:00,APP00561,CAN025,CMP036,JOB079,1.0,,,,,,,,,,,,,,,,,
PAE002570,application_submitted,2026-08-24 18:09:00,APP00561,CAN025,CMP036,JOB079,1.0,,,,,,,,,,,,,,,,,
PAE002571,application_eligible,2026-08-24 22:09:00,APP00561,CAN025,CMP036,JOB079,1.0,eligible,meets_demo_rules,,,,,,,,,,,,,,,
PAE002572,payment_initiated,2026-08-24 22:13:00,APP00561,CAN025,CMP036,JOB079,1.0,,,PAY00375,1395.04,INR,upi,PayPerAppDemo,,,,,,,,,,
PAE002573,payment_captured,2026-08-24 22:14:06,APP00561,CAN025,CMP036,JOB079,1.0,,,PAY00375,1395.04,INR,,PayPerAppDemo,GTX000375,1395.04,,,,,,,,
PAE002574,revenue_recognized,2026-08-24 22:37:06,APP00561,CAN025,CMP036,JOB079,1.0,,,PAY00375,111.6,INR,,,,,REV00375,111.6,pay_per_application_fee,,,,,
PAE002575,application_started,2026-08-24 17:33:00,APP00562,CAN047,CMP009,JOB057,1.0,,,,,,,,,,,,,,,,,
PAE002576,application_submitted,2026-08-24 18:21:00,APP00562,CAN047,CMP009,JOB057,1.0,,,,,,,,,,,,,,,,,
PAE002577,application_eligible,2026-08-25 04:21:00,APP00562,CAN047,CMP009,JOB057,1.0,eligible,meets_demo_rules,,,,,,,,,,,,,,,
PAE002578,payment_initiated,2026-08-25 04:29:00,APP00562,CAN047,CMP009,JOB057,1.0,,,PAY00376,1268.22,INR,upi,PayPerAppDemo,,,,,,,,,,
PAE002579,payment_captured,2026-08-25 04:29:23,APP00562,CAN047,CMP009,JOB057,1.0,,,PAY00376,1268.22,INR,,PayPerAppDemo,GTX000376,1268.22,,,,,,,,
PAE002580,revenue_recognized,2026-08-25 05:14:23,APP00562,CAN047,CMP009,JOB057,1.0,,,PAY00376,101.46,INR,,,,,REV00376,101.46,pay_per_application_fee,,,,,
PAE002581,application_started,2026-08-24 09:27:00,APP00563,CAN017,CMP014,JOB017,1.0,,,,,,,,,,,,,,,,,
PAE002582,application_submitted,2026-08-24 09:46:00,APP00563,CAN017,CMP014,JOB017,1.0,,,,,,,,,,,,,,,,,
PAE002583,application_eligible,2026-08-25 01:46:00,APP00563,CAN017,CMP014,JOB017,1.0,eligible,meets_demo_rules,,,,,,,,,,,,,,,
PAE002584,payment_initiated,2026-08-25 01:50:00,APP00563,CAN017,CMP014,JOB017,1.0,,,PAY00377,303.15,INR,upi,PayPerAppDemo,,,,,,,,,,
PAE002585,payment_captured,2026-08-25 01:51:10,APP00563,CAN017,CMP014,JOB017,1.0,,,PAY00377,303.15,INR,,PayPerAppDemo,GTX000377,303.15,,,,,,,,
PAE002586,revenue_recognized,2026-08-25 02:29:10,APP00563,CAN017,CMP014,JOB017,1.0,,,PAY00377,24.25,INR,,,,,REV00377,24.25,pay_per_application_fee,,,,,
PAE002587,payment_refunded,2026-08-28 02:29:10,APP00563,CAN017,CMP014,JOB017,1.0,,,PAY00377,102.83,INR,,,,,,,,REF00377,102.83,demo_refund,,
PAE002588,application_started,2026-08-24 18:00:00,APP00564,CAN006,CMP005,JOB039,1.0,,,,,,,,,,,,,,,,,
PAE002589,application_submitted,2026-08-24 18:20:00,APP00564,CAN006,CMP005,JOB039,1.0,,,,,,,,,,,,,,,,,
PAE002590,application_started,2026-08-24 10:42:00,APP00565,CAN027,CMP038,JOB026,1.0,,,,,,,,,,,,,,,,,
PAE002591,application_submitted,2026-08-24 10:58:00,APP00565,CAN027,CMP038,JOB026,1.0,,,,,,,,,,,,,,,,,
PAE002592,application_eligible,2026-08-25 10:58:00,APP00565,CAN027,CMP038,JOB026,1.0,eligible,meets_demo_rules,,,,,,,,,,,,,,,
PAE002593,application_started,2026-08-24 10:54:00,APP00566,CAN075,CMP023,JOB046,1.0,,,,,,,,,,,,,,,,,
PAE002594,application_submitted,2026-08-24 12:17:00,APP00566,CAN075,CMP023,JOB046,1.0,,,,,,,,,,,,,,,,,
PAE002595,application_eligible,2026-08-25 07:17:00,APP00566,CAN075,CMP023,JOB046,1.0,eligible,meets_demo_rules,,,,,,,,,,,,,,,
PAE002596,payment_initiated,2026-08-25 07:42:00,APP00566,CAN075,CMP023,JOB046,1.0,,,PAY00378,1274.48,INR,upi,PayPerAppDemo,,,,,,,,,,
PAE002597,payment_captured,2026-08-25 07:43:36,APP00566,CAN075,CMP023,JOB046,1.0,,,PAY00378,1274.48,INR,,PayPerAppDemo,GTX000378,1274.48,,,,,,,,
PAE002598,revenue_recognized,2026-08-25 07:56:36,APP00566,CAN075,CMP023,JOB046,1.0,,,PAY00378,101.96,INR,,,,,REV00378,101.96,pay_per_application_fee,,,,,
PAE002599,application_started,2026-08-24 09:59:00,APP00567,CAN022,CMP035,JOB001,1.0,,,,,,,,,,,,,,,,,
PAE002600,application_submitted,2026-08-24 11:08:00,APP00567,CAN022,CMP035,JOB001,1.0,,,,,,,,,,,,,,,,,
PAE002601,application_started,2026-08-24 10:28:00,APP00568,CAN061,CMP024,JOB076,1.0,,,,,,,,,,,,,,,,,
PAE002602,application_submitted,2026-08-24 10:46:00,APP00568,CAN061,CMP024,JOB076,1.0,,,,,,,,,,,,,,,,,
PAE002603,application_eligible,2026-08-24 22:46:00,APP00568,CAN061,CMP024,JOB076,1.0,eligible,meets_demo_rules,,,,,,,,,,,,,,,
PAE002604,application_started,2026-08-24 11:26:00,APP00569,CAN055,CMP014,JOB066,1.0,,,,,,,,,,,,,,,,,
PAE002605,application_submitted,2026-08-24 12:11:00,APP00569,CAN055,CMP014,JOB066,1.0,,,,,,,,,,,,,,,,,
PAE002606,application_eligible,2026-08-24 16:11:00,APP00569,CAN055,CMP014,JOB066,1.0,eligible,meets_demo_rules,,,,,,,,,,,,,,,
PAE002607,payment_initiated,2026-08-24 16:23:00,APP00569,CAN055,CMP014,JOB066,1.0,,,PAY00379,869.77,INR,netbanking,PayPerAppDemo,,,,,,,,,,
PAE002608,payment_captured,2026-08-24 16:24:37,APP00569,CAN055,CMP014,JOB066,1.0,,,PAY00379,869.77,INR,,PayPerAppDemo,GTX000379,869.77,,,,,,,,
PAE002609,revenue_recognized,2026-08-24 16:27:37,APP00569,CAN055,CMP014,JOB066,1.0,,,PAY00379,69.58,INR,,,,,REV00379,69.58,pay_per_application_fee,,,,,
PAE002610,application_started,2026-08-24 12:29:00,APP00570,CAN064,CMP008,JOB050,1.0,,,,,,,,,,,,,,,,,
PAE002611,application_submitted,2026-08-24 13:13:00,APP00570,CAN064,CMP008,JOB050,1.0,,,,,,,,,,,,,,,,,
PAE002612,application_eligible,2026-08-25 04:13:00,APP00570,CAN064,CMP008,JOB050,1.0,eligible,meets_demo_rules,,,,,,,,,,,,,,,
PAE002613,payment_initiated,2026-08-25 04:41:00,APP00570,CAN064,CMP008,JOB050,1.0,,,PAY00380,759.1,INR,card,PayPerAppDemo,,,,,,,,,,
PAE002614,payment_captured,2026-08-25 04:41:13,APP00570,CAN064,CMP008,JOB050,1.0,,,PAY00380,759.1,INR,,PayPerAppDemo,GTX000380,759.1,,,,,,,,
PAE002615,revenue_recognized,2026-08-25 05:39:13,APP00570,CAN064,CMP008,JOB050,1.0,,,PAY00380,60.73,INR,,,,,REV00380,60.73,pay_per_application_fee,,,,,
PAE002616,application_started,2026-08-24 08:43:00,APP00571,CAN061,CMP024,JOB023,1.0,,,,,,,,,,,,,,,,,
PAE002617,application_submitted,2026-08-24 09:01:00,APP00571,CAN061,CMP024,JOB023,1.0,,,,,,,,,,,,,,,,,
PAE002618,application_eligible,2026-08-25 02:01:00,APP00571,CAN061,CMP024,JOB023,1.0,eligible,meets_demo_rules,,,,,,,,,,,,,,,
PAE002619,payment_initiated,2026-08-25 02:06:00,APP00571,CAN061,CMP024,JOB023,1.0,,,PAY00381,356.26,INR,card,PayPerAppDemo,,,,,,,,,,
PAE002620,payment_captured,2026-08-25 02:07:20,APP00571,CAN061,CMP024,JOB023,1.0,,,PAY00381,356.26,INR,,PayPerAppDemo,GTX000381,356.26,,,,,,,,
PAE002621,revenue_recognized,2026-08-25 02:14:20,APP00571,CAN061,CMP024,JOB023,1.0,,,PAY00381,28.5,INR,,,,,REV00381,28.5,pay_per_application_fee,,,,,
PAE002622,application_started,2026-08-24 11:21:00,APP00572,CAN022,CMP005,JOB047,1.0,,,,,,,,,,,,,,,,,
PAE002623,application_submitted,2026-08-24 12:17:00,APP00572,CAN022,CMP005,JOB047,1.0,,,,,,,,,,,,,,,,,
PAE002624,application_eligible,2026-08-25 02:17:00,APP00572,CAN022,CMP005,JOB047,1.0,eligible,meets_demo_rules,,,,,,,,,,,,,,,
PAE002625,payment_initiated,2026-08-25 02:40:00,APP00572,CAN022,CMP005,JOB047,1.0,,,PAY00382,598.15,INR,netbanking,PayPerAppDemo,,,,,,,,,,
PAE002626,payment_captured,2026-08-25 02:41:41,APP00572,CAN022,CMP005,JOB047,1.0,,,PAY00382,598.15,INR,,PayPerAppDemo,GTX000382,598.15,,,,,,,,
PAE002627,revenue_recognized,2026-08-25 03:32:41,APP00572,CAN022,CMP005,JOB047,1.0,,,PAY00382,47.85,INR,,,,,REV00382,47.85,pay_per_application_fee,,,,,
PAE002628,application_started,2026-08-24 18:38:00,APP00573,CAN052,CMP023,JOB061,1.0,,,,,,,,,,,,,,,,,
PAE002629,application_started,2026-08-24 10:49:00,APP00574,CAN063,CMP033,JOB036,1.0,,,,,,,,,,,,,,,,,
PAE002630,application_submitted,2026-08-24 11:09:00,APP00574,CAN063,CMP033,JOB036,1.0,,,,,,,,,,,,,,,,,
PAE002631,application_eligible,2026-08-25 03:09:00,APP00574,CAN063,CMP033,JOB036,1.0,eligible,meets_demo_rules,,,,,,,,,,,,,,,
PAE002632,payment_initiated,2026-08-25 03:10:00,APP00574,CAN063,CMP033,JOB036,1.0,,,PAY00383,1428.0,INR,upi,PayPerAppDemo,,,,,,,,,,
PAE002633,payment_captured,2026-08-25 03:11:51,APP00574,CAN063,CMP033,JOB036,1.0,,,PAY00383,1428.0,INR,,PayPerAppDemo,GTX000383,1428.0,,,,,,,,
PAE002634,revenue_recognized,2026-08-25 03:16:51,APP00574,CAN063,CMP033,JOB036,1.0,,,PAY00383,114.24,INR,,,,,REV00383,114.24,pay_per_application_fee,,,,,
PAE002635,application_started,2026-08-24 17:43:00,APP00575,CAN004,CMP012,JOB049,1.0,,,,,,,,,,,,,,,,,
PAE002636,application_submitted,2026-08-24 18:26:00,APP00575,CAN004,CMP012,JOB049,1.0,,,,,,,,,,,,,,,,,
PAE002637,application_eligible,2026-08-24 22:26:00,APP00575,CAN004,CMP012,JOB049,1.0,eligible,meets_demo_rules,,,,,,,,,,,,,,,
PAE002638,payment_initiated,2026-08-24 22:43:00,APP00575,CAN004,CMP012,JOB049,1.0,,,PAY00384,1076.35,INR,card,PayPerAppDemo,,,,,,,,,,
PAE002639,payment_captured,2026-08-24 22:43:30,APP00575,CAN004,CMP012,JOB049,1.0,,,PAY00384,1076.35,INR,,PayPerAppDemo,GTX000384,1076.35,,,,,,,,
PAE002640,revenue_recognized,2026-08-24 23:02:30,APP00575,CAN004,CMP012,JOB049,1.0,,,PAY00384,86.11,INR,,,,,REV00384,86.11,pay_per_application_fee,,,,,
PAE002641,application_started,2026-08-24 16:21:00,APP00576,CAN063,CMP033,JOB034,1.0,,,,,,,,,,,,,,,,,
PAE002642,application_submitted,2026-08-24 17:35:00,APP00576,CAN063,CMP033,JOB034,1.0,,,,,,,,,,,,,,,,,
PAE002643,application_eligible,2026-08-24 19:35:00,APP00576,CAN063,CMP033,JOB034,1.0,eligible,meets_demo_rules,,,,,,,,,,,,,,,
PAE002644,application_started,2026-08-25 13:54:00,APP00577,CAN016,CMP025,JOB058,1.0,,,,,,,,,,,,,,,,,
PAE002645,application_submitted,2026-08-25 14:57:00,APP00577,CAN016,CMP025,JOB058,1.0,,,,,,,,,,,,,,,,,
PAE002646,application_eligible,2026-08-25 20:57:00,APP00577,CAN016,CMP025,JOB058,1.0,eligible,meets_demo_rules,,,,,,,,,,,,,,,
PAE002647,payment_initiated,2026-08-25 21:07:00,APP00577,CAN016,CMP025,JOB058,1.0,,,PAY00385,1325.45,INR,netbanking,PayPerAppDemo,,,,,,,,,,
PAE002648,payment_captured,2026-08-25 21:08:00,APP00577,CAN016,CMP025,JOB058,1.0,,,PAY00385,1325.45,INR,,PayPerAppDemo,GTX000385,1325.45,,,,,,,,
PAE002649,revenue_recognized,2026-08-25 21:17:00,APP00577,CAN016,CMP025,JOB058,1.0,,,PAY00385,106.04,INR,,,,,REV00385,106.04,pay_per_application_fee,,,,,
PAE002650,application_started,2026-08-25 17:43:00,APP00578,CAN050,CMP032,JOB015,1.0,,,,,,,,,,,,,,,,,
PAE002651,application_submitted,2026-08-25 18:58:00,APP00578,CAN050,CMP032,JOB015,1.0,,,,,,,,,,,,,,,,,
PAE002652,application_eligible,2026-08-26 13:58:00,APP00578,CAN050,CMP032,JOB015,1.0,eligible,meets_demo_rules,,,,,,,,,,,,,,,
PAE002653,payment_initiated,2026-08-26 14:04:00,APP00578,CAN050,CMP032,JOB015,1.0,,,PAY00386,952.82,INR,netbanking,PayPerAppDemo,,,,,,,,,,
PAE002654,payment_captured,2026-08-26 14:04:38,APP00578,CAN050,CMP032,JOB015,1.0,,,PAY00386,952.82,INR,,PayPerAppDemo,GTX000386,952.82,,,,,,,,
PAE002655,revenue_recognized,2026-08-26 14:36:38,APP00578,CAN050,CMP032,JOB015,1.0,,,PAY00386,76.23,INR,,,,,REV00386,76.23,pay_per_application_fee,,,,,
PAE002656,application_started,2026-08-25 12:20:00,APP00579,CAN049,CMP040,JOB046,1.0,,,,,,,,,,,,,,,,,
PAE002657,application_submitted,2026-08-25 13:40:00,APP00579,CAN049,CMP040,JOB046,1.0,,,,,,,,,,,,,,,,,
PAE002658,application_eligible,2026-08-26 01:40:00,APP00579,CAN049,CMP040,JOB046,1.0,eligible,meets_demo_rules,,,,,,,,,,,,,,,
PAE002659,payment_initiated,2026-08-26 01:41:00,APP00579,CAN049,CMP040,JOB046,1.0,,,PAY00387,1177.57,INR,netbanking,PayPerAppDemo,,,,,,,,,,
PAE002660,payment_captured,2026-08-26 01:41:17,APP00579,CAN049,CMP040,JOB046,1.0,,,PAY00387,1177.57,INR,,PayPerAppDemo,GTX000387,1177.57,,,,,,,,
PAE002661,revenue_recognized,2026-08-26 02:09:17,APP00579,CAN049,CMP040,JOB046,1.0,,,PAY00387,94.21,INR,,,,,REV00387,94.21,pay_per_application_fee,,,,,
PAE002662,application_started,2026-08-25 08:42:00,APP00580,CAN046,CMP027,JOB045,1.0,,,,,,,,,,,,,,,,,
PAE002663,application_submitted,2026-08-25 09:17:00,APP00580,CAN046,CMP027,JOB045,1.0,,,,,,,,,,,,,,,,,
PAE002664,application_eligible,2026-08-26 04:17:00,APP00580,CAN046,CMP027,JOB045,1.0,eligible,meets_demo_rules,,,,,,,,,,,,,,,
PAE002665,payment_initiated,2026-08-26 04:45:00,APP00580,CAN046,CMP027,JOB045,1.0,,,PAY00388,1109.99,INR,card,PayPerAppDemo,,,,,,,,,,
PAE002666,payment_captured,2026-08-26 04:45:26,APP00580,CAN046,CMP027,JOB045,1.0,,,PAY00388,1109.99,INR,,PayPerAppDemo,GTX000388,1109.99,,,,,,,,
PAE002667,revenue_recognized,2026-08-26 04:47:26,APP00580,CAN046,CMP027,JOB045,1.0,,,PAY00388,88.8,INR,,,,,REV00388,88.8,pay_per_application_fee,,,,,
PAE002668,application_started,2026-08-25 17:32:00,APP00581,CAN005,CMP030,JOB055,1.0,,,,,,,,,,,,,,,,,
PAE002669,application_started,2026-08-25 17:01:00,APP00582,CAN035,CMP002,JOB061,1.0,,,,,,,,,,,,,,,,,
PAE002670,application_started,2026-08-25 13:36:00,APP00583,CAN049,CMP037,JOB050,1.0,,,,,,,,,,,,,,,,,
PAE002671,application_submitted,2026-08-25 14:43:00,APP00583,CAN049,CMP037,JOB050,1.0,,,,,,,,,,,,,,,,,
PAE002672,application_eligible,2026-08-26 12:43:00,APP00583,CAN049,CMP037,JOB050,1.0,eligible,meets_demo_rules,,,,,,,,,,,,,,,
PAE002673,payment_initiated,2026-08-26 13:09:00,APP00583,CAN049,CMP037,JOB050,1.0,,,PAY00389,870.91,INR,netbanking,PayPerAppDemo,,,,,,,,,,
PAE002674,payment_captured,2026-08-26 13:10:23,APP00583,CAN049,CMP037,JOB050,1.0,,,PAY00389,870.91,INR,,PayPerAppDemo,GTX000389,870.91,,,,,,,,
PAE002675,revenue_recognized,2026-08-26 13:30:23,APP00583,CAN049,CMP037,JOB050,1.0,,,PAY00389,69.67,INR,,,,,REV00389,69.67,pay_per_application_fee,,,,,
PAE002676,application_started,2026-08-25 18:54:00,APP00584,CAN056,CMP013,JOB064,1.0,,,,,,,,,,,,,,,,,
PAE002677,application_started,2026-08-25 12:16:00,APP00585,CAN010,CMP035,JOB028,1.0,,,,,,,,,,,,,,,,,
PAE002678,application_submitted,2026-08-25 13:34:00,APP00585,CAN010,CMP035,JOB028,1.0,,,,,,,,,,,,,,,,,
PAE002679,application_eligible,2026-08-25 21:34:00,APP00585,CAN010,CMP035,JOB028,1.0,eligible,meets_demo_rules,,,,,,,,,,,,,,,
PAE002680,payment_initiated,2026-08-25 21:57:00,APP00585,CAN010,CMP035,JOB028,1.0,,,PAY00390,1447.43,INR,netbanking,PayPerAppDemo,,,,,,,,,,
PAE002681,payment_captured,2026-08-25 21:57:48,APP00585,CAN010,CMP035,JOB028,1.0,,,PAY00390,1447.43,INR,,PayPerAppDemo,GTX000390,1447.43,,,,,,,,
PAE002682,revenue_recognized,2026-08-25 22:15:48,APP00585,CAN010,CMP035,JOB028,1.0,,,PAY00390,115.79,INR,,,,,REV00390,115.79,pay_per_application_fee,,,,,
PAE002683,application_started,2026-08-25 11:22:00,APP00586,CAN068,CMP031,JOB055,1.0,,,,,,,,,,,,,,,,,
PAE002684,application_submitted,2026-08-25 12:50:00,APP00586,CAN068,CMP031,JOB055,1.0,,,,,,,,,,,,,,,,,
PAE002685,application_started,2026-08-25 18:34:00,APP00587,CAN065,CMP020,JOB056,1.0,,,,,,,,,,,,,,,,,
PAE002686,application_submitted,2026-08-25 19:32:00,APP00587,CAN065,CMP020,JOB056,1.0,,,,,,,,,,,,,,,,,
PAE002687,application_eligible,2026-08-26 15:32:00,APP00587,CAN065,CMP020,JOB056,1.0,eligible,meets_demo_rules,,,,,,,,,,,,,,,
PAE002688,payment_initiated,2026-08-26 15:50:00,APP00587,CAN065,CMP020,JOB056,1.0,,,PAY00391,1089.45,INR,upi,PayPerAppDemo,,,,,,,,,,
PAE002689,payment_captured,2026-08-26 15:51:25,APP00587,CAN065,CMP020,JOB056,1.0,,,PAY00391,1089.45,INR,,PayPerAppDemo,GTX000391,1089.45,,,,,,,,
PAE002690,revenue_recognized,2026-08-26 16:37:25,APP00587,CAN065,CMP020,JOB056,1.0,,,PAY00391,87.16,INR,,,,,REV00391,87.16,pay_per_application_fee,,,,,
PAE002691,application_started,2026-08-25 11:42:00,APP00588,CAN024,CMP037,JOB064,1.0,,,,,,,,,,,,,,,,,
PAE002692,application_started,2026-08-25 18:34:00,APP00589,CAN096,CMP030,JOB035,1.0,,,,,,,,,,,,,,,,,
PAE002693,application_submitted,2026-08-25 19:34:00,APP00589,CAN096,CMP030,JOB035,1.0,,,,,,,,,,,,,,,,,
PAE002694,application_started,2026-08-25 11:23:00,APP00590,CAN094,CMP004,JOB067,1.0,,,,,,,,,,,,,,,,,
PAE002695,application_submitted,2026-08-25 11:58:00,APP00590,CAN094,CMP004,JOB067,1.0,,,,,,,,,,,,,,,,,
PAE002696,application_eligible,2026-08-26 09:58:00,APP00590,CAN094,CMP004,JOB067,1.0,eligible,meets_demo_rules,,,,,,,,,,,,,,,
PAE002697,payment_initiated,2026-08-26 10:12:00,APP00590,CAN094,CMP004,JOB067,1.0,,,PAY00392,1305.15,INR,card,PayPerAppDemo,,,,,,,,,,
PAE002698,payment_captured,2026-08-26 10:12:13,APP00590,CAN094,CMP004,JOB067,1.0,,,PAY00392,1305.15,INR,,PayPerAppDemo,GTX000392,1305.15,,,,,,,,
PAE002699,revenue_recognized,2026-08-26 10:53:13,APP00590,CAN094,CMP004,JOB067,1.0,,,PAY00392,104.41,INR,,,,,REV00392,104.41,pay_per_application_fee,,,,,
PAE002700,application_started,2026-08-25 18:10:00,APP00591,CAN053,CMP018,JOB037,1.0,,,,,,,,,,,,,,,,,
PAE002701,application_submitted,2026-08-25 19:31:00,APP00591,CAN053,CMP018,JOB037,1.0,,,,,,,,,,,,,,,,,
PAE002702,application_eligible,2026-08-26 03:31:00,APP00591,CAN053,CMP018,JOB037,1.0,eligible,meets_demo_rules,,,,,,,,,,,,,,,
PAE002703,payment_initiated,2026-08-26 03:39:00,APP00591,CAN053,CMP018,JOB037,1.0,,,PAY00393,489.9,INR,card,PayPerAppDemo,,,,,,,,,,
PAE002704,payment_captured,2026-08-26 03:40:16,APP00591,CAN053,CMP018,JOB037,1.0,,,PAY00393,489.9,INR,,PayPerAppDemo,GTX000393,489.9,,,,,,,,
PAE002705,revenue_recognized,2026-08-26 04:08:16,APP00591,CAN053,CMP018,JOB037,1.0,,,PAY00393,39.19,INR,,,,,REV00393,39.19,pay_per_application_fee,,,,,
PAE002706,application_started,2026-08-25 12:08:00,APP00592,CAN005,CMP013,JOB021,1.0,,,,,,,,,,,,,,,,,
PAE002707,application_submitted,2026-08-25 12:48:00,APP00592,CAN005,CMP013,JOB021,1.0,,,,,,,,,,,,,,,,,
PAE002708,application_eligible,2026-08-25 18:48:00,APP00592,CAN005,CMP013,JOB021,1.0,eligible,meets_demo_rules,,,,,,,,,,,,,,,
PAE002709,payment_initiated,2026-08-25 19:12:00,APP00592,CAN005,CMP013,JOB021,1.0,,,PAY00394,302.79,INR,card,PayPerAppDemo,,,,,,,,,,
PAE002710,payment_captured,2026-08-25 19:12:12,APP00592,CAN005,CMP013,JOB021,1.0,,,PAY00394,302.79,INR,,PayPerAppDemo,GTX000394,302.79,,,,,,,,
PAE002711,revenue_recognized,2026-08-25 20:08:12,APP00592,CAN005,CMP013,JOB021,1.0,,,PAY00394,24.22,INR,,,,,REV00394,24.22,pay_per_application_fee,,,,,
PAE002712,application_started,2026-08-25 09:57:00,APP00593,CAN041,CMP039,JOB039,1.0,,,,,,,,,,,,,,,,,
PAE002713,application_started,2026-08-25 10:15:00,APP00594,CAN047,CMP006,JOB051,1.0,,,,,,,,,,,,,,,,,
PAE002714,application_submitted,2026-08-25 11:24:00,APP00594,CAN047,CMP006,JOB051,1.0,,,,,,,,,,,,,,,,,
PAE002715,application_started,2026-08-25 12:31:00,APP00595,CAN067,CMP038,JOB068,1.0,,,,,,,,,,,,,,,,,
PAE002716,application_started,2026-08-25 13:21:00,APP00596,CAN031,CMP039,JOB016,1.0,,,,,,,,,,,,,,,,,
PAE002717,application_submitted,2026-08-25 14:15:00,APP00596,CAN031,CMP039,JOB016,1.0,,,,,,,,,,,,,,,,,
PAE002718,application_eligible,2026-08-26 14:15:00,APP00596,CAN031,CMP039,JOB016,1.0,eligible,meets_demo_rules,,,,,,,,,,,,,,,
PAE002719,payment_initiated,2026-08-26 14:20:00,APP00596,CAN031,CMP039,JOB016,1.0,,,PAY00395,778.59,INR,upi,PayPerAppDemo,,,,,,,,,,
PAE002720,payment_captured,2026-08-26 14:20:40,APP00596,CAN031,CMP039,JOB016,1.0,,,PAY00395,778.59,INR,,PayPerAppDemo,GTX000395,778.59,,,,,,,,
PAE002721,revenue_recognized,2026-08-26 14:49:40,APP00596,CAN031,CMP039,JOB016,1.0,,,PAY00395,62.29,INR,,,,,REV00395,62.29,pay_per_application_fee,,,,,
PAE002722,application_started,2026-08-25 16:23:00,APP00597,CAN076,CMP004,JOB063,1.0,,,,,,,,,,,,,,,,,
PAE002723,application_submitted,2026-08-25 16:42:00,APP00597,CAN076,CMP004,JOB063,1.0,,,,,,,,,,,,,,,,,
PAE002724,application_eligible,2026-08-26 06:42:00,APP00597,CAN076,CMP004,JOB063,1.0,eligible,meets_demo_rules,,,,,,,,,,,,,,,
PAE002725,payment_initiated,2026-08-26 06:51:00,APP00597,CAN076,CMP004,JOB063,1.0,,,PAY00396,557.93,INR,upi,PayPerAppDemo,,,,,,,,,,
PAE002726,payment_captured,2026-08-26 06:52:36,APP00597,CAN076,CMP004,JOB063,1.0,,,PAY00396,557.93,INR,,PayPerAppDemo,GTX000396,557.93,,,,,,,,
PAE002727,revenue_recognized,2026-08-26 07:16:36,APP00597,CAN076,CMP004,JOB063,1.0,,,PAY00396,44.63,INR,,,,,REV00396,44.63,pay_per_application_fee,,,,,
PAE002728,application_started,2026-08-25 18:51:00,APP00598,CAN003,CMP039,JOB005,1.0,,,,,,,,,,,,,,,,,
PAE002729,application_started,2026-08-25 16:24:00,APP00599,CAN089,CMP016,JOB033,1.0,,,,,,,,,,,,,,,,,
PAE002730,application_submitted,2026-08-25 17:15:00,APP00599,CAN089,CMP016,JOB033,1.0,,,,,,,,,,,,,,,,,
PAE002731,application_started,2026-08-25 11:54:00,APP00600,CAN088,CMP008,JOB069,1.0,,,,,,,,,,,,,,,,,
PAE002732,application_submitted,2026-08-25 12:00:00,APP00600,CAN088,CMP008,JOB069,1.0,,,,,,,,,,,,,,,,,
PAE002733,application_started,2026-08-26 09:59:00,APP00601,CAN051,CMP017,JOB039,1.0,,,,,,,,,,,,,,,,,
PAE002734,application_submitted,2026-08-26 10:34:00,APP00601,CAN051,CMP017,JOB039,1.0,,,,,,,,,,,,,,,,,
PAE002735,application_eligible,2026-08-26 16:34:00,APP00601,CAN051,CMP017,JOB039,1.0,eligible,meets_demo_rules,,,,,,,,,,,,,,,
PAE002736,application_started,2026-08-26 08:17:00,APP00602,CAN081,CMP021,JOB053,1.0,,,,,,,,,,,,,,,,,
PAE002737,application_submitted,2026-08-26 09:24:00,APP00602,CAN081,CMP021,JOB053,1.0,,,,,,,,,,,,,,,,,
PAE002738,application_eligible,2026-08-26 23:24:00,APP00602,CAN081,CMP021,JOB053,1.0,eligible,meets_demo_rules,,,,,,,,,,,,,,,
PAE002739,application_started,2026-08-26 10:44:00,APP00603,CAN043,CMP028,JOB013,1.0,,,,,,,,,,,,,,,,,
PAE002740,application_submitted,2026-08-26 10:57:00,APP00603,CAN043,CMP028,JOB013,1.0,,,,,,,,,,,,,,,,,
PAE002741,application_eligible,2026-08-27 06:57:00,APP00603,CAN043,CMP028,JOB013,1.0,eligible,meets_demo_rules,,,,,,,,,,,,,,,
PAE002742,payment_initiated,2026-08-27 07:08:00,APP00603,CAN043,CMP028,JOB013,1.0,,,PAY00397,934.66,INR,card,PayPerAppDemo,,,,,,,,,,
PAE002743,payment_captured,2026-08-27 07:09:42,APP00603,CAN043,CMP028,JOB013,1.0,,,PAY00397,934.66,INR,,PayPerAppDemo,GTX000397,934.66,,,,,,,,
PAE002744,revenue_recognized,2026-08-27 07:13:42,APP00603,CAN043,CMP028,JOB013,1.0,,,PAY00397,74.77,INR,,,,,REV00397,74.77,pay_per_application_fee,,,,,
PAE002745,application_started,2026-08-26 08:25:00,APP00604,CAN024,CMP029,JOB018,1.0,,,,,,,,,,,,,,,,,
PAE002746,application_submitted,2026-08-26 09:09:00,APP00604,CAN024,CMP029,JOB018,1.0,,,,,,,,,,,,,,,,,
PAE002747,application_eligible,2026-08-26 12:09:00,APP00604,CAN024,CMP029,JOB018,1.0,eligible,meets_demo_rules,,,,,,,,,,,,,,,
PAE002748,payment_initiated,2026-08-26 12:32:00,APP00604,CAN024,CMP029,JOB018,1.0,,,PAY00398,562.0,INR,netbanking,PayPerAppDemo,,,,,,,,,,
PAE002749,payment_captured,2026-08-26 12:33:53,APP00604,CAN024,CMP029,JOB018,1.0,,,PAY00398,562.0,INR,,PayPerAppDemo,GTX000398,562.0,,,,,,,,
PAE002750,revenue_recognized,2026-08-26 13:12:53,APP00604,CAN024,CMP029,JOB018,1.0,,,PAY00398,44.96,INR,,,,,REV00398,44.96,pay_per_application_fee,,,,,
PAE002751,application_started,2026-08-26 10:16:00,APP00605,CAN041,CMP029,JOB062,1.0,,,,,,,,,,,,,,,,,
PAE002752,application_submitted,2026-08-26 11:36:00,APP00605,CAN041,CMP029,JOB062,1.0,,,,,,,,,,,,,,,,,
PAE002753,application_started,2026-08-26 14:23:00,APP00606,CAN037,CMP013,JOB011,1.0,,,,,,,,,,,,,,,,,
PAE002754,application_submitted,2026-08-26 15:16:00,APP00606,CAN037,CMP013,JOB011,1.0,,,,,,,,,,,,,,,,,
PAE002755,application_started,2026-08-26 08:59:00,APP00607,CAN074,CMP015,JOB003,1.0,,,,,,,,,,,,,,,,,
PAE002756,application_submitted,2026-08-26 10:22:00,APP00607,CAN074,CMP015,JOB003,1.0,,,,,,,,,,,,,,,,,
PAE002757,application_eligible,2026-08-26 13:22:00,APP00607,CAN074,CMP015,JOB003,1.0,eligible,meets_demo_rules,,,,,,,,,,,,,,,
PAE002758,application_started,2026-08-26 08:25:00,APP00608,CAN026,CMP017,JOB022,1.0,,,,,,,,,,,,,,,,,
PAE002759,application_submitted,2026-08-26 09:46:00,APP00608,CAN026,CMP017,JOB022,1.0,,,,,,,,,,,,,,,,,
PAE002760,application_eligible,2026-08-26 12:46:00,APP00608,CAN026,CMP017,JOB022,1.0,eligible,meets_demo_rules,,,,,,,,,,,,,,,
PAE002761,application_started,2026-08-26 08:45:00,APP00609,CAN022,CMP037,JOB016,1.0,,,,,,,,,,,,,,,,,
PAE002762,application_submitted,2026-08-26 09:48:00,APP00609,CAN022,CMP037,JOB016,1.0,,,,,,,,,,,,,,,,,
PAE002763,application_started,2026-08-26 11:12:00,APP00610,CAN064,CMP008,JOB029,1.0,,,,,,,,,,,,,,,,,
PAE002764,application_started,2026-08-26 14:08:00,APP00611,CAN035,CMP019,JOB064,1.0,,,,,,,,,,,,,,,,,
PAE002765,application_submitted,2026-08-26 14:39:00,APP00611,CAN035,CMP019,JOB064,1.0,,,,,,,,,,,,,,,,,
PAE002766,application_eligible,2026-08-27 00:39:00,APP00611,CAN035,CMP019,JOB064,1.0,eligible,meets_demo_rules,,,,,,,,,,,,,,,
PAE002767,payment_initiated,2026-08-27 00:45:00,APP00611,CAN035,CMP019,JOB064,1.0,,,PAY00399,486.7,INR,card,PayPerAppDemo,,,,,,,,,,
PAE002768,payment_captured,2026-08-27 00:45:08,APP00611,CAN035,CMP019,JOB064,1.0,,,PAY00399,486.7,INR,,PayPerAppDemo,GTX000399,486.7,,,,,,,,
PAE002769,revenue_recognized,2026-08-27 01:04:08,APP00611,CAN035,CMP019,JOB064,1.0,,,PAY00399,38.94,INR,,,,,REV00399,38.94,pay_per_application_fee,,,,,
PAE002770,application_started,2026-08-26 11:23:00,APP00612,CAN031,CMP040,JOB058,1.0,,,,,,,,,,,,,,,,,
PAE002771,application_submitted,2026-08-26 12:50:00,APP00612,CAN031,CMP040,JOB058,1.0,,,,,,,,,,,,,,,,,
PAE002772,application_eligible,2026-08-26 13:50:00,APP00612,CAN031,CMP040,JOB058,1.0,eligible,meets_demo_rules,,,,,,,,,,,,,,,
PAE002773,payment_initiated,2026-08-26 14:13:00,APP00612,CAN031,CMP040,JOB058,1.0,,,PAY00400,1339.3,INR,card,PayPerAppDemo,,,,,,,,,,
PAE002774,payment_captured,2026-08-26 14:14:36,APP00612,CAN031,CMP040,JOB058,1.0,,,PAY00400,1339.3,INR,,PayPerAppDemo,GTX000400,1339.3,,,,,,,,
PAE002775,revenue_recognized,2026-08-26 14:39:36,APP00612,CAN031,CMP040,JOB058,1.0,,,PAY00400,107.14,INR,,,,,REV00400,107.14,pay_per_application_fee,,,,,
PAE002776,application_started,2026-08-26 09:06:00,APP00613,CAN095,CMP039,JOB033,1.0,,,,,,,,,,,,,,,,,
PAE002777,application_submitted,2026-08-26 09:17:00,APP00613,CAN095,CMP039,JOB033,1.0,,,,,,,,,,,,,,,,,
PAE002778,application_eligible,2026-08-26 17:17:00,APP00613,CAN095,CMP039,JOB033,1.0,eligible,meets_demo_rules,,,,,,,,,,,,,,,
PAE002779,payment_initiated,2026-08-26 17:37:00,APP00613,CAN095,CMP039,JOB033,1.0,,,PAY00401,692.88,INR,netbanking,PayPerAppDemo,,,,,,,,,,
PAE002780,payment_failed,2026-08-26 17:38:21,APP00613,CAN095,CMP039,JOB033,1.0,,,PAY00401,692.88,INR,,,,,,,,,,,INSUFFICIENT_FUNDS,demo_payment_failure
PAE002781,application_started,2026-08-26 12:32:00,APP00614,CAN096,CMP003,JOB001,1.0,,,,,,,,,,,,,,,,,
PAE002782,application_submitted,2026-08-26 13:15:00,APP00614,CAN096,CMP003,JOB001,1.0,,,,,,,,,,,,,,,,,
PAE002783,application_started,2026-08-26 16:02:00,APP00615,CAN086,CMP024,JOB017,1.0,,,,,,,,,,,,,,,,,
PAE002784,application_submitted,2026-08-26 16:40:00,APP00615,CAN086,CMP024,JOB017,1.0,,,,,,,,,,,,,,,,,
PAE002785,application_eligible,2026-08-27 08:40:00,APP00615,CAN086,CMP024,JOB017,1.0,eligible,meets_demo_rules,,,,,,,,,,,,,,,
PAE002786,application_started,2026-08-26 13:45:00,APP00616,CAN060,CMP009,JOB012,1.0,,,,,,,,,,,,,,,,,
PAE002787,application_submitted,2026-08-26 14:08:00,APP00616,CAN060,CMP009,JOB012,1.0,,,,,,,,,,,,,,,,,
PAE002788,application_eligible,2026-08-27 01:08:00,APP00616,CAN060,CMP009,JOB012,1.0,eligible,meets_demo_rules,,,,,,,,,,,,,,,
PAE002789,payment_initiated,2026-08-27 01:36:00,APP00616,CAN060,CMP009,JOB012,1.0,,,PAY00402,409.84,INR,card,PayPerAppDemo,,,,,,,,,,
PAE002790,payment_captured,2026-08-27 01:37:00,APP00616,CAN060,CMP009,JOB012,1.0,,,PAY00402,409.84,INR,,PayPerAppDemo,GTX000402,409.84,,,,,,,,
PAE002791,revenue_recognized,2026-08-27 01:56:00,APP00616,CAN060,CMP009,JOB012,1.0,,,PAY00402,32.79,INR,,,,,REV00402,32.79,pay_per_application_fee,,,,,
PAE002792,application_started,2026-08-26 16:20:00,APP00617,CAN034,CMP040,JOB034,1.0,,,,,,,,,,,,,,,,,
PAE002793,application_submitted,2026-08-26 16:46:00,APP00617,CAN034,CMP040,JOB034,1.0,,,,,,,,,,,,,,,,,
PAE002794,application_eligible,2026-08-27 08:46:00,APP00617,CAN034,CMP040,JOB034,1.0,eligible,meets_demo_rules,,,,,,,,,,,,,,,
PAE002795,payment_initiated,2026-08-27 09:14:00,APP00617,CAN034,CMP040,JOB034,1.0,,,PAY00403,439.08,INR,netbanking,PayPerAppDemo,,,,,,,,,,
PAE002796,payment_captured,2026-08-27 09:15:01,APP00617,CAN034,CMP040,JOB034,1.0,,,PAY00403,439.08,INR,,PayPerAppDemo,GTX000403,439.08,,,,,,,,
PAE002797,revenue_recognized,2026-08-27 09:19:01,APP00617,CAN034,CMP040,JOB034,1.0,,,PAY00403,35.13,INR,,,,,REV00403,35.13,pay_per_application_fee,,,,,
PAE002798,application_started,2026-08-26 08:30:00,APP00618,CAN007,CMP015,JOB024,1.0,,,,,,,,,,,,,,,,,
PAE002799,application_submitted,2026-08-26 09:34:00,APP00618,CAN007,CMP015,JOB024,1.0,,,,,,,,,,,,,,,,,
PAE002800,application_eligible,2026-08-27 01:34:00,APP00618,CAN007,CMP015,JOB024,1.0,eligible,meets_demo_rules,,,,,,,,,,,,,,,
PAE002801,payment_initiated,2026-08-27 01:57:00,APP00618,CAN007,CMP015,JOB024,1.0,,,PAY00404,695.65,INR,netbanking,PayPerAppDemo,,,,,,,,,,
PAE002802,payment_captured,2026-08-27 01:58:08,APP00618,CAN007,CMP015,JOB024,1.0,,,PAY00404,695.65,INR,,PayPerAppDemo,GTX000404,695.65,,,,,,,,
PAE002803,revenue_recognized,2026-08-27 02:06:08,APP00618,CAN007,CMP015,JOB024,1.0,,,PAY00404,55.65,INR,,,,,REV00404,55.65,pay_per_application_fee,,,,,
PAE002804,application_started,2026-08-26 09:13:00,APP00619,CAN019,CMP008,JOB045,1.0,,,,,,,,,,,,,,,,,
PAE002805,application_submitted,2026-08-26 09:41:00,APP00619,CAN019,CMP008,JOB045,1.0,,,,,,,,,,,,,,,,,
PAE002806,application_started,2026-08-26 17:57:00,APP00620,CAN096,CMP033,JOB035,1.0,,,,,,,,,,,,,,,,,
PAE002807,application_submitted,2026-08-26 18:29:00,APP00620,CAN096,CMP033,JOB035,1.0,,,,,,,,,,,,,,,,,
PAE002808,application_eligible,2026-08-26 19:29:00,APP00620,CAN096,CMP033,JOB035,1.0,eligible,meets_demo_rules,,,,,,,,,,,,,,,
PAE002809,payment_initiated,2026-08-26 19:43:00,APP00620,CAN096,CMP033,JOB035,1.0,,,PAY00405,963.48,INR,upi,PayPerAppDemo,,,,,,,,,,
PAE002810,payment_captured,2026-08-26 19:44:08,APP00620,CAN096,CMP033,JOB035,1.0,,,PAY00405,963.48,INR,,PayPerAppDemo,GTX000405,963.48,,,,,,,,
PAE002811,revenue_recognized,2026-08-26 20:28:08,APP00620,CAN096,CMP033,JOB035,1.0,,,PAY00405,77.08,INR,,,,,REV00405,77.08,pay_per_application_fee,,,,,
PAE002812,application_started,2026-08-26 18:43:00,APP00621,CAN043,CMP002,JOB037,1.0,,,,,,,,,,,,,,,,,
PAE002813,application_submitted,2026-08-26 19:35:00,APP00621,CAN043,CMP002,JOB037,1.0,,,,,,,,,,,,,,,,,
PAE002814,application_eligible,2026-08-26 23:35:00,APP00621,CAN043,CMP002,JOB037,1.0,eligible,meets_demo_rules,,,,,,,,,,,,,,,
PAE002815,payment_initiated,2026-08-26 23:38:00,APP00621,CAN043,CMP002,JOB037,1.0,,,PAY00406,442.22,INR,card,PayPerAppDemo,,,,,,,,,,
PAE002816,payment_captured,2026-08-26 23:39:29,APP00621,CAN043,CMP002,JOB037,1.0,,,PAY00406,442.22,INR,,PayPerAppDemo,GTX000406,442.22,,,,,,,,
PAE002817,revenue_recognized,2026-08-27 00:10:29,APP00621,CAN043,CMP002,JOB037,1.0,,,PAY00406,35.38,INR,,,,,REV00406,35.38,pay_per_application_fee,,,,,
PAE002818,application_started,2026-08-26 13:02:00,APP00622,CAN035,CMP039,JOB001,1.0,,,,,,,,,,,,,,,,,
PAE002819,application_submitted,2026-08-26 14:04:00,APP00622,CAN035,CMP039,JOB001,1.0,,,,,,,,,,,,,,,,,
PAE002820,application_eligible,2026-08-27 14:04:00,APP00622,CAN035,CMP039,JOB001,1.0,eligible,meets_demo_rules,,,,,,,,,,,,,,,
PAE002821,application_started,2026-08-26 08:51:00,APP00623,CAN073,CMP009,JOB028,1.0,,,,,,,,,,,,,,,,,
PAE002822,application_submitted,2026-08-26 09:37:00,APP00623,CAN073,CMP009,JOB028,1.0,,,,,,,,,,,,,,,,,
PAE002823,application_eligible,2026-08-27 09:37:00,APP00623,CAN073,CMP009,JOB028,1.0,eligible,meets_demo_rules,,,,,,,,,,,,,,,
PAE002824,payment_initiated,2026-08-27 09:50:00,APP00623,CAN073,CMP009,JOB028,1.0,,,PAY00407,1439.88,INR,upi,PayPerAppDemo,,,,,,,,,,
PAE002825,payment_captured,2026-08-27 09:50:27,APP00623,CAN073,CMP009,JOB028,1.0,,,PAY00407,1439.88,INR,,PayPerAppDemo,GTX000407,1439.88,,,,,,,,
PAE002826,revenue_recognized,2026-08-27 10:06:27,APP00623,CAN073,CMP009,JOB028,1.0,,,PAY00407,115.19,INR,,,,,REV00407,115.19,pay_per_application_fee,,,,,
PAE002827,application_started,2026-08-26 11:10:00,APP00624,CAN052,CMP006,JOB003,1.0,,,,,,,,,,,,,,,,,
PAE002828,application_submitted,2026-08-26 12:06:00,APP00624,CAN052,CMP006,JOB003,1.0,,,,,,,,,,,,,,,,,
PAE002829,application_eligible,2026-08-27 09:06:00,APP00624,CAN052,CMP006,JOB003,1.0,eligible,meets_demo_rules,,,,,,,,,,,,,,,
PAE002830,payment_initiated,2026-08-27 09:32:00,APP00624,CAN052,CMP006,JOB003,1.0,,,PAY00408,623.18,INR,card,PayPerAppDemo,,,,,,,,,,
PAE002831,payment_captured,2026-08-27 09:32:44,APP00624,CAN052,CMP006,JOB003,1.0,,,PAY00408,623.18,INR,,PayPerAppDemo,GTX000408,623.18,,,,,,,,
PAE002832,revenue_recognized,2026-08-27 10:30:44,APP00624,CAN052,CMP006,JOB003,1.0,,,PAY00408,49.85,INR,,,,,REV00408,49.85,pay_per_application_fee,,,,,
PAE002833,application_started,2026-08-27 13:32:00,APP00625,CAN017,CMP023,JOB013,1.0,,,,,,,,,,,,,,,,,
PAE002834,application_submitted,2026-08-27 14:34:00,APP00625,CAN017,CMP023,JOB013,1.0,,,,,,,,,,,,,,,,,
PAE002835,application_started,2026-08-27 17:27:00,APP00626,CAN061,CMP018,JOB073,1.0,,,,,,,,,,,,,,,,,
PAE002836,application_submitted,2026-08-27 18:26:00,APP00626,CAN061,CMP018,JOB073,1.0,,,,,,,,,,,,,,,,,
PAE002837,application_eligible,2026-08-28 14:26:00,APP00626,CAN061,CMP018,JOB073,1.0,eligible,meets_demo_rules,,,,,,,,,,,,,,,
PAE002838,payment_initiated,2026-08-28 14:29:00,APP00626,CAN061,CMP018,JOB073,1.0,,,PAY00409,1038.36,INR,upi,PayPerAppDemo,,,,,,,,,,
PAE002839,payment_captured,2026-08-28 14:30:04,APP00626,CAN061,CMP018,JOB073,1.0,,,PAY00409,1038.36,INR,,PayPerAppDemo,GTX000409,1038.36,,,,,,,,
PAE002840,revenue_recognized,2026-08-28 15:14:04,APP00626,CAN061,CMP018,JOB073,1.0,,,PAY00409,83.07,INR,,,,,REV00409,83.07,pay_per_application_fee,,,,,
PAE002841,application_started,2026-08-27 16:40:00,APP00627,CAN088,CMP010,JOB064,1.0,,,,,,,,,,,,,,,,,
PAE002842,application_submitted,2026-08-27 16:55:00,APP00627,CAN088,CMP010,JOB064,1.0,,,,,,,,,,,,,,,,,
PAE002843,application_eligible,2026-08-28 06:55:00,APP00627,CAN088,CMP010,JOB064,1.0,eligible,meets_demo_rules,,,,,,,,,,,,,,,
PAE002844,payment_initiated,2026-08-28 07:05:00,APP00627,CAN088,CMP010,JOB064,1.0,,,PAY00410,1251.93,INR,upi,PayPerAppDemo,,,,,,,,,,
PAE002845,payment_failed,2026-08-28 07:06:32,APP00627,CAN088,CMP010,JOB064,1.0,,,PAY00410,1251.93,INR,,,,,,,,,,,TIMEOUT,demo_payment_failure
PAE002846,application_started,2026-08-27 12:36:00,APP00628,CAN032,CMP034,JOB055,1.0,,,,,,,,,,,,,,,,,
PAE002847,application_submitted,2026-08-27 12:50:00,APP00628,CAN032,CMP034,JOB055,1.0,,,,,,,,,,,,,,,,,
PAE002848,application_started,2026-08-27 14:26:00,APP00629,CAN066,CMP007,JOB066,1.0,,,,,,,,,,,,,,,,,
PAE002849,application_submitted,2026-08-27 15:55:00,APP00629,CAN066,CMP007,JOB066,1.0,,,,,,,,,,,,,,,,,
PAE002850,application_eligible,2026-08-28 00:55:00,APP00629,CAN066,CMP007,JOB066,1.0,eligible,meets_demo_rules,,,,,,,,,,,,,,,
PAE002851,payment_initiated,2026-08-28 01:20:00,APP00629,CAN066,CMP007,JOB066,1.0,,,PAY00411,981.96,INR,netbanking,PayPerAppDemo,,,,,,,,,,
PAE002852,payment_captured,2026-08-28 01:21:39,APP00629,CAN066,CMP007,JOB066,1.0,,,PAY00411,981.96,INR,,PayPerAppDemo,GTX000411,981.96,,,,,,,,
PAE002853,revenue_recognized,2026-08-28 02:04:39,APP00629,CAN066,CMP007,JOB066,1.0,,,PAY00411,78.56,INR,,,,,REV00411,78.56,pay_per_application_fee,,,,,
PAE002854,application_started,2026-08-27 09:26:00,APP00630,CAN024,CMP026,JOB006,1.0,,,,,,,,,,,,,,,,,
PAE002855,application_submitted,2026-08-27 10:09:00,APP00630,CAN024,CMP026,JOB006,1.0,,,,,,,,,,,,,,,,,
PAE002856,application_eligible,2026-08-28 10:09:00,APP00630,CAN024,CMP026,JOB006,1.0,eligible,meets_demo_rules,,,,,,,,,,,,,,,
PAE002857,payment_initiated,2026-08-28 10:29:00,APP00630,CAN024,CMP026,JOB006,1.0,,,PAY00412,1087.82,INR,card,PayPerAppDemo,,,,,,,,,,
PAE002858,payment_captured,2026-08-28 10:30:56,APP00630,CAN024,CMP026,JOB006,1.0,,,PAY00412,1087.82,INR,,PayPerAppDemo,GTX000412,1087.82,,,,,,,,
PAE002859,revenue_recognized,2026-08-28 11:22:56,APP00630,CAN024,CMP026,JOB006,1.0,,,PAY00412,87.03,INR,,,,,REV00412,87.03,pay_per_application_fee,,,,,
PAE002860,application_started,2026-08-27 12:55:00,APP00631,CAN024,CMP006,JOB078,1.0,,,,,,,,,,,,,,,,,
PAE002861,application_submitted,2026-08-27 13:55:00,APP00631,CAN024,CMP006,JOB078,1.0,,,,,,,,,,,,,,,,,
PAE002862,application_eligible,2026-08-27 14:55:00,APP00631,CAN024,CMP006,JOB078,1.0,eligible,meets_demo_rules,,,,,,,,,,,,,,,
PAE002863,payment_initiated,2026-08-27 15:16:00,APP00631,CAN024,CMP006,JOB078,1.0,,,PAY00413,266.63,INR,card,PayPerAppDemo,,,,,,,,,,
PAE002864,payment_captured,2026-08-27 15:16:56,APP00631,CAN024,CMP006,JOB078,1.0,,,PAY00413,266.63,INR,,PayPerAppDemo,GTX000413,266.63,,,,,,,,
PAE002865,revenue_recognized,2026-08-27 16:12:56,APP00631,CAN024,CMP006,JOB078,1.0,,,PAY00413,21.33,INR,,,,,REV00413,21.33,pay_per_application_fee,,,,,
PAE002866,application_started,2026-08-27 12:39:00,APP00632,CAN096,CMP039,JOB063,1.0,,,,,,,,,,,,,,,,,
PAE002867,application_submitted,2026-08-27 14:02:00,APP00632,CAN096,CMP039,JOB063,1.0,,,,,,,,,,,,,,,,,
PAE002868,application_eligible,2026-08-28 12:02:00,APP00632,CAN096,CMP039,JOB063,1.0,eligible,meets_demo_rules,,,,,,,,,,,,,,,
PAE002869,application_started,2026-08-27 09:08:00,APP00633,CAN087,CMP026,JOB039,1.0,,,,,,,,,,,,,,,,,
PAE002870,application_submitted,2026-08-27 09:37:00,APP00633,CAN087,CMP026,JOB039,1.0,,,,,,,,,,,,,,,,,
PAE002871,application_eligible,2026-08-27 10:37:00,APP00633,CAN087,CMP026,JOB039,1.0,eligible,meets_demo_rules,,,,,,,,,,,,,,,
PAE002872,payment_initiated,2026-08-27 10:38:00,APP00633,CAN087,CMP026,JOB039,1.0,,,PAY00414,485.28,INR,upi,PayPerAppDemo,,,,,,,,,,
PAE002873,payment_captured,2026-08-27 10:38:23,APP00633,CAN087,CMP026,JOB039,1.0,,,PAY00414,485.28,INR,,PayPerAppDemo,GTX000414,485.28,,,,,,,,
PAE002874,revenue_recognized,2026-08-27 11:20:23,APP00633,CAN087,CMP026,JOB039,1.0,,,PAY00414,38.82,INR,,,,,REV00414,38.82,pay_per_application_fee,,,,,
PAE002875,application_started,2026-08-27 09:19:00,APP00634,CAN081,CMP035,JOB025,1.0,,,,,,,,,,,,,,,,,
PAE002876,application_submitted,2026-08-27 09:42:00,APP00634,CAN081,CMP035,JOB025,1.0,,,,,,,,,,,,,,,,,
PAE002877,application_eligible,2026-08-27 10:42:00,APP00634,CAN081,CMP035,JOB025,1.0,eligible,meets_demo_rules,,,,,,,,,,,,,,,
PAE002878,payment_initiated,2026-08-27 11:06:00,APP00634,CAN081,CMP035,JOB025,1.0,,,PAY00415,1378.02,INR,netbanking,PayPerAppDemo,,,,,,,,,,
PAE002879,payment_captured,2026-08-27 11:07:07,APP00634,CAN081,CMP035,JOB025,1.0,,,PAY00415,1378.02,INR,,PayPerAppDemo,GTX000415,1378.02,,,,,,,,
PAE002880,revenue_recognized,2026-08-27 11:38:07,APP00634,CAN081,CMP035,JOB025,1.0,,,PAY00415,110.24,INR,,,,,REV00415,110.24,pay_per_application_fee,,,,,
PAE002881,payment_refunded,2026-08-29 11:38:07,APP00634,CAN081,CMP035,JOB025,1.0,,,PAY00415,809.09,INR,,,,,,,,REF00415,809.09,demo_refund,,
PAE002882,application_started,2026-08-27 14:03:00,APP00635,CAN026,CMP019,JOB073,1.0,,,,,,,,,,,,,,,,,
PAE002883,application_submitted,2026-08-27 14:21:00,APP00635,CAN026,CMP019,JOB073,1.0,,,,,,,,,,,,,,,,,
PAE002884,application_eligible,2026-08-28 13:21:00,APP00635,CAN026,CMP019,JOB073,1.0,eligible,meets_demo_rules,,,,,,,,,,,,,,,
PAE002885,payment_initiated,2026-08-28 13:37:00,APP00635,CAN026,CMP019,JOB073,1.0,,,PAY00416,769.61,INR,netbanking,PayPerAppDemo,,,,,,,,,,
PAE002886,payment_captured,2026-08-28 13:38:38,APP00635,CAN026,CMP019,JOB073,1.0,,,PAY00416,769.61,INR,,PayPerAppDemo,GTX000416,769.61,,,,,,,,
PAE002887,revenue_recognized,2026-08-28 14:14:38,APP00635,CAN026,CMP019,JOB073,1.0,,,PAY00416,61.57,INR,,,,,REV00416,61.57,pay_per_application_fee,,,,,
PAE002888,application_started,2026-08-27 15:32:00,APP00636,CAN005,CMP032,JOB052,1.0,,,,,,,,,,,,,,,,,
PAE002889,application_submitted,2026-08-27 16:55:00,APP00636,CAN005,CMP032,JOB052,1.0,,,,,,,,,,,,,,,,,
PAE002890,application_started,2026-08-27 16:01:00,APP00637,CAN063,CMP015,JOB008,1.0,,,,,,,,,,,,,,,,,
PAE002891,application_submitted,2026-08-27 16:46:00,APP00637,CAN063,CMP015,JOB008,1.0,,,,,,,,,,,,,,,,,
PAE002892,application_eligible,2026-08-28 01:46:00,APP00637,CAN063,CMP015,JOB008,1.0,eligible,meets_demo_rules,,,,,,,,,,,,,,,
PAE002893,payment_initiated,2026-08-28 02:02:00,APP00637,CAN063,CMP015,JOB008,1.0,,,PAY00417,771.42,INR,upi,PayPerAppDemo,,,,,,,,,,
PAE002894,payment_captured,2026-08-28 02:03:27,APP00637,CAN063,CMP015,JOB008,1.0,,,PAY00417,771.42,INR,,PayPerAppDemo,GTX000417,771.42,,,,,,,,
PAE002895,revenue_recognized,2026-08-28 02:26:27,APP00637,CAN063,CMP015,JOB008,1.0,,,PAY00417,61.71,INR,,,,,REV00417,61.71,pay_per_application_fee,,,,,
PAE002896,application_started,2026-08-27 12:46:00,APP00638,CAN056,CMP002,JOB021,1.0,,,,,,,,,,,,,,,,,
PAE002897,application_submitted,2026-08-27 13:35:00,APP00638,CAN056,CMP002,JOB021,1.0,,,,,,,,,,,,,,,,,
PAE002898,application_eligible,2026-08-28 06:35:00,APP00638,CAN056,CMP002,JOB021,1.0,eligible,meets_demo_rules,,,,,,,,,,,,,,,
PAE002899,payment_initiated,2026-08-28 06:46:00,APP00638,CAN056,CMP002,JOB021,1.0,,,PAY00418,1386.34,INR,netbanking,PayPerAppDemo,,,,,,,,,,
PAE002900,payment_captured,2026-08-28 06:47:36,APP00638,CAN056,CMP002,JOB021,1.0,,,PAY00418,1386.34,INR,,PayPerAppDemo,GTX000418,1386.34,,,,,,,,
PAE002901,revenue_recognized,2026-08-28 07:30:36,APP00638,CAN056,CMP002,JOB021,1.0,,,PAY00418,110.91,INR,,,,,REV00418,110.91,pay_per_application_fee,,,,,
PAE002902,application_started,2026-08-27 18:41:00,APP00639,CAN038,CMP025,JOB054,1.0,,,,,,,,,,,,,,,,,
PAE002903,application_submitted,2026-08-27 19:46:00,APP00639,CAN038,CMP025,JOB054,1.0,,,,,,,,,,,,,,,,,
PAE002904,application_eligible,2026-08-28 01:46:00,APP00639,CAN038,CMP025,JOB054,1.0,eligible,meets_demo_rules,,,,,,,,,,,,,,,
PAE002905,payment_initiated,2026-08-28 02:10:00,APP00639,CAN038,CMP025,JOB054,1.0,,,PAY00419,603.07,INR,upi,PayPerAppDemo,,,,,,,,,,
PAE002906,payment_captured,2026-08-28 02:10:21,APP00639,CAN038,CMP025,JOB054,1.0,,,PAY00419,603.07,INR,,PayPerAppDemo,GTX000419,603.07,,,,,,,,
PAE002907,revenue_recognized,2026-08-28 02:22:21,APP00639,CAN038,CMP025,JOB054,1.0,,,PAY00419,48.25,INR,,,,,REV00419,48.25,pay_per_application_fee,,,,,
PAE002908,application_started,2026-08-27 14:31:00,APP00640,CAN078,CMP032,JOB013,1.0,,,,,,,,,,,,,,,,,
PAE002909,application_submitted,2026-08-27 15:02:00,APP00640,CAN078,CMP032,JOB013,1.0,,,,,,,,,,,,,,,,,
PAE002910,application_eligible,2026-08-27 16:02:00,APP00640,CAN078,CMP032,JOB013,1.0,eligible,meets_demo_rules,,,,,,,,,,,,,,,
PAE002911,payment_initiated,2026-08-27 16:24:00,APP00640,CAN078,CMP032,JOB013,1.0,,,PAY00420,576.01,INR,upi,PayPerAppDemo,,,,,,,,,,
PAE002912,payment_captured,2026-08-27 16:25:55,APP00640,CAN078,CMP032,JOB013,1.0,,,PAY00420,576.01,INR,,PayPerAppDemo,GTX000420,576.01,,,,,,,,
PAE002913,revenue_recognized,2026-08-27 17:23:55,APP00640,CAN078,CMP032,JOB013,1.0,,,PAY00420,46.08,INR,,,,,REV00420,46.08,pay_per_application_fee,,,,,
PAE002914,application_started,2026-08-27 09:39:00,APP00641,CAN009,CMP022,JOB056,1.0,,,,,,,,,,,,,,,,,
PAE002915,application_submitted,2026-08-27 10:55:00,APP00641,CAN009,CMP022,JOB056,1.0,,,,,,,,,,,,,,,,,
PAE002916,application_eligible,2026-08-27 19:55:00,APP00641,CAN009,CMP022,JOB056,1.0,eligible,meets_demo_rules,,,,,,,,,,,,,,,
PAE002917,application_started,2026-08-27 12:57:00,APP00642,CAN046,CMP003,JOB072,1.0,,,,,,,,,,,,,,,,,
PAE002918,application_submitted,2026-08-27 14:07:00,APP00642,CAN046,CMP003,JOB072,1.0,,,,,,,,,,,,,,,,,
PAE002919,application_eligible,2026-08-27 18:07:00,APP00642,CAN046,CMP003,JOB072,1.0,eligible,meets_demo_rules,,,,,,,,,,,,,,,
PAE002920,payment_initiated,2026-08-27 18:22:00,APP00642,CAN046,CMP003,JOB072,1.0,,,PAY00421,1408.29,INR,card,PayPerAppDemo,,,,,,,,,,
PAE002921,payment_failed,2026-08-27 18:23:41,APP00642,CAN046,CMP003,JOB072,1.0,,,PAY00421,1408.29,INR,,,,,,,,,,,DECLINED,demo_payment_failure
PAE002922,application_started,2026-08-27 09:52:00,APP00643,CAN014,CMP040,JOB079,1.0,,,,,,,,,,,,,,,,,
PAE002923,application_submitted,2026-08-27 11:01:00,APP00643,CAN014,CMP040,JOB079,1.0,,,,,,,,,,,,,,,,,
PAE002924,application_eligible,2026-08-28 08:01:00,APP00643,CAN014,CMP040,JOB079,1.0,eligible,meets_demo_rules,,,,,,,,,,,,,,,
PAE002925,payment_initiated,2026-08-28 08:13:00,APP00643,CAN014,CMP040,JOB079,1.0,,,PAY00422,506.73,INR,upi,PayPerAppDemo,,,,,,,,,,
PAE002926,payment_captured,2026-08-28 08:14:35,APP00643,CAN014,CMP040,JOB079,1.0,,,PAY00422,506.73,INR,,PayPerAppDemo,GTX000422,506.73,,,,,,,,
PAE002927,revenue_recognized,2026-08-28 08:43:35,APP00643,CAN014,CMP040,JOB079,1.0,,,PAY00422,40.54,INR,,,,,REV00422,40.54,pay_per_application_fee,,,,,
PAE002928,application_started,2026-08-27 18:23:00,APP00644,CAN064,CMP007,JOB020,1.0,,,,,,,,,,,,,,,,,
PAE002929,application_submitted,2026-08-27 18:45:00,APP00644,CAN064,CMP007,JOB020,1.0,,,,,,,,,,,,,,,,,
PAE002930,application_eligible,2026-08-28 01:45:00,APP00644,CAN064,CMP007,JOB020,1.0,eligible,meets_demo_rules,,,,,,,,,,,,,,,
PAE002931,payment_initiated,2026-08-28 02:10:00,APP00644,CAN064,CMP007,JOB020,1.0,,,PAY00423,769.69,INR,upi,PayPerAppDemo,,,,,,,,,,
PAE002932,payment_captured,2026-08-28 02:11:48,APP00644,CAN064,CMP007,JOB020,1.0,,,PAY00423,769.69,INR,,PayPerAppDemo,GTX000423,769.69,,,,,,,,
PAE002933,revenue_recognized,2026-08-28 02:42:48,APP00644,CAN064,CMP007,JOB020,1.0,,,PAY00423,61.58,INR,,,,,REV00423,61.58,pay_per_application_fee,,,,,
PAE002934,application_started,2026-08-27 12:23:00,APP00645,CAN065,CMP011,JOB011,1.0,,,,,,,,,,,,,,,,,
PAE002935,application_submitted,2026-08-27 13:21:00,APP00645,CAN065,CMP011,JOB011,1.0,,,,,,,,,,,,,,,,,
PAE002936,application_eligible,2026-08-28 11:21:00,APP00645,CAN065,CMP011,JOB011,1.0,eligible,meets_demo_rules,,,,,,,,,,,,,,,
PAE002937,payment_initiated,2026-08-28 11:38:00,APP00645,CAN065,CMP011,JOB011,1.0,,,PAY00424,1191.51,INR,card,PayPerAppDemo,,,,,,,,,,
PAE002938,payment_captured,2026-08-28 11:38:22,APP00645,CAN065,CMP011,JOB011,1.0,,,PAY00424,1191.51,INR,,PayPerAppDemo,GTX000424,1191.51,,,,,,,,
PAE002939,revenue_recognized,2026-08-28 12:30:22,APP00645,CAN065,CMP011,JOB011,1.0,,,PAY00424,95.32,INR,,,,,REV00424,95.32,pay_per_application_fee,,,,,
PAE002940,application_started,2026-08-27 18:23:00,APP00646,CAN053,CMP030,JOB067,1.0,,,,,,,,,,,,,,,,,
PAE002941,application_started,2026-08-27 16:04:00,APP00647,CAN057,CMP010,JOB002,1.0,,,,,,,,,,,,,,,,,
PAE002942,application_submitted,2026-08-27 16:49:00,APP00647,CAN057,CMP010,JOB002,1.0,,,,,,,,,,,,,,,,,
PAE002943,application_eligible,2026-08-27 22:49:00,APP00647,CAN057,CMP010,JOB002,1.0,eligible,meets_demo_rules,,,,,,,,,,,,,,,
PAE002944,payment_initiated,2026-08-27 22:51:00,APP00647,CAN057,CMP010,JOB002,1.0,,,PAY00425,741.58,INR,netbanking,PayPerAppDemo,,,,,,,,,,
PAE002945,payment_captured,2026-08-27 22:51:24,APP00647,CAN057,CMP010,JOB002,1.0,,,PAY00425,741.58,INR,,PayPerAppDemo,GTX000425,741.58,,,,,,,,
PAE002946,revenue_recognized,2026-08-27 23:49:24,APP00647,CAN057,CMP010,JOB002,1.0,,,PAY00425,59.33,INR,,,,,REV00425,59.33,pay_per_application_fee,,,,,
PAE002947,application_started,2026-08-27 14:25:00,APP00648,CAN081,CMP034,JOB038,1.0,,,,,,,,,,,,,,,,,
PAE002948,application_started,2026-08-28 13:58:00,APP00649,CAN090,CMP036,JOB039,1.0,,,,,,,,,,,,,,,,,
PAE002949,application_submitted,2026-08-28 14:38:00,APP00649,CAN090,CMP036,JOB039,1.0,,,,,,,,,,,,,,,,,
PAE002950,application_started,2026-08-28 15:41:00,APP00650,CAN079,CMP010,JOB052,1.0,,,,,,,,,,,,,,,,,
PAE002951,application_submitted,2026-08-28 16:55:00,APP00650,CAN079,CMP010,JOB052,1.0,,,,,,,,,,,,,,,,,
PAE002952,application_eligible,2026-08-29 12:55:00,APP00650,CAN079,CMP010,JOB052,1.0,eligible,meets_demo_rules,,,,,,,,,,,,,,,
PAE002953,payment_initiated,2026-08-29 13:24:00,APP00650,CAN079,CMP010,JOB052,1.0,,,PAY00426,1121.84,INR,netbanking,PayPerAppDemo,,,,,,,,,,
PAE002954,payment_captured,2026-08-29 13:24:30,APP00650,CAN079,CMP010,JOB052,1.0,,,PAY00426,1121.84,INR,,PayPerAppDemo,GTX000426,1121.84,,,,,,,,
PAE002955,revenue_recognized,2026-08-29 14:21:30,APP00650,CAN079,CMP010,JOB052,1.0,,,PAY00426,89.75,INR,,,,,REV00426,89.75,pay_per_application_fee,,,,,
PAE002956,application_started,2026-08-28 14:46:00,APP00651,CAN005,CMP035,JOB043,1.0,,,,,,,,,,,,,,,,,
PAE002957,application_submitted,2026-08-28 15:07:00,APP00651,CAN005,CMP035,JOB043,1.0,,,,,,,,,,,,,,,,,
PAE002958,application_eligible,2026-08-29 09:07:00,APP00651,CAN005,CMP035,JOB043,1.0,eligible,meets_demo_rules,,,,,,,,,,,,,,,
PAE002959,payment_initiated,2026-08-29 09:25:00,APP00651,CAN005,CMP035,JOB043,1.0,,,PAY00427,366.02,INR,card,PayPerAppDemo,,,,,,,,,,
PAE002960,payment_captured,2026-08-29 09:26:41,APP00651,CAN005,CMP035,JOB043,1.0,,,PAY00427,366.02,INR,,PayPerAppDemo,GTX000427,366.02,,,,,,,,
PAE002961,revenue_recognized,2026-08-29 10:07:41,APP00651,CAN005,CMP035,JOB043,1.0,,,PAY00427,29.28,INR,,,,,REV00427,29.28,pay_per_application_fee,,,,,
PAE002962,application_started,2026-08-28 12:15:00,APP00652,CAN004,CMP035,JOB076,1.0,,,,,,,,,,,,,,,,,
PAE002963,application_submitted,2026-08-28 12:58:00,APP00652,CAN004,CMP035,JOB076,1.0,,,,,,,,,,,,,,,,,
PAE002964,application_eligible,2026-08-29 05:58:00,APP00652,CAN004,CMP035,JOB076,1.0,eligible,meets_demo_rules,,,,,,,,,,,,,,,
PAE002965,payment_initiated,2026-08-29 06:10:00,APP00652,CAN004,CMP035,JOB076,1.0,,,PAY00428,324.93,INR,card,PayPerAppDemo,,,,,,,,,,
PAE002966,payment_captured,2026-08-29 06:10:50,APP00652,CAN004,CMP035,JOB076,1.0,,,PAY00428,324.93,INR,,PayPerAppDemo,GTX000428,324.93,,,,,,,,
PAE002967,revenue_recognized,2026-08-29 06:18:50,APP00652,CAN004,CMP035,JOB076,1.0,,,PAY00428,25.99,INR,,,,,REV00428,25.99,pay_per_application_fee,,,,,
PAE002968,payment_refunded,2026-08-30 06:18:50,APP00652,CAN004,CMP035,JOB076,1.0,,,PAY00428,239.87,INR,,,,,,,,REF00428,239.87,demo_refund,,
PAE002969,application_started,2026-08-28 08:29:00,APP00653,CAN058,CMP020,JOB074,1.0,,,,,,,,,,,,,,,,,
PAE002970,application_submitted,2026-08-28 09:04:00,APP00653,CAN058,CMP020,JOB074,1.0,,,,,,,,,,,,,,,,,
PAE002971,application_eligible,2026-08-29 04:04:00,APP00653,CAN058,CMP020,JOB074,1.0,eligible,meets_demo_rules,,,,,,,,,,,,,,,
PAE002972,payment_initiated,2026-08-29 04:25:00,APP00653,CAN058,CMP020,JOB074,1.0,,,PAY00429,1367.92,INR,netbanking,PayPerAppDemo,,,,,,,,,,
PAE002973,payment_captured,2026-08-29 04:26:21,APP00653,CAN058,CMP020,JOB074,1.0,,,PAY00429,1367.92,INR,,PayPerAppDemo,GTX000429,1367.92,,,,,,,,
PAE002974,revenue_recognized,2026-08-29 04:41:21,APP00653,CAN058,CMP020,JOB074,1.0,,,PAY00429,109.43,INR,,,,,REV00429,109.43,pay_per_application_fee,,,,,
PAE002975,application_started,2026-08-28 14:33:00,APP00654,CAN037,CMP037,JOB018,1.0,,,,,,,,,,,,,,,,,
PAE002976,application_submitted,2026-08-28 14:51:00,APP00654,CAN037,CMP037,JOB018,1.0,,,,,,,,,,,,,,,,,
PAE002977,application_eligible,2026-08-29 09:51:00,APP00654,CAN037,CMP037,JOB018,1.0,eligible,meets_demo_rules,,,,,,,,,,,,,,,
PAE002978,payment_initiated,2026-08-29 10:06:00,APP00654,CAN037,CMP037,JOB018,1.0,,,PAY00430,1223.19,INR,upi,PayPerAppDemo,,,,,,,,,,
PAE002979,payment_captured,2026-08-29 10:06:59,APP00654,CAN037,CMP037,JOB018,1.0,,,PAY00430,1223.19,INR,,PayPerAppDemo,GTX000430,1223.19,,,,,,,,
PAE002980,revenue_recognized,2026-08-29 11:00:59,APP00654,CAN037,CMP037,JOB018,1.0,,,PAY00430,97.86,INR,,,,,REV00430,97.86,pay_per_application_fee,,,,,
PAE002981,application_started,2026-08-28 10:30:00,APP00655,CAN012,CMP004,JOB055,1.0,,,,,,,,,,,,,,,,,
PAE002982,application_submitted,2026-08-28 10:44:00,APP00655,CAN012,CMP004,JOB055,1.0,,,,,,,,,,,,,,,,,
PAE002983,application_eligible,2026-08-29 03:44:00,APP00655,CAN012,CMP004,JOB055,1.0,eligible,meets_demo_rules,,,,,,,,,,,,,,,
PAE002984,payment_initiated,2026-08-29 04:09:00,APP00655,CAN012,CMP004,JOB055,1.0,,,PAY00431,948.71,INR,card,PayPerAppDemo,,,,,,,,,,
PAE002985,payment_captured,2026-08-29 04:10:19,APP00655,CAN012,CMP004,JOB055,1.0,,,PAY00431,948.71,INR,,PayPerAppDemo,GTX000431,948.71,,,,,,,,
PAE002986,revenue_recognized,2026-08-29 04:42:19,APP00655,CAN012,CMP004,JOB055,1.0,,,PAY00431,75.9,INR,,,,,REV00431,75.9,pay_per_application_fee,,,,,
PAE002987,application_started,2026-08-28 10:09:00,APP00656,CAN057,CMP032,JOB054,1.0,,,,,,,,,,,,,,,,,
PAE002988,application_submitted,2026-08-28 11:16:00,APP00656,CAN057,CMP032,JOB054,1.0,,,,,,,,,,,,,,,,,
PAE002989,application_eligible,2026-08-28 16:16:00,APP00656,CAN057,CMP032,JOB054,1.0,eligible,meets_demo_rules,,,,,,,,,,,,,,,
PAE002990,application_started,2026-08-28 11:29:00,APP00657,CAN066,CMP034,JOB016,1.0,,,,,,,,,,,,,,,,,
PAE002991,application_submitted,2026-08-28 11:54:00,APP00657,CAN066,CMP034,JOB016,1.0,,,,,,,,,,,,,,,,,
PAE002992,application_started,2026-08-28 14:07:00,APP00658,CAN048,CMP008,JOB078,1.0,,,,,,,,,,,,,,,,,
PAE002993,application_submitted,2026-08-28 15:25:00,APP00658,CAN048,CMP008,JOB078,1.0,,,,,,,,,,,,,,,,,
PAE002994,application_eligible,2026-08-29 08:25:00,APP00658,CAN048,CMP008,JOB078,1.0,eligible,meets_demo_rules,,,,,,,,,,,,,,,
PAE002995,payment_initiated,2026-08-29 08:37:00,APP00658,CAN048,CMP008,JOB078,1.0,,,PAY00432,714.33,INR,card,PayPerAppDemo,,,,,,,,,,
PAE002996,payment_captured,2026-08-29 08:37:08,APP00658,CAN048,CMP008,JOB078,1.0,,,PAY00432,714.33,INR,,PayPerAppDemo,GTX000432,714.33,,,,,,,,
PAE002997,revenue_recognized,2026-08-29 09:28:08,APP00658,CAN048,CMP008,JOB078,1.0,,,PAY00432,57.15,INR,,,,,REV00432,57.15,pay_per_application_fee,,,,,
PAE002998,application_started,2026-08-28 12:56:00,APP00659,CAN076,CMP027,JOB007,1.0,,,,,,,,,,,,,,,,,
PAE002999,application_submitted,2026-08-28 13:24:00,APP00659,CAN076,CMP027,JOB007,1.0,,,,,,,,,,,,,,,,,
PAE003000,application_eligible,2026-08-29 05:24:00,APP00659,CAN076,CMP027,JOB007,1.0,eligible,meets_demo_rules,,,,,,,,,,,,,,,
PAE003001,payment_initiated,2026-08-29 05:27:00,APP00659,CAN076,CMP027,JOB007,1.0,,,PAY00433,934.42,INR,upi,PayPerAppDemo,,,,,,,,,,
PAE003002,payment_captured,2026-08-29 05:28:18,APP00659,CAN076,CMP027,JOB007,1.0,,,PAY00433,934.42,INR,,PayPerAppDemo,GTX000433,934.42,,,,,,,,
PAE003003,revenue_recognized,2026-08-29 05:48:18,APP00659,CAN076,CMP027,JOB007,1.0,,,PAY00433,74.75,INR,,,,,REV00433,74.75,pay_per_application_fee,,,,,
PAE003004,application_started,2026-08-28 17:08:00,APP00660,CAN044,CMP025,JOB061,1.0,,,,,,,,,,,,,,,,,
PAE003005,application_submitted,2026-08-28 18:17:00,APP00660,CAN044,CMP025,JOB061,1.0,,,,,,,,,,,,,,,,,
PAE003006,application_eligible,2026-08-29 09:17:00,APP00660,CAN044,CMP025,JOB061,1.0,eligible,meets_demo_rules,,,,,,,,,,,,,,,
PAE003007,payment_initiated,2026-08-29 09:41:00,APP00660,CAN044,CMP025,JOB061,1.0,,,PAY00434,436.23,INR,card,PayPerAppDemo,,,,,,,,,,
PAE003008,payment_captured,2026-08-29 09:42:24,APP00660,CAN044,CMP025,JOB061,1.0,,,PAY00434,436.23,INR,,PayPerAppDemo,GTX000434,436.23,,,,,,,,
PAE003009,revenue_recognized,2026-08-29 10:25:24,APP00660,CAN044,CMP025,JOB061,1.0,,,PAY00434,34.9,INR,,,,,REV00434,34.9,pay_per_application_fee,,,,,
PAE003010,application_started,2026-08-28 13:34:00,APP00661,CAN050,CMP015,JOB051,1.0,,,,,,,,,,,,,,,,,
PAE003011,application_submitted,2026-08-28 15:04:00,APP00661,CAN050,CMP015,JOB051,1.0,,,,,,,,,,,,,,,,,
PAE003012,application_started,2026-08-28 10:45:00,APP00662,CAN095,CMP018,JOB012,1.0,,,,,,,,,,,,,,,,,
PAE003013,application_submitted,2026-08-28 12:10:00,APP00662,CAN095,CMP018,JOB012,1.0,,,,,,,,,,,,,,,,,
PAE003014,application_eligible,2026-08-29 11:10:00,APP00662,CAN095,CMP018,JOB012,1.0,eligible,meets_demo_rules,,,,,,,,,,,,,,,
PAE003015,payment_initiated,2026-08-29 11:31:00,APP00662,CAN095,CMP018,JOB012,1.0,,,PAY00435,1056.45,INR,netbanking,PayPerAppDemo,,,,,,,,,,
PAE003016,payment_captured,2026-08-29 11:32:24,APP00662,CAN095,CMP018,JOB012,1.0,,,PAY00435,1056.45,INR,,PayPerAppDemo,GTX000435,1056.45,,,,,,,,
PAE003017,revenue_recognized,2026-08-29 12:07:24,APP00662,CAN095,CMP018,JOB012,1.0,,,PAY00435,84.52,INR,,,,,REV00435,84.52,pay_per_application_fee,,,,,
PAE003018,application_started,2026-08-28 11:48:00,APP00663,CAN007,CMP037,JOB067,1.0,,,,,,,,,,,,,,,,,
PAE003019,application_submitted,2026-08-28 11:55:00,APP00663,CAN007,CMP037,JOB067,1.0,,,,,,,,,,,,,,,,,
PAE003020,application_eligible,2026-08-29 05:55:00,APP00663,CAN007,CMP037,JOB067,1.0,eligible,meets_demo_rules,,,,,,,,,,,,,,,
PAE003021,payment_initiated,2026-08-29 06:21:00,APP00663,CAN007,CMP037,JOB067,1.0,,,PAY00436,273.72,INR,upi,PayPerAppDemo,,,,,,,,,,
PAE003022,payment_captured,2026-08-29 06:22:35,APP00663,CAN007,CMP037,JOB067,1.0,,,PAY00436,273.72,INR,,PayPerAppDemo,GTX000436,273.72,,,,,,,,
PAE003023,revenue_recognized,2026-08-29 07:16:35,APP00663,CAN007,CMP037,JOB067,1.0,,,PAY00436,21.9,INR,,,,,REV00436,21.9,pay_per_application_fee,,,,,
PAE003024,application_started,2026-08-28 17:20:00,APP00664,CAN057,CMP006,JOB069,1.0,,,,,,,,,,,,,,,,,
PAE003025,application_submitted,2026-08-28 17:30:00,APP00664,CAN057,CMP006,JOB069,1.0,,,,,,,,,,,,,,,,,
PAE003026,application_eligible,2026-08-28 18:30:00,APP00664,CAN057,CMP006,JOB069,1.0,eligible,meets_demo_rules,,,,,,,,,,,,,,,
PAE003027,payment_initiated,2026-08-28 18:31:00,APP00664,CAN057,CMP006,JOB069,1.0,,,PAY00437,475.64,INR,netbanking,PayPerAppDemo,,,,,,,,,,
PAE003028,payment_captured,2026-08-28 18:31:37,APP00664,CAN057,CMP006,JOB069,1.0,,,PAY00437,475.64,INR,,PayPerAppDemo,GTX000437,475.64,,,,,,,,
PAE003029,revenue_recognized,2026-08-28 18:37:37,APP00664,CAN057,CMP006,JOB069,1.0,,,PAY00437,38.05,INR,,,,,REV00437,38.05,pay_per_application_fee,,,,,
PAE003030,application_started,2026-08-28 12:09:00,APP00665,CAN013,CMP035,JOB022,1.0,,,,,,,,,,,,,,,,,
PAE003031,application_submitted,2026-08-28 12:25:00,APP00665,CAN013,CMP035,JOB022,1.0,,,,,,,,,,,,,,,,,
PAE003032,application_eligible,2026-08-29 02:25:00,APP00665,CAN013,CMP035,JOB022,1.0,eligible,meets_demo_rules,,,,,,,,,,,,,,,
PAE003033,payment_initiated,2026-08-29 02:36:00,APP00665,CAN013,CMP035,JOB022,1.0,,,PAY00438,323.64,INR,upi,PayPerAppDemo,,,,,,,,,,
PAE003034,payment_captured,2026-08-29 02:36:12,APP00665,CAN013,CMP035,JOB022,1.0,,,PAY00438,323.64,INR,,PayPerAppDemo,GTX000438,323.64,,,,,,,,
PAE003035,revenue_recognized,2026-08-29 02:56:12,APP00665,CAN013,CMP035,JOB022,1.0,,,PAY00438,25.89,INR,,,,,REV00438,25.89,pay_per_application_fee,,,,,
PAE003036,application_started,2026-08-28 13:16:00,APP00666,CAN041,CMP010,JOB053,1.0,,,,,,,,,,,,,,,,,
PAE003037,application_submitted,2026-08-28 13:36:00,APP00666,CAN041,CMP010,JOB053,1.0,,,,,,,,,,,,,,,,,
PAE003038,application_eligible,2026-08-28 21:36:00,APP00666,CAN041,CMP010,JOB053,1.0,eligible,meets_demo_rules,,,,,,,,,,,,,,,
PAE003039,payment_initiated,2026-08-28 21:52:00,APP00666,CAN041,CMP010,JOB053,1.0,,,PAY00439,982.54,INR,netbanking,PayPerAppDemo,,,,,,,,,,
PAE003040,payment_captured,2026-08-28 21:52:54,APP00666,CAN041,CMP010,JOB053,1.0,,,PAY00439,982.54,INR,,PayPerAppDemo,GTX000439,982.54,,,,,,,,
PAE003041,revenue_recognized,2026-08-28 22:00:54,APP00666,CAN041,CMP010,JOB053,1.0,,,PAY00439,78.6,INR,,,,,REV00439,78.6,pay_per_application_fee,,,,,
PAE003042,application_started,2026-08-28 14:04:00,APP00667,CAN041,CMP030,JOB071,1.0,,,,,,,,,,,,,,,,,
PAE003043,application_submitted,2026-08-28 15:01:00,APP00667,CAN041,CMP030,JOB071,1.0,,,,,,,,,,,,,,,,,
PAE003044,application_eligible,2026-08-28 16:01:00,APP00667,CAN041,CMP030,JOB071,1.0,eligible,meets_demo_rules,,,,,,,,,,,,,,,
PAE003045,payment_initiated,2026-08-28 16:23:00,APP00667,CAN041,CMP030,JOB071,1.0,,,PAY00440,1454.34,INR,upi,PayPerAppDemo,,,,,,,,,,
PAE003046,payment_captured,2026-08-28 16:24:16,APP00667,CAN041,CMP030,JOB071,1.0,,,PAY00440,1454.34,INR,,PayPerAppDemo,GTX000440,1454.34,,,,,,,,
PAE003047,revenue_recognized,2026-08-28 17:06:16,APP00667,CAN041,CMP030,JOB071,1.0,,,PAY00440,116.35,INR,,,,,REV00440,116.35,pay_per_application_fee,,,,,
PAE003048,application_started,2026-08-28 15:05:00,APP00668,CAN039,CMP037,JOB053,1.0,,,,,,,,,,,,,,,,,
PAE003049,application_submitted,2026-08-28 16:14:00,APP00668,CAN039,CMP037,JOB053,1.0,,,,,,,,,,,,,,,,,
PAE003050,application_eligible,2026-08-28 21:14:00,APP00668,CAN039,CMP037,JOB053,1.0,eligible,meets_demo_rules,,,,,,,,,,,,,,,
PAE003051,payment_initiated,2026-08-28 21:40:00,APP00668,CAN039,CMP037,JOB053,1.0,,,PAY00441,1481.64,INR,upi,PayPerAppDemo,,,,,,,,,,
PAE003052,payment_captured,2026-08-28 21:40:59,APP00668,CAN039,CMP037,JOB053,1.0,,,PAY00441,1481.64,INR,,PayPerAppDemo,GTX000441,1481.64,,,,,,,,
PAE003053,revenue_recognized,2026-08-28 22:39:59,APP00668,CAN039,CMP037,JOB053,1.0,,,PAY00441,118.53,INR,,,,,REV00441,118.53,pay_per_application_fee,,,,,
PAE003054,application_started,2026-08-28 17:18:00,APP00669,CAN006,CMP001,JOB060,1.0,,,,,,,,,,,,,,,,,
PAE003055,application_submitted,2026-08-28 17:44:00,APP00669,CAN006,CMP001,JOB060,1.0,,,,,,,,,,,,,,,,,
PAE003056,application_eligible,2026-08-29 09:44:00,APP00669,CAN006,CMP001,JOB060,1.0,eligible,meets_demo_rules,,,,,,,,,,,,,,,
PAE003057,payment_initiated,2026-08-29 10:06:00,APP00669,CAN006,CMP001,JOB060,1.0,,,PAY00442,563.61,INR,card,PayPerAppDemo,,,,,,,,,,
PAE003058,payment_failed,2026-08-29 10:07:52,APP00669,CAN006,CMP001,JOB060,1.0,,,PAY00442,563.61,INR,,,,,,,,,,,INSUFFICIENT_FUNDS,demo_payment_failure
PAE003059,application_started,2026-08-28 12:02:00,APP00670,CAN028,CMP038,JOB066,1.0,,,,,,,,,,,,,,,,,
PAE003060,application_submitted,2026-08-28 13:15:00,APP00670,CAN028,CMP038,JOB066,1.0,,,,,,,,,,,,,,,,,
PAE003061,application_eligible,2026-08-28 23:15:00,APP00670,CAN028,CMP038,JOB066,1.0,eligible,meets_demo_rules,,,,,,,,,,,,,,,
PAE003062,payment_initiated,2026-08-28 23:42:00,APP00670,CAN028,CMP038,JOB066,1.0,,,PAY00443,1123.04,INR,upi,PayPerAppDemo,,,,,,,,,,
PAE003063,payment_captured,2026-08-28 23:42:40,APP00670,CAN028,CMP038,JOB066,1.0,,,PAY00443,1123.04,INR,,PayPerAppDemo,GTX000443,1123.04,,,,,,,,
PAE003064,revenue_recognized,2026-08-29 00:39:40,APP00670,CAN028,CMP038,JOB066,1.0,,,PAY00443,89.84,INR,,,,,REV00443,89.84,pay_per_application_fee,,,,,
PAE003065,application_started,2026-08-28 18:21:00,APP00671,CAN079,CMP033,JOB041,1.0,,,,,,,,,,,,,,,,,
PAE003066,application_submitted,2026-08-28 19:23:00,APP00671,CAN079,CMP033,JOB041,1.0,,,,,,,,,,,,,,,,,
PAE003067,application_eligible,2026-08-29 17:23:00,APP00671,CAN079,CMP033,JOB041,1.0,eligible,meets_demo_rules,,,,,,,,,,,,,,,
PAE003068,application_started,2026-08-28 17:21:00,APP00672,CAN044,CMP014,JOB059,1.0,,,,,,,,,,,,,,,,,
PAE003069,application_submitted,2026-08-28 17:43:00,APP00672,CAN044,CMP014,JOB059,1.0,,,,,,,,,,,,,,,,,
PAE003070,application_eligible,2026-08-28 18:43:00,APP00672,CAN044,CMP014,JOB059,1.0,eligible,meets_demo_rules,,,,,,,,,,,,,,,
PAE003071,payment_initiated,2026-08-28 18:44:00,APP00672,CAN044,CMP014,JOB059,1.0,,,PAY00444,255.35,INR,netbanking,PayPerAppDemo,,,,,,,,,,
PAE003072,payment_captured,2026-08-28 18:45:16,APP00672,CAN044,CMP014,JOB059,1.0,,,PAY00444,255.35,INR,,PayPerAppDemo,GTX000444,255.35,,,,,,,,
PAE003073,revenue_recognized,2026-08-28 19:43:16,APP00672,CAN044,CMP014,JOB059,1.0,,,PAY00444,20.43,INR,,,,,REV00444,20.43,pay_per_application_fee,,,,,
PAE003074,application_started,2026-08-29 09:50:00,APP00673,CAN063,CMP026,JOB069,1.0,,,,,,,,,,,,,,,,,
PAE003075,application_submitted,2026-08-29 11:18:00,APP00673,CAN063,CMP026,JOB069,1.0,,,,,,,,,,,,,,,,,
PAE003076,application_eligible,2026-08-29 12:18:00,APP00673,CAN063,CMP026,JOB069,1.0,eligible,meets_demo_rules,,,,,,,,,,,,,,,
PAE003077,payment_initiated,2026-08-29 12:33:00,APP00673,CAN063,CMP026,JOB069,1.0,,,PAY00445,1270.07,INR,netbanking,PayPerAppDemo,,,,,,,,,,
PAE003078,payment_captured,2026-08-29 12:34:49,APP00673,CAN063,CMP026,JOB069,1.0,,,PAY00445,1270.07,INR,,PayPerAppDemo,GTX000445,1270.07,,,,,,,,
PAE003079,revenue_recognized,2026-08-29 12:59:49,APP00673,CAN063,CMP026,JOB069,1.0,,,PAY00445,101.61,INR,,,,,REV00445,101.61,pay_per_application_fee,,,,,
PAE003080,application_started,2026-08-29 08:07:00,APP00674,CAN046,CMP025,JOB023,1.0,,,,,,,,,,,,,,,,,
PAE003081,application_submitted,2026-08-29 08:36:00,APP00674,CAN046,CMP025,JOB023,1.0,,,,,,,,,,,,,,,,,
PAE003082,application_eligible,2026-08-29 16:36:00,APP00674,CAN046,CMP025,JOB023,1.0,eligible,meets_demo_rules,,,,,,,,,,,,,,,
PAE003083,payment_initiated,2026-08-29 16:58:00,APP00674,CAN046,CMP025,JOB023,1.0,,,PAY00446,1198.03,INR,netbanking,PayPerAppDemo,,,,,,,,,,
PAE003084,payment_captured,2026-08-29 16:58:16,APP00674,CAN046,CMP025,JOB023,1.0,,,PAY00446,1198.03,INR,,PayPerAppDemo,GTX000446,1198.03,,,,,,,,
PAE003085,revenue_recognized,2026-08-29 17:51:16,APP00674,CAN046,CMP025,JOB023,1.0,,,PAY00446,95.84,INR,,,,,REV00446,95.84,pay_per_application_fee,,,,,
PAE003086,application_started,2026-08-29 15:23:00,APP00675,CAN039,CMP015,JOB030,1.0,,,,,,,,,,,,,,,,,
PAE003087,application_submitted,2026-08-29 16:31:00,APP00675,CAN039,CMP015,JOB030,1.0,,,,,,,,,,,,,,,,,
PAE003088,application_started,2026-08-29 08:12:00,APP00676,CAN091,CMP039,JOB027,1.0,,,,,,,,,,,,,,,,,
PAE003089,application_started,2026-08-29 12:36:00,APP00677,CAN082,CMP026,JOB015,1.0,,,,,,,,,,,,,,,,,
PAE003090,application_submitted,2026-08-29 13:02:00,APP00677,CAN082,CMP026,JOB015,1.0,,,,,,,,,,,,,,,,,
PAE003091,application_eligible,2026-08-30 11:02:00,APP00677,CAN082,CMP026,JOB015,1.0,eligible,meets_demo_rules,,,,,,,,,,,,,,,
PAE003092,payment_initiated,2026-08-30 11:22:00,APP00677,CAN082,CMP026,JOB015,1.0,,,PAY00447,1090.22,INR,netbanking,PayPerAppDemo,,,,,,,,,,
PAE003093,payment_captured,2026-08-30 11:23:20,APP00677,CAN082,CMP026,JOB015,1.0,,,PAY00447,1090.22,INR,,PayPerAppDemo,GTX000447,1090.22,,,,,,,,
PAE003094,revenue_recognized,2026-08-30 11:32:20,APP00677,CAN082,CMP026,JOB015,1.0,,,PAY00447,87.22,INR,,,,,REV00447,87.22,pay_per_application_fee,,,,,
PAE003095,application_started,2026-08-29 11:56:00,APP00678,CAN017,CMP017,JOB073,1.0,,,,,,,,,,,,,,,,,
PAE003096,application_submitted,2026-08-29 12:36:00,APP00678,CAN017,CMP017,JOB073,1.0,,,,,,,,,,,,,,,,,
PAE003097,application_eligible,2026-08-30 10:36:00,APP00678,CAN017,CMP017,JOB073,1.0,eligible,meets_demo_rules,,,,,,,,,,,,,,,
PAE003098,payment_initiated,2026-08-30 10:58:00,APP00678,CAN017,CMP017,JOB073,1.0,,,PAY00448,1462.26,INR,netbanking,PayPerAppDemo,,,,,,,,,,
PAE003099,payment_captured,2026-08-30 10:59:32,APP00678,CAN017,CMP017,JOB073,1.0,,,PAY00448,1462.26,INR,,PayPerAppDemo,GTX000448,1462.26,,,,,,,,
PAE003100,revenue_recognized,2026-08-30 11:35:32,APP00678,CAN017,CMP017,JOB073,1.0,,,PAY00448,116.98,INR,,,,,REV00448,116.98,pay_per_application_fee,,,,,
PAE003101,application_started,2026-08-29 13:27:00,APP00679,CAN001,CMP028,JOB007,1.0,,,,,,,,,,,,,,,,,
PAE003102,application_submitted,2026-08-29 14:24:00,APP00679,CAN001,CMP028,JOB007,1.0,,,,,,,,,,,,,,,,,
PAE003103,application_eligible,2026-08-30 12:24:00,APP00679,CAN001,CMP028,JOB007,1.0,eligible,meets_demo_rules,,,,,,,,,,,,,,,
PAE003104,payment_initiated,2026-08-30 12:41:00,APP00679,CAN001,CMP028,JOB007,1.0,,,PAY00449,869.47,INR,upi,PayPerAppDemo,,,,,,,,,,
PAE003105,payment_captured,2026-08-30 12:41:33,APP00679,CAN001,CMP028,JOB007,1.0,,,PAY00449,869.47,INR,,PayPerAppDemo,GTX000449,869.47,,,,,,,,
PAE003106,revenue_recognized,2026-08-30 12:45:33,APP00679,CAN001,CMP028,JOB007,1.0,,,PAY00449,69.56,INR,,,,,REV00449,69.56,pay_per_application_fee,,,,,
PAE003107,application_started,2026-08-29 13:00:00,APP00680,CAN054,CMP035,JOB058,1.0,,,,,,,,,,,,,,,,,
PAE003108,application_submitted,2026-08-29 13:47:00,APP00680,CAN054,CMP035,JOB058,1.0,,,,,,,,,,,,,,,,,
PAE003109,application_eligible,2026-08-30 08:47:00,APP00680,CAN054,CMP035,JOB058,1.0,eligible,meets_demo_rules,,,,,,,,,,,,,,,
PAE003110,payment_initiated,2026-08-30 08:55:00,APP00680,CAN054,CMP035,JOB058,1.0,,,PAY00450,1487.83,INR,netbanking,PayPerAppDemo,,,,,,,,,,
PAE003111,payment_captured,2026-08-30 08:55:14,APP00680,CAN054,CMP035,JOB058,1.0,,,PAY00450,1487.83,INR,,PayPerAppDemo,GTX000450,1487.83,,,,,,,,
PAE003112,revenue_recognized,2026-08-30 09:54:14,APP00680,CAN054,CMP035,JOB058,1.0,,,PAY00450,119.03,INR,,,,,REV00450,119.03,pay_per_application_fee,,,,,
PAE003113,application_started,2026-08-29 09:40:00,APP00681,CAN022,CMP022,JOB040,1.0,,,,,,,,,,,,,,,,,
PAE003114,application_submitted,2026-08-29 09:48:00,APP00681,CAN022,CMP022,JOB040,1.0,,,,,,,,,,,,,,,,,
PAE003115,application_eligible,2026-08-29 10:48:00,APP00681,CAN022,CMP022,JOB040,1.0,eligible,meets_demo_rules,,,,,,,,,,,,,,,
PAE003116,payment_initiated,2026-08-29 10:59:00,APP00681,CAN022,CMP022,JOB040,1.0,,,PAY00451,1032.87,INR,card,PayPerAppDemo,,,,,,,,,,
PAE003117,payment_captured,2026-08-29 11:00:05,APP00681,CAN022,CMP022,JOB040,1.0,,,PAY00451,1032.87,INR,,PayPerAppDemo,GTX000451,1032.87,,,,,,,,
PAE003118,revenue_recognized,2026-08-29 11:16:05,APP00681,CAN022,CMP022,JOB040,1.0,,,PAY00451,82.63,INR,,,,,REV00451,82.63,pay_per_application_fee,,,,,
PAE003119,application_started,2026-08-29 11:04:00,APP00682,CAN007,CMP022,JOB067,1.0,,,,,,,,,,,,,,,,,
PAE003120,application_submitted,2026-08-29 12:28:00,APP00682,CAN007,CMP022,JOB067,1.0,,,,,,,,,,,,,,,,,
PAE003121,application_eligible,2026-08-29 16:28:00,APP00682,CAN007,CMP022,JOB067,1.0,eligible,meets_demo_rules,,,,,,,,,,,,,,,
PAE003122,payment_initiated,2026-08-29 16:31:00,APP00682,CAN007,CMP022,JOB067,1.0,,,PAY00452,973.67,INR,upi,PayPerAppDemo,,,,,,,,,,
PAE003123,payment_captured,2026-08-29 16:31:53,APP00682,CAN007,CMP022,JOB067,1.0,,,PAY00452,973.67,INR,,PayPerAppDemo,GTX000452,973.67,,,,,,,,
PAE003124,revenue_recognized,2026-08-29 16:52:53,APP00682,CAN007,CMP022,JOB067,1.0,,,PAY00452,77.89,INR,,,,,REV00452,77.89,pay_per_application_fee,,,,,
PAE003125,application_started,2026-08-29 08:58:00,APP00683,CAN089,CMP005,JOB017,1.0,,,,,,,,,,,,,,,,,
PAE003126,application_submitted,2026-08-29 09:10:00,APP00683,CAN089,CMP005,JOB017,1.0,,,,,,,,,,,,,,,,,
PAE003127,application_eligible,2026-08-30 06:10:00,APP00683,CAN089,CMP005,JOB017,1.0,eligible,meets_demo_rules,,,,,,,,,,,,,,,
PAE003128,payment_initiated,2026-08-30 06:12:00,APP00683,CAN089,CMP005,JOB017,1.0,,,PAY00453,377.28,INR,netbanking,PayPerAppDemo,,,,,,,,,,
PAE003129,payment_captured,2026-08-30 06:13:53,APP00683,CAN089,CMP005,JOB017,1.0,,,PAY00453,377.28,INR,,PayPerAppDemo,GTX000453,377.28,,,,,,,,
PAE003130,revenue_recognized,2026-08-30 06:38:53,APP00683,CAN089,CMP005,JOB017,1.0,,,PAY00453,30.18,INR,,,,,REV00453,30.18,pay_per_application_fee,,,,,
PAE003131,application_started,2026-08-29 17:50:00,APP00684,CAN080,CMP027,JOB030,1.0,,,,,,,,,,,,,,,,,
PAE003132,application_submitted,2026-08-29 17:56:00,APP00684,CAN080,CMP027,JOB030,1.0,,,,,,,,,,,,,,,,,
PAE003133,application_eligible,2026-08-30 08:56:00,APP00684,CAN080,CMP027,JOB030,1.0,eligible,meets_demo_rules,,,,,,,,,,,,,,,
PAE003134,payment_initiated,2026-08-30 09:16:00,APP00684,CAN080,CMP027,JOB030,1.0,,,PAY00454,1349.92,INR,upi,PayPerAppDemo,,,,,,,,,,
PAE003135,payment_captured,2026-08-30 09:17:31,APP00684,CAN080,CMP027,JOB030,1.0,,,PAY00454,1349.92,INR,,PayPerAppDemo,GTX000454,1349.92,,,,,,,,
PAE003136,revenue_recognized,2026-08-30 10:08:31,APP00684,CAN080,CMP027,JOB030,1.0,,,PAY00454,107.99,INR,,,,,REV00454,107.99,pay_per_application_fee,,,,,
PAE003137,payment_refunded,2026-09-04 10:08:31,APP00684,CAN080,CMP027,JOB030,1.0,,,PAY00454,861.13,INR,,,,,,,,REF00454,861.13,demo_refund,,
PAE003138,application_started,2026-08-29 08:38:00,APP00685,CAN025,CMP007,JOB014,1.0,,,,,,,,,,,,,,,,,
PAE003139,application_submitted,2026-08-29 09:58:00,APP00685,CAN025,CMP007,JOB014,1.0,,,,,,,,,,,,,,,,,
PAE003140,application_eligible,2026-08-29 16:58:00,APP00685,CAN025,CMP007,JOB014,1.0,eligible,meets_demo_rules,,,,,,,,,,,,,,,
PAE003141,application_started,2026-08-29 13:26:00,APP00686,CAN017,CMP033,JOB033,1.0,,,,,,,,,,,,,,,,,
PAE003142,application_submitted,2026-08-29 14:50:00,APP00686,CAN017,CMP033,JOB033,1.0,,,,,,,,,,,,,,,,,
PAE003143,application_eligible,2026-08-29 22:50:00,APP00686,CAN017,CMP033,JOB033,1.0,eligible,meets_demo_rules,,,,,,,,,,,,,,,
PAE003144,payment_initiated,2026-08-29 22:55:00,APP00686,CAN017,CMP033,JOB033,1.0,,,PAY00455,305.09,INR,card,PayPerAppDemo,,,,,,,,,,
PAE003145,payment_captured,2026-08-29 22:56:10,APP00686,CAN017,CMP033,JOB033,1.0,,,PAY00455,305.09,INR,,PayPerAppDemo,GTX000455,305.09,,,,,,,,
PAE003146,revenue_recognized,2026-08-29 23:38:10,APP00686,CAN017,CMP033,JOB033,1.0,,,PAY00455,24.41,INR,,,,,REV00455,24.41,pay_per_application_fee,,,,,
PAE003147,application_started,2026-08-29 10:09:00,APP00687,CAN040,CMP038,JOB070,1.0,,,,,,,,,,,,,,,,,
PAE003148,application_submitted,2026-08-29 11:31:00,APP00687,CAN040,CMP038,JOB070,1.0,,,,,,,,,,,,,,,,,
PAE003149,application_eligible,2026-08-29 23:31:00,APP00687,CAN040,CMP038,JOB070,1.0,eligible,meets_demo_rules,,,,,,,,,,,,,,,
PAE003150,application_started,2026-08-29 08:15:00,APP00688,CAN067,CMP038,JOB019,1.0,,,,,,,,,,,,,,,,,
PAE003151,application_submitted,2026-08-29 09:31:00,APP00688,CAN067,CMP038,JOB019,1.0,,,,,,,,,,,,,,,,,
PAE003152,application_started,2026-08-29 11:40:00,APP00689,CAN055,CMP023,JOB026,1.0,,,,,,,,,,,,,,,,,
PAE003153,application_started,2026-08-29 18:30:00,APP00690,CAN009,CMP022,JOB025,1.0,,,,,,,,,,,,,,,,,
PAE003154,application_submitted,2026-08-29 19:34:00,APP00690,CAN009,CMP022,JOB025,1.0,,,,,,,,,,,,,,,,,
PAE003155,application_eligible,2026-08-30 06:34:00,APP00690,CAN009,CMP022,JOB025,1.0,eligible,meets_demo_rules,,,,,,,,,,,,,,,
PAE003156,payment_initiated,2026-08-30 06:45:00,APP00690,CAN009,CMP022,JOB025,1.0,,,PAY00456,957.62,INR,netbanking,PayPerAppDemo,,,,,,,,,,
PAE003157,payment_captured,2026-08-30 06:45:47,APP00690,CAN009,CMP022,JOB025,1.0,,,PAY00456,957.62,INR,,PayPerAppDemo,GTX000456,957.62,,,,,,,,
PAE003158,revenue_recognized,2026-08-30 06:56:47,APP00690,CAN009,CMP022,JOB025,1.0,,,PAY00456,76.61,INR,,,,,REV00456,76.61,pay_per_application_fee,,,,,
PAE003159,application_started,2026-08-29 08:40:00,APP00691,CAN006,CMP032,JOB029,1.0,,,,,,,,,,,,,,,,,
PAE003160,application_submitted,2026-08-29 09:14:00,APP00691,CAN006,CMP032,JOB029,1.0,,,,,,,,,,,,,,,,,
PAE003161,application_eligible,2026-08-29 16:14:00,APP00691,CAN006,CMP032,JOB029,1.0,eligible,meets_demo_rules,,,,,,,,,,,,,,,
PAE003162,payment_initiated,2026-08-29 16:41:00,APP00691,CAN006,CMP032,JOB029,1.0,,,PAY00457,1168.23,INR,card,PayPerAppDemo,,,,,,,,,,
PAE003163,payment_captured,2026-08-29 16:41:53,APP00691,CAN006,CMP032,JOB029,1.0,,,PAY00457,1168.23,INR,,PayPerAppDemo,GTX000457,1168.23,,,,,,,,
PAE003164,revenue_recognized,2026-08-29 16:55:53,APP00691,CAN006,CMP032,JOB029,1.0,,,PAY00457,93.46,INR,,,,,REV00457,93.46,pay_per_application_fee,,,,,
PAE003165,application_started,2026-08-29 09:22:00,APP00692,CAN001,CMP024,JOB002,1.0,,,,,,,,,,,,,,,,,
PAE003166,application_submitted,2026-08-29 09:41:00,APP00692,CAN001,CMP024,JOB002,1.0,,,,,,,,,,,,,,,,,
PAE003167,application_eligible,2026-08-30 00:41:00,APP00692,CAN001,CMP024,JOB002,1.0,eligible,meets_demo_rules,,,,,,,,,,,,,,,
PAE003168,payment_initiated,2026-08-30 01:06:00,APP00692,CAN001,CMP024,JOB002,1.0,,,PAY00458,982.11,INR,card,PayPerAppDemo,,,,,,,,,,
PAE003169,payment_captured,2026-08-30 01:06:08,APP00692,CAN001,CMP024,JOB002,1.0,,,PAY00458,982.11,INR,,PayPerAppDemo,GTX000458,982.11,,,,,,,,
PAE003170,revenue_recognized,2026-08-30 01:19:08,APP00692,CAN001,CMP024,JOB002,1.0,,,PAY00458,78.57,INR,,,,,REV00458,78.57,pay_per_application_fee,,,,,
PAE003171,application_started,2026-08-29 10:21:00,APP00693,CAN023,CMP015,JOB034,1.0,,,,,,,,,,,,,,,,,
PAE003172,application_submitted,2026-08-29 10:57:00,APP00693,CAN023,CMP015,JOB034,1.0,,,,,,,,,,,,,,,,,
PAE003173,application_eligible,2026-08-29 11:57:00,APP00693,CAN023,CMP015,JOB034,1.0,eligible,meets_demo_rules,,,,,,,,,,,,,,,
PAE003174,payment_initiated,2026-08-29 12:01:00,APP00693,CAN023,CMP015,JOB034,1.0,,,PAY00459,577.24,INR,upi,PayPerAppDemo,,,,,,,,,,
PAE003175,payment_captured,2026-08-29 12:01:22,APP00693,CAN023,CMP015,JOB034,1.0,,,PAY00459,577.24,INR,,PayPerAppDemo,GTX000459,577.24,,,,,,,,
PAE003176,revenue_recognized,2026-08-29 12:26:22,APP00693,CAN023,CMP015,JOB034,1.0,,,PAY00459,46.18,INR,,,,,REV00459,46.18,pay_per_application_fee,,,,,
PAE003177,application_started,2026-08-29 12:29:00,APP00694,CAN015,CMP022,JOB027,1.0,,,,,,,,,,,,,,,,,
PAE003178,application_submitted,2026-08-29 13:21:00,APP00694,CAN015,CMP022,JOB027,1.0,,,,,,,,,,,,,,,,,
PAE003179,application_eligible,2026-08-30 06:21:00,APP00694,CAN015,CMP022,JOB027,1.0,eligible,meets_demo_rules,,,,,,,,,,,,,,,
PAE003180,application_started,2026-08-29 09:09:00,APP00695,CAN080,CMP028,JOB009,1.0,,,,,,,,,,,,,,,,,
PAE003181,application_started,2026-08-29 16:24:00,APP00696,CAN017,CMP013,JOB025,1.0,,,,,,,,,,,,,,,,,
PAE003182,application_submitted,2026-08-29 17:09:00,APP00696,CAN017,CMP013,JOB025,1.0,,,,,,,,,,,,,,,,,
PAE003183,application_eligible,2026-08-30 14:09:00,APP00696,CAN017,CMP013,JOB025,1.0,eligible,meets_demo_rules,,,,,,,,,,,,,,,
PAE003184,payment_initiated,2026-08-30 14:29:00,APP00696,CAN017,CMP013,JOB025,1.0,,,PAY00460,307.74,INR,netbanking,PayPerAppDemo,,,,,,,,,,
PAE003185,payment_captured,2026-08-30 14:30:13,APP00696,CAN017,CMP013,JOB025,1.0,,,PAY00460,307.74,INR,,PayPerAppDemo,GTX000460,307.74,,,,,,,,
PAE003186,revenue_recognized,2026-08-30 14:49:13,APP00696,CAN017,CMP013,JOB025,1.0,,,PAY00460,24.62,INR,,,,,REV00460,24.62,pay_per_application_fee,,,,,
PAE003187,application_started,2026-08-30 18:50:00,APP00697,CAN042,CMP016,JOB007,1.0,,,,,,,,,,,,,,,,,
PAE003188,application_submitted,2026-08-30 19:11:00,APP00697,CAN042,CMP016,JOB007,1.0,,,,,,,,,,,,,,,,,
PAE003189,application_started,2026-08-30 09:50:00,APP00698,CAN075,CMP032,JOB027,1.0,,,,,,,,,,,,,,,,,
PAE003190,application_submitted,2026-08-30 11:19:00,APP00698,CAN075,CMP032,JOB027,1.0,,,,,,,,,,,,,,,,,
PAE003191,application_eligible,2026-08-30 17:19:00,APP00698,CAN075,CMP032,JOB027,1.0,eligible,meets_demo_rules,,,,,,,,,,,,,,,
PAE003192,payment_initiated,2026-08-30 17:40:00,APP00698,CAN075,CMP032,JOB027,1.0,,,PAY00461,1189.14,INR,netbanking,PayPerAppDemo,,,,,,,,,,
PAE003193,payment_captured,2026-08-30 17:41:11,APP00698,CAN075,CMP032,JOB027,1.0,,,PAY00461,1189.14,INR,,PayPerAppDemo,GTX000461,1189.14,,,,,,,,
PAE003194,revenue_recognized,2026-08-30 18:11:11,APP00698,CAN075,CMP032,JOB027,1.0,,,PAY00461,95.13,INR,,,,,REV00461,95.13,pay_per_application_fee,,,,,
PAE003195,application_started,2026-08-30 15:45:00,APP00699,CAN092,CMP024,JOB068,1.0,,,,,,,,,,,,,,,,,
PAE003196,application_started,2026-08-30 14:40:00,APP00700,CAN061,CMP018,JOB075,1.0,,,,,,,,,,,,,,,,,
PAE003197,application_started,2026-08-30 11:57:00,APP00701,CAN075,CMP003,JOB027,1.0,,,,,,,,,,,,,,,,,
PAE003198,application_submitted,2026-08-30 12:32:00,APP00701,CAN075,CMP003,JOB027,1.0,,,,,,,,,,,,,,,,,
PAE003199,application_eligible,2026-08-30 22:32:00,APP00701,CAN075,CMP003,JOB027,1.0,eligible,meets_demo_rules,,,,,,,,,,,,,,,
PAE003200,payment_initiated,2026-08-30 22:38:00,APP00701,CAN075,CMP003,JOB027,1.0,,,PAY00462,721.35,INR,card,PayPerAppDemo,,,,,,,,,,
PAE003201,payment_captured,2026-08-30 22:38:15,APP00701,CAN075,CMP003,JOB027,1.0,,,PAY00462,721.35,INR,,PayPerAppDemo,GTX000462,721.35,,,,,,,,
PAE003202,revenue_recognized,2026-08-30 22:47:15,APP00701,CAN075,CMP003,JOB027,1.0,,,PAY00462,57.71,INR,,,,,REV00462,57.71,pay_per_application_fee,,,,,
PAE003203,application_started,2026-08-30 13:14:00,APP00702,CAN038,CMP029,JOB067,1.0,,,,,,,,,,,,,,,,,
PAE003204,application_submitted,2026-08-30 14:18:00,APP00702,CAN038,CMP029,JOB067,1.0,,,,,,,,,,,,,,,,,
PAE003205,application_eligible,2026-08-31 01:18:00,APP00702,CAN038,CMP029,JOB067,1.0,eligible,meets_demo_rules,,,,,,,,,,,,,,,
PAE003206,payment_initiated,2026-08-31 01:32:00,APP00702,CAN038,CMP029,JOB067,1.0,,,PAY00463,834.44,INR,card,PayPerAppDemo,,,,,,,,,,
PAE003207,payment_captured,2026-08-31 01:32:45,APP00702,CAN038,CMP029,JOB067,1.0,,,PAY00463,834.44,INR,,PayPerAppDemo,GTX000463,834.44,,,,,,,,
PAE003208,revenue_recognized,2026-08-31 01:50:45,APP00702,CAN038,CMP029,JOB067,1.0,,,PAY00463,66.76,INR,,,,,REV00463,66.76,pay_per_application_fee,,,,,
PAE003209,application_started,2026-08-30 12:41:00,APP00703,CAN023,CMP029,JOB030,1.0,,,,,,,,,,,,,,,,,
PAE003210,application_submitted,2026-08-30 12:56:00,APP00703,CAN023,CMP029,JOB030,1.0,,,,,,,,,,,,,,,,,
PAE003211,application_eligible,2026-08-31 05:56:00,APP00703,CAN023,CMP029,JOB030,1.0,eligible,meets_demo_rules,,,,,,,,,,,,,,,
PAE003212,payment_initiated,2026-08-31 06:22:00,APP00703,CAN023,CMP029,JOB030,1.0,,,PAY00464,1054.57,INR,card,PayPerAppDemo,,,,,,,,,,
PAE003213,payment_captured,2026-08-31 06:22:17,APP00703,CAN023,CMP029,JOB030,1.0,,,PAY00464,1054.57,INR,,PayPerAppDemo,GTX000464,1054.57,,,,,,,,
PAE003214,revenue_recognized,2026-08-31 06:30:17,APP00703,CAN023,CMP029,JOB030,1.0,,,PAY00464,84.37,INR,,,,,REV00464,84.37,pay_per_application_fee,,,,,
PAE003215,application_started,2026-08-30 13:12:00,APP00704,CAN005,CMP035,JOB026,1.0,,,,,,,,,,,,,,,,,
PAE003216,application_submitted,2026-08-30 13:49:00,APP00704,CAN005,CMP035,JOB026,1.0,,,,,,,,,,,,,,,,,
PAE003217,application_eligible,2026-08-31 11:49:00,APP00704,CAN005,CMP035,JOB026,1.0,eligible,meets_demo_rules,,,,,,,,,,,,,,,
PAE003218,payment_initiated,2026-08-31 12:09:00,APP00704,CAN005,CMP035,JOB026,1.0,,,PAY00465,488.3,INR,upi,PayPerAppDemo,,,,,,,,,,
PAE003219,payment_failed,2026-08-31 12:10:41,APP00704,CAN005,CMP035,JOB026,1.0,,,PAY00465,488.3,INR,,,,,,,,,,,INSUFFICIENT_FUNDS,demo_payment_failure
PAE003220,application_started,2026-08-30 08:49:00,APP00705,CAN095,CMP035,JOB034,1.0,,,,,,,,,,,,,,,,,
PAE003221,application_submitted,2026-08-30 09:38:00,APP00705,CAN095,CMP035,JOB034,1.0,,,,,,,,,,,,,,,,,
PAE003222,application_eligible,2026-08-30 22:38:00,APP00705,CAN095,CMP035,JOB034,1.0,eligible,meets_demo_rules,,,,,,,,,,,,,,,
PAE003223,application_started,2026-08-30 18:32:00,APP00706,CAN075,CMP001,JOB061,1.0,,,,,,,,,,,,,,,,,
PAE003224,application_started,2026-08-30 11:46:00,APP00707,CAN020,CMP026,JOB030,1.0,,,,,,,,,,,,,,,,,
PAE003225,application_submitted,2026-08-30 12:51:00,APP00707,CAN020,CMP026,JOB030,1.0,,,,,,,,,,,,,,,,,
PAE003226,application_eligible,2026-08-31 07:51:00,APP00707,CAN020,CMP026,JOB030,1.0,eligible,meets_demo_rules,,,,,,,,,,,,,,,
PAE003227,payment_initiated,2026-08-31 08:15:00,APP00707,CAN020,CMP026,JOB030,1.0,,,PAY00466,1197.03,INR,card,PayPerAppDemo,,,,,,,,,,
PAE003228,payment_captured,2026-08-31 08:15:15,APP00707,CAN020,CMP026,JOB030,1.0,,,PAY00466,1197.03,INR,,PayPerAppDemo,GTX000466,1197.03,,,,,,,,
PAE003229,revenue_recognized,2026-08-31 08:36:15,APP00707,CAN020,CMP026,JOB030,1.0,,,PAY00466,95.76,INR,,,,,REV00466,95.76,pay_per_application_fee,,,,,
PAE003230,application_started,2026-08-30 15:28:00,APP00708,CAN055,CMP027,JOB027,1.0,,,,,,,,,,,,,,,,,
PAE003231,application_submitted,2026-08-30 15:36:00,APP00708,CAN055,CMP027,JOB027,1.0,,,,,,,,,,,,,,,,,
PAE003232,application_eligible,2026-08-31 10:36:00,APP00708,CAN055,CMP027,JOB027,1.0,eligible,meets_demo_rules,,,,,,,,,,,,,,,
PAE003233,payment_initiated,2026-08-31 11:00:00,APP00708,CAN055,CMP027,JOB027,1.0,,,PAY00467,631.96,INR,upi,PayPerAppDemo,,,,,,,,,,
PAE003234,payment_captured,2026-08-31 11:01:29,APP00708,CAN055,CMP027,JOB027,1.0,,,PAY00467,631.96,INR,,PayPerAppDemo,GTX000467,631.96,,,,,,,,
PAE003235,revenue_recognized,2026-08-31 11:55:29,APP00708,CAN055,CMP027,JOB027,1.0,,,PAY00467,50.56,INR,,,,,REV00467,50.56,pay_per_application_fee,,,,,
PAE003236,application_started,2026-08-30 18:48:00,APP00709,CAN029,CMP027,JOB055,1.0,,,,,,,,,,,,,,,,,
PAE003237,application_submitted,2026-08-30 20:01:00,APP00709,CAN029,CMP027,JOB055,1.0,,,,,,,,,,,,,,,,,
PAE003238,application_eligible,2026-08-31 15:01:00,APP00709,CAN029,CMP027,JOB055,1.0,eligible,meets_demo_rules,,,,,,,,,,,,,,,
PAE003239,payment_initiated,2026-08-31 15:31:00,APP00709,CAN029,CMP027,JOB055,1.0,,,PAY00468,1231.7,INR,upi,PayPerAppDemo,,,,,,,,,,
PAE003240,payment_captured,2026-08-31 15:31:47,APP00709,CAN029,CMP027,JOB055,1.0,,,PAY00468,1231.7,INR,,PayPerAppDemo,GTX000468,1231.7,,,,,,,,
PAE003241,revenue_recognized,2026-08-31 16:08:47,APP00709,CAN029,CMP027,JOB055,1.0,,,PAY00468,98.54,INR,,,,,REV00468,98.54,pay_per_application_fee,,,,,
PAE003242,application_started,2026-08-30 14:24:00,APP00710,CAN078,CMP039,JOB074,1.0,,,,,,,,,,,,,,,,,
PAE003243,application_submitted,2026-08-30 15:19:00,APP00710,CAN078,CMP039,JOB074,1.0,,,,,,,,,,,,,,,,,
PAE003244,application_eligible,2026-08-31 04:19:00,APP00710,CAN078,CMP039,JOB074,1.0,eligible,meets_demo_rules,,,,,,,,,,,,,,,
PAE003245,payment_initiated,2026-08-31 04:38:00,APP00710,CAN078,CMP039,JOB074,1.0,,,PAY00469,385.8,INR,card,PayPerAppDemo,,,,,,,,,,
PAE003246,payment_captured,2026-08-31 04:38:43,APP00710,CAN078,CMP039,JOB074,1.0,,,PAY00469,385.8,INR,,PayPerAppDemo,GTX000469,385.8,,,,,,,,
PAE003247,revenue_recognized,2026-08-31 04:44:43,APP00710,CAN078,CMP039,JOB074,1.0,,,PAY00469,30.86,INR,,,,,REV00469,30.86,pay_per_application_fee,,,,,
PAE003248,application_started,2026-08-30 08:52:00,APP00711,CAN087,CMP036,JOB023,1.0,,,,,,,,,,,,,,,,,
PAE003249,application_submitted,2026-08-30 09:59:00,APP00711,CAN087,CMP036,JOB023,1.0,,,,,,,,,,,,,,,,,
PAE003250,application_eligible,2026-08-30 16:59:00,APP00711,CAN087,CMP036,JOB023,1.0,eligible,meets_demo_rules,,,,,,,,,,,,,,,
PAE003251,payment_initiated,2026-08-30 17:09:00,APP00711,CAN087,CMP036,JOB023,1.0,,,PAY00470,1453.74,INR,upi,PayPerAppDemo,,,,,,,,,,
PAE003252,payment_captured,2026-08-30 17:10:29,APP00711,CAN087,CMP036,JOB023,1.0,,,PAY00470,1453.74,INR,,PayPerAppDemo,GTX000470,1453.74,,,,,,,,
PAE003253,revenue_recognized,2026-08-30 17:44:29,APP00711,CAN087,CMP036,JOB023,1.0,,,PAY00470,116.3,INR,,,,,REV00470,116.3,pay_per_application_fee,,,,,
PAE003254,application_started,2026-08-30 08:10:00,APP00712,CAN008,CMP024,JOB067,1.0,,,,,,,,,,,,,,,,,
PAE003255,application_submitted,2026-08-30 09:07:00,APP00712,CAN008,CMP024,JOB067,1.0,,,,,,,,,,,,,,,,,
PAE003256,application_eligible,2026-08-30 13:07:00,APP00712,CAN008,CMP024,JOB067,1.0,eligible,meets_demo_rules,,,,,,,,,,,,,,,
PAE003257,payment_initiated,2026-08-30 13:31:00,APP00712,CAN008,CMP024,JOB067,1.0,,,PAY00471,773.02,INR,upi,PayPerAppDemo,,,,,,,,,,
PAE003258,payment_captured,2026-08-30 13:33:00,APP00712,CAN008,CMP024,JOB067,1.0,,,PAY00471,773.02,INR,,PayPerAppDemo,GTX000471,773.02,,,,,,,,
PAE003259,revenue_recognized,2026-08-30 14:29:00,APP00712,CAN008,CMP024,JOB067,1.0,,,PAY00471,61.84,INR,,,,,REV00471,61.84,pay_per_application_fee,,,,,
PAE003260,application_started,2026-08-30 18:30:00,APP00713,CAN027,CMP020,JOB056,1.0,,,,,,,,,,,,,,,,,
PAE003261,application_submitted,2026-08-30 19:48:00,APP00713,CAN027,CMP020,JOB056,1.0,,,,,,,,,,,,,,,,,
PAE003262,application_started,2026-08-30 18:29:00,APP00714,CAN076,CMP013,JOB065,1.0,,,,,,,,,,,,,,,,,
PAE003263,application_submitted,2026-08-30 18:34:00,APP00714,CAN076,CMP013,JOB065,1.0,,,,,,,,,,,,,,,,,
PAE003264,application_started,2026-08-30 17:51:00,APP00715,CAN058,CMP005,JOB052,1.0,,,,,,,,,,,,,,,,,
PAE003265,application_submitted,2026-08-30 18:38:00,APP00715,CAN058,CMP005,JOB052,1.0,,,,,,,,,,,,,,,,,
PAE003266,application_started,2026-08-30 17:02:00,APP00716,CAN063,CMP030,JOB060,1.0,,,,,,,,,,,,,,,,,
PAE003267,application_submitted,2026-08-30 17:43:00,APP00716,CAN063,CMP030,JOB060,1.0,,,,,,,,,,,,,,,,,
PAE003268,application_eligible,2026-08-31 08:43:00,APP00716,CAN063,CMP030,JOB060,1.0,eligible,meets_demo_rules,,,,,,,,,,,,,,,
PAE003269,payment_initiated,2026-08-31 09:09:00,APP00716,CAN063,CMP030,JOB060,1.0,,,PAY00472,1303.3,INR,card,PayPerAppDemo,,,,,,,,,,
PAE003270,payment_captured,2026-08-31 09:10:50,APP00716,CAN063,CMP030,JOB060,1.0,,,PAY00472,1303.3,INR,,PayPerAppDemo,GTX000472,1303.3,,,,,,,,
PAE003271,revenue_recognized,2026-08-31 10:02:50,APP00716,CAN063,CMP030,JOB060,1.0,,,PAY00472,104.26,INR,,,,,REV00472,104.26,pay_per_application_fee,,,,,
PAE003272,application_started,2026-08-30 17:46:00,APP00717,CAN054,CMP016,JOB023,1.0,,,,,,,,,,,,,,,,,
PAE003273,application_submitted,2026-08-30 18:40:00,APP00717,CAN054,CMP016,JOB023,1.0,,,,,,,,,,,,,,,,,
PAE003274,application_started,2026-08-30 14:44:00,APP00718,CAN024,CMP037,JOB013,1.0,,,,,,,,,,,,,,,,,
PAE003275,application_started,2026-08-30 18:34:00,APP00719,CAN031,CMP011,JOB036,1.0,,,,,,,,,,,,,,,,,
PAE003276,application_submitted,2026-08-30 18:47:00,APP00719,CAN031,CMP011,JOB036,1.0,,,,,,,,,,,,,,,,,
PAE003277,application_eligible,2026-08-31 18:47:00,APP00719,CAN031,CMP011,JOB036,1.0,eligible,meets_demo_rules,,,,,,,,,,,,,,,
PAE003278,application_started,2026-08-30 09:23:00,APP00720,CAN064,CMP027,JOB071,1.0,,,,,,,,,,,,,,,,,
PAE003279,application_submitted,2026-08-30 09:41:00,APP00720,CAN064,CMP027,JOB071,1.0,,,,,,,,,,,,,,,,,
PAE003280,application_eligible,2026-08-30 20:41:00,APP00720,CAN064,CMP027,JOB071,1.0,eligible,meets_demo_rules,,,,,,,,,,,,,,,
PAE003281,payment_initiated,2026-08-30 20:48:00,APP00720,CAN064,CMP027,JOB071,1.0,,,PAY00473,456.05,INR,netbanking,PayPerAppDemo,,,,,,,,,,
PAE003282,payment_captured,2026-08-30 20:48:08,APP00720,CAN064,CMP027,JOB071,1.0,,,PAY00473,456.05,INR,,PayPerAppDemo,GTX000473,456.05,,,,,,,,
PAE003283,revenue_recognized,2026-08-30 20:53:08,APP00720,CAN064,CMP027,JOB071,1.0,,,PAY00473,36.48,INR,,,,,REV00473,36.48,pay_per_application_fee,,,,,
