event_id,event_name,event_timestamp,payment_id,company_id,seller_id,order_id,amount,currency,gateway,event_version,payment_method,gateway_transaction_id,captured_amount,revenue_id,recognized_amount,revenue_type,refund_id,refund_amount,refund_reason,failure_code,failure_reason,chargeback_id,chargeback_amount,chargeback_reason
PE000001,payment_initiated,2026-08-01 09:43:00,PAY00001,CMP001,SEL009,ORD00001,6745.45,INR,DemoPay,1.0,netbanking,,,,,,,,,,,,,
PE000002,payment_authorized,2026-08-01 09:43:10,PAY00001,CMP001,SEL009,ORD00001,6745.45,INR,DemoPay,1.0,,GTX000001,,,,,,,,,,,,
PE000003,payment_captured,2026-08-01 09:44:30,PAY00001,CMP001,SEL009,ORD00001,6745.45,INR,DemoPay,1.0,,GTX000001,6745.45,,,,,,,,,,,
PE000004,revenue_recognized,2026-08-01 10:39:30,PAY00001,CMP001,SEL009,ORD00001,539.64,INR,DemoPay,1.0,,,,REV00001,539.64,platform_fee,,,,,,,,
PE000005,payment_refunded,2026-08-03 10:39:30,PAY00001,CMP001,SEL009,ORD00001,2160.37,INR,DemoPay,1.0,,,,,,,REF00001,2160.37,service_issue,,,,,
PE000006,payment_initiated,2026-08-01 17:17:00,PAY00002,CMP018,SEL007,ORD00002,6680.35,INR,DemoGateway,1.0,card,,,,,,,,,,,,,
PE000007,payment_authorized,2026-08-01 17:17:15,PAY00002,CMP018,SEL007,ORD00002,6680.35,INR,DemoGateway,1.0,,GTX000002,,,,,,,,,,,,
PE000008,payment_captured,2026-08-01 17:18:49,PAY00002,CMP018,SEL007,ORD00002,6680.35,INR,DemoGateway,1.0,,GTX000002,6680.35,,,,,,,,,,,
PE000009,revenue_recognized,2026-08-01 18:13:49,PAY00002,CMP018,SEL007,ORD00002,534.43,INR,DemoGateway,1.0,,,,REV00002,534.43,platform_fee,,,,,,,,
PE000010,payment_initiated,2026-08-01 09:22:00,PAY00003,CMP025,SEL011,ORD00003,3679.53,INR,DemoPay,1.0,upi,,,,,,,,,,,,,
PE000011,payment_authorized,2026-08-01 09:22:56,PAY00003,CMP025,SEL011,ORD00003,3679.53,INR,DemoPay,1.0,,GTX000003,,,,,,,,,,,,
PE000012,payment_captured,2026-08-01 09:23:06,PAY00003,CMP025,SEL011,ORD00003,3679.53,INR,DemoPay,1.0,,GTX000003,3679.53,,,,,,,,,,,
PE000013,revenue_recognized,2026-08-01 10:57:06,PAY00003,CMP025,SEL011,ORD00003,294.36,INR,DemoPay,1.0,,,,REV00003,294.36,platform_fee,,,,,,,,
PE000014,payment_initiated,2026-08-01 18:39:00,PAY00004,CMP030,SEL013,ORD00004,14472.95,INR,DemoPay,1.0,upi,,,,,,,,,,,,,
PE000015,payment_authorized,2026-08-01 18:39:50,PAY00004,CMP030,SEL013,ORD00004,14472.95,INR,DemoPay,1.0,,GTX000004,,,,,,,,,,,,
PE000016,payment_captured,2026-08-01 18:40:03,PAY00004,CMP030,SEL013,ORD00004,14472.95,INR,DemoPay,1.0,,GTX000004,14472.95,,,,,,,,,,,
PE000017,revenue_recognized,2026-08-01 18:46:03,PAY00004,CMP030,SEL013,ORD00004,1157.84,INR,DemoPay,1.0,,,,REV00004,1157.84,platform_fee,,,,,,,,
PE000018,payment_initiated,2026-08-01 15:40:00,PAY00005,CMP003,SEL008,ORD00005,10432.97,INR,DemoPay,1.0,upi,,,,,,,,,,,,,
PE000019,payment_authorized,2026-08-01 15:40:27,PAY00005,CMP003,SEL008,ORD00005,10432.97,INR,DemoPay,1.0,,GTX000005,,,,,,,,,,,,
PE000020,payment_captured,2026-08-01 15:40:58,PAY00005,CMP003,SEL008,ORD00005,10432.97,INR,DemoPay,1.0,,GTX000005,10432.97,,,,,,,,,,,
PE000021,revenue_recognized,2026-08-01 17:06:58,PAY00005,CMP003,SEL008,ORD00005,834.64,INR,DemoPay,1.0,,,,REV00005,834.64,platform_fee,,,,,,,,
PE000022,payment_initiated,2026-08-01 11:10:00,PAY00006,CMP021,SEL003,ORD00006,14052.29,INR,DemoPay,1.0,upi,,,,,,,,,,,,,
PE000023,payment_authorized,2026-08-01 11:10:45,PAY00006,CMP021,SEL003,ORD00006,14052.29,INR,DemoPay,1.0,,GTX000006,,,,,,,,,,,,
PE000024,payment_captured,2026-08-01 11:12:18,PAY00006,CMP021,SEL003,ORD00006,14052.29,INR,DemoPay,1.0,,GTX000006,14052.29,,,,,,,,,,,
PE000025,revenue_recognized,2026-08-01 12:24:18,PAY00006,CMP021,SEL003,ORD00006,1124.18,INR,DemoPay,1.0,,,,REV00006,1124.18,platform_fee,,,,,,,,
PE000026,payment_initiated,2026-08-01 13:25:00,PAY00007,CMP025,SEL002,ORD00007,20812.36,INR,DemoPay,1.0,upi,,,,,,,,,,,,,
PE000027,payment_failed,2026-08-01 13:26:22,PAY00007,CMP025,SEL002,ORD00007,20812.36,INR,DemoPay,1.0,,,,,,,,,,INSUFFICIENT_FUNDS,demo_failure,,,
PE000028,payment_initiated,2026-08-01 18:29:00,PAY00008,CMP011,SEL007,ORD00008,10797.35,INR,DemoGateway,1.0,card,,,,,,,,,,,,,
PE000029,payment_authorized,2026-08-01 18:29:20,PAY00008,CMP011,SEL007,ORD00008,10797.35,INR,DemoGateway,1.0,,GTX000008,,,,,,,,,,,,
PE000030,payment_captured,2026-08-01 18:31:00,PAY00008,CMP011,SEL007,ORD00008,10797.35,INR,DemoGateway,1.0,,GTX000008,10797.35,,,,,,,,,,,
PE000031,revenue_recognized,2026-08-01 19:43:00,PAY00008,CMP011,SEL007,ORD00008,863.79,INR,DemoGateway,1.0,,,,REV00008,863.79,platform_fee,,,,,,,,
PE000032,payment_initiated,2026-08-01 10:32:00,PAY00009,CMP014,SEL019,ORD00009,10006.92,INR,DemoGateway,1.0,upi,,,,,,,,,,,,,
PE000033,payment_authorized,2026-08-01 10:32:08,PAY00009,CMP014,SEL019,ORD00009,10006.92,INR,DemoGateway,1.0,,GTX000009,,,,,,,,,,,,
PE000034,payment_captured,2026-08-01 10:34:03,PAY00009,CMP014,SEL019,ORD00009,10006.92,INR,DemoGateway,1.0,,GTX000009,10006.92,,,,,,,,,,,
PE000035,revenue_recognized,2026-08-01 10:49:03,PAY00009,CMP014,SEL019,ORD00009,800.55,INR,DemoGateway,1.0,,,,REV00009,800.55,platform_fee,,,,,,,,
PE000036,payment_initiated,2026-08-01 17:29:00,PAY00010,CMP022,SEL014,ORD00010,10542.03,INR,DemoPay,1.0,netbanking,,,,,,,,,,,,,
PE000037,payment_authorized,2026-08-01 17:29:40,PAY00010,CMP022,SEL014,ORD00010,10542.03,INR,DemoPay,1.0,,GTX000010,,,,,,,,,,,,
PE000038,payment_captured,2026-08-01 17:31:35,PAY00010,CMP022,SEL014,ORD00010,10542.03,INR,DemoPay,1.0,,GTX000010,10542.03,,,,,,,,,,,
PE000039,revenue_recognized,2026-08-01 17:33:35,PAY00010,CMP022,SEL014,ORD00010,843.36,INR,DemoPay,1.0,,,,REV00010,843.36,platform_fee,,,,,,,,
PE000040,payment_initiated,2026-08-01 13:07:00,PAY00011,CMP029,SEL018,ORD00011,19562.07,INR,DemoGateway,1.0,upi,,,,,,,,,,,,,
PE000041,payment_authorized,2026-08-01 13:07:34,PAY00011,CMP029,SEL018,ORD00011,19562.07,INR,DemoGateway,1.0,,GTX000011,,,,,,,,,,,,
PE000042,payment_captured,2026-08-01 13:07:39,PAY00011,CMP029,SEL018,ORD00011,19562.07,INR,DemoGateway,1.0,,GTX000011,19562.07,,,,,,,,,,,
PE000043,revenue_recognized,2026-08-01 14:40:39,PAY00011,CMP029,SEL018,ORD00011,1564.97,INR,DemoGateway,1.0,,,,REV00011,1564.97,platform_fee,,,,,,,,
PE000044,payment_initiated,2026-08-01 12:53:00,PAY00012,CMP017,SEL006,ORD00012,21957.19,INR,DemoPay,1.0,netbanking,,,,,,,,,,,,,
PE000045,payment_authorized,2026-08-01 12:53:17,PAY00012,CMP017,SEL006,ORD00012,21957.19,INR,DemoPay,1.0,,GTX000012,,,,,,,,,,,,
PE000046,payment_captured,2026-08-01 12:53:41,PAY00012,CMP017,SEL006,ORD00012,21957.19,INR,DemoPay,1.0,,GTX000012,21957.19,,,,,,,,,,,
PE000047,revenue_recognized,2026-08-01 13:41:41,PAY00012,CMP017,SEL006,ORD00012,1756.58,INR,DemoPay,1.0,,,,REV00012,1756.58,platform_fee,,,,,,,,
PE000048,payment_initiated,2026-08-01 15:01:00,PAY00013,CMP025,SEL017,ORD00013,15575.2,INR,DemoPay,1.0,card,,,,,,,,,,,,,
PE000049,payment_authorized,2026-08-01 15:01:58,PAY00013,CMP025,SEL017,ORD00013,15575.2,INR,DemoPay,1.0,,GTX000013,,,,,,,,,,,,
PE000050,payment_captured,2026-08-01 15:03:46,PAY00013,CMP025,SEL017,ORD00013,15575.2,INR,DemoPay,1.0,,GTX000013,15575.2,,,,,,,,,,,
PE000051,revenue_recognized,2026-08-01 15:43:46,PAY00013,CMP025,SEL017,ORD00013,1246.02,INR,DemoPay,1.0,,,,REV00013,1246.02,platform_fee,,,,,,,,
PE000052,payment_initiated,2026-08-02 16:49:00,PAY00014,CMP003,SEL016,ORD00014,24482.64,INR,DemoPay,1.0,card,,,,,,,,,,,,,
PE000053,payment_authorized,2026-08-02 16:49:35,PAY00014,CMP003,SEL016,ORD00014,24482.64,INR,DemoPay,1.0,,GTX000014,,,,,,,,,,,,
PE000054,payment_captured,2026-08-02 16:50:50,PAY00014,CMP003,SEL016,ORD00014,24482.64,INR,DemoPay,1.0,,GTX000014,24482.64,,,,,,,,,,,
PE000055,revenue_recognized,2026-08-02 17:12:50,PAY00014,CMP003,SEL016,ORD00014,1958.61,INR,DemoPay,1.0,,,,REV00014,1958.61,platform_fee,,,,,,,,
PE000056,payment_initiated,2026-08-02 14:42:00,PAY00015,CMP014,SEL007,ORD00015,18254.3,INR,DemoPay,1.0,netbanking,,,,,,,,,,,,,
PE000057,payment_authorized,2026-08-02 14:42:38,PAY00015,CMP014,SEL007,ORD00015,18254.3,INR,DemoPay,1.0,,GTX000015,,,,,,,,,,,,
PE000058,payment_captured,2026-08-02 14:43:40,PAY00015,CMP014,SEL007,ORD00015,18254.3,INR,DemoPay,1.0,,GTX000015,18254.3,,,,,,,,,,,
PE000059,revenue_recognized,2026-08-02 14:59:40,PAY00015,CMP014,SEL007,ORD00015,1460.34,INR,DemoPay,1.0,,,,REV00015,1460.34,platform_fee,,,,,,,,
PE000060,payment_initiated,2026-08-02 08:04:00,PAY00016,CMP001,SEL019,ORD00016,15328.34,INR,DemoPay,1.0,netbanking,,,,,,,,,,,,,
PE000061,payment_authorized,2026-08-02 08:04:19,PAY00016,CMP001,SEL019,ORD00016,15328.34,INR,DemoPay,1.0,,GTX000016,,,,,,,,,,,,
PE000062,payment_captured,2026-08-02 08:04:32,PAY00016,CMP001,SEL019,ORD00016,15328.34,INR,DemoPay,1.0,,GTX000016,15328.34,,,,,,,,,,,
PE000063,revenue_recognized,2026-08-02 10:00:32,PAY00016,CMP001,SEL019,ORD00016,1226.27,INR,DemoPay,1.0,,,,REV00016,1226.27,platform_fee,,,,,,,,
PE000064,payment_refunded,2026-08-07 10:00:32,PAY00016,CMP001,SEL019,ORD00016,7630.78,INR,DemoPay,1.0,,,,,,,REF00016,7630.78,customer_request,,,,,
PE000065,payment_initiated,2026-08-02 17:36:00,PAY00017,CMP016,SEL007,ORD00017,18498.79,INR,DemoPay,1.0,upi,,,,,,,,,,,,,
PE000066,payment_authorized,2026-08-02 17:36:35,PAY00017,CMP016,SEL007,ORD00017,18498.79,INR,DemoPay,1.0,,GTX000017,,,,,,,,,,,,
PE000067,payment_captured,2026-08-02 17:38:23,PAY00017,CMP016,SEL007,ORD00017,18498.79,INR,DemoPay,1.0,,GTX000017,18498.79,,,,,,,,,,,
PE000068,revenue_recognized,2026-08-02 18:31:23,PAY00017,CMP016,SEL007,ORD00017,1479.9,INR,DemoPay,1.0,,,,REV00017,1479.9,platform_fee,,,,,,,,
PE000069,payment_initiated,2026-08-02 08:43:00,PAY00018,CMP014,SEL012,ORD00018,11160.9,INR,DemoGateway,1.0,netbanking,,,,,,,,,,,,,
PE000070,payment_authorized,2026-08-02 08:43:11,PAY00018,CMP014,SEL012,ORD00018,11160.9,INR,DemoGateway,1.0,,GTX000018,,,,,,,,,,,,
PE000071,payment_captured,2026-08-02 08:43:23,PAY00018,CMP014,SEL012,ORD00018,11160.9,INR,DemoGateway,1.0,,GTX000018,11160.9,,,,,,,,,,,
PE000072,revenue_recognized,2026-08-02 09:35:23,PAY00018,CMP014,SEL012,ORD00018,892.87,INR,DemoGateway,1.0,,,,REV00018,892.87,platform_fee,,,,,,,,
PE000073,payment_initiated,2026-08-02 15:08:00,PAY00019,CMP004,SEL008,ORD00019,5969.91,INR,DemoPay,1.0,upi,,,,,,,,,,,,,
PE000074,payment_authorized,2026-08-02 15:08:34,PAY00019,CMP004,SEL008,ORD00019,5969.91,INR,DemoPay,1.0,,GTX000019,,,,,,,,,,,,
PE000075,payment_captured,2026-08-02 15:09:10,PAY00019,CMP004,SEL008,ORD00019,5969.91,INR,DemoPay,1.0,,GTX000019,5969.91,,,,,,,,,,,
PE000076,revenue_recognized,2026-08-02 17:01:10,PAY00019,CMP004,SEL008,ORD00019,477.59,INR,DemoPay,1.0,,,,REV00019,477.59,platform_fee,,,,,,,,
PE000077,payment_initiated,2026-08-02 16:53:00,PAY00020,CMP028,SEL018,ORD00020,2688.83,INR,DemoPay,1.0,card,,,,,,,,,,,,,
PE000078,payment_authorized,2026-08-02 16:53:53,PAY00020,CMP028,SEL018,ORD00020,2688.83,INR,DemoPay,1.0,,GTX000020,,,,,,,,,,,,
PE000079,payment_captured,2026-08-02 16:55:46,PAY00020,CMP028,SEL018,ORD00020,2688.83,INR,DemoPay,1.0,,GTX000020,2688.83,,,,,,,,,,,
PE000080,revenue_recognized,2026-08-02 17:26:46,PAY00020,CMP028,SEL018,ORD00020,215.11,INR,DemoPay,1.0,,,,REV00020,215.11,platform_fee,,,,,,,,
PE000081,payment_initiated,2026-08-02 08:24:00,PAY00021,CMP007,SEL013,ORD00021,5368.97,INR,DemoPay,1.0,upi,,,,,,,,,,,,,
PE000082,payment_authorized,2026-08-02 08:24:55,PAY00021,CMP007,SEL013,ORD00021,5368.97,INR,DemoPay,1.0,,GTX000021,,,,,,,,,,,,
PE000083,payment_captured,2026-08-02 08:25:58,PAY00021,CMP007,SEL013,ORD00021,5368.97,INR,DemoPay,1.0,,GTX000021,5368.97,,,,,,,,,,,
PE000084,revenue_recognized,2026-08-02 09:02:58,PAY00021,CMP007,SEL013,ORD00021,429.52,INR,DemoPay,1.0,,,,REV00021,429.52,platform_fee,,,,,,,,
PE000085,payment_initiated,2026-08-02 12:13:00,PAY00022,CMP026,SEL018,ORD00022,5137.73,INR,DemoGateway,1.0,card,,,,,,,,,,,,,
PE000086,payment_authorized,2026-08-02 12:13:39,PAY00022,CMP026,SEL018,ORD00022,5137.73,INR,DemoGateway,1.0,,GTX000022,,,,,,,,,,,,
PE000087,payment_captured,2026-08-02 12:13:51,PAY00022,CMP026,SEL018,ORD00022,5137.73,INR,DemoGateway,1.0,,GTX000022,5137.73,,,,,,,,,,,
PE000088,revenue_recognized,2026-08-02 13:49:51,PAY00022,CMP026,SEL018,ORD00022,411.02,INR,DemoGateway,1.0,,,,REV00022,411.02,platform_fee,,,,,,,,
PE000089,payment_initiated,2026-08-02 16:05:00,PAY00023,CMP016,SEL017,ORD00023,2836.67,INR,DemoPay,1.0,card,,,,,,,,,,,,,
PE000090,payment_failed,2026-08-02 16:05:18,PAY00023,CMP016,SEL017,ORD00023,2836.67,INR,DemoPay,1.0,,,,,,,,,,INSUFFICIENT_FUNDS,demo_failure,,,
PE000091,payment_initiated,2026-08-02 17:15:00,PAY00024,CMP028,SEL008,ORD00024,4317.34,INR,DemoGateway,1.0,netbanking,,,,,,,,,,,,,
PE000092,payment_authorized,2026-08-02 17:15:44,PAY00024,CMP028,SEL008,ORD00024,4317.34,INR,DemoGateway,1.0,,GTX000024,,,,,,,,,,,,
PE000093,payment_captured,2026-08-02 17:15:59,PAY00024,CMP028,SEL008,ORD00024,4317.34,INR,DemoGateway,1.0,,GTX000024,4317.34,,,,,,,,,,,
PE000094,revenue_recognized,2026-08-02 18:09:59,PAY00024,CMP028,SEL008,ORD00024,345.39,INR,DemoGateway,1.0,,,,REV00024,345.39,platform_fee,,,,,,,,
PE000095,payment_initiated,2026-08-02 13:15:00,PAY00025,CMP011,SEL009,ORD00025,17238.56,INR,DemoPay,1.0,upi,,,,,,,,,,,,,
PE000096,payment_authorized,2026-08-02 13:15:47,PAY00025,CMP011,SEL009,ORD00025,17238.56,INR,DemoPay,1.0,,GTX000025,,,,,,,,,,,,
PE000097,payment_captured,2026-08-02 13:17:14,PAY00025,CMP011,SEL009,ORD00025,17238.56,INR,DemoPay,1.0,,GTX000025,17238.56,,,,,,,,,,,
PE000098,revenue_recognized,2026-08-02 13:56:14,PAY00025,CMP011,SEL009,ORD00025,1379.08,INR,DemoPay,1.0,,,,REV00025,1379.08,platform_fee,,,,,,,,
PE000099,payment_initiated,2026-08-02 17:06:00,PAY00026,CMP030,SEL003,ORD00026,12269.71,INR,DemoPay,1.0,card,,,,,,,,,,,,,
PE000100,payment_authorized,2026-08-02 17:06:37,PAY00026,CMP030,SEL003,ORD00026,12269.71,INR,DemoPay,1.0,,GTX000026,,,,,,,,,,,,
PE000101,payment_captured,2026-08-02 17:07:15,PAY00026,CMP030,SEL003,ORD00026,12269.71,INR,DemoPay,1.0,,GTX000026,12269.71,,,,,,,,,,,
PE000102,revenue_recognized,2026-08-02 17:24:15,PAY00026,CMP030,SEL003,ORD00026,981.58,INR,DemoPay,1.0,,,,REV00026,981.58,platform_fee,,,,,,,,
PE000103,payment_initiated,2026-08-03 16:45:00,PAY00027,CMP012,SEL010,ORD00027,11797.34,INR,DemoPay,1.0,upi,,,,,,,,,,,,,
PE000104,payment_authorized,2026-08-03 16:45:56,PAY00027,CMP012,SEL010,ORD00027,11797.34,INR,DemoPay,1.0,,GTX000027,,,,,,,,,,,,
PE000105,payment_captured,2026-08-03 16:47:24,PAY00027,CMP012,SEL010,ORD00027,11797.34,INR,DemoPay,1.0,,GTX000027,11797.34,,,,,,,,,,,
PE000106,revenue_recognized,2026-08-03 17:55:24,PAY00027,CMP012,SEL010,ORD00027,943.79,INR,DemoPay,1.0,,,,REV00027,943.79,platform_fee,,,,,,,,
PE000107,payment_refunded,2026-08-06 17:55:24,PAY00027,CMP012,SEL010,ORD00027,10179.08,INR,DemoPay,1.0,,,,,,,REF00027,10179.08,service_issue,,,,,
PE000108,payment_initiated,2026-08-03 09:47:00,PAY00028,CMP029,SEL005,ORD00028,4212.57,INR,DemoGateway,1.0,netbanking,,,,,,,,,,,,,
PE000109,payment_authorized,2026-08-03 09:47:23,PAY00028,CMP029,SEL005,ORD00028,4212.57,INR,DemoGateway,1.0,,GTX000028,,,,,,,,,,,,
PE000110,payment_captured,2026-08-03 09:48:45,PAY00028,CMP029,SEL005,ORD00028,4212.57,INR,DemoGateway,1.0,,GTX000028,4212.57,,,,,,,,,,,
PE000111,revenue_recognized,2026-08-03 10:15:45,PAY00028,CMP029,SEL005,ORD00028,337.01,INR,DemoGateway,1.0,,,,REV00028,337.01,platform_fee,,,,,,,,
PE000112,payment_initiated,2026-08-03 08:05:00,PAY00029,CMP021,SEL009,ORD00029,7401.35,INR,DemoGateway,1.0,netbanking,,,,,,,,,,,,,
PE000113,payment_authorized,2026-08-03 08:05:22,PAY00029,CMP021,SEL009,ORD00029,7401.35,INR,DemoGateway,1.0,,GTX000029,,,,,,,,,,,,
PE000114,payment_captured,2026-08-03 08:05:32,PAY00029,CMP021,SEL009,ORD00029,7401.35,INR,DemoGateway,1.0,,GTX000029,7401.35,,,,,,,,,,,
PE000115,revenue_recognized,2026-08-03 08:06:32,PAY00029,CMP021,SEL009,ORD00029,592.11,INR,DemoGateway,1.0,,,,REV00029,592.11,platform_fee,,,,,,,,
PE000116,payment_initiated,2026-08-03 14:35:00,PAY00030,CMP009,SEL006,ORD00030,14464.49,INR,DemoGateway,1.0,card,,,,,,,,,,,,,
PE000117,payment_authorized,2026-08-03 14:35:49,PAY00030,CMP009,SEL006,ORD00030,14464.49,INR,DemoGateway,1.0,,GTX000030,,,,,,,,,,,,
PE000118,payment_captured,2026-08-03 14:37:49,PAY00030,CMP009,SEL006,ORD00030,14464.49,INR,DemoGateway,1.0,,GTX000030,14464.49,,,,,,,,,,,
PE000119,revenue_recognized,2026-08-03 14:57:49,PAY00030,CMP009,SEL006,ORD00030,1157.16,INR,DemoGateway,1.0,,,,REV00030,1157.16,platform_fee,,,,,,,,
PE000120,payment_initiated,2026-08-03 08:19:00,PAY00031,CMP019,SEL018,ORD00031,11599.99,INR,DemoPay,1.0,upi,,,,,,,,,,,,,
PE000121,payment_authorized,2026-08-03 08:19:55,PAY00031,CMP019,SEL018,ORD00031,11599.99,INR,DemoPay,1.0,,GTX000031,,,,,,,,,,,,
PE000122,payment_captured,2026-08-03 08:21:50,PAY00031,CMP019,SEL018,ORD00031,11599.99,INR,DemoPay,1.0,,GTX000031,11599.99,,,,,,,,,,,
PE000123,revenue_recognized,2026-08-03 08:27:50,PAY00031,CMP019,SEL018,ORD00031,928.0,INR,DemoPay,1.0,,,,REV00031,928.0,platform_fee,,,,,,,,
PE000124,payment_initiated,2026-08-03 14:39:00,PAY00032,CMP008,SEL004,ORD00032,19832.73,INR,DemoGateway,1.0,netbanking,,,,,,,,,,,,,
PE000125,payment_authorized,2026-08-03 14:39:20,PAY00032,CMP008,SEL004,ORD00032,19832.73,INR,DemoGateway,1.0,,GTX000032,,,,,,,,,,,,
PE000126,payment_captured,2026-08-03 14:41:15,PAY00032,CMP008,SEL004,ORD00032,19832.73,INR,DemoGateway,1.0,,GTX000032,19832.73,,,,,,,,,,,
PE000127,revenue_recognized,2026-08-03 15:02:15,PAY00032,CMP008,SEL004,ORD00032,1586.62,INR,DemoGateway,1.0,,,,REV00032,1586.62,platform_fee,,,,,,,,
PE000128,payment_initiated,2026-08-03 13:50:00,PAY00033,CMP029,SEL014,ORD00033,5714.98,INR,DemoPay,1.0,upi,,,,,,,,,,,,,
PE000129,payment_authorized,2026-08-03 13:51:00,PAY00033,CMP029,SEL014,ORD00033,5714.98,INR,DemoPay,1.0,,GTX000033,,,,,,,,,,,,
PE000130,payment_captured,2026-08-03 13:52:39,PAY00033,CMP029,SEL014,ORD00033,5714.98,INR,DemoPay,1.0,,GTX000033,5714.98,,,,,,,,,,,
PE000131,revenue_recognized,2026-08-03 15:36:39,PAY00033,CMP029,SEL014,ORD00033,457.2,INR,DemoPay,1.0,,,,REV00033,457.2,platform_fee,,,,,,,,
PE000132,payment_initiated,2026-08-03 15:14:00,PAY00034,CMP023,SEL004,ORD00034,21995.92,INR,DemoGateway,1.0,card,,,,,,,,,,,,,
PE000133,payment_authorized,2026-08-03 15:14:34,PAY00034,CMP023,SEL004,ORD00034,21995.92,INR,DemoGateway,1.0,,GTX000034,,,,,,,,,,,,
PE000134,payment_captured,2026-08-03 15:15:23,PAY00034,CMP023,SEL004,ORD00034,21995.92,INR,DemoGateway,1.0,,GTX000034,21995.92,,,,,,,,,,,
PE000135,revenue_recognized,2026-08-03 15:55:23,PAY00034,CMP023,SEL004,ORD00034,1759.67,INR,DemoGateway,1.0,,,,REV00034,1759.67,platform_fee,,,,,,,,
PE000136,payment_initiated,2026-08-03 12:55:00,PAY00035,CMP008,SEL001,ORD00035,10863.95,INR,DemoPay,1.0,card,,,,,,,,,,,,,
PE000137,payment_authorized,2026-08-03 12:55:22,PAY00035,CMP008,SEL001,ORD00035,10863.95,INR,DemoPay,1.0,,GTX000035,,,,,,,,,,,,
PE000138,payment_captured,2026-08-03 12:56:11,PAY00035,CMP008,SEL001,ORD00035,10863.95,INR,DemoPay,1.0,,GTX000035,10863.95,,,,,,,,,,,
PE000139,revenue_recognized,2026-08-03 14:19:11,PAY00035,CMP008,SEL001,ORD00035,869.12,INR,DemoPay,1.0,,,,REV00035,869.12,platform_fee,,,,,,,,
PE000140,payment_initiated,2026-08-03 09:56:00,PAY00036,CMP027,SEL018,ORD00036,23572.07,INR,DemoGateway,1.0,upi,,,,,,,,,,,,,
PE000141,payment_authorized,2026-08-03 09:56:21,PAY00036,CMP027,SEL018,ORD00036,23572.07,INR,DemoGateway,1.0,,GTX000036,,,,,,,,,,,,
PE000142,payment_captured,2026-08-03 09:56:30,PAY00036,CMP027,SEL018,ORD00036,23572.07,INR,DemoGateway,1.0,,GTX000036,23572.07,,,,,,,,,,,
PE000143,revenue_recognized,2026-08-03 10:10:30,PAY00036,CMP027,SEL018,ORD00036,1885.77,INR,DemoGateway,1.0,,,,REV00036,1885.77,platform_fee,,,,,,,,
PE000144,payment_initiated,2026-08-03 16:07:00,PAY00037,CMP026,SEL011,ORD00037,15745.91,INR,DemoGateway,1.0,upi,,,,,,,,,,,,,
PE000145,payment_authorized,2026-08-03 16:07:17,PAY00037,CMP026,SEL011,ORD00037,15745.91,INR,DemoGateway,1.0,,GTX000037,,,,,,,,,,,,
PE000146,payment_captured,2026-08-03 16:07:54,PAY00037,CMP026,SEL011,ORD00037,15745.91,INR,DemoGateway,1.0,,GTX000037,15745.91,,,,,,,,,,,
PE000147,revenue_recognized,2026-08-03 16:13:54,PAY00037,CMP026,SEL011,ORD00037,1259.67,INR,DemoGateway,1.0,,,,REV00037,1259.67,platform_fee,,,,,,,,
PE000148,payment_chargeback,2026-08-13 16:13:54,PAY00037,CMP026,SEL011,ORD00037,14866.99,INR,DemoGateway,1.0,,,,,,,,,,,,CB00037,14866.99,duplicate_payment
PE000149,payment_initiated,2026-08-03 18:58:00,PAY00038,CMP024,SEL007,ORD00038,11635.49,INR,DemoGateway,1.0,upi,,,,,,,,,,,,,
PE000150,payment_authorized,2026-08-03 18:58:47,PAY00038,CMP024,SEL007,ORD00038,11635.49,INR,DemoGateway,1.0,,GTX000038,,,,,,,,,,,,
PE000151,payment_captured,2026-08-03 19:00:40,PAY00038,CMP024,SEL007,ORD00038,11635.49,INR,DemoGateway,1.0,,GTX000038,11635.49,,,,,,,,,,,
PE000152,revenue_recognized,2026-08-03 19:16:40,PAY00038,CMP024,SEL007,ORD00038,930.84,INR,DemoGateway,1.0,,,,REV00038,930.84,platform_fee,,,,,,,,
PE000153,payment_initiated,2026-08-03 12:35:00,PAY00039,CMP010,SEL014,ORD00039,10956.41,INR,DemoGateway,1.0,card,,,,,,,,,,,,,
PE000154,payment_authorized,2026-08-03 12:35:47,PAY00039,CMP010,SEL014,ORD00039,10956.41,INR,DemoGateway,1.0,,GTX000039,,,,,,,,,,,,
PE000155,payment_captured,2026-08-03 12:36:40,PAY00039,CMP010,SEL014,ORD00039,10956.41,INR,DemoGateway,1.0,,GTX000039,10956.41,,,,,,,,,,,
PE000156,revenue_recognized,2026-08-03 14:03:40,PAY00039,CMP010,SEL014,ORD00039,876.51,INR,DemoGateway,1.0,,,,REV00039,876.51,platform_fee,,,,,,,,
PE000157,payment_initiated,2026-08-03 08:19:00,PAY00040,CMP019,SEL010,ORD00040,14376.52,INR,DemoGateway,1.0,upi,,,,,,,,,,,,,
PE000158,payment_authorized,2026-08-03 08:19:55,PAY00040,CMP019,SEL010,ORD00040,14376.52,INR,DemoGateway,1.0,,GTX000040,,,,,,,,,,,,
PE000159,payment_captured,2026-08-03 08:21:14,PAY00040,CMP019,SEL010,ORD00040,14376.52,INR,DemoGateway,1.0,,GTX000040,14376.52,,,,,,,,,,,
PE000160,revenue_recognized,2026-08-03 09:39:14,PAY00040,CMP019,SEL010,ORD00040,1150.12,INR,DemoGateway,1.0,,,,REV00040,1150.12,platform_fee,,,,,,,,
PE000161,payment_initiated,2026-08-03 10:42:00,PAY00041,CMP015,SEL007,ORD00041,20152.78,INR,DemoGateway,1.0,card,,,,,,,,,,,,,
PE000162,payment_authorized,2026-08-03 10:42:47,PAY00041,CMP015,SEL007,ORD00041,20152.78,INR,DemoGateway,1.0,,GTX000041,,,,,,,,,,,,
PE000163,payment_captured,2026-08-03 10:44:13,PAY00041,CMP015,SEL007,ORD00041,20152.78,INR,DemoGateway,1.0,,GTX000041,20152.78,,,,,,,,,,,
PE000164,revenue_recognized,2026-08-03 12:04:13,PAY00041,CMP015,SEL007,ORD00041,1612.22,INR,DemoGateway,1.0,,,,REV00041,1612.22,platform_fee,,,,,,,,
PE000165,payment_initiated,2026-08-03 11:09:00,PAY00042,CMP025,SEL008,ORD00042,6779.06,INR,DemoGateway,1.0,card,,,,,,,,,,,,,
PE000166,payment_failed,2026-08-03 11:10:10,PAY00042,CMP025,SEL008,ORD00042,6779.06,INR,DemoGateway,1.0,,,,,,,,,,INSUFFICIENT_FUNDS,demo_failure,,,
PE000167,payment_initiated,2026-08-03 18:36:00,PAY00043,CMP028,SEL003,ORD00043,11239.36,INR,DemoGateway,1.0,card,,,,,,,,,,,,,
PE000168,payment_authorized,2026-08-03 18:36:29,PAY00043,CMP028,SEL003,ORD00043,11239.36,INR,DemoGateway,1.0,,GTX000043,,,,,,,,,,,,
PE000169,payment_captured,2026-08-03 18:37:37,PAY00043,CMP028,SEL003,ORD00043,11239.36,INR,DemoGateway,1.0,,GTX000043,11239.36,,,,,,,,,,,
PE000170,revenue_recognized,2026-08-03 19:29:37,PAY00043,CMP028,SEL003,ORD00043,899.15,INR,DemoGateway,1.0,,,,REV00043,899.15,platform_fee,,,,,,,,
PE000171,payment_initiated,2026-08-03 16:29:00,PAY00044,CMP001,SEL004,ORD00044,6642.77,INR,DemoGateway,1.0,card,,,,,,,,,,,,,
PE000172,payment_authorized,2026-08-03 16:29:59,PAY00044,CMP001,SEL004,ORD00044,6642.77,INR,DemoGateway,1.0,,GTX000044,,,,,,,,,,,,
PE000173,payment_captured,2026-08-03 16:30:19,PAY00044,CMP001,SEL004,ORD00044,6642.77,INR,DemoGateway,1.0,,GTX000044,6642.77,,,,,,,,,,,
PE000174,revenue_recognized,2026-08-03 17:29:19,PAY00044,CMP001,SEL004,ORD00044,531.42,INR,DemoGateway,1.0,,,,REV00044,531.42,platform_fee,,,,,,,,
PE000175,payment_initiated,2026-08-03 15:39:00,PAY00045,CMP017,SEL018,ORD00045,23825.93,INR,DemoGateway,1.0,netbanking,,,,,,,,,,,,,
PE000176,payment_authorized,2026-08-03 15:39:32,PAY00045,CMP017,SEL018,ORD00045,23825.93,INR,DemoGateway,1.0,,GTX000045,,,,,,,,,,,,
PE000177,payment_captured,2026-08-03 15:41:23,PAY00045,CMP017,SEL018,ORD00045,23825.93,INR,DemoGateway,1.0,,GTX000045,23825.93,,,,,,,,,,,
PE000178,revenue_recognized,2026-08-03 17:38:23,PAY00045,CMP017,SEL018,ORD00045,1906.07,INR,DemoGateway,1.0,,,,REV00045,1906.07,platform_fee,,,,,,,,
PE000179,payment_initiated,2026-08-03 11:53:00,PAY00046,CMP024,SEL016,ORD00046,7591.0,INR,DemoGateway,1.0,netbanking,,,,,,,,,,,,,
PE000180,payment_authorized,2026-08-03 11:53:54,PAY00046,CMP024,SEL016,ORD00046,7591.0,INR,DemoGateway,1.0,,GTX000046,,,,,,,,,,,,
PE000181,payment_captured,2026-08-03 11:55:05,PAY00046,CMP024,SEL016,ORD00046,7591.0,INR,DemoGateway,1.0,,GTX000046,7591.0,,,,,,,,,,,
PE000182,revenue_recognized,2026-08-03 12:58:05,PAY00046,CMP024,SEL016,ORD00046,607.28,INR,DemoGateway,1.0,,,,REV00046,607.28,platform_fee,,,,,,,,
PE000183,payment_initiated,2026-08-03 13:57:00,PAY00047,CMP003,SEL010,ORD00047,7885.31,INR,DemoPay,1.0,netbanking,,,,,,,,,,,,,
PE000184,payment_authorized,2026-08-03 13:57:14,PAY00047,CMP003,SEL010,ORD00047,7885.31,INR,DemoPay,1.0,,GTX000047,,,,,,,,,,,,
PE000185,payment_captured,2026-08-03 13:57:48,PAY00047,CMP003,SEL010,ORD00047,7885.31,INR,DemoPay,1.0,,GTX000047,7885.31,,,,,,,,,,,
PE000186,revenue_recognized,2026-08-03 14:47:48,PAY00047,CMP003,SEL010,ORD00047,630.82,INR,DemoPay,1.0,,,,REV00047,630.82,platform_fee,,,,,,,,
PE000187,payment_initiated,2026-08-03 15:26:00,PAY00048,CMP003,SEL014,ORD00048,9275.71,INR,DemoGateway,1.0,card,,,,,,,,,,,,,
PE000188,payment_authorized,2026-08-03 15:26:31,PAY00048,CMP003,SEL014,ORD00048,9275.71,INR,DemoGateway,1.0,,GTX000048,,,,,,,,,,,,
PE000189,payment_captured,2026-08-03 15:27:25,PAY00048,CMP003,SEL014,ORD00048,9275.71,INR,DemoGateway,1.0,,GTX000048,9275.71,,,,,,,,,,,
PE000190,revenue_recognized,2026-08-03 17:23:25,PAY00048,CMP003,SEL014,ORD00048,742.06,INR,DemoGateway,1.0,,,,REV00048,742.06,platform_fee,,,,,,,,
PE000191,payment_initiated,2026-08-03 13:19:00,PAY00049,CMP001,SEL019,ORD00049,12709.02,INR,DemoGateway,1.0,upi,,,,,,,,,,,,,
PE000192,payment_authorized,2026-08-03 13:19:58,PAY00049,CMP001,SEL019,ORD00049,12709.02,INR,DemoGateway,1.0,,GTX000049,,,,,,,,,,,,
PE000193,payment_captured,2026-08-03 13:20:56,PAY00049,CMP001,SEL019,ORD00049,12709.02,INR,DemoGateway,1.0,,GTX000049,12709.02,,,,,,,,,,,
PE000194,revenue_recognized,2026-08-03 14:29:56,PAY00049,CMP001,SEL019,ORD00049,1016.72,INR,DemoGateway,1.0,,,,REV00049,1016.72,platform_fee,,,,,,,,
PE000195,payment_initiated,2026-08-03 14:31:00,PAY00050,CMP020,SEL008,ORD00050,6656.41,INR,DemoGateway,1.0,card,,,,,,,,,,,,,
PE000196,payment_authorized,2026-08-03 14:31:47,PAY00050,CMP020,SEL008,ORD00050,6656.41,INR,DemoGateway,1.0,,GTX000050,,,,,,,,,,,,
PE000197,payment_captured,2026-08-03 14:33:18,PAY00050,CMP020,SEL008,ORD00050,6656.41,INR,DemoGateway,1.0,,GTX000050,6656.41,,,,,,,,,,,
PE000198,revenue_recognized,2026-08-03 16:16:18,PAY00050,CMP020,SEL008,ORD00050,532.51,INR,DemoGateway,1.0,,,,REV00050,532.51,platform_fee,,,,,,,,
PE000199,payment_initiated,2026-08-03 17:36:00,PAY00051,CMP015,SEL005,ORD00051,22812.83,INR,DemoPay,1.0,netbanking,,,,,,,,,,,,,
PE000200,payment_failed,2026-08-03 17:37:04,PAY00051,CMP015,SEL005,ORD00051,22812.83,INR,DemoPay,1.0,,,,,,,,,,DECLINED,demo_failure,,,
PE000201,payment_initiated,2026-08-04 11:29:00,PAY00052,CMP006,SEL002,ORD00052,10408.94,INR,DemoGateway,1.0,upi,,,,,,,,,,,,,
PE000202,payment_authorized,2026-08-04 11:29:29,PAY00052,CMP006,SEL002,ORD00052,10408.94,INR,DemoGateway,1.0,,GTX000052,,,,,,,,,,,,
PE000203,payment_captured,2026-08-04 11:30:09,PAY00052,CMP006,SEL002,ORD00052,10408.94,INR,DemoGateway,1.0,,GTX000052,10408.94,,,,,,,,,,,
PE000204,revenue_recognized,2026-08-04 13:07:09,PAY00052,CMP006,SEL002,ORD00052,832.72,INR,DemoGateway,1.0,,,,REV00052,832.72,platform_fee,,,,,,,,
PE000205,payment_initiated,2026-08-04 16:03:00,PAY00053,CMP027,SEL003,ORD00053,1955.51,INR,DemoGateway,1.0,upi,,,,,,,,,,,,,
PE000206,payment_authorized,2026-08-04 16:03:09,PAY00053,CMP027,SEL003,ORD00053,1955.51,INR,DemoGateway,1.0,,GTX000053,,,,,,,,,,,,
PE000207,payment_captured,2026-08-04 16:04:53,PAY00053,CMP027,SEL003,ORD00053,1955.51,INR,DemoGateway,1.0,,GTX000053,1955.51,,,,,,,,,,,
PE000208,revenue_recognized,2026-08-04 17:28:53,PAY00053,CMP027,SEL003,ORD00053,156.44,INR,DemoGateway,1.0,,,,REV00053,156.44,platform_fee,,,,,,,,
PE000209,payment_refunded,2026-08-06 17:28:53,PAY00053,CMP027,SEL003,ORD00053,534.39,INR,DemoGateway,1.0,,,,,,,REF00053,534.39,customer_request,,,,,
PE000210,payment_initiated,2026-08-04 18:07:00,PAY00054,CMP020,SEL005,ORD00054,4466.19,INR,DemoPay,1.0,netbanking,,,,,,,,,,,,,
PE000211,payment_authorized,2026-08-04 18:07:34,PAY00054,CMP020,SEL005,ORD00054,4466.19,INR,DemoPay,1.0,,GTX000054,,,,,,,,,,,,
PE000212,payment_captured,2026-08-04 18:09:08,PAY00054,CMP020,SEL005,ORD00054,4466.19,INR,DemoPay,1.0,,GTX000054,4466.19,,,,,,,,,,,
PE000213,revenue_recognized,2026-08-04 18:42:08,PAY00054,CMP020,SEL005,ORD00054,357.3,INR,DemoPay,1.0,,,,REV00054,357.3,platform_fee,,,,,,,,
PE000214,payment_initiated,2026-08-04 09:37:00,PAY00055,CMP020,SEL004,ORD00055,24170.94,INR,DemoPay,1.0,card,,,,,,,,,,,,,
PE000215,payment_authorized,2026-08-04 09:37:41,PAY00055,CMP020,SEL004,ORD00055,24170.94,INR,DemoPay,1.0,,GTX000055,,,,,,,,,,,,
PE000216,payment_captured,2026-08-04 09:39:12,PAY00055,CMP020,SEL004,ORD00055,24170.94,INR,DemoPay,1.0,,GTX000055,24170.94,,,,,,,,,,,
PE000217,revenue_recognized,2026-08-04 11:36:12,PAY00055,CMP020,SEL004,ORD00055,1933.68,INR,DemoPay,1.0,,,,REV00055,1933.68,platform_fee,,,,,,,,
PE000218,payment_initiated,2026-08-04 18:15:00,PAY00056,CMP023,SEL007,ORD00056,15414.3,INR,DemoPay,1.0,card,,,,,,,,,,,,,
PE000219,payment_authorized,2026-08-04 18:15:24,PAY00056,CMP023,SEL007,ORD00056,15414.3,INR,DemoPay,1.0,,GTX000056,,,,,,,,,,,,
PE000220,payment_captured,2026-08-04 18:17:17,PAY00056,CMP023,SEL007,ORD00056,15414.3,INR,DemoPay,1.0,,GTX000056,15414.3,,,,,,,,,,,
PE000221,revenue_recognized,2026-08-04 19:45:17,PAY00056,CMP023,SEL007,ORD00056,1233.14,INR,DemoPay,1.0,,,,REV00056,1233.14,platform_fee,,,,,,,,
PE000222,payment_initiated,2026-08-04 18:23:00,PAY00057,CMP019,SEL002,ORD00057,14019.51,INR,DemoGateway,1.0,card,,,,,,,,,,,,,
PE000223,payment_authorized,2026-08-04 18:23:26,PAY00057,CMP019,SEL002,ORD00057,14019.51,INR,DemoGateway,1.0,,GTX000057,,,,,,,,,,,,
PE000224,payment_captured,2026-08-04 18:23:32,PAY00057,CMP019,SEL002,ORD00057,14019.51,INR,DemoGateway,1.0,,GTX000057,14019.51,,,,,,,,,,,
PE000225,revenue_recognized,2026-08-04 20:12:32,PAY00057,CMP019,SEL002,ORD00057,1121.56,INR,DemoGateway,1.0,,,,REV00057,1121.56,platform_fee,,,,,,,,
PE000226,payment_initiated,2026-08-04 14:11:00,PAY00058,CMP014,SEL012,ORD00058,18121.75,INR,DemoGateway,1.0,netbanking,,,,,,,,,,,,,
PE000227,payment_authorized,2026-08-04 14:11:46,PAY00058,CMP014,SEL012,ORD00058,18121.75,INR,DemoGateway,1.0,,GTX000058,,,,,,,,,,,,
PE000228,payment_captured,2026-08-04 14:12:25,PAY00058,CMP014,SEL012,ORD00058,18121.75,INR,DemoGateway,1.0,,GTX000058,18121.75,,,,,,,,,,,
PE000229,revenue_recognized,2026-08-04 15:31:25,PAY00058,CMP014,SEL012,ORD00058,1449.74,INR,DemoGateway,1.0,,,,REV00058,1449.74,platform_fee,,,,,,,,
PE000230,payment_initiated,2026-08-04 17:17:00,PAY00059,CMP016,SEL015,ORD00059,20904.76,INR,DemoGateway,1.0,upi,,,,,,,,,,,,,
PE000231,payment_authorized,2026-08-04 17:17:58,PAY00059,CMP016,SEL015,ORD00059,20904.76,INR,DemoGateway,1.0,,GTX000059,,,,,,,,,,,,
PE000232,payment_captured,2026-08-04 17:18:14,PAY00059,CMP016,SEL015,ORD00059,20904.76,INR,DemoGateway,1.0,,GTX000059,20904.76,,,,,,,,,,,
PE000233,revenue_recognized,2026-08-04 17:54:14,PAY00059,CMP016,SEL015,ORD00059,1672.38,INR,DemoGateway,1.0,,,,REV00059,1672.38,platform_fee,,,,,,,,
PE000234,payment_initiated,2026-08-04 15:54:00,PAY00060,CMP015,SEL019,ORD00060,9405.32,INR,DemoGateway,1.0,upi,,,,,,,,,,,,,
PE000235,payment_authorized,2026-08-04 15:54:18,PAY00060,CMP015,SEL019,ORD00060,9405.32,INR,DemoGateway,1.0,,GTX000060,,,,,,,,,,,,
PE000236,payment_captured,2026-08-04 15:55:08,PAY00060,CMP015,SEL019,ORD00060,9405.32,INR,DemoGateway,1.0,,GTX000060,9405.32,,,,,,,,,,,
PE000237,revenue_recognized,2026-08-04 17:38:08,PAY00060,CMP015,SEL019,ORD00060,752.43,INR,DemoGateway,1.0,,,,REV00060,752.43,platform_fee,,,,,,,,
PE000238,payment_initiated,2026-08-04 11:05:00,PAY00061,CMP020,SEL009,ORD00061,13640.74,INR,DemoPay,1.0,card,,,,,,,,,,,,,
PE000239,payment_authorized,2026-08-04 11:05:36,PAY00061,CMP020,SEL009,ORD00061,13640.74,INR,DemoPay,1.0,,GTX000061,,,,,,,,,,,,
PE000240,payment_captured,2026-08-04 11:06:52,PAY00061,CMP020,SEL009,ORD00061,13640.74,INR,DemoPay,1.0,,GTX000061,13640.74,,,,,,,,,,,
PE000241,revenue_recognized,2026-08-04 12:44:52,PAY00061,CMP020,SEL009,ORD00061,1091.26,INR,DemoPay,1.0,,,,REV00061,1091.26,platform_fee,,,,,,,,
PE000242,payment_initiated,2026-08-04 09:18:00,PAY00062,CMP023,SEL016,ORD00062,20133.92,INR,DemoGateway,1.0,card,,,,,,,,,,,,,
PE000243,payment_authorized,2026-08-04 09:18:20,PAY00062,CMP023,SEL016,ORD00062,20133.92,INR,DemoGateway,1.0,,GTX000062,,,,,,,,,,,,
PE000244,payment_captured,2026-08-04 09:19:04,PAY00062,CMP023,SEL016,ORD00062,20133.92,INR,DemoGateway,1.0,,GTX000062,20133.92,,,,,,,,,,,
PE000245,revenue_recognized,2026-08-04 10:44:04,PAY00062,CMP023,SEL016,ORD00062,1610.71,INR,DemoGateway,1.0,,,,REV00062,1610.71,platform_fee,,,,,,,,
PE000246,payment_initiated,2026-08-04 16:21:00,PAY00063,CMP017,SEL012,ORD00063,24920.84,INR,DemoGateway,1.0,upi,,,,,,,,,,,,,
PE000247,payment_authorized,2026-08-04 16:21:22,PAY00063,CMP017,SEL012,ORD00063,24920.84,INR,DemoGateway,1.0,,GTX000063,,,,,,,,,,,,
PE000248,payment_captured,2026-08-04 16:22:06,PAY00063,CMP017,SEL012,ORD00063,24920.84,INR,DemoGateway,1.0,,GTX000063,24920.84,,,,,,,,,,,
PE000249,revenue_recognized,2026-08-04 16:55:06,PAY00063,CMP017,SEL012,ORD00063,1993.67,INR,DemoGateway,1.0,,,,REV00063,1993.67,platform_fee,,,,,,,,
PE000250,payment_initiated,2026-08-04 15:17:00,PAY00064,CMP011,SEL004,ORD00064,6001.21,INR,DemoPay,1.0,netbanking,,,,,,,,,,,,,
PE000251,payment_authorized,2026-08-04 15:17:53,PAY00064,CMP011,SEL004,ORD00064,6001.21,INR,DemoPay,1.0,,GTX000064,,,,,,,,,,,,
PE000252,payment_captured,2026-08-04 15:19:05,PAY00064,CMP011,SEL004,ORD00064,6001.21,INR,DemoPay,1.0,,GTX000064,6001.21,,,,,,,,,,,
PE000253,revenue_recognized,2026-08-04 16:36:05,PAY00064,CMP011,SEL004,ORD00064,480.1,INR,DemoPay,1.0,,,,REV00064,480.1,platform_fee,,,,,,,,
PE000254,payment_initiated,2026-08-04 12:00:00,PAY00065,CMP007,SEL010,ORD00065,9980.71,INR,DemoPay,1.0,netbanking,,,,,,,,,,,,,
PE000255,payment_authorized,2026-08-04 12:00:22,PAY00065,CMP007,SEL010,ORD00065,9980.71,INR,DemoPay,1.0,,GTX000065,,,,,,,,,,,,
PE000256,payment_captured,2026-08-04 12:00:32,PAY00065,CMP007,SEL010,ORD00065,9980.71,INR,DemoPay,1.0,,GTX000065,9980.71,,,,,,,,,,,
PE000257,revenue_recognized,2026-08-04 12:07:32,PAY00065,CMP007,SEL010,ORD00065,798.46,INR,DemoPay,1.0,,,,REV00065,798.46,platform_fee,,,,,,,,
PE000258,payment_initiated,2026-08-04 17:18:00,PAY00066,CMP005,SEL016,ORD00066,22008.91,INR,DemoPay,1.0,upi,,,,,,,,,,,,,
PE000259,payment_authorized,2026-08-04 17:18:26,PAY00066,CMP005,SEL016,ORD00066,22008.91,INR,DemoPay,1.0,,GTX000066,,,,,,,,,,,,
PE000260,payment_captured,2026-08-04 17:18:54,PAY00066,CMP005,SEL016,ORD00066,22008.91,INR,DemoPay,1.0,,GTX000066,22008.91,,,,,,,,,,,
PE000261,revenue_recognized,2026-08-04 17:25:54,PAY00066,CMP005,SEL016,ORD00066,1760.71,INR,DemoPay,1.0,,,,REV00066,1760.71,platform_fee,,,,,,,,
PE000262,payment_initiated,2026-08-04 17:40:00,PAY00067,CMP004,SEL003,ORD00067,13056.04,INR,DemoGateway,1.0,netbanking,,,,,,,,,,,,,
PE000263,payment_failed,2026-08-04 17:40:29,PAY00067,CMP004,SEL003,ORD00067,13056.04,INR,DemoGateway,1.0,,,,,,,,,,INSUFFICIENT_FUNDS,demo_failure,,,
PE000264,payment_initiated,2026-08-04 14:38:00,PAY00068,CMP010,SEL003,ORD00068,4283.61,INR,DemoPay,1.0,netbanking,,,,,,,,,,,,,
PE000265,payment_authorized,2026-08-04 14:38:19,PAY00068,CMP010,SEL003,ORD00068,4283.61,INR,DemoPay,1.0,,GTX000068,,,,,,,,,,,,
PE000266,payment_captured,2026-08-04 14:40:03,PAY00068,CMP010,SEL003,ORD00068,4283.61,INR,DemoPay,1.0,,GTX000068,4283.61,,,,,,,,,,,
PE000267,revenue_recognized,2026-08-04 15:47:03,PAY00068,CMP010,SEL003,ORD00068,342.69,INR,DemoPay,1.0,,,,REV00068,342.69,platform_fee,,,,,,,,
PE000268,payment_initiated,2026-08-04 17:03:00,PAY00069,CMP010,SEL019,ORD00069,8676.44,INR,DemoGateway,1.0,netbanking,,,,,,,,,,,,,
PE000269,payment_authorized,2026-08-04 17:03:11,PAY00069,CMP010,SEL019,ORD00069,8676.44,INR,DemoGateway,1.0,,GTX000069,,,,,,,,,,,,
PE000270,payment_captured,2026-08-04 17:04:53,PAY00069,CMP010,SEL019,ORD00069,8676.44,INR,DemoGateway,1.0,,GTX000069,8676.44,,,,,,,,,,,
PE000271,revenue_recognized,2026-08-04 17:31:53,PAY00069,CMP010,SEL019,ORD00069,694.12,INR,DemoGateway,1.0,,,,REV00069,694.12,platform_fee,,,,,,,,
PE000272,payment_initiated,2026-08-04 09:10:00,PAY00070,CMP003,SEL006,ORD00070,5584.62,INR,DemoPay,1.0,card,,,,,,,,,,,,,
PE000273,payment_authorized,2026-08-04 09:10:49,PAY00070,CMP003,SEL006,ORD00070,5584.62,INR,DemoPay,1.0,,GTX000070,,,,,,,,,,,,
PE000274,payment_captured,2026-08-04 09:12:10,PAY00070,CMP003,SEL006,ORD00070,5584.62,INR,DemoPay,1.0,,GTX000070,5584.62,,,,,,,,,,,
PE000275,revenue_recognized,2026-08-04 10:13:10,PAY00070,CMP003,SEL006,ORD00070,446.77,INR,DemoPay,1.0,,,,REV00070,446.77,platform_fee,,,,,,,,
PE000276,payment_initiated,2026-08-04 11:59:00,PAY00071,CMP023,SEL010,ORD00071,3172.72,INR,DemoGateway,1.0,upi,,,,,,,,,,,,,
PE000277,payment_authorized,2026-08-04 11:59:45,PAY00071,CMP023,SEL010,ORD00071,3172.72,INR,DemoGateway,1.0,,GTX000071,,,,,,,,,,,,
PE000278,payment_captured,2026-08-04 12:01:05,PAY00071,CMP023,SEL010,ORD00071,3172.72,INR,DemoGateway,1.0,,GTX000071,3172.72,,,,,,,,,,,
PE000279,revenue_recognized,2026-08-04 13:26:05,PAY00071,CMP023,SEL010,ORD00071,253.82,INR,DemoGateway,1.0,,,,REV00071,253.82,platform_fee,,,,,,,,
PE000280,payment_initiated,2026-08-04 12:52:00,PAY00072,CMP004,SEL018,ORD00072,16719.42,INR,DemoPay,1.0,card,,,,,,,,,,,,,
PE000281,payment_failed,2026-08-04 12:52:31,PAY00072,CMP004,SEL018,ORD00072,16719.42,INR,DemoPay,1.0,,,,,,,,,,TIMEOUT,demo_failure,,,
PE000282,payment_initiated,2026-08-04 15:44:00,PAY00073,CMP020,SEL019,ORD00073,11820.11,INR,DemoGateway,1.0,upi,,,,,,,,,,,,,
PE000283,payment_authorized,2026-08-04 15:44:22,PAY00073,CMP020,SEL019,ORD00073,11820.11,INR,DemoGateway,1.0,,GTX000073,,,,,,,,,,,,
PE000284,payment_captured,2026-08-04 15:45:31,PAY00073,CMP020,SEL019,ORD00073,11820.11,INR,DemoGateway,1.0,,GTX000073,11820.11,,,,,,,,,,,
PE000285,revenue_recognized,2026-08-04 16:55:31,PAY00073,CMP020,SEL019,ORD00073,945.61,INR,DemoGateway,1.0,,,,REV00073,945.61,platform_fee,,,,,,,,
PE000286,payment_initiated,2026-08-04 08:05:00,PAY00074,CMP002,SEL014,ORD00074,15687.27,INR,DemoGateway,1.0,card,,,,,,,,,,,,,
PE000287,payment_authorized,2026-08-04 08:05:58,PAY00074,CMP002,SEL014,ORD00074,15687.27,INR,DemoGateway,1.0,,GTX000074,,,,,,,,,,,,
PE000288,payment_captured,2026-08-04 08:07:53,PAY00074,CMP002,SEL014,ORD00074,15687.27,INR,DemoGateway,1.0,,GTX000074,15687.27,,,,,,,,,,,
PE000289,revenue_recognized,2026-08-04 09:21:53,PAY00074,CMP002,SEL014,ORD00074,1254.98,INR,DemoGateway,1.0,,,,REV00074,1254.98,platform_fee,,,,,,,,
PE000290,payment_chargeback,2026-08-10 09:21:53,PAY00074,CMP002,SEL014,ORD00074,12919.57,INR,DemoGateway,1.0,,,,,,,,,,,,CB00074,12919.57,duplicate_payment
PE000291,payment_initiated,2026-08-04 15:58:00,PAY00075,CMP002,SEL006,ORD00075,13695.65,INR,DemoGateway,1.0,upi,,,,,,,,,,,,,
PE000292,payment_authorized,2026-08-04 15:58:42,PAY00075,CMP002,SEL006,ORD00075,13695.65,INR,DemoGateway,1.0,,GTX000075,,,,,,,,,,,,
PE000293,payment_captured,2026-08-04 15:59:42,PAY00075,CMP002,SEL006,ORD00075,13695.65,INR,DemoGateway,1.0,,GTX000075,13695.65,,,,,,,,,,,
PE000294,revenue_recognized,2026-08-04 17:21:42,PAY00075,CMP002,SEL006,ORD00075,1095.65,INR,DemoGateway,1.0,,,,REV00075,1095.65,platform_fee,,,,,,,,
PE000295,payment_initiated,2026-08-04 18:06:00,PAY00076,CMP016,SEL012,ORD00076,9332.75,INR,DemoGateway,1.0,card,,,,,,,,,,,,,
PE000296,payment_authorized,2026-08-04 18:06:49,PAY00076,CMP016,SEL012,ORD00076,9332.75,INR,DemoGateway,1.0,,GTX000076,,,,,,,,,,,,
PE000297,payment_captured,2026-08-04 18:07:57,PAY00076,CMP016,SEL012,ORD00076,9332.75,INR,DemoGateway,1.0,,GTX000076,9332.75,,,,,,,,,,,
PE000298,revenue_recognized,2026-08-04 18:44:57,PAY00076,CMP016,SEL012,ORD00076,746.62,INR,DemoGateway,1.0,,,,REV00076,746.62,platform_fee,,,,,,,,
PE000299,payment_initiated,2026-08-04 13:16:00,PAY00077,CMP025,SEL018,ORD00077,12188.41,INR,DemoPay,1.0,upi,,,,,,,,,,,,,
PE000300,payment_authorized,2026-08-04 13:16:54,PAY00077,CMP025,SEL018,ORD00077,12188.41,INR,DemoPay,1.0,,GTX000077,,,,,,,,,,,,
PE000301,payment_captured,2026-08-04 13:17:50,PAY00077,CMP025,SEL018,ORD00077,12188.41,INR,DemoPay,1.0,,GTX000077,12188.41,,,,,,,,,,,
PE000302,revenue_recognized,2026-08-04 15:08:50,PAY00077,CMP025,SEL018,ORD00077,975.07,INR,DemoPay,1.0,,,,REV00077,975.07,platform_fee,,,,,,,,
PE000303,payment_initiated,2026-08-04 11:33:00,PAY00078,CMP022,SEL018,ORD00078,11211.32,INR,DemoGateway,1.0,upi,,,,,,,,,,,,,
PE000304,payment_authorized,2026-08-04 11:33:36,PAY00078,CMP022,SEL018,ORD00078,11211.32,INR,DemoGateway,1.0,,GTX000078,,,,,,,,,,,,
PE000305,payment_captured,2026-08-04 11:35:01,PAY00078,CMP022,SEL018,ORD00078,11211.32,INR,DemoGateway,1.0,,GTX000078,11211.32,,,,,,,,,,,
PE000306,revenue_recognized,2026-08-04 12:32:01,PAY00078,CMP022,SEL018,ORD00078,896.91,INR,DemoGateway,1.0,,,,REV00078,896.91,platform_fee,,,,,,,,
PE000307,payment_initiated,2026-08-04 15:07:00,PAY00079,CMP018,SEL005,ORD00079,11795.73,INR,DemoGateway,1.0,card,,,,,,,,,,,,,
PE000308,payment_authorized,2026-08-04 15:07:43,PAY00079,CMP018,SEL005,ORD00079,11795.73,INR,DemoGateway,1.0,,GTX000079,,,,,,,,,,,,
PE000309,payment_captured,2026-08-04 15:09:30,PAY00079,CMP018,SEL005,ORD00079,11795.73,INR,DemoGateway,1.0,,GTX000079,11795.73,,,,,,,,,,,
PE000310,revenue_recognized,2026-08-04 15:40:30,PAY00079,CMP018,SEL005,ORD00079,943.66,INR,DemoGateway,1.0,,,,REV00079,943.66,platform_fee,,,,,,,,
PE000311,payment_initiated,2026-08-04 09:29:00,PAY00080,CMP001,SEL018,ORD00080,3690.42,INR,DemoGateway,1.0,card,,,,,,,,,,,,,
PE000312,payment_authorized,2026-08-04 09:29:14,PAY00080,CMP001,SEL018,ORD00080,3690.42,INR,DemoGateway,1.0,,GTX000080,,,,,,,,,,,,
PE000313,payment_captured,2026-08-04 09:30:22,PAY00080,CMP001,SEL018,ORD00080,3690.42,INR,DemoGateway,1.0,,GTX000080,3690.42,,,,,,,,,,,
PE000314,revenue_recognized,2026-08-04 11:30:22,PAY00080,CMP001,SEL018,ORD00080,295.23,INR,DemoGateway,1.0,,,,REV00080,295.23,platform_fee,,,,,,,,
PE000315,payment_initiated,2026-08-05 16:09:00,PAY00081,CMP014,SEL016,ORD00081,7227.68,INR,DemoGateway,1.0,upi,,,,,,,,,,,,,
PE000316,payment_authorized,2026-08-05 16:09:43,PAY00081,CMP014,SEL016,ORD00081,7227.68,INR,DemoGateway,1.0,,GTX000081,,,,,,,,,,,,
PE000317,payment_captured,2026-08-05 16:10:53,PAY00081,CMP014,SEL016,ORD00081,7227.68,INR,DemoGateway,1.0,,GTX000081,7227.68,,,,,,,,,,,
PE000318,revenue_recognized,2026-08-05 17:46:53,PAY00081,CMP014,SEL016,ORD00081,578.21,INR,DemoGateway,1.0,,,,REV00081,578.21,platform_fee,,,,,,,,
PE000319,payment_initiated,2026-08-05 16:17:00,PAY00082,CMP009,SEL014,ORD00082,23454.84,INR,DemoGateway,1.0,card,,,,,,,,,,,,,
PE000320,payment_authorized,2026-08-05 16:17:24,PAY00082,CMP009,SEL014,ORD00082,23454.84,INR,DemoGateway,1.0,,GTX000082,,,,,,,,,,,,
PE000321,payment_captured,2026-08-05 16:19:16,PAY00082,CMP009,SEL014,ORD00082,23454.84,INR,DemoGateway,1.0,,GTX000082,23454.84,,,,,,,,,,,
PE000322,revenue_recognized,2026-08-05 17:35:16,PAY00082,CMP009,SEL014,ORD00082,1876.39,INR,DemoGateway,1.0,,,,REV00082,1876.39,platform_fee,,,,,,,,
PE000323,payment_initiated,2026-08-05 13:21:00,PAY00083,CMP028,SEL005,ORD00083,14156.64,INR,DemoGateway,1.0,netbanking,,,,,,,,,,,,,
PE000324,payment_authorized,2026-08-05 13:21:29,PAY00083,CMP028,SEL005,ORD00083,14156.64,INR,DemoGateway,1.0,,GTX000083,,,,,,,,,,,,
PE000325,payment_captured,2026-08-05 13:22:32,PAY00083,CMP028,SEL005,ORD00083,14156.64,INR,DemoGateway,1.0,,GTX000083,14156.64,,,,,,,,,,,
PE000326,revenue_recognized,2026-08-05 15:22:32,PAY00083,CMP028,SEL005,ORD00083,1132.53,INR,DemoGateway,1.0,,,,REV00083,1132.53,platform_fee,,,,,,,,
PE000327,payment_initiated,2026-08-05 14:02:00,PAY00084,CMP023,SEL008,ORD00084,6988.72,INR,DemoGateway,1.0,upi,,,,,,,,,,,,,
PE000328,payment_authorized,2026-08-05 14:02:50,PAY00084,CMP023,SEL008,ORD00084,6988.72,INR,DemoGateway,1.0,,GTX000084,,,,,,,,,,,,
PE000329,payment_captured,2026-08-05 14:04:38,PAY00084,CMP023,SEL008,ORD00084,6988.72,INR,DemoGateway,1.0,,GTX000084,6988.72,,,,,,,,,,,
PE000330,revenue_recognized,2026-08-05 14:53:38,PAY00084,CMP023,SEL008,ORD00084,559.1,INR,DemoGateway,1.0,,,,REV00084,559.1,platform_fee,,,,,,,,
PE000331,payment_initiated,2026-08-05 10:32:00,PAY00085,CMP027,SEL005,ORD00085,24173.37,INR,DemoGateway,1.0,netbanking,,,,,,,,,,,,,
PE000332,payment_authorized,2026-08-05 10:32:11,PAY00085,CMP027,SEL005,ORD00085,24173.37,INR,DemoGateway,1.0,,GTX000085,,,,,,,,,,,,
PE000333,payment_captured,2026-08-05 10:34:07,PAY00085,CMP027,SEL005,ORD00085,24173.37,INR,DemoGateway,1.0,,GTX000085,24173.37,,,,,,,,,,,
PE000334,revenue_recognized,2026-08-05 12:23:07,PAY00085,CMP027,SEL005,ORD00085,1933.87,INR,DemoGateway,1.0,,,,REV00085,1933.87,platform_fee,,,,,,,,
PE000335,payment_initiated,2026-08-05 18:09:00,PAY00086,CMP015,SEL001,ORD00086,11134.5,INR,DemoPay,1.0,card,,,,,,,,,,,,,
PE000336,payment_authorized,2026-08-05 18:09:21,PAY00086,CMP015,SEL001,ORD00086,11134.5,INR,DemoPay,1.0,,GTX000086,,,,,,,,,,,,
PE000337,payment_captured,2026-08-05 18:10:09,PAY00086,CMP015,SEL001,ORD00086,11134.5,INR,DemoPay,1.0,,GTX000086,11134.5,,,,,,,,,,,
PE000338,revenue_recognized,2026-08-05 19:30:09,PAY00086,CMP015,SEL001,ORD00086,890.76,INR,DemoPay,1.0,,,,REV00086,890.76,platform_fee,,,,,,,,
PE000339,payment_initiated,2026-08-05 18:45:00,PAY00087,CMP028,SEL011,ORD00087,23922.28,INR,DemoGateway,1.0,upi,,,,,,,,,,,,,
PE000340,payment_authorized,2026-08-05 18:45:07,PAY00087,CMP028,SEL011,ORD00087,23922.28,INR,DemoGateway,1.0,,GTX000087,,,,,,,,,,,,
PE000341,payment_captured,2026-08-05 18:46:31,PAY00087,CMP028,SEL011,ORD00087,23922.28,INR,DemoGateway,1.0,,GTX000087,23922.28,,,,,,,,,,,
PE000342,revenue_recognized,2026-08-05 18:55:31,PAY00087,CMP028,SEL011,ORD00087,1913.78,INR,DemoGateway,1.0,,,,REV00087,1913.78,platform_fee,,,,,,,,
PE000343,payment_initiated,2026-08-05 09:48:00,PAY00088,CMP010,SEL008,ORD00088,11698.33,INR,DemoPay,1.0,netbanking,,,,,,,,,,,,,
PE000344,payment_authorized,2026-08-05 09:48:11,PAY00088,CMP010,SEL008,ORD00088,11698.33,INR,DemoPay,1.0,,GTX000088,,,,,,,,,,,,
PE000345,payment_captured,2026-08-05 09:49:12,PAY00088,CMP010,SEL008,ORD00088,11698.33,INR,DemoPay,1.0,,GTX000088,11698.33,,,,,,,,,,,
PE000346,revenue_recognized,2026-08-05 10:11:12,PAY00088,CMP010,SEL008,ORD00088,935.87,INR,DemoPay,1.0,,,,REV00088,935.87,platform_fee,,,,,,,,
PE000347,payment_initiated,2026-08-05 13:27:00,PAY00089,CMP002,SEL011,ORD00089,8394.14,INR,DemoPay,1.0,card,,,,,,,,,,,,,
PE000348,payment_authorized,2026-08-05 13:27:31,PAY00089,CMP002,SEL011,ORD00089,8394.14,INR,DemoPay,1.0,,GTX000089,,,,,,,,,,,,
PE000349,payment_captured,2026-08-05 13:28:48,PAY00089,CMP002,SEL011,ORD00089,8394.14,INR,DemoPay,1.0,,GTX000089,8394.14,,,,,,,,,,,
PE000350,revenue_recognized,2026-08-05 14:56:48,PAY00089,CMP002,SEL011,ORD00089,671.53,INR,DemoPay,1.0,,,,REV00089,671.53,platform_fee,,,,,,,,
PE000351,payment_initiated,2026-08-05 11:31:00,PAY00090,CMP003,SEL020,ORD00090,16063.19,INR,DemoGateway,1.0,netbanking,,,,,,,,,,,,,
PE000352,payment_authorized,2026-08-05 11:31:34,PAY00090,CMP003,SEL020,ORD00090,16063.19,INR,DemoGateway,1.0,,GTX000090,,,,,,,,,,,,
PE000353,payment_captured,2026-08-05 11:33:00,PAY00090,CMP003,SEL020,ORD00090,16063.19,INR,DemoGateway,1.0,,GTX000090,16063.19,,,,,,,,,,,
PE000354,revenue_recognized,2026-08-05 12:06:00,PAY00090,CMP003,SEL020,ORD00090,1285.06,INR,DemoGateway,1.0,,,,REV00090,1285.06,platform_fee,,,,,,,,
PE000355,payment_initiated,2026-08-05 10:04:00,PAY00091,CMP029,SEL015,ORD00091,17423.86,INR,DemoGateway,1.0,upi,,,,,,,,,,,,,
PE000356,payment_authorized,2026-08-05 10:04:42,PAY00091,CMP029,SEL015,ORD00091,17423.86,INR,DemoGateway,1.0,,GTX000091,,,,,,,,,,,,
PE000357,payment_captured,2026-08-05 10:05:25,PAY00091,CMP029,SEL015,ORD00091,17423.86,INR,DemoGateway,1.0,,GTX000091,17423.86,,,,,,,,,,,
PE000358,revenue_recognized,2026-08-05 11:27:25,PAY00091,CMP029,SEL015,ORD00091,1393.91,INR,DemoGateway,1.0,,,,REV00091,1393.91,platform_fee,,,,,,,,
PE000359,payment_initiated,2026-08-05 15:06:00,PAY00092,CMP015,SEL010,ORD00092,24985.28,INR,DemoPay,1.0,card,,,,,,,,,,,,,
PE000360,payment_authorized,2026-08-05 15:06:27,PAY00092,CMP015,SEL010,ORD00092,24985.28,INR,DemoPay,1.0,,GTX000092,,,,,,,,,,,,
PE000361,payment_captured,2026-08-05 15:07:45,PAY00092,CMP015,SEL010,ORD00092,24985.28,INR,DemoPay,1.0,,GTX000092,24985.28,,,,,,,,,,,
PE000362,revenue_recognized,2026-08-05 15:45:45,PAY00092,CMP015,SEL010,ORD00092,1998.82,INR,DemoPay,1.0,,,,REV00092,1998.82,platform_fee,,,,,,,,
PE000363,payment_initiated,2026-08-05 18:49:00,PAY00093,CMP027,SEL013,ORD00093,1690.3,INR,DemoGateway,1.0,netbanking,,,,,,,,,,,,,
PE000364,payment_authorized,2026-08-05 18:49:43,PAY00093,CMP027,SEL013,ORD00093,1690.3,INR,DemoGateway,1.0,,GTX000093,,,,,,,,,,,,
PE000365,payment_captured,2026-08-05 18:51:23,PAY00093,CMP027,SEL013,ORD00093,1690.3,INR,DemoGateway,1.0,,GTX000093,1690.3,,,,,,,,,,,
PE000366,revenue_recognized,2026-08-05 19:55:23,PAY00093,CMP027,SEL013,ORD00093,135.22,INR,DemoGateway,1.0,,,,REV00093,135.22,platform_fee,,,,,,,,
PE000367,payment_initiated,2026-08-05 11:39:00,PAY00094,CMP025,SEL008,ORD00094,6646.61,INR,DemoGateway,1.0,upi,,,,,,,,,,,,,
PE000368,payment_authorized,2026-08-05 11:39:51,PAY00094,CMP025,SEL008,ORD00094,6646.61,INR,DemoGateway,1.0,,GTX000094,,,,,,,,,,,,
PE000369,payment_captured,2026-08-05 11:41:34,PAY00094,CMP025,SEL008,ORD00094,6646.61,INR,DemoGateway,1.0,,GTX000094,6646.61,,,,,,,,,,,
PE000370,revenue_recognized,2026-08-05 13:06:34,PAY00094,CMP025,SEL008,ORD00094,531.73,INR,DemoGateway,1.0,,,,REV00094,531.73,platform_fee,,,,,,,,
PE000371,payment_initiated,2026-08-05 08:37:00,PAY00095,CMP004,SEL002,ORD00095,20032.35,INR,DemoGateway,1.0,upi,,,,,,,,,,,,,
PE000372,payment_authorized,2026-08-05 08:37:10,PAY00095,CMP004,SEL002,ORD00095,20032.35,INR,DemoGateway,1.0,,GTX000095,,,,,,,,,,,,
PE000373,payment_captured,2026-08-05 08:37:52,PAY00095,CMP004,SEL002,ORD00095,20032.35,INR,DemoGateway,1.0,,GTX000095,20032.35,,,,,,,,,,,
PE000374,revenue_recognized,2026-08-05 09:19:52,PAY00095,CMP004,SEL002,ORD00095,1602.59,INR,DemoGateway,1.0,,,,REV00095,1602.59,platform_fee,,,,,,,,
PE000375,payment_initiated,2026-08-05 12:53:00,PAY00096,CMP005,SEL018,ORD00096,13975.03,INR,DemoGateway,1.0,card,,,,,,,,,,,,,
PE000376,payment_authorized,2026-08-05 12:53:57,PAY00096,CMP005,SEL018,ORD00096,13975.03,INR,DemoGateway,1.0,,GTX000096,,,,,,,,,,,,
PE000377,payment_captured,2026-08-05 12:55:03,PAY00096,CMP005,SEL018,ORD00096,13975.03,INR,DemoGateway,1.0,,GTX000096,13975.03,,,,,,,,,,,
PE000378,revenue_recognized,2026-08-05 14:39:03,PAY00096,CMP005,SEL018,ORD00096,1118.0,INR,DemoGateway,1.0,,,,REV00096,1118.0,platform_fee,,,,,,,,
PE000379,payment_initiated,2026-08-05 10:48:00,PAY00097,CMP026,SEL004,ORD00097,24127.99,INR,DemoGateway,1.0,card,,,,,,,,,,,,,
PE000380,payment_authorized,2026-08-05 10:48:51,PAY00097,CMP026,SEL004,ORD00097,24127.99,INR,DemoGateway,1.0,,GTX000097,,,,,,,,,,,,
PE000381,payment_captured,2026-08-05 10:50:22,PAY00097,CMP026,SEL004,ORD00097,24127.99,INR,DemoGateway,1.0,,GTX000097,24127.99,,,,,,,,,,,
PE000382,revenue_recognized,2026-08-05 11:41:22,PAY00097,CMP026,SEL004,ORD00097,1930.24,INR,DemoGateway,1.0,,,,REV00097,1930.24,platform_fee,,,,,,,,
PE000383,payment_initiated,2026-08-05 16:07:00,PAY00098,CMP012,SEL003,ORD00098,1827.09,INR,DemoGateway,1.0,upi,,,,,,,,,,,,,
PE000384,payment_authorized,2026-08-05 16:07:52,PAY00098,CMP012,SEL003,ORD00098,1827.09,INR,DemoGateway,1.0,,GTX000098,,,,,,,,,,,,
PE000385,payment_captured,2026-08-05 16:09:23,PAY00098,CMP012,SEL003,ORD00098,1827.09,INR,DemoGateway,1.0,,GTX000098,1827.09,,,,,,,,,,,
PE000386,revenue_recognized,2026-08-05 16:43:23,PAY00098,CMP012,SEL003,ORD00098,146.17,INR,DemoGateway,1.0,,,,REV00098,146.17,platform_fee,,,,,,,,
PE000387,payment_initiated,2026-08-05 17:56:00,PAY00099,CMP012,SEL004,ORD00099,12579.71,INR,DemoPay,1.0,netbanking,,,,,,,,,,,,,
PE000388,payment_authorized,2026-08-05 17:56:44,PAY00099,CMP012,SEL004,ORD00099,12579.71,INR,DemoPay,1.0,,GTX000099,,,,,,,,,,,,
PE000389,payment_captured,2026-08-05 17:57:17,PAY00099,CMP012,SEL004,ORD00099,12579.71,INR,DemoPay,1.0,,GTX000099,12579.71,,,,,,,,,,,
PE000390,revenue_recognized,2026-08-05 19:20:17,PAY00099,CMP012,SEL004,ORD00099,1006.38,INR,DemoPay,1.0,,,,REV00099,1006.38,platform_fee,,,,,,,,
PE000391,payment_refunded,2026-08-08 19:20:17,PAY00099,CMP012,SEL004,ORD00099,10917.82,INR,DemoPay,1.0,,,,,,,REF00099,10917.82,service_issue,,,,,
PE000392,payment_initiated,2026-08-05 15:07:00,PAY00100,CMP005,SEL002,ORD00100,8652.57,INR,DemoPay,1.0,card,,,,,,,,,,,,,
PE000393,payment_authorized,2026-08-05 15:07:39,PAY00100,CMP005,SEL002,ORD00100,8652.57,INR,DemoPay,1.0,,GTX000100,,,,,,,,,,,,
PE000394,payment_captured,2026-08-05 15:08:01,PAY00100,CMP005,SEL002,ORD00100,8652.57,INR,DemoPay,1.0,,GTX000100,8652.57,,,,,,,,,,,
PE000395,revenue_recognized,2026-08-05 15:58:01,PAY00100,CMP005,SEL002,ORD00100,692.21,INR,DemoPay,1.0,,,,REV00100,692.21,platform_fee,,,,,,,,
PE000396,payment_initiated,2026-08-05 10:56:00,PAY00101,CMP024,SEL018,ORD00101,15302.5,INR,DemoGateway,1.0,upi,,,,,,,,,,,,,
PE000397,payment_authorized,2026-08-05 10:56:58,PAY00101,CMP024,SEL018,ORD00101,15302.5,INR,DemoGateway,1.0,,GTX000101,,,,,,,,,,,,
PE000398,payment_captured,2026-08-05 10:58:05,PAY00101,CMP024,SEL018,ORD00101,15302.5,INR,DemoGateway,1.0,,GTX000101,15302.5,,,,,,,,,,,
PE000399,revenue_recognized,2026-08-05 12:17:05,PAY00101,CMP024,SEL018,ORD00101,1224.2,INR,DemoGateway,1.0,,,,REV00101,1224.2,platform_fee,,,,,,,,
PE000400,payment_initiated,2026-08-05 11:54:00,PAY00102,CMP002,SEL012,ORD00102,11919.5,INR,DemoPay,1.0,upi,,,,,,,,,,,,,
PE000401,payment_authorized,2026-08-05 11:54:48,PAY00102,CMP002,SEL012,ORD00102,11919.5,INR,DemoPay,1.0,,GTX000102,,,,,,,,,,,,
PE000402,payment_captured,2026-08-05 11:55:40,PAY00102,CMP002,SEL012,ORD00102,11919.5,INR,DemoPay,1.0,,GTX000102,11919.5,,,,,,,,,,,
PE000403,revenue_recognized,2026-08-05 13:05:40,PAY00102,CMP002,SEL012,ORD00102,953.56,INR,DemoPay,1.0,,,,REV00102,953.56,platform_fee,,,,,,,,
PE000404,payment_initiated,2026-08-05 09:54:00,PAY00103,CMP002,SEL013,ORD00103,5960.5,INR,DemoGateway,1.0,upi,,,,,,,,,,,,,
PE000405,payment_authorized,2026-08-05 09:54:18,PAY00103,CMP002,SEL013,ORD00103,5960.5,INR,DemoGateway,1.0,,GTX000103,,,,,,,,,,,,
PE000406,payment_captured,2026-08-05 09:55:45,PAY00103,CMP002,SEL013,ORD00103,5960.5,INR,DemoGateway,1.0,,GTX000103,5960.5,,,,,,,,,,,
PE000407,revenue_recognized,2026-08-05 11:17:45,PAY00103,CMP002,SEL013,ORD00103,476.84,INR,DemoGateway,1.0,,,,REV00103,476.84,platform_fee,,,,,,,,
PE000408,payment_chargeback,2026-08-10 11:17:45,PAY00103,CMP002,SEL013,ORD00103,5007.39,INR,DemoGateway,1.0,,,,,,,,,,,,CB00103,5007.39,customer_dispute
PE000409,payment_initiated,2026-08-05 16:13:00,PAY00104,CMP026,SEL019,ORD00104,3112.34,INR,DemoPay,1.0,netbanking,,,,,,,,,,,,,
PE000410,payment_authorized,2026-08-05 16:14:00,PAY00104,CMP026,SEL019,ORD00104,3112.34,INR,DemoPay,1.0,,GTX000104,,,,,,,,,,,,
PE000411,payment_captured,2026-08-05 16:14:34,PAY00104,CMP026,SEL019,ORD00104,3112.34,INR,DemoPay,1.0,,GTX000104,3112.34,,,,,,,,,,,
PE000412,revenue_recognized,2026-08-05 16:57:34,PAY00104,CMP026,SEL019,ORD00104,248.99,INR,DemoPay,1.0,,,,REV00104,248.99,platform_fee,,,,,,,,
PE000413,payment_initiated,2026-08-05 10:08:00,PAY00105,CMP020,SEL001,ORD00105,21672.54,INR,DemoGateway,1.0,netbanking,,,,,,,,,,,,,
PE000414,payment_authorized,2026-08-05 10:08:16,PAY00105,CMP020,SEL001,ORD00105,21672.54,INR,DemoGateway,1.0,,GTX000105,,,,,,,,,,,,
PE000415,payment_captured,2026-08-05 10:08:35,PAY00105,CMP020,SEL001,ORD00105,21672.54,INR,DemoGateway,1.0,,GTX000105,21672.54,,,,,,,,,,,
PE000416,revenue_recognized,2026-08-05 11:33:35,PAY00105,CMP020,SEL001,ORD00105,1733.8,INR,DemoGateway,1.0,,,,REV00105,1733.8,platform_fee,,,,,,,,
PE000417,payment_initiated,2026-08-05 12:03:00,PAY00106,CMP012,SEL008,ORD00106,1870.86,INR,DemoGateway,1.0,card,,,,,,,,,,,,,
PE000418,payment_authorized,2026-08-05 12:03:38,PAY00106,CMP012,SEL008,ORD00106,1870.86,INR,DemoGateway,1.0,,GTX000106,,,,,,,,,,,,
PE000419,payment_captured,2026-08-05 12:03:57,PAY00106,CMP012,SEL008,ORD00106,1870.86,INR,DemoGateway,1.0,,GTX000106,1870.86,,,,,,,,,,,
PE000420,revenue_recognized,2026-08-05 13:39:57,PAY00106,CMP012,SEL008,ORD00106,149.67,INR,DemoGateway,1.0,,,,REV00106,149.67,platform_fee,,,,,,,,
PE000421,payment_refunded,2026-08-08 13:39:57,PAY00106,CMP012,SEL008,ORD00106,1096.71,INR,DemoGateway,1.0,,,,,,,REF00106,1096.71,service_issue,,,,,
PE000422,payment_initiated,2026-08-06 18:33:00,PAY00107,CMP017,SEL008,ORD00107,18590.21,INR,DemoPay,1.0,upi,,,,,,,,,,,,,
PE000423,payment_authorized,2026-08-06 18:33:06,PAY00107,CMP017,SEL008,ORD00107,18590.21,INR,DemoPay,1.0,,GTX000107,,,,,,,,,,,,
PE000424,payment_captured,2026-08-06 18:33:18,PAY00107,CMP017,SEL008,ORD00107,18590.21,INR,DemoPay,1.0,,GTX000107,18590.21,,,,,,,,,,,
PE000425,revenue_recognized,2026-08-06 19:35:18,PAY00107,CMP017,SEL008,ORD00107,1487.22,INR,DemoPay,1.0,,,,REV00107,1487.22,platform_fee,,,,,,,,
PE000426,payment_initiated,2026-08-06 09:20:00,PAY00108,CMP004,SEL016,ORD00108,3227.03,INR,DemoGateway,1.0,netbanking,,,,,,,,,,,,,
PE000427,payment_authorized,2026-08-06 09:20:13,PAY00108,CMP004,SEL016,ORD00108,3227.03,INR,DemoGateway,1.0,,GTX000108,,,,,,,,,,,,
PE000428,payment_captured,2026-08-06 09:20:53,PAY00108,CMP004,SEL016,ORD00108,3227.03,INR,DemoGateway,1.0,,GTX000108,3227.03,,,,,,,,,,,
PE000429,revenue_recognized,2026-08-06 10:40:53,PAY00108,CMP004,SEL016,ORD00108,258.16,INR,DemoGateway,1.0,,,,REV00108,258.16,platform_fee,,,,,,,,
PE000430,payment_initiated,2026-08-06 17:27:00,PAY00109,CMP011,SEL013,ORD00109,12162.31,INR,DemoGateway,1.0,card,,,,,,,,,,,,,
PE000431,payment_authorized,2026-08-06 17:27:12,PAY00109,CMP011,SEL013,ORD00109,12162.31,INR,DemoGateway,1.0,,GTX000109,,,,,,,,,,,,
PE000432,payment_captured,2026-08-06 17:29:06,PAY00109,CMP011,SEL013,ORD00109,12162.31,INR,DemoGateway,1.0,,GTX000109,12162.31,,,,,,,,,,,
PE000433,revenue_recognized,2026-08-06 18:53:06,PAY00109,CMP011,SEL013,ORD00109,972.98,INR,DemoGateway,1.0,,,,REV00109,972.98,platform_fee,,,,,,,,
PE000434,payment_initiated,2026-08-06 11:26:00,PAY00110,CMP024,SEL007,ORD00110,12111.54,INR,DemoGateway,1.0,upi,,,,,,,,,,,,,
PE000435,payment_authorized,2026-08-06 11:26:30,PAY00110,CMP024,SEL007,ORD00110,12111.54,INR,DemoGateway,1.0,,GTX000110,,,,,,,,,,,,
PE000436,payment_captured,2026-08-06 11:27:28,PAY00110,CMP024,SEL007,ORD00110,12111.54,INR,DemoGateway,1.0,,GTX000110,12111.54,,,,,,,,,,,
PE000437,revenue_recognized,2026-08-06 13:01:28,PAY00110,CMP024,SEL007,ORD00110,968.92,INR,DemoGateway,1.0,,,,REV00110,968.92,platform_fee,,,,,,,,
PE000438,payment_refunded,2026-08-09 13:01:28,PAY00110,CMP024,SEL007,ORD00110,6904.46,INR,DemoGateway,1.0,,,,,,,REF00110,6904.46,order_cancelled,,,,,
PE000439,payment_initiated,2026-08-06 09:05:00,PAY00111,CMP022,SEL016,ORD00111,3643.78,INR,DemoPay,1.0,upi,,,,,,,,,,,,,
PE000440,payment_authorized,2026-08-06 09:05:52,PAY00111,CMP022,SEL016,ORD00111,3643.78,INR,DemoPay,1.0,,GTX000111,,,,,,,,,,,,
PE000441,payment_captured,2026-08-06 09:06:44,PAY00111,CMP022,SEL016,ORD00111,3643.78,INR,DemoPay,1.0,,GTX000111,3643.78,,,,,,,,,,,
PE000442,revenue_recognized,2026-08-06 10:50:44,PAY00111,CMP022,SEL016,ORD00111,291.5,INR,DemoPay,1.0,,,,REV00111,291.5,platform_fee,,,,,,,,
PE000443,payment_initiated,2026-08-06 14:22:00,PAY00112,CMP018,SEL018,ORD00112,17245.31,INR,DemoGateway,1.0,netbanking,,,,,,,,,,,,,
PE000444,payment_authorized,2026-08-06 14:22:32,PAY00112,CMP018,SEL018,ORD00112,17245.31,INR,DemoGateway,1.0,,GTX000112,,,,,,,,,,,,
PE000445,payment_captured,2026-08-06 14:24:28,PAY00112,CMP018,SEL018,ORD00112,17245.31,INR,DemoGateway,1.0,,GTX000112,17245.31,,,,,,,,,,,
PE000446,revenue_recognized,2026-08-06 16:22:28,PAY00112,CMP018,SEL018,ORD00112,1379.62,INR,DemoGateway,1.0,,,,REV00112,1379.62,platform_fee,,,,,,,,
PE000447,payment_initiated,2026-08-06 16:13:00,PAY00113,CMP020,SEL010,ORD00113,3934.61,INR,DemoGateway,1.0,card,,,,,,,,,,,,,
PE000448,payment_authorized,2026-08-06 16:13:19,PAY00113,CMP020,SEL010,ORD00113,3934.61,INR,DemoGateway,1.0,,GTX000113,,,,,,,,,,,,
PE000449,payment_captured,2026-08-06 16:15:12,PAY00113,CMP020,SEL010,ORD00113,3934.61,INR,DemoGateway,1.0,,GTX000113,3934.61,,,,,,,,,,,
PE000450,revenue_recognized,2026-08-06 16:29:12,PAY00113,CMP020,SEL010,ORD00113,314.77,INR,DemoGateway,1.0,,,,REV00113,314.77,platform_fee,,,,,,,,
PE000451,payment_initiated,2026-08-06 16:49:00,PAY00114,CMP004,SEL009,ORD00114,20469.7,INR,DemoPay,1.0,netbanking,,,,,,,,,,,,,
PE000452,payment_authorized,2026-08-06 16:49:46,PAY00114,CMP004,SEL009,ORD00114,20469.7,INR,DemoPay,1.0,,GTX000114,,,,,,,,,,,,
PE000453,payment_captured,2026-08-06 16:51:02,PAY00114,CMP004,SEL009,ORD00114,20469.7,INR,DemoPay,1.0,,GTX000114,20469.7,,,,,,,,,,,
PE000454,revenue_recognized,2026-08-06 16:55:02,PAY00114,CMP004,SEL009,ORD00114,1637.58,INR,DemoPay,1.0,,,,REV00114,1637.58,platform_fee,,,,,,,,
PE000455,payment_initiated,2026-08-06 12:58:00,PAY00115,CMP023,SEL009,ORD00115,5739.78,INR,DemoPay,1.0,upi,,,,,,,,,,,,,
PE000456,payment_authorized,2026-08-06 12:58:16,PAY00115,CMP023,SEL009,ORD00115,5739.78,INR,DemoPay,1.0,,GTX000115,,,,,,,,,,,,
PE000457,payment_captured,2026-08-06 13:00:12,PAY00115,CMP023,SEL009,ORD00115,5739.78,INR,DemoPay,1.0,,GTX000115,5739.78,,,,,,,,,,,
PE000458,revenue_recognized,2026-08-06 13:19:12,PAY00115,CMP023,SEL009,ORD00115,459.18,INR,DemoPay,1.0,,,,REV00115,459.18,platform_fee,,,,,,,,
PE000459,payment_initiated,2026-08-06 11:24:00,PAY00116,CMP005,SEL001,ORD00116,19033.63,INR,DemoPay,1.0,upi,,,,,,,,,,,,,
PE000460,payment_authorized,2026-08-06 11:24:15,PAY00116,CMP005,SEL001,ORD00116,19033.63,INR,DemoPay,1.0,,GTX000116,,,,,,,,,,,,
PE000461,payment_captured,2026-08-06 11:25:07,PAY00116,CMP005,SEL001,ORD00116,19033.63,INR,DemoPay,1.0,,GTX000116,19033.63,,,,,,,,,,,
PE000462,revenue_recognized,2026-08-06 12:05:07,PAY00116,CMP005,SEL001,ORD00116,1522.69,INR,DemoPay,1.0,,,,REV00116,1522.69,platform_fee,,,,,,,,
PE000463,payment_initiated,2026-08-06 10:10:00,PAY00117,CMP019,SEL020,ORD00117,22258.54,INR,DemoPay,1.0,netbanking,,,,,,,,,,,,,
PE000464,payment_failed,2026-08-06 10:10:20,PAY00117,CMP019,SEL020,ORD00117,22258.54,INR,DemoPay,1.0,,,,,,,,,,TIMEOUT,demo_failure,,,
PE000465,payment_initiated,2026-08-06 14:17:00,PAY00118,CMP015,SEL014,ORD00118,15766.29,INR,DemoGateway,1.0,card,,,,,,,,,,,,,
PE000466,payment_authorized,2026-08-06 14:17:12,PAY00118,CMP015,SEL014,ORD00118,15766.29,INR,DemoGateway,1.0,,GTX000118,,,,,,,,,,,,
PE000467,payment_captured,2026-08-06 14:18:01,PAY00118,CMP015,SEL014,ORD00118,15766.29,INR,DemoGateway,1.0,,GTX000118,15766.29,,,,,,,,,,,
PE000468,revenue_recognized,2026-08-06 15:14:01,PAY00118,CMP015,SEL014,ORD00118,1261.3,INR,DemoGateway,1.0,,,,REV00118,1261.3,platform_fee,,,,,,,,
PE000469,payment_initiated,2026-08-06 14:38:00,PAY00119,CMP019,SEL016,ORD00119,2567.31,INR,DemoGateway,1.0,card,,,,,,,,,,,,,
PE000470,payment_failed,2026-08-06 14:38:48,PAY00119,CMP019,SEL016,ORD00119,2567.31,INR,DemoGateway,1.0,,,,,,,,,,DECLINED,demo_failure,,,
PE000471,payment_initiated,2026-08-06 09:00:00,PAY00120,CMP025,SEL005,ORD00120,8302.01,INR,DemoGateway,1.0,upi,,,,,,,,,,,,,
PE000472,payment_authorized,2026-08-06 09:00:16,PAY00120,CMP025,SEL005,ORD00120,8302.01,INR,DemoGateway,1.0,,GTX000120,,,,,,,,,,,,
PE000473,payment_captured,2026-08-06 09:00:37,PAY00120,CMP025,SEL005,ORD00120,8302.01,INR,DemoGateway,1.0,,GTX000120,8302.01,,,,,,,,,,,
PE000474,revenue_recognized,2026-08-06 09:49:37,PAY00120,CMP025,SEL005,ORD00120,664.16,INR,DemoGateway,1.0,,,,REV00120,664.16,platform_fee,,,,,,,,
PE000475,payment_initiated,2026-08-06 08:27:00,PAY00121,CMP018,SEL012,ORD00121,10831.17,INR,DemoPay,1.0,card,,,,,,,,,,,,,
PE000476,payment_authorized,2026-08-06 08:27:09,PAY00121,CMP018,SEL012,ORD00121,10831.17,INR,DemoPay,1.0,,GTX000121,,,,,,,,,,,,
PE000477,payment_captured,2026-08-06 08:29:04,PAY00121,CMP018,SEL012,ORD00121,10831.17,INR,DemoPay,1.0,,GTX000121,10831.17,,,,,,,,,,,
PE000478,revenue_recognized,2026-08-06 09:10:04,PAY00121,CMP018,SEL012,ORD00121,866.49,INR,DemoPay,1.0,,,,REV00121,866.49,platform_fee,,,,,,,,
PE000479,payment_initiated,2026-08-06 08:20:00,PAY00122,CMP023,SEL014,ORD00122,4206.57,INR,DemoGateway,1.0,card,,,,,,,,,,,,,
PE000480,payment_authorized,2026-08-06 08:20:44,PAY00122,CMP023,SEL014,ORD00122,4206.57,INR,DemoGateway,1.0,,GTX000122,,,,,,,,,,,,
PE000481,payment_captured,2026-08-06 08:21:47,PAY00122,CMP023,SEL014,ORD00122,4206.57,INR,DemoGateway,1.0,,GTX000122,4206.57,,,,,,,,,,,
PE000482,revenue_recognized,2026-08-06 10:08:47,PAY00122,CMP023,SEL014,ORD00122,336.53,INR,DemoGateway,1.0,,,,REV00122,336.53,platform_fee,,,,,,,,
PE000483,payment_initiated,2026-08-06 14:33:00,PAY00123,CMP014,SEL004,ORD00123,11738.4,INR,DemoPay,1.0,card,,,,,,,,,,,,,
PE000484,payment_authorized,2026-08-06 14:33:24,PAY00123,CMP014,SEL004,ORD00123,11738.4,INR,DemoPay,1.0,,GTX000123,,,,,,,,,,,,
PE000485,payment_captured,2026-08-06 14:35:04,PAY00123,CMP014,SEL004,ORD00123,11738.4,INR,DemoPay,1.0,,GTX000123,11738.4,,,,,,,,,,,
PE000486,revenue_recognized,2026-08-06 15:19:04,PAY00123,CMP014,SEL004,ORD00123,939.07,INR,DemoPay,1.0,,,,REV00123,939.07,platform_fee,,,,,,,,
PE000487,payment_initiated,2026-08-06 11:57:00,PAY00124,CMP003,SEL017,ORD00124,13969.21,INR,DemoPay,1.0,upi,,,,,,,,,,,,,
PE000488,payment_authorized,2026-08-06 11:57:57,PAY00124,CMP003,SEL017,ORD00124,13969.21,INR,DemoPay,1.0,,GTX000124,,,,,,,,,,,,
PE000489,payment_captured,2026-08-06 11:59:24,PAY00124,CMP003,SEL017,ORD00124,13969.21,INR,DemoPay,1.0,,GTX000124,13969.21,,,,,,,,,,,
PE000490,revenue_recognized,2026-08-06 13:44:24,PAY00124,CMP003,SEL017,ORD00124,1117.54,INR,DemoPay,1.0,,,,REV00124,1117.54,platform_fee,,,,,,,,
PE000491,payment_initiated,2026-08-06 18:04:00,PAY00125,CMP009,SEL007,ORD00125,15656.38,INR,DemoPay,1.0,card,,,,,,,,,,,,,
PE000492,payment_authorized,2026-08-06 18:04:45,PAY00125,CMP009,SEL007,ORD00125,15656.38,INR,DemoPay,1.0,,GTX000125,,,,,,,,,,,,
PE000493,payment_captured,2026-08-06 18:05:53,PAY00125,CMP009,SEL007,ORD00125,15656.38,INR,DemoPay,1.0,,GTX000125,15656.38,,,,,,,,,,,
PE000494,revenue_recognized,2026-08-06 19:05:53,PAY00125,CMP009,SEL007,ORD00125,1252.51,INR,DemoPay,1.0,,,,REV00125,1252.51,platform_fee,,,,,,,,
PE000495,payment_initiated,2026-08-06 18:20:00,PAY00126,CMP015,SEL019,ORD00126,21809.8,INR,DemoGateway,1.0,card,,,,,,,,,,,,,
PE000496,payment_authorized,2026-08-06 18:20:35,PAY00126,CMP015,SEL019,ORD00126,21809.8,INR,DemoGateway,1.0,,GTX000126,,,,,,,,,,,,
PE000497,payment_captured,2026-08-06 18:21:36,PAY00126,CMP015,SEL019,ORD00126,21809.8,INR,DemoGateway,1.0,,GTX000126,21809.8,,,,,,,,,,,
PE000498,revenue_recognized,2026-08-06 19:42:36,PAY00126,CMP015,SEL019,ORD00126,1744.78,INR,DemoGateway,1.0,,,,REV00126,1744.78,platform_fee,,,,,,,,
PE000499,payment_initiated,2026-08-06 15:02:00,PAY00127,CMP002,SEL012,ORD00127,8794.58,INR,DemoPay,1.0,card,,,,,,,,,,,,,
PE000500,payment_authorized,2026-08-06 15:02:23,PAY00127,CMP002,SEL012,ORD00127,8794.58,INR,DemoPay,1.0,,GTX000127,,,,,,,,,,,,
PE000501,payment_captured,2026-08-06 15:02:37,PAY00127,CMP002,SEL012,ORD00127,8794.58,INR,DemoPay,1.0,,GTX000127,8794.58,,,,,,,,,,,
PE000502,revenue_recognized,2026-08-06 16:25:37,PAY00127,CMP002,SEL012,ORD00127,703.57,INR,DemoPay,1.0,,,,REV00127,703.57,platform_fee,,,,,,,,
PE000503,payment_initiated,2026-08-06 16:50:00,PAY00128,CMP020,SEL020,ORD00128,12373.72,INR,DemoGateway,1.0,netbanking,,,,,,,,,,,,,
PE000504,payment_authorized,2026-08-06 16:50:33,PAY00128,CMP020,SEL020,ORD00128,12373.72,INR,DemoGateway,1.0,,GTX000128,,,,,,,,,,,,
PE000505,payment_captured,2026-08-06 16:52:21,PAY00128,CMP020,SEL020,ORD00128,12373.72,INR,DemoGateway,1.0,,GTX000128,12373.72,,,,,,,,,,,
PE000506,revenue_recognized,2026-08-06 18:06:21,PAY00128,CMP020,SEL020,ORD00128,989.9,INR,DemoGateway,1.0,,,,REV00128,989.9,platform_fee,,,,,,,,
PE000507,payment_initiated,2026-08-06 15:06:00,PAY00129,CMP016,SEL017,ORD00129,24006.48,INR,DemoPay,1.0,upi,,,,,,,,,,,,,
PE000508,payment_authorized,2026-08-06 15:06:10,PAY00129,CMP016,SEL017,ORD00129,24006.48,INR,DemoPay,1.0,,GTX000129,,,,,,,,,,,,
PE000509,payment_captured,2026-08-06 15:07:19,PAY00129,CMP016,SEL017,ORD00129,24006.48,INR,DemoPay,1.0,,GTX000129,24006.48,,,,,,,,,,,
PE000510,revenue_recognized,2026-08-06 16:30:19,PAY00129,CMP016,SEL017,ORD00129,1920.52,INR,DemoPay,1.0,,,,REV00129,1920.52,platform_fee,,,,,,,,
PE000511,payment_initiated,2026-08-06 12:24:00,PAY00130,CMP015,SEL015,ORD00130,10051.6,INR,DemoPay,1.0,upi,,,,,,,,,,,,,
PE000512,payment_authorized,2026-08-06 12:24:48,PAY00130,CMP015,SEL015,ORD00130,10051.6,INR,DemoPay,1.0,,GTX000130,,,,,,,,,,,,
PE000513,payment_captured,2026-08-06 12:26:09,PAY00130,CMP015,SEL015,ORD00130,10051.6,INR,DemoPay,1.0,,GTX000130,10051.6,,,,,,,,,,,
PE000514,revenue_recognized,2026-08-06 12:33:09,PAY00130,CMP015,SEL015,ORD00130,804.13,INR,DemoPay,1.0,,,,REV00130,804.13,platform_fee,,,,,,,,
PE000515,payment_initiated,2026-08-06 14:18:00,PAY00131,CMP003,SEL011,ORD00131,14612.14,INR,DemoPay,1.0,upi,,,,,,,,,,,,,
PE000516,payment_authorized,2026-08-06 14:18:47,PAY00131,CMP003,SEL011,ORD00131,14612.14,INR,DemoPay,1.0,,GTX000131,,,,,,,,,,,,
PE000517,payment_captured,2026-08-06 14:20:09,PAY00131,CMP003,SEL011,ORD00131,14612.14,INR,DemoPay,1.0,,GTX000131,14612.14,,,,,,,,,,,
PE000518,revenue_recognized,2026-08-06 16:12:09,PAY00131,CMP003,SEL011,ORD00131,1168.97,INR,DemoPay,1.0,,,,REV00131,1168.97,platform_fee,,,,,,,,
PE000519,payment_initiated,2026-08-06 18:44:00,PAY00132,CMP022,SEL005,ORD00132,8790.45,INR,DemoGateway,1.0,netbanking,,,,,,,,,,,,,
PE000520,payment_authorized,2026-08-06 18:44:43,PAY00132,CMP022,SEL005,ORD00132,8790.45,INR,DemoGateway,1.0,,GTX000132,,,,,,,,,,,,
PE000521,payment_captured,2026-08-06 18:46:18,PAY00132,CMP022,SEL005,ORD00132,8790.45,INR,DemoGateway,1.0,,GTX000132,8790.45,,,,,,,,,,,
PE000522,revenue_recognized,2026-08-06 18:57:18,PAY00132,CMP022,SEL005,ORD00132,703.24,INR,DemoGateway,1.0,,,,REV00132,703.24,platform_fee,,,,,,,,
PE000523,payment_initiated,2026-08-06 18:58:00,PAY00133,CMP026,SEL011,ORD00133,17247.74,INR,DemoPay,1.0,netbanking,,,,,,,,,,,,,
PE000524,payment_authorized,2026-08-06 18:58:47,PAY00133,CMP026,SEL011,ORD00133,17247.74,INR,DemoPay,1.0,,GTX000133,,,,,,,,,,,,
PE000525,payment_captured,2026-08-06 18:59:46,PAY00133,CMP026,SEL011,ORD00133,17247.74,INR,DemoPay,1.0,,GTX000133,17247.74,,,,,,,,,,,
PE000526,revenue_recognized,2026-08-06 20:05:46,PAY00133,CMP026,SEL011,ORD00133,1379.82,INR,DemoPay,1.0,,,,REV00133,1379.82,platform_fee,,,,,,,,
PE000527,payment_initiated,2026-08-06 15:12:00,PAY00134,CMP006,SEL007,ORD00134,23770.2,INR,DemoGateway,1.0,card,,,,,,,,,,,,,
PE000528,payment_authorized,2026-08-06 15:12:14,PAY00134,CMP006,SEL007,ORD00134,23770.2,INR,DemoGateway,1.0,,GTX000134,,,,,,,,,,,,
PE000529,payment_captured,2026-08-06 15:12:28,PAY00134,CMP006,SEL007,ORD00134,23770.2,INR,DemoGateway,1.0,,GTX000134,23770.2,,,,,,,,,,,
PE000530,revenue_recognized,2026-08-06 15:50:28,PAY00134,CMP006,SEL007,ORD00134,1901.62,INR,DemoGateway,1.0,,,,REV00134,1901.62,platform_fee,,,,,,,,
PE000531,payment_initiated,2026-08-06 17:08:00,PAY00135,CMP025,SEL018,ORD00135,17055.34,INR,DemoPay,1.0,netbanking,,,,,,,,,,,,,
PE000532,payment_authorized,2026-08-06 17:08:15,PAY00135,CMP025,SEL018,ORD00135,17055.34,INR,DemoPay,1.0,,GTX000135,,,,,,,,,,,,
PE000533,payment_captured,2026-08-06 17:08:43,PAY00135,CMP025,SEL018,ORD00135,17055.34,INR,DemoPay,1.0,,GTX000135,17055.34,,,,,,,,,,,
PE000534,revenue_recognized,2026-08-06 18:55:43,PAY00135,CMP025,SEL018,ORD00135,1364.43,INR,DemoPay,1.0,,,,REV00135,1364.43,platform_fee,,,,,,,,
PE000535,payment_initiated,2026-08-07 18:46:00,PAY00136,CMP024,SEL015,ORD00136,11155.18,INR,DemoPay,1.0,card,,,,,,,,,,,,,
PE000536,payment_authorized,2026-08-07 18:46:44,PAY00136,CMP024,SEL015,ORD00136,11155.18,INR,DemoPay,1.0,,GTX000136,,,,,,,,,,,,
PE000537,payment_captured,2026-08-07 18:47:25,PAY00136,CMP024,SEL015,ORD00136,11155.18,INR,DemoPay,1.0,,GTX000136,11155.18,,,,,,,,,,,
PE000538,revenue_recognized,2026-08-07 20:24:25,PAY00136,CMP024,SEL015,ORD00136,892.41,INR,DemoPay,1.0,,,,REV00136,892.41,platform_fee,,,,,,,,
PE000539,payment_initiated,2026-08-07 15:57:00,PAY00137,CMP018,SEL008,ORD00137,24191.52,INR,DemoGateway,1.0,card,,,,,,,,,,,,,
PE000540,payment_authorized,2026-08-07 15:57:41,PAY00137,CMP018,SEL008,ORD00137,24191.52,INR,DemoGateway,1.0,,GTX000137,,,,,,,,,,,,
PE000541,payment_captured,2026-08-07 15:58:42,PAY00137,CMP018,SEL008,ORD00137,24191.52,INR,DemoGateway,1.0,,GTX000137,24191.52,,,,,,,,,,,
PE000542,revenue_recognized,2026-08-07 16:58:42,PAY00137,CMP018,SEL008,ORD00137,1935.32,INR,DemoGateway,1.0,,,,REV00137,1935.32,platform_fee,,,,,,,,
PE000543,payment_initiated,2026-08-07 11:51:00,PAY00138,CMP017,SEL017,ORD00138,24207.3,INR,DemoGateway,1.0,netbanking,,,,,,,,,,,,,
PE000544,payment_authorized,2026-08-07 11:51:21,PAY00138,CMP017,SEL017,ORD00138,24207.3,INR,DemoGateway,1.0,,GTX000138,,,,,,,,,,,,
PE000545,payment_captured,2026-08-07 11:51:32,PAY00138,CMP017,SEL017,ORD00138,24207.3,INR,DemoGateway,1.0,,GTX000138,24207.3,,,,,,,,,,,
PE000546,revenue_recognized,2026-08-07 13:14:32,PAY00138,CMP017,SEL017,ORD00138,1936.58,INR,DemoGateway,1.0,,,,REV00138,1936.58,platform_fee,,,,,,,,
PE000547,payment_initiated,2026-08-07 10:17:00,PAY00139,CMP030,SEL004,ORD00139,8198.98,INR,DemoPay,1.0,upi,,,,,,,,,,,,,
PE000548,payment_authorized,2026-08-07 10:17:14,PAY00139,CMP030,SEL004,ORD00139,8198.98,INR,DemoPay,1.0,,GTX000139,,,,,,,,,,,,
PE000549,payment_captured,2026-08-07 10:19:05,PAY00139,CMP030,SEL004,ORD00139,8198.98,INR,DemoPay,1.0,,GTX000139,8198.98,,,,,,,,,,,
PE000550,revenue_recognized,2026-08-07 11:15:05,PAY00139,CMP030,SEL004,ORD00139,655.92,INR,DemoPay,1.0,,,,REV00139,655.92,platform_fee,,,,,,,,
PE000551,payment_refunded,2026-08-11 11:15:05,PAY00139,CMP030,SEL004,ORD00139,7648.65,INR,DemoPay,1.0,,,,,,,REF00139,7648.65,order_cancelled,,,,,
PE000552,payment_initiated,2026-08-07 11:24:00,PAY00140,CMP014,SEL002,ORD00140,13297.17,INR,DemoGateway,1.0,card,,,,,,,,,,,,,
PE000553,payment_authorized,2026-08-07 11:24:06,PAY00140,CMP014,SEL002,ORD00140,13297.17,INR,DemoGateway,1.0,,GTX000140,,,,,,,,,,,,
PE000554,payment_captured,2026-08-07 11:24:51,PAY00140,CMP014,SEL002,ORD00140,13297.17,INR,DemoGateway,1.0,,GTX000140,13297.17,,,,,,,,,,,
PE000555,revenue_recognized,2026-08-07 13:24:51,PAY00140,CMP014,SEL002,ORD00140,1063.77,INR,DemoGateway,1.0,,,,REV00140,1063.77,platform_fee,,,,,,,,
PE000556,payment_refunded,2026-08-10 13:24:51,PAY00140,CMP014,SEL002,ORD00140,10451.95,INR,DemoGateway,1.0,,,,,,,REF00140,10451.95,customer_request,,,,,
PE000557,payment_initiated,2026-08-07 15:28:00,PAY00141,CMP010,SEL016,ORD00141,19332.77,INR,DemoPay,1.0,netbanking,,,,,,,,,,,,,
PE000558,payment_failed,2026-08-07 15:28:20,PAY00141,CMP010,SEL016,ORD00141,19332.77,INR,DemoPay,1.0,,,,,,,,,,DECLINED,demo_failure,,,
PE000559,payment_initiated,2026-08-07 17:33:00,PAY00142,CMP009,SEL007,ORD00142,14396.9,INR,DemoPay,1.0,upi,,,,,,,,,,,,,
PE000560,payment_authorized,2026-08-07 17:33:23,PAY00142,CMP009,SEL007,ORD00142,14396.9,INR,DemoPay,1.0,,GTX000142,,,,,,,,,,,,
PE000561,payment_captured,2026-08-07 17:33:58,PAY00142,CMP009,SEL007,ORD00142,14396.9,INR,DemoPay,1.0,,GTX000142,14396.9,,,,,,,,,,,
PE000562,revenue_recognized,2026-08-07 18:12:58,PAY00142,CMP009,SEL007,ORD00142,1151.75,INR,DemoPay,1.0,,,,REV00142,1151.75,platform_fee,,,,,,,,
PE000563,payment_initiated,2026-08-07 15:38:00,PAY00143,CMP021,SEL020,ORD00143,2975.97,INR,DemoGateway,1.0,netbanking,,,,,,,,,,,,,
PE000564,payment_failed,2026-08-07 15:39:15,PAY00143,CMP021,SEL020,ORD00143,2975.97,INR,DemoGateway,1.0,,,,,,,,,,INSUFFICIENT_FUNDS,demo_failure,,,
PE000565,payment_initiated,2026-08-07 17:22:00,PAY00144,CMP008,SEL005,ORD00144,11587.11,INR,DemoGateway,1.0,card,,,,,,,,,,,,,
PE000566,payment_authorized,2026-08-07 17:22:16,PAY00144,CMP008,SEL005,ORD00144,11587.11,INR,DemoGateway,1.0,,GTX000144,,,,,,,,,,,,
PE000567,payment_captured,2026-08-07 17:23:46,PAY00144,CMP008,SEL005,ORD00144,11587.11,INR,DemoGateway,1.0,,GTX000144,11587.11,,,,,,,,,,,
PE000568,revenue_recognized,2026-08-07 18:49:46,PAY00144,CMP008,SEL005,ORD00144,926.97,INR,DemoGateway,1.0,,,,REV00144,926.97,platform_fee,,,,,,,,
PE000569,payment_refunded,2026-08-08 18:49:46,PAY00144,CMP008,SEL005,ORD00144,11366.85,INR,DemoGateway,1.0,,,,,,,REF00144,11366.85,service_issue,,,,,
PE000570,payment_initiated,2026-08-07 15:02:00,PAY00145,CMP026,SEL017,ORD00145,10675.66,INR,DemoPay,1.0,netbanking,,,,,,,,,,,,,
PE000571,payment_authorized,2026-08-07 15:02:28,PAY00145,CMP026,SEL017,ORD00145,10675.66,INR,DemoPay,1.0,,GTX000145,,,,,,,,,,,,
PE000572,payment_captured,2026-08-07 15:03:05,PAY00145,CMP026,SEL017,ORD00145,10675.66,INR,DemoPay,1.0,,GTX000145,10675.66,,,,,,,,,,,
PE000573,revenue_recognized,2026-08-07 16:39:05,PAY00145,CMP026,SEL017,ORD00145,854.05,INR,DemoPay,1.0,,,,REV00145,854.05,platform_fee,,,,,,,,
PE000574,payment_refunded,2026-08-10 16:39:05,PAY00145,CMP026,SEL017,ORD00145,8982.39,INR,DemoPay,1.0,,,,,,,REF00145,8982.39,customer_request,,,,,
PE000575,payment_initiated,2026-08-07 13:34:00,PAY00146,CMP021,SEL004,ORD00146,4635.13,INR,DemoGateway,1.0,upi,,,,,,,,,,,,,
PE000576,payment_authorized,2026-08-07 13:34:16,PAY00146,CMP021,SEL004,ORD00146,4635.13,INR,DemoGateway,1.0,,GTX000146,,,,,,,,,,,,
PE000577,payment_captured,2026-08-07 13:36:07,PAY00146,CMP021,SEL004,ORD00146,4635.13,INR,DemoGateway,1.0,,GTX000146,4635.13,,,,,,,,,,,
PE000578,revenue_recognized,2026-08-07 15:16:07,PAY00146,CMP021,SEL004,ORD00146,370.81,INR,DemoGateway,1.0,,,,REV00146,370.81,platform_fee,,,,,,,,
PE000579,payment_initiated,2026-08-07 15:02:00,PAY00147,CMP016,SEL006,ORD00147,2982.86,INR,DemoPay,1.0,upi,,,,,,,,,,,,,
PE000580,payment_authorized,2026-08-07 15:02:55,PAY00147,CMP016,SEL006,ORD00147,2982.86,INR,DemoPay,1.0,,GTX000147,,,,,,,,,,,,
PE000581,payment_captured,2026-08-07 15:03:25,PAY00147,CMP016,SEL006,ORD00147,2982.86,INR,DemoPay,1.0,,GTX000147,2982.86,,,,,,,,,,,
PE000582,revenue_recognized,2026-08-07 16:57:25,PAY00147,CMP016,SEL006,ORD00147,238.63,INR,DemoPay,1.0,,,,REV00147,238.63,platform_fee,,,,,,,,
PE000583,payment_refunded,2026-08-12 16:57:25,PAY00147,CMP016,SEL006,ORD00147,2833.8,INR,DemoPay,1.0,,,,,,,REF00147,2833.8,order_cancelled,,,,,
PE000584,payment_initiated,2026-08-07 18:12:00,PAY00148,CMP018,SEL016,ORD00148,2360.59,INR,DemoGateway,1.0,upi,,,,,,,,,,,,,
PE000585,payment_authorized,2026-08-07 18:12:54,PAY00148,CMP018,SEL016,ORD00148,2360.59,INR,DemoGateway,1.0,,GTX000148,,,,,,,,,,,,
PE000586,payment_captured,2026-08-07 18:13:05,PAY00148,CMP018,SEL016,ORD00148,2360.59,INR,DemoGateway,1.0,,GTX000148,2360.59,,,,,,,,,,,
PE000587,revenue_recognized,2026-08-07 20:04:05,PAY00148,CMP018,SEL016,ORD00148,188.85,INR,DemoGateway,1.0,,,,REV00148,188.85,platform_fee,,,,,,,,
PE000588,payment_initiated,2026-08-07 15:57:00,PAY00149,CMP026,SEL012,ORD00149,22402.93,INR,DemoGateway,1.0,upi,,,,,,,,,,,,,
PE000589,payment_authorized,2026-08-07 15:57:16,PAY00149,CMP026,SEL012,ORD00149,22402.93,INR,DemoGateway,1.0,,GTX000149,,,,,,,,,,,,
PE000590,payment_captured,2026-08-07 15:58:24,PAY00149,CMP026,SEL012,ORD00149,22402.93,INR,DemoGateway,1.0,,GTX000149,22402.93,,,,,,,,,,,
PE000591,revenue_recognized,2026-08-07 17:27:24,PAY00149,CMP026,SEL012,ORD00149,1792.23,INR,DemoGateway,1.0,,,,REV00149,1792.23,platform_fee,,,,,,,,
PE000592,payment_initiated,2026-08-07 09:27:00,PAY00150,CMP017,SEL009,ORD00150,18586.41,INR,DemoPay,1.0,netbanking,,,,,,,,,,,,,
PE000593,payment_authorized,2026-08-07 09:27:16,PAY00150,CMP017,SEL009,ORD00150,18586.41,INR,DemoPay,1.0,,GTX000150,,,,,,,,,,,,
PE000594,payment_captured,2026-08-07 09:28:30,PAY00150,CMP017,SEL009,ORD00150,18586.41,INR,DemoPay,1.0,,GTX000150,18586.41,,,,,,,,,,,
PE000595,revenue_recognized,2026-08-07 10:06:30,PAY00150,CMP017,SEL009,ORD00150,1486.91,INR,DemoPay,1.0,,,,REV00150,1486.91,platform_fee,,,,,,,,
PE000596,payment_initiated,2026-08-07 14:10:00,PAY00151,CMP022,SEL010,ORD00151,11979.02,INR,DemoGateway,1.0,netbanking,,,,,,,,,,,,,
PE000597,payment_authorized,2026-08-07 14:10:33,PAY00151,CMP022,SEL010,ORD00151,11979.02,INR,DemoGateway,1.0,,GTX000151,,,,,,,,,,,,
PE000598,payment_captured,2026-08-07 14:10:43,PAY00151,CMP022,SEL010,ORD00151,11979.02,INR,DemoGateway,1.0,,GTX000151,11979.02,,,,,,,,,,,
PE000599,revenue_recognized,2026-08-07 15:44:43,PAY00151,CMP022,SEL010,ORD00151,958.32,INR,DemoGateway,1.0,,,,REV00151,958.32,platform_fee,,,,,,,,
PE000600,payment_initiated,2026-08-07 18:25:00,PAY00152,CMP014,SEL009,ORD00152,3263.47,INR,DemoPay,1.0,upi,,,,,,,,,,,,,
PE000601,payment_authorized,2026-08-07 18:25:52,PAY00152,CMP014,SEL009,ORD00152,3263.47,INR,DemoPay,1.0,,GTX000152,,,,,,,,,,,,
PE000602,payment_captured,2026-08-07 18:27:23,PAY00152,CMP014,SEL009,ORD00152,3263.47,INR,DemoPay,1.0,,GTX000152,3263.47,,,,,,,,,,,
PE000603,revenue_recognized,2026-08-07 18:48:23,PAY00152,CMP014,SEL009,ORD00152,261.08,INR,DemoPay,1.0,,,,REV00152,261.08,platform_fee,,,,,,,,
PE000604,payment_initiated,2026-08-07 11:49:00,PAY00153,CMP020,SEL015,ORD00153,4466.41,INR,DemoPay,1.0,netbanking,,,,,,,,,,,,,
PE000605,payment_authorized,2026-08-07 11:49:29,PAY00153,CMP020,SEL015,ORD00153,4466.41,INR,DemoPay,1.0,,GTX000153,,,,,,,,,,,,
PE000606,payment_captured,2026-08-07 11:50:46,PAY00153,CMP020,SEL015,ORD00153,4466.41,INR,DemoPay,1.0,,GTX000153,4466.41,,,,,,,,,,,
PE000607,revenue_recognized,2026-08-07 11:55:46,PAY00153,CMP020,SEL015,ORD00153,357.31,INR,DemoPay,1.0,,,,REV00153,357.31,platform_fee,,,,,,,,
PE000608,payment_initiated,2026-08-07 17:08:00,PAY00154,CMP012,SEL012,ORD00154,19432.49,INR,DemoGateway,1.0,netbanking,,,,,,,,,,,,,
PE000609,payment_authorized,2026-08-07 17:08:25,PAY00154,CMP012,SEL012,ORD00154,19432.49,INR,DemoGateway,1.0,,GTX000154,,,,,,,,,,,,
PE000610,payment_captured,2026-08-07 17:09:53,PAY00154,CMP012,SEL012,ORD00154,19432.49,INR,DemoGateway,1.0,,GTX000154,19432.49,,,,,,,,,,,
PE000611,revenue_recognized,2026-08-07 17:45:53,PAY00154,CMP012,SEL012,ORD00154,1554.6,INR,DemoGateway,1.0,,,,REV00154,1554.6,platform_fee,,,,,,,,
PE000612,payment_initiated,2026-08-07 16:07:00,PAY00155,CMP024,SEL006,ORD00155,13667.01,INR,DemoGateway,1.0,upi,,,,,,,,,,,,,
PE000613,payment_authorized,2026-08-07 16:07:50,PAY00155,CMP024,SEL006,ORD00155,13667.01,INR,DemoGateway,1.0,,GTX000155,,,,,,,,,,,,
PE000614,payment_captured,2026-08-07 16:08:52,PAY00155,CMP024,SEL006,ORD00155,13667.01,INR,DemoGateway,1.0,,GTX000155,13667.01,,,,,,,,,,,
PE000615,revenue_recognized,2026-08-07 16:36:52,PAY00155,CMP024,SEL006,ORD00155,1093.36,INR,DemoGateway,1.0,,,,REV00155,1093.36,platform_fee,,,,,,,,
PE000616,payment_initiated,2026-08-07 09:28:00,PAY00156,CMP030,SEL016,ORD00156,4381.98,INR,DemoPay,1.0,card,,,,,,,,,,,,,
PE000617,payment_authorized,2026-08-07 09:28:33,PAY00156,CMP030,SEL016,ORD00156,4381.98,INR,DemoPay,1.0,,GTX000156,,,,,,,,,,,,
PE000618,payment_captured,2026-08-07 09:28:49,PAY00156,CMP030,SEL016,ORD00156,4381.98,INR,DemoPay,1.0,,GTX000156,4381.98,,,,,,,,,,,
PE000619,revenue_recognized,2026-08-07 11:12:49,PAY00156,CMP030,SEL016,ORD00156,350.56,INR,DemoPay,1.0,,,,REV00156,350.56,platform_fee,,,,,,,,
PE000620,payment_initiated,2026-08-07 12:57:00,PAY00157,CMP011,SEL012,ORD00157,14424.93,INR,DemoPay,1.0,upi,,,,,,,,,,,,,
PE000621,payment_authorized,2026-08-07 12:57:50,PAY00157,CMP011,SEL012,ORD00157,14424.93,INR,DemoPay,1.0,,GTX000157,,,,,,,,,,,,
PE000622,payment_captured,2026-08-07 12:59:25,PAY00157,CMP011,SEL012,ORD00157,14424.93,INR,DemoPay,1.0,,GTX000157,14424.93,,,,,,,,,,,
PE000623,revenue_recognized,2026-08-07 14:58:25,PAY00157,CMP011,SEL012,ORD00157,1153.99,INR,DemoPay,1.0,,,,REV00157,1153.99,platform_fee,,,,,,,,
PE000624,payment_initiated,2026-08-07 11:50:00,PAY00158,CMP012,SEL017,ORD00158,4352.02,INR,DemoPay,1.0,card,,,,,,,,,,,,,
PE000625,payment_authorized,2026-08-07 11:50:36,PAY00158,CMP012,SEL017,ORD00158,4352.02,INR,DemoPay,1.0,,GTX000158,,,,,,,,,,,,
PE000626,payment_captured,2026-08-07 11:50:44,PAY00158,CMP012,SEL017,ORD00158,4352.02,INR,DemoPay,1.0,,GTX000158,4352.02,,,,,,,,,,,
PE000627,revenue_recognized,2026-08-07 12:37:44,PAY00158,CMP012,SEL017,ORD00158,348.16,INR,DemoPay,1.0,,,,REV00158,348.16,platform_fee,,,,,,,,
PE000628,payment_initiated,2026-08-07 09:04:00,PAY00159,CMP026,SEL018,ORD00159,15880.79,INR,DemoPay,1.0,upi,,,,,,,,,,,,,
PE000629,payment_authorized,2026-08-07 09:04:50,PAY00159,CMP026,SEL018,ORD00159,15880.79,INR,DemoPay,1.0,,GTX000159,,,,,,,,,,,,
PE000630,payment_captured,2026-08-07 09:06:27,PAY00159,CMP026,SEL018,ORD00159,15880.79,INR,DemoPay,1.0,,GTX000159,15880.79,,,,,,,,,,,
PE000631,revenue_recognized,2026-08-07 10:08:27,PAY00159,CMP026,SEL018,ORD00159,1270.46,INR,DemoPay,1.0,,,,REV00159,1270.46,platform_fee,,,,,,,,
PE000632,payment_initiated,2026-08-08 18:33:00,PAY00160,CMP005,SEL011,ORD00160,12074.4,INR,DemoPay,1.0,upi,,,,,,,,,,,,,
PE000633,payment_authorized,2026-08-08 18:33:58,PAY00160,CMP005,SEL011,ORD00160,12074.4,INR,DemoPay,1.0,,GTX000160,,,,,,,,,,,,
PE000634,payment_captured,2026-08-08 18:35:42,PAY00160,CMP005,SEL011,ORD00160,12074.4,INR,DemoPay,1.0,,GTX000160,12074.4,,,,,,,,,,,
PE000635,revenue_recognized,2026-08-08 19:46:42,PAY00160,CMP005,SEL011,ORD00160,965.95,INR,DemoPay,1.0,,,,REV00160,965.95,platform_fee,,,,,,,,
PE000636,payment_initiated,2026-08-08 16:09:00,PAY00161,CMP005,SEL014,ORD00161,21037.68,INR,DemoPay,1.0,upi,,,,,,,,,,,,,
PE000637,payment_authorized,2026-08-08 16:09:25,PAY00161,CMP005,SEL014,ORD00161,21037.68,INR,DemoPay,1.0,,GTX000161,,,,,,,,,,,,
PE000638,payment_captured,2026-08-08 16:11:00,PAY00161,CMP005,SEL014,ORD00161,21037.68,INR,DemoPay,1.0,,GTX000161,21037.68,,,,,,,,,,,
PE000639,revenue_recognized,2026-08-08 16:40:00,PAY00161,CMP005,SEL014,ORD00161,1683.01,INR,DemoPay,1.0,,,,REV00161,1683.01,platform_fee,,,,,,,,
PE000640,payment_initiated,2026-08-08 18:35:00,PAY00162,CMP029,SEL010,ORD00162,7389.22,INR,DemoPay,1.0,upi,,,,,,,,,,,,,
PE000641,payment_authorized,2026-08-08 18:35:24,PAY00162,CMP029,SEL010,ORD00162,7389.22,INR,DemoPay,1.0,,GTX000162,,,,,,,,,,,,
PE000642,payment_captured,2026-08-08 18:36:47,PAY00162,CMP029,SEL010,ORD00162,7389.22,INR,DemoPay,1.0,,GTX000162,7389.22,,,,,,,,,,,
PE000643,revenue_recognized,2026-08-08 19:45:47,PAY00162,CMP029,SEL010,ORD00162,591.14,INR,DemoPay,1.0,,,,REV00162,591.14,platform_fee,,,,,,,,
PE000644,payment_refunded,2026-08-13 19:45:47,PAY00162,CMP029,SEL010,ORD00162,5399.6,INR,DemoPay,1.0,,,,,,,REF00162,5399.6,service_issue,,,,,
PE000645,payment_initiated,2026-08-08 17:02:00,PAY00163,CMP022,SEL020,ORD00163,21299.46,INR,DemoGateway,1.0,card,,,,,,,,,,,,,
PE000646,payment_authorized,2026-08-08 17:02:46,PAY00163,CMP022,SEL020,ORD00163,21299.46,INR,DemoGateway,1.0,,GTX000163,,,,,,,,,,,,
PE000647,payment_captured,2026-08-08 17:04:29,PAY00163,CMP022,SEL020,ORD00163,21299.46,INR,DemoGateway,1.0,,GTX000163,21299.46,,,,,,,,,,,
PE000648,revenue_recognized,2026-08-08 18:18:29,PAY00163,CMP022,SEL020,ORD00163,1703.96,INR,DemoGateway,1.0,,,,REV00163,1703.96,platform_fee,,,,,,,,
PE000649,payment_initiated,2026-08-08 18:34:00,PAY00164,CMP019,SEL014,ORD00164,13203.89,INR,DemoPay,1.0,upi,,,,,,,,,,,,,
PE000650,payment_authorized,2026-08-08 18:34:24,PAY00164,CMP019,SEL014,ORD00164,13203.89,INR,DemoPay,1.0,,GTX000164,,,,,,,,,,,,
PE000651,payment_captured,2026-08-08 18:35:30,PAY00164,CMP019,SEL014,ORD00164,13203.89,INR,DemoPay,1.0,,GTX000164,13203.89,,,,,,,,,,,
PE000652,revenue_recognized,2026-08-08 19:07:30,PAY00164,CMP019,SEL014,ORD00164,1056.31,INR,DemoPay,1.0,,,,REV00164,1056.31,platform_fee,,,,,,,,
PE000653,payment_initiated,2026-08-08 10:28:00,PAY00165,CMP010,SEL015,ORD00165,17682.42,INR,DemoPay,1.0,upi,,,,,,,,,,,,,
PE000654,payment_authorized,2026-08-08 10:28:18,PAY00165,CMP010,SEL015,ORD00165,17682.42,INR,DemoPay,1.0,,GTX000165,,,,,,,,,,,,
PE000655,payment_captured,2026-08-08 10:29:06,PAY00165,CMP010,SEL015,ORD00165,17682.42,INR,DemoPay,1.0,,GTX000165,17682.42,,,,,,,,,,,
PE000656,revenue_recognized,2026-08-08 11:47:06,PAY00165,CMP010,SEL015,ORD00165,1414.59,INR,DemoPay,1.0,,,,REV00165,1414.59,platform_fee,,,,,,,,
PE000657,payment_initiated,2026-08-08 13:32:00,PAY00166,CMP011,SEL012,ORD00166,4573.0,INR,DemoGateway,1.0,netbanking,,,,,,,,,,,,,
PE000658,payment_authorized,2026-08-08 13:32:20,PAY00166,CMP011,SEL012,ORD00166,4573.0,INR,DemoGateway,1.0,,GTX000166,,,,,,,,,,,,
PE000659,payment_captured,2026-08-08 13:33:24,PAY00166,CMP011,SEL012,ORD00166,4573.0,INR,DemoGateway,1.0,,GTX000166,4573.0,,,,,,,,,,,
PE000660,revenue_recognized,2026-08-08 13:49:24,PAY00166,CMP011,SEL012,ORD00166,365.84,INR,DemoGateway,1.0,,,,REV00166,365.84,platform_fee,,,,,,,,
PE000661,payment_initiated,2026-08-08 17:26:00,PAY00167,CMP004,SEL002,ORD00167,23716.54,INR,DemoGateway,1.0,card,,,,,,,,,,,,,
PE000662,payment_authorized,2026-08-08 17:26:15,PAY00167,CMP004,SEL002,ORD00167,23716.54,INR,DemoGateway,1.0,,GTX000167,,,,,,,,,,,,
PE000663,payment_captured,2026-08-08 17:28:04,PAY00167,CMP004,SEL002,ORD00167,23716.54,INR,DemoGateway,1.0,,GTX000167,23716.54,,,,,,,,,,,
PE000664,revenue_recognized,2026-08-08 18:10:04,PAY00167,CMP004,SEL002,ORD00167,1897.32,INR,DemoGateway,1.0,,,,REV00167,1897.32,platform_fee,,,,,,,,
PE000665,payment_initiated,2026-08-08 15:31:00,PAY00168,CMP007,SEL006,ORD00168,24905.28,INR,DemoGateway,1.0,upi,,,,,,,,,,,,,
PE000666,payment_authorized,2026-08-08 15:31:10,PAY00168,CMP007,SEL006,ORD00168,24905.28,INR,DemoGateway,1.0,,GTX000168,,,,,,,,,,,,
PE000667,payment_captured,2026-08-08 15:32:05,PAY00168,CMP007,SEL006,ORD00168,24905.28,INR,DemoGateway,1.0,,GTX000168,24905.28,,,,,,,,,,,
PE000668,revenue_recognized,2026-08-08 16:37:05,PAY00168,CMP007,SEL006,ORD00168,1992.42,INR,DemoGateway,1.0,,,,REV00168,1992.42,platform_fee,,,,,,,,
PE000669,payment_initiated,2026-08-08 15:38:00,PAY00169,CMP019,SEL012,ORD00169,2687.7,INR,DemoPay,1.0,netbanking,,,,,,,,,,,,,
PE000670,payment_authorized,2026-08-08 15:38:23,PAY00169,CMP019,SEL012,ORD00169,2687.7,INR,DemoPay,1.0,,GTX000169,,,,,,,,,,,,
PE000671,payment_captured,2026-08-08 15:39:36,PAY00169,CMP019,SEL012,ORD00169,2687.7,INR,DemoPay,1.0,,GTX000169,2687.7,,,,,,,,,,,
PE000672,revenue_recognized,2026-08-08 15:41:36,PAY00169,CMP019,SEL012,ORD00169,215.02,INR,DemoPay,1.0,,,,REV00169,215.02,platform_fee,,,,,,,,
PE000673,payment_initiated,2026-08-08 13:02:00,PAY00170,CMP029,SEL009,ORD00170,19450.63,INR,DemoGateway,1.0,upi,,,,,,,,,,,,,
PE000674,payment_failed,2026-08-08 13:03:21,PAY00170,CMP029,SEL009,ORD00170,19450.63,INR,DemoGateway,1.0,,,,,,,,,,DECLINED,demo_failure,,,
PE000675,payment_initiated,2026-08-08 16:28:00,PAY00171,CMP012,SEL018,ORD00171,3228.0,INR,DemoGateway,1.0,netbanking,,,,,,,,,,,,,
PE000676,payment_authorized,2026-08-08 16:28:44,PAY00171,CMP012,SEL018,ORD00171,3228.0,INR,DemoGateway,1.0,,GTX000171,,,,,,,,,,,,
PE000677,payment_captured,2026-08-08 16:30:16,PAY00171,CMP012,SEL018,ORD00171,3228.0,INR,DemoGateway,1.0,,GTX000171,3228.0,,,,,,,,,,,
PE000678,revenue_recognized,2026-08-08 17:49:16,PAY00171,CMP012,SEL018,ORD00171,258.24,INR,DemoGateway,1.0,,,,REV00171,258.24,platform_fee,,,,,,,,
PE000679,payment_initiated,2026-08-08 13:48:00,PAY00172,CMP013,SEL012,ORD00172,14609.05,INR,DemoGateway,1.0,card,,,,,,,,,,,,,
PE000680,payment_authorized,2026-08-08 13:48:37,PAY00172,CMP013,SEL012,ORD00172,14609.05,INR,DemoGateway,1.0,,GTX000172,,,,,,,,,,,,
PE000681,payment_captured,2026-08-08 13:49:33,PAY00172,CMP013,SEL012,ORD00172,14609.05,INR,DemoGateway,1.0,,GTX000172,14609.05,,,,,,,,,,,
PE000682,revenue_recognized,2026-08-08 14:54:33,PAY00172,CMP013,SEL012,ORD00172,1168.72,INR,DemoGateway,1.0,,,,REV00172,1168.72,platform_fee,,,,,,,,
PE000683,payment_refunded,2026-08-11 14:54:33,PAY00172,CMP013,SEL012,ORD00172,4078.63,INR,DemoGateway,1.0,,,,,,,REF00172,4078.63,order_cancelled,,,,,
PE000684,payment_initiated,2026-08-09 17:20:00,PAY00173,CMP020,SEL017,ORD00173,9207.2,INR,DemoPay,1.0,card,,,,,,,,,,,,,
PE000685,payment_authorized,2026-08-09 17:20:44,PAY00173,CMP020,SEL017,ORD00173,9207.2,INR,DemoPay,1.0,,GTX000173,,,,,,,,,,,,
PE000686,payment_captured,2026-08-09 17:22:23,PAY00173,CMP020,SEL017,ORD00173,9207.2,INR,DemoPay,1.0,,GTX000173,9207.2,,,,,,,,,,,
PE000687,revenue_recognized,2026-08-09 19:10:23,PAY00173,CMP020,SEL017,ORD00173,736.58,INR,DemoPay,1.0,,,,REV00173,736.58,platform_fee,,,,,,,,
PE000688,payment_initiated,2026-08-09 12:30:00,PAY00174,CMP027,SEL017,ORD00174,18155.39,INR,DemoGateway,1.0,card,,,,,,,,,,,,,
PE000689,payment_authorized,2026-08-09 12:30:48,PAY00174,CMP027,SEL017,ORD00174,18155.39,INR,DemoGateway,1.0,,GTX000174,,,,,,,,,,,,
PE000690,payment_captured,2026-08-09 12:31:07,PAY00174,CMP027,SEL017,ORD00174,18155.39,INR,DemoGateway,1.0,,GTX000174,18155.39,,,,,,,,,,,
PE000691,revenue_recognized,2026-08-09 13:25:07,PAY00174,CMP027,SEL017,ORD00174,1452.43,INR,DemoGateway,1.0,,,,REV00174,1452.43,platform_fee,,,,,,,,
PE000692,payment_initiated,2026-08-09 18:50:00,PAY00175,CMP024,SEL001,ORD00175,7739.97,INR,DemoGateway,1.0,netbanking,,,,,,,,,,,,,
PE000693,payment_authorized,2026-08-09 18:50:51,PAY00175,CMP024,SEL001,ORD00175,7739.97,INR,DemoGateway,1.0,,GTX000175,,,,,,,,,,,,
PE000694,payment_captured,2026-08-09 18:51:02,PAY00175,CMP024,SEL001,ORD00175,7739.97,INR,DemoGateway,1.0,,GTX000175,7739.97,,,,,,,,,,,
PE000695,revenue_recognized,2026-08-09 20:06:02,PAY00175,CMP024,SEL001,ORD00175,619.2,INR,DemoGateway,1.0,,,,REV00175,619.2,platform_fee,,,,,,,,
PE000696,payment_initiated,2026-08-09 18:15:00,PAY00176,CMP024,SEL020,ORD00176,4972.73,INR,DemoGateway,1.0,card,,,,,,,,,,,,,
PE000697,payment_authorized,2026-08-09 18:15:49,PAY00176,CMP024,SEL020,ORD00176,4972.73,INR,DemoGateway,1.0,,GTX000176,,,,,,,,,,,,
PE000698,payment_captured,2026-08-09 18:16:08,PAY00176,CMP024,SEL020,ORD00176,4972.73,INR,DemoGateway,1.0,,GTX000176,4972.73,,,,,,,,,,,
PE000699,revenue_recognized,2026-08-09 18:41:08,PAY00176,CMP024,SEL020,ORD00176,397.82,INR,DemoGateway,1.0,,,,REV00176,397.82,platform_fee,,,,,,,,
PE000700,payment_refunded,2026-08-11 18:41:08,PAY00176,CMP024,SEL020,ORD00176,2413.11,INR,DemoGateway,1.0,,,,,,,REF00176,2413.11,order_cancelled,,,,,
PE000701,payment_initiated,2026-08-09 08:45:00,PAY00177,CMP014,SEL017,ORD00177,22011.22,INR,DemoGateway,1.0,card,,,,,,,,,,,,,
PE000702,payment_authorized,2026-08-09 08:45:40,PAY00177,CMP014,SEL017,ORD00177,22011.22,INR,DemoGateway,1.0,,GTX000177,,,,,,,,,,,,
PE000703,payment_captured,2026-08-09 08:46:26,PAY00177,CMP014,SEL017,ORD00177,22011.22,INR,DemoGateway,1.0,,GTX000177,22011.22,,,,,,,,,,,
PE000704,revenue_recognized,2026-08-09 10:11:26,PAY00177,CMP014,SEL017,ORD00177,1760.9,INR,DemoGateway,1.0,,,,REV00177,1760.9,platform_fee,,,,,,,,
PE000705,payment_initiated,2026-08-09 18:49:00,PAY00178,CMP006,SEL015,ORD00178,14337.42,INR,DemoGateway,1.0,netbanking,,,,,,,,,,,,,
PE000706,payment_authorized,2026-08-09 18:49:56,PAY00178,CMP006,SEL015,ORD00178,14337.42,INR,DemoGateway,1.0,,GTX000178,,,,,,,,,,,,
PE000707,payment_captured,2026-08-09 18:51:29,PAY00178,CMP006,SEL015,ORD00178,14337.42,INR,DemoGateway,1.0,,GTX000178,14337.42,,,,,,,,,,,
PE000708,revenue_recognized,2026-08-09 19:25:29,PAY00178,CMP006,SEL015,ORD00178,1146.99,INR,DemoGateway,1.0,,,,REV00178,1146.99,platform_fee,,,,,,,,
PE000709,payment_initiated,2026-08-09 12:49:00,PAY00179,CMP008,SEL009,ORD00179,6784.38,INR,DemoGateway,1.0,upi,,,,,,,,,,,,,
PE000710,payment_authorized,2026-08-09 12:49:49,PAY00179,CMP008,SEL009,ORD00179,6784.38,INR,DemoGateway,1.0,,GTX000179,,,,,,,,,,,,
PE000711,payment_captured,2026-08-09 12:51:24,PAY00179,CMP008,SEL009,ORD00179,6784.38,INR,DemoGateway,1.0,,GTX000179,6784.38,,,,,,,,,,,
PE000712,revenue_recognized,2026-08-09 13:54:24,PAY00179,CMP008,SEL009,ORD00179,542.75,INR,DemoGateway,1.0,,,,REV00179,542.75,platform_fee,,,,,,,,
PE000713,payment_initiated,2026-08-09 18:34:00,PAY00180,CMP030,SEL009,ORD00180,4364.04,INR,DemoGateway,1.0,upi,,,,,,,,,,,,,
PE000714,payment_authorized,2026-08-09 18:34:30,PAY00180,CMP030,SEL009,ORD00180,4364.04,INR,DemoGateway,1.0,,GTX000180,,,,,,,,,,,,
PE000715,payment_captured,2026-08-09 18:36:19,PAY00180,CMP030,SEL009,ORD00180,4364.04,INR,DemoGateway,1.0,,GTX000180,4364.04,,,,,,,,,,,
PE000716,revenue_recognized,2026-08-09 19:21:19,PAY00180,CMP030,SEL009,ORD00180,349.12,INR,DemoGateway,1.0,,,,REV00180,349.12,platform_fee,,,,,,,,
PE000717,payment_initiated,2026-08-09 09:22:00,PAY00181,CMP010,SEL002,ORD00181,23949.87,INR,DemoGateway,1.0,upi,,,,,,,,,,,,,
PE000718,payment_authorized,2026-08-09 09:22:52,PAY00181,CMP010,SEL002,ORD00181,23949.87,INR,DemoGateway,1.0,,GTX000181,,,,,,,,,,,,
PE000719,payment_captured,2026-08-09 09:23:58,PAY00181,CMP010,SEL002,ORD00181,23949.87,INR,DemoGateway,1.0,,GTX000181,23949.87,,,,,,,,,,,
PE000720,revenue_recognized,2026-08-09 09:51:58,PAY00181,CMP010,SEL002,ORD00181,1915.99,INR,DemoGateway,1.0,,,,REV00181,1915.99,platform_fee,,,,,,,,
PE000721,payment_initiated,2026-08-09 17:47:00,PAY00182,CMP030,SEL018,ORD00182,4725.91,INR,DemoGateway,1.0,netbanking,,,,,,,,,,,,,
PE000722,payment_authorized,2026-08-09 17:47:08,PAY00182,CMP030,SEL018,ORD00182,4725.91,INR,DemoGateway,1.0,,GTX000182,,,,,,,,,,,,
PE000723,payment_captured,2026-08-09 17:48:38,PAY00182,CMP030,SEL018,ORD00182,4725.91,INR,DemoGateway,1.0,,GTX000182,4725.91,,,,,,,,,,,
PE000724,revenue_recognized,2026-08-09 19:44:38,PAY00182,CMP030,SEL018,ORD00182,378.07,INR,DemoGateway,1.0,,,,REV00182,378.07,platform_fee,,,,,,,,
PE000725,payment_initiated,2026-08-09 15:06:00,PAY00183,CMP002,SEL004,ORD00183,9261.9,INR,DemoGateway,1.0,netbanking,,,,,,,,,,,,,
PE000726,payment_authorized,2026-08-09 15:06:05,PAY00183,CMP002,SEL004,ORD00183,9261.9,INR,DemoGateway,1.0,,GTX000183,,,,,,,,,,,,
PE000727,payment_captured,2026-08-09 15:07:20,PAY00183,CMP002,SEL004,ORD00183,9261.9,INR,DemoGateway,1.0,,GTX000183,9261.9,,,,,,,,,,,
PE000728,revenue_recognized,2026-08-09 17:06:20,PAY00183,CMP002,SEL004,ORD00183,740.95,INR,DemoGateway,1.0,,,,REV00183,740.95,platform_fee,,,,,,,,
PE000729,payment_initiated,2026-08-09 12:20:00,PAY00184,CMP029,SEL016,ORD00184,16787.66,INR,DemoGateway,1.0,upi,,,,,,,,,,,,,
PE000730,payment_authorized,2026-08-09 12:20:54,PAY00184,CMP029,SEL016,ORD00184,16787.66,INR,DemoGateway,1.0,,GTX000184,,,,,,,,,,,,
PE000731,payment_captured,2026-08-09 12:21:10,PAY00184,CMP029,SEL016,ORD00184,16787.66,INR,DemoGateway,1.0,,GTX000184,16787.66,,,,,,,,,,,
PE000732,revenue_recognized,2026-08-09 13:45:10,PAY00184,CMP029,SEL016,ORD00184,1343.01,INR,DemoGateway,1.0,,,,REV00184,1343.01,platform_fee,,,,,,,,
PE000733,payment_initiated,2026-08-09 10:59:00,PAY00185,CMP024,SEL002,ORD00185,11320.3,INR,DemoPay,1.0,card,,,,,,,,,,,,,
PE000734,payment_authorized,2026-08-09 10:59:30,PAY00185,CMP024,SEL002,ORD00185,11320.3,INR,DemoPay,1.0,,GTX000185,,,,,,,,,,,,
PE000735,payment_captured,2026-08-09 11:01:15,PAY00185,CMP024,SEL002,ORD00185,11320.3,INR,DemoPay,1.0,,GTX000185,11320.3,,,,,,,,,,,
PE000736,revenue_recognized,2026-08-09 12:05:15,PAY00185,CMP024,SEL002,ORD00185,905.62,INR,DemoPay,1.0,,,,REV00185,905.62,platform_fee,,,,,,,,
PE000737,payment_initiated,2026-08-09 17:38:00,PAY00186,CMP028,SEL010,ORD00186,1717.78,INR,DemoPay,1.0,card,,,,,,,,,,,,,
PE000738,payment_authorized,2026-08-09 17:38:26,PAY00186,CMP028,SEL010,ORD00186,1717.78,INR,DemoPay,1.0,,GTX000186,,,,,,,,,,,,
PE000739,payment_captured,2026-08-09 17:39:07,PAY00186,CMP028,SEL010,ORD00186,1717.78,INR,DemoPay,1.0,,GTX000186,1717.78,,,,,,,,,,,
PE000740,revenue_recognized,2026-08-09 18:38:07,PAY00186,CMP028,SEL010,ORD00186,137.42,INR,DemoPay,1.0,,,,REV00186,137.42,platform_fee,,,,,,,,
PE000741,payment_initiated,2026-08-10 09:21:00,PAY00187,CMP029,SEL005,ORD00187,7911.67,INR,DemoGateway,1.0,card,,,,,,,,,,,,,
PE000742,payment_authorized,2026-08-10 09:21:46,PAY00187,CMP029,SEL005,ORD00187,7911.67,INR,DemoGateway,1.0,,GTX000187,,,,,,,,,,,,
PE000743,payment_captured,2026-08-10 09:22:23,PAY00187,CMP029,SEL005,ORD00187,7911.67,INR,DemoGateway,1.0,,GTX000187,7911.67,,,,,,,,,,,
PE000744,revenue_recognized,2026-08-10 10:54:23,PAY00187,CMP029,SEL005,ORD00187,632.93,INR,DemoGateway,1.0,,,,REV00187,632.93,platform_fee,,,,,,,,
PE000745,payment_initiated,2026-08-10 18:57:00,PAY00188,CMP026,SEL010,ORD00188,5624.13,INR,DemoPay,1.0,upi,,,,,,,,,,,,,
PE000746,payment_authorized,2026-08-10 18:57:37,PAY00188,CMP026,SEL010,ORD00188,5624.13,INR,DemoPay,1.0,,GTX000188,,,,,,,,,,,,
PE000747,payment_captured,2026-08-10 18:58:23,PAY00188,CMP026,SEL010,ORD00188,5624.13,INR,DemoPay,1.0,,GTX000188,5624.13,,,,,,,,,,,
PE000748,revenue_recognized,2026-08-10 19:10:23,PAY00188,CMP026,SEL010,ORD00188,449.93,INR,DemoPay,1.0,,,,REV00188,449.93,platform_fee,,,,,,,,
PE000749,payment_initiated,2026-08-10 08:16:00,PAY00189,CMP005,SEL016,ORD00189,23491.9,INR,DemoGateway,1.0,upi,,,,,,,,,,,,,
PE000750,payment_authorized,2026-08-10 08:16:53,PAY00189,CMP005,SEL016,ORD00189,23491.9,INR,DemoGateway,1.0,,GTX000189,,,,,,,,,,,,
PE000751,payment_captured,2026-08-10 08:17:32,PAY00189,CMP005,SEL016,ORD00189,23491.9,INR,DemoGateway,1.0,,GTX000189,23491.9,,,,,,,,,,,
PE000752,revenue_recognized,2026-08-10 09:00:32,PAY00189,CMP005,SEL016,ORD00189,1879.35,INR,DemoGateway,1.0,,,,REV00189,1879.35,platform_fee,,,,,,,,
PE000753,payment_initiated,2026-08-10 08:42:00,PAY00190,CMP001,SEL009,ORD00190,17780.06,INR,DemoGateway,1.0,card,,,,,,,,,,,,,
PE000754,payment_authorized,2026-08-10 08:42:15,PAY00190,CMP001,SEL009,ORD00190,17780.06,INR,DemoGateway,1.0,,GTX000190,,,,,,,,,,,,
PE000755,payment_captured,2026-08-10 08:43:11,PAY00190,CMP001,SEL009,ORD00190,17780.06,INR,DemoGateway,1.0,,GTX000190,17780.06,,,,,,,,,,,
PE000756,revenue_recognized,2026-08-10 10:11:11,PAY00190,CMP001,SEL009,ORD00190,1422.4,INR,DemoGateway,1.0,,,,REV00190,1422.4,platform_fee,,,,,,,,
PE000757,payment_initiated,2026-08-10 12:23:00,PAY00191,CMP023,SEL010,ORD00191,16509.72,INR,DemoPay,1.0,netbanking,,,,,,,,,,,,,
PE000758,payment_authorized,2026-08-10 12:23:13,PAY00191,CMP023,SEL010,ORD00191,16509.72,INR,DemoPay,1.0,,GTX000191,,,,,,,,,,,,
PE000759,payment_captured,2026-08-10 12:24:19,PAY00191,CMP023,SEL010,ORD00191,16509.72,INR,DemoPay,1.0,,GTX000191,16509.72,,,,,,,,,,,
PE000760,revenue_recognized,2026-08-10 12:44:19,PAY00191,CMP023,SEL010,ORD00191,1320.78,INR,DemoPay,1.0,,,,REV00191,1320.78,platform_fee,,,,,,,,
PE000761,payment_initiated,2026-08-10 18:52:00,PAY00192,CMP012,SEL014,ORD00192,19297.74,INR,DemoGateway,1.0,card,,,,,,,,,,,,,
PE000762,payment_authorized,2026-08-10 18:52:48,PAY00192,CMP012,SEL014,ORD00192,19297.74,INR,DemoGateway,1.0,,GTX000192,,,,,,,,,,,,
PE000763,payment_captured,2026-08-10 18:54:29,PAY00192,CMP012,SEL014,ORD00192,19297.74,INR,DemoGateway,1.0,,GTX000192,19297.74,,,,,,,,,,,
PE000764,revenue_recognized,2026-08-10 20:11:29,PAY00192,CMP012,SEL014,ORD00192,1543.82,INR,DemoGateway,1.0,,,,REV00192,1543.82,platform_fee,,,,,,,,
PE000765,payment_initiated,2026-08-10 17:07:00,PAY00193,CMP015,SEL017,ORD00193,3335.41,INR,DemoGateway,1.0,card,,,,,,,,,,,,,
PE000766,payment_authorized,2026-08-10 17:07:37,PAY00193,CMP015,SEL017,ORD00193,3335.41,INR,DemoGateway,1.0,,GTX000193,,,,,,,,,,,,
PE000767,payment_captured,2026-08-10 17:08:07,PAY00193,CMP015,SEL017,ORD00193,3335.41,INR,DemoGateway,1.0,,GTX000193,3335.41,,,,,,,,,,,
PE000768,revenue_recognized,2026-08-10 18:22:07,PAY00193,CMP015,SEL017,ORD00193,266.83,INR,DemoGateway,1.0,,,,REV00193,266.83,platform_fee,,,,,,,,
PE000769,payment_initiated,2026-08-10 11:45:00,PAY00194,CMP028,SEL017,ORD00194,4231.64,INR,DemoGateway,1.0,netbanking,,,,,,,,,,,,,
PE000770,payment_authorized,2026-08-10 11:45:37,PAY00194,CMP028,SEL017,ORD00194,4231.64,INR,DemoGateway,1.0,,GTX000194,,,,,,,,,,,,
PE000771,payment_captured,2026-08-10 11:46:39,PAY00194,CMP028,SEL017,ORD00194,4231.64,INR,DemoGateway,1.0,,GTX000194,4231.64,,,,,,,,,,,
PE000772,revenue_recognized,2026-08-10 13:30:39,PAY00194,CMP028,SEL017,ORD00194,338.53,INR,DemoGateway,1.0,,,,REV00194,338.53,platform_fee,,,,,,,,
PE000773,payment_refunded,2026-08-14 13:30:39,PAY00194,CMP028,SEL017,ORD00194,1476.67,INR,DemoGateway,1.0,,,,,,,REF00194,1476.67,order_cancelled,,,,,
PE000774,payment_initiated,2026-08-10 14:16:00,PAY00195,CMP018,SEL015,ORD00195,18497.08,INR,DemoGateway,1.0,card,,,,,,,,,,,,,
PE000775,payment_authorized,2026-08-10 14:16:42,PAY00195,CMP018,SEL015,ORD00195,18497.08,INR,DemoGateway,1.0,,GTX000195,,,,,,,,,,,,
PE000776,payment_captured,2026-08-10 14:16:56,PAY00195,CMP018,SEL015,ORD00195,18497.08,INR,DemoGateway,1.0,,GTX000195,18497.08,,,,,,,,,,,
PE000777,revenue_recognized,2026-08-10 14:22:56,PAY00195,CMP018,SEL015,ORD00195,1479.77,INR,DemoGateway,1.0,,,,REV00195,1479.77,platform_fee,,,,,,,,
PE000778,payment_initiated,2026-08-10 15:02:00,PAY00196,CMP018,SEL002,ORD00196,24674.23,INR,DemoPay,1.0,upi,,,,,,,,,,,,,
PE000779,payment_authorized,2026-08-10 15:02:54,PAY00196,CMP018,SEL002,ORD00196,24674.23,INR,DemoPay,1.0,,GTX000196,,,,,,,,,,,,
PE000780,payment_captured,2026-08-10 15:03:16,PAY00196,CMP018,SEL002,ORD00196,24674.23,INR,DemoPay,1.0,,GTX000196,24674.23,,,,,,,,,,,
PE000781,revenue_recognized,2026-08-10 16:42:16,PAY00196,CMP018,SEL002,ORD00196,1973.94,INR,DemoPay,1.0,,,,REV00196,1973.94,platform_fee,,,,,,,,
PE000782,payment_initiated,2026-08-10 14:24:00,PAY00197,CMP014,SEL012,ORD00197,12040.62,INR,DemoGateway,1.0,card,,,,,,,,,,,,,
PE000783,payment_authorized,2026-08-10 14:24:47,PAY00197,CMP014,SEL012,ORD00197,12040.62,INR,DemoGateway,1.0,,GTX000197,,,,,,,,,,,,
PE000784,payment_captured,2026-08-10 14:26:43,PAY00197,CMP014,SEL012,ORD00197,12040.62,INR,DemoGateway,1.0,,GTX000197,12040.62,,,,,,,,,,,
PE000785,revenue_recognized,2026-08-10 15:36:43,PAY00197,CMP014,SEL012,ORD00197,963.25,INR,DemoGateway,1.0,,,,REV00197,963.25,platform_fee,,,,,,,,
PE000786,payment_initiated,2026-08-10 11:53:00,PAY00198,CMP004,SEL006,ORD00198,13927.8,INR,DemoGateway,1.0,card,,,,,,,,,,,,,
PE000787,payment_authorized,2026-08-10 11:53:24,PAY00198,CMP004,SEL006,ORD00198,13927.8,INR,DemoGateway,1.0,,GTX000198,,,,,,,,,,,,
PE000788,payment_captured,2026-08-10 11:54:28,PAY00198,CMP004,SEL006,ORD00198,13927.8,INR,DemoGateway,1.0,,GTX000198,13927.8,,,,,,,,,,,
PE000789,revenue_recognized,2026-08-10 13:21:28,PAY00198,CMP004,SEL006,ORD00198,1114.22,INR,DemoGateway,1.0,,,,REV00198,1114.22,platform_fee,,,,,,,,
PE000790,payment_initiated,2026-08-10 10:17:00,PAY00199,CMP013,SEL008,ORD00199,12324.69,INR,DemoPay,1.0,card,,,,,,,,,,,,,
PE000791,payment_authorized,2026-08-10 10:17:51,PAY00199,CMP013,SEL008,ORD00199,12324.69,INR,DemoPay,1.0,,GTX000199,,,,,,,,,,,,
PE000792,payment_captured,2026-08-10 10:19:33,PAY00199,CMP013,SEL008,ORD00199,12324.69,INR,DemoPay,1.0,,GTX000199,12324.69,,,,,,,,,,,
PE000793,revenue_recognized,2026-08-10 10:34:33,PAY00199,CMP013,SEL008,ORD00199,985.98,INR,DemoPay,1.0,,,,REV00199,985.98,platform_fee,,,,,,,,
PE000794,payment_refunded,2026-08-15 10:34:33,PAY00199,CMP013,SEL008,ORD00199,9183.72,INR,DemoPay,1.0,,,,,,,REF00199,9183.72,customer_request,,,,,
PE000795,payment_initiated,2026-08-10 18:45:00,PAY00200,CMP003,SEL004,ORD00200,11991.37,INR,DemoPay,1.0,card,,,,,,,,,,,,,
PE000796,payment_authorized,2026-08-10 18:45:07,PAY00200,CMP003,SEL004,ORD00200,11991.37,INR,DemoPay,1.0,,GTX000200,,,,,,,,,,,,
PE000797,payment_captured,2026-08-10 18:46:03,PAY00200,CMP003,SEL004,ORD00200,11991.37,INR,DemoPay,1.0,,GTX000200,11991.37,,,,,,,,,,,
PE000798,revenue_recognized,2026-08-10 19:43:03,PAY00200,CMP003,SEL004,ORD00200,959.31,INR,DemoPay,1.0,,,,REV00200,959.31,platform_fee,,,,,,,,
PE000799,payment_initiated,2026-08-10 12:14:00,PAY00201,CMP028,SEL002,ORD00201,13341.55,INR,DemoPay,1.0,netbanking,,,,,,,,,,,,,
PE000800,payment_authorized,2026-08-10 12:14:41,PAY00201,CMP028,SEL002,ORD00201,13341.55,INR,DemoPay,1.0,,GTX000201,,,,,,,,,,,,
PE000801,payment_captured,2026-08-10 12:16:02,PAY00201,CMP028,SEL002,ORD00201,13341.55,INR,DemoPay,1.0,,GTX000201,13341.55,,,,,,,,,,,
PE000802,revenue_recognized,2026-08-10 13:55:02,PAY00201,CMP028,SEL002,ORD00201,1067.32,INR,DemoPay,1.0,,,,REV00201,1067.32,platform_fee,,,,,,,,
PE000803,payment_initiated,2026-08-10 12:03:00,PAY00202,CMP010,SEL005,ORD00202,11218.66,INR,DemoPay,1.0,netbanking,,,,,,,,,,,,,
PE000804,payment_authorized,2026-08-10 12:03:52,PAY00202,CMP010,SEL005,ORD00202,11218.66,INR,DemoPay,1.0,,GTX000202,,,,,,,,,,,,
PE000805,payment_captured,2026-08-10 12:04:19,PAY00202,CMP010,SEL005,ORD00202,11218.66,INR,DemoPay,1.0,,GTX000202,11218.66,,,,,,,,,,,
PE000806,revenue_recognized,2026-08-10 13:25:19,PAY00202,CMP010,SEL005,ORD00202,897.49,INR,DemoPay,1.0,,,,REV00202,897.49,platform_fee,,,,,,,,
PE000807,payment_initiated,2026-08-10 13:44:00,PAY00203,CMP002,SEL012,ORD00203,19966.41,INR,DemoGateway,1.0,upi,,,,,,,,,,,,,
PE000808,payment_authorized,2026-08-10 13:44:24,PAY00203,CMP002,SEL012,ORD00203,19966.41,INR,DemoGateway,1.0,,GTX000203,,,,,,,,,,,,
PE000809,payment_captured,2026-08-10 13:45:17,PAY00203,CMP002,SEL012,ORD00203,19966.41,INR,DemoGateway,1.0,,GTX000203,19966.41,,,,,,,,,,,
PE000810,revenue_recognized,2026-08-10 14:09:17,PAY00203,CMP002,SEL012,ORD00203,1597.31,INR,DemoGateway,1.0,,,,REV00203,1597.31,platform_fee,,,,,,,,
PE000811,payment_initiated,2026-08-10 10:51:00,PAY00204,CMP028,SEL008,ORD00204,21652.22,INR,DemoGateway,1.0,upi,,,,,,,,,,,,,
PE000812,payment_authorized,2026-08-10 10:51:40,PAY00204,CMP028,SEL008,ORD00204,21652.22,INR,DemoGateway,1.0,,GTX000204,,,,,,,,,,,,
PE000813,payment_captured,2026-08-10 10:52:37,PAY00204,CMP028,SEL008,ORD00204,21652.22,INR,DemoGateway,1.0,,GTX000204,21652.22,,,,,,,,,,,
PE000814,revenue_recognized,2026-08-10 11:46:37,PAY00204,CMP028,SEL008,ORD00204,1732.18,INR,DemoGateway,1.0,,,,REV00204,1732.18,platform_fee,,,,,,,,
PE000815,payment_initiated,2026-08-10 09:59:00,PAY00205,CMP008,SEL009,ORD00205,9261.18,INR,DemoPay,1.0,upi,,,,,,,,,,,,,
PE000816,payment_authorized,2026-08-10 09:59:10,PAY00205,CMP008,SEL009,ORD00205,9261.18,INR,DemoPay,1.0,,GTX000205,,,,,,,,,,,,
PE000817,payment_captured,2026-08-10 10:00:23,PAY00205,CMP008,SEL009,ORD00205,9261.18,INR,DemoPay,1.0,,GTX000205,9261.18,,,,,,,,,,,
PE000818,revenue_recognized,2026-08-10 11:33:23,PAY00205,CMP008,SEL009,ORD00205,740.89,INR,DemoPay,1.0,,,,REV00205,740.89,platform_fee,,,,,,,,
PE000819,payment_initiated,2026-08-10 11:51:00,PAY00206,CMP013,SEL020,ORD00206,22030.08,INR,DemoPay,1.0,netbanking,,,,,,,,,,,,,
PE000820,payment_authorized,2026-08-10 11:51:40,PAY00206,CMP013,SEL020,ORD00206,22030.08,INR,DemoPay,1.0,,GTX000206,,,,,,,,,,,,
PE000821,payment_captured,2026-08-10 11:52:12,PAY00206,CMP013,SEL020,ORD00206,22030.08,INR,DemoPay,1.0,,GTX000206,22030.08,,,,,,,,,,,
PE000822,revenue_recognized,2026-08-10 12:54:12,PAY00206,CMP013,SEL020,ORD00206,1762.41,INR,DemoPay,1.0,,,,REV00206,1762.41,platform_fee,,,,,,,,
PE000823,payment_initiated,2026-08-10 09:47:00,PAY00207,CMP010,SEL001,ORD00207,23523.25,INR,DemoPay,1.0,upi,,,,,,,,,,,,,
PE000824,payment_authorized,2026-08-10 09:47:49,PAY00207,CMP010,SEL001,ORD00207,23523.25,INR,DemoPay,1.0,,GTX000207,,,,,,,,,,,,
PE000825,payment_captured,2026-08-10 09:49:11,PAY00207,CMP010,SEL001,ORD00207,23523.25,INR,DemoPay,1.0,,GTX000207,23523.25,,,,,,,,,,,
PE000826,revenue_recognized,2026-08-10 11:20:11,PAY00207,CMP010,SEL001,ORD00207,1881.86,INR,DemoPay,1.0,,,,REV00207,1881.86,platform_fee,,,,,,,,
PE000827,payment_initiated,2026-08-10 16:41:00,PAY00208,CMP018,SEL011,ORD00208,10445.55,INR,DemoGateway,1.0,upi,,,,,,,,,,,,,
PE000828,payment_authorized,2026-08-10 16:41:28,PAY00208,CMP018,SEL011,ORD00208,10445.55,INR,DemoGateway,1.0,,GTX000208,,,,,,,,,,,,
PE000829,payment_captured,2026-08-10 16:42:38,PAY00208,CMP018,SEL011,ORD00208,10445.55,INR,DemoGateway,1.0,,GTX000208,10445.55,,,,,,,,,,,
PE000830,revenue_recognized,2026-08-10 18:35:38,PAY00208,CMP018,SEL011,ORD00208,835.64,INR,DemoGateway,1.0,,,,REV00208,835.64,platform_fee,,,,,,,,
PE000831,payment_initiated,2026-08-10 13:20:00,PAY00209,CMP024,SEL016,ORD00209,22986.77,INR,DemoGateway,1.0,upi,,,,,,,,,,,,,
PE000832,payment_failed,2026-08-10 13:20:38,PAY00209,CMP024,SEL016,ORD00209,22986.77,INR,DemoGateway,1.0,,,,,,,,,,INSUFFICIENT_FUNDS,demo_failure,,,
PE000833,payment_initiated,2026-08-10 17:37:00,PAY00210,CMP005,SEL001,ORD00210,14502.82,INR,DemoGateway,1.0,netbanking,,,,,,,,,,,,,
PE000834,payment_authorized,2026-08-10 17:37:14,PAY00210,CMP005,SEL001,ORD00210,14502.82,INR,DemoGateway,1.0,,GTX000210,,,,,,,,,,,,
PE000835,payment_captured,2026-08-10 17:37:44,PAY00210,CMP005,SEL001,ORD00210,14502.82,INR,DemoGateway,1.0,,GTX000210,14502.82,,,,,,,,,,,
PE000836,revenue_recognized,2026-08-10 18:20:44,PAY00210,CMP005,SEL001,ORD00210,1160.23,INR,DemoGateway,1.0,,,,REV00210,1160.23,platform_fee,,,,,,,,
PE000837,payment_initiated,2026-08-10 15:46:00,PAY00211,CMP008,SEL016,ORD00211,7547.18,INR,DemoGateway,1.0,netbanking,,,,,,,,,,,,,
PE000838,payment_authorized,2026-08-10 15:46:34,PAY00211,CMP008,SEL016,ORD00211,7547.18,INR,DemoGateway,1.0,,GTX000211,,,,,,,,,,,,
PE000839,payment_captured,2026-08-10 15:47:00,PAY00211,CMP008,SEL016,ORD00211,7547.18,INR,DemoGateway,1.0,,GTX000211,7547.18,,,,,,,,,,,
PE000840,revenue_recognized,2026-08-10 17:21:00,PAY00211,CMP008,SEL016,ORD00211,603.77,INR,DemoGateway,1.0,,,,REV00211,603.77,platform_fee,,,,,,,,
PE000841,payment_initiated,2026-08-10 16:41:00,PAY00212,CMP024,SEL018,ORD00212,5825.12,INR,DemoGateway,1.0,card,,,,,,,,,,,,,
PE000842,payment_authorized,2026-08-10 16:41:58,PAY00212,CMP024,SEL018,ORD00212,5825.12,INR,DemoGateway,1.0,,GTX000212,,,,,,,,,,,,
PE000843,payment_captured,2026-08-10 16:43:51,PAY00212,CMP024,SEL018,ORD00212,5825.12,INR,DemoGateway,1.0,,GTX000212,5825.12,,,,,,,,,,,
PE000844,revenue_recognized,2026-08-10 16:53:51,PAY00212,CMP024,SEL018,ORD00212,466.01,INR,DemoGateway,1.0,,,,REV00212,466.01,platform_fee,,,,,,,,
PE000845,payment_initiated,2026-08-10 18:14:00,PAY00213,CMP025,SEL001,ORD00213,4731.05,INR,DemoGateway,1.0,card,,,,,,,,,,,,,
PE000846,payment_authorized,2026-08-10 18:14:05,PAY00213,CMP025,SEL001,ORD00213,4731.05,INR,DemoGateway,1.0,,GTX000213,,,,,,,,,,,,
PE000847,payment_captured,2026-08-10 18:14:37,PAY00213,CMP025,SEL001,ORD00213,4731.05,INR,DemoGateway,1.0,,GTX000213,4731.05,,,,,,,,,,,
PE000848,revenue_recognized,2026-08-10 19:19:37,PAY00213,CMP025,SEL001,ORD00213,378.48,INR,DemoGateway,1.0,,,,REV00213,378.48,platform_fee,,,,,,,,
PE000849,payment_initiated,2026-08-10 08:00:00,PAY00214,CMP021,SEL020,ORD00214,16993.18,INR,DemoGateway,1.0,netbanking,,,,,,,,,,,,,
PE000850,payment_authorized,2026-08-10 08:00:05,PAY00214,CMP021,SEL020,ORD00214,16993.18,INR,DemoGateway,1.0,,GTX000214,,,,,,,,,,,,
PE000851,payment_captured,2026-08-10 08:00:12,PAY00214,CMP021,SEL020,ORD00214,16993.18,INR,DemoGateway,1.0,,GTX000214,16993.18,,,,,,,,,,,
PE000852,revenue_recognized,2026-08-10 09:08:12,PAY00214,CMP021,SEL020,ORD00214,1359.45,INR,DemoGateway,1.0,,,,REV00214,1359.45,platform_fee,,,,,,,,
PE000853,payment_initiated,2026-08-10 10:06:00,PAY00215,CMP010,SEL001,ORD00215,20444.94,INR,DemoGateway,1.0,card,,,,,,,,,,,,,
PE000854,payment_authorized,2026-08-10 10:06:20,PAY00215,CMP010,SEL001,ORD00215,20444.94,INR,DemoGateway,1.0,,GTX000215,,,,,,,,,,,,
PE000855,payment_captured,2026-08-10 10:06:49,PAY00215,CMP010,SEL001,ORD00215,20444.94,INR,DemoGateway,1.0,,GTX000215,20444.94,,,,,,,,,,,
PE000856,revenue_recognized,2026-08-10 11:26:49,PAY00215,CMP010,SEL001,ORD00215,1635.6,INR,DemoGateway,1.0,,,,REV00215,1635.6,platform_fee,,,,,,,,
PE000857,payment_initiated,2026-08-11 14:29:00,PAY00216,CMP026,SEL013,ORD00216,10266.71,INR,DemoPay,1.0,netbanking,,,,,,,,,,,,,
PE000858,payment_authorized,2026-08-11 14:29:49,PAY00216,CMP026,SEL013,ORD00216,10266.71,INR,DemoPay,1.0,,GTX000216,,,,,,,,,,,,
PE000859,payment_captured,2026-08-11 14:30:22,PAY00216,CMP026,SEL013,ORD00216,10266.71,INR,DemoPay,1.0,,GTX000216,10266.71,,,,,,,,,,,
PE000860,revenue_recognized,2026-08-11 15:09:22,PAY00216,CMP026,SEL013,ORD00216,821.34,INR,DemoPay,1.0,,,,REV00216,821.34,platform_fee,,,,,,,,
PE000861,payment_initiated,2026-08-11 14:35:00,PAY00217,CMP021,SEL002,ORD00217,11024.04,INR,DemoPay,1.0,upi,,,,,,,,,,,,,
PE000862,payment_failed,2026-08-11 14:35:11,PAY00217,CMP021,SEL002,ORD00217,11024.04,INR,DemoPay,1.0,,,,,,,,,,INSUFFICIENT_FUNDS,demo_failure,,,
PE000863,payment_initiated,2026-08-11 18:50:00,PAY00218,CMP006,SEL003,ORD00218,21365.25,INR,DemoGateway,1.0,upi,,,,,,,,,,,,,
PE000864,payment_authorized,2026-08-11 18:50:59,PAY00218,CMP006,SEL003,ORD00218,21365.25,INR,DemoGateway,1.0,,GTX000218,,,,,,,,,,,,
PE000865,payment_captured,2026-08-11 18:51:16,PAY00218,CMP006,SEL003,ORD00218,21365.25,INR,DemoGateway,1.0,,GTX000218,21365.25,,,,,,,,,,,
PE000866,revenue_recognized,2026-08-11 20:46:16,PAY00218,CMP006,SEL003,ORD00218,1709.22,INR,DemoGateway,1.0,,,,REV00218,1709.22,platform_fee,,,,,,,,
PE000867,payment_initiated,2026-08-11 09:43:00,PAY00219,CMP007,SEL019,ORD00219,7870.73,INR,DemoGateway,1.0,upi,,,,,,,,,,,,,
PE000868,payment_authorized,2026-08-11 09:43:41,PAY00219,CMP007,SEL019,ORD00219,7870.73,INR,DemoGateway,1.0,,GTX000219,,,,,,,,,,,,
PE000869,payment_captured,2026-08-11 09:45:10,PAY00219,CMP007,SEL019,ORD00219,7870.73,INR,DemoGateway,1.0,,GTX000219,7870.73,,,,,,,,,,,
PE000870,revenue_recognized,2026-08-11 09:50:10,PAY00219,CMP007,SEL019,ORD00219,629.66,INR,DemoGateway,1.0,,,,REV00219,629.66,platform_fee,,,,,,,,
PE000871,payment_initiated,2026-08-11 14:59:00,PAY00220,CMP001,SEL007,ORD00220,19177.98,INR,DemoPay,1.0,card,,,,,,,,,,,,,
PE000872,payment_authorized,2026-08-11 14:59:41,PAY00220,CMP001,SEL007,ORD00220,19177.98,INR,DemoPay,1.0,,GTX000220,,,,,,,,,,,,
PE000873,payment_captured,2026-08-11 15:00:16,PAY00220,CMP001,SEL007,ORD00220,19177.98,INR,DemoPay,1.0,,GTX000220,19177.98,,,,,,,,,,,
PE000874,revenue_recognized,2026-08-11 16:13:16,PAY00220,CMP001,SEL007,ORD00220,1534.24,INR,DemoPay,1.0,,,,REV00220,1534.24,platform_fee,,,,,,,,
PE000875,payment_initiated,2026-08-11 10:50:00,PAY00221,CMP029,SEL018,ORD00221,10520.39,INR,DemoGateway,1.0,netbanking,,,,,,,,,,,,,
PE000876,payment_authorized,2026-08-11 10:50:37,PAY00221,CMP029,SEL018,ORD00221,10520.39,INR,DemoGateway,1.0,,GTX000221,,,,,,,,,,,,
PE000877,payment_captured,2026-08-11 10:52:17,PAY00221,CMP029,SEL018,ORD00221,10520.39,INR,DemoGateway,1.0,,GTX000221,10520.39,,,,,,,,,,,
PE000878,revenue_recognized,2026-08-11 11:37:17,PAY00221,CMP029,SEL018,ORD00221,841.63,INR,DemoGateway,1.0,,,,REV00221,841.63,platform_fee,,,,,,,,
PE000879,payment_refunded,2026-08-12 11:37:17,PAY00221,CMP029,SEL018,ORD00221,6078.85,INR,DemoGateway,1.0,,,,,,,REF00221,6078.85,order_cancelled,,,,,
PE000880,payment_initiated,2026-08-11 13:01:00,PAY00222,CMP020,SEL020,ORD00222,24269.63,INR,DemoGateway,1.0,netbanking,,,,,,,,,,,,,
PE000881,payment_authorized,2026-08-11 13:01:33,PAY00222,CMP020,SEL020,ORD00222,24269.63,INR,DemoGateway,1.0,,GTX000222,,,,,,,,,,,,
PE000882,payment_captured,2026-08-11 13:02:40,PAY00222,CMP020,SEL020,ORD00222,24269.63,INR,DemoGateway,1.0,,GTX000222,24269.63,,,,,,,,,,,
PE000883,revenue_recognized,2026-08-11 13:32:40,PAY00222,CMP020,SEL020,ORD00222,1941.57,INR,DemoGateway,1.0,,,,REV00222,1941.57,platform_fee,,,,,,,,
PE000884,payment_initiated,2026-08-11 17:18:00,PAY00223,CMP014,SEL006,ORD00223,3513.81,INR,DemoGateway,1.0,card,,,,,,,,,,,,,
PE000885,payment_authorized,2026-08-11 17:18:10,PAY00223,CMP014,SEL006,ORD00223,3513.81,INR,DemoGateway,1.0,,GTX000223,,,,,,,,,,,,
PE000886,payment_captured,2026-08-11 17:18:49,PAY00223,CMP014,SEL006,ORD00223,3513.81,INR,DemoGateway,1.0,,GTX000223,3513.81,,,,,,,,,,,
PE000887,revenue_recognized,2026-08-11 17:38:49,PAY00223,CMP014,SEL006,ORD00223,281.1,INR,DemoGateway,1.0,,,,REV00223,281.1,platform_fee,,,,,,,,
PE000888,payment_initiated,2026-08-11 09:00:00,PAY00224,CMP005,SEL013,ORD00224,9976.46,INR,DemoGateway,1.0,upi,,,,,,,,,,,,,
PE000889,payment_authorized,2026-08-11 09:00:53,PAY00224,CMP005,SEL013,ORD00224,9976.46,INR,DemoGateway,1.0,,GTX000224,,,,,,,,,,,,
PE000890,payment_captured,2026-08-11 09:01:32,PAY00224,CMP005,SEL013,ORD00224,9976.46,INR,DemoGateway,1.0,,GTX000224,9976.46,,,,,,,,,,,
PE000891,revenue_recognized,2026-08-11 09:15:32,PAY00224,CMP005,SEL013,ORD00224,798.12,INR,DemoGateway,1.0,,,,REV00224,798.12,platform_fee,,,,,,,,
PE000892,payment_initiated,2026-08-11 09:22:00,PAY00225,CMP015,SEL018,ORD00225,3927.38,INR,DemoGateway,1.0,netbanking,,,,,,,,,,,,,
PE000893,payment_authorized,2026-08-11 09:22:43,PAY00225,CMP015,SEL018,ORD00225,3927.38,INR,DemoGateway,1.0,,GTX000225,,,,,,,,,,,,
PE000894,payment_captured,2026-08-11 09:24:28,PAY00225,CMP015,SEL018,ORD00225,3927.38,INR,DemoGateway,1.0,,GTX000225,3927.38,,,,,,,,,,,
PE000895,revenue_recognized,2026-08-11 10:06:28,PAY00225,CMP015,SEL018,ORD00225,314.19,INR,DemoGateway,1.0,,,,REV00225,314.19,platform_fee,,,,,,,,
PE000896,payment_chargeback,2026-08-14 10:06:28,PAY00225,CMP015,SEL018,ORD00225,2200.74,INR,DemoGateway,1.0,,,,,,,,,,,,CB00225,2200.74,duplicate_payment
PE000897,payment_initiated,2026-08-11 10:43:00,PAY00226,CMP029,SEL018,ORD00226,14941.07,INR,DemoPay,1.0,upi,,,,,,,,,,,,,
PE000898,payment_authorized,2026-08-11 10:43:22,PAY00226,CMP029,SEL018,ORD00226,14941.07,INR,DemoPay,1.0,,GTX000226,,,,,,,,,,,,
PE000899,payment_captured,2026-08-11 10:44:05,PAY00226,CMP029,SEL018,ORD00226,14941.07,INR,DemoPay,1.0,,GTX000226,14941.07,,,,,,,,,,,
PE000900,revenue_recognized,2026-08-11 11:19:05,PAY00226,CMP029,SEL018,ORD00226,1195.29,INR,DemoPay,1.0,,,,REV00226,1195.29,platform_fee,,,,,,,,
PE000901,payment_initiated,2026-08-11 09:23:00,PAY00227,CMP014,SEL009,ORD00227,8544.18,INR,DemoGateway,1.0,upi,,,,,,,,,,,,,
PE000902,payment_authorized,2026-08-11 09:23:51,PAY00227,CMP014,SEL009,ORD00227,8544.18,INR,DemoGateway,1.0,,GTX000227,,,,,,,,,,,,
PE000903,payment_captured,2026-08-11 09:25:16,PAY00227,CMP014,SEL009,ORD00227,8544.18,INR,DemoGateway,1.0,,GTX000227,8544.18,,,,,,,,,,,
PE000904,revenue_recognized,2026-08-11 10:29:16,PAY00227,CMP014,SEL009,ORD00227,683.53,INR,DemoGateway,1.0,,,,REV00227,683.53,platform_fee,,,,,,,,
PE000905,payment_initiated,2026-08-11 14:21:00,PAY00228,CMP004,SEL005,ORD00228,1659.03,INR,DemoGateway,1.0,netbanking,,,,,,,,,,,,,
PE000906,payment_authorized,2026-08-11 14:22:00,PAY00228,CMP004,SEL005,ORD00228,1659.03,INR,DemoGateway,1.0,,GTX000228,,,,,,,,,,,,
PE000907,payment_captured,2026-08-11 14:22:47,PAY00228,CMP004,SEL005,ORD00228,1659.03,INR,DemoGateway,1.0,,GTX000228,1659.03,,,,,,,,,,,
PE000908,revenue_recognized,2026-08-11 15:19:47,PAY00228,CMP004,SEL005,ORD00228,132.72,INR,DemoGateway,1.0,,,,REV00228,132.72,platform_fee,,,,,,,,
PE000909,payment_initiated,2026-08-11 17:44:00,PAY00229,CMP028,SEL020,ORD00229,8560.23,INR,DemoPay,1.0,card,,,,,,,,,,,,,
PE000910,payment_authorized,2026-08-11 17:44:16,PAY00229,CMP028,SEL020,ORD00229,8560.23,INR,DemoPay,1.0,,GTX000229,,,,,,,,,,,,
PE000911,payment_captured,2026-08-11 17:45:11,PAY00229,CMP028,SEL020,ORD00229,8560.23,INR,DemoPay,1.0,,GTX000229,8560.23,,,,,,,,,,,
PE000912,revenue_recognized,2026-08-11 18:26:11,PAY00229,CMP028,SEL020,ORD00229,684.82,INR,DemoPay,1.0,,,,REV00229,684.82,platform_fee,,,,,,,,
PE000913,payment_initiated,2026-08-11 12:52:00,PAY00230,CMP016,SEL019,ORD00230,9158.33,INR,DemoPay,1.0,upi,,,,,,,,,,,,,
PE000914,payment_authorized,2026-08-11 12:52:41,PAY00230,CMP016,SEL019,ORD00230,9158.33,INR,DemoPay,1.0,,GTX000230,,,,,,,,,,,,
PE000915,payment_captured,2026-08-11 12:53:11,PAY00230,CMP016,SEL019,ORD00230,9158.33,INR,DemoPay,1.0,,GTX000230,9158.33,,,,,,,,,,,
PE000916,revenue_recognized,2026-08-11 14:09:11,PAY00230,CMP016,SEL019,ORD00230,732.67,INR,DemoPay,1.0,,,,REV00230,732.67,platform_fee,,,,,,,,
PE000917,payment_initiated,2026-08-11 15:45:00,PAY00231,CMP025,SEL018,ORD00231,23895.61,INR,DemoPay,1.0,card,,,,,,,,,,,,,
PE000918,payment_authorized,2026-08-11 15:45:23,PAY00231,CMP025,SEL018,ORD00231,23895.61,INR,DemoPay,1.0,,GTX000231,,,,,,,,,,,,
PE000919,payment_captured,2026-08-11 15:47:14,PAY00231,CMP025,SEL018,ORD00231,23895.61,INR,DemoPay,1.0,,GTX000231,23895.61,,,,,,,,,,,
PE000920,revenue_recognized,2026-08-11 17:16:14,PAY00231,CMP025,SEL018,ORD00231,1911.65,INR,DemoPay,1.0,,,,REV00231,1911.65,platform_fee,,,,,,,,
PE000921,payment_refunded,2026-08-15 17:16:14,PAY00231,CMP025,SEL018,ORD00231,21167.71,INR,DemoPay,1.0,,,,,,,REF00231,21167.71,service_issue,,,,,
PE000922,payment_initiated,2026-08-11 10:45:00,PAY00232,CMP021,SEL010,ORD00232,7438.02,INR,DemoPay,1.0,upi,,,,,,,,,,,,,
PE000923,payment_authorized,2026-08-11 10:45:09,PAY00232,CMP021,SEL010,ORD00232,7438.02,INR,DemoPay,1.0,,GTX000232,,,,,,,,,,,,
PE000924,payment_captured,2026-08-11 10:46:11,PAY00232,CMP021,SEL010,ORD00232,7438.02,INR,DemoPay,1.0,,GTX000232,7438.02,,,,,,,,,,,
PE000925,revenue_recognized,2026-08-11 12:03:11,PAY00232,CMP021,SEL010,ORD00232,595.04,INR,DemoPay,1.0,,,,REV00232,595.04,platform_fee,,,,,,,,
PE000926,payment_initiated,2026-08-11 13:44:00,PAY00233,CMP017,SEL014,ORD00233,20081.94,INR,DemoPay,1.0,netbanking,,,,,,,,,,,,,
PE000927,payment_authorized,2026-08-11 13:44:10,PAY00233,CMP017,SEL014,ORD00233,20081.94,INR,DemoPay,1.0,,GTX000233,,,,,,,,,,,,
PE000928,payment_captured,2026-08-11 13:44:28,PAY00233,CMP017,SEL014,ORD00233,20081.94,INR,DemoPay,1.0,,GTX000233,20081.94,,,,,,,,,,,
PE000929,revenue_recognized,2026-08-11 15:23:28,PAY00233,CMP017,SEL014,ORD00233,1606.56,INR,DemoPay,1.0,,,,REV00233,1606.56,platform_fee,,,,,,,,
PE000930,payment_initiated,2026-08-11 18:43:00,PAY00234,CMP006,SEL020,ORD00234,14735.68,INR,DemoPay,1.0,netbanking,,,,,,,,,,,,,
PE000931,payment_authorized,2026-08-11 18:43:53,PAY00234,CMP006,SEL020,ORD00234,14735.68,INR,DemoPay,1.0,,GTX000234,,,,,,,,,,,,
PE000932,payment_captured,2026-08-11 18:44:40,PAY00234,CMP006,SEL020,ORD00234,14735.68,INR,DemoPay,1.0,,GTX000234,14735.68,,,,,,,,,,,
PE000933,revenue_recognized,2026-08-11 20:26:40,PAY00234,CMP006,SEL020,ORD00234,1178.85,INR,DemoPay,1.0,,,,REV00234,1178.85,platform_fee,,,,,,,,
PE000934,payment_chargeback,2026-08-21 20:26:40,PAY00234,CMP006,SEL020,ORD00234,6543.43,INR,DemoPay,1.0,,,,,,,,,,,,CB00234,6543.43,duplicate_payment
PE000935,payment_initiated,2026-08-11 14:29:00,PAY00235,CMP017,SEL018,ORD00235,11975.8,INR,DemoPay,1.0,netbanking,,,,,,,,,,,,,
PE000936,payment_authorized,2026-08-11 14:29:37,PAY00235,CMP017,SEL018,ORD00235,11975.8,INR,DemoPay,1.0,,GTX000235,,,,,,,,,,,,
PE000937,payment_captured,2026-08-11 14:30:01,PAY00235,CMP017,SEL018,ORD00235,11975.8,INR,DemoPay,1.0,,GTX000235,11975.8,,,,,,,,,,,
PE000938,revenue_recognized,2026-08-11 15:15:01,PAY00235,CMP017,SEL018,ORD00235,958.06,INR,DemoPay,1.0,,,,REV00235,958.06,platform_fee,,,,,,,,
PE000939,payment_initiated,2026-08-11 10:22:00,PAY00236,CMP010,SEL014,ORD00236,4227.63,INR,DemoPay,1.0,upi,,,,,,,,,,,,,
PE000940,payment_authorized,2026-08-11 10:22:55,PAY00236,CMP010,SEL014,ORD00236,4227.63,INR,DemoPay,1.0,,GTX000236,,,,,,,,,,,,
PE000941,payment_captured,2026-08-11 10:23:26,PAY00236,CMP010,SEL014,ORD00236,4227.63,INR,DemoPay,1.0,,GTX000236,4227.63,,,,,,,,,,,
PE000942,revenue_recognized,2026-08-11 11:30:26,PAY00236,CMP010,SEL014,ORD00236,338.21,INR,DemoPay,1.0,,,,REV00236,338.21,platform_fee,,,,,,,,
PE000943,payment_initiated,2026-08-11 08:51:00,PAY00237,CMP015,SEL015,ORD00237,3078.6,INR,DemoGateway,1.0,netbanking,,,,,,,,,,,,,
PE000944,payment_authorized,2026-08-11 08:51:59,PAY00237,CMP015,SEL015,ORD00237,3078.6,INR,DemoGateway,1.0,,GTX000237,,,,,,,,,,,,
PE000945,payment_captured,2026-08-11 08:52:47,PAY00237,CMP015,SEL015,ORD00237,3078.6,INR,DemoGateway,1.0,,GTX000237,3078.6,,,,,,,,,,,
PE000946,revenue_recognized,2026-08-11 10:15:47,PAY00237,CMP015,SEL015,ORD00237,246.29,INR,DemoGateway,1.0,,,,REV00237,246.29,platform_fee,,,,,,,,
PE000947,payment_initiated,2026-08-11 13:35:00,PAY00238,CMP030,SEL008,ORD00238,14469.89,INR,DemoPay,1.0,upi,,,,,,,,,,,,,
PE000948,payment_authorized,2026-08-11 13:35:19,PAY00238,CMP030,SEL008,ORD00238,14469.89,INR,DemoPay,1.0,,GTX000238,,,,,,,,,,,,
PE000949,payment_captured,2026-08-11 13:37:06,PAY00238,CMP030,SEL008,ORD00238,14469.89,INR,DemoPay,1.0,,GTX000238,14469.89,,,,,,,,,,,
PE000950,revenue_recognized,2026-08-11 14:29:06,PAY00238,CMP030,SEL008,ORD00238,1157.59,INR,DemoPay,1.0,,,,REV00238,1157.59,platform_fee,,,,,,,,
PE000951,payment_initiated,2026-08-11 17:56:00,PAY00239,CMP022,SEL014,ORD00239,2186.02,INR,DemoGateway,1.0,card,,,,,,,,,,,,,
PE000952,payment_authorized,2026-08-11 17:56:32,PAY00239,CMP022,SEL014,ORD00239,2186.02,INR,DemoGateway,1.0,,GTX000239,,,,,,,,,,,,
PE000953,payment_captured,2026-08-11 17:57:26,PAY00239,CMP022,SEL014,ORD00239,2186.02,INR,DemoGateway,1.0,,GTX000239,2186.02,,,,,,,,,,,
PE000954,revenue_recognized,2026-08-11 17:58:26,PAY00239,CMP022,SEL014,ORD00239,174.88,INR,DemoGateway,1.0,,,,REV00239,174.88,platform_fee,,,,,,,,
PE000955,payment_initiated,2026-08-11 16:11:00,PAY00240,CMP025,SEL003,ORD00240,20288.31,INR,DemoPay,1.0,upi,,,,,,,,,,,,,
PE000956,payment_authorized,2026-08-11 16:11:34,PAY00240,CMP025,SEL003,ORD00240,20288.31,INR,DemoPay,1.0,,GTX000240,,,,,,,,,,,,
PE000957,payment_captured,2026-08-11 16:11:53,PAY00240,CMP025,SEL003,ORD00240,20288.31,INR,DemoPay,1.0,,GTX000240,20288.31,,,,,,,,,,,
PE000958,revenue_recognized,2026-08-11 16:45:53,PAY00240,CMP025,SEL003,ORD00240,1623.06,INR,DemoPay,1.0,,,,REV00240,1623.06,platform_fee,,,,,,,,
PE000959,payment_initiated,2026-08-11 17:07:00,PAY00241,CMP021,SEL011,ORD00241,15865.75,INR,DemoGateway,1.0,upi,,,,,,,,,,,,,
PE000960,payment_authorized,2026-08-11 17:07:34,PAY00241,CMP021,SEL011,ORD00241,15865.75,INR,DemoGateway,1.0,,GTX000241,,,,,,,,,,,,
PE000961,payment_captured,2026-08-11 17:08:58,PAY00241,CMP021,SEL011,ORD00241,15865.75,INR,DemoGateway,1.0,,GTX000241,15865.75,,,,,,,,,,,
PE000962,revenue_recognized,2026-08-11 17:31:58,PAY00241,CMP021,SEL011,ORD00241,1269.26,INR,DemoGateway,1.0,,,,REV00241,1269.26,platform_fee,,,,,,,,
PE000963,payment_initiated,2026-08-12 13:07:00,PAY00242,CMP030,SEL020,ORD00242,17294.59,INR,DemoPay,1.0,card,,,,,,,,,,,,,
PE000964,payment_authorized,2026-08-12 13:07:16,PAY00242,CMP030,SEL020,ORD00242,17294.59,INR,DemoPay,1.0,,GTX000242,,,,,,,,,,,,
PE000965,payment_captured,2026-08-12 13:08:08,PAY00242,CMP030,SEL020,ORD00242,17294.59,INR,DemoPay,1.0,,GTX000242,17294.59,,,,,,,,,,,
PE000966,revenue_recognized,2026-08-12 14:37:08,PAY00242,CMP030,SEL020,ORD00242,1383.57,INR,DemoPay,1.0,,,,REV00242,1383.57,platform_fee,,,,,,,,
PE000967,payment_initiated,2026-08-12 15:40:00,PAY00243,CMP020,SEL005,ORD00243,11441.41,INR,DemoGateway,1.0,netbanking,,,,,,,,,,,,,
PE000968,payment_authorized,2026-08-12 15:40:46,PAY00243,CMP020,SEL005,ORD00243,11441.41,INR,DemoGateway,1.0,,GTX000243,,,,,,,,,,,,
PE000969,payment_captured,2026-08-12 15:41:13,PAY00243,CMP020,SEL005,ORD00243,11441.41,INR,DemoGateway,1.0,,GTX000243,11441.41,,,,,,,,,,,
PE000970,revenue_recognized,2026-08-12 16:53:13,PAY00243,CMP020,SEL005,ORD00243,915.31,INR,DemoGateway,1.0,,,,REV00243,915.31,platform_fee,,,,,,,,
PE000971,payment_initiated,2026-08-12 13:00:00,PAY00244,CMP006,SEL011,ORD00244,16056.13,INR,DemoGateway,1.0,upi,,,,,,,,,,,,,
PE000972,payment_authorized,2026-08-12 13:00:57,PAY00244,CMP006,SEL011,ORD00244,16056.13,INR,DemoGateway,1.0,,GTX000244,,,,,,,,,,,,
PE000973,payment_captured,2026-08-12 13:01:51,PAY00244,CMP006,SEL011,ORD00244,16056.13,INR,DemoGateway,1.0,,GTX000244,16056.13,,,,,,,,,,,
PE000974,revenue_recognized,2026-08-12 14:13:51,PAY00244,CMP006,SEL011,ORD00244,1284.49,INR,DemoGateway,1.0,,,,REV00244,1284.49,platform_fee,,,,,,,,
PE000975,payment_initiated,2026-08-12 15:31:00,PAY00245,CMP022,SEL016,ORD00245,18188.35,INR,DemoGateway,1.0,card,,,,,,,,,,,,,
PE000976,payment_authorized,2026-08-12 15:31:06,PAY00245,CMP022,SEL016,ORD00245,18188.35,INR,DemoGateway,1.0,,GTX000245,,,,,,,,,,,,
PE000977,payment_captured,2026-08-12 15:32:52,PAY00245,CMP022,SEL016,ORD00245,18188.35,INR,DemoGateway,1.0,,GTX000245,18188.35,,,,,,,,,,,
PE000978,revenue_recognized,2026-08-12 17:10:52,PAY00245,CMP022,SEL016,ORD00245,1455.07,INR,DemoGateway,1.0,,,,REV00245,1455.07,platform_fee,,,,,,,,
PE000979,payment_initiated,2026-08-12 15:36:00,PAY00246,CMP008,SEL018,ORD00246,5452.91,INR,DemoGateway,1.0,netbanking,,,,,,,,,,,,,
PE000980,payment_authorized,2026-08-12 15:36:36,PAY00246,CMP008,SEL018,ORD00246,5452.91,INR,DemoGateway,1.0,,GTX000246,,,,,,,,,,,,
PE000981,payment_captured,2026-08-12 15:37:51,PAY00246,CMP008,SEL018,ORD00246,5452.91,INR,DemoGateway,1.0,,GTX000246,5452.91,,,,,,,,,,,
PE000982,revenue_recognized,2026-08-12 16:43:51,PAY00246,CMP008,SEL018,ORD00246,436.23,INR,DemoGateway,1.0,,,,REV00246,436.23,platform_fee,,,,,,,,
PE000983,payment_initiated,2026-08-12 08:48:00,PAY00247,CMP025,SEL018,ORD00247,14238.02,INR,DemoGateway,1.0,netbanking,,,,,,,,,,,,,
PE000984,payment_authorized,2026-08-12 08:48:18,PAY00247,CMP025,SEL018,ORD00247,14238.02,INR,DemoGateway,1.0,,GTX000247,,,,,,,,,,,,
PE000985,payment_captured,2026-08-12 08:49:17,PAY00247,CMP025,SEL018,ORD00247,14238.02,INR,DemoGateway,1.0,,GTX000247,14238.02,,,,,,,,,,,
PE000986,revenue_recognized,2026-08-12 09:03:17,PAY00247,CMP025,SEL018,ORD00247,1139.04,INR,DemoGateway,1.0,,,,REV00247,1139.04,platform_fee,,,,,,,,
PE000987,payment_initiated,2026-08-12 13:55:00,PAY00248,CMP008,SEL010,ORD00248,12068.71,INR,DemoPay,1.0,card,,,,,,,,,,,,,
PE000988,payment_authorized,2026-08-12 13:55:12,PAY00248,CMP008,SEL010,ORD00248,12068.71,INR,DemoPay,1.0,,GTX000248,,,,,,,,,,,,
PE000989,payment_captured,2026-08-12 13:56:56,PAY00248,CMP008,SEL010,ORD00248,12068.71,INR,DemoPay,1.0,,GTX000248,12068.71,,,,,,,,,,,
PE000990,revenue_recognized,2026-08-12 15:40:56,PAY00248,CMP008,SEL010,ORD00248,965.5,INR,DemoPay,1.0,,,,REV00248,965.5,platform_fee,,,,,,,,
PE000991,payment_initiated,2026-08-12 10:50:00,PAY00249,CMP019,SEL012,ORD00249,5400.57,INR,DemoGateway,1.0,card,,,,,,,,,,,,,
PE000992,payment_authorized,2026-08-12 10:50:56,PAY00249,CMP019,SEL012,ORD00249,5400.57,INR,DemoGateway,1.0,,GTX000249,,,,,,,,,,,,
PE000993,payment_captured,2026-08-12 10:51:08,PAY00249,CMP019,SEL012,ORD00249,5400.57,INR,DemoGateway,1.0,,GTX000249,5400.57,,,,,,,,,,,
PE000994,revenue_recognized,2026-08-12 12:04:08,PAY00249,CMP019,SEL012,ORD00249,432.05,INR,DemoGateway,1.0,,,,REV00249,432.05,platform_fee,,,,,,,,
PE000995,payment_initiated,2026-08-12 12:18:00,PAY00250,CMP018,SEL006,ORD00250,24506.5,INR,DemoGateway,1.0,netbanking,,,,,,,,,,,,,
PE000996,payment_authorized,2026-08-12 12:18:59,PAY00250,CMP018,SEL006,ORD00250,24506.5,INR,DemoGateway,1.0,,GTX000250,,,,,,,,,,,,
PE000997,payment_captured,2026-08-12 12:20:09,PAY00250,CMP018,SEL006,ORD00250,24506.5,INR,DemoGateway,1.0,,GTX000250,24506.5,,,,,,,,,,,
PE000998,revenue_recognized,2026-08-12 14:16:09,PAY00250,CMP018,SEL006,ORD00250,1960.52,INR,DemoGateway,1.0,,,,REV00250,1960.52,platform_fee,,,,,,,,
PE000999,payment_initiated,2026-08-12 18:08:00,PAY00251,CMP025,SEL014,ORD00251,24823.43,INR,DemoPay,1.0,netbanking,,,,,,,,,,,,,
PE001000,payment_authorized,2026-08-12 18:08:20,PAY00251,CMP025,SEL014,ORD00251,24823.43,INR,DemoPay,1.0,,GTX000251,,,,,,,,,,,,
PE001001,payment_captured,2026-08-12 18:08:43,PAY00251,CMP025,SEL014,ORD00251,24823.43,INR,DemoPay,1.0,,GTX000251,24823.43,,,,,,,,,,,
PE001002,revenue_recognized,2026-08-12 19:40:43,PAY00251,CMP025,SEL014,ORD00251,1985.87,INR,DemoPay,1.0,,,,REV00251,1985.87,platform_fee,,,,,,,,
PE001003,payment_initiated,2026-08-12 18:17:00,PAY00252,CMP027,SEL013,ORD00252,4841.03,INR,DemoGateway,1.0,netbanking,,,,,,,,,,,,,
PE001004,payment_authorized,2026-08-12 18:17:33,PAY00252,CMP027,SEL013,ORD00252,4841.03,INR,DemoGateway,1.0,,GTX000252,,,,,,,,,,,,
PE001005,payment_captured,2026-08-12 18:17:47,PAY00252,CMP027,SEL013,ORD00252,4841.03,INR,DemoGateway,1.0,,GTX000252,4841.03,,,,,,,,,,,
PE001006,revenue_recognized,2026-08-12 19:39:47,PAY00252,CMP027,SEL013,ORD00252,387.28,INR,DemoGateway,1.0,,,,REV00252,387.28,platform_fee,,,,,,,,
PE001007,payment_initiated,2026-08-12 13:29:00,PAY00253,CMP013,SEL017,ORD00253,17825.53,INR,DemoGateway,1.0,upi,,,,,,,,,,,,,
PE001008,payment_authorized,2026-08-12 13:29:05,PAY00253,CMP013,SEL017,ORD00253,17825.53,INR,DemoGateway,1.0,,GTX000253,,,,,,,,,,,,
PE001009,payment_captured,2026-08-12 13:31:01,PAY00253,CMP013,SEL017,ORD00253,17825.53,INR,DemoGateway,1.0,,GTX000253,17825.53,,,,,,,,,,,
PE001010,revenue_recognized,2026-08-12 15:11:01,PAY00253,CMP013,SEL017,ORD00253,1426.04,INR,DemoGateway,1.0,,,,REV00253,1426.04,platform_fee,,,,,,,,
PE001011,payment_initiated,2026-08-12 14:13:00,PAY00254,CMP015,SEL012,ORD00254,20198.43,INR,DemoPay,1.0,upi,,,,,,,,,,,,,
PE001012,payment_authorized,2026-08-12 14:13:36,PAY00254,CMP015,SEL012,ORD00254,20198.43,INR,DemoPay,1.0,,GTX000254,,,,,,,,,,,,
PE001013,payment_captured,2026-08-12 14:14:15,PAY00254,CMP015,SEL012,ORD00254,20198.43,INR,DemoPay,1.0,,GTX000254,20198.43,,,,,,,,,,,
PE001014,revenue_recognized,2026-08-12 14:56:15,PAY00254,CMP015,SEL012,ORD00254,1615.87,INR,DemoPay,1.0,,,,REV00254,1615.87,platform_fee,,,,,,,,
PE001015,payment_initiated,2026-08-12 18:48:00,PAY00255,CMP019,SEL005,ORD00255,20025.14,INR,DemoGateway,1.0,card,,,,,,,,,,,,,
PE001016,payment_failed,2026-08-12 18:49:30,PAY00255,CMP019,SEL005,ORD00255,20025.14,INR,DemoGateway,1.0,,,,,,,,,,TIMEOUT,demo_failure,,,
PE001017,payment_initiated,2026-08-12 08:27:00,PAY00256,CMP001,SEL004,ORD00256,11870.22,INR,DemoPay,1.0,card,,,,,,,,,,,,,
PE001018,payment_authorized,2026-08-12 08:27:13,PAY00256,CMP001,SEL004,ORD00256,11870.22,INR,DemoPay,1.0,,GTX000256,,,,,,,,,,,,
PE001019,payment_captured,2026-08-12 08:29:10,PAY00256,CMP001,SEL004,ORD00256,11870.22,INR,DemoPay,1.0,,GTX000256,11870.22,,,,,,,,,,,
PE001020,revenue_recognized,2026-08-12 09:53:10,PAY00256,CMP001,SEL004,ORD00256,949.62,INR,DemoPay,1.0,,,,REV00256,949.62,platform_fee,,,,,,,,
PE001021,payment_initiated,2026-08-12 12:05:00,PAY00257,CMP029,SEL009,ORD00257,16882.82,INR,DemoPay,1.0,upi,,,,,,,,,,,,,
PE001022,payment_authorized,2026-08-12 12:05:46,PAY00257,CMP029,SEL009,ORD00257,16882.82,INR,DemoPay,1.0,,GTX000257,,,,,,,,,,,,
PE001023,payment_captured,2026-08-12 12:06:12,PAY00257,CMP029,SEL009,ORD00257,16882.82,INR,DemoPay,1.0,,GTX000257,16882.82,,,,,,,,,,,
PE001024,revenue_recognized,2026-08-12 12:13:12,PAY00257,CMP029,SEL009,ORD00257,1350.63,INR,DemoPay,1.0,,,,REV00257,1350.63,platform_fee,,,,,,,,
PE001025,payment_initiated,2026-08-12 09:00:00,PAY00258,CMP023,SEL008,ORD00258,16903.9,INR,DemoGateway,1.0,card,,,,,,,,,,,,,
PE001026,payment_authorized,2026-08-12 09:00:13,PAY00258,CMP023,SEL008,ORD00258,16903.9,INR,DemoGateway,1.0,,GTX000258,,,,,,,,,,,,
PE001027,payment_captured,2026-08-12 09:01:33,PAY00258,CMP023,SEL008,ORD00258,16903.9,INR,DemoGateway,1.0,,GTX000258,16903.9,,,,,,,,,,,
PE001028,revenue_recognized,2026-08-12 09:30:33,PAY00258,CMP023,SEL008,ORD00258,1352.31,INR,DemoGateway,1.0,,,,REV00258,1352.31,platform_fee,,,,,,,,
PE001029,payment_initiated,2026-08-12 14:44:00,PAY00259,CMP001,SEL011,ORD00259,24721.64,INR,DemoPay,1.0,card,,,,,,,,,,,,,
PE001030,payment_authorized,2026-08-12 14:44:19,PAY00259,CMP001,SEL011,ORD00259,24721.64,INR,DemoPay,1.0,,GTX000259,,,,,,,,,,,,
PE001031,payment_captured,2026-08-12 14:45:13,PAY00259,CMP001,SEL011,ORD00259,24721.64,INR,DemoPay,1.0,,GTX000259,24721.64,,,,,,,,,,,
PE001032,revenue_recognized,2026-08-12 14:57:13,PAY00259,CMP001,SEL011,ORD00259,1977.73,INR,DemoPay,1.0,,,,REV00259,1977.73,platform_fee,,,,,,,,
PE001033,payment_initiated,2026-08-12 10:41:00,PAY00260,CMP011,SEL012,ORD00260,4722.54,INR,DemoGateway,1.0,netbanking,,,,,,,,,,,,,
PE001034,payment_authorized,2026-08-12 10:41:38,PAY00260,CMP011,SEL012,ORD00260,4722.54,INR,DemoGateway,1.0,,GTX000260,,,,,,,,,,,,
PE001035,payment_captured,2026-08-12 10:42:55,PAY00260,CMP011,SEL012,ORD00260,4722.54,INR,DemoGateway,1.0,,GTX000260,4722.54,,,,,,,,,,,
PE001036,revenue_recognized,2026-08-12 10:44:55,PAY00260,CMP011,SEL012,ORD00260,377.8,INR,DemoGateway,1.0,,,,REV00260,377.8,platform_fee,,,,,,,,
PE001037,payment_initiated,2026-08-12 17:43:00,PAY00261,CMP012,SEL007,ORD00261,23117.51,INR,DemoPay,1.0,upi,,,,,,,,,,,,,
PE001038,payment_authorized,2026-08-12 17:43:10,PAY00261,CMP012,SEL007,ORD00261,23117.51,INR,DemoPay,1.0,,GTX000261,,,,,,,,,,,,
PE001039,payment_captured,2026-08-12 17:45:09,PAY00261,CMP012,SEL007,ORD00261,23117.51,INR,DemoPay,1.0,,GTX000261,23117.51,,,,,,,,,,,
PE001040,revenue_recognized,2026-08-12 17:58:09,PAY00261,CMP012,SEL007,ORD00261,1849.4,INR,DemoPay,1.0,,,,REV00261,1849.4,platform_fee,,,,,,,,
PE001041,payment_initiated,2026-08-12 13:50:00,PAY00262,CMP024,SEL013,ORD00262,24136.34,INR,DemoGateway,1.0,card,,,,,,,,,,,,,
PE001042,payment_authorized,2026-08-12 13:50:46,PAY00262,CMP024,SEL013,ORD00262,24136.34,INR,DemoGateway,1.0,,GTX000262,,,,,,,,,,,,
PE001043,payment_captured,2026-08-12 13:51:01,PAY00262,CMP024,SEL013,ORD00262,24136.34,INR,DemoGateway,1.0,,GTX000262,24136.34,,,,,,,,,,,
PE001044,revenue_recognized,2026-08-12 14:23:01,PAY00262,CMP024,SEL013,ORD00262,1930.91,INR,DemoGateway,1.0,,,,REV00262,1930.91,platform_fee,,,,,,,,
PE001045,payment_initiated,2026-08-12 18:56:00,PAY00263,CMP020,SEL010,ORD00263,21425.46,INR,DemoPay,1.0,upi,,,,,,,,,,,,,
PE001046,payment_authorized,2026-08-12 18:56:43,PAY00263,CMP020,SEL010,ORD00263,21425.46,INR,DemoPay,1.0,,GTX000263,,,,,,,,,,,,
PE001047,payment_captured,2026-08-12 18:57:53,PAY00263,CMP020,SEL010,ORD00263,21425.46,INR,DemoPay,1.0,,GTX000263,21425.46,,,,,,,,,,,
PE001048,revenue_recognized,2026-08-12 19:22:53,PAY00263,CMP020,SEL010,ORD00263,1714.04,INR,DemoPay,1.0,,,,REV00263,1714.04,platform_fee,,,,,,,,
PE001049,payment_initiated,2026-08-12 11:31:00,PAY00264,CMP002,SEL008,ORD00264,10568.31,INR,DemoGateway,1.0,netbanking,,,,,,,,,,,,,
PE001050,payment_authorized,2026-08-12 11:31:38,PAY00264,CMP002,SEL008,ORD00264,10568.31,INR,DemoGateway,1.0,,GTX000264,,,,,,,,,,,,
PE001051,payment_captured,2026-08-12 11:33:36,PAY00264,CMP002,SEL008,ORD00264,10568.31,INR,DemoGateway,1.0,,GTX000264,10568.31,,,,,,,,,,,
PE001052,revenue_recognized,2026-08-12 11:35:36,PAY00264,CMP002,SEL008,ORD00264,845.46,INR,DemoGateway,1.0,,,,REV00264,845.46,platform_fee,,,,,,,,
PE001053,payment_initiated,2026-08-12 18:11:00,PAY00265,CMP005,SEL013,ORD00265,10087.19,INR,DemoGateway,1.0,upi,,,,,,,,,,,,,
PE001054,payment_authorized,2026-08-12 18:11:54,PAY00265,CMP005,SEL013,ORD00265,10087.19,INR,DemoGateway,1.0,,GTX000265,,,,,,,,,,,,
PE001055,payment_captured,2026-08-12 18:12:08,PAY00265,CMP005,SEL013,ORD00265,10087.19,INR,DemoGateway,1.0,,GTX000265,10087.19,,,,,,,,,,,
PE001056,revenue_recognized,2026-08-12 18:15:08,PAY00265,CMP005,SEL013,ORD00265,806.98,INR,DemoGateway,1.0,,,,REV00265,806.98,platform_fee,,,,,,,,
PE001057,payment_chargeback,2026-08-14 18:15:08,PAY00265,CMP005,SEL013,ORD00265,4153.98,INR,DemoGateway,1.0,,,,,,,,,,,,CB00265,4153.98,fraud_claim
PE001058,payment_initiated,2026-08-12 14:05:00,PAY00266,CMP017,SEL010,ORD00266,11454.02,INR,DemoGateway,1.0,netbanking,,,,,,,,,,,,,
PE001059,payment_authorized,2026-08-12 14:05:44,PAY00266,CMP017,SEL010,ORD00266,11454.02,INR,DemoGateway,1.0,,GTX000266,,,,,,,,,,,,
PE001060,payment_captured,2026-08-12 14:06:08,PAY00266,CMP017,SEL010,ORD00266,11454.02,INR,DemoGateway,1.0,,GTX000266,11454.02,,,,,,,,,,,
PE001061,revenue_recognized,2026-08-12 14:42:08,PAY00266,CMP017,SEL010,ORD00266,916.32,INR,DemoGateway,1.0,,,,REV00266,916.32,platform_fee,,,,,,,,
PE001062,payment_refunded,2026-08-14 14:42:08,PAY00266,CMP017,SEL010,ORD00266,3542.34,INR,DemoGateway,1.0,,,,,,,REF00266,3542.34,customer_request,,,,,
PE001063,payment_initiated,2026-08-12 14:46:00,PAY00267,CMP013,SEL019,ORD00267,8788.98,INR,DemoPay,1.0,card,,,,,,,,,,,,,
PE001064,payment_failed,2026-08-12 14:46:21,PAY00267,CMP013,SEL019,ORD00267,8788.98,INR,DemoPay,1.0,,,,,,,,,,TIMEOUT,demo_failure,,,
PE001065,payment_initiated,2026-08-13 18:47:00,PAY00268,CMP015,SEL020,ORD00268,8768.32,INR,DemoPay,1.0,card,,,,,,,,,,,,,
PE001066,payment_authorized,2026-08-13 18:47:50,PAY00268,CMP015,SEL020,ORD00268,8768.32,INR,DemoPay,1.0,,GTX000268,,,,,,,,,,,,
PE001067,payment_captured,2026-08-13 18:48:12,PAY00268,CMP015,SEL020,ORD00268,8768.32,INR,DemoPay,1.0,,GTX000268,8768.32,,,,,,,,,,,
PE001068,revenue_recognized,2026-08-13 20:18:12,PAY00268,CMP015,SEL020,ORD00268,701.47,INR,DemoPay,1.0,,,,REV00268,701.47,platform_fee,,,,,,,,
PE001069,payment_refunded,2026-08-16 20:18:12,PAY00268,CMP015,SEL020,ORD00268,5456.61,INR,DemoPay,1.0,,,,,,,REF00268,5456.61,service_issue,,,,,
PE001070,payment_initiated,2026-08-13 12:46:00,PAY00269,CMP027,SEL009,ORD00269,10238.93,INR,DemoPay,1.0,card,,,,,,,,,,,,,
PE001071,payment_authorized,2026-08-13 12:46:06,PAY00269,CMP027,SEL009,ORD00269,10238.93,INR,DemoPay,1.0,,GTX000269,,,,,,,,,,,,
PE001072,payment_captured,2026-08-13 12:46:53,PAY00269,CMP027,SEL009,ORD00269,10238.93,INR,DemoPay,1.0,,GTX000269,10238.93,,,,,,,,,,,
PE001073,revenue_recognized,2026-08-13 14:30:53,PAY00269,CMP027,SEL009,ORD00269,819.11,INR,DemoPay,1.0,,,,REV00269,819.11,platform_fee,,,,,,,,
PE001074,payment_initiated,2026-08-13 16:23:00,PAY00270,CMP009,SEL019,ORD00270,13159.47,INR,DemoPay,1.0,card,,,,,,,,,,,,,
PE001075,payment_authorized,2026-08-13 16:23:41,PAY00270,CMP009,SEL019,ORD00270,13159.47,INR,DemoPay,1.0,,GTX000270,,,,,,,,,,,,
PE001076,payment_captured,2026-08-13 16:24:07,PAY00270,CMP009,SEL019,ORD00270,13159.47,INR,DemoPay,1.0,,GTX000270,13159.47,,,,,,,,,,,
PE001077,revenue_recognized,2026-08-13 17:12:07,PAY00270,CMP009,SEL019,ORD00270,1052.76,INR,DemoPay,1.0,,,,REV00270,1052.76,platform_fee,,,,,,,,
PE001078,payment_initiated,2026-08-13 16:00:00,PAY00271,CMP029,SEL019,ORD00271,6867.5,INR,DemoPay,1.0,card,,,,,,,,,,,,,
PE001079,payment_authorized,2026-08-13 16:00:05,PAY00271,CMP029,SEL019,ORD00271,6867.5,INR,DemoPay,1.0,,GTX000271,,,,,,,,,,,,
PE001080,payment_captured,2026-08-13 16:00:41,PAY00271,CMP029,SEL019,ORD00271,6867.5,INR,DemoPay,1.0,,GTX000271,6867.5,,,,,,,,,,,
PE001081,revenue_recognized,2026-08-13 16:06:41,PAY00271,CMP029,SEL019,ORD00271,549.4,INR,DemoPay,1.0,,,,REV00271,549.4,platform_fee,,,,,,,,
PE001082,payment_initiated,2026-08-13 18:26:00,PAY00272,CMP005,SEL006,ORD00272,14492.32,INR,DemoPay,1.0,card,,,,,,,,,,,,,
PE001083,payment_authorized,2026-08-13 18:26:31,PAY00272,CMP005,SEL006,ORD00272,14492.32,INR,DemoPay,1.0,,GTX000272,,,,,,,,,,,,
PE001084,payment_captured,2026-08-13 18:28:08,PAY00272,CMP005,SEL006,ORD00272,14492.32,INR,DemoPay,1.0,,GTX000272,14492.32,,,,,,,,,,,
PE001085,revenue_recognized,2026-08-13 19:09:08,PAY00272,CMP005,SEL006,ORD00272,1159.39,INR,DemoPay,1.0,,,,REV00272,1159.39,platform_fee,,,,,,,,
PE001086,payment_initiated,2026-08-13 16:02:00,PAY00273,CMP012,SEL004,ORD00273,5714.59,INR,DemoPay,1.0,upi,,,,,,,,,,,,,
PE001087,payment_failed,2026-08-13 16:03:09,PAY00273,CMP012,SEL004,ORD00273,5714.59,INR,DemoPay,1.0,,,,,,,,,,TIMEOUT,demo_failure,,,
PE001088,payment_initiated,2026-08-13 15:00:00,PAY00274,CMP025,SEL010,ORD00274,3530.06,INR,DemoGateway,1.0,upi,,,,,,,,,,,,,
PE001089,payment_authorized,2026-08-13 15:00:41,PAY00274,CMP025,SEL010,ORD00274,3530.06,INR,DemoGateway,1.0,,GTX000274,,,,,,,,,,,,
PE001090,payment_captured,2026-08-13 15:02:26,PAY00274,CMP025,SEL010,ORD00274,3530.06,INR,DemoGateway,1.0,,GTX000274,3530.06,,,,,,,,,,,
PE001091,revenue_recognized,2026-08-13 15:41:26,PAY00274,CMP025,SEL010,ORD00274,282.4,INR,DemoGateway,1.0,,,,REV00274,282.4,platform_fee,,,,,,,,
PE001092,payment_initiated,2026-08-13 11:46:00,PAY00275,CMP012,SEL019,ORD00275,24948.0,INR,DemoGateway,1.0,netbanking,,,,,,,,,,,,,
PE001093,payment_authorized,2026-08-13 11:46:20,PAY00275,CMP012,SEL019,ORD00275,24948.0,INR,DemoGateway,1.0,,GTX000275,,,,,,,,,,,,
PE001094,payment_captured,2026-08-13 11:46:44,PAY00275,CMP012,SEL019,ORD00275,24948.0,INR,DemoGateway,1.0,,GTX000275,24948.0,,,,,,,,,,,
PE001095,revenue_recognized,2026-08-13 11:47:44,PAY00275,CMP012,SEL019,ORD00275,1995.84,INR,DemoGateway,1.0,,,,REV00275,1995.84,platform_fee,,,,,,,,
PE001096,payment_chargeback,2026-08-25 11:47:44,PAY00275,CMP012,SEL019,ORD00275,16369.85,INR,DemoGateway,1.0,,,,,,,,,,,,CB00275,16369.85,duplicate_payment
PE001097,payment_initiated,2026-08-13 18:24:00,PAY00276,CMP029,SEL001,ORD00276,1534.36,INR,DemoGateway,1.0,netbanking,,,,,,,,,,,,,
PE001098,payment_authorized,2026-08-13 18:24:11,PAY00276,CMP029,SEL001,ORD00276,1534.36,INR,DemoGateway,1.0,,GTX000276,,,,,,,,,,,,
PE001099,payment_captured,2026-08-13 18:24:42,PAY00276,CMP029,SEL001,ORD00276,1534.36,INR,DemoGateway,1.0,,GTX000276,1534.36,,,,,,,,,,,
PE001100,revenue_recognized,2026-08-13 19:32:42,PAY00276,CMP029,SEL001,ORD00276,122.75,INR,DemoGateway,1.0,,,,REV00276,122.75,platform_fee,,,,,,,,
PE001101,payment_initiated,2026-08-13 11:57:00,PAY00277,CMP002,SEL005,ORD00277,3686.13,INR,DemoGateway,1.0,netbanking,,,,,,,,,,,,,
PE001102,payment_authorized,2026-08-13 11:57:28,PAY00277,CMP002,SEL005,ORD00277,3686.13,INR,DemoGateway,1.0,,GTX000277,,,,,,,,,,,,
PE001103,payment_captured,2026-08-13 11:58:31,PAY00277,CMP002,SEL005,ORD00277,3686.13,INR,DemoGateway,1.0,,GTX000277,3686.13,,,,,,,,,,,
PE001104,revenue_recognized,2026-08-13 13:34:31,PAY00277,CMP002,SEL005,ORD00277,294.89,INR,DemoGateway,1.0,,,,REV00277,294.89,platform_fee,,,,,,,,
PE001105,payment_refunded,2026-08-15 13:34:31,PAY00277,CMP002,SEL005,ORD00277,1185.76,INR,DemoGateway,1.0,,,,,,,REF00277,1185.76,service_issue,,,,,
PE001106,payment_initiated,2026-08-13 10:15:00,PAY00278,CMP003,SEL019,ORD00278,11722.1,INR,DemoPay,1.0,upi,,,,,,,,,,,,,
PE001107,payment_authorized,2026-08-13 10:15:25,PAY00278,CMP003,SEL019,ORD00278,11722.1,INR,DemoPay,1.0,,GTX000278,,,,,,,,,,,,
PE001108,payment_captured,2026-08-13 10:17:12,PAY00278,CMP003,SEL019,ORD00278,11722.1,INR,DemoPay,1.0,,GTX000278,11722.1,,,,,,,,,,,
PE001109,revenue_recognized,2026-08-13 11:08:12,PAY00278,CMP003,SEL019,ORD00278,937.77,INR,DemoPay,1.0,,,,REV00278,937.77,platform_fee,,,,,,,,
PE001110,payment_initiated,2026-08-13 11:08:00,PAY00279,CMP011,SEL015,ORD00279,6989.86,INR,DemoGateway,1.0,netbanking,,,,,,,,,,,,,
PE001111,payment_authorized,2026-08-13 11:08:11,PAY00279,CMP011,SEL015,ORD00279,6989.86,INR,DemoGateway,1.0,,GTX000279,,,,,,,,,,,,
PE001112,payment_captured,2026-08-13 11:08:37,PAY00279,CMP011,SEL015,ORD00279,6989.86,INR,DemoGateway,1.0,,GTX000279,6989.86,,,,,,,,,,,
PE001113,revenue_recognized,2026-08-13 12:06:37,PAY00279,CMP011,SEL015,ORD00279,559.19,INR,DemoGateway,1.0,,,,REV00279,559.19,platform_fee,,,,,,,,
PE001114,payment_initiated,2026-08-13 15:16:00,PAY00280,CMP018,SEL012,ORD00280,12120.05,INR,DemoPay,1.0,card,,,,,,,,,,,,,
PE001115,payment_authorized,2026-08-13 15:16:56,PAY00280,CMP018,SEL012,ORD00280,12120.05,INR,DemoPay,1.0,,GTX000280,,,,,,,,,,,,
PE001116,payment_captured,2026-08-13 15:18:28,PAY00280,CMP018,SEL012,ORD00280,12120.05,INR,DemoPay,1.0,,GTX000280,12120.05,,,,,,,,,,,
PE001117,revenue_recognized,2026-08-13 15:57:28,PAY00280,CMP018,SEL012,ORD00280,969.6,INR,DemoPay,1.0,,,,REV00280,969.6,platform_fee,,,,,,,,
PE001118,payment_initiated,2026-08-13 11:22:00,PAY00281,CMP002,SEL007,ORD00281,4985.61,INR,DemoGateway,1.0,upi,,,,,,,,,,,,,
PE001119,payment_authorized,2026-08-13 11:22:48,PAY00281,CMP002,SEL007,ORD00281,4985.61,INR,DemoGateway,1.0,,GTX000281,,,,,,,,,,,,
PE001120,payment_captured,2026-08-13 11:23:31,PAY00281,CMP002,SEL007,ORD00281,4985.61,INR,DemoGateway,1.0,,GTX000281,4985.61,,,,,,,,,,,
PE001121,revenue_recognized,2026-08-13 11:57:31,PAY00281,CMP002,SEL007,ORD00281,398.85,INR,DemoGateway,1.0,,,,REV00281,398.85,platform_fee,,,,,,,,
PE001122,payment_initiated,2026-08-13 09:51:00,PAY00282,CMP013,SEL015,ORD00282,3726.04,INR,DemoPay,1.0,card,,,,,,,,,,,,,
PE001123,payment_authorized,2026-08-13 09:51:08,PAY00282,CMP013,SEL015,ORD00282,3726.04,INR,DemoPay,1.0,,GTX000282,,,,,,,,,,,,
PE001124,payment_captured,2026-08-13 09:52:59,PAY00282,CMP013,SEL015,ORD00282,3726.04,INR,DemoPay,1.0,,GTX000282,3726.04,,,,,,,,,,,
PE001125,revenue_recognized,2026-08-13 11:32:59,PAY00282,CMP013,SEL015,ORD00282,298.08,INR,DemoPay,1.0,,,,REV00282,298.08,platform_fee,,,,,,,,
PE001126,payment_initiated,2026-08-13 18:05:00,PAY00283,CMP027,SEL013,ORD00283,17627.7,INR,DemoGateway,1.0,netbanking,,,,,,,,,,,,,
PE001127,payment_authorized,2026-08-13 18:05:57,PAY00283,CMP027,SEL013,ORD00283,17627.7,INR,DemoGateway,1.0,,GTX000283,,,,,,,,,,,,
PE001128,payment_captured,2026-08-13 18:06:11,PAY00283,CMP027,SEL013,ORD00283,17627.7,INR,DemoGateway,1.0,,GTX000283,17627.7,,,,,,,,,,,
PE001129,revenue_recognized,2026-08-13 18:09:11,PAY00283,CMP027,SEL013,ORD00283,1410.22,INR,DemoGateway,1.0,,,,REV00283,1410.22,platform_fee,,,,,,,,
PE001130,payment_initiated,2026-08-13 13:07:00,PAY00284,CMP021,SEL015,ORD00284,3661.5,INR,DemoPay,1.0,card,,,,,,,,,,,,,
PE001131,payment_authorized,2026-08-13 13:07:08,PAY00284,CMP021,SEL015,ORD00284,3661.5,INR,DemoPay,1.0,,GTX000284,,,,,,,,,,,,
PE001132,payment_captured,2026-08-13 13:07:34,PAY00284,CMP021,SEL015,ORD00284,3661.5,INR,DemoPay,1.0,,GTX000284,3661.5,,,,,,,,,,,
PE001133,revenue_recognized,2026-08-13 15:06:34,PAY00284,CMP021,SEL015,ORD00284,292.92,INR,DemoPay,1.0,,,,REV00284,292.92,platform_fee,,,,,,,,
PE001134,payment_initiated,2026-08-13 14:11:00,PAY00285,CMP013,SEL016,ORD00285,10494.14,INR,DemoPay,1.0,upi,,,,,,,,,,,,,
PE001135,payment_authorized,2026-08-13 14:11:16,PAY00285,CMP013,SEL016,ORD00285,10494.14,INR,DemoPay,1.0,,GTX000285,,,,,,,,,,,,
PE001136,payment_captured,2026-08-13 14:11:56,PAY00285,CMP013,SEL016,ORD00285,10494.14,INR,DemoPay,1.0,,GTX000285,10494.14,,,,,,,,,,,
PE001137,revenue_recognized,2026-08-13 14:47:56,PAY00285,CMP013,SEL016,ORD00285,839.53,INR,DemoPay,1.0,,,,REV00285,839.53,platform_fee,,,,,,,,
PE001138,payment_initiated,2026-08-13 15:26:00,PAY00286,CMP020,SEL020,ORD00286,16711.04,INR,DemoPay,1.0,netbanking,,,,,,,,,,,,,
PE001139,payment_authorized,2026-08-13 15:26:10,PAY00286,CMP020,SEL020,ORD00286,16711.04,INR,DemoPay,1.0,,GTX000286,,,,,,,,,,,,
PE001140,payment_captured,2026-08-13 15:26:50,PAY00286,CMP020,SEL020,ORD00286,16711.04,INR,DemoPay,1.0,,GTX000286,16711.04,,,,,,,,,,,
PE001141,revenue_recognized,2026-08-13 16:16:50,PAY00286,CMP020,SEL020,ORD00286,1336.88,INR,DemoPay,1.0,,,,REV00286,1336.88,platform_fee,,,,,,,,
PE001142,payment_initiated,2026-08-13 16:50:00,PAY00287,CMP029,SEL017,ORD00287,16322.73,INR,DemoPay,1.0,card,,,,,,,,,,,,,
PE001143,payment_authorized,2026-08-13 16:50:55,PAY00287,CMP029,SEL017,ORD00287,16322.73,INR,DemoPay,1.0,,GTX000287,,,,,,,,,,,,
PE001144,payment_captured,2026-08-13 16:52:31,PAY00287,CMP029,SEL017,ORD00287,16322.73,INR,DemoPay,1.0,,GTX000287,16322.73,,,,,,,,,,,
PE001145,revenue_recognized,2026-08-13 17:38:31,PAY00287,CMP029,SEL017,ORD00287,1305.82,INR,DemoPay,1.0,,,,REV00287,1305.82,platform_fee,,,,,,,,
PE001146,payment_initiated,2026-08-13 10:01:00,PAY00288,CMP012,SEL019,ORD00288,10626.96,INR,DemoGateway,1.0,upi,,,,,,,,,,,,,
PE001147,payment_authorized,2026-08-13 10:01:06,PAY00288,CMP012,SEL019,ORD00288,10626.96,INR,DemoGateway,1.0,,GTX000288,,,,,,,,,,,,
PE001148,payment_captured,2026-08-13 10:03:05,PAY00288,CMP012,SEL019,ORD00288,10626.96,INR,DemoGateway,1.0,,GTX000288,10626.96,,,,,,,,,,,
PE001149,revenue_recognized,2026-08-13 11:47:05,PAY00288,CMP012,SEL019,ORD00288,850.16,INR,DemoGateway,1.0,,,,REV00288,850.16,platform_fee,,,,,,,,
PE001150,payment_initiated,2026-08-13 11:10:00,PAY00289,CMP016,SEL017,ORD00289,19520.79,INR,DemoGateway,1.0,card,,,,,,,,,,,,,
PE001151,payment_authorized,2026-08-13 11:10:20,PAY00289,CMP016,SEL017,ORD00289,19520.79,INR,DemoGateway,1.0,,GTX000289,,,,,,,,,,,,
PE001152,payment_captured,2026-08-13 11:10:59,PAY00289,CMP016,SEL017,ORD00289,19520.79,INR,DemoGateway,1.0,,GTX000289,19520.79,,,,,,,,,,,
PE001153,revenue_recognized,2026-08-13 12:19:59,PAY00289,CMP016,SEL017,ORD00289,1561.66,INR,DemoGateway,1.0,,,,REV00289,1561.66,platform_fee,,,,,,,,
PE001154,payment_initiated,2026-08-13 10:11:00,PAY00290,CMP002,SEL008,ORD00290,9837.91,INR,DemoGateway,1.0,card,,,,,,,,,,,,,
PE001155,payment_authorized,2026-08-13 10:11:56,PAY00290,CMP002,SEL008,ORD00290,9837.91,INR,DemoGateway,1.0,,GTX000290,,,,,,,,,,,,
PE001156,payment_captured,2026-08-13 10:13:35,PAY00290,CMP002,SEL008,ORD00290,9837.91,INR,DemoGateway,1.0,,GTX000290,9837.91,,,,,,,,,,,
PE001157,revenue_recognized,2026-08-13 11:43:35,PAY00290,CMP002,SEL008,ORD00290,787.03,INR,DemoGateway,1.0,,,,REV00290,787.03,platform_fee,,,,,,,,
PE001158,payment_initiated,2026-08-14 11:53:00,PAY00291,CMP019,SEL019,ORD00291,14733.06,INR,DemoPay,1.0,upi,,,,,,,,,,,,,
PE001159,payment_authorized,2026-08-14 11:53:16,PAY00291,CMP019,SEL019,ORD00291,14733.06,INR,DemoPay,1.0,,GTX000291,,,,,,,,,,,,
PE001160,payment_captured,2026-08-14 11:54:23,PAY00291,CMP019,SEL019,ORD00291,14733.06,INR,DemoPay,1.0,,GTX000291,14733.06,,,,,,,,,,,
PE001161,revenue_recognized,2026-08-14 11:59:23,PAY00291,CMP019,SEL019,ORD00291,1178.64,INR,DemoPay,1.0,,,,REV00291,1178.64,platform_fee,,,,,,,,
PE001162,payment_refunded,2026-08-16 11:59:23,PAY00291,CMP019,SEL019,ORD00291,6253.71,INR,DemoPay,1.0,,,,,,,REF00291,6253.71,customer_request,,,,,
PE001163,payment_initiated,2026-08-14 13:45:00,PAY00292,CMP001,SEL011,ORD00292,20451.47,INR,DemoPay,1.0,card,,,,,,,,,,,,,
PE001164,payment_authorized,2026-08-14 13:45:59,PAY00292,CMP001,SEL011,ORD00292,20451.47,INR,DemoPay,1.0,,GTX000292,,,,,,,,,,,,
PE001165,payment_captured,2026-08-14 13:47:55,PAY00292,CMP001,SEL011,ORD00292,20451.47,INR,DemoPay,1.0,,GTX000292,20451.47,,,,,,,,,,,
PE001166,revenue_recognized,2026-08-14 14:29:55,PAY00292,CMP001,SEL011,ORD00292,1636.12,INR,DemoPay,1.0,,,,REV00292,1636.12,platform_fee,,,,,,,,
PE001167,payment_refunded,2026-08-16 14:29:55,PAY00292,CMP001,SEL011,ORD00292,7378.56,INR,DemoPay,1.0,,,,,,,REF00292,7378.56,customer_request,,,,,
PE001168,payment_initiated,2026-08-14 18:25:00,PAY00293,CMP028,SEL012,ORD00293,10279.38,INR,DemoPay,1.0,netbanking,,,,,,,,,,,,,
PE001169,payment_authorized,2026-08-14 18:25:24,PAY00293,CMP028,SEL012,ORD00293,10279.38,INR,DemoPay,1.0,,GTX000293,,,,,,,,,,,,
PE001170,payment_captured,2026-08-14 18:26:10,PAY00293,CMP028,SEL012,ORD00293,10279.38,INR,DemoPay,1.0,,GTX000293,10279.38,,,,,,,,,,,
PE001171,revenue_recognized,2026-08-14 18:44:10,PAY00293,CMP028,SEL012,ORD00293,822.35,INR,DemoPay,1.0,,,,REV00293,822.35,platform_fee,,,,,,,,
PE001172,payment_initiated,2026-08-14 16:44:00,PAY00294,CMP014,SEL016,ORD00294,5593.76,INR,DemoGateway,1.0,netbanking,,,,,,,,,,,,,
PE001173,payment_authorized,2026-08-14 16:44:19,PAY00294,CMP014,SEL016,ORD00294,5593.76,INR,DemoGateway,1.0,,GTX000294,,,,,,,,,,,,
PE001174,payment_captured,2026-08-14 16:45:49,PAY00294,CMP014,SEL016,ORD00294,5593.76,INR,DemoGateway,1.0,,GTX000294,5593.76,,,,,,,,,,,
PE001175,revenue_recognized,2026-08-14 18:01:49,PAY00294,CMP014,SEL016,ORD00294,447.5,INR,DemoGateway,1.0,,,,REV00294,447.5,platform_fee,,,,,,,,
PE001176,payment_initiated,2026-08-14 08:44:00,PAY00295,CMP024,SEL010,ORD00295,5676.14,INR,DemoPay,1.0,netbanking,,,,,,,,,,,,,
PE001177,payment_authorized,2026-08-14 08:44:54,PAY00295,CMP024,SEL010,ORD00295,5676.14,INR,DemoPay,1.0,,GTX000295,,,,,,,,,,,,
PE001178,payment_captured,2026-08-14 08:46:11,PAY00295,CMP024,SEL010,ORD00295,5676.14,INR,DemoPay,1.0,,GTX000295,5676.14,,,,,,,,,,,
PE001179,revenue_recognized,2026-08-14 08:51:11,PAY00295,CMP024,SEL010,ORD00295,454.09,INR,DemoPay,1.0,,,,REV00295,454.09,platform_fee,,,,,,,,
PE001180,payment_initiated,2026-08-14 09:59:00,PAY00296,CMP026,SEL020,ORD00296,16531.7,INR,DemoPay,1.0,upi,,,,,,,,,,,,,
PE001181,payment_authorized,2026-08-14 09:59:52,PAY00296,CMP026,SEL020,ORD00296,16531.7,INR,DemoPay,1.0,,GTX000296,,,,,,,,,,,,
PE001182,payment_captured,2026-08-14 10:00:06,PAY00296,CMP026,SEL020,ORD00296,16531.7,INR,DemoPay,1.0,,GTX000296,16531.7,,,,,,,,,,,
PE001183,revenue_recognized,2026-08-14 10:31:06,PAY00296,CMP026,SEL020,ORD00296,1322.54,INR,DemoPay,1.0,,,,REV00296,1322.54,platform_fee,,,,,,,,
PE001184,payment_initiated,2026-08-14 12:13:00,PAY00297,CMP021,SEL003,ORD00297,11995.8,INR,DemoGateway,1.0,card,,,,,,,,,,,,,
PE001185,payment_authorized,2026-08-14 12:13:27,PAY00297,CMP021,SEL003,ORD00297,11995.8,INR,DemoGateway,1.0,,GTX000297,,,,,,,,,,,,
PE001186,payment_captured,2026-08-14 12:14:04,PAY00297,CMP021,SEL003,ORD00297,11995.8,INR,DemoGateway,1.0,,GTX000297,11995.8,,,,,,,,,,,
PE001187,revenue_recognized,2026-08-14 13:55:04,PAY00297,CMP021,SEL003,ORD00297,959.66,INR,DemoGateway,1.0,,,,REV00297,959.66,platform_fee,,,,,,,,
PE001188,payment_chargeback,2026-08-22 13:55:04,PAY00297,CMP021,SEL003,ORD00297,6471.17,INR,DemoGateway,1.0,,,,,,,,,,,,CB00297,6471.17,customer_dispute
PE001189,payment_initiated,2026-08-14 13:34:00,PAY00298,CMP029,SEL014,ORD00298,22221.61,INR,DemoGateway,1.0,upi,,,,,,,,,,,,,
PE001190,payment_authorized,2026-08-14 13:34:35,PAY00298,CMP029,SEL014,ORD00298,22221.61,INR,DemoGateway,1.0,,GTX000298,,,,,,,,,,,,
PE001191,payment_captured,2026-08-14 13:36:20,PAY00298,CMP029,SEL014,ORD00298,22221.61,INR,DemoGateway,1.0,,GTX000298,22221.61,,,,,,,,,,,
PE001192,revenue_recognized,2026-08-14 15:27:20,PAY00298,CMP029,SEL014,ORD00298,1777.73,INR,DemoGateway,1.0,,,,REV00298,1777.73,platform_fee,,,,,,,,
PE001193,payment_initiated,2026-08-14 08:18:00,PAY00299,CMP008,SEL006,ORD00299,3232.17,INR,DemoGateway,1.0,card,,,,,,,,,,,,,
PE001194,payment_authorized,2026-08-14 08:18:11,PAY00299,CMP008,SEL006,ORD00299,3232.17,INR,DemoGateway,1.0,,GTX000299,,,,,,,,,,,,
PE001195,payment_captured,2026-08-14 08:18:25,PAY00299,CMP008,SEL006,ORD00299,3232.17,INR,DemoGateway,1.0,,GTX000299,3232.17,,,,,,,,,,,
PE001196,revenue_recognized,2026-08-14 09:02:25,PAY00299,CMP008,SEL006,ORD00299,258.57,INR,DemoGateway,1.0,,,,REV00299,258.57,platform_fee,,,,,,,,
PE001197,payment_initiated,2026-08-14 17:57:00,PAY00300,CMP024,SEL003,ORD00300,9441.84,INR,DemoPay,1.0,upi,,,,,,,,,,,,,
PE001198,payment_authorized,2026-08-14 17:57:32,PAY00300,CMP024,SEL003,ORD00300,9441.84,INR,DemoPay,1.0,,GTX000300,,,,,,,,,,,,
PE001199,payment_captured,2026-08-14 17:59:00,PAY00300,CMP024,SEL003,ORD00300,9441.84,INR,DemoPay,1.0,,GTX000300,9441.84,,,,,,,,,,,
PE001200,revenue_recognized,2026-08-14 18:21:00,PAY00300,CMP024,SEL003,ORD00300,755.35,INR,DemoPay,1.0,,,,REV00300,755.35,platform_fee,,,,,,,,
PE001201,payment_initiated,2026-08-14 11:26:00,PAY00301,CMP002,SEL004,ORD00301,6330.44,INR,DemoGateway,1.0,netbanking,,,,,,,,,,,,,
PE001202,payment_authorized,2026-08-14 11:26:51,PAY00301,CMP002,SEL004,ORD00301,6330.44,INR,DemoGateway,1.0,,GTX000301,,,,,,,,,,,,
PE001203,payment_captured,2026-08-14 11:28:05,PAY00301,CMP002,SEL004,ORD00301,6330.44,INR,DemoGateway,1.0,,GTX000301,6330.44,,,,,,,,,,,
PE001204,revenue_recognized,2026-08-14 12:02:05,PAY00301,CMP002,SEL004,ORD00301,506.44,INR,DemoGateway,1.0,,,,REV00301,506.44,platform_fee,,,,,,,,
PE001205,payment_initiated,2026-08-14 15:09:00,PAY00302,CMP004,SEL002,ORD00302,14936.59,INR,DemoGateway,1.0,card,,,,,,,,,,,,,
PE001206,payment_authorized,2026-08-14 15:09:32,PAY00302,CMP004,SEL002,ORD00302,14936.59,INR,DemoGateway,1.0,,GTX000302,,,,,,,,,,,,
PE001207,payment_captured,2026-08-14 15:09:48,PAY00302,CMP004,SEL002,ORD00302,14936.59,INR,DemoGateway,1.0,,GTX000302,14936.59,,,,,,,,,,,
PE001208,revenue_recognized,2026-08-14 15:47:48,PAY00302,CMP004,SEL002,ORD00302,1194.93,INR,DemoGateway,1.0,,,,REV00302,1194.93,platform_fee,,,,,,,,
PE001209,payment_initiated,2026-08-14 10:40:00,PAY00303,CMP016,SEL007,ORD00303,2104.79,INR,DemoPay,1.0,upi,,,,,,,,,,,,,
PE001210,payment_authorized,2026-08-14 10:40:35,PAY00303,CMP016,SEL007,ORD00303,2104.79,INR,DemoPay,1.0,,GTX000303,,,,,,,,,,,,
PE001211,payment_captured,2026-08-14 10:42:28,PAY00303,CMP016,SEL007,ORD00303,2104.79,INR,DemoPay,1.0,,GTX000303,2104.79,,,,,,,,,,,
PE001212,revenue_recognized,2026-08-14 10:57:28,PAY00303,CMP016,SEL007,ORD00303,168.38,INR,DemoPay,1.0,,,,REV00303,168.38,platform_fee,,,,,,,,
PE001213,payment_initiated,2026-08-14 14:11:00,PAY00304,CMP016,SEL009,ORD00304,16583.86,INR,DemoPay,1.0,upi,,,,,,,,,,,,,
PE001214,payment_authorized,2026-08-14 14:11:28,PAY00304,CMP016,SEL009,ORD00304,16583.86,INR,DemoPay,1.0,,GTX000304,,,,,,,,,,,,
PE001215,payment_captured,2026-08-14 14:11:56,PAY00304,CMP016,SEL009,ORD00304,16583.86,INR,DemoPay,1.0,,GTX000304,16583.86,,,,,,,,,,,
PE001216,revenue_recognized,2026-08-14 15:09:56,PAY00304,CMP016,SEL009,ORD00304,1326.71,INR,DemoPay,1.0,,,,REV00304,1326.71,platform_fee,,,,,,,,
PE001217,payment_refunded,2026-08-17 15:09:56,PAY00304,CMP016,SEL009,ORD00304,9615.41,INR,DemoPay,1.0,,,,,,,REF00304,9615.41,customer_request,,,,,
PE001218,payment_initiated,2026-08-14 18:06:00,PAY00305,CMP019,SEL002,ORD00305,19177.53,INR,DemoPay,1.0,card,,,,,,,,,,,,,
PE001219,payment_authorized,2026-08-14 18:06:56,PAY00305,CMP019,SEL002,ORD00305,19177.53,INR,DemoPay,1.0,,GTX000305,,,,,,,,,,,,
PE001220,payment_captured,2026-08-14 18:08:10,PAY00305,CMP019,SEL002,ORD00305,19177.53,INR,DemoPay,1.0,,GTX000305,19177.53,,,,,,,,,,,
PE001221,revenue_recognized,2026-08-14 19:01:10,PAY00305,CMP019,SEL002,ORD00305,1534.2,INR,DemoPay,1.0,,,,REV00305,1534.2,platform_fee,,,,,,,,
PE001222,payment_initiated,2026-08-14 14:34:00,PAY00306,CMP018,SEL002,ORD00306,20732.52,INR,DemoGateway,1.0,netbanking,,,,,,,,,,,,,
PE001223,payment_authorized,2026-08-14 14:34:35,PAY00306,CMP018,SEL002,ORD00306,20732.52,INR,DemoGateway,1.0,,GTX000306,,,,,,,,,,,,
PE001224,payment_captured,2026-08-14 14:35:53,PAY00306,CMP018,SEL002,ORD00306,20732.52,INR,DemoGateway,1.0,,GTX000306,20732.52,,,,,,,,,,,
PE001225,revenue_recognized,2026-08-14 16:28:53,PAY00306,CMP018,SEL002,ORD00306,1658.6,INR,DemoGateway,1.0,,,,REV00306,1658.6,platform_fee,,,,,,,,
PE001226,payment_initiated,2026-08-14 15:11:00,PAY00307,CMP013,SEL002,ORD00307,4326.62,INR,DemoPay,1.0,card,,,,,,,,,,,,,
PE001227,payment_authorized,2026-08-14 15:11:56,PAY00307,CMP013,SEL002,ORD00307,4326.62,INR,DemoPay,1.0,,GTX000307,,,,,,,,,,,,
PE001228,payment_captured,2026-08-14 15:12:25,PAY00307,CMP013,SEL002,ORD00307,4326.62,INR,DemoPay,1.0,,GTX000307,4326.62,,,,,,,,,,,
PE001229,revenue_recognized,2026-08-14 15:29:25,PAY00307,CMP013,SEL002,ORD00307,346.13,INR,DemoPay,1.0,,,,REV00307,346.13,platform_fee,,,,,,,,
PE001230,payment_refunded,2026-08-18 15:29:25,PAY00307,CMP013,SEL002,ORD00307,1335.96,INR,DemoPay,1.0,,,,,,,REF00307,1335.96,customer_request,,,,,
PE001231,payment_initiated,2026-08-14 09:05:00,PAY00308,CMP021,SEL005,ORD00308,9014.11,INR,DemoGateway,1.0,upi,,,,,,,,,,,,,
PE001232,payment_authorized,2026-08-14 09:05:40,PAY00308,CMP021,SEL005,ORD00308,9014.11,INR,DemoGateway,1.0,,GTX000308,,,,,,,,,,,,
PE001233,payment_captured,2026-08-14 09:06:26,PAY00308,CMP021,SEL005,ORD00308,9014.11,INR,DemoGateway,1.0,,GTX000308,9014.11,,,,,,,,,,,
PE001234,revenue_recognized,2026-08-14 10:56:26,PAY00308,CMP021,SEL005,ORD00308,721.13,INR,DemoGateway,1.0,,,,REV00308,721.13,platform_fee,,,,,,,,
PE001235,payment_initiated,2026-08-14 10:09:00,PAY00309,CMP028,SEL001,ORD00309,4144.19,INR,DemoGateway,1.0,netbanking,,,,,,,,,,,,,
PE001236,payment_authorized,2026-08-14 10:09:53,PAY00309,CMP028,SEL001,ORD00309,4144.19,INR,DemoGateway,1.0,,GTX000309,,,,,,,,,,,,
PE001237,payment_captured,2026-08-14 10:10:10,PAY00309,CMP028,SEL001,ORD00309,4144.19,INR,DemoGateway,1.0,,GTX000309,4144.19,,,,,,,,,,,
PE001238,revenue_recognized,2026-08-14 12:09:10,PAY00309,CMP028,SEL001,ORD00309,331.54,INR,DemoGateway,1.0,,,,REV00309,331.54,platform_fee,,,,,,,,
PE001239,payment_initiated,2026-08-14 12:24:00,PAY00310,CMP026,SEL010,ORD00310,22130.5,INR,DemoGateway,1.0,netbanking,,,,,,,,,,,,,
PE001240,payment_authorized,2026-08-14 12:24:43,PAY00310,CMP026,SEL010,ORD00310,22130.5,INR,DemoGateway,1.0,,GTX000310,,,,,,,,,,,,
PE001241,payment_captured,2026-08-14 12:25:48,PAY00310,CMP026,SEL010,ORD00310,22130.5,INR,DemoGateway,1.0,,GTX000310,22130.5,,,,,,,,,,,
PE001242,revenue_recognized,2026-08-14 12:30:48,PAY00310,CMP026,SEL010,ORD00310,1770.44,INR,DemoGateway,1.0,,,,REV00310,1770.44,platform_fee,,,,,,,,
PE001243,payment_initiated,2026-08-14 13:44:00,PAY00311,CMP020,SEL020,ORD00311,2411.39,INR,DemoGateway,1.0,card,,,,,,,,,,,,,
PE001244,payment_failed,2026-08-14 13:45:10,PAY00311,CMP020,SEL020,ORD00311,2411.39,INR,DemoGateway,1.0,,,,,,,,,,TIMEOUT,demo_failure,,,
PE001245,payment_initiated,2026-08-14 12:19:00,PAY00312,CMP029,SEL012,ORD00312,9439.85,INR,DemoPay,1.0,upi,,,,,,,,,,,,,
PE001246,payment_authorized,2026-08-14 12:19:59,PAY00312,CMP029,SEL012,ORD00312,9439.85,INR,DemoPay,1.0,,GTX000312,,,,,,,,,,,,
PE001247,payment_captured,2026-08-14 12:21:33,PAY00312,CMP029,SEL012,ORD00312,9439.85,INR,DemoPay,1.0,,GTX000312,9439.85,,,,,,,,,,,
PE001248,revenue_recognized,2026-08-14 13:49:33,PAY00312,CMP029,SEL012,ORD00312,755.19,INR,DemoPay,1.0,,,,REV00312,755.19,platform_fee,,,,,,,,
PE001249,payment_refunded,2026-08-16 13:49:33,PAY00312,CMP029,SEL012,ORD00312,8511.68,INR,DemoPay,1.0,,,,,,,REF00312,8511.68,order_cancelled,,,,,
PE001250,payment_initiated,2026-08-14 17:41:00,PAY00313,CMP015,SEL011,ORD00313,18626.79,INR,DemoGateway,1.0,card,,,,,,,,,,,,,
PE001251,payment_authorized,2026-08-14 17:41:18,PAY00313,CMP015,SEL011,ORD00313,18626.79,INR,DemoGateway,1.0,,GTX000313,,,,,,,,,,,,
PE001252,payment_captured,2026-08-14 17:43:08,PAY00313,CMP015,SEL011,ORD00313,18626.79,INR,DemoGateway,1.0,,GTX000313,18626.79,,,,,,,,,,,
PE001253,revenue_recognized,2026-08-14 18:36:08,PAY00313,CMP015,SEL011,ORD00313,1490.14,INR,DemoGateway,1.0,,,,REV00313,1490.14,platform_fee,,,,,,,,
PE001254,payment_initiated,2026-08-14 10:04:00,PAY00314,CMP028,SEL012,ORD00314,13608.84,INR,DemoPay,1.0,upi,,,,,,,,,,,,,
PE001255,payment_authorized,2026-08-14 10:04:30,PAY00314,CMP028,SEL012,ORD00314,13608.84,INR,DemoPay,1.0,,GTX000314,,,,,,,,,,,,
PE001256,payment_captured,2026-08-14 10:04:52,PAY00314,CMP028,SEL012,ORD00314,13608.84,INR,DemoPay,1.0,,GTX000314,13608.84,,,,,,,,,,,
PE001257,revenue_recognized,2026-08-14 11:44:52,PAY00314,CMP028,SEL012,ORD00314,1088.71,INR,DemoPay,1.0,,,,REV00314,1088.71,platform_fee,,,,,,,,
PE001258,payment_initiated,2026-08-14 11:53:00,PAY00315,CMP001,SEL006,ORD00315,22066.74,INR,DemoPay,1.0,card,,,,,,,,,,,,,
PE001259,payment_authorized,2026-08-14 11:53:34,PAY00315,CMP001,SEL006,ORD00315,22066.74,INR,DemoPay,1.0,,GTX000315,,,,,,,,,,,,
PE001260,payment_captured,2026-08-14 11:53:45,PAY00315,CMP001,SEL006,ORD00315,22066.74,INR,DemoPay,1.0,,GTX000315,22066.74,,,,,,,,,,,
PE001261,revenue_recognized,2026-08-14 13:51:45,PAY00315,CMP001,SEL006,ORD00315,1765.34,INR,DemoPay,1.0,,,,REV00315,1765.34,platform_fee,,,,,,,,
PE001262,payment_initiated,2026-08-14 09:43:00,PAY00316,CMP012,SEL015,ORD00316,16432.13,INR,DemoGateway,1.0,card,,,,,,,,,,,,,
PE001263,payment_authorized,2026-08-14 09:43:36,PAY00316,CMP012,SEL015,ORD00316,16432.13,INR,DemoGateway,1.0,,GTX000316,,,,,,,,,,,,
PE001264,payment_captured,2026-08-14 09:44:57,PAY00316,CMP012,SEL015,ORD00316,16432.13,INR,DemoGateway,1.0,,GTX000316,16432.13,,,,,,,,,,,
PE001265,revenue_recognized,2026-08-14 10:42:57,PAY00316,CMP012,SEL015,ORD00316,1314.57,INR,DemoGateway,1.0,,,,REV00316,1314.57,platform_fee,,,,,,,,
PE001266,payment_initiated,2026-08-14 12:47:00,PAY00317,CMP019,SEL018,ORD00317,9589.85,INR,DemoGateway,1.0,netbanking,,,,,,,,,,,,,
PE001267,payment_authorized,2026-08-14 12:47:06,PAY00317,CMP019,SEL018,ORD00317,9589.85,INR,DemoGateway,1.0,,GTX000317,,,,,,,,,,,,
PE001268,payment_captured,2026-08-14 12:48:00,PAY00317,CMP019,SEL018,ORD00317,9589.85,INR,DemoGateway,1.0,,GTX000317,9589.85,,,,,,,,,,,
PE001269,revenue_recognized,2026-08-14 12:55:00,PAY00317,CMP019,SEL018,ORD00317,767.19,INR,DemoGateway,1.0,,,,REV00317,767.19,platform_fee,,,,,,,,
PE001270,payment_initiated,2026-08-15 12:41:00,PAY00318,CMP028,SEL008,ORD00318,17425.84,INR,DemoPay,1.0,upi,,,,,,,,,,,,,
PE001271,payment_authorized,2026-08-15 12:42:00,PAY00318,CMP028,SEL008,ORD00318,17425.84,INR,DemoPay,1.0,,GTX000318,,,,,,,,,,,,
PE001272,payment_captured,2026-08-15 12:43:44,PAY00318,CMP028,SEL008,ORD00318,17425.84,INR,DemoPay,1.0,,GTX000318,17425.84,,,,,,,,,,,
PE001273,revenue_recognized,2026-08-15 14:22:44,PAY00318,CMP028,SEL008,ORD00318,1394.07,INR,DemoPay,1.0,,,,REV00318,1394.07,platform_fee,,,,,,,,
PE001274,payment_initiated,2026-08-15 17:51:00,PAY00319,CMP005,SEL006,ORD00319,6758.6,INR,DemoPay,1.0,upi,,,,,,,,,,,,,
PE001275,payment_authorized,2026-08-15 17:51:50,PAY00319,CMP005,SEL006,ORD00319,6758.6,INR,DemoPay,1.0,,GTX000319,,,,,,,,,,,,
PE001276,payment_captured,2026-08-15 17:53:17,PAY00319,CMP005,SEL006,ORD00319,6758.6,INR,DemoPay,1.0,,GTX000319,6758.6,,,,,,,,,,,
PE001277,revenue_recognized,2026-08-15 18:29:17,PAY00319,CMP005,SEL006,ORD00319,540.69,INR,DemoPay,1.0,,,,REV00319,540.69,platform_fee,,,,,,,,
PE001278,payment_initiated,2026-08-15 12:43:00,PAY00320,CMP012,SEL015,ORD00320,6627.91,INR,DemoGateway,1.0,netbanking,,,,,,,,,,,,,
PE001279,payment_authorized,2026-08-15 12:43:30,PAY00320,CMP012,SEL015,ORD00320,6627.91,INR,DemoGateway,1.0,,GTX000320,,,,,,,,,,,,
PE001280,payment_captured,2026-08-15 12:44:49,PAY00320,CMP012,SEL015,ORD00320,6627.91,INR,DemoGateway,1.0,,GTX000320,6627.91,,,,,,,,,,,
PE001281,revenue_recognized,2026-08-15 12:58:49,PAY00320,CMP012,SEL015,ORD00320,530.23,INR,DemoGateway,1.0,,,,REV00320,530.23,platform_fee,,,,,,,,
PE001282,payment_refunded,2026-08-18 12:58:49,PAY00320,CMP012,SEL015,ORD00320,6625.07,INR,DemoGateway,1.0,,,,,,,REF00320,6625.07,service_issue,,,,,
PE001283,payment_initiated,2026-08-15 15:04:00,PAY00321,CMP020,SEL010,ORD00321,17583.71,INR,DemoGateway,1.0,upi,,,,,,,,,,,,,
PE001284,payment_authorized,2026-08-15 15:04:45,PAY00321,CMP020,SEL010,ORD00321,17583.71,INR,DemoGateway,1.0,,GTX000321,,,,,,,,,,,,
PE001285,payment_captured,2026-08-15 15:05:31,PAY00321,CMP020,SEL010,ORD00321,17583.71,INR,DemoGateway,1.0,,GTX000321,17583.71,,,,,,,,,,,
PE001286,revenue_recognized,2026-08-15 16:56:31,PAY00321,CMP020,SEL010,ORD00321,1406.7,INR,DemoGateway,1.0,,,,REV00321,1406.7,platform_fee,,,,,,,,
PE001287,payment_initiated,2026-08-15 11:57:00,PAY00322,CMP029,SEL010,ORD00322,5023.34,INR,DemoPay,1.0,card,,,,,,,,,,,,,
PE001288,payment_authorized,2026-08-15 11:57:56,PAY00322,CMP029,SEL010,ORD00322,5023.34,INR,DemoPay,1.0,,GTX000322,,,,,,,,,,,,
PE001289,payment_captured,2026-08-15 11:59:44,PAY00322,CMP029,SEL010,ORD00322,5023.34,INR,DemoPay,1.0,,GTX000322,5023.34,,,,,,,,,,,
PE001290,revenue_recognized,2026-08-15 13:16:44,PAY00322,CMP029,SEL010,ORD00322,401.87,INR,DemoPay,1.0,,,,REV00322,401.87,platform_fee,,,,,,,,
PE001291,payment_initiated,2026-08-15 12:58:00,PAY00323,CMP005,SEL001,ORD00323,24940.52,INR,DemoGateway,1.0,upi,,,,,,,,,,,,,
PE001292,payment_authorized,2026-08-15 12:58:52,PAY00323,CMP005,SEL001,ORD00323,24940.52,INR,DemoGateway,1.0,,GTX000323,,,,,,,,,,,,
PE001293,payment_captured,2026-08-15 12:59:01,PAY00323,CMP005,SEL001,ORD00323,24940.52,INR,DemoGateway,1.0,,GTX000323,24940.52,,,,,,,,,,,
PE001294,revenue_recognized,2026-08-15 14:14:01,PAY00323,CMP005,SEL001,ORD00323,1995.24,INR,DemoGateway,1.0,,,,REV00323,1995.24,platform_fee,,,,,,,,
PE001295,payment_initiated,2026-08-15 18:50:00,PAY00324,CMP007,SEL011,ORD00324,17628.48,INR,DemoPay,1.0,upi,,,,,,,,,,,,,
PE001296,payment_authorized,2026-08-15 18:50:47,PAY00324,CMP007,SEL011,ORD00324,17628.48,INR,DemoPay,1.0,,GTX000324,,,,,,,,,,,,
PE001297,payment_captured,2026-08-15 18:51:37,PAY00324,CMP007,SEL011,ORD00324,17628.48,INR,DemoPay,1.0,,GTX000324,17628.48,,,,,,,,,,,
PE001298,revenue_recognized,2026-08-15 19:56:37,PAY00324,CMP007,SEL011,ORD00324,1410.28,INR,DemoPay,1.0,,,,REV00324,1410.28,platform_fee,,,,,,,,
PE001299,payment_initiated,2026-08-15 15:08:00,PAY00325,CMP022,SEL018,ORD00325,8403.93,INR,DemoPay,1.0,netbanking,,,,,,,,,,,,,
PE001300,payment_authorized,2026-08-15 15:08:56,PAY00325,CMP022,SEL018,ORD00325,8403.93,INR,DemoPay,1.0,,GTX000325,,,,,,,,,,,,
PE001301,payment_captured,2026-08-15 15:10:12,PAY00325,CMP022,SEL018,ORD00325,8403.93,INR,DemoPay,1.0,,GTX000325,8403.93,,,,,,,,,,,
PE001302,revenue_recognized,2026-08-15 16:48:12,PAY00325,CMP022,SEL018,ORD00325,672.31,INR,DemoPay,1.0,,,,REV00325,672.31,platform_fee,,,,,,,,
PE001303,payment_initiated,2026-08-15 11:47:00,PAY00326,CMP029,SEL011,ORD00326,6722.96,INR,DemoPay,1.0,upi,,,,,,,,,,,,,
PE001304,payment_authorized,2026-08-15 11:47:26,PAY00326,CMP029,SEL011,ORD00326,6722.96,INR,DemoPay,1.0,,GTX000326,,,,,,,,,,,,
PE001305,payment_captured,2026-08-15 11:48:18,PAY00326,CMP029,SEL011,ORD00326,6722.96,INR,DemoPay,1.0,,GTX000326,6722.96,,,,,,,,,,,
PE001306,revenue_recognized,2026-08-15 12:22:18,PAY00326,CMP029,SEL011,ORD00326,537.84,INR,DemoPay,1.0,,,,REV00326,537.84,platform_fee,,,,,,,,
PE001307,payment_initiated,2026-08-15 17:37:00,PAY00327,CMP004,SEL016,ORD00327,21860.24,INR,DemoPay,1.0,netbanking,,,,,,,,,,,,,
PE001308,payment_failed,2026-08-15 17:37:34,PAY00327,CMP004,SEL016,ORD00327,21860.24,INR,DemoPay,1.0,,,,,,,,,,INSUFFICIENT_FUNDS,demo_failure,,,
PE001309,payment_initiated,2026-08-15 10:08:00,PAY00328,CMP004,SEL013,ORD00328,11208.02,INR,DemoGateway,1.0,card,,,,,,,,,,,,,
PE001310,payment_authorized,2026-08-15 10:08:41,PAY00328,CMP004,SEL013,ORD00328,11208.02,INR,DemoGateway,1.0,,GTX000328,,,,,,,,,,,,
PE001311,payment_captured,2026-08-15 10:10:40,PAY00328,CMP004,SEL013,ORD00328,11208.02,INR,DemoGateway,1.0,,GTX000328,11208.02,,,,,,,,,,,
PE001312,revenue_recognized,2026-08-15 12:07:40,PAY00328,CMP004,SEL013,ORD00328,896.64,INR,DemoGateway,1.0,,,,REV00328,896.64,platform_fee,,,,,,,,
PE001313,payment_initiated,2026-08-15 18:11:00,PAY00329,CMP028,SEL006,ORD00329,12958.15,INR,DemoPay,1.0,upi,,,,,,,,,,,,,
PE001314,payment_authorized,2026-08-15 18:11:05,PAY00329,CMP028,SEL006,ORD00329,12958.15,INR,DemoPay,1.0,,GTX000329,,,,,,,,,,,,
PE001315,payment_captured,2026-08-15 18:12:07,PAY00329,CMP028,SEL006,ORD00329,12958.15,INR,DemoPay,1.0,,GTX000329,12958.15,,,,,,,,,,,
PE001316,revenue_recognized,2026-08-15 18:48:07,PAY00329,CMP028,SEL006,ORD00329,1036.65,INR,DemoPay,1.0,,,,REV00329,1036.65,platform_fee,,,,,,,,
PE001317,payment_initiated,2026-08-15 09:08:00,PAY00330,CMP019,SEL006,ORD00330,19952.46,INR,DemoGateway,1.0,netbanking,,,,,,,,,,,,,
PE001318,payment_authorized,2026-08-15 09:08:32,PAY00330,CMP019,SEL006,ORD00330,19952.46,INR,DemoGateway,1.0,,GTX000330,,,,,,,,,,,,
PE001319,payment_captured,2026-08-15 09:09:28,PAY00330,CMP019,SEL006,ORD00330,19952.46,INR,DemoGateway,1.0,,GTX000330,19952.46,,,,,,,,,,,
PE001320,revenue_recognized,2026-08-15 10:04:28,PAY00330,CMP019,SEL006,ORD00330,1596.2,INR,DemoGateway,1.0,,,,REV00330,1596.2,platform_fee,,,,,,,,
PE001321,payment_initiated,2026-08-15 08:57:00,PAY00331,CMP002,SEL018,ORD00331,18670.49,INR,DemoPay,1.0,upi,,,,,,,,,,,,,
PE001322,payment_authorized,2026-08-15 08:57:38,PAY00331,CMP002,SEL018,ORD00331,18670.49,INR,DemoPay,1.0,,GTX000331,,,,,,,,,,,,
PE001323,payment_captured,2026-08-15 08:58:07,PAY00331,CMP002,SEL018,ORD00331,18670.49,INR,DemoPay,1.0,,GTX000331,18670.49,,,,,,,,,,,
PE001324,revenue_recognized,2026-08-15 09:01:07,PAY00331,CMP002,SEL018,ORD00331,1493.64,INR,DemoPay,1.0,,,,REV00331,1493.64,platform_fee,,,,,,,,
PE001325,payment_initiated,2026-08-15 09:24:00,PAY00332,CMP008,SEL008,ORD00332,8834.17,INR,DemoGateway,1.0,netbanking,,,,,,,,,,,,,
PE001326,payment_authorized,2026-08-15 09:24:15,PAY00332,CMP008,SEL008,ORD00332,8834.17,INR,DemoGateway,1.0,,GTX000332,,,,,,,,,,,,
PE001327,payment_captured,2026-08-15 09:24:28,PAY00332,CMP008,SEL008,ORD00332,8834.17,INR,DemoGateway,1.0,,GTX000332,8834.17,,,,,,,,,,,
PE001328,revenue_recognized,2026-08-15 11:10:28,PAY00332,CMP008,SEL008,ORD00332,706.73,INR,DemoGateway,1.0,,,,REV00332,706.73,platform_fee,,,,,,,,
PE001329,payment_refunded,2026-08-19 11:10:28,PAY00332,CMP008,SEL008,ORD00332,8492.71,INR,DemoGateway,1.0,,,,,,,REF00332,8492.71,service_issue,,,,,
PE001330,payment_initiated,2026-08-16 15:22:00,PAY00333,CMP011,SEL014,ORD00333,9554.22,INR,DemoPay,1.0,card,,,,,,,,,,,,,
PE001331,payment_authorized,2026-08-16 15:22:56,PAY00333,CMP011,SEL014,ORD00333,9554.22,INR,DemoPay,1.0,,GTX000333,,,,,,,,,,,,
PE001332,payment_captured,2026-08-16 15:23:52,PAY00333,CMP011,SEL014,ORD00333,9554.22,INR,DemoPay,1.0,,GTX000333,9554.22,,,,,,,,,,,
PE001333,revenue_recognized,2026-08-16 15:26:52,PAY00333,CMP011,SEL014,ORD00333,764.34,INR,DemoPay,1.0,,,,REV00333,764.34,platform_fee,,,,,,,,
PE001334,payment_initiated,2026-08-16 10:07:00,PAY00334,CMP005,SEL007,ORD00334,15357.78,INR,DemoPay,1.0,upi,,,,,,,,,,,,,
PE001335,payment_authorized,2026-08-16 10:07:55,PAY00334,CMP005,SEL007,ORD00334,15357.78,INR,DemoPay,1.0,,GTX000334,,,,,,,,,,,,
PE001336,payment_captured,2026-08-16 10:08:04,PAY00334,CMP005,SEL007,ORD00334,15357.78,INR,DemoPay,1.0,,GTX000334,15357.78,,,,,,,,,,,
PE001337,revenue_recognized,2026-08-16 10:57:04,PAY00334,CMP005,SEL007,ORD00334,1228.62,INR,DemoPay,1.0,,,,REV00334,1228.62,platform_fee,,,,,,,,
PE001338,payment_initiated,2026-08-16 08:42:00,PAY00335,CMP018,SEL020,ORD00335,15457.22,INR,DemoPay,1.0,card,,,,,,,,,,,,,
PE001339,payment_authorized,2026-08-16 08:42:06,PAY00335,CMP018,SEL020,ORD00335,15457.22,INR,DemoPay,1.0,,GTX000335,,,,,,,,,,,,
PE001340,payment_captured,2026-08-16 08:42:17,PAY00335,CMP018,SEL020,ORD00335,15457.22,INR,DemoPay,1.0,,GTX000335,15457.22,,,,,,,,,,,
PE001341,revenue_recognized,2026-08-16 10:11:17,PAY00335,CMP018,SEL020,ORD00335,1236.58,INR,DemoPay,1.0,,,,REV00335,1236.58,platform_fee,,,,,,,,
PE001342,payment_initiated,2026-08-16 10:13:00,PAY00336,CMP004,SEL018,ORD00336,12648.31,INR,DemoGateway,1.0,netbanking,,,,,,,,,,,,,
PE001343,payment_authorized,2026-08-16 10:13:05,PAY00336,CMP004,SEL018,ORD00336,12648.31,INR,DemoGateway,1.0,,GTX000336,,,,,,,,,,,,
PE001344,payment_captured,2026-08-16 10:13:48,PAY00336,CMP004,SEL018,ORD00336,12648.31,INR,DemoGateway,1.0,,GTX000336,12648.31,,,,,,,,,,,
PE001345,revenue_recognized,2026-08-16 11:07:48,PAY00336,CMP004,SEL018,ORD00336,1011.86,INR,DemoGateway,1.0,,,,REV00336,1011.86,platform_fee,,,,,,,,
PE001346,payment_initiated,2026-08-16 09:32:00,PAY00337,CMP009,SEL020,ORD00337,11342.41,INR,DemoPay,1.0,netbanking,,,,,,,,,,,,,
PE001347,payment_authorized,2026-08-16 09:32:23,PAY00337,CMP009,SEL020,ORD00337,11342.41,INR,DemoPay,1.0,,GTX000337,,,,,,,,,,,,
PE001348,payment_captured,2026-08-16 09:32:42,PAY00337,CMP009,SEL020,ORD00337,11342.41,INR,DemoPay,1.0,,GTX000337,11342.41,,,,,,,,,,,
PE001349,revenue_recognized,2026-08-16 11:13:42,PAY00337,CMP009,SEL020,ORD00337,907.39,INR,DemoPay,1.0,,,,REV00337,907.39,platform_fee,,,,,,,,
PE001350,payment_initiated,2026-08-16 14:18:00,PAY00338,CMP007,SEL009,ORD00338,9911.16,INR,DemoPay,1.0,card,,,,,,,,,,,,,
PE001351,payment_failed,2026-08-16 14:19:13,PAY00338,CMP007,SEL009,ORD00338,9911.16,INR,DemoPay,1.0,,,,,,,,,,DECLINED,demo_failure,,,
PE001352,payment_initiated,2026-08-16 08:42:00,PAY00339,CMP023,SEL016,ORD00339,7010.87,INR,DemoGateway,1.0,card,,,,,,,,,,,,,
PE001353,payment_authorized,2026-08-16 08:42:58,PAY00339,CMP023,SEL016,ORD00339,7010.87,INR,DemoGateway,1.0,,GTX000339,,,,,,,,,,,,
PE001354,payment_captured,2026-08-16 08:44:16,PAY00339,CMP023,SEL016,ORD00339,7010.87,INR,DemoGateway,1.0,,GTX000339,7010.87,,,,,,,,,,,
PE001355,revenue_recognized,2026-08-16 10:10:16,PAY00339,CMP023,SEL016,ORD00339,560.87,INR,DemoGateway,1.0,,,,REV00339,560.87,platform_fee,,,,,,,,
PE001356,payment_initiated,2026-08-16 09:57:00,PAY00340,CMP025,SEL017,ORD00340,18503.74,INR,DemoPay,1.0,upi,,,,,,,,,,,,,
PE001357,payment_authorized,2026-08-16 09:57:34,PAY00340,CMP025,SEL017,ORD00340,18503.74,INR,DemoPay,1.0,,GTX000340,,,,,,,,,,,,
PE001358,payment_captured,2026-08-16 09:58:16,PAY00340,CMP025,SEL017,ORD00340,18503.74,INR,DemoPay,1.0,,GTX000340,18503.74,,,,,,,,,,,
PE001359,revenue_recognized,2026-08-16 10:32:16,PAY00340,CMP025,SEL017,ORD00340,1480.3,INR,DemoPay,1.0,,,,REV00340,1480.3,platform_fee,,,,,,,,
PE001360,payment_initiated,2026-08-16 18:20:00,PAY00341,CMP006,SEL002,ORD00341,9965.04,INR,DemoGateway,1.0,upi,,,,,,,,,,,,,
PE001361,payment_authorized,2026-08-16 18:20:11,PAY00341,CMP006,SEL002,ORD00341,9965.04,INR,DemoGateway,1.0,,GTX000341,,,,,,,,,,,,
PE001362,payment_captured,2026-08-16 18:22:04,PAY00341,CMP006,SEL002,ORD00341,9965.04,INR,DemoGateway,1.0,,GTX000341,9965.04,,,,,,,,,,,
PE001363,revenue_recognized,2026-08-16 20:00:04,PAY00341,CMP006,SEL002,ORD00341,797.2,INR,DemoGateway,1.0,,,,REV00341,797.2,platform_fee,,,,,,,,
PE001364,payment_chargeback,2026-08-28 20:00:04,PAY00341,CMP006,SEL002,ORD00341,3525.59,INR,DemoGateway,1.0,,,,,,,,,,,,CB00341,3525.59,customer_dispute
PE001365,payment_initiated,2026-08-16 12:56:00,PAY00342,CMP011,SEL012,ORD00342,23944.6,INR,DemoGateway,1.0,netbanking,,,,,,,,,,,,,
PE001366,payment_authorized,2026-08-16 12:56:57,PAY00342,CMP011,SEL012,ORD00342,23944.6,INR,DemoGateway,1.0,,GTX000342,,,,,,,,,,,,
PE001367,payment_captured,2026-08-16 12:57:45,PAY00342,CMP011,SEL012,ORD00342,23944.6,INR,DemoGateway,1.0,,GTX000342,23944.6,,,,,,,,,,,
PE001368,revenue_recognized,2026-08-16 13:21:45,PAY00342,CMP011,SEL012,ORD00342,1915.57,INR,DemoGateway,1.0,,,,REV00342,1915.57,platform_fee,,,,,,,,
PE001369,payment_initiated,2026-08-16 15:51:00,PAY00343,CMP015,SEL009,ORD00343,17712.71,INR,DemoGateway,1.0,upi,,,,,,,,,,,,,
PE001370,payment_authorized,2026-08-16 15:51:56,PAY00343,CMP015,SEL009,ORD00343,17712.71,INR,DemoGateway,1.0,,GTX000343,,,,,,,,,,,,
PE001371,payment_captured,2026-08-16 15:52:22,PAY00343,CMP015,SEL009,ORD00343,17712.71,INR,DemoGateway,1.0,,GTX000343,17712.71,,,,,,,,,,,
PE001372,revenue_recognized,2026-08-16 16:07:22,PAY00343,CMP015,SEL009,ORD00343,1417.02,INR,DemoGateway,1.0,,,,REV00343,1417.02,platform_fee,,,,,,,,
PE001373,payment_initiated,2026-08-16 17:30:00,PAY00344,CMP028,SEL006,ORD00344,11276.65,INR,DemoPay,1.0,netbanking,,,,,,,,,,,,,
PE001374,payment_authorized,2026-08-16 17:30:16,PAY00344,CMP028,SEL006,ORD00344,11276.65,INR,DemoPay,1.0,,GTX000344,,,,,,,,,,,,
PE001375,payment_captured,2026-08-16 17:31:39,PAY00344,CMP028,SEL006,ORD00344,11276.65,INR,DemoPay,1.0,,GTX000344,11276.65,,,,,,,,,,,
PE001376,revenue_recognized,2026-08-16 18:20:39,PAY00344,CMP028,SEL006,ORD00344,902.13,INR,DemoPay,1.0,,,,REV00344,902.13,platform_fee,,,,,,,,
PE001377,payment_initiated,2026-08-16 09:56:00,PAY00345,CMP028,SEL005,ORD00345,23129.35,INR,DemoGateway,1.0,upi,,,,,,,,,,,,,
PE001378,payment_authorized,2026-08-16 09:56:09,PAY00345,CMP028,SEL005,ORD00345,23129.35,INR,DemoGateway,1.0,,GTX000345,,,,,,,,,,,,
PE001379,payment_captured,2026-08-16 09:56:47,PAY00345,CMP028,SEL005,ORD00345,23129.35,INR,DemoGateway,1.0,,GTX000345,23129.35,,,,,,,,,,,
PE001380,revenue_recognized,2026-08-16 11:20:47,PAY00345,CMP028,SEL005,ORD00345,1850.35,INR,DemoGateway,1.0,,,,REV00345,1850.35,platform_fee,,,,,,,,
PE001381,payment_initiated,2026-08-16 18:55:00,PAY00346,CMP022,SEL017,ORD00346,24480.55,INR,DemoPay,1.0,upi,,,,,,,,,,,,,
PE001382,payment_authorized,2026-08-16 18:55:49,PAY00346,CMP022,SEL017,ORD00346,24480.55,INR,DemoPay,1.0,,GTX000346,,,,,,,,,,,,
PE001383,payment_captured,2026-08-16 18:57:23,PAY00346,CMP022,SEL017,ORD00346,24480.55,INR,DemoPay,1.0,,GTX000346,24480.55,,,,,,,,,,,
PE001384,revenue_recognized,2026-08-16 20:17:23,PAY00346,CMP022,SEL017,ORD00346,1958.44,INR,DemoPay,1.0,,,,REV00346,1958.44,platform_fee,,,,,,,,
PE001385,payment_refunded,2026-08-18 20:17:23,PAY00346,CMP022,SEL017,ORD00346,18269.47,INR,DemoPay,1.0,,,,,,,REF00346,18269.47,order_cancelled,,,,,
PE001386,payment_initiated,2026-08-16 16:57:00,PAY00347,CMP022,SEL013,ORD00347,21217.28,INR,DemoPay,1.0,netbanking,,,,,,,,,,,,,
PE001387,payment_failed,2026-08-16 16:57:30,PAY00347,CMP022,SEL013,ORD00347,21217.28,INR,DemoPay,1.0,,,,,,,,,,INSUFFICIENT_FUNDS,demo_failure,,,
PE001388,payment_initiated,2026-08-16 09:48:00,PAY00348,CMP028,SEL016,ORD00348,21931.27,INR,DemoGateway,1.0,upi,,,,,,,,,,,,,
PE001389,payment_authorized,2026-08-16 09:48:26,PAY00348,CMP028,SEL016,ORD00348,21931.27,INR,DemoGateway,1.0,,GTX000348,,,,,,,,,,,,
PE001390,payment_captured,2026-08-16 09:49:06,PAY00348,CMP028,SEL016,ORD00348,21931.27,INR,DemoGateway,1.0,,GTX000348,21931.27,,,,,,,,,,,
PE001391,revenue_recognized,2026-08-16 09:56:06,PAY00348,CMP028,SEL016,ORD00348,1754.5,INR,DemoGateway,1.0,,,,REV00348,1754.5,platform_fee,,,,,,,,
PE001392,payment_initiated,2026-08-16 15:51:00,PAY00349,CMP013,SEL013,ORD00349,3352.52,INR,DemoPay,1.0,netbanking,,,,,,,,,,,,,
PE001393,payment_authorized,2026-08-16 15:51:59,PAY00349,CMP013,SEL013,ORD00349,3352.52,INR,DemoPay,1.0,,GTX000349,,,,,,,,,,,,
PE001394,payment_captured,2026-08-16 15:53:07,PAY00349,CMP013,SEL013,ORD00349,3352.52,INR,DemoPay,1.0,,GTX000349,3352.52,,,,,,,,,,,
PE001395,revenue_recognized,2026-08-16 16:51:07,PAY00349,CMP013,SEL013,ORD00349,268.2,INR,DemoPay,1.0,,,,REV00349,268.2,platform_fee,,,,,,,,
PE001396,payment_initiated,2026-08-16 08:35:00,PAY00350,CMP024,SEL001,ORD00350,10980.83,INR,DemoPay,1.0,netbanking,,,,,,,,,,,,,
PE001397,payment_failed,2026-08-16 08:35:21,PAY00350,CMP024,SEL001,ORD00350,10980.83,INR,DemoPay,1.0,,,,,,,,,,INSUFFICIENT_FUNDS,demo_failure,,,
PE001398,payment_initiated,2026-08-16 15:21:00,PAY00351,CMP020,SEL010,ORD00351,16883.01,INR,DemoPay,1.0,upi,,,,,,,,,,,,,
PE001399,payment_authorized,2026-08-16 15:21:57,PAY00351,CMP020,SEL010,ORD00351,16883.01,INR,DemoPay,1.0,,GTX000351,,,,,,,,,,,,
PE001400,payment_captured,2026-08-16 15:22:30,PAY00351,CMP020,SEL010,ORD00351,16883.01,INR,DemoPay,1.0,,GTX000351,16883.01,,,,,,,,,,,
PE001401,revenue_recognized,2026-08-16 17:11:30,PAY00351,CMP020,SEL010,ORD00351,1350.64,INR,DemoPay,1.0,,,,REV00351,1350.64,platform_fee,,,,,,,,
PE001402,payment_initiated,2026-08-16 13:45:00,PAY00352,CMP020,SEL020,ORD00352,18341.46,INR,DemoGateway,1.0,upi,,,,,,,,,,,,,
PE001403,payment_authorized,2026-08-16 13:45:53,PAY00352,CMP020,SEL020,ORD00352,18341.46,INR,DemoGateway,1.0,,GTX000352,,,,,,,,,,,,
PE001404,payment_captured,2026-08-16 13:47:22,PAY00352,CMP020,SEL020,ORD00352,18341.46,INR,DemoGateway,1.0,,GTX000352,18341.46,,,,,,,,,,,
PE001405,revenue_recognized,2026-08-16 14:16:22,PAY00352,CMP020,SEL020,ORD00352,1467.32,INR,DemoGateway,1.0,,,,REV00352,1467.32,platform_fee,,,,,,,,
PE001406,payment_refunded,2026-08-19 14:16:22,PAY00352,CMP020,SEL020,ORD00352,9470.69,INR,DemoGateway,1.0,,,,,,,REF00352,9470.69,service_issue,,,,,
PE001407,payment_initiated,2026-08-17 14:06:00,PAY00353,CMP002,SEL006,ORD00353,4800.56,INR,DemoGateway,1.0,upi,,,,,,,,,,,,,
PE001408,payment_authorized,2026-08-17 14:06:17,PAY00353,CMP002,SEL006,ORD00353,4800.56,INR,DemoGateway,1.0,,GTX000353,,,,,,,,,,,,
PE001409,payment_captured,2026-08-17 14:06:37,PAY00353,CMP002,SEL006,ORD00353,4800.56,INR,DemoGateway,1.0,,GTX000353,4800.56,,,,,,,,,,,
PE001410,revenue_recognized,2026-08-17 16:06:37,PAY00353,CMP002,SEL006,ORD00353,384.04,INR,DemoGateway,1.0,,,,REV00353,384.04,platform_fee,,,,,,,,
PE001411,payment_initiated,2026-08-17 14:02:00,PAY00354,CMP027,SEL007,ORD00354,4032.5,INR,DemoGateway,1.0,netbanking,,,,,,,,,,,,,
PE001412,payment_authorized,2026-08-17 14:02:42,PAY00354,CMP027,SEL007,ORD00354,4032.5,INR,DemoGateway,1.0,,GTX000354,,,,,,,,,,,,
PE001413,payment_captured,2026-08-17 14:03:02,PAY00354,CMP027,SEL007,ORD00354,4032.5,INR,DemoGateway,1.0,,GTX000354,4032.5,,,,,,,,,,,
PE001414,revenue_recognized,2026-08-17 15:42:02,PAY00354,CMP027,SEL007,ORD00354,322.6,INR,DemoGateway,1.0,,,,REV00354,322.6,platform_fee,,,,,,,,
PE001415,payment_initiated,2026-08-17 08:33:00,PAY00355,CMP019,SEL017,ORD00355,24150.59,INR,DemoPay,1.0,netbanking,,,,,,,,,,,,,
PE001416,payment_failed,2026-08-17 08:34:05,PAY00355,CMP019,SEL017,ORD00355,24150.59,INR,DemoPay,1.0,,,,,,,,,,INSUFFICIENT_FUNDS,demo_failure,,,
PE001417,payment_initiated,2026-08-17 10:46:00,PAY00356,CMP016,SEL017,ORD00356,17757.72,INR,DemoPay,1.0,card,,,,,,,,,,,,,
PE001418,payment_authorized,2026-08-17 10:46:47,PAY00356,CMP016,SEL017,ORD00356,17757.72,INR,DemoPay,1.0,,GTX000356,,,,,,,,,,,,
PE001419,payment_captured,2026-08-17 10:48:08,PAY00356,CMP016,SEL017,ORD00356,17757.72,INR,DemoPay,1.0,,GTX000356,17757.72,,,,,,,,,,,
PE001420,revenue_recognized,2026-08-17 12:06:08,PAY00356,CMP016,SEL017,ORD00356,1420.62,INR,DemoPay,1.0,,,,REV00356,1420.62,platform_fee,,,,,,,,
PE001421,payment_initiated,2026-08-17 13:18:00,PAY00357,CMP013,SEL014,ORD00357,7929.5,INR,DemoPay,1.0,upi,,,,,,,,,,,,,
PE001422,payment_authorized,2026-08-17 13:18:13,PAY00357,CMP013,SEL014,ORD00357,7929.5,INR,DemoPay,1.0,,GTX000357,,,,,,,,,,,,
PE001423,payment_captured,2026-08-17 13:19:10,PAY00357,CMP013,SEL014,ORD00357,7929.5,INR,DemoPay,1.0,,GTX000357,7929.5,,,,,,,,,,,
PE001424,revenue_recognized,2026-08-17 14:37:10,PAY00357,CMP013,SEL014,ORD00357,634.36,INR,DemoPay,1.0,,,,REV00357,634.36,platform_fee,,,,,,,,
PE001425,payment_initiated,2026-08-17 16:40:00,PAY00358,CMP010,SEL018,ORD00358,18229.05,INR,DemoGateway,1.0,card,,,,,,,,,,,,,
PE001426,payment_authorized,2026-08-17 16:40:44,PAY00358,CMP010,SEL018,ORD00358,18229.05,INR,DemoGateway,1.0,,GTX000358,,,,,,,,,,,,
PE001427,payment_captured,2026-08-17 16:42:20,PAY00358,CMP010,SEL018,ORD00358,18229.05,INR,DemoGateway,1.0,,GTX000358,18229.05,,,,,,,,,,,
PE001428,revenue_recognized,2026-08-17 17:20:20,PAY00358,CMP010,SEL018,ORD00358,1458.32,INR,DemoGateway,1.0,,,,REV00358,1458.32,platform_fee,,,,,,,,
PE001429,payment_initiated,2026-08-17 13:35:00,PAY00359,CMP005,SEL006,ORD00359,18193.29,INR,DemoGateway,1.0,upi,,,,,,,,,,,,,
PE001430,payment_authorized,2026-08-17 13:35:47,PAY00359,CMP005,SEL006,ORD00359,18193.29,INR,DemoGateway,1.0,,GTX000359,,,,,,,,,,,,
PE001431,payment_captured,2026-08-17 13:37:22,PAY00359,CMP005,SEL006,ORD00359,18193.29,INR,DemoGateway,1.0,,GTX000359,18193.29,,,,,,,,,,,
PE001432,revenue_recognized,2026-08-17 14:31:22,PAY00359,CMP005,SEL006,ORD00359,1455.46,INR,DemoGateway,1.0,,,,REV00359,1455.46,platform_fee,,,,,,,,
PE001433,payment_initiated,2026-08-17 16:06:00,PAY00360,CMP018,SEL010,ORD00360,20495.16,INR,DemoGateway,1.0,card,,,,,,,,,,,,,
PE001434,payment_authorized,2026-08-17 16:06:08,PAY00360,CMP018,SEL010,ORD00360,20495.16,INR,DemoGateway,1.0,,GTX000360,,,,,,,,,,,,
PE001435,payment_captured,2026-08-17 16:07:38,PAY00360,CMP018,SEL010,ORD00360,20495.16,INR,DemoGateway,1.0,,GTX000360,20495.16,,,,,,,,,,,
PE001436,revenue_recognized,2026-08-17 16:15:38,PAY00360,CMP018,SEL010,ORD00360,1639.61,INR,DemoGateway,1.0,,,,REV00360,1639.61,platform_fee,,,,,,,,
PE001437,payment_initiated,2026-08-17 08:44:00,PAY00361,CMP006,SEL010,ORD00361,4941.07,INR,DemoGateway,1.0,upi,,,,,,,,,,,,,
PE001438,payment_authorized,2026-08-17 08:44:39,PAY00361,CMP006,SEL010,ORD00361,4941.07,INR,DemoGateway,1.0,,GTX000361,,,,,,,,,,,,
PE001439,payment_captured,2026-08-17 08:44:48,PAY00361,CMP006,SEL010,ORD00361,4941.07,INR,DemoGateway,1.0,,GTX000361,4941.07,,,,,,,,,,,
PE001440,revenue_recognized,2026-08-17 09:30:48,PAY00361,CMP006,SEL010,ORD00361,395.29,INR,DemoGateway,1.0,,,,REV00361,395.29,platform_fee,,,,,,,,
PE001441,payment_initiated,2026-08-17 16:24:00,PAY00362,CMP028,SEL018,ORD00362,18946.7,INR,DemoPay,1.0,card,,,,,,,,,,,,,
PE001442,payment_authorized,2026-08-17 16:24:55,PAY00362,CMP028,SEL018,ORD00362,18946.7,INR,DemoPay,1.0,,GTX000362,,,,,,,,,,,,
PE001443,payment_captured,2026-08-17 16:26:42,PAY00362,CMP028,SEL018,ORD00362,18946.7,INR,DemoPay,1.0,,GTX000362,18946.7,,,,,,,,,,,
PE001444,revenue_recognized,2026-08-17 17:56:42,PAY00362,CMP028,SEL018,ORD00362,1515.74,INR,DemoPay,1.0,,,,REV00362,1515.74,platform_fee,,,,,,,,
PE001445,payment_initiated,2026-08-17 18:20:00,PAY00363,CMP030,SEL013,ORD00363,11289.31,INR,DemoGateway,1.0,netbanking,,,,,,,,,,,,,
PE001446,payment_failed,2026-08-17 18:20:42,PAY00363,CMP030,SEL013,ORD00363,11289.31,INR,DemoGateway,1.0,,,,,,,,,,DECLINED,demo_failure,,,
PE001447,payment_initiated,2026-08-17 18:23:00,PAY00364,CMP020,SEL015,ORD00364,22919.93,INR,DemoPay,1.0,netbanking,,,,,,,,,,,,,
PE001448,payment_authorized,2026-08-17 18:23:43,PAY00364,CMP020,SEL015,ORD00364,22919.93,INR,DemoPay,1.0,,GTX000364,,,,,,,,,,,,
PE001449,payment_captured,2026-08-17 18:24:13,PAY00364,CMP020,SEL015,ORD00364,22919.93,INR,DemoPay,1.0,,GTX000364,22919.93,,,,,,,,,,,
PE001450,revenue_recognized,2026-08-17 20:04:13,PAY00364,CMP020,SEL015,ORD00364,1833.59,INR,DemoPay,1.0,,,,REV00364,1833.59,platform_fee,,,,,,,,
PE001451,payment_initiated,2026-08-17 10:47:00,PAY00365,CMP015,SEL006,ORD00365,5893.95,INR,DemoPay,1.0,netbanking,,,,,,,,,,,,,
PE001452,payment_authorized,2026-08-17 10:47:07,PAY00365,CMP015,SEL006,ORD00365,5893.95,INR,DemoPay,1.0,,GTX000365,,,,,,,,,,,,
PE001453,payment_captured,2026-08-17 10:48:06,PAY00365,CMP015,SEL006,ORD00365,5893.95,INR,DemoPay,1.0,,GTX000365,5893.95,,,,,,,,,,,
PE001454,revenue_recognized,2026-08-17 11:24:06,PAY00365,CMP015,SEL006,ORD00365,471.52,INR,DemoPay,1.0,,,,REV00365,471.52,platform_fee,,,,,,,,
PE001455,payment_initiated,2026-08-17 10:02:00,PAY00366,CMP019,SEL009,ORD00366,9268.23,INR,DemoPay,1.0,card,,,,,,,,,,,,,
PE001456,payment_authorized,2026-08-17 10:02:43,PAY00366,CMP019,SEL009,ORD00366,9268.23,INR,DemoPay,1.0,,GTX000366,,,,,,,,,,,,
PE001457,payment_captured,2026-08-17 10:02:54,PAY00366,CMP019,SEL009,ORD00366,9268.23,INR,DemoPay,1.0,,GTX000366,9268.23,,,,,,,,,,,
PE001458,revenue_recognized,2026-08-17 11:42:54,PAY00366,CMP019,SEL009,ORD00366,741.46,INR,DemoPay,1.0,,,,REV00366,741.46,platform_fee,,,,,,,,
PE001459,payment_initiated,2026-08-17 16:22:00,PAY00367,CMP022,SEL010,ORD00367,20062.84,INR,DemoGateway,1.0,card,,,,,,,,,,,,,
PE001460,payment_authorized,2026-08-17 16:22:25,PAY00367,CMP022,SEL010,ORD00367,20062.84,INR,DemoGateway,1.0,,GTX000367,,,,,,,,,,,,
PE001461,payment_captured,2026-08-17 16:23:37,PAY00367,CMP022,SEL010,ORD00367,20062.84,INR,DemoGateway,1.0,,GTX000367,20062.84,,,,,,,,,,,
PE001462,revenue_recognized,2026-08-17 16:52:37,PAY00367,CMP022,SEL010,ORD00367,1605.03,INR,DemoGateway,1.0,,,,REV00367,1605.03,platform_fee,,,,,,,,
PE001463,payment_initiated,2026-08-17 16:25:00,PAY00368,CMP026,SEL017,ORD00368,11274.38,INR,DemoPay,1.0,card,,,,,,,,,,,,,
PE001464,payment_authorized,2026-08-17 16:25:18,PAY00368,CMP026,SEL017,ORD00368,11274.38,INR,DemoPay,1.0,,GTX000368,,,,,,,,,,,,
PE001465,payment_captured,2026-08-17 16:26:47,PAY00368,CMP026,SEL017,ORD00368,11274.38,INR,DemoPay,1.0,,GTX000368,11274.38,,,,,,,,,,,
PE001466,revenue_recognized,2026-08-17 17:09:47,PAY00368,CMP026,SEL017,ORD00368,901.95,INR,DemoPay,1.0,,,,REV00368,901.95,platform_fee,,,,,,,,
PE001467,payment_initiated,2026-08-17 18:00:00,PAY00369,CMP025,SEL020,ORD00369,24920.83,INR,DemoGateway,1.0,card,,,,,,,,,,,,,
PE001468,payment_authorized,2026-08-17 18:00:33,PAY00369,CMP025,SEL020,ORD00369,24920.83,INR,DemoGateway,1.0,,GTX000369,,,,,,,,,,,,
PE001469,payment_captured,2026-08-17 18:01:08,PAY00369,CMP025,SEL020,ORD00369,24920.83,INR,DemoGateway,1.0,,GTX000369,24920.83,,,,,,,,,,,
PE001470,revenue_recognized,2026-08-17 19:57:08,PAY00369,CMP025,SEL020,ORD00369,1993.67,INR,DemoGateway,1.0,,,,REV00369,1993.67,platform_fee,,,,,,,,
PE001471,payment_initiated,2026-08-17 09:24:00,PAY00370,CMP008,SEL002,ORD00370,10462.26,INR,DemoGateway,1.0,upi,,,,,,,,,,,,,
PE001472,payment_authorized,2026-08-17 09:24:23,PAY00370,CMP008,SEL002,ORD00370,10462.26,INR,DemoGateway,1.0,,GTX000370,,,,,,,,,,,,
PE001473,payment_captured,2026-08-17 09:24:31,PAY00370,CMP008,SEL002,ORD00370,10462.26,INR,DemoGateway,1.0,,GTX000370,10462.26,,,,,,,,,,,
PE001474,revenue_recognized,2026-08-17 11:21:31,PAY00370,CMP008,SEL002,ORD00370,836.98,INR,DemoGateway,1.0,,,,REV00370,836.98,platform_fee,,,,,,,,
PE001475,payment_initiated,2026-08-17 12:57:00,PAY00371,CMP017,SEL017,ORD00371,12939.91,INR,DemoGateway,1.0,netbanking,,,,,,,,,,,,,
PE001476,payment_authorized,2026-08-17 12:57:37,PAY00371,CMP017,SEL017,ORD00371,12939.91,INR,DemoGateway,1.0,,GTX000371,,,,,,,,,,,,
PE001477,payment_captured,2026-08-17 12:57:52,PAY00371,CMP017,SEL017,ORD00371,12939.91,INR,DemoGateway,1.0,,GTX000371,12939.91,,,,,,,,,,,
PE001478,revenue_recognized,2026-08-17 13:10:52,PAY00371,CMP017,SEL017,ORD00371,1035.19,INR,DemoGateway,1.0,,,,REV00371,1035.19,platform_fee,,,,,,,,
PE001479,payment_initiated,2026-08-17 11:42:00,PAY00372,CMP018,SEL018,ORD00372,16232.93,INR,DemoPay,1.0,netbanking,,,,,,,,,,,,,
PE001480,payment_authorized,2026-08-17 11:43:00,PAY00372,CMP018,SEL018,ORD00372,16232.93,INR,DemoPay,1.0,,GTX000372,,,,,,,,,,,,
PE001481,payment_captured,2026-08-17 11:44:32,PAY00372,CMP018,SEL018,ORD00372,16232.93,INR,DemoPay,1.0,,GTX000372,16232.93,,,,,,,,,,,
PE001482,revenue_recognized,2026-08-17 12:39:32,PAY00372,CMP018,SEL018,ORD00372,1298.63,INR,DemoPay,1.0,,,,REV00372,1298.63,platform_fee,,,,,,,,
PE001483,payment_initiated,2026-08-17 10:01:00,PAY00373,CMP027,SEL014,ORD00373,19051.93,INR,DemoPay,1.0,upi,,,,,,,,,,,,,
PE001484,payment_authorized,2026-08-17 10:01:07,PAY00373,CMP027,SEL014,ORD00373,19051.93,INR,DemoPay,1.0,,GTX000373,,,,,,,,,,,,
PE001485,payment_captured,2026-08-17 10:01:23,PAY00373,CMP027,SEL014,ORD00373,19051.93,INR,DemoPay,1.0,,GTX000373,19051.93,,,,,,,,,,,
PE001486,revenue_recognized,2026-08-17 10:11:23,PAY00373,CMP027,SEL014,ORD00373,1524.15,INR,DemoPay,1.0,,,,REV00373,1524.15,platform_fee,,,,,,,,
PE001487,payment_refunded,2026-08-22 10:11:23,PAY00373,CMP027,SEL014,ORD00373,16111.48,INR,DemoPay,1.0,,,,,,,REF00373,16111.48,customer_request,,,,,
PE001488,payment_initiated,2026-08-17 18:25:00,PAY00374,CMP008,SEL009,ORD00374,10618.77,INR,DemoGateway,1.0,upi,,,,,,,,,,,,,
PE001489,payment_authorized,2026-08-17 18:25:29,PAY00374,CMP008,SEL009,ORD00374,10618.77,INR,DemoGateway,1.0,,GTX000374,,,,,,,,,,,,
PE001490,payment_captured,2026-08-17 18:27:00,PAY00374,CMP008,SEL009,ORD00374,10618.77,INR,DemoGateway,1.0,,GTX000374,10618.77,,,,,,,,,,,
PE001491,revenue_recognized,2026-08-17 18:43:00,PAY00374,CMP008,SEL009,ORD00374,849.5,INR,DemoGateway,1.0,,,,REV00374,849.5,platform_fee,,,,,,,,
PE001492,payment_initiated,2026-08-17 09:22:00,PAY00375,CMP020,SEL003,ORD00375,17970.73,INR,DemoPay,1.0,netbanking,,,,,,,,,,,,,
PE001493,payment_authorized,2026-08-17 09:22:55,PAY00375,CMP020,SEL003,ORD00375,17970.73,INR,DemoPay,1.0,,GTX000375,,,,,,,,,,,,
PE001494,payment_captured,2026-08-17 09:24:27,PAY00375,CMP020,SEL003,ORD00375,17970.73,INR,DemoPay,1.0,,GTX000375,17970.73,,,,,,,,,,,
PE001495,revenue_recognized,2026-08-17 10:03:27,PAY00375,CMP020,SEL003,ORD00375,1437.66,INR,DemoPay,1.0,,,,REV00375,1437.66,platform_fee,,,,,,,,
PE001496,payment_initiated,2026-08-18 16:14:00,PAY00376,CMP013,SEL013,ORD00376,12638.71,INR,DemoPay,1.0,card,,,,,,,,,,,,,
PE001497,payment_authorized,2026-08-18 16:14:55,PAY00376,CMP013,SEL013,ORD00376,12638.71,INR,DemoPay,1.0,,GTX000376,,,,,,,,,,,,
PE001498,payment_captured,2026-08-18 16:16:42,PAY00376,CMP013,SEL013,ORD00376,12638.71,INR,DemoPay,1.0,,GTX000376,12638.71,,,,,,,,,,,
PE001499,revenue_recognized,2026-08-18 18:05:42,PAY00376,CMP013,SEL013,ORD00376,1011.1,INR,DemoPay,1.0,,,,REV00376,1011.1,platform_fee,,,,,,,,
PE001500,payment_initiated,2026-08-18 08:35:00,PAY00377,CMP005,SEL010,ORD00377,23998.7,INR,DemoGateway,1.0,netbanking,,,,,,,,,,,,,
PE001501,payment_authorized,2026-08-18 08:35:07,PAY00377,CMP005,SEL010,ORD00377,23998.7,INR,DemoGateway,1.0,,GTX000377,,,,,,,,,,,,
PE001502,payment_captured,2026-08-18 08:35:12,PAY00377,CMP005,SEL010,ORD00377,23998.7,INR,DemoGateway,1.0,,GTX000377,23998.7,,,,,,,,,,,
PE001503,revenue_recognized,2026-08-18 09:49:12,PAY00377,CMP005,SEL010,ORD00377,1919.9,INR,DemoGateway,1.0,,,,REV00377,1919.9,platform_fee,,,,,,,,
PE001504,payment_initiated,2026-08-18 13:13:00,PAY00378,CMP003,SEL010,ORD00378,19084.97,INR,DemoPay,1.0,upi,,,,,,,,,,,,,
PE001505,payment_authorized,2026-08-18 13:13:59,PAY00378,CMP003,SEL010,ORD00378,19084.97,INR,DemoPay,1.0,,GTX000378,,,,,,,,,,,,
PE001506,payment_captured,2026-08-18 13:15:09,PAY00378,CMP003,SEL010,ORD00378,19084.97,INR,DemoPay,1.0,,GTX000378,19084.97,,,,,,,,,,,
PE001507,revenue_recognized,2026-08-18 13:34:09,PAY00378,CMP003,SEL010,ORD00378,1526.8,INR,DemoPay,1.0,,,,REV00378,1526.8,platform_fee,,,,,,,,
PE001508,payment_initiated,2026-08-18 18:51:00,PAY00379,CMP027,SEL009,ORD00379,4193.63,INR,DemoPay,1.0,netbanking,,,,,,,,,,,,,
PE001509,payment_authorized,2026-08-18 18:51:59,PAY00379,CMP027,SEL009,ORD00379,4193.63,INR,DemoPay,1.0,,GTX000379,,,,,,,,,,,,
PE001510,payment_captured,2026-08-18 18:53:40,PAY00379,CMP027,SEL009,ORD00379,4193.63,INR,DemoPay,1.0,,GTX000379,4193.63,,,,,,,,,,,
PE001511,revenue_recognized,2026-08-18 20:53:40,PAY00379,CMP027,SEL009,ORD00379,335.49,INR,DemoPay,1.0,,,,REV00379,335.49,platform_fee,,,,,,,,
PE001512,payment_initiated,2026-08-18 09:16:00,PAY00380,CMP021,SEL018,ORD00380,8330.34,INR,DemoPay,1.0,card,,,,,,,,,,,,,
PE001513,payment_authorized,2026-08-18 09:16:42,PAY00380,CMP021,SEL018,ORD00380,8330.34,INR,DemoPay,1.0,,GTX000380,,,,,,,,,,,,
PE001514,payment_captured,2026-08-18 09:17:49,PAY00380,CMP021,SEL018,ORD00380,8330.34,INR,DemoPay,1.0,,GTX000380,8330.34,,,,,,,,,,,
PE001515,revenue_recognized,2026-08-18 10:00:49,PAY00380,CMP021,SEL018,ORD00380,666.43,INR,DemoPay,1.0,,,,REV00380,666.43,platform_fee,,,,,,,,
PE001516,payment_initiated,2026-08-18 11:20:00,PAY00381,CMP008,SEL004,ORD00381,16058.62,INR,DemoGateway,1.0,upi,,,,,,,,,,,,,
PE001517,payment_authorized,2026-08-18 11:20:44,PAY00381,CMP008,SEL004,ORD00381,16058.62,INR,DemoGateway,1.0,,GTX000381,,,,,,,,,,,,
PE001518,payment_captured,2026-08-18 11:22:13,PAY00381,CMP008,SEL004,ORD00381,16058.62,INR,DemoGateway,1.0,,GTX000381,16058.62,,,,,,,,,,,
PE001519,revenue_recognized,2026-08-18 12:02:13,PAY00381,CMP008,SEL004,ORD00381,1284.69,INR,DemoGateway,1.0,,,,REV00381,1284.69,platform_fee,,,,,,,,
PE001520,payment_initiated,2026-08-18 10:00:00,PAY00382,CMP019,SEL012,ORD00382,24028.48,INR,DemoGateway,1.0,upi,,,,,,,,,,,,,
PE001521,payment_authorized,2026-08-18 10:00:19,PAY00382,CMP019,SEL012,ORD00382,24028.48,INR,DemoGateway,1.0,,GTX000382,,,,,,,,,,,,
PE001522,payment_captured,2026-08-18 10:01:55,PAY00382,CMP019,SEL012,ORD00382,24028.48,INR,DemoGateway,1.0,,GTX000382,24028.48,,,,,,,,,,,
PE001523,revenue_recognized,2026-08-18 11:36:55,PAY00382,CMP019,SEL012,ORD00382,1922.28,INR,DemoGateway,1.0,,,,REV00382,1922.28,platform_fee,,,,,,,,
PE001524,payment_initiated,2026-08-18 15:28:00,PAY00383,CMP012,SEL005,ORD00383,22130.32,INR,DemoGateway,1.0,upi,,,,,,,,,,,,,
PE001525,payment_authorized,2026-08-18 15:28:36,PAY00383,CMP012,SEL005,ORD00383,22130.32,INR,DemoGateway,1.0,,GTX000383,,,,,,,,,,,,
PE001526,payment_captured,2026-08-18 15:29:51,PAY00383,CMP012,SEL005,ORD00383,22130.32,INR,DemoGateway,1.0,,GTX000383,22130.32,,,,,,,,,,,
PE001527,revenue_recognized,2026-08-18 15:43:51,PAY00383,CMP012,SEL005,ORD00383,1770.43,INR,DemoGateway,1.0,,,,REV00383,1770.43,platform_fee,,,,,,,,
PE001528,payment_initiated,2026-08-18 11:16:00,PAY00384,CMP027,SEL009,ORD00384,22445.48,INR,DemoPay,1.0,netbanking,,,,,,,,,,,,,
PE001529,payment_authorized,2026-08-18 11:16:09,PAY00384,CMP027,SEL009,ORD00384,22445.48,INR,DemoPay,1.0,,GTX000384,,,,,,,,,,,,
PE001530,payment_captured,2026-08-18 11:17:47,PAY00384,CMP027,SEL009,ORD00384,22445.48,INR,DemoPay,1.0,,GTX000384,22445.48,,,,,,,,,,,
PE001531,revenue_recognized,2026-08-18 11:27:47,PAY00384,CMP027,SEL009,ORD00384,1795.64,INR,DemoPay,1.0,,,,REV00384,1795.64,platform_fee,,,,,,,,
PE001532,payment_initiated,2026-08-18 11:58:00,PAY00385,CMP021,SEL001,ORD00385,19576.21,INR,DemoGateway,1.0,card,,,,,,,,,,,,,
PE001533,payment_authorized,2026-08-18 11:58:39,PAY00385,CMP021,SEL001,ORD00385,19576.21,INR,DemoGateway,1.0,,GTX000385,,,,,,,,,,,,
PE001534,payment_captured,2026-08-18 12:00:38,PAY00385,CMP021,SEL001,ORD00385,19576.21,INR,DemoGateway,1.0,,GTX000385,19576.21,,,,,,,,,,,
PE001535,revenue_recognized,2026-08-18 13:10:38,PAY00385,CMP021,SEL001,ORD00385,1566.1,INR,DemoGateway,1.0,,,,REV00385,1566.1,platform_fee,,,,,,,,
PE001536,payment_initiated,2026-08-18 17:46:00,PAY00386,CMP012,SEL013,ORD00386,22448.78,INR,DemoPay,1.0,upi,,,,,,,,,,,,,
PE001537,payment_authorized,2026-08-18 17:46:37,PAY00386,CMP012,SEL013,ORD00386,22448.78,INR,DemoPay,1.0,,GTX000386,,,,,,,,,,,,
PE001538,payment_captured,2026-08-18 17:47:47,PAY00386,CMP012,SEL013,ORD00386,22448.78,INR,DemoPay,1.0,,GTX000386,22448.78,,,,,,,,,,,
PE001539,revenue_recognized,2026-08-18 17:59:47,PAY00386,CMP012,SEL013,ORD00386,1795.9,INR,DemoPay,1.0,,,,REV00386,1795.9,platform_fee,,,,,,,,
PE001540,payment_initiated,2026-08-18 10:28:00,PAY00387,CMP022,SEL008,ORD00387,19294.34,INR,DemoPay,1.0,card,,,,,,,,,,,,,
PE001541,payment_authorized,2026-08-18 10:28:41,PAY00387,CMP022,SEL008,ORD00387,19294.34,INR,DemoPay,1.0,,GTX000387,,,,,,,,,,,,
PE001542,payment_captured,2026-08-18 10:30:10,PAY00387,CMP022,SEL008,ORD00387,19294.34,INR,DemoPay,1.0,,GTX000387,19294.34,,,,,,,,,,,
PE001543,revenue_recognized,2026-08-18 12:22:10,PAY00387,CMP022,SEL008,ORD00387,1543.55,INR,DemoPay,1.0,,,,REV00387,1543.55,platform_fee,,,,,,,,
PE001544,payment_initiated,2026-08-18 15:14:00,PAY00388,CMP016,SEL012,ORD00388,6642.25,INR,DemoPay,1.0,card,,,,,,,,,,,,,
PE001545,payment_authorized,2026-08-18 15:14:19,PAY00388,CMP016,SEL012,ORD00388,6642.25,INR,DemoPay,1.0,,GTX000388,,,,,,,,,,,,
PE001546,payment_captured,2026-08-18 15:14:29,PAY00388,CMP016,SEL012,ORD00388,6642.25,INR,DemoPay,1.0,,GTX000388,6642.25,,,,,,,,,,,
PE001547,revenue_recognized,2026-08-18 16:40:29,PAY00388,CMP016,SEL012,ORD00388,531.38,INR,DemoPay,1.0,,,,REV00388,531.38,platform_fee,,,,,,,,
PE001548,payment_initiated,2026-08-18 08:02:00,PAY00389,CMP012,SEL013,ORD00389,23070.7,INR,DemoGateway,1.0,netbanking,,,,,,,,,,,,,
PE001549,payment_authorized,2026-08-18 08:02:50,PAY00389,CMP012,SEL013,ORD00389,23070.7,INR,DemoGateway,1.0,,GTX000389,,,,,,,,,,,,
PE001550,payment_captured,2026-08-18 08:04:01,PAY00389,CMP012,SEL013,ORD00389,23070.7,INR,DemoGateway,1.0,,GTX000389,23070.7,,,,,,,,,,,
PE001551,revenue_recognized,2026-08-18 09:26:01,PAY00389,CMP012,SEL013,ORD00389,1845.66,INR,DemoGateway,1.0,,,,REV00389,1845.66,platform_fee,,,,,,,,
PE001552,payment_initiated,2026-08-18 14:23:00,PAY00390,CMP009,SEL019,ORD00390,10351.5,INR,DemoPay,1.0,netbanking,,,,,,,,,,,,,
PE001553,payment_authorized,2026-08-18 14:23:58,PAY00390,CMP009,SEL019,ORD00390,10351.5,INR,DemoPay,1.0,,GTX000390,,,,,,,,,,,,
PE001554,payment_captured,2026-08-18 14:24:12,PAY00390,CMP009,SEL019,ORD00390,10351.5,INR,DemoPay,1.0,,GTX000390,10351.5,,,,,,,,,,,
PE001555,revenue_recognized,2026-08-18 15:31:12,PAY00390,CMP009,SEL019,ORD00390,828.12,INR,DemoPay,1.0,,,,REV00390,828.12,platform_fee,,,,,,,,
PE001556,payment_initiated,2026-08-18 13:31:00,PAY00391,CMP008,SEL017,ORD00391,9793.1,INR,DemoGateway,1.0,upi,,,,,,,,,,,,,
PE001557,payment_authorized,2026-08-18 13:31:05,PAY00391,CMP008,SEL017,ORD00391,9793.1,INR,DemoGateway,1.0,,GTX000391,,,,,,,,,,,,
PE001558,payment_captured,2026-08-18 13:32:14,PAY00391,CMP008,SEL017,ORD00391,9793.1,INR,DemoGateway,1.0,,GTX000391,9793.1,,,,,,,,,,,
PE001559,revenue_recognized,2026-08-18 15:25:14,PAY00391,CMP008,SEL017,ORD00391,783.45,INR,DemoGateway,1.0,,,,REV00391,783.45,platform_fee,,,,,,,,
PE001560,payment_initiated,2026-08-18 10:10:00,PAY00392,CMP003,SEL017,ORD00392,6470.65,INR,DemoGateway,1.0,upi,,,,,,,,,,,,,
PE001561,payment_authorized,2026-08-18 10:10:57,PAY00392,CMP003,SEL017,ORD00392,6470.65,INR,DemoGateway,1.0,,GTX000392,,,,,,,,,,,,
PE001562,payment_captured,2026-08-18 10:11:17,PAY00392,CMP003,SEL017,ORD00392,6470.65,INR,DemoGateway,1.0,,GTX000392,6470.65,,,,,,,,,,,
PE001563,revenue_recognized,2026-08-18 11:36:17,PAY00392,CMP003,SEL017,ORD00392,517.65,INR,DemoGateway,1.0,,,,REV00392,517.65,platform_fee,,,,,,,,
PE001564,payment_initiated,2026-08-18 15:13:00,PAY00393,CMP024,SEL004,ORD00393,17367.89,INR,DemoGateway,1.0,netbanking,,,,,,,,,,,,,
PE001565,payment_authorized,2026-08-18 15:13:58,PAY00393,CMP024,SEL004,ORD00393,17367.89,INR,DemoGateway,1.0,,GTX000393,,,,,,,,,,,,
PE001566,payment_captured,2026-08-18 15:14:55,PAY00393,CMP024,SEL004,ORD00393,17367.89,INR,DemoGateway,1.0,,GTX000393,17367.89,,,,,,,,,,,
PE001567,revenue_recognized,2026-08-18 15:17:55,PAY00393,CMP024,SEL004,ORD00393,1389.43,INR,DemoGateway,1.0,,,,REV00393,1389.43,platform_fee,,,,,,,,
PE001568,payment_initiated,2026-08-18 08:57:00,PAY00394,CMP019,SEL006,ORD00394,16294.2,INR,DemoPay,1.0,netbanking,,,,,,,,,,,,,
PE001569,payment_authorized,2026-08-18 08:57:15,PAY00394,CMP019,SEL006,ORD00394,16294.2,INR,DemoPay,1.0,,GTX000394,,,,,,,,,,,,
PE001570,payment_captured,2026-08-18 08:57:53,PAY00394,CMP019,SEL006,ORD00394,16294.2,INR,DemoPay,1.0,,GTX000394,16294.2,,,,,,,,,,,
PE001571,revenue_recognized,2026-08-18 10:56:53,PAY00394,CMP019,SEL006,ORD00394,1303.54,INR,DemoPay,1.0,,,,REV00394,1303.54,platform_fee,,,,,,,,
PE001572,payment_initiated,2026-08-18 18:52:00,PAY00395,CMP020,SEL019,ORD00395,22144.96,INR,DemoPay,1.0,upi,,,,,,,,,,,,,
PE001573,payment_authorized,2026-08-18 18:52:18,PAY00395,CMP020,SEL019,ORD00395,22144.96,INR,DemoPay,1.0,,GTX000395,,,,,,,,,,,,
PE001574,payment_captured,2026-08-18 18:53:20,PAY00395,CMP020,SEL019,ORD00395,22144.96,INR,DemoPay,1.0,,GTX000395,22144.96,,,,,,,,,,,
PE001575,revenue_recognized,2026-08-18 20:11:20,PAY00395,CMP020,SEL019,ORD00395,1771.6,INR,DemoPay,1.0,,,,REV00395,1771.6,platform_fee,,,,,,,,
PE001576,payment_initiated,2026-08-18 17:52:00,PAY00396,CMP006,SEL008,ORD00396,15619.71,INR,DemoGateway,1.0,card,,,,,,,,,,,,,
PE001577,payment_authorized,2026-08-18 17:52:37,PAY00396,CMP006,SEL008,ORD00396,15619.71,INR,DemoGateway,1.0,,GTX000396,,,,,,,,,,,,
PE001578,payment_captured,2026-08-18 17:53:15,PAY00396,CMP006,SEL008,ORD00396,15619.71,INR,DemoGateway,1.0,,GTX000396,15619.71,,,,,,,,,,,
PE001579,revenue_recognized,2026-08-18 18:15:15,PAY00396,CMP006,SEL008,ORD00396,1249.58,INR,DemoGateway,1.0,,,,REV00396,1249.58,platform_fee,,,,,,,,
PE001580,payment_initiated,2026-08-18 14:08:00,PAY00397,CMP015,SEL020,ORD00397,6900.62,INR,DemoPay,1.0,card,,,,,,,,,,,,,
PE001581,payment_failed,2026-08-18 14:09:16,PAY00397,CMP015,SEL020,ORD00397,6900.62,INR,DemoPay,1.0,,,,,,,,,,INSUFFICIENT_FUNDS,demo_failure,,,
PE001582,payment_initiated,2026-08-18 10:30:00,PAY00398,CMP022,SEL014,ORD00398,15729.51,INR,DemoPay,1.0,netbanking,,,,,,,,,,,,,
PE001583,payment_authorized,2026-08-18 10:30:55,PAY00398,CMP022,SEL014,ORD00398,15729.51,INR,DemoPay,1.0,,GTX000398,,,,,,,,,,,,
PE001584,payment_captured,2026-08-18 10:32:08,PAY00398,CMP022,SEL014,ORD00398,15729.51,INR,DemoPay,1.0,,GTX000398,15729.51,,,,,,,,,,,
PE001585,revenue_recognized,2026-08-18 11:37:08,PAY00398,CMP022,SEL014,ORD00398,1258.36,INR,DemoPay,1.0,,,,REV00398,1258.36,platform_fee,,,,,,,,
PE001586,payment_initiated,2026-08-18 18:41:00,PAY00399,CMP022,SEL005,ORD00399,22578.77,INR,DemoPay,1.0,upi,,,,,,,,,,,,,
PE001587,payment_authorized,2026-08-18 18:41:28,PAY00399,CMP022,SEL005,ORD00399,22578.77,INR,DemoPay,1.0,,GTX000399,,,,,,,,,,,,
PE001588,payment_captured,2026-08-18 18:43:24,PAY00399,CMP022,SEL005,ORD00399,22578.77,INR,DemoPay,1.0,,GTX000399,22578.77,,,,,,,,,,,
PE001589,revenue_recognized,2026-08-18 18:49:24,PAY00399,CMP022,SEL005,ORD00399,1806.3,INR,DemoPay,1.0,,,,REV00399,1806.3,platform_fee,,,,,,,,
PE001590,payment_initiated,2026-08-18 17:06:00,PAY00400,CMP026,SEL016,ORD00400,9737.17,INR,DemoGateway,1.0,upi,,,,,,,,,,,,,
PE001591,payment_authorized,2026-08-18 17:06:35,PAY00400,CMP026,SEL016,ORD00400,9737.17,INR,DemoGateway,1.0,,GTX000400,,,,,,,,,,,,
PE001592,payment_captured,2026-08-18 17:08:18,PAY00400,CMP026,SEL016,ORD00400,9737.17,INR,DemoGateway,1.0,,GTX000400,9737.17,,,,,,,,,,,
PE001593,revenue_recognized,2026-08-18 17:38:18,PAY00400,CMP026,SEL016,ORD00400,778.97,INR,DemoGateway,1.0,,,,REV00400,778.97,platform_fee,,,,,,,,
PE001594,payment_initiated,2026-08-18 08:45:00,PAY00401,CMP020,SEL018,ORD00401,7558.42,INR,DemoGateway,1.0,netbanking,,,,,,,,,,,,,
PE001595,payment_authorized,2026-08-18 08:45:41,PAY00401,CMP020,SEL018,ORD00401,7558.42,INR,DemoGateway,1.0,,GTX000401,,,,,,,,,,,,
PE001596,payment_captured,2026-08-18 08:46:52,PAY00401,CMP020,SEL018,ORD00401,7558.42,INR,DemoGateway,1.0,,GTX000401,7558.42,,,,,,,,,,,
PE001597,revenue_recognized,2026-08-18 09:02:52,PAY00401,CMP020,SEL018,ORD00401,604.67,INR,DemoGateway,1.0,,,,REV00401,604.67,platform_fee,,,,,,,,
PE001598,payment_initiated,2026-08-18 10:27:00,PAY00402,CMP007,SEL011,ORD00402,10013.34,INR,DemoGateway,1.0,netbanking,,,,,,,,,,,,,
PE001599,payment_authorized,2026-08-18 10:27:21,PAY00402,CMP007,SEL011,ORD00402,10013.34,INR,DemoGateway,1.0,,GTX000402,,,,,,,,,,,,
PE001600,payment_captured,2026-08-18 10:29:15,PAY00402,CMP007,SEL011,ORD00402,10013.34,INR,DemoGateway,1.0,,GTX000402,10013.34,,,,,,,,,,,
PE001601,revenue_recognized,2026-08-18 11:38:15,PAY00402,CMP007,SEL011,ORD00402,801.07,INR,DemoGateway,1.0,,,,REV00402,801.07,platform_fee,,,,,,,,
PE001602,payment_initiated,2026-08-18 16:30:00,PAY00403,CMP009,SEL013,ORD00403,11210.86,INR,DemoPay,1.0,card,,,,,,,,,,,,,
PE001603,payment_authorized,2026-08-18 16:30:40,PAY00403,CMP009,SEL013,ORD00403,11210.86,INR,DemoPay,1.0,,GTX000403,,,,,,,,,,,,
PE001604,payment_captured,2026-08-18 16:31:46,PAY00403,CMP009,SEL013,ORD00403,11210.86,INR,DemoPay,1.0,,GTX000403,11210.86,,,,,,,,,,,
PE001605,revenue_recognized,2026-08-18 17:04:46,PAY00403,CMP009,SEL013,ORD00403,896.87,INR,DemoPay,1.0,,,,REV00403,896.87,platform_fee,,,,,,,,
PE001606,payment_initiated,2026-08-18 18:07:00,PAY00404,CMP025,SEL013,ORD00404,21592.47,INR,DemoPay,1.0,netbanking,,,,,,,,,,,,,
PE001607,payment_authorized,2026-08-18 18:07:55,PAY00404,CMP025,SEL013,ORD00404,21592.47,INR,DemoPay,1.0,,GTX000404,,,,,,,,,,,,
PE001608,payment_captured,2026-08-18 18:09:29,PAY00404,CMP025,SEL013,ORD00404,21592.47,INR,DemoPay,1.0,,GTX000404,21592.47,,,,,,,,,,,
PE001609,revenue_recognized,2026-08-18 18:30:29,PAY00404,CMP025,SEL013,ORD00404,1727.4,INR,DemoPay,1.0,,,,REV00404,1727.4,platform_fee,,,,,,,,
PE001610,payment_initiated,2026-08-19 18:00:00,PAY00405,CMP026,SEL018,ORD00405,5277.34,INR,DemoPay,1.0,card,,,,,,,,,,,,,
PE001611,payment_authorized,2026-08-19 18:00:35,PAY00405,CMP026,SEL018,ORD00405,5277.34,INR,DemoPay,1.0,,GTX000405,,,,,,,,,,,,
PE001612,payment_captured,2026-08-19 18:01:56,PAY00405,CMP026,SEL018,ORD00405,5277.34,INR,DemoPay,1.0,,GTX000405,5277.34,,,,,,,,,,,
PE001613,revenue_recognized,2026-08-19 18:57:56,PAY00405,CMP026,SEL018,ORD00405,422.19,INR,DemoPay,1.0,,,,REV00405,422.19,platform_fee,,,,,,,,
PE001614,payment_refunded,2026-08-22 18:57:56,PAY00405,CMP026,SEL018,ORD00405,2360.65,INR,DemoPay,1.0,,,,,,,REF00405,2360.65,customer_request,,,,,
PE001615,payment_initiated,2026-08-19 16:18:00,PAY00406,CMP024,SEL013,ORD00406,15928.19,INR,DemoGateway,1.0,netbanking,,,,,,,,,,,,,
PE001616,payment_authorized,2026-08-19 16:18:08,PAY00406,CMP024,SEL013,ORD00406,15928.19,INR,DemoGateway,1.0,,GTX000406,,,,,,,,,,,,
PE001617,payment_captured,2026-08-19 16:19:52,PAY00406,CMP024,SEL013,ORD00406,15928.19,INR,DemoGateway,1.0,,GTX000406,15928.19,,,,,,,,,,,
PE001618,revenue_recognized,2026-08-19 18:04:52,PAY00406,CMP024,SEL013,ORD00406,1274.26,INR,DemoGateway,1.0,,,,REV00406,1274.26,platform_fee,,,,,,,,
PE001619,payment_initiated,2026-08-19 17:32:00,PAY00407,CMP001,SEL007,ORD00407,6076.54,INR,DemoGateway,1.0,netbanking,,,,,,,,,,,,,
PE001620,payment_authorized,2026-08-19 17:32:44,PAY00407,CMP001,SEL007,ORD00407,6076.54,INR,DemoGateway,1.0,,GTX000407,,,,,,,,,,,,
PE001621,payment_captured,2026-08-19 17:33:10,PAY00407,CMP001,SEL007,ORD00407,6076.54,INR,DemoGateway,1.0,,GTX000407,6076.54,,,,,,,,,,,
PE001622,revenue_recognized,2026-08-19 19:00:10,PAY00407,CMP001,SEL007,ORD00407,486.12,INR,DemoGateway,1.0,,,,REV00407,486.12,platform_fee,,,,,,,,
PE001623,payment_refunded,2026-08-20 19:00:10,PAY00407,CMP001,SEL007,ORD00407,2609.52,INR,DemoGateway,1.0,,,,,,,REF00407,2609.52,customer_request,,,,,
PE001624,payment_initiated,2026-08-19 14:37:00,PAY00408,CMP009,SEL013,ORD00408,17237.06,INR,DemoGateway,1.0,card,,,,,,,,,,,,,
PE001625,payment_authorized,2026-08-19 14:37:52,PAY00408,CMP009,SEL013,ORD00408,17237.06,INR,DemoGateway,1.0,,GTX000408,,,,,,,,,,,,
PE001626,payment_captured,2026-08-19 14:39:27,PAY00408,CMP009,SEL013,ORD00408,17237.06,INR,DemoGateway,1.0,,GTX000408,17237.06,,,,,,,,,,,
PE001627,revenue_recognized,2026-08-19 14:48:27,PAY00408,CMP009,SEL013,ORD00408,1378.96,INR,DemoGateway,1.0,,,,REV00408,1378.96,platform_fee,,,,,,,,
PE001628,payment_initiated,2026-08-19 12:14:00,PAY00409,CMP024,SEL018,ORD00409,9665.66,INR,DemoGateway,1.0,netbanking,,,,,,,,,,,,,
PE001629,payment_authorized,2026-08-19 12:14:34,PAY00409,CMP024,SEL018,ORD00409,9665.66,INR,DemoGateway,1.0,,GTX000409,,,,,,,,,,,,
PE001630,payment_captured,2026-08-19 12:15:30,PAY00409,CMP024,SEL018,ORD00409,9665.66,INR,DemoGateway,1.0,,GTX000409,9665.66,,,,,,,,,,,
PE001631,revenue_recognized,2026-08-19 13:29:30,PAY00409,CMP024,SEL018,ORD00409,773.25,INR,DemoGateway,1.0,,,,REV00409,773.25,platform_fee,,,,,,,,
PE001632,payment_refunded,2026-08-24 13:29:30,PAY00409,CMP024,SEL018,ORD00409,3685.29,INR,DemoGateway,1.0,,,,,,,REF00409,3685.29,customer_request,,,,,
PE001633,payment_initiated,2026-08-19 16:16:00,PAY00410,CMP017,SEL010,ORD00410,23754.86,INR,DemoGateway,1.0,netbanking,,,,,,,,,,,,,
PE001634,payment_authorized,2026-08-19 16:16:41,PAY00410,CMP017,SEL010,ORD00410,23754.86,INR,DemoGateway,1.0,,GTX000410,,,,,,,,,,,,
PE001635,payment_captured,2026-08-19 16:17:18,PAY00410,CMP017,SEL010,ORD00410,23754.86,INR,DemoGateway,1.0,,GTX000410,23754.86,,,,,,,,,,,
PE001636,revenue_recognized,2026-08-19 17:46:18,PAY00410,CMP017,SEL010,ORD00410,1900.39,INR,DemoGateway,1.0,,,,REV00410,1900.39,platform_fee,,,,,,,,
PE001637,payment_initiated,2026-08-19 15:43:00,PAY00411,CMP016,SEL008,ORD00411,24089.11,INR,DemoGateway,1.0,upi,,,,,,,,,,,,,
PE001638,payment_authorized,2026-08-19 15:44:00,PAY00411,CMP016,SEL008,ORD00411,24089.11,INR,DemoGateway,1.0,,GTX000411,,,,,,,,,,,,
PE001639,payment_captured,2026-08-19 15:44:08,PAY00411,CMP016,SEL008,ORD00411,24089.11,INR,DemoGateway,1.0,,GTX000411,24089.11,,,,,,,,,,,
PE001640,revenue_recognized,2026-08-19 16:46:08,PAY00411,CMP016,SEL008,ORD00411,1927.13,INR,DemoGateway,1.0,,,,REV00411,1927.13,platform_fee,,,,,,,,
PE001641,payment_initiated,2026-08-19 14:22:00,PAY00412,CMP021,SEL008,ORD00412,20303.79,INR,DemoPay,1.0,netbanking,,,,,,,,,,,,,
PE001642,payment_authorized,2026-08-19 14:22:49,PAY00412,CMP021,SEL008,ORD00412,20303.79,INR,DemoPay,1.0,,GTX000412,,,,,,,,,,,,
PE001643,payment_captured,2026-08-19 14:24:40,PAY00412,CMP021,SEL008,ORD00412,20303.79,INR,DemoPay,1.0,,GTX000412,20303.79,,,,,,,,,,,
PE001644,revenue_recognized,2026-08-19 14:58:40,PAY00412,CMP021,SEL008,ORD00412,1624.3,INR,DemoPay,1.0,,,,REV00412,1624.3,platform_fee,,,,,,,,
PE001645,payment_initiated,2026-08-19 10:30:00,PAY00413,CMP022,SEL011,ORD00413,14531.96,INR,DemoPay,1.0,upi,,,,,,,,,,,,,
PE001646,payment_authorized,2026-08-19 10:30:41,PAY00413,CMP022,SEL011,ORD00413,14531.96,INR,DemoPay,1.0,,GTX000413,,,,,,,,,,,,
PE001647,payment_captured,2026-08-19 10:31:20,PAY00413,CMP022,SEL011,ORD00413,14531.96,INR,DemoPay,1.0,,GTX000413,14531.96,,,,,,,,,,,
PE001648,revenue_recognized,2026-08-19 10:55:20,PAY00413,CMP022,SEL011,ORD00413,1162.56,INR,DemoPay,1.0,,,,REV00413,1162.56,platform_fee,,,,,,,,
PE001649,payment_initiated,2026-08-19 11:47:00,PAY00414,CMP030,SEL007,ORD00414,18822.14,INR,DemoGateway,1.0,card,,,,,,,,,,,,,
PE001650,payment_authorized,2026-08-19 11:47:18,PAY00414,CMP030,SEL007,ORD00414,18822.14,INR,DemoGateway,1.0,,GTX000414,,,,,,,,,,,,
PE001651,payment_captured,2026-08-19 11:47:52,PAY00414,CMP030,SEL007,ORD00414,18822.14,INR,DemoGateway,1.0,,GTX000414,18822.14,,,,,,,,,,,
PE001652,revenue_recognized,2026-08-19 12:13:52,PAY00414,CMP030,SEL007,ORD00414,1505.77,INR,DemoGateway,1.0,,,,REV00414,1505.77,platform_fee,,,,,,,,
PE001653,payment_initiated,2026-08-19 09:43:00,PAY00415,CMP012,SEL005,ORD00415,4317.14,INR,DemoPay,1.0,netbanking,,,,,,,,,,,,,
PE001654,payment_authorized,2026-08-19 09:43:05,PAY00415,CMP012,SEL005,ORD00415,4317.14,INR,DemoPay,1.0,,GTX000415,,,,,,,,,,,,
PE001655,payment_captured,2026-08-19 09:44:47,PAY00415,CMP012,SEL005,ORD00415,4317.14,INR,DemoPay,1.0,,GTX000415,4317.14,,,,,,,,,,,
PE001656,revenue_recognized,2026-08-19 11:34:47,PAY00415,CMP012,SEL005,ORD00415,345.37,INR,DemoPay,1.0,,,,REV00415,345.37,platform_fee,,,,,,,,
PE001657,payment_initiated,2026-08-19 17:55:00,PAY00416,CMP016,SEL012,ORD00416,13070.0,INR,DemoGateway,1.0,upi,,,,,,,,,,,,,
PE001658,payment_authorized,2026-08-19 17:55:53,PAY00416,CMP016,SEL012,ORD00416,13070.0,INR,DemoGateway,1.0,,GTX000416,,,,,,,,,,,,
PE001659,payment_captured,2026-08-19 17:57:03,PAY00416,CMP016,SEL012,ORD00416,13070.0,INR,DemoGateway,1.0,,GTX000416,13070.0,,,,,,,,,,,
PE001660,revenue_recognized,2026-08-19 18:33:03,PAY00416,CMP016,SEL012,ORD00416,1045.6,INR,DemoGateway,1.0,,,,REV00416,1045.6,platform_fee,,,,,,,,
PE001661,payment_initiated,2026-08-19 16:02:00,PAY00417,CMP005,SEL002,ORD00417,12740.52,INR,DemoGateway,1.0,netbanking,,,,,,,,,,,,,
PE001662,payment_authorized,2026-08-19 16:03:00,PAY00417,CMP005,SEL002,ORD00417,12740.52,INR,DemoGateway,1.0,,GTX000417,,,,,,,,,,,,
PE001663,payment_captured,2026-08-19 16:04:32,PAY00417,CMP005,SEL002,ORD00417,12740.52,INR,DemoGateway,1.0,,GTX000417,12740.52,,,,,,,,,,,
PE001664,revenue_recognized,2026-08-19 17:44:32,PAY00417,CMP005,SEL002,ORD00417,1019.24,INR,DemoGateway,1.0,,,,REV00417,1019.24,platform_fee,,,,,,,,
PE001665,payment_initiated,2026-08-19 08:00:00,PAY00418,CMP023,SEL017,ORD00418,8917.8,INR,DemoGateway,1.0,netbanking,,,,,,,,,,,,,
PE001666,payment_authorized,2026-08-19 08:00:42,PAY00418,CMP023,SEL017,ORD00418,8917.8,INR,DemoGateway,1.0,,GTX000418,,,,,,,,,,,,
PE001667,payment_captured,2026-08-19 08:00:59,PAY00418,CMP023,SEL017,ORD00418,8917.8,INR,DemoGateway,1.0,,GTX000418,8917.8,,,,,,,,,,,
PE001668,revenue_recognized,2026-08-19 08:42:59,PAY00418,CMP023,SEL017,ORD00418,713.42,INR,DemoGateway,1.0,,,,REV00418,713.42,platform_fee,,,,,,,,
PE001669,payment_initiated,2026-08-19 15:39:00,PAY00419,CMP006,SEL018,ORD00419,7072.77,INR,DemoGateway,1.0,upi,,,,,,,,,,,,,
PE001670,payment_authorized,2026-08-19 15:39:36,PAY00419,CMP006,SEL018,ORD00419,7072.77,INR,DemoGateway,1.0,,GTX000419,,,,,,,,,,,,
PE001671,payment_captured,2026-08-19 15:40:35,PAY00419,CMP006,SEL018,ORD00419,7072.77,INR,DemoGateway,1.0,,GTX000419,7072.77,,,,,,,,,,,
PE001672,revenue_recognized,2026-08-19 16:07:35,PAY00419,CMP006,SEL018,ORD00419,565.82,INR,DemoGateway,1.0,,,,REV00419,565.82,platform_fee,,,,,,,,
PE001673,payment_initiated,2026-08-19 17:08:00,PAY00420,CMP012,SEL013,ORD00420,12092.13,INR,DemoGateway,1.0,netbanking,,,,,,,,,,,,,
PE001674,payment_authorized,2026-08-19 17:08:57,PAY00420,CMP012,SEL013,ORD00420,12092.13,INR,DemoGateway,1.0,,GTX000420,,,,,,,,,,,,
PE001675,payment_captured,2026-08-19 17:09:14,PAY00420,CMP012,SEL013,ORD00420,12092.13,INR,DemoGateway,1.0,,GTX000420,12092.13,,,,,,,,,,,
PE001676,revenue_recognized,2026-08-19 18:42:14,PAY00420,CMP012,SEL013,ORD00420,967.37,INR,DemoGateway,1.0,,,,REV00420,967.37,platform_fee,,,,,,,,
PE001677,payment_initiated,2026-08-19 10:30:00,PAY00421,CMP014,SEL013,ORD00421,4927.33,INR,DemoPay,1.0,card,,,,,,,,,,,,,
PE001678,payment_authorized,2026-08-19 10:30:36,PAY00421,CMP014,SEL013,ORD00421,4927.33,INR,DemoPay,1.0,,GTX000421,,,,,,,,,,,,
PE001679,payment_captured,2026-08-19 10:30:58,PAY00421,CMP014,SEL013,ORD00421,4927.33,INR,DemoPay,1.0,,GTX000421,4927.33,,,,,,,,,,,
PE001680,revenue_recognized,2026-08-19 12:25:58,PAY00421,CMP014,SEL013,ORD00421,394.19,INR,DemoPay,1.0,,,,REV00421,394.19,platform_fee,,,,,,,,
PE001681,payment_initiated,2026-08-19 16:54:00,PAY00422,CMP024,SEL011,ORD00422,8550.8,INR,DemoGateway,1.0,netbanking,,,,,,,,,,,,,
PE001682,payment_failed,2026-08-19 16:54:22,PAY00422,CMP024,SEL011,ORD00422,8550.8,INR,DemoGateway,1.0,,,,,,,,,,INSUFFICIENT_FUNDS,demo_failure,,,
PE001683,payment_initiated,2026-08-19 15:53:00,PAY00423,CMP006,SEL002,ORD00423,20624.72,INR,DemoPay,1.0,netbanking,,,,,,,,,,,,,
PE001684,payment_authorized,2026-08-19 15:53:52,PAY00423,CMP006,SEL002,ORD00423,20624.72,INR,DemoPay,1.0,,GTX000423,,,,,,,,,,,,
PE001685,payment_captured,2026-08-19 15:54:39,PAY00423,CMP006,SEL002,ORD00423,20624.72,INR,DemoPay,1.0,,GTX000423,20624.72,,,,,,,,,,,
PE001686,revenue_recognized,2026-08-19 16:28:39,PAY00423,CMP006,SEL002,ORD00423,1649.98,INR,DemoPay,1.0,,,,REV00423,1649.98,platform_fee,,,,,,,,
PE001687,payment_initiated,2026-08-19 09:22:00,PAY00424,CMP030,SEL009,ORD00424,1966.13,INR,DemoGateway,1.0,netbanking,,,,,,,,,,,,,
PE001688,payment_authorized,2026-08-19 09:22:17,PAY00424,CMP030,SEL009,ORD00424,1966.13,INR,DemoGateway,1.0,,GTX000424,,,,,,,,,,,,
PE001689,payment_captured,2026-08-19 09:23:35,PAY00424,CMP030,SEL009,ORD00424,1966.13,INR,DemoGateway,1.0,,GTX000424,1966.13,,,,,,,,,,,
PE001690,revenue_recognized,2026-08-19 10:37:35,PAY00424,CMP030,SEL009,ORD00424,157.29,INR,DemoGateway,1.0,,,,REV00424,157.29,platform_fee,,,,,,,,
PE001691,payment_initiated,2026-08-19 16:31:00,PAY00425,CMP025,SEL010,ORD00425,9139.62,INR,DemoGateway,1.0,netbanking,,,,,,,,,,,,,
PE001692,payment_authorized,2026-08-19 16:31:10,PAY00425,CMP025,SEL010,ORD00425,9139.62,INR,DemoGateway,1.0,,GTX000425,,,,,,,,,,,,
PE001693,payment_captured,2026-08-19 16:32:03,PAY00425,CMP025,SEL010,ORD00425,9139.62,INR,DemoGateway,1.0,,GTX000425,9139.62,,,,,,,,,,,
PE001694,revenue_recognized,2026-08-19 17:51:03,PAY00425,CMP025,SEL010,ORD00425,731.17,INR,DemoGateway,1.0,,,,REV00425,731.17,platform_fee,,,,,,,,
PE001695,payment_initiated,2026-08-19 17:36:00,PAY00426,CMP005,SEL006,ORD00426,11412.69,INR,DemoGateway,1.0,upi,,,,,,,,,,,,,
PE001696,payment_authorized,2026-08-19 17:36:09,PAY00426,CMP005,SEL006,ORD00426,11412.69,INR,DemoGateway,1.0,,GTX000426,,,,,,,,,,,,
PE001697,payment_captured,2026-08-19 17:36:24,PAY00426,CMP005,SEL006,ORD00426,11412.69,INR,DemoGateway,1.0,,GTX000426,11412.69,,,,,,,,,,,
PE001698,revenue_recognized,2026-08-19 17:57:24,PAY00426,CMP005,SEL006,ORD00426,913.02,INR,DemoGateway,1.0,,,,REV00426,913.02,platform_fee,,,,,,,,
PE001699,payment_initiated,2026-08-19 14:17:00,PAY00427,CMP021,SEL010,ORD00427,15726.55,INR,DemoGateway,1.0,upi,,,,,,,,,,,,,
PE001700,payment_authorized,2026-08-19 14:17:28,PAY00427,CMP021,SEL010,ORD00427,15726.55,INR,DemoGateway,1.0,,GTX000427,,,,,,,,,,,,
PE001701,payment_captured,2026-08-19 14:19:08,PAY00427,CMP021,SEL010,ORD00427,15726.55,INR,DemoGateway,1.0,,GTX000427,15726.55,,,,,,,,,,,
PE001702,revenue_recognized,2026-08-19 15:35:08,PAY00427,CMP021,SEL010,ORD00427,1258.12,INR,DemoGateway,1.0,,,,REV00427,1258.12,platform_fee,,,,,,,,
PE001703,payment_initiated,2026-08-19 11:42:00,PAY00428,CMP006,SEL006,ORD00428,4438.44,INR,DemoPay,1.0,upi,,,,,,,,,,,,,
PE001704,payment_authorized,2026-08-19 11:42:49,PAY00428,CMP006,SEL006,ORD00428,4438.44,INR,DemoPay,1.0,,GTX000428,,,,,,,,,,,,
PE001705,payment_captured,2026-08-19 11:44:29,PAY00428,CMP006,SEL006,ORD00428,4438.44,INR,DemoPay,1.0,,GTX000428,4438.44,,,,,,,,,,,
PE001706,revenue_recognized,2026-08-19 11:55:29,PAY00428,CMP006,SEL006,ORD00428,355.08,INR,DemoPay,1.0,,,,REV00428,355.08,platform_fee,,,,,,,,
PE001707,payment_initiated,2026-08-19 08:49:00,PAY00429,CMP004,SEL003,ORD00429,14388.19,INR,DemoGateway,1.0,upi,,,,,,,,,,,,,
PE001708,payment_authorized,2026-08-19 08:49:10,PAY00429,CMP004,SEL003,ORD00429,14388.19,INR,DemoGateway,1.0,,GTX000429,,,,,,,,,,,,
PE001709,payment_captured,2026-08-19 08:49:28,PAY00429,CMP004,SEL003,ORD00429,14388.19,INR,DemoGateway,1.0,,GTX000429,14388.19,,,,,,,,,,,
PE001710,revenue_recognized,2026-08-19 09:23:28,PAY00429,CMP004,SEL003,ORD00429,1151.06,INR,DemoGateway,1.0,,,,REV00429,1151.06,platform_fee,,,,,,,,
PE001711,payment_initiated,2026-08-19 12:28:00,PAY00430,CMP030,SEL013,ORD00430,6889.86,INR,DemoGateway,1.0,netbanking,,,,,,,,,,,,,
PE001712,payment_authorized,2026-08-19 12:28:38,PAY00430,CMP030,SEL013,ORD00430,6889.86,INR,DemoGateway,1.0,,GTX000430,,,,,,,,,,,,
PE001713,payment_captured,2026-08-19 12:30:30,PAY00430,CMP030,SEL013,ORD00430,6889.86,INR,DemoGateway,1.0,,GTX000430,6889.86,,,,,,,,,,,
PE001714,revenue_recognized,2026-08-19 12:52:30,PAY00430,CMP030,SEL013,ORD00430,551.19,INR,DemoGateway,1.0,,,,REV00430,551.19,platform_fee,,,,,,,,
PE001715,payment_refunded,2026-08-22 12:52:30,PAY00430,CMP030,SEL013,ORD00430,5151.29,INR,DemoGateway,1.0,,,,,,,REF00430,5151.29,order_cancelled,,,,,
PE001716,payment_initiated,2026-08-19 10:44:00,PAY00431,CMP028,SEL018,ORD00431,14390.81,INR,DemoGateway,1.0,netbanking,,,,,,,,,,,,,
PE001717,payment_authorized,2026-08-19 10:44:43,PAY00431,CMP028,SEL018,ORD00431,14390.81,INR,DemoGateway,1.0,,GTX000431,,,,,,,,,,,,
PE001718,payment_captured,2026-08-19 10:45:46,PAY00431,CMP028,SEL018,ORD00431,14390.81,INR,DemoGateway,1.0,,GTX000431,14390.81,,,,,,,,,,,
PE001719,revenue_recognized,2026-08-19 12:06:46,PAY00431,CMP028,SEL018,ORD00431,1151.26,INR,DemoGateway,1.0,,,,REV00431,1151.26,platform_fee,,,,,,,,
PE001720,payment_initiated,2026-08-20 15:34:00,PAY00432,CMP017,SEL018,ORD00432,22859.69,INR,DemoGateway,1.0,card,,,,,,,,,,,,,
PE001721,payment_authorized,2026-08-20 15:34:33,PAY00432,CMP017,SEL018,ORD00432,22859.69,INR,DemoGateway,1.0,,GTX000432,,,,,,,,,,,,
PE001722,payment_captured,2026-08-20 15:35:17,PAY00432,CMP017,SEL018,ORD00432,22859.69,INR,DemoGateway,1.0,,GTX000432,22859.69,,,,,,,,,,,
PE001723,revenue_recognized,2026-08-20 16:22:17,PAY00432,CMP017,SEL018,ORD00432,1828.78,INR,DemoGateway,1.0,,,,REV00432,1828.78,platform_fee,,,,,,,,
PE001724,payment_initiated,2026-08-20 15:34:00,PAY00433,CMP001,SEL001,ORD00433,9581.3,INR,DemoPay,1.0,card,,,,,,,,,,,,,
PE001725,payment_authorized,2026-08-20 15:34:36,PAY00433,CMP001,SEL001,ORD00433,9581.3,INR,DemoPay,1.0,,GTX000433,,,,,,,,,,,,
PE001726,payment_captured,2026-08-20 15:36:17,PAY00433,CMP001,SEL001,ORD00433,9581.3,INR,DemoPay,1.0,,GTX000433,9581.3,,,,,,,,,,,
PE001727,revenue_recognized,2026-08-20 16:38:17,PAY00433,CMP001,SEL001,ORD00433,766.5,INR,DemoPay,1.0,,,,REV00433,766.5,platform_fee,,,,,,,,
PE001728,payment_initiated,2026-08-20 16:23:00,PAY00434,CMP026,SEL010,ORD00434,20224.03,INR,DemoPay,1.0,card,,,,,,,,,,,,,
PE001729,payment_authorized,2026-08-20 16:23:40,PAY00434,CMP026,SEL010,ORD00434,20224.03,INR,DemoPay,1.0,,GTX000434,,,,,,,,,,,,
PE001730,payment_captured,2026-08-20 16:24:40,PAY00434,CMP026,SEL010,ORD00434,20224.03,INR,DemoPay,1.0,,GTX000434,20224.03,,,,,,,,,,,
PE001731,revenue_recognized,2026-08-20 17:15:40,PAY00434,CMP026,SEL010,ORD00434,1617.92,INR,DemoPay,1.0,,,,REV00434,1617.92,platform_fee,,,,,,,,
PE001732,payment_initiated,2026-08-20 09:27:00,PAY00435,CMP021,SEL013,ORD00435,6683.92,INR,DemoGateway,1.0,netbanking,,,,,,,,,,,,,
PE001733,payment_authorized,2026-08-20 09:27:53,PAY00435,CMP021,SEL013,ORD00435,6683.92,INR,DemoGateway,1.0,,GTX000435,,,,,,,,,,,,
PE001734,payment_captured,2026-08-20 09:29:40,PAY00435,CMP021,SEL013,ORD00435,6683.92,INR,DemoGateway,1.0,,GTX000435,6683.92,,,,,,,,,,,
PE001735,revenue_recognized,2026-08-20 11:26:40,PAY00435,CMP021,SEL013,ORD00435,534.71,INR,DemoGateway,1.0,,,,REV00435,534.71,platform_fee,,,,,,,,
PE001736,payment_initiated,2026-08-20 09:11:00,PAY00436,CMP009,SEL010,ORD00436,11203.24,INR,DemoGateway,1.0,card,,,,,,,,,,,,,
PE001737,payment_authorized,2026-08-20 09:11:45,PAY00436,CMP009,SEL010,ORD00436,11203.24,INR,DemoGateway,1.0,,GTX000436,,,,,,,,,,,,
PE001738,payment_captured,2026-08-20 09:12:48,PAY00436,CMP009,SEL010,ORD00436,11203.24,INR,DemoGateway,1.0,,GTX000436,11203.24,,,,,,,,,,,
PE001739,revenue_recognized,2026-08-20 10:32:48,PAY00436,CMP009,SEL010,ORD00436,896.26,INR,DemoGateway,1.0,,,,REV00436,896.26,platform_fee,,,,,,,,
PE001740,payment_initiated,2026-08-20 08:34:00,PAY00437,CMP016,SEL007,ORD00437,1955.79,INR,DemoGateway,1.0,card,,,,,,,,,,,,,
PE001741,payment_authorized,2026-08-20 08:34:11,PAY00437,CMP016,SEL007,ORD00437,1955.79,INR,DemoGateway,1.0,,GTX000437,,,,,,,,,,,,
PE001742,payment_captured,2026-08-20 08:34:52,PAY00437,CMP016,SEL007,ORD00437,1955.79,INR,DemoGateway,1.0,,GTX000437,1955.79,,,,,,,,,,,
PE001743,revenue_recognized,2026-08-20 09:09:52,PAY00437,CMP016,SEL007,ORD00437,156.46,INR,DemoGateway,1.0,,,,REV00437,156.46,platform_fee,,,,,,,,
PE001744,payment_initiated,2026-08-20 15:13:00,PAY00438,CMP001,SEL008,ORD00438,5041.07,INR,DemoPay,1.0,upi,,,,,,,,,,,,,
PE001745,payment_authorized,2026-08-20 15:13:55,PAY00438,CMP001,SEL008,ORD00438,5041.07,INR,DemoPay,1.0,,GTX000438,,,,,,,,,,,,
PE001746,payment_captured,2026-08-20 15:15:42,PAY00438,CMP001,SEL008,ORD00438,5041.07,INR,DemoPay,1.0,,GTX000438,5041.07,,,,,,,,,,,
PE001747,revenue_recognized,2026-08-20 16:19:42,PAY00438,CMP001,SEL008,ORD00438,403.29,INR,DemoPay,1.0,,,,REV00438,403.29,platform_fee,,,,,,,,
PE001748,payment_initiated,2026-08-20 10:03:00,PAY00439,CMP026,SEL002,ORD00439,3385.24,INR,DemoGateway,1.0,upi,,,,,,,,,,,,,
PE001749,payment_authorized,2026-08-20 10:03:09,PAY00439,CMP026,SEL002,ORD00439,3385.24,INR,DemoGateway,1.0,,GTX000439,,,,,,,,,,,,
PE001750,payment_captured,2026-08-20 10:04:23,PAY00439,CMP026,SEL002,ORD00439,3385.24,INR,DemoGateway,1.0,,GTX000439,3385.24,,,,,,,,,,,
PE001751,revenue_recognized,2026-08-20 11:05:23,PAY00439,CMP026,SEL002,ORD00439,270.82,INR,DemoGateway,1.0,,,,REV00439,270.82,platform_fee,,,,,,,,
PE001752,payment_initiated,2026-08-20 11:24:00,PAY00440,CMP009,SEL013,ORD00440,4366.1,INR,DemoPay,1.0,upi,,,,,,,,,,,,,
PE001753,payment_authorized,2026-08-20 11:24:07,PAY00440,CMP009,SEL013,ORD00440,4366.1,INR,DemoPay,1.0,,GTX000440,,,,,,,,,,,,
PE001754,payment_captured,2026-08-20 11:24:37,PAY00440,CMP009,SEL013,ORD00440,4366.1,INR,DemoPay,1.0,,GTX000440,4366.1,,,,,,,,,,,
PE001755,revenue_recognized,2026-08-20 12:23:37,PAY00440,CMP009,SEL013,ORD00440,349.29,INR,DemoPay,1.0,,,,REV00440,349.29,platform_fee,,,,,,,,
PE001756,payment_initiated,2026-08-20 12:59:00,PAY00441,CMP022,SEL007,ORD00441,10644.39,INR,DemoGateway,1.0,upi,,,,,,,,,,,,,
PE001757,payment_authorized,2026-08-20 12:59:51,PAY00441,CMP022,SEL007,ORD00441,10644.39,INR,DemoGateway,1.0,,GTX000441,,,,,,,,,,,,
PE001758,payment_captured,2026-08-20 13:00:01,PAY00441,CMP022,SEL007,ORD00441,10644.39,INR,DemoGateway,1.0,,GTX000441,10644.39,,,,,,,,,,,
PE001759,revenue_recognized,2026-08-20 14:36:01,PAY00441,CMP022,SEL007,ORD00441,851.55,INR,DemoGateway,1.0,,,,REV00441,851.55,platform_fee,,,,,,,,
PE001760,payment_initiated,2026-08-20 08:55:00,PAY00442,CMP009,SEL016,ORD00442,6170.01,INR,DemoGateway,1.0,netbanking,,,,,,,,,,,,,
PE001761,payment_authorized,2026-08-20 08:55:12,PAY00442,CMP009,SEL016,ORD00442,6170.01,INR,DemoGateway,1.0,,GTX000442,,,,,,,,,,,,
PE001762,payment_captured,2026-08-20 08:55:47,PAY00442,CMP009,SEL016,ORD00442,6170.01,INR,DemoGateway,1.0,,GTX000442,6170.01,,,,,,,,,,,
PE001763,revenue_recognized,2026-08-20 10:17:47,PAY00442,CMP009,SEL016,ORD00442,493.6,INR,DemoGateway,1.0,,,,REV00442,493.6,platform_fee,,,,,,,,
PE001764,payment_chargeback,2026-08-31 10:17:47,PAY00442,CMP009,SEL016,ORD00442,5218.55,INR,DemoGateway,1.0,,,,,,,,,,,,CB00442,5218.55,customer_dispute
PE001765,payment_initiated,2026-08-20 17:50:00,PAY00443,CMP013,SEL008,ORD00443,24267.62,INR,DemoPay,1.0,netbanking,,,,,,,,,,,,,
PE001766,payment_authorized,2026-08-20 17:50:43,PAY00443,CMP013,SEL008,ORD00443,24267.62,INR,DemoPay,1.0,,GTX000443,,,,,,,,,,,,
PE001767,payment_captured,2026-08-20 17:51:07,PAY00443,CMP013,SEL008,ORD00443,24267.62,INR,DemoPay,1.0,,GTX000443,24267.62,,,,,,,,,,,
PE001768,revenue_recognized,2026-08-20 18:39:07,PAY00443,CMP013,SEL008,ORD00443,1941.41,INR,DemoPay,1.0,,,,REV00443,1941.41,platform_fee,,,,,,,,
PE001769,payment_initiated,2026-08-20 18:03:00,PAY00444,CMP016,SEL003,ORD00444,23374.95,INR,DemoGateway,1.0,card,,,,,,,,,,,,,
PE001770,payment_authorized,2026-08-20 18:03:14,PAY00444,CMP016,SEL003,ORD00444,23374.95,INR,DemoGateway,1.0,,GTX000444,,,,,,,,,,,,
PE001771,payment_captured,2026-08-20 18:04:48,PAY00444,CMP016,SEL003,ORD00444,23374.95,INR,DemoGateway,1.0,,GTX000444,23374.95,,,,,,,,,,,
PE001772,revenue_recognized,2026-08-20 19:13:48,PAY00444,CMP016,SEL003,ORD00444,1870.0,INR,DemoGateway,1.0,,,,REV00444,1870.0,platform_fee,,,,,,,,
PE001773,payment_initiated,2026-08-20 15:46:00,PAY00445,CMP008,SEL011,ORD00445,20429.85,INR,DemoGateway,1.0,card,,,,,,,,,,,,,
PE001774,payment_failed,2026-08-20 15:46:58,PAY00445,CMP008,SEL011,ORD00445,20429.85,INR,DemoGateway,1.0,,,,,,,,,,TIMEOUT,demo_failure,,,
PE001775,payment_initiated,2026-08-20 15:45:00,PAY00446,CMP024,SEL005,ORD00446,22618.58,INR,DemoGateway,1.0,upi,,,,,,,,,,,,,
PE001776,payment_authorized,2026-08-20 15:45:39,PAY00446,CMP024,SEL005,ORD00446,22618.58,INR,DemoGateway,1.0,,GTX000446,,,,,,,,,,,,
PE001777,payment_captured,2026-08-20 15:47:13,PAY00446,CMP024,SEL005,ORD00446,22618.58,INR,DemoGateway,1.0,,GTX000446,22618.58,,,,,,,,,,,
PE001778,revenue_recognized,2026-08-20 16:50:13,PAY00446,CMP024,SEL005,ORD00446,1809.49,INR,DemoGateway,1.0,,,,REV00446,1809.49,platform_fee,,,,,,,,
PE001779,payment_initiated,2026-08-20 17:58:00,PAY00447,CMP012,SEL011,ORD00447,7970.12,INR,DemoGateway,1.0,netbanking,,,,,,,,,,,,,
PE001780,payment_authorized,2026-08-20 17:58:38,PAY00447,CMP012,SEL011,ORD00447,7970.12,INR,DemoGateway,1.0,,GTX000447,,,,,,,,,,,,
PE001781,payment_captured,2026-08-20 17:59:02,PAY00447,CMP012,SEL011,ORD00447,7970.12,INR,DemoGateway,1.0,,GTX000447,7970.12,,,,,,,,,,,
PE001782,revenue_recognized,2026-08-20 18:57:02,PAY00447,CMP012,SEL011,ORD00447,637.61,INR,DemoGateway,1.0,,,,REV00447,637.61,platform_fee,,,,,,,,
PE001783,payment_initiated,2026-08-20 16:24:00,PAY00448,CMP012,SEL015,ORD00448,19734.07,INR,DemoPay,1.0,netbanking,,,,,,,,,,,,,
PE001784,payment_authorized,2026-08-20 16:24:06,PAY00448,CMP012,SEL015,ORD00448,19734.07,INR,DemoPay,1.0,,GTX000448,,,,,,,,,,,,
PE001785,payment_captured,2026-08-20 16:25:30,PAY00448,CMP012,SEL015,ORD00448,19734.07,INR,DemoPay,1.0,,GTX000448,19734.07,,,,,,,,,,,
PE001786,revenue_recognized,2026-08-20 18:15:30,PAY00448,CMP012,SEL015,ORD00448,1578.73,INR,DemoPay,1.0,,,,REV00448,1578.73,platform_fee,,,,,,,,
PE001787,payment_initiated,2026-08-20 18:31:00,PAY00449,CMP011,SEL003,ORD00449,5961.93,INR,DemoGateway,1.0,netbanking,,,,,,,,,,,,,
PE001788,payment_authorized,2026-08-20 18:31:23,PAY00449,CMP011,SEL003,ORD00449,5961.93,INR,DemoGateway,1.0,,GTX000449,,,,,,,,,,,,
PE001789,payment_captured,2026-08-20 18:32:09,PAY00449,CMP011,SEL003,ORD00449,5961.93,INR,DemoGateway,1.0,,GTX000449,5961.93,,,,,,,,,,,
PE001790,revenue_recognized,2026-08-20 19:25:09,PAY00449,CMP011,SEL003,ORD00449,476.95,INR,DemoGateway,1.0,,,,REV00449,476.95,platform_fee,,,,,,,,
PE001791,payment_initiated,2026-08-20 10:11:00,PAY00450,CMP017,SEL003,ORD00450,21127.04,INR,DemoPay,1.0,card,,,,,,,,,,,,,
PE001792,payment_authorized,2026-08-20 10:11:36,PAY00450,CMP017,SEL003,ORD00450,21127.04,INR,DemoPay,1.0,,GTX000450,,,,,,,,,,,,
PE001793,payment_captured,2026-08-20 10:12:05,PAY00450,CMP017,SEL003,ORD00450,21127.04,INR,DemoPay,1.0,,GTX000450,21127.04,,,,,,,,,,,
PE001794,revenue_recognized,2026-08-20 10:25:05,PAY00450,CMP017,SEL003,ORD00450,1690.16,INR,DemoPay,1.0,,,,REV00450,1690.16,platform_fee,,,,,,,,
PE001795,payment_refunded,2026-08-24 10:25:05,PAY00450,CMP017,SEL003,ORD00450,15450.49,INR,DemoPay,1.0,,,,,,,REF00450,15450.49,service_issue,,,,,
PE001796,payment_initiated,2026-08-20 11:38:00,PAY00451,CMP020,SEL019,ORD00451,2653.51,INR,DemoGateway,1.0,netbanking,,,,,,,,,,,,,
PE001797,payment_failed,2026-08-20 11:38:36,PAY00451,CMP020,SEL019,ORD00451,2653.51,INR,DemoGateway,1.0,,,,,,,,,,INSUFFICIENT_FUNDS,demo_failure,,,
PE001798,payment_initiated,2026-08-20 08:23:00,PAY00452,CMP016,SEL003,ORD00452,20323.97,INR,DemoGateway,1.0,netbanking,,,,,,,,,,,,,
PE001799,payment_authorized,2026-08-20 08:23:31,PAY00452,CMP016,SEL003,ORD00452,20323.97,INR,DemoGateway,1.0,,GTX000452,,,,,,,,,,,,
PE001800,payment_captured,2026-08-20 08:25:21,PAY00452,CMP016,SEL003,ORD00452,20323.97,INR,DemoGateway,1.0,,GTX000452,20323.97,,,,,,,,,,,
PE001801,revenue_recognized,2026-08-20 09:13:21,PAY00452,CMP016,SEL003,ORD00452,1625.92,INR,DemoGateway,1.0,,,,REV00452,1625.92,platform_fee,,,,,,,,
PE001802,payment_initiated,2026-08-20 12:04:00,PAY00453,CMP020,SEL009,ORD00453,18756.06,INR,DemoPay,1.0,card,,,,,,,,,,,,,
PE001803,payment_authorized,2026-08-20 12:04:11,PAY00453,CMP020,SEL009,ORD00453,18756.06,INR,DemoPay,1.0,,GTX000453,,,,,,,,,,,,
PE001804,payment_captured,2026-08-20 12:04:28,PAY00453,CMP020,SEL009,ORD00453,18756.06,INR,DemoPay,1.0,,GTX000453,18756.06,,,,,,,,,,,
PE001805,revenue_recognized,2026-08-20 13:37:28,PAY00453,CMP020,SEL009,ORD00453,1500.48,INR,DemoPay,1.0,,,,REV00453,1500.48,platform_fee,,,,,,,,
PE001806,payment_initiated,2026-08-20 10:35:00,PAY00454,CMP007,SEL017,ORD00454,14895.65,INR,DemoPay,1.0,netbanking,,,,,,,,,,,,,
PE001807,payment_authorized,2026-08-20 10:35:52,PAY00454,CMP007,SEL017,ORD00454,14895.65,INR,DemoPay,1.0,,GTX000454,,,,,,,,,,,,
PE001808,payment_captured,2026-08-20 10:36:10,PAY00454,CMP007,SEL017,ORD00454,14895.65,INR,DemoPay,1.0,,GTX000454,14895.65,,,,,,,,,,,
PE001809,revenue_recognized,2026-08-20 12:15:10,PAY00454,CMP007,SEL017,ORD00454,1191.65,INR,DemoPay,1.0,,,,REV00454,1191.65,platform_fee,,,,,,,,
PE001810,payment_initiated,2026-08-20 10:35:00,PAY00455,CMP015,SEL014,ORD00455,5420.02,INR,DemoPay,1.0,upi,,,,,,,,,,,,,
PE001811,payment_authorized,2026-08-20 10:35:47,PAY00455,CMP015,SEL014,ORD00455,5420.02,INR,DemoPay,1.0,,GTX000455,,,,,,,,,,,,
PE001812,payment_captured,2026-08-20 10:36:12,PAY00455,CMP015,SEL014,ORD00455,5420.02,INR,DemoPay,1.0,,GTX000455,5420.02,,,,,,,,,,,
PE001813,revenue_recognized,2026-08-20 11:45:12,PAY00455,CMP015,SEL014,ORD00455,433.6,INR,DemoPay,1.0,,,,REV00455,433.6,platform_fee,,,,,,,,
PE001814,payment_initiated,2026-08-20 14:48:00,PAY00456,CMP012,SEL011,ORD00456,21354.07,INR,DemoGateway,1.0,netbanking,,,,,,,,,,,,,
PE001815,payment_authorized,2026-08-20 14:48:51,PAY00456,CMP012,SEL011,ORD00456,21354.07,INR,DemoGateway,1.0,,GTX000456,,,,,,,,,,,,
PE001816,payment_captured,2026-08-20 14:49:37,PAY00456,CMP012,SEL011,ORD00456,21354.07,INR,DemoGateway,1.0,,GTX000456,21354.07,,,,,,,,,,,
PE001817,revenue_recognized,2026-08-20 16:07:37,PAY00456,CMP012,SEL011,ORD00456,1708.33,INR,DemoGateway,1.0,,,,REV00456,1708.33,platform_fee,,,,,,,,
PE001818,payment_initiated,2026-08-20 15:28:00,PAY00457,CMP013,SEL018,ORD00457,9960.2,INR,DemoGateway,1.0,upi,,,,,,,,,,,,,
PE001819,payment_failed,2026-08-20 15:28:14,PAY00457,CMP013,SEL018,ORD00457,9960.2,INR,DemoGateway,1.0,,,,,,,,,,TIMEOUT,demo_failure,,,
PE001820,payment_initiated,2026-08-20 12:00:00,PAY00458,CMP020,SEL001,ORD00458,24845.18,INR,DemoPay,1.0,upi,,,,,,,,,,,,,
PE001821,payment_authorized,2026-08-20 12:00:18,PAY00458,CMP020,SEL001,ORD00458,24845.18,INR,DemoPay,1.0,,GTX000458,,,,,,,,,,,,
PE001822,payment_captured,2026-08-20 12:02:12,PAY00458,CMP020,SEL001,ORD00458,24845.18,INR,DemoPay,1.0,,GTX000458,24845.18,,,,,,,,,,,
PE001823,revenue_recognized,2026-08-20 12:43:12,PAY00458,CMP020,SEL001,ORD00458,1987.61,INR,DemoPay,1.0,,,,REV00458,1987.61,platform_fee,,,,,,,,
PE001824,payment_refunded,2026-08-23 12:43:12,PAY00458,CMP020,SEL001,ORD00458,21527.23,INR,DemoPay,1.0,,,,,,,REF00458,21527.23,service_issue,,,,,
PE001825,payment_initiated,2026-08-20 15:22:00,PAY00459,CMP019,SEL019,ORD00459,3715.75,INR,DemoPay,1.0,card,,,,,,,,,,,,,
PE001826,payment_authorized,2026-08-20 15:22:28,PAY00459,CMP019,SEL019,ORD00459,3715.75,INR,DemoPay,1.0,,GTX000459,,,,,,,,,,,,
PE001827,payment_captured,2026-08-20 15:24:26,PAY00459,CMP019,SEL019,ORD00459,3715.75,INR,DemoPay,1.0,,GTX000459,3715.75,,,,,,,,,,,
PE001828,revenue_recognized,2026-08-20 16:39:26,PAY00459,CMP019,SEL019,ORD00459,297.26,INR,DemoPay,1.0,,,,REV00459,297.26,platform_fee,,,,,,,,
PE001829,payment_initiated,2026-08-21 11:46:00,PAY00460,CMP003,SEL019,ORD00460,14873.03,INR,DemoGateway,1.0,card,,,,,,,,,,,,,
PE001830,payment_authorized,2026-08-21 11:46:55,PAY00460,CMP003,SEL019,ORD00460,14873.03,INR,DemoGateway,1.0,,GTX000460,,,,,,,,,,,,
PE001831,payment_captured,2026-08-21 11:48:01,PAY00460,CMP003,SEL019,ORD00460,14873.03,INR,DemoGateway,1.0,,GTX000460,14873.03,,,,,,,,,,,
PE001832,revenue_recognized,2026-08-21 12:11:01,PAY00460,CMP003,SEL019,ORD00460,1189.84,INR,DemoGateway,1.0,,,,REV00460,1189.84,platform_fee,,,,,,,,
PE001833,payment_initiated,2026-08-21 12:02:00,PAY00461,CMP023,SEL019,ORD00461,15487.93,INR,DemoPay,1.0,netbanking,,,,,,,,,,,,,
PE001834,payment_authorized,2026-08-21 12:02:29,PAY00461,CMP023,SEL019,ORD00461,15487.93,INR,DemoPay,1.0,,GTX000461,,,,,,,,,,,,
PE001835,payment_captured,2026-08-21 12:02:44,PAY00461,CMP023,SEL019,ORD00461,15487.93,INR,DemoPay,1.0,,GTX000461,15487.93,,,,,,,,,,,
PE001836,revenue_recognized,2026-08-21 13:42:44,PAY00461,CMP023,SEL019,ORD00461,1239.03,INR,DemoPay,1.0,,,,REV00461,1239.03,platform_fee,,,,,,,,
PE001837,payment_refunded,2026-08-24 13:42:44,PAY00461,CMP023,SEL019,ORD00461,12826.73,INR,DemoPay,1.0,,,,,,,REF00461,12826.73,order_cancelled,,,,,
PE001838,payment_initiated,2026-08-21 17:59:00,PAY00462,CMP028,SEL004,ORD00462,19070.45,INR,DemoPay,1.0,card,,,,,,,,,,,,,
PE001839,payment_authorized,2026-08-21 17:59:45,PAY00462,CMP028,SEL004,ORD00462,19070.45,INR,DemoPay,1.0,,GTX000462,,,,,,,,,,,,
PE001840,payment_captured,2026-08-21 18:00:38,PAY00462,CMP028,SEL004,ORD00462,19070.45,INR,DemoPay,1.0,,GTX000462,19070.45,,,,,,,,,,,
PE001841,revenue_recognized,2026-08-21 18:07:38,PAY00462,CMP028,SEL004,ORD00462,1525.64,INR,DemoPay,1.0,,,,REV00462,1525.64,platform_fee,,,,,,,,
PE001842,payment_initiated,2026-08-21 11:09:00,PAY00463,CMP018,SEL019,ORD00463,9180.54,INR,DemoPay,1.0,card,,,,,,,,,,,,,
PE001843,payment_authorized,2026-08-21 11:09:30,PAY00463,CMP018,SEL019,ORD00463,9180.54,INR,DemoPay,1.0,,GTX000463,,,,,,,,,,,,
PE001844,payment_captured,2026-08-21 11:10:32,PAY00463,CMP018,SEL019,ORD00463,9180.54,INR,DemoPay,1.0,,GTX000463,9180.54,,,,,,,,,,,
PE001845,revenue_recognized,2026-08-21 12:47:32,PAY00463,CMP018,SEL019,ORD00463,734.44,INR,DemoPay,1.0,,,,REV00463,734.44,platform_fee,,,,,,,,
PE001846,payment_initiated,2026-08-21 10:08:00,PAY00464,CMP008,SEL014,ORD00464,19979.66,INR,DemoGateway,1.0,upi,,,,,,,,,,,,,
PE001847,payment_authorized,2026-08-21 10:08:41,PAY00464,CMP008,SEL014,ORD00464,19979.66,INR,DemoGateway,1.0,,GTX000464,,,,,,,,,,,,
PE001848,payment_captured,2026-08-21 10:10:21,PAY00464,CMP008,SEL014,ORD00464,19979.66,INR,DemoGateway,1.0,,GTX000464,19979.66,,,,,,,,,,,
PE001849,revenue_recognized,2026-08-21 10:17:21,PAY00464,CMP008,SEL014,ORD00464,1598.37,INR,DemoGateway,1.0,,,,REV00464,1598.37,platform_fee,,,,,,,,
PE001850,payment_initiated,2026-08-21 10:48:00,PAY00465,CMP013,SEL017,ORD00465,19684.89,INR,DemoGateway,1.0,card,,,,,,,,,,,,,
PE001851,payment_authorized,2026-08-21 10:48:17,PAY00465,CMP013,SEL017,ORD00465,19684.89,INR,DemoGateway,1.0,,GTX000465,,,,,,,,,,,,
PE001852,payment_captured,2026-08-21 10:49:24,PAY00465,CMP013,SEL017,ORD00465,19684.89,INR,DemoGateway,1.0,,GTX000465,19684.89,,,,,,,,,,,
PE001853,revenue_recognized,2026-08-21 11:40:24,PAY00465,CMP013,SEL017,ORD00465,1574.79,INR,DemoGateway,1.0,,,,REV00465,1574.79,platform_fee,,,,,,,,
PE001854,payment_initiated,2026-08-21 12:49:00,PAY00466,CMP020,SEL017,ORD00466,7194.4,INR,DemoPay,1.0,upi,,,,,,,,,,,,,
PE001855,payment_authorized,2026-08-21 12:49:41,PAY00466,CMP020,SEL017,ORD00466,7194.4,INR,DemoPay,1.0,,GTX000466,,,,,,,,,,,,
PE001856,payment_captured,2026-08-21 12:49:57,PAY00466,CMP020,SEL017,ORD00466,7194.4,INR,DemoPay,1.0,,GTX000466,7194.4,,,,,,,,,,,
PE001857,revenue_recognized,2026-08-21 13:04:57,PAY00466,CMP020,SEL017,ORD00466,575.55,INR,DemoPay,1.0,,,,REV00466,575.55,platform_fee,,,,,,,,
PE001858,payment_initiated,2026-08-21 18:01:00,PAY00467,CMP012,SEL007,ORD00467,9596.34,INR,DemoGateway,1.0,upi,,,,,,,,,,,,,
PE001859,payment_authorized,2026-08-21 18:01:27,PAY00467,CMP012,SEL007,ORD00467,9596.34,INR,DemoGateway,1.0,,GTX000467,,,,,,,,,,,,
PE001860,payment_captured,2026-08-21 18:02:50,PAY00467,CMP012,SEL007,ORD00467,9596.34,INR,DemoGateway,1.0,,GTX000467,9596.34,,,,,,,,,,,
PE001861,revenue_recognized,2026-08-21 19:48:50,PAY00467,CMP012,SEL007,ORD00467,767.71,INR,DemoGateway,1.0,,,,REV00467,767.71,platform_fee,,,,,,,,
PE001862,payment_initiated,2026-08-21 11:12:00,PAY00468,CMP005,SEL015,ORD00468,23219.01,INR,DemoPay,1.0,netbanking,,,,,,,,,,,,,
PE001863,payment_authorized,2026-08-21 11:12:53,PAY00468,CMP005,SEL015,ORD00468,23219.01,INR,DemoPay,1.0,,GTX000468,,,,,,,,,,,,
PE001864,payment_captured,2026-08-21 11:14:31,PAY00468,CMP005,SEL015,ORD00468,23219.01,INR,DemoPay,1.0,,GTX000468,23219.01,,,,,,,,,,,
PE001865,revenue_recognized,2026-08-21 13:04:31,PAY00468,CMP005,SEL015,ORD00468,1857.52,INR,DemoPay,1.0,,,,REV00468,1857.52,platform_fee,,,,,,,,
PE001866,payment_refunded,2026-08-23 13:04:31,PAY00468,CMP005,SEL015,ORD00468,18684.02,INR,DemoPay,1.0,,,,,,,REF00468,18684.02,service_issue,,,,,
PE001867,payment_initiated,2026-08-21 09:19:00,PAY00469,CMP028,SEL010,ORD00469,9566.88,INR,DemoPay,1.0,upi,,,,,,,,,,,,,
PE001868,payment_authorized,2026-08-21 09:19:26,PAY00469,CMP028,SEL010,ORD00469,9566.88,INR,DemoPay,1.0,,GTX000469,,,,,,,,,,,,
PE001869,payment_captured,2026-08-21 09:19:57,PAY00469,CMP028,SEL010,ORD00469,9566.88,INR,DemoPay,1.0,,GTX000469,9566.88,,,,,,,,,,,
PE001870,revenue_recognized,2026-08-21 10:54:57,PAY00469,CMP028,SEL010,ORD00469,765.35,INR,DemoPay,1.0,,,,REV00469,765.35,platform_fee,,,,,,,,
PE001871,payment_initiated,2026-08-21 10:44:00,PAY00470,CMP017,SEL009,ORD00470,16141.49,INR,DemoGateway,1.0,netbanking,,,,,,,,,,,,,
PE001872,payment_authorized,2026-08-21 10:44:29,PAY00470,CMP017,SEL009,ORD00470,16141.49,INR,DemoGateway,1.0,,GTX000470,,,,,,,,,,,,
PE001873,payment_captured,2026-08-21 10:45:48,PAY00470,CMP017,SEL009,ORD00470,16141.49,INR,DemoGateway,1.0,,GTX000470,16141.49,,,,,,,,,,,
PE001874,revenue_recognized,2026-08-21 12:41:48,PAY00470,CMP017,SEL009,ORD00470,1291.32,INR,DemoGateway,1.0,,,,REV00470,1291.32,platform_fee,,,,,,,,
PE001875,payment_initiated,2026-08-21 17:17:00,PAY00471,CMP006,SEL002,ORD00471,6216.36,INR,DemoGateway,1.0,card,,,,,,,,,,,,,
PE001876,payment_authorized,2026-08-21 17:17:05,PAY00471,CMP006,SEL002,ORD00471,6216.36,INR,DemoGateway,1.0,,GTX000471,,,,,,,,,,,,
PE001877,payment_captured,2026-08-21 17:17:18,PAY00471,CMP006,SEL002,ORD00471,6216.36,INR,DemoGateway,1.0,,GTX000471,6216.36,,,,,,,,,,,
PE001878,revenue_recognized,2026-08-21 18:07:18,PAY00471,CMP006,SEL002,ORD00471,497.31,INR,DemoGateway,1.0,,,,REV00471,497.31,platform_fee,,,,,,,,
PE001879,payment_initiated,2026-08-21 18:24:00,PAY00472,CMP030,SEL012,ORD00472,1948.34,INR,DemoPay,1.0,card,,,,,,,,,,,,,
PE001880,payment_authorized,2026-08-21 18:24:37,PAY00472,CMP030,SEL012,ORD00472,1948.34,INR,DemoPay,1.0,,GTX000472,,,,,,,,,,,,
PE001881,payment_captured,2026-08-21 18:26:12,PAY00472,CMP030,SEL012,ORD00472,1948.34,INR,DemoPay,1.0,,GTX000472,1948.34,,,,,,,,,,,
PE001882,revenue_recognized,2026-08-21 18:39:12,PAY00472,CMP030,SEL012,ORD00472,155.87,INR,DemoPay,1.0,,,,REV00472,155.87,platform_fee,,,,,,,,
PE001883,payment_initiated,2026-08-21 16:29:00,PAY00473,CMP020,SEL018,ORD00473,5880.81,INR,DemoPay,1.0,netbanking,,,,,,,,,,,,,
PE001884,payment_authorized,2026-08-21 16:29:06,PAY00473,CMP020,SEL018,ORD00473,5880.81,INR,DemoPay,1.0,,GTX000473,,,,,,,,,,,,
PE001885,payment_captured,2026-08-21 16:29:16,PAY00473,CMP020,SEL018,ORD00473,5880.81,INR,DemoPay,1.0,,GTX000473,5880.81,,,,,,,,,,,
PE001886,revenue_recognized,2026-08-21 17:01:16,PAY00473,CMP020,SEL018,ORD00473,470.46,INR,DemoPay,1.0,,,,REV00473,470.46,platform_fee,,,,,,,,
PE001887,payment_initiated,2026-08-21 18:22:00,PAY00474,CMP016,SEL013,ORD00474,1931.75,INR,DemoPay,1.0,upi,,,,,,,,,,,,,
PE001888,payment_authorized,2026-08-21 18:22:20,PAY00474,CMP016,SEL013,ORD00474,1931.75,INR,DemoPay,1.0,,GTX000474,,,,,,,,,,,,
PE001889,payment_captured,2026-08-21 18:23:29,PAY00474,CMP016,SEL013,ORD00474,1931.75,INR,DemoPay,1.0,,GTX000474,1931.75,,,,,,,,,,,
PE001890,revenue_recognized,2026-08-21 18:59:29,PAY00474,CMP016,SEL013,ORD00474,154.54,INR,DemoPay,1.0,,,,REV00474,154.54,platform_fee,,,,,,,,
PE001891,payment_initiated,2026-08-21 12:14:00,PAY00475,CMP029,SEL013,ORD00475,23687.21,INR,DemoPay,1.0,card,,,,,,,,,,,,,
PE001892,payment_authorized,2026-08-21 12:14:30,PAY00475,CMP029,SEL013,ORD00475,23687.21,INR,DemoPay,1.0,,GTX000475,,,,,,,,,,,,
PE001893,payment_captured,2026-08-21 12:15:59,PAY00475,CMP029,SEL013,ORD00475,23687.21,INR,DemoPay,1.0,,GTX000475,23687.21,,,,,,,,,,,
PE001894,revenue_recognized,2026-08-21 12:33:59,PAY00475,CMP029,SEL013,ORD00475,1894.98,INR,DemoPay,1.0,,,,REV00475,1894.98,platform_fee,,,,,,,,
PE001895,payment_refunded,2026-08-26 12:33:59,PAY00475,CMP029,SEL013,ORD00475,12711.87,INR,DemoPay,1.0,,,,,,,REF00475,12711.87,service_issue,,,,,
PE001896,payment_initiated,2026-08-21 12:58:00,PAY00476,CMP014,SEL008,ORD00476,11521.93,INR,DemoPay,1.0,netbanking,,,,,,,,,,,,,
PE001897,payment_authorized,2026-08-21 12:58:39,PAY00476,CMP014,SEL008,ORD00476,11521.93,INR,DemoPay,1.0,,GTX000476,,,,,,,,,,,,
PE001898,payment_captured,2026-08-21 12:59:00,PAY00476,CMP014,SEL008,ORD00476,11521.93,INR,DemoPay,1.0,,GTX000476,11521.93,,,,,,,,,,,
PE001899,revenue_recognized,2026-08-21 13:26:00,PAY00476,CMP014,SEL008,ORD00476,921.75,INR,DemoPay,1.0,,,,REV00476,921.75,platform_fee,,,,,,,,
PE001900,payment_initiated,2026-08-21 16:58:00,PAY00477,CMP022,SEL007,ORD00477,8761.46,INR,DemoPay,1.0,card,,,,,,,,,,,,,
PE001901,payment_authorized,2026-08-21 16:58:54,PAY00477,CMP022,SEL007,ORD00477,8761.46,INR,DemoPay,1.0,,GTX000477,,,,,,,,,,,,
PE001902,payment_captured,2026-08-21 16:59:17,PAY00477,CMP022,SEL007,ORD00477,8761.46,INR,DemoPay,1.0,,GTX000477,8761.46,,,,,,,,,,,
PE001903,revenue_recognized,2026-08-21 18:23:17,PAY00477,CMP022,SEL007,ORD00477,700.92,INR,DemoPay,1.0,,,,REV00477,700.92,platform_fee,,,,,,,,
PE001904,payment_initiated,2026-08-21 10:46:00,PAY00478,CMP011,SEL003,ORD00478,5827.18,INR,DemoPay,1.0,card,,,,,,,,,,,,,
PE001905,payment_authorized,2026-08-21 10:46:31,PAY00478,CMP011,SEL003,ORD00478,5827.18,INR,DemoPay,1.0,,GTX000478,,,,,,,,,,,,
PE001906,payment_captured,2026-08-21 10:47:28,PAY00478,CMP011,SEL003,ORD00478,5827.18,INR,DemoPay,1.0,,GTX000478,5827.18,,,,,,,,,,,
PE001907,revenue_recognized,2026-08-21 11:26:28,PAY00478,CMP011,SEL003,ORD00478,466.17,INR,DemoPay,1.0,,,,REV00478,466.17,platform_fee,,,,,,,,
PE001908,payment_initiated,2026-08-21 09:08:00,PAY00479,CMP029,SEL009,ORD00479,19809.04,INR,DemoPay,1.0,card,,,,,,,,,,,,,
PE001909,payment_failed,2026-08-21 09:09:28,PAY00479,CMP029,SEL009,ORD00479,19809.04,INR,DemoPay,1.0,,,,,,,,,,INSUFFICIENT_FUNDS,demo_failure,,,
PE001910,payment_initiated,2026-08-21 11:43:00,PAY00480,CMP009,SEL020,ORD00480,15514.48,INR,DemoPay,1.0,card,,,,,,,,,,,,,
PE001911,payment_authorized,2026-08-21 11:43:49,PAY00480,CMP009,SEL020,ORD00480,15514.48,INR,DemoPay,1.0,,GTX000480,,,,,,,,,,,,
PE001912,payment_captured,2026-08-21 11:45:33,PAY00480,CMP009,SEL020,ORD00480,15514.48,INR,DemoPay,1.0,,GTX000480,15514.48,,,,,,,,,,,
PE001913,revenue_recognized,2026-08-21 12:47:33,PAY00480,CMP009,SEL020,ORD00480,1241.16,INR,DemoPay,1.0,,,,REV00480,1241.16,platform_fee,,,,,,,,
PE001914,payment_initiated,2026-08-21 15:30:00,PAY00481,CMP016,SEL012,ORD00481,21525.04,INR,DemoPay,1.0,card,,,,,,,,,,,,,
PE001915,payment_authorized,2026-08-21 15:30:19,PAY00481,CMP016,SEL012,ORD00481,21525.04,INR,DemoPay,1.0,,GTX000481,,,,,,,,,,,,
PE001916,payment_captured,2026-08-21 15:30:28,PAY00481,CMP016,SEL012,ORD00481,21525.04,INR,DemoPay,1.0,,GTX000481,21525.04,,,,,,,,,,,
PE001917,revenue_recognized,2026-08-21 16:23:28,PAY00481,CMP016,SEL012,ORD00481,1722.0,INR,DemoPay,1.0,,,,REV00481,1722.0,platform_fee,,,,,,,,
PE001918,payment_chargeback,2026-08-29 16:23:28,PAY00481,CMP016,SEL012,ORD00481,9737.8,INR,DemoPay,1.0,,,,,,,,,,,,CB00481,9737.8,customer_dispute
PE001919,payment_initiated,2026-08-21 15:55:00,PAY00482,CMP024,SEL007,ORD00482,3054.2,INR,DemoPay,1.0,netbanking,,,,,,,,,,,,,
PE001920,payment_authorized,2026-08-21 15:55:25,PAY00482,CMP024,SEL007,ORD00482,3054.2,INR,DemoPay,1.0,,GTX000482,,,,,,,,,,,,
PE001921,payment_captured,2026-08-21 15:57:20,PAY00482,CMP024,SEL007,ORD00482,3054.2,INR,DemoPay,1.0,,GTX000482,3054.2,,,,,,,,,,,
PE001922,revenue_recognized,2026-08-21 16:56:20,PAY00482,CMP024,SEL007,ORD00482,244.34,INR,DemoPay,1.0,,,,REV00482,244.34,platform_fee,,,,,,,,
PE001923,payment_initiated,2026-08-21 14:39:00,PAY00483,CMP025,SEL002,ORD00483,18424.72,INR,DemoGateway,1.0,netbanking,,,,,,,,,,,,,
PE001924,payment_authorized,2026-08-21 14:39:39,PAY00483,CMP025,SEL002,ORD00483,18424.72,INR,DemoGateway,1.0,,GTX000483,,,,,,,,,,,,
PE001925,payment_captured,2026-08-21 14:40:51,PAY00483,CMP025,SEL002,ORD00483,18424.72,INR,DemoGateway,1.0,,GTX000483,18424.72,,,,,,,,,,,
PE001926,revenue_recognized,2026-08-21 16:03:51,PAY00483,CMP025,SEL002,ORD00483,1473.98,INR,DemoGateway,1.0,,,,REV00483,1473.98,platform_fee,,,,,,,,
PE001927,payment_initiated,2026-08-21 08:56:00,PAY00484,CMP017,SEL004,ORD00484,12237.16,INR,DemoGateway,1.0,card,,,,,,,,,,,,,
PE001928,payment_authorized,2026-08-21 08:56:30,PAY00484,CMP017,SEL004,ORD00484,12237.16,INR,DemoGateway,1.0,,GTX000484,,,,,,,,,,,,
PE001929,payment_captured,2026-08-21 08:58:09,PAY00484,CMP017,SEL004,ORD00484,12237.16,INR,DemoGateway,1.0,,GTX000484,12237.16,,,,,,,,,,,
PE001930,revenue_recognized,2026-08-21 09:04:09,PAY00484,CMP017,SEL004,ORD00484,978.97,INR,DemoGateway,1.0,,,,REV00484,978.97,platform_fee,,,,,,,,
PE001931,payment_initiated,2026-08-21 14:56:00,PAY00485,CMP021,SEL002,ORD00485,8342.72,INR,DemoPay,1.0,upi,,,,,,,,,,,,,
PE001932,payment_authorized,2026-08-21 14:56:23,PAY00485,CMP021,SEL002,ORD00485,8342.72,INR,DemoPay,1.0,,GTX000485,,,,,,,,,,,,
PE001933,payment_captured,2026-08-21 14:57:27,PAY00485,CMP021,SEL002,ORD00485,8342.72,INR,DemoPay,1.0,,GTX000485,8342.72,,,,,,,,,,,
PE001934,revenue_recognized,2026-08-21 15:19:27,PAY00485,CMP021,SEL002,ORD00485,667.42,INR,DemoPay,1.0,,,,REV00485,667.42,platform_fee,,,,,,,,
PE001935,payment_initiated,2026-08-22 18:28:00,PAY00486,CMP023,SEL017,ORD00486,12394.11,INR,DemoPay,1.0,card,,,,,,,,,,,,,
PE001936,payment_authorized,2026-08-22 18:28:12,PAY00486,CMP023,SEL017,ORD00486,12394.11,INR,DemoPay,1.0,,GTX000486,,,,,,,,,,,,
PE001937,payment_captured,2026-08-22 18:28:40,PAY00486,CMP023,SEL017,ORD00486,12394.11,INR,DemoPay,1.0,,GTX000486,12394.11,,,,,,,,,,,
PE001938,revenue_recognized,2026-08-22 20:08:40,PAY00486,CMP023,SEL017,ORD00486,991.53,INR,DemoPay,1.0,,,,REV00486,991.53,platform_fee,,,,,,,,
PE001939,payment_initiated,2026-08-22 15:01:00,PAY00487,CMP018,SEL005,ORD00487,11218.64,INR,DemoGateway,1.0,card,,,,,,,,,,,,,
PE001940,payment_authorized,2026-08-22 15:01:50,PAY00487,CMP018,SEL005,ORD00487,11218.64,INR,DemoGateway,1.0,,GTX000487,,,,,,,,,,,,
PE001941,payment_captured,2026-08-22 15:03:49,PAY00487,CMP018,SEL005,ORD00487,11218.64,INR,DemoGateway,1.0,,GTX000487,11218.64,,,,,,,,,,,
PE001942,revenue_recognized,2026-08-22 15:29:49,PAY00487,CMP018,SEL005,ORD00487,897.49,INR,DemoGateway,1.0,,,,REV00487,897.49,platform_fee,,,,,,,,
PE001943,payment_initiated,2026-08-22 15:40:00,PAY00488,CMP011,SEL006,ORD00488,3642.99,INR,DemoPay,1.0,upi,,,,,,,,,,,,,
PE001944,payment_authorized,2026-08-22 15:40:50,PAY00488,CMP011,SEL006,ORD00488,3642.99,INR,DemoPay,1.0,,GTX000488,,,,,,,,,,,,
PE001945,payment_captured,2026-08-22 15:41:44,PAY00488,CMP011,SEL006,ORD00488,3642.99,INR,DemoPay,1.0,,GTX000488,3642.99,,,,,,,,,,,
PE001946,revenue_recognized,2026-08-22 17:15:44,PAY00488,CMP011,SEL006,ORD00488,291.44,INR,DemoPay,1.0,,,,REV00488,291.44,platform_fee,,,,,,,,
PE001947,payment_initiated,2026-08-22 10:58:00,PAY00489,CMP006,SEL013,ORD00489,2531.79,INR,DemoGateway,1.0,upi,,,,,,,,,,,,,
PE001948,payment_authorized,2026-08-22 10:58:47,PAY00489,CMP006,SEL013,ORD00489,2531.79,INR,DemoGateway,1.0,,GTX000489,,,,,,,,,,,,
PE001949,payment_captured,2026-08-22 11:00:42,PAY00489,CMP006,SEL013,ORD00489,2531.79,INR,DemoGateway,1.0,,GTX000489,2531.79,,,,,,,,,,,
PE001950,revenue_recognized,2026-08-22 11:20:42,PAY00489,CMP006,SEL013,ORD00489,202.54,INR,DemoGateway,1.0,,,,REV00489,202.54,platform_fee,,,,,,,,
PE001951,payment_initiated,2026-08-22 15:18:00,PAY00490,CMP025,SEL002,ORD00490,8739.46,INR,DemoGateway,1.0,netbanking,,,,,,,,,,,,,
PE001952,payment_authorized,2026-08-22 15:18:13,PAY00490,CMP025,SEL002,ORD00490,8739.46,INR,DemoGateway,1.0,,GTX000490,,,,,,,,,,,,
PE001953,payment_captured,2026-08-22 15:18:43,PAY00490,CMP025,SEL002,ORD00490,8739.46,INR,DemoGateway,1.0,,GTX000490,8739.46,,,,,,,,,,,
PE001954,revenue_recognized,2026-08-22 15:19:43,PAY00490,CMP025,SEL002,ORD00490,699.16,INR,DemoGateway,1.0,,,,REV00490,699.16,platform_fee,,,,,,,,
PE001955,payment_initiated,2026-08-22 08:38:00,PAY00491,CMP015,SEL016,ORD00491,14272.28,INR,DemoGateway,1.0,upi,,,,,,,,,,,,,
PE001956,payment_authorized,2026-08-22 08:38:42,PAY00491,CMP015,SEL016,ORD00491,14272.28,INR,DemoGateway,1.0,,GTX000491,,,,,,,,,,,,
PE001957,payment_captured,2026-08-22 08:40:11,PAY00491,CMP015,SEL016,ORD00491,14272.28,INR,DemoGateway,1.0,,GTX000491,14272.28,,,,,,,,,,,
PE001958,revenue_recognized,2026-08-22 09:41:11,PAY00491,CMP015,SEL016,ORD00491,1141.78,INR,DemoGateway,1.0,,,,REV00491,1141.78,platform_fee,,,,,,,,
PE001959,payment_initiated,2026-08-22 16:17:00,PAY00492,CMP020,SEL020,ORD00492,7250.76,INR,DemoPay,1.0,netbanking,,,,,,,,,,,,,
PE001960,payment_authorized,2026-08-22 16:17:57,PAY00492,CMP020,SEL020,ORD00492,7250.76,INR,DemoPay,1.0,,GTX000492,,,,,,,,,,,,
PE001961,payment_captured,2026-08-22 16:19:47,PAY00492,CMP020,SEL020,ORD00492,7250.76,INR,DemoPay,1.0,,GTX000492,7250.76,,,,,,,,,,,
PE001962,revenue_recognized,2026-08-22 16:46:47,PAY00492,CMP020,SEL020,ORD00492,580.06,INR,DemoPay,1.0,,,,REV00492,580.06,platform_fee,,,,,,,,
PE001963,payment_refunded,2026-08-25 16:46:47,PAY00492,CMP020,SEL020,ORD00492,2618.92,INR,DemoPay,1.0,,,,,,,REF00492,2618.92,customer_request,,,,,
PE001964,payment_initiated,2026-08-22 09:03:00,PAY00493,CMP002,SEL019,ORD00493,9281.11,INR,DemoGateway,1.0,card,,,,,,,,,,,,,
PE001965,payment_authorized,2026-08-22 09:03:16,PAY00493,CMP002,SEL019,ORD00493,9281.11,INR,DemoGateway,1.0,,GTX000493,,,,,,,,,,,,
PE001966,payment_captured,2026-08-22 09:03:41,PAY00493,CMP002,SEL019,ORD00493,9281.11,INR,DemoGateway,1.0,,GTX000493,9281.11,,,,,,,,,,,
PE001967,revenue_recognized,2026-08-22 10:30:41,PAY00493,CMP002,SEL019,ORD00493,742.49,INR,DemoGateway,1.0,,,,REV00493,742.49,platform_fee,,,,,,,,
PE001968,payment_initiated,2026-08-22 17:23:00,PAY00494,CMP023,SEL020,ORD00494,24207.89,INR,DemoPay,1.0,card,,,,,,,,,,,,,
PE001969,payment_authorized,2026-08-22 17:23:24,PAY00494,CMP023,SEL020,ORD00494,24207.89,INR,DemoPay,1.0,,GTX000494,,,,,,,,,,,,
PE001970,payment_captured,2026-08-22 17:24:10,PAY00494,CMP023,SEL020,ORD00494,24207.89,INR,DemoPay,1.0,,GTX000494,24207.89,,,,,,,,,,,
PE001971,revenue_recognized,2026-08-22 18:12:10,PAY00494,CMP023,SEL020,ORD00494,1936.63,INR,DemoPay,1.0,,,,REV00494,1936.63,platform_fee,,,,,,,,
PE001972,payment_initiated,2026-08-22 10:07:00,PAY00495,CMP025,SEL014,ORD00495,8381.57,INR,DemoPay,1.0,netbanking,,,,,,,,,,,,,
PE001973,payment_authorized,2026-08-22 10:07:26,PAY00495,CMP025,SEL014,ORD00495,8381.57,INR,DemoPay,1.0,,GTX000495,,,,,,,,,,,,
PE001974,payment_captured,2026-08-22 10:08:38,PAY00495,CMP025,SEL014,ORD00495,8381.57,INR,DemoPay,1.0,,GTX000495,8381.57,,,,,,,,,,,
PE001975,revenue_recognized,2026-08-22 11:01:38,PAY00495,CMP025,SEL014,ORD00495,670.53,INR,DemoPay,1.0,,,,REV00495,670.53,platform_fee,,,,,,,,
PE001976,payment_initiated,2026-08-22 18:33:00,PAY00496,CMP020,SEL002,ORD00496,14927.13,INR,DemoPay,1.0,card,,,,,,,,,,,,,
PE001977,payment_authorized,2026-08-22 18:33:49,PAY00496,CMP020,SEL002,ORD00496,14927.13,INR,DemoPay,1.0,,GTX000496,,,,,,,,,,,,
PE001978,payment_captured,2026-08-22 18:35:11,PAY00496,CMP020,SEL002,ORD00496,14927.13,INR,DemoPay,1.0,,GTX000496,14927.13,,,,,,,,,,,
PE001979,revenue_recognized,2026-08-22 20:35:11,PAY00496,CMP020,SEL002,ORD00496,1194.17,INR,DemoPay,1.0,,,,REV00496,1194.17,platform_fee,,,,,,,,
PE001980,payment_initiated,2026-08-22 17:39:00,PAY00497,CMP014,SEL020,ORD00497,7602.01,INR,DemoGateway,1.0,upi,,,,,,,,,,,,,
PE001981,payment_authorized,2026-08-22 17:39:44,PAY00497,CMP014,SEL020,ORD00497,7602.01,INR,DemoGateway,1.0,,GTX000497,,,,,,,,,,,,
PE001982,payment_captured,2026-08-22 17:41:01,PAY00497,CMP014,SEL020,ORD00497,7602.01,INR,DemoGateway,1.0,,GTX000497,7602.01,,,,,,,,,,,
PE001983,revenue_recognized,2026-08-22 18:45:01,PAY00497,CMP014,SEL020,ORD00497,608.16,INR,DemoGateway,1.0,,,,REV00497,608.16,platform_fee,,,,,,,,
PE001984,payment_initiated,2026-08-23 11:00:00,PAY00498,CMP026,SEL006,ORD00498,18151.8,INR,DemoPay,1.0,card,,,,,,,,,,,,,
PE001985,payment_failed,2026-08-23 11:01:30,PAY00498,CMP026,SEL006,ORD00498,18151.8,INR,DemoPay,1.0,,,,,,,,,,DECLINED,demo_failure,,,
PE001986,payment_initiated,2026-08-23 13:22:00,PAY00499,CMP024,SEL007,ORD00499,11229.97,INR,DemoGateway,1.0,netbanking,,,,,,,,,,,,,
PE001987,payment_authorized,2026-08-23 13:22:18,PAY00499,CMP024,SEL007,ORD00499,11229.97,INR,DemoGateway,1.0,,GTX000499,,,,,,,,,,,,
PE001988,payment_captured,2026-08-23 13:22:24,PAY00499,CMP024,SEL007,ORD00499,11229.97,INR,DemoGateway,1.0,,GTX000499,11229.97,,,,,,,,,,,
PE001989,revenue_recognized,2026-08-23 14:44:24,PAY00499,CMP024,SEL007,ORD00499,898.4,INR,DemoGateway,1.0,,,,REV00499,898.4,platform_fee,,,,,,,,
PE001990,payment_initiated,2026-08-23 16:20:00,PAY00500,CMP026,SEL003,ORD00500,8556.67,INR,DemoGateway,1.0,card,,,,,,,,,,,,,
PE001991,payment_authorized,2026-08-23 16:20:26,PAY00500,CMP026,SEL003,ORD00500,8556.67,INR,DemoGateway,1.0,,GTX000500,,,,,,,,,,,,
PE001992,payment_captured,2026-08-23 16:21:14,PAY00500,CMP026,SEL003,ORD00500,8556.67,INR,DemoGateway,1.0,,GTX000500,8556.67,,,,,,,,,,,
PE001993,revenue_recognized,2026-08-23 17:12:14,PAY00500,CMP026,SEL003,ORD00500,684.53,INR,DemoGateway,1.0,,,,REV00500,684.53,platform_fee,,,,,,,,
PE001994,payment_initiated,2026-08-23 13:59:00,PAY00501,CMP001,SEL006,ORD00501,9267.1,INR,DemoPay,1.0,netbanking,,,,,,,,,,,,,
PE001995,payment_authorized,2026-08-23 13:59:35,PAY00501,CMP001,SEL006,ORD00501,9267.1,INR,DemoPay,1.0,,GTX000501,,,,,,,,,,,,
PE001996,payment_captured,2026-08-23 14:01:22,PAY00501,CMP001,SEL006,ORD00501,9267.1,INR,DemoPay,1.0,,GTX000501,9267.1,,,,,,,,,,,
PE001997,revenue_recognized,2026-08-23 14:06:22,PAY00501,CMP001,SEL006,ORD00501,741.37,INR,DemoPay,1.0,,,,REV00501,741.37,platform_fee,,,,,,,,
PE001998,payment_initiated,2026-08-23 14:59:00,PAY00502,CMP021,SEL015,ORD00502,12368.05,INR,DemoGateway,1.0,netbanking,,,,,,,,,,,,,
PE001999,payment_failed,2026-08-23 15:00:16,PAY00502,CMP021,SEL015,ORD00502,12368.05,INR,DemoGateway,1.0,,,,,,,,,,TIMEOUT,demo_failure,,,
PE002000,payment_initiated,2026-08-23 18:21:00,PAY00503,CMP019,SEL011,ORD00503,6394.17,INR,DemoPay,1.0,upi,,,,,,,,,,,,,
PE002001,payment_failed,2026-08-23 18:21:29,PAY00503,CMP019,SEL011,ORD00503,6394.17,INR,DemoPay,1.0,,,,,,,,,,TIMEOUT,demo_failure,,,
PE002002,payment_initiated,2026-08-23 18:34:00,PAY00504,CMP027,SEL001,ORD00504,24615.04,INR,DemoGateway,1.0,card,,,,,,,,,,,,,
PE002003,payment_authorized,2026-08-23 18:34:29,PAY00504,CMP027,SEL001,ORD00504,24615.04,INR,DemoGateway,1.0,,GTX000504,,,,,,,,,,,,
PE002004,payment_captured,2026-08-23 18:34:57,PAY00504,CMP027,SEL001,ORD00504,24615.04,INR,DemoGateway,1.0,,GTX000504,24615.04,,,,,,,,,,,
PE002005,revenue_recognized,2026-08-23 19:51:57,PAY00504,CMP027,SEL001,ORD00504,1969.2,INR,DemoGateway,1.0,,,,REV00504,1969.2,platform_fee,,,,,,,,
PE002006,payment_initiated,2026-08-23 09:31:00,PAY00505,CMP010,SEL011,ORD00505,7880.19,INR,DemoPay,1.0,card,,,,,,,,,,,,,
PE002007,payment_authorized,2026-08-23 09:31:58,PAY00505,CMP010,SEL011,ORD00505,7880.19,INR,DemoPay,1.0,,GTX000505,,,,,,,,,,,,
PE002008,payment_captured,2026-08-23 09:32:41,PAY00505,CMP010,SEL011,ORD00505,7880.19,INR,DemoPay,1.0,,GTX000505,7880.19,,,,,,,,,,,
PE002009,revenue_recognized,2026-08-23 10:00:41,PAY00505,CMP010,SEL011,ORD00505,630.42,INR,DemoPay,1.0,,,,REV00505,630.42,platform_fee,,,,,,,,
PE002010,payment_initiated,2026-08-23 15:32:00,PAY00506,CMP012,SEL002,ORD00506,22963.82,INR,DemoPay,1.0,card,,,,,,,,,,,,,
PE002011,payment_authorized,2026-08-23 15:32:37,PAY00506,CMP012,SEL002,ORD00506,22963.82,INR,DemoPay,1.0,,GTX000506,,,,,,,,,,,,
PE002012,payment_captured,2026-08-23 15:33:01,PAY00506,CMP012,SEL002,ORD00506,22963.82,INR,DemoPay,1.0,,GTX000506,22963.82,,,,,,,,,,,
PE002013,revenue_recognized,2026-08-23 15:58:01,PAY00506,CMP012,SEL002,ORD00506,1837.11,INR,DemoPay,1.0,,,,REV00506,1837.11,platform_fee,,,,,,,,
PE002014,payment_initiated,2026-08-23 10:49:00,PAY00507,CMP028,SEL017,ORD00507,19725.03,INR,DemoGateway,1.0,card,,,,,,,,,,,,,
PE002015,payment_authorized,2026-08-23 10:49:38,PAY00507,CMP028,SEL017,ORD00507,19725.03,INR,DemoGateway,1.0,,GTX000507,,,,,,,,,,,,
PE002016,payment_captured,2026-08-23 10:51:09,PAY00507,CMP028,SEL017,ORD00507,19725.03,INR,DemoGateway,1.0,,GTX000507,19725.03,,,,,,,,,,,
PE002017,revenue_recognized,2026-08-23 11:08:09,PAY00507,CMP028,SEL017,ORD00507,1578.0,INR,DemoGateway,1.0,,,,REV00507,1578.0,platform_fee,,,,,,,,
PE002018,payment_initiated,2026-08-23 08:43:00,PAY00508,CMP013,SEL017,ORD00508,1596.58,INR,DemoPay,1.0,netbanking,,,,,,,,,,,,,
PE002019,payment_authorized,2026-08-23 08:43:26,PAY00508,CMP013,SEL017,ORD00508,1596.58,INR,DemoPay,1.0,,GTX000508,,,,,,,,,,,,
PE002020,payment_captured,2026-08-23 08:44:30,PAY00508,CMP013,SEL017,ORD00508,1596.58,INR,DemoPay,1.0,,GTX000508,1596.58,,,,,,,,,,,
PE002021,revenue_recognized,2026-08-23 10:38:30,PAY00508,CMP013,SEL017,ORD00508,127.73,INR,DemoPay,1.0,,,,REV00508,127.73,platform_fee,,,,,,,,
PE002022,payment_refunded,2026-08-26 10:38:30,PAY00508,CMP013,SEL017,ORD00508,1022.5,INR,DemoPay,1.0,,,,,,,REF00508,1022.5,customer_request,,,,,
PE002023,payment_initiated,2026-08-23 12:17:00,PAY00509,CMP010,SEL007,ORD00509,6213.05,INR,DemoGateway,1.0,netbanking,,,,,,,,,,,,,
PE002024,payment_authorized,2026-08-23 12:17:33,PAY00509,CMP010,SEL007,ORD00509,6213.05,INR,DemoGateway,1.0,,GTX000509,,,,,,,,,,,,
PE002025,payment_captured,2026-08-23 12:19:03,PAY00509,CMP010,SEL007,ORD00509,6213.05,INR,DemoGateway,1.0,,GTX000509,6213.05,,,,,,,,,,,
PE002026,revenue_recognized,2026-08-23 12:35:03,PAY00509,CMP010,SEL007,ORD00509,497.04,INR,DemoGateway,1.0,,,,REV00509,497.04,platform_fee,,,,,,,,
PE002027,payment_initiated,2026-08-23 13:35:00,PAY00510,CMP004,SEL001,ORD00510,6354.57,INR,DemoPay,1.0,upi,,,,,,,,,,,,,
PE002028,payment_authorized,2026-08-23 13:35:50,PAY00510,CMP004,SEL001,ORD00510,6354.57,INR,DemoPay,1.0,,GTX000510,,,,,,,,,,,,
PE002029,payment_captured,2026-08-23 13:37:37,PAY00510,CMP004,SEL001,ORD00510,6354.57,INR,DemoPay,1.0,,GTX000510,6354.57,,,,,,,,,,,
PE002030,revenue_recognized,2026-08-23 14:14:37,PAY00510,CMP004,SEL001,ORD00510,508.37,INR,DemoPay,1.0,,,,REV00510,508.37,platform_fee,,,,,,,,
PE002031,payment_initiated,2026-08-23 08:08:00,PAY00511,CMP010,SEL020,ORD00511,14203.56,INR,DemoGateway,1.0,card,,,,,,,,,,,,,
PE002032,payment_authorized,2026-08-23 08:08:48,PAY00511,CMP010,SEL020,ORD00511,14203.56,INR,DemoGateway,1.0,,GTX000511,,,,,,,,,,,,
PE002033,payment_captured,2026-08-23 08:08:59,PAY00511,CMP010,SEL020,ORD00511,14203.56,INR,DemoGateway,1.0,,GTX000511,14203.56,,,,,,,,,,,
PE002034,revenue_recognized,2026-08-23 08:22:59,PAY00511,CMP010,SEL020,ORD00511,1136.28,INR,DemoGateway,1.0,,,,REV00511,1136.28,platform_fee,,,,,,,,
PE002035,payment_initiated,2026-08-23 12:21:00,PAY00512,CMP013,SEL006,ORD00512,15983.41,INR,DemoGateway,1.0,card,,,,,,,,,,,,,
PE002036,payment_authorized,2026-08-23 12:21:47,PAY00512,CMP013,SEL006,ORD00512,15983.41,INR,DemoGateway,1.0,,GTX000512,,,,,,,,,,,,
PE002037,payment_captured,2026-08-23 12:23:35,PAY00512,CMP013,SEL006,ORD00512,15983.41,INR,DemoGateway,1.0,,GTX000512,15983.41,,,,,,,,,,,
PE002038,revenue_recognized,2026-08-23 13:32:35,PAY00512,CMP013,SEL006,ORD00512,1278.67,INR,DemoGateway,1.0,,,,REV00512,1278.67,platform_fee,,,,,,,,
PE002039,payment_refunded,2026-08-27 13:32:35,PAY00512,CMP013,SEL006,ORD00512,15057.78,INR,DemoGateway,1.0,,,,,,,REF00512,15057.78,service_issue,,,,,
PE002040,payment_initiated,2026-08-23 18:41:00,PAY00513,CMP027,SEL015,ORD00513,12206.23,INR,DemoPay,1.0,netbanking,,,,,,,,,,,,,
PE002041,payment_authorized,2026-08-23 18:41:35,PAY00513,CMP027,SEL015,ORD00513,12206.23,INR,DemoPay,1.0,,GTX000513,,,,,,,,,,,,
PE002042,payment_captured,2026-08-23 18:42:09,PAY00513,CMP027,SEL015,ORD00513,12206.23,INR,DemoPay,1.0,,GTX000513,12206.23,,,,,,,,,,,
PE002043,revenue_recognized,2026-08-23 19:11:09,PAY00513,CMP027,SEL015,ORD00513,976.5,INR,DemoPay,1.0,,,,REV00513,976.5,platform_fee,,,,,,,,
PE002044,payment_initiated,2026-08-23 18:21:00,PAY00514,CMP009,SEL012,ORD00514,5808.8,INR,DemoGateway,1.0,upi,,,,,,,,,,,,,
PE002045,payment_authorized,2026-08-23 18:21:06,PAY00514,CMP009,SEL012,ORD00514,5808.8,INR,DemoGateway,1.0,,GTX000514,,,,,,,,,,,,
PE002046,payment_captured,2026-08-23 18:21:19,PAY00514,CMP009,SEL012,ORD00514,5808.8,INR,DemoGateway,1.0,,GTX000514,5808.8,,,,,,,,,,,
PE002047,revenue_recognized,2026-08-23 19:22:19,PAY00514,CMP009,SEL012,ORD00514,464.7,INR,DemoGateway,1.0,,,,REV00514,464.7,platform_fee,,,,,,,,
PE002048,payment_initiated,2026-08-23 17:36:00,PAY00515,CMP028,SEL006,ORD00515,19546.63,INR,DemoGateway,1.0,card,,,,,,,,,,,,,
PE002049,payment_authorized,2026-08-23 17:36:30,PAY00515,CMP028,SEL006,ORD00515,19546.63,INR,DemoGateway,1.0,,GTX000515,,,,,,,,,,,,
PE002050,payment_captured,2026-08-23 17:38:19,PAY00515,CMP028,SEL006,ORD00515,19546.63,INR,DemoGateway,1.0,,GTX000515,19546.63,,,,,,,,,,,
PE002051,revenue_recognized,2026-08-23 19:10:19,PAY00515,CMP028,SEL006,ORD00515,1563.73,INR,DemoGateway,1.0,,,,REV00515,1563.73,platform_fee,,,,,,,,
PE002052,payment_initiated,2026-08-23 14:37:00,PAY00516,CMP021,SEL003,ORD00516,14019.52,INR,DemoGateway,1.0,upi,,,,,,,,,,,,,
PE002053,payment_authorized,2026-08-23 14:37:20,PAY00516,CMP021,SEL003,ORD00516,14019.52,INR,DemoGateway,1.0,,GTX000516,,,,,,,,,,,,
PE002054,payment_captured,2026-08-23 14:38:35,PAY00516,CMP021,SEL003,ORD00516,14019.52,INR,DemoGateway,1.0,,GTX000516,14019.52,,,,,,,,,,,
PE002055,revenue_recognized,2026-08-23 14:59:35,PAY00516,CMP021,SEL003,ORD00516,1121.56,INR,DemoGateway,1.0,,,,REV00516,1121.56,platform_fee,,,,,,,,
PE002056,payment_initiated,2026-08-24 14:36:00,PAY00517,CMP007,SEL019,ORD00517,19931.38,INR,DemoGateway,1.0,upi,,,,,,,,,,,,,
PE002057,payment_authorized,2026-08-24 14:36:20,PAY00517,CMP007,SEL019,ORD00517,19931.38,INR,DemoGateway,1.0,,GTX000517,,,,,,,,,,,,
PE002058,payment_captured,2026-08-24 14:36:47,PAY00517,CMP007,SEL019,ORD00517,19931.38,INR,DemoGateway,1.0,,GTX000517,19931.38,,,,,,,,,,,
PE002059,revenue_recognized,2026-08-24 16:01:47,PAY00517,CMP007,SEL019,ORD00517,1594.51,INR,DemoGateway,1.0,,,,REV00517,1594.51,platform_fee,,,,,,,,
PE002060,payment_initiated,2026-08-24 17:29:00,PAY00518,CMP023,SEL019,ORD00518,4186.59,INR,DemoGateway,1.0,upi,,,,,,,,,,,,,
PE002061,payment_authorized,2026-08-24 17:29:57,PAY00518,CMP023,SEL019,ORD00518,4186.59,INR,DemoGateway,1.0,,GTX000518,,,,,,,,,,,,
PE002062,payment_captured,2026-08-24 17:30:58,PAY00518,CMP023,SEL019,ORD00518,4186.59,INR,DemoGateway,1.0,,GTX000518,4186.59,,,,,,,,,,,
PE002063,revenue_recognized,2026-08-24 17:53:58,PAY00518,CMP023,SEL019,ORD00518,334.93,INR,DemoGateway,1.0,,,,REV00518,334.93,platform_fee,,,,,,,,
PE002064,payment_initiated,2026-08-24 18:42:00,PAY00519,CMP020,SEL004,ORD00519,9194.09,INR,DemoGateway,1.0,card,,,,,,,,,,,,,
PE002065,payment_authorized,2026-08-24 18:42:57,PAY00519,CMP020,SEL004,ORD00519,9194.09,INR,DemoGateway,1.0,,GTX000519,,,,,,,,,,,,
PE002066,payment_captured,2026-08-24 18:43:19,PAY00519,CMP020,SEL004,ORD00519,9194.09,INR,DemoGateway,1.0,,GTX000519,9194.09,,,,,,,,,,,
PE002067,revenue_recognized,2026-08-24 20:37:19,PAY00519,CMP020,SEL004,ORD00519,735.53,INR,DemoGateway,1.0,,,,REV00519,735.53,platform_fee,,,,,,,,
PE002068,payment_initiated,2026-08-24 15:34:00,PAY00520,CMP026,SEL001,ORD00520,17030.71,INR,DemoPay,1.0,upi,,,,,,,,,,,,,
PE002069,payment_authorized,2026-08-24 15:34:41,PAY00520,CMP026,SEL001,ORD00520,17030.71,INR,DemoPay,1.0,,GTX000520,,,,,,,,,,,,
PE002070,payment_captured,2026-08-24 15:35:43,PAY00520,CMP026,SEL001,ORD00520,17030.71,INR,DemoPay,1.0,,GTX000520,17030.71,,,,,,,,,,,
PE002071,revenue_recognized,2026-08-24 16:01:43,PAY00520,CMP026,SEL001,ORD00520,1362.46,INR,DemoPay,1.0,,,,REV00520,1362.46,platform_fee,,,,,,,,
PE002072,payment_initiated,2026-08-24 14:45:00,PAY00521,CMP010,SEL019,ORD00521,23084.79,INR,DemoGateway,1.0,upi,,,,,,,,,,,,,
PE002073,payment_authorized,2026-08-24 14:45:42,PAY00521,CMP010,SEL019,ORD00521,23084.79,INR,DemoGateway,1.0,,GTX000521,,,,,,,,,,,,
PE002074,payment_captured,2026-08-24 14:45:48,PAY00521,CMP010,SEL019,ORD00521,23084.79,INR,DemoGateway,1.0,,GTX000521,23084.79,,,,,,,,,,,
PE002075,revenue_recognized,2026-08-24 16:04:48,PAY00521,CMP010,SEL019,ORD00521,1846.78,INR,DemoGateway,1.0,,,,REV00521,1846.78,platform_fee,,,,,,,,
PE002076,payment_initiated,2026-08-24 16:03:00,PAY00522,CMP005,SEL010,ORD00522,10176.74,INR,DemoPay,1.0,card,,,,,,,,,,,,,
PE002077,payment_authorized,2026-08-24 16:03:57,PAY00522,CMP005,SEL010,ORD00522,10176.74,INR,DemoPay,1.0,,GTX000522,,,,,,,,,,,,
PE002078,payment_captured,2026-08-24 16:04:47,PAY00522,CMP005,SEL010,ORD00522,10176.74,INR,DemoPay,1.0,,GTX000522,10176.74,,,,,,,,,,,
PE002079,revenue_recognized,2026-08-24 16:19:47,PAY00522,CMP005,SEL010,ORD00522,814.14,INR,DemoPay,1.0,,,,REV00522,814.14,platform_fee,,,,,,,,
PE002080,payment_initiated,2026-08-24 14:25:00,PAY00523,CMP008,SEL014,ORD00523,16192.54,INR,DemoGateway,1.0,upi,,,,,,,,,,,,,
PE002081,payment_authorized,2026-08-24 14:25:18,PAY00523,CMP008,SEL014,ORD00523,16192.54,INR,DemoGateway,1.0,,GTX000523,,,,,,,,,,,,
PE002082,payment_captured,2026-08-24 14:26:47,PAY00523,CMP008,SEL014,ORD00523,16192.54,INR,DemoGateway,1.0,,GTX000523,16192.54,,,,,,,,,,,
PE002083,revenue_recognized,2026-08-24 14:49:47,PAY00523,CMP008,SEL014,ORD00523,1295.4,INR,DemoGateway,1.0,,,,REV00523,1295.4,platform_fee,,,,,,,,
PE002084,payment_initiated,2026-08-24 18:08:00,PAY00524,CMP013,SEL012,ORD00524,5125.28,INR,DemoGateway,1.0,card,,,,,,,,,,,,,
PE002085,payment_failed,2026-08-24 18:08:12,PAY00524,CMP013,SEL012,ORD00524,5125.28,INR,DemoGateway,1.0,,,,,,,,,,DECLINED,demo_failure,,,
PE002086,payment_initiated,2026-08-24 10:05:00,PAY00525,CMP024,SEL016,ORD00525,24411.91,INR,DemoGateway,1.0,card,,,,,,,,,,,,,
PE002087,payment_authorized,2026-08-24 10:05:31,PAY00525,CMP024,SEL016,ORD00525,24411.91,INR,DemoGateway,1.0,,GTX000525,,,,,,,,,,,,
PE002088,payment_captured,2026-08-24 10:07:26,PAY00525,CMP024,SEL016,ORD00525,24411.91,INR,DemoGateway,1.0,,GTX000525,24411.91,,,,,,,,,,,
PE002089,revenue_recognized,2026-08-24 11:06:26,PAY00525,CMP024,SEL016,ORD00525,1952.95,INR,DemoGateway,1.0,,,,REV00525,1952.95,platform_fee,,,,,,,,
PE002090,payment_initiated,2026-08-24 14:35:00,PAY00526,CMP030,SEL014,ORD00526,12178.27,INR,DemoPay,1.0,upi,,,,,,,,,,,,,
PE002091,payment_authorized,2026-08-24 14:35:19,PAY00526,CMP030,SEL014,ORD00526,12178.27,INR,DemoPay,1.0,,GTX000526,,,,,,,,,,,,
PE002092,payment_captured,2026-08-24 14:35:47,PAY00526,CMP030,SEL014,ORD00526,12178.27,INR,DemoPay,1.0,,GTX000526,12178.27,,,,,,,,,,,
PE002093,revenue_recognized,2026-08-24 15:30:47,PAY00526,CMP030,SEL014,ORD00526,974.26,INR,DemoPay,1.0,,,,REV00526,974.26,platform_fee,,,,,,,,
PE002094,payment_initiated,2026-08-24 16:36:00,PAY00527,CMP028,SEL008,ORD00527,11154.69,INR,DemoGateway,1.0,upi,,,,,,,,,,,,,
PE002095,payment_failed,2026-08-24 16:36:14,PAY00527,CMP028,SEL008,ORD00527,11154.69,INR,DemoGateway,1.0,,,,,,,,,,INSUFFICIENT_FUNDS,demo_failure,,,
PE002096,payment_initiated,2026-08-24 09:09:00,PAY00528,CMP016,SEL012,ORD00528,15136.32,INR,DemoPay,1.0,netbanking,,,,,,,,,,,,,
PE002097,payment_authorized,2026-08-24 09:09:59,PAY00528,CMP016,SEL012,ORD00528,15136.32,INR,DemoPay,1.0,,GTX000528,,,,,,,,,,,,
PE002098,payment_captured,2026-08-24 09:11:40,PAY00528,CMP016,SEL012,ORD00528,15136.32,INR,DemoPay,1.0,,GTX000528,15136.32,,,,,,,,,,,
PE002099,revenue_recognized,2026-08-24 10:51:40,PAY00528,CMP016,SEL012,ORD00528,1210.91,INR,DemoPay,1.0,,,,REV00528,1210.91,platform_fee,,,,,,,,
PE002100,payment_initiated,2026-08-24 18:47:00,PAY00529,CMP017,SEL020,ORD00529,7262.94,INR,DemoPay,1.0,netbanking,,,,,,,,,,,,,
PE002101,payment_authorized,2026-08-24 18:47:09,PAY00529,CMP017,SEL020,ORD00529,7262.94,INR,DemoPay,1.0,,GTX000529,,,,,,,,,,,,
PE002102,payment_captured,2026-08-24 18:48:41,PAY00529,CMP017,SEL020,ORD00529,7262.94,INR,DemoPay,1.0,,GTX000529,7262.94,,,,,,,,,,,
PE002103,revenue_recognized,2026-08-24 20:10:41,PAY00529,CMP017,SEL020,ORD00529,581.04,INR,DemoPay,1.0,,,,REV00529,581.04,platform_fee,,,,,,,,
PE002104,payment_initiated,2026-08-24 08:30:00,PAY00530,CMP020,SEL002,ORD00530,14073.28,INR,DemoGateway,1.0,upi,,,,,,,,,,,,,
PE002105,payment_authorized,2026-08-24 08:30:35,PAY00530,CMP020,SEL002,ORD00530,14073.28,INR,DemoGateway,1.0,,GTX000530,,,,,,,,,,,,
PE002106,payment_captured,2026-08-24 08:31:53,PAY00530,CMP020,SEL002,ORD00530,14073.28,INR,DemoGateway,1.0,,GTX000530,14073.28,,,,,,,,,,,
PE002107,revenue_recognized,2026-08-24 10:05:53,PAY00530,CMP020,SEL002,ORD00530,1125.86,INR,DemoGateway,1.0,,,,REV00530,1125.86,platform_fee,,,,,,,,
PE002108,payment_initiated,2026-08-24 17:47:00,PAY00531,CMP026,SEL010,ORD00531,5436.44,INR,DemoGateway,1.0,upi,,,,,,,,,,,,,
PE002109,payment_authorized,2026-08-24 17:47:41,PAY00531,CMP026,SEL010,ORD00531,5436.44,INR,DemoGateway,1.0,,GTX000531,,,,,,,,,,,,
PE002110,payment_captured,2026-08-24 17:48:19,PAY00531,CMP026,SEL010,ORD00531,5436.44,INR,DemoGateway,1.0,,GTX000531,5436.44,,,,,,,,,,,
PE002111,revenue_recognized,2026-08-24 17:56:19,PAY00531,CMP026,SEL010,ORD00531,434.92,INR,DemoGateway,1.0,,,,REV00531,434.92,platform_fee,,,,,,,,
PE002112,payment_initiated,2026-08-24 17:01:00,PAY00532,CMP019,SEL002,ORD00532,20509.05,INR,DemoGateway,1.0,upi,,,,,,,,,,,,,
PE002113,payment_authorized,2026-08-24 17:01:13,PAY00532,CMP019,SEL002,ORD00532,20509.05,INR,DemoGateway,1.0,,GTX000532,,,,,,,,,,,,
PE002114,payment_captured,2026-08-24 17:02:22,PAY00532,CMP019,SEL002,ORD00532,20509.05,INR,DemoGateway,1.0,,GTX000532,20509.05,,,,,,,,,,,
PE002115,revenue_recognized,2026-08-24 17:12:22,PAY00532,CMP019,SEL002,ORD00532,1640.72,INR,DemoGateway,1.0,,,,REV00532,1640.72,platform_fee,,,,,,,,
PE002116,payment_initiated,2026-08-24 12:00:00,PAY00533,CMP005,SEL020,ORD00533,7967.6,INR,DemoGateway,1.0,netbanking,,,,,,,,,,,,,
PE002117,payment_authorized,2026-08-24 12:00:16,PAY00533,CMP005,SEL020,ORD00533,7967.6,INR,DemoGateway,1.0,,GTX000533,,,,,,,,,,,,
PE002118,payment_captured,2026-08-24 12:01:36,PAY00533,CMP005,SEL020,ORD00533,7967.6,INR,DemoGateway,1.0,,GTX000533,7967.6,,,,,,,,,,,
PE002119,revenue_recognized,2026-08-24 13:36:36,PAY00533,CMP005,SEL020,ORD00533,637.41,INR,DemoGateway,1.0,,,,REV00533,637.41,platform_fee,,,,,,,,
PE002120,payment_initiated,2026-08-24 11:31:00,PAY00534,CMP026,SEL006,ORD00534,19889.4,INR,DemoGateway,1.0,card,,,,,,,,,,,,,
PE002121,payment_authorized,2026-08-24 11:32:00,PAY00534,CMP026,SEL006,ORD00534,19889.4,INR,DemoGateway,1.0,,GTX000534,,,,,,,,,,,,
PE002122,payment_captured,2026-08-24 11:32:09,PAY00534,CMP026,SEL006,ORD00534,19889.4,INR,DemoGateway,1.0,,GTX000534,19889.4,,,,,,,,,,,
PE002123,revenue_recognized,2026-08-24 12:16:09,PAY00534,CMP026,SEL006,ORD00534,1591.15,INR,DemoGateway,1.0,,,,REV00534,1591.15,platform_fee,,,,,,,,
PE002124,payment_initiated,2026-08-24 14:49:00,PAY00535,CMP020,SEL005,ORD00535,19189.89,INR,DemoGateway,1.0,upi,,,,,,,,,,,,,
PE002125,payment_authorized,2026-08-24 14:49:33,PAY00535,CMP020,SEL005,ORD00535,19189.89,INR,DemoGateway,1.0,,GTX000535,,,,,,,,,,,,
PE002126,payment_captured,2026-08-24 14:51:10,PAY00535,CMP020,SEL005,ORD00535,19189.89,INR,DemoGateway,1.0,,GTX000535,19189.89,,,,,,,,,,,
PE002127,revenue_recognized,2026-08-24 16:13:10,PAY00535,CMP020,SEL005,ORD00535,1535.19,INR,DemoGateway,1.0,,,,REV00535,1535.19,platform_fee,,,,,,,,
PE002128,payment_initiated,2026-08-24 09:03:00,PAY00536,CMP027,SEL012,ORD00536,16593.14,INR,DemoPay,1.0,card,,,,,,,,,,,,,
PE002129,payment_authorized,2026-08-24 09:03:35,PAY00536,CMP027,SEL012,ORD00536,16593.14,INR,DemoPay,1.0,,GTX000536,,,,,,,,,,,,
PE002130,payment_captured,2026-08-24 09:04:18,PAY00536,CMP027,SEL012,ORD00536,16593.14,INR,DemoPay,1.0,,GTX000536,16593.14,,,,,,,,,,,
PE002131,revenue_recognized,2026-08-24 10:05:18,PAY00536,CMP027,SEL012,ORD00536,1327.45,INR,DemoPay,1.0,,,,REV00536,1327.45,platform_fee,,,,,,,,
PE002132,payment_initiated,2026-08-24 14:30:00,PAY00537,CMP018,SEL008,ORD00537,17562.48,INR,DemoGateway,1.0,upi,,,,,,,,,,,,,
PE002133,payment_authorized,2026-08-24 14:31:00,PAY00537,CMP018,SEL008,ORD00537,17562.48,INR,DemoGateway,1.0,,GTX000537,,,,,,,,,,,,
PE002134,payment_captured,2026-08-24 14:32:00,PAY00537,CMP018,SEL008,ORD00537,17562.48,INR,DemoGateway,1.0,,GTX000537,17562.48,,,,,,,,,,,
PE002135,revenue_recognized,2026-08-24 14:34:00,PAY00537,CMP018,SEL008,ORD00537,1405.0,INR,DemoGateway,1.0,,,,REV00537,1405.0,platform_fee,,,,,,,,
PE002136,payment_initiated,2026-08-24 16:40:00,PAY00538,CMP013,SEL011,ORD00538,3788.06,INR,DemoPay,1.0,upi,,,,,,,,,,,,,
PE002137,payment_authorized,2026-08-24 16:40:32,PAY00538,CMP013,SEL011,ORD00538,3788.06,INR,DemoPay,1.0,,GTX000538,,,,,,,,,,,,
PE002138,payment_captured,2026-08-24 16:41:55,PAY00538,CMP013,SEL011,ORD00538,3788.06,INR,DemoPay,1.0,,GTX000538,3788.06,,,,,,,,,,,
PE002139,revenue_recognized,2026-08-24 18:39:55,PAY00538,CMP013,SEL011,ORD00538,303.04,INR,DemoPay,1.0,,,,REV00538,303.04,platform_fee,,,,,,,,
PE002140,payment_initiated,2026-08-24 17:25:00,PAY00539,CMP009,SEL009,ORD00539,7500.58,INR,DemoPay,1.0,upi,,,,,,,,,,,,,
PE002141,payment_authorized,2026-08-24 17:25:52,PAY00539,CMP009,SEL009,ORD00539,7500.58,INR,DemoPay,1.0,,GTX000539,,,,,,,,,,,,
PE002142,payment_captured,2026-08-24 17:26:27,PAY00539,CMP009,SEL009,ORD00539,7500.58,INR,DemoPay,1.0,,GTX000539,7500.58,,,,,,,,,,,
PE002143,revenue_recognized,2026-08-24 19:00:27,PAY00539,CMP009,SEL009,ORD00539,600.05,INR,DemoPay,1.0,,,,REV00539,600.05,platform_fee,,,,,,,,
PE002144,payment_initiated,2026-08-24 08:43:00,PAY00540,CMP017,SEL011,ORD00540,8861.84,INR,DemoPay,1.0,card,,,,,,,,,,,,,
PE002145,payment_authorized,2026-08-24 08:43:05,PAY00540,CMP017,SEL011,ORD00540,8861.84,INR,DemoPay,1.0,,GTX000540,,,,,,,,,,,,
PE002146,payment_captured,2026-08-24 08:44:02,PAY00540,CMP017,SEL011,ORD00540,8861.84,INR,DemoPay,1.0,,GTX000540,8861.84,,,,,,,,,,,
PE002147,revenue_recognized,2026-08-24 08:57:02,PAY00540,CMP017,SEL011,ORD00540,708.95,INR,DemoPay,1.0,,,,REV00540,708.95,platform_fee,,,,,,,,
PE002148,payment_initiated,2026-08-24 08:01:00,PAY00541,CMP012,SEL008,ORD00541,7419.56,INR,DemoGateway,1.0,netbanking,,,,,,,,,,,,,
PE002149,payment_authorized,2026-08-24 08:01:43,PAY00541,CMP012,SEL008,ORD00541,7419.56,INR,DemoGateway,1.0,,GTX000541,,,,,,,,,,,,
PE002150,payment_captured,2026-08-24 08:03:12,PAY00541,CMP012,SEL008,ORD00541,7419.56,INR,DemoGateway,1.0,,GTX000541,7419.56,,,,,,,,,,,
PE002151,revenue_recognized,2026-08-24 09:58:12,PAY00541,CMP012,SEL008,ORD00541,593.56,INR,DemoGateway,1.0,,,,REV00541,593.56,platform_fee,,,,,,,,
PE002152,payment_initiated,2026-08-24 17:08:00,PAY00542,CMP021,SEL004,ORD00542,3530.08,INR,DemoPay,1.0,upi,,,,,,,,,,,,,
PE002153,payment_authorized,2026-08-24 17:08:46,PAY00542,CMP021,SEL004,ORD00542,3530.08,INR,DemoPay,1.0,,GTX000542,,,,,,,,,,,,
PE002154,payment_captured,2026-08-24 17:10:03,PAY00542,CMP021,SEL004,ORD00542,3530.08,INR,DemoPay,1.0,,GTX000542,3530.08,,,,,,,,,,,
PE002155,revenue_recognized,2026-08-24 18:53:03,PAY00542,CMP021,SEL004,ORD00542,282.41,INR,DemoPay,1.0,,,,REV00542,282.41,platform_fee,,,,,,,,
PE002156,payment_initiated,2026-08-24 18:59:00,PAY00543,CMP023,SEL006,ORD00543,8422.36,INR,DemoGateway,1.0,card,,,,,,,,,,,,,
PE002157,payment_authorized,2026-08-24 18:59:22,PAY00543,CMP023,SEL006,ORD00543,8422.36,INR,DemoGateway,1.0,,GTX000543,,,,,,,,,,,,
PE002158,payment_captured,2026-08-24 19:01:05,PAY00543,CMP023,SEL006,ORD00543,8422.36,INR,DemoGateway,1.0,,GTX000543,8422.36,,,,,,,,,,,
PE002159,revenue_recognized,2026-08-24 19:56:05,PAY00543,CMP023,SEL006,ORD00543,673.79,INR,DemoGateway,1.0,,,,REV00543,673.79,platform_fee,,,,,,,,
PE002160,payment_initiated,2026-08-25 08:24:00,PAY00544,CMP009,SEL006,ORD00544,8016.26,INR,DemoPay,1.0,upi,,,,,,,,,,,,,
PE002161,payment_authorized,2026-08-25 08:24:08,PAY00544,CMP009,SEL006,ORD00544,8016.26,INR,DemoPay,1.0,,GTX000544,,,,,,,,,,,,
PE002162,payment_captured,2026-08-25 08:24:46,PAY00544,CMP009,SEL006,ORD00544,8016.26,INR,DemoPay,1.0,,GTX000544,8016.26,,,,,,,,,,,
PE002163,revenue_recognized,2026-08-25 10:09:46,PAY00544,CMP009,SEL006,ORD00544,641.3,INR,DemoPay,1.0,,,,REV00544,641.3,platform_fee,,,,,,,,
PE002164,payment_initiated,2026-08-25 15:06:00,PAY00545,CMP016,SEL007,ORD00545,5693.39,INR,DemoGateway,1.0,card,,,,,,,,,,,,,
PE002165,payment_authorized,2026-08-25 15:06:32,PAY00545,CMP016,SEL007,ORD00545,5693.39,INR,DemoGateway,1.0,,GTX000545,,,,,,,,,,,,
PE002166,payment_captured,2026-08-25 15:07:04,PAY00545,CMP016,SEL007,ORD00545,5693.39,INR,DemoGateway,1.0,,GTX000545,5693.39,,,,,,,,,,,
PE002167,revenue_recognized,2026-08-25 16:26:04,PAY00545,CMP016,SEL007,ORD00545,455.47,INR,DemoGateway,1.0,,,,REV00545,455.47,platform_fee,,,,,,,,
PE002168,payment_initiated,2026-08-25 09:36:00,PAY00546,CMP023,SEL009,ORD00546,2319.23,INR,DemoPay,1.0,netbanking,,,,,,,,,,,,,
PE002169,payment_authorized,2026-08-25 09:36:33,PAY00546,CMP023,SEL009,ORD00546,2319.23,INR,DemoPay,1.0,,GTX000546,,,,,,,,,,,,
PE002170,payment_captured,2026-08-25 09:36:40,PAY00546,CMP023,SEL009,ORD00546,2319.23,INR,DemoPay,1.0,,GTX000546,2319.23,,,,,,,,,,,
PE002171,revenue_recognized,2026-08-25 11:31:40,PAY00546,CMP023,SEL009,ORD00546,185.54,INR,DemoPay,1.0,,,,REV00546,185.54,platform_fee,,,,,,,,
PE002172,payment_initiated,2026-08-25 13:57:00,PAY00547,CMP001,SEL002,ORD00547,7761.26,INR,DemoGateway,1.0,upi,,,,,,,,,,,,,
PE002173,payment_authorized,2026-08-25 13:57:37,PAY00547,CMP001,SEL002,ORD00547,7761.26,INR,DemoGateway,1.0,,GTX000547,,,,,,,,,,,,
PE002174,payment_captured,2026-08-25 13:59:12,PAY00547,CMP001,SEL002,ORD00547,7761.26,INR,DemoGateway,1.0,,GTX000547,7761.26,,,,,,,,,,,
PE002175,revenue_recognized,2026-08-25 15:38:12,PAY00547,CMP001,SEL002,ORD00547,620.9,INR,DemoGateway,1.0,,,,REV00547,620.9,platform_fee,,,,,,,,
PE002176,payment_initiated,2026-08-25 15:07:00,PAY00548,CMP028,SEL003,ORD00548,1577.72,INR,DemoPay,1.0,netbanking,,,,,,,,,,,,,
PE002177,payment_authorized,2026-08-25 15:07:27,PAY00548,CMP028,SEL003,ORD00548,1577.72,INR,DemoPay,1.0,,GTX000548,,,,,,,,,,,,
PE002178,payment_captured,2026-08-25 15:08:14,PAY00548,CMP028,SEL003,ORD00548,1577.72,INR,DemoPay,1.0,,GTX000548,1577.72,,,,,,,,,,,
PE002179,revenue_recognized,2026-08-25 16:36:14,PAY00548,CMP028,SEL003,ORD00548,126.22,INR,DemoPay,1.0,,,,REV00548,126.22,platform_fee,,,,,,,,
PE002180,payment_initiated,2026-08-25 13:05:00,PAY00549,CMP021,SEL003,ORD00549,14063.72,INR,DemoGateway,1.0,upi,,,,,,,,,,,,,
PE002181,payment_authorized,2026-08-25 13:05:23,PAY00549,CMP021,SEL003,ORD00549,14063.72,INR,DemoGateway,1.0,,GTX000549,,,,,,,,,,,,
PE002182,payment_captured,2026-08-25 13:06:50,PAY00549,CMP021,SEL003,ORD00549,14063.72,INR,DemoGateway,1.0,,GTX000549,14063.72,,,,,,,,,,,
PE002183,revenue_recognized,2026-08-25 13:32:50,PAY00549,CMP021,SEL003,ORD00549,1125.1,INR,DemoGateway,1.0,,,,REV00549,1125.1,platform_fee,,,,,,,,
PE002184,payment_initiated,2026-08-25 09:40:00,PAY00550,CMP013,SEL007,ORD00550,17853.23,INR,DemoGateway,1.0,netbanking,,,,,,,,,,,,,
PE002185,payment_authorized,2026-08-25 09:40:10,PAY00550,CMP013,SEL007,ORD00550,17853.23,INR,DemoGateway,1.0,,GTX000550,,,,,,,,,,,,
PE002186,payment_captured,2026-08-25 09:42:08,PAY00550,CMP013,SEL007,ORD00550,17853.23,INR,DemoGateway,1.0,,GTX000550,17853.23,,,,,,,,,,,
PE002187,revenue_recognized,2026-08-25 11:03:08,PAY00550,CMP013,SEL007,ORD00550,1428.26,INR,DemoGateway,1.0,,,,REV00550,1428.26,platform_fee,,,,,,,,
PE002188,payment_initiated,2026-08-25 17:15:00,PAY00551,CMP002,SEL007,ORD00551,18413.87,INR,DemoPay,1.0,upi,,,,,,,,,,,,,
PE002189,payment_authorized,2026-08-25 17:15:55,PAY00551,CMP002,SEL007,ORD00551,18413.87,INR,DemoPay,1.0,,GTX000551,,,,,,,,,,,,
PE002190,payment_captured,2026-08-25 17:17:09,PAY00551,CMP002,SEL007,ORD00551,18413.87,INR,DemoPay,1.0,,GTX000551,18413.87,,,,,,,,,,,
PE002191,revenue_recognized,2026-08-25 18:40:09,PAY00551,CMP002,SEL007,ORD00551,1473.11,INR,DemoPay,1.0,,,,REV00551,1473.11,platform_fee,,,,,,,,
PE002192,payment_initiated,2026-08-25 08:21:00,PAY00552,CMP027,SEL015,ORD00552,2370.5,INR,DemoPay,1.0,netbanking,,,,,,,,,,,,,
PE002193,payment_failed,2026-08-25 08:21:25,PAY00552,CMP027,SEL015,ORD00552,2370.5,INR,DemoPay,1.0,,,,,,,,,,DECLINED,demo_failure,,,
PE002194,payment_initiated,2026-08-25 16:09:00,PAY00553,CMP026,SEL017,ORD00553,23592.11,INR,DemoGateway,1.0,netbanking,,,,,,,,,,,,,
PE002195,payment_authorized,2026-08-25 16:09:09,PAY00553,CMP026,SEL017,ORD00553,23592.11,INR,DemoGateway,1.0,,GTX000553,,,,,,,,,,,,
PE002196,payment_captured,2026-08-25 16:09:18,PAY00553,CMP026,SEL017,ORD00553,23592.11,INR,DemoGateway,1.0,,GTX000553,23592.11,,,,,,,,,,,
PE002197,revenue_recognized,2026-08-25 17:44:18,PAY00553,CMP026,SEL017,ORD00553,1887.37,INR,DemoGateway,1.0,,,,REV00553,1887.37,platform_fee,,,,,,,,
PE002198,payment_initiated,2026-08-25 18:08:00,PAY00554,CMP016,SEL020,ORD00554,7203.04,INR,DemoPay,1.0,card,,,,,,,,,,,,,
PE002199,payment_authorized,2026-08-25 18:08:08,PAY00554,CMP016,SEL020,ORD00554,7203.04,INR,DemoPay,1.0,,GTX000554,,,,,,,,,,,,
PE002200,payment_captured,2026-08-25 18:10:08,PAY00554,CMP016,SEL020,ORD00554,7203.04,INR,DemoPay,1.0,,GTX000554,7203.04,,,,,,,,,,,
PE002201,revenue_recognized,2026-08-25 18:50:08,PAY00554,CMP016,SEL020,ORD00554,576.24,INR,DemoPay,1.0,,,,REV00554,576.24,platform_fee,,,,,,,,
PE002202,payment_initiated,2026-08-25 09:07:00,PAY00555,CMP020,SEL006,ORD00555,20718.3,INR,DemoPay,1.0,upi,,,,,,,,,,,,,
PE002203,payment_authorized,2026-08-25 09:07:44,PAY00555,CMP020,SEL006,ORD00555,20718.3,INR,DemoPay,1.0,,GTX000555,,,,,,,,,,,,
PE002204,payment_captured,2026-08-25 09:08:17,PAY00555,CMP020,SEL006,ORD00555,20718.3,INR,DemoPay,1.0,,GTX000555,20718.3,,,,,,,,,,,
PE002205,revenue_recognized,2026-08-25 09:17:17,PAY00555,CMP020,SEL006,ORD00555,1657.46,INR,DemoPay,1.0,,,,REV00555,1657.46,platform_fee,,,,,,,,
PE002206,payment_initiated,2026-08-25 18:36:00,PAY00556,CMP026,SEL013,ORD00556,4338.86,INR,DemoGateway,1.0,netbanking,,,,,,,,,,,,,
PE002207,payment_authorized,2026-08-25 18:36:58,PAY00556,CMP026,SEL013,ORD00556,4338.86,INR,DemoGateway,1.0,,GTX000556,,,,,,,,,,,,
PE002208,payment_captured,2026-08-25 18:38:44,PAY00556,CMP026,SEL013,ORD00556,4338.86,INR,DemoGateway,1.0,,GTX000556,4338.86,,,,,,,,,,,
PE002209,revenue_recognized,2026-08-25 19:06:44,PAY00556,CMP026,SEL013,ORD00556,347.11,INR,DemoGateway,1.0,,,,REV00556,347.11,platform_fee,,,,,,,,
PE002210,payment_initiated,2026-08-25 14:10:00,PAY00557,CMP011,SEL003,ORD00557,7936.49,INR,DemoPay,1.0,netbanking,,,,,,,,,,,,,
PE002211,payment_authorized,2026-08-25 14:10:15,PAY00557,CMP011,SEL003,ORD00557,7936.49,INR,DemoPay,1.0,,GTX000557,,,,,,,,,,,,
PE002212,payment_captured,2026-08-25 14:11:16,PAY00557,CMP011,SEL003,ORD00557,7936.49,INR,DemoPay,1.0,,GTX000557,7936.49,,,,,,,,,,,
PE002213,revenue_recognized,2026-08-25 14:43:16,PAY00557,CMP011,SEL003,ORD00557,634.92,INR,DemoPay,1.0,,,,REV00557,634.92,platform_fee,,,,,,,,
PE002214,payment_initiated,2026-08-25 08:56:00,PAY00558,CMP004,SEL020,ORD00558,19775.05,INR,DemoGateway,1.0,upi,,,,,,,,,,,,,
PE002215,payment_authorized,2026-08-25 08:56:05,PAY00558,CMP004,SEL020,ORD00558,19775.05,INR,DemoGateway,1.0,,GTX000558,,,,,,,,,,,,
PE002216,payment_captured,2026-08-25 08:56:32,PAY00558,CMP004,SEL020,ORD00558,19775.05,INR,DemoGateway,1.0,,GTX000558,19775.05,,,,,,,,,,,
PE002217,revenue_recognized,2026-08-25 10:55:32,PAY00558,CMP004,SEL020,ORD00558,1582.0,INR,DemoGateway,1.0,,,,REV00558,1582.0,platform_fee,,,,,,,,
PE002218,payment_refunded,2026-08-28 10:55:32,PAY00558,CMP004,SEL020,ORD00558,14610.14,INR,DemoGateway,1.0,,,,,,,REF00558,14610.14,order_cancelled,,,,,
PE002219,payment_initiated,2026-08-25 18:17:00,PAY00559,CMP026,SEL016,ORD00559,6344.77,INR,DemoPay,1.0,netbanking,,,,,,,,,,,,,
PE002220,payment_authorized,2026-08-25 18:17:20,PAY00559,CMP026,SEL016,ORD00559,6344.77,INR,DemoPay,1.0,,GTX000559,,,,,,,,,,,,
PE002221,payment_captured,2026-08-25 18:17:47,PAY00559,CMP026,SEL016,ORD00559,6344.77,INR,DemoPay,1.0,,GTX000559,6344.77,,,,,,,,,,,
PE002222,revenue_recognized,2026-08-25 19:36:47,PAY00559,CMP026,SEL016,ORD00559,507.58,INR,DemoPay,1.0,,,,REV00559,507.58,platform_fee,,,,,,,,
PE002223,payment_initiated,2026-08-25 12:22:00,PAY00560,CMP023,SEL016,ORD00560,16239.0,INR,DemoPay,1.0,upi,,,,,,,,,,,,,
PE002224,payment_failed,2026-08-25 12:22:40,PAY00560,CMP023,SEL016,ORD00560,16239.0,INR,DemoPay,1.0,,,,,,,,,,DECLINED,demo_failure,,,
PE002225,payment_initiated,2026-08-25 16:32:00,PAY00561,CMP004,SEL017,ORD00561,16044.64,INR,DemoPay,1.0,card,,,,,,,,,,,,,
PE002226,payment_authorized,2026-08-25 16:32:45,PAY00561,CMP004,SEL017,ORD00561,16044.64,INR,DemoPay,1.0,,GTX000561,,,,,,,,,,,,
PE002227,payment_captured,2026-08-25 16:34:14,PAY00561,CMP004,SEL017,ORD00561,16044.64,INR,DemoPay,1.0,,GTX000561,16044.64,,,,,,,,,,,
PE002228,revenue_recognized,2026-08-25 17:01:14,PAY00561,CMP004,SEL017,ORD00561,1283.57,INR,DemoPay,1.0,,,,REV00561,1283.57,platform_fee,,,,,,,,
PE002229,payment_initiated,2026-08-25 10:42:00,PAY00562,CMP026,SEL005,ORD00562,13191.6,INR,DemoGateway,1.0,card,,,,,,,,,,,,,
PE002230,payment_failed,2026-08-25 10:42:56,PAY00562,CMP026,SEL005,ORD00562,13191.6,INR,DemoGateway,1.0,,,,,,,,,,TIMEOUT,demo_failure,,,
PE002231,payment_initiated,2026-08-25 15:02:00,PAY00563,CMP007,SEL014,ORD00563,9355.92,INR,DemoGateway,1.0,card,,,,,,,,,,,,,
PE002232,payment_authorized,2026-08-25 15:02:39,PAY00563,CMP007,SEL014,ORD00563,9355.92,INR,DemoGateway,1.0,,GTX000563,,,,,,,,,,,,
PE002233,payment_captured,2026-08-25 15:03:06,PAY00563,CMP007,SEL014,ORD00563,9355.92,INR,DemoGateway,1.0,,GTX000563,9355.92,,,,,,,,,,,
PE002234,revenue_recognized,2026-08-25 15:24:06,PAY00563,CMP007,SEL014,ORD00563,748.47,INR,DemoGateway,1.0,,,,REV00563,748.47,platform_fee,,,,,,,,
PE002235,payment_initiated,2026-08-25 17:37:00,PAY00564,CMP004,SEL003,ORD00564,18452.97,INR,DemoPay,1.0,upi,,,,,,,,,,,,,
PE002236,payment_authorized,2026-08-25 17:37:52,PAY00564,CMP004,SEL003,ORD00564,18452.97,INR,DemoPay,1.0,,GTX000564,,,,,,,,,,,,
PE002237,payment_captured,2026-08-25 17:39:23,PAY00564,CMP004,SEL003,ORD00564,18452.97,INR,DemoPay,1.0,,GTX000564,18452.97,,,,,,,,,,,
PE002238,revenue_recognized,2026-08-25 19:34:23,PAY00564,CMP004,SEL003,ORD00564,1476.24,INR,DemoPay,1.0,,,,REV00564,1476.24,platform_fee,,,,,,,,
PE002239,payment_initiated,2026-08-25 14:55:00,PAY00565,CMP011,SEL008,ORD00565,7072.28,INR,DemoPay,1.0,card,,,,,,,,,,,,,
PE002240,payment_authorized,2026-08-25 14:55:19,PAY00565,CMP011,SEL008,ORD00565,7072.28,INR,DemoPay,1.0,,GTX000565,,,,,,,,,,,,
PE002241,payment_captured,2026-08-25 14:55:33,PAY00565,CMP011,SEL008,ORD00565,7072.28,INR,DemoPay,1.0,,GTX000565,7072.28,,,,,,,,,,,
PE002242,revenue_recognized,2026-08-25 15:56:33,PAY00565,CMP011,SEL008,ORD00565,565.78,INR,DemoPay,1.0,,,,REV00565,565.78,platform_fee,,,,,,,,
PE002243,payment_initiated,2026-08-25 15:11:00,PAY00566,CMP014,SEL005,ORD00566,23305.35,INR,DemoPay,1.0,upi,,,,,,,,,,,,,
PE002244,payment_authorized,2026-08-25 15:11:34,PAY00566,CMP014,SEL005,ORD00566,23305.35,INR,DemoPay,1.0,,GTX000566,,,,,,,,,,,,
PE002245,payment_captured,2026-08-25 15:13:11,PAY00566,CMP014,SEL005,ORD00566,23305.35,INR,DemoPay,1.0,,GTX000566,23305.35,,,,,,,,,,,
PE002246,revenue_recognized,2026-08-25 15:38:11,PAY00566,CMP014,SEL005,ORD00566,1864.43,INR,DemoPay,1.0,,,,REV00566,1864.43,platform_fee,,,,,,,,
PE002247,payment_initiated,2026-08-25 17:03:00,PAY00567,CMP007,SEL011,ORD00567,2254.22,INR,DemoPay,1.0,upi,,,,,,,,,,,,,
PE002248,payment_authorized,2026-08-25 17:03:59,PAY00567,CMP007,SEL011,ORD00567,2254.22,INR,DemoPay,1.0,,GTX000567,,,,,,,,,,,,
PE002249,payment_captured,2026-08-25 17:05:03,PAY00567,CMP007,SEL011,ORD00567,2254.22,INR,DemoPay,1.0,,GTX000567,2254.22,,,,,,,,,,,
PE002250,revenue_recognized,2026-08-25 18:04:03,PAY00567,CMP007,SEL011,ORD00567,180.34,INR,DemoPay,1.0,,,,REV00567,180.34,platform_fee,,,,,,,,
PE002251,payment_initiated,2026-08-25 18:39:00,PAY00568,CMP008,SEL010,ORD00568,20054.35,INR,DemoPay,1.0,card,,,,,,,,,,,,,
PE002252,payment_authorized,2026-08-25 18:39:40,PAY00568,CMP008,SEL010,ORD00568,20054.35,INR,DemoPay,1.0,,GTX000568,,,,,,,,,,,,
PE002253,payment_captured,2026-08-25 18:41:34,PAY00568,CMP008,SEL010,ORD00568,20054.35,INR,DemoPay,1.0,,GTX000568,20054.35,,,,,,,,,,,
PE002254,revenue_recognized,2026-08-25 19:11:34,PAY00568,CMP008,SEL010,ORD00568,1604.35,INR,DemoPay,1.0,,,,REV00568,1604.35,platform_fee,,,,,,,,
PE002255,payment_refunded,2026-08-29 19:11:34,PAY00568,CMP008,SEL010,ORD00568,17903.13,INR,DemoPay,1.0,,,,,,,REF00568,17903.13,customer_request,,,,,
PE002256,payment_initiated,2026-08-25 14:47:00,PAY00569,CMP027,SEL015,ORD00569,1840.84,INR,DemoGateway,1.0,card,,,,,,,,,,,,,
PE002257,payment_authorized,2026-08-25 14:47:32,PAY00569,CMP027,SEL015,ORD00569,1840.84,INR,DemoGateway,1.0,,GTX000569,,,,,,,,,,,,
PE002258,payment_captured,2026-08-25 14:48:51,PAY00569,CMP027,SEL015,ORD00569,1840.84,INR,DemoGateway,1.0,,GTX000569,1840.84,,,,,,,,,,,
PE002259,revenue_recognized,2026-08-25 15:17:51,PAY00569,CMP027,SEL015,ORD00569,147.27,INR,DemoGateway,1.0,,,,REV00569,147.27,platform_fee,,,,,,,,
PE002260,payment_initiated,2026-08-25 08:02:00,PAY00570,CMP005,SEL019,ORD00570,11317.64,INR,DemoPay,1.0,upi,,,,,,,,,,,,,
PE002261,payment_authorized,2026-08-25 08:02:37,PAY00570,CMP005,SEL019,ORD00570,11317.64,INR,DemoPay,1.0,,GTX000570,,,,,,,,,,,,
PE002262,payment_captured,2026-08-25 08:02:46,PAY00570,CMP005,SEL019,ORD00570,11317.64,INR,DemoPay,1.0,,GTX000570,11317.64,,,,,,,,,,,
PE002263,revenue_recognized,2026-08-25 08:57:46,PAY00570,CMP005,SEL019,ORD00570,905.41,INR,DemoPay,1.0,,,,REV00570,905.41,platform_fee,,,,,,,,
PE002264,payment_initiated,2026-08-26 08:44:00,PAY00571,CMP015,SEL016,ORD00571,3452.65,INR,DemoPay,1.0,netbanking,,,,,,,,,,,,,
PE002265,payment_authorized,2026-08-26 08:44:18,PAY00571,CMP015,SEL016,ORD00571,3452.65,INR,DemoPay,1.0,,GTX000571,,,,,,,,,,,,
PE002266,payment_captured,2026-08-26 08:44:39,PAY00571,CMP015,SEL016,ORD00571,3452.65,INR,DemoPay,1.0,,GTX000571,3452.65,,,,,,,,,,,
PE002267,revenue_recognized,2026-08-26 09:30:39,PAY00571,CMP015,SEL016,ORD00571,276.21,INR,DemoPay,1.0,,,,REV00571,276.21,platform_fee,,,,,,,,
PE002268,payment_initiated,2026-08-26 10:45:00,PAY00572,CMP003,SEL001,ORD00572,17222.34,INR,DemoGateway,1.0,upi,,,,,,,,,,,,,
PE002269,payment_authorized,2026-08-26 10:45:52,PAY00572,CMP003,SEL001,ORD00572,17222.34,INR,DemoGateway,1.0,,GTX000572,,,,,,,,,,,,
PE002270,payment_captured,2026-08-26 10:47:11,PAY00572,CMP003,SEL001,ORD00572,17222.34,INR,DemoGateway,1.0,,GTX000572,17222.34,,,,,,,,,,,
PE002271,revenue_recognized,2026-08-26 10:51:11,PAY00572,CMP003,SEL001,ORD00572,1377.79,INR,DemoGateway,1.0,,,,REV00572,1377.79,platform_fee,,,,,,,,
PE002272,payment_initiated,2026-08-26 13:40:00,PAY00573,CMP005,SEL013,ORD00573,20061.68,INR,DemoPay,1.0,upi,,,,,,,,,,,,,
PE002273,payment_authorized,2026-08-26 13:40:05,PAY00573,CMP005,SEL013,ORD00573,20061.68,INR,DemoPay,1.0,,GTX000573,,,,,,,,,,,,
PE002274,payment_captured,2026-08-26 13:42:00,PAY00573,CMP005,SEL013,ORD00573,20061.68,INR,DemoPay,1.0,,GTX000573,20061.68,,,,,,,,,,,
PE002275,revenue_recognized,2026-08-26 15:03:00,PAY00573,CMP005,SEL013,ORD00573,1604.93,INR,DemoPay,1.0,,,,REV00573,1604.93,platform_fee,,,,,,,,
PE002276,payment_refunded,2026-08-29 15:03:00,PAY00573,CMP005,SEL013,ORD00573,18458.27,INR,DemoPay,1.0,,,,,,,REF00573,18458.27,service_issue,,,,,
PE002277,payment_initiated,2026-08-26 09:39:00,PAY00574,CMP014,SEL009,ORD00574,20010.76,INR,DemoPay,1.0,upi,,,,,,,,,,,,,
PE002278,payment_authorized,2026-08-26 09:39:08,PAY00574,CMP014,SEL009,ORD00574,20010.76,INR,DemoPay,1.0,,GTX000574,,,,,,,,,,,,
PE002279,payment_captured,2026-08-26 09:40:18,PAY00574,CMP014,SEL009,ORD00574,20010.76,INR,DemoPay,1.0,,GTX000574,20010.76,,,,,,,,,,,
PE002280,revenue_recognized,2026-08-26 11:37:18,PAY00574,CMP014,SEL009,ORD00574,1600.86,INR,DemoPay,1.0,,,,REV00574,1600.86,platform_fee,,,,,,,,
PE002281,payment_initiated,2026-08-26 08:23:00,PAY00575,CMP004,SEL013,ORD00575,12435.79,INR,DemoGateway,1.0,upi,,,,,,,,,,,,,
PE002282,payment_authorized,2026-08-26 08:23:40,PAY00575,CMP004,SEL013,ORD00575,12435.79,INR,DemoGateway,1.0,,GTX000575,,,,,,,,,,,,
PE002283,payment_captured,2026-08-26 08:25:15,PAY00575,CMP004,SEL013,ORD00575,12435.79,INR,DemoGateway,1.0,,GTX000575,12435.79,,,,,,,,,,,
PE002284,revenue_recognized,2026-08-26 08:34:15,PAY00575,CMP004,SEL013,ORD00575,994.86,INR,DemoGateway,1.0,,,,REV00575,994.86,platform_fee,,,,,,,,
PE002285,payment_initiated,2026-08-26 18:30:00,PAY00576,CMP005,SEL011,ORD00576,14181.39,INR,DemoPay,1.0,netbanking,,,,,,,,,,,,,
PE002286,payment_authorized,2026-08-26 18:30:42,PAY00576,CMP005,SEL011,ORD00576,14181.39,INR,DemoPay,1.0,,GTX000576,,,,,,,,,,,,
PE002287,payment_captured,2026-08-26 18:32:38,PAY00576,CMP005,SEL011,ORD00576,14181.39,INR,DemoPay,1.0,,GTX000576,14181.39,,,,,,,,,,,
PE002288,revenue_recognized,2026-08-26 20:02:38,PAY00576,CMP005,SEL011,ORD00576,1134.51,INR,DemoPay,1.0,,,,REV00576,1134.51,platform_fee,,,,,,,,
PE002289,payment_initiated,2026-08-26 16:43:00,PAY00577,CMP008,SEL011,ORD00577,22601.43,INR,DemoGateway,1.0,upi,,,,,,,,,,,,,
PE002290,payment_authorized,2026-08-26 16:43:09,PAY00577,CMP008,SEL011,ORD00577,22601.43,INR,DemoGateway,1.0,,GTX000577,,,,,,,,,,,,
PE002291,payment_captured,2026-08-26 16:44:01,PAY00577,CMP008,SEL011,ORD00577,22601.43,INR,DemoGateway,1.0,,GTX000577,22601.43,,,,,,,,,,,
PE002292,revenue_recognized,2026-08-26 17:29:01,PAY00577,CMP008,SEL011,ORD00577,1808.11,INR,DemoGateway,1.0,,,,REV00577,1808.11,platform_fee,,,,,,,,
PE002293,payment_initiated,2026-08-26 18:52:00,PAY00578,CMP027,SEL004,ORD00578,18180.89,INR,DemoGateway,1.0,netbanking,,,,,,,,,,,,,
PE002294,payment_authorized,2026-08-26 18:52:33,PAY00578,CMP027,SEL004,ORD00578,18180.89,INR,DemoGateway,1.0,,GTX000578,,,,,,,,,,,,
PE002295,payment_captured,2026-08-26 18:53:57,PAY00578,CMP027,SEL004,ORD00578,18180.89,INR,DemoGateway,1.0,,GTX000578,18180.89,,,,,,,,,,,
PE002296,revenue_recognized,2026-08-26 19:41:57,PAY00578,CMP027,SEL004,ORD00578,1454.47,INR,DemoGateway,1.0,,,,REV00578,1454.47,platform_fee,,,,,,,,
PE002297,payment_initiated,2026-08-26 15:05:00,PAY00579,CMP026,SEL003,ORD00579,22459.73,INR,DemoPay,1.0,card,,,,,,,,,,,,,
PE002298,payment_authorized,2026-08-26 15:05:16,PAY00579,CMP026,SEL003,ORD00579,22459.73,INR,DemoPay,1.0,,GTX000579,,,,,,,,,,,,
PE002299,payment_captured,2026-08-26 15:05:57,PAY00579,CMP026,SEL003,ORD00579,22459.73,INR,DemoPay,1.0,,GTX000579,22459.73,,,,,,,,,,,
PE002300,revenue_recognized,2026-08-26 15:15:57,PAY00579,CMP026,SEL003,ORD00579,1796.78,INR,DemoPay,1.0,,,,REV00579,1796.78,platform_fee,,,,,,,,
PE002301,payment_initiated,2026-08-26 11:33:00,PAY00580,CMP023,SEL005,ORD00580,5036.7,INR,DemoGateway,1.0,netbanking,,,,,,,,,,,,,
PE002302,payment_failed,2026-08-26 11:34:03,PAY00580,CMP023,SEL005,ORD00580,5036.7,INR,DemoGateway,1.0,,,,,,,,,,INSUFFICIENT_FUNDS,demo_failure,,,
PE002303,payment_initiated,2026-08-26 15:47:00,PAY00581,CMP018,SEL005,ORD00581,9647.46,INR,DemoGateway,1.0,netbanking,,,,,,,,,,,,,
PE002304,payment_failed,2026-08-26 15:47:34,PAY00581,CMP018,SEL005,ORD00581,9647.46,INR,DemoGateway,1.0,,,,,,,,,,DECLINED,demo_failure,,,
PE002305,payment_initiated,2026-08-26 13:41:00,PAY00582,CMP001,SEL008,ORD00582,11174.76,INR,DemoGateway,1.0,netbanking,,,,,,,,,,,,,
PE002306,payment_authorized,2026-08-26 13:41:36,PAY00582,CMP001,SEL008,ORD00582,11174.76,INR,DemoGateway,1.0,,GTX000582,,,,,,,,,,,,
PE002307,payment_captured,2026-08-26 13:42:56,PAY00582,CMP001,SEL008,ORD00582,11174.76,INR,DemoGateway,1.0,,GTX000582,11174.76,,,,,,,,,,,
PE002308,revenue_recognized,2026-08-26 15:08:56,PAY00582,CMP001,SEL008,ORD00582,893.98,INR,DemoGateway,1.0,,,,REV00582,893.98,platform_fee,,,,,,,,
PE002309,payment_initiated,2026-08-26 12:10:00,PAY00583,CMP015,SEL015,ORD00583,14830.41,INR,DemoGateway,1.0,upi,,,,,,,,,,,,,
PE002310,payment_authorized,2026-08-26 12:10:28,PAY00583,CMP015,SEL015,ORD00583,14830.41,INR,DemoGateway,1.0,,GTX000583,,,,,,,,,,,,
PE002311,payment_captured,2026-08-26 12:11:09,PAY00583,CMP015,SEL015,ORD00583,14830.41,INR,DemoGateway,1.0,,GTX000583,14830.41,,,,,,,,,,,
PE002312,revenue_recognized,2026-08-26 13:50:09,PAY00583,CMP015,SEL015,ORD00583,1186.43,INR,DemoGateway,1.0,,,,REV00583,1186.43,platform_fee,,,,,,,,
PE002313,payment_initiated,2026-08-26 10:45:00,PAY00584,CMP010,SEL015,ORD00584,16037.81,INR,DemoPay,1.0,netbanking,,,,,,,,,,,,,
PE002314,payment_authorized,2026-08-26 10:45:16,PAY00584,CMP010,SEL015,ORD00584,16037.81,INR,DemoPay,1.0,,GTX000584,,,,,,,,,,,,
PE002315,payment_captured,2026-08-26 10:47:08,PAY00584,CMP010,SEL015,ORD00584,16037.81,INR,DemoPay,1.0,,GTX000584,16037.81,,,,,,,,,,,
PE002316,revenue_recognized,2026-08-26 12:18:08,PAY00584,CMP010,SEL015,ORD00584,1283.02,INR,DemoPay,1.0,,,,REV00584,1283.02,platform_fee,,,,,,,,
PE002317,payment_initiated,2026-08-26 13:36:00,PAY00585,CMP005,SEL006,ORD00585,4247.56,INR,DemoPay,1.0,card,,,,,,,,,,,,,
PE002318,payment_authorized,2026-08-26 13:36:28,PAY00585,CMP005,SEL006,ORD00585,4247.56,INR,DemoPay,1.0,,GTX000585,,,,,,,,,,,,
PE002319,payment_captured,2026-08-26 13:36:56,PAY00585,CMP005,SEL006,ORD00585,4247.56,INR,DemoPay,1.0,,GTX000585,4247.56,,,,,,,,,,,
PE002320,revenue_recognized,2026-08-26 14:03:56,PAY00585,CMP005,SEL006,ORD00585,339.8,INR,DemoPay,1.0,,,,REV00585,339.8,platform_fee,,,,,,,,
PE002321,payment_initiated,2026-08-26 16:10:00,PAY00586,CMP011,SEL012,ORD00586,10263.5,INR,DemoPay,1.0,netbanking,,,,,,,,,,,,,
PE002322,payment_authorized,2026-08-26 16:10:06,PAY00586,CMP011,SEL012,ORD00586,10263.5,INR,DemoPay,1.0,,GTX000586,,,,,,,,,,,,
PE002323,payment_captured,2026-08-26 16:11:02,PAY00586,CMP011,SEL012,ORD00586,10263.5,INR,DemoPay,1.0,,GTX000586,10263.5,,,,,,,,,,,
PE002324,revenue_recognized,2026-08-26 18:11:02,PAY00586,CMP011,SEL012,ORD00586,821.08,INR,DemoPay,1.0,,,,REV00586,821.08,platform_fee,,,,,,,,
PE002325,payment_initiated,2026-08-26 16:32:00,PAY00587,CMP015,SEL011,ORD00587,1600.92,INR,DemoPay,1.0,upi,,,,,,,,,,,,,
PE002326,payment_authorized,2026-08-26 16:32:23,PAY00587,CMP015,SEL011,ORD00587,1600.92,INR,DemoPay,1.0,,GTX000587,,,,,,,,,,,,
PE002327,payment_captured,2026-08-26 16:33:28,PAY00587,CMP015,SEL011,ORD00587,1600.92,INR,DemoPay,1.0,,GTX000587,1600.92,,,,,,,,,,,
PE002328,revenue_recognized,2026-08-26 18:28:28,PAY00587,CMP015,SEL011,ORD00587,128.07,INR,DemoPay,1.0,,,,REV00587,128.07,platform_fee,,,,,,,,
PE002329,payment_initiated,2026-08-26 09:46:00,PAY00588,CMP019,SEL005,ORD00588,9459.08,INR,DemoGateway,1.0,upi,,,,,,,,,,,,,
PE002330,payment_authorized,2026-08-26 09:46:13,PAY00588,CMP019,SEL005,ORD00588,9459.08,INR,DemoGateway,1.0,,GTX000588,,,,,,,,,,,,
PE002331,payment_captured,2026-08-26 09:47:44,PAY00588,CMP019,SEL005,ORD00588,9459.08,INR,DemoGateway,1.0,,GTX000588,9459.08,,,,,,,,,,,
PE002332,revenue_recognized,2026-08-26 10:58:44,PAY00588,CMP019,SEL005,ORD00588,756.73,INR,DemoGateway,1.0,,,,REV00588,756.73,platform_fee,,,,,,,,
PE002333,payment_chargeback,2026-08-31 10:58:44,PAY00588,CMP019,SEL005,ORD00588,6745.66,INR,DemoGateway,1.0,,,,,,,,,,,,CB00588,6745.66,fraud_claim
PE002334,payment_initiated,2026-08-26 18:12:00,PAY00589,CMP012,SEL003,ORD00589,2793.29,INR,DemoGateway,1.0,netbanking,,,,,,,,,,,,,
PE002335,payment_authorized,2026-08-26 18:12:55,PAY00589,CMP012,SEL003,ORD00589,2793.29,INR,DemoGateway,1.0,,GTX000589,,,,,,,,,,,,
PE002336,payment_captured,2026-08-26 18:14:38,PAY00589,CMP012,SEL003,ORD00589,2793.29,INR,DemoGateway,1.0,,GTX000589,2793.29,,,,,,,,,,,
PE002337,revenue_recognized,2026-08-26 18:50:38,PAY00589,CMP012,SEL003,ORD00589,223.46,INR,DemoGateway,1.0,,,,REV00589,223.46,platform_fee,,,,,,,,
PE002338,payment_initiated,2026-08-26 14:12:00,PAY00590,CMP028,SEL015,ORD00590,24432.23,INR,DemoPay,1.0,upi,,,,,,,,,,,,,
PE002339,payment_authorized,2026-08-26 14:12:43,PAY00590,CMP028,SEL015,ORD00590,24432.23,INR,DemoPay,1.0,,GTX000590,,,,,,,,,,,,
PE002340,payment_captured,2026-08-26 14:13:53,PAY00590,CMP028,SEL015,ORD00590,24432.23,INR,DemoPay,1.0,,GTX000590,24432.23,,,,,,,,,,,
PE002341,revenue_recognized,2026-08-26 14:21:53,PAY00590,CMP028,SEL015,ORD00590,1954.58,INR,DemoPay,1.0,,,,REV00590,1954.58,platform_fee,,,,,,,,
PE002342,payment_initiated,2026-08-26 08:18:00,PAY00591,CMP005,SEL014,ORD00591,10573.65,INR,DemoGateway,1.0,upi,,,,,,,,,,,,,
PE002343,payment_authorized,2026-08-26 08:18:33,PAY00591,CMP005,SEL014,ORD00591,10573.65,INR,DemoGateway,1.0,,GTX000591,,,,,,,,,,,,
PE002344,payment_captured,2026-08-26 08:20:29,PAY00591,CMP005,SEL014,ORD00591,10573.65,INR,DemoGateway,1.0,,GTX000591,10573.65,,,,,,,,,,,
PE002345,revenue_recognized,2026-08-26 09:32:29,PAY00591,CMP005,SEL014,ORD00591,845.89,INR,DemoGateway,1.0,,,,REV00591,845.89,platform_fee,,,,,,,,
PE002346,payment_refunded,2026-08-30 09:32:29,PAY00591,CMP005,SEL014,ORD00591,8415.46,INR,DemoGateway,1.0,,,,,,,REF00591,8415.46,service_issue,,,,,
PE002347,payment_initiated,2026-08-26 14:46:00,PAY00592,CMP026,SEL015,ORD00592,5349.07,INR,DemoGateway,1.0,upi,,,,,,,,,,,,,
PE002348,payment_authorized,2026-08-26 14:46:42,PAY00592,CMP026,SEL015,ORD00592,5349.07,INR,DemoGateway,1.0,,GTX000592,,,,,,,,,,,,
PE002349,payment_captured,2026-08-26 14:48:03,PAY00592,CMP026,SEL015,ORD00592,5349.07,INR,DemoGateway,1.0,,GTX000592,5349.07,,,,,,,,,,,
PE002350,revenue_recognized,2026-08-26 15:00:03,PAY00592,CMP026,SEL015,ORD00592,427.93,INR,DemoGateway,1.0,,,,REV00592,427.93,platform_fee,,,,,,,,
PE002351,payment_initiated,2026-08-26 17:48:00,PAY00593,CMP028,SEL017,ORD00593,3053.72,INR,DemoGateway,1.0,upi,,,,,,,,,,,,,
PE002352,payment_authorized,2026-08-26 17:48:31,PAY00593,CMP028,SEL017,ORD00593,3053.72,INR,DemoGateway,1.0,,GTX000593,,,,,,,,,,,,
PE002353,payment_captured,2026-08-26 17:49:57,PAY00593,CMP028,SEL017,ORD00593,3053.72,INR,DemoGateway,1.0,,GTX000593,3053.72,,,,,,,,,,,
PE002354,revenue_recognized,2026-08-26 19:47:57,PAY00593,CMP028,SEL017,ORD00593,244.3,INR,DemoGateway,1.0,,,,REV00593,244.3,platform_fee,,,,,,,,
PE002355,payment_initiated,2026-08-27 14:18:00,PAY00594,CMP023,SEL019,ORD00594,6182.55,INR,DemoPay,1.0,netbanking,,,,,,,,,,,,,
PE002356,payment_authorized,2026-08-27 14:18:57,PAY00594,CMP023,SEL019,ORD00594,6182.55,INR,DemoPay,1.0,,GTX000594,,,,,,,,,,,,
PE002357,payment_captured,2026-08-27 14:20:47,PAY00594,CMP023,SEL019,ORD00594,6182.55,INR,DemoPay,1.0,,GTX000594,6182.55,,,,,,,,,,,
PE002358,revenue_recognized,2026-08-27 14:59:47,PAY00594,CMP023,SEL019,ORD00594,494.6,INR,DemoPay,1.0,,,,REV00594,494.6,platform_fee,,,,,,,,
PE002359,payment_initiated,2026-08-27 08:09:00,PAY00595,CMP018,SEL015,ORD00595,2130.74,INR,DemoPay,1.0,upi,,,,,,,,,,,,,
PE002360,payment_authorized,2026-08-27 08:09:45,PAY00595,CMP018,SEL015,ORD00595,2130.74,INR,DemoPay,1.0,,GTX000595,,,,,,,,,,,,
PE002361,payment_captured,2026-08-27 08:11:36,PAY00595,CMP018,SEL015,ORD00595,2130.74,INR,DemoPay,1.0,,GTX000595,2130.74,,,,,,,,,,,
PE002362,revenue_recognized,2026-08-27 09:33:36,PAY00595,CMP018,SEL015,ORD00595,170.46,INR,DemoPay,1.0,,,,REV00595,170.46,platform_fee,,,,,,,,
PE002363,payment_initiated,2026-08-27 18:15:00,PAY00596,CMP029,SEL010,ORD00596,5715.25,INR,DemoGateway,1.0,card,,,,,,,,,,,,,
PE002364,payment_authorized,2026-08-27 18:15:22,PAY00596,CMP029,SEL010,ORD00596,5715.25,INR,DemoGateway,1.0,,GTX000596,,,,,,,,,,,,
PE002365,payment_captured,2026-08-27 18:16:30,PAY00596,CMP029,SEL010,ORD00596,5715.25,INR,DemoGateway,1.0,,GTX000596,5715.25,,,,,,,,,,,
PE002366,revenue_recognized,2026-08-27 18:25:30,PAY00596,CMP029,SEL010,ORD00596,457.22,INR,DemoGateway,1.0,,,,REV00596,457.22,platform_fee,,,,,,,,
PE002367,payment_initiated,2026-08-27 18:43:00,PAY00597,CMP016,SEL019,ORD00597,21906.13,INR,DemoGateway,1.0,upi,,,,,,,,,,,,,
PE002368,payment_authorized,2026-08-27 18:43:57,PAY00597,CMP016,SEL019,ORD00597,21906.13,INR,DemoGateway,1.0,,GTX000597,,,,,,,,,,,,
PE002369,payment_captured,2026-08-27 18:44:17,PAY00597,CMP016,SEL019,ORD00597,21906.13,INR,DemoGateway,1.0,,GTX000597,21906.13,,,,,,,,,,,
PE002370,revenue_recognized,2026-08-27 19:32:17,PAY00597,CMP016,SEL019,ORD00597,1752.49,INR,DemoGateway,1.0,,,,REV00597,1752.49,platform_fee,,,,,,,,
PE002371,payment_initiated,2026-08-27 10:20:00,PAY00598,CMP028,SEL009,ORD00598,15168.88,INR,DemoPay,1.0,upi,,,,,,,,,,,,,
PE002372,payment_authorized,2026-08-27 10:20:13,PAY00598,CMP028,SEL009,ORD00598,15168.88,INR,DemoPay,1.0,,GTX000598,,,,,,,,,,,,
PE002373,payment_captured,2026-08-27 10:21:03,PAY00598,CMP028,SEL009,ORD00598,15168.88,INR,DemoPay,1.0,,GTX000598,15168.88,,,,,,,,,,,
PE002374,revenue_recognized,2026-08-27 10:42:03,PAY00598,CMP028,SEL009,ORD00598,1213.51,INR,DemoPay,1.0,,,,REV00598,1213.51,platform_fee,,,,,,,,
PE002375,payment_refunded,2026-08-30 10:42:03,PAY00598,CMP028,SEL009,ORD00598,7901.05,INR,DemoPay,1.0,,,,,,,REF00598,7901.05,customer_request,,,,,
PE002376,payment_initiated,2026-08-27 10:48:00,PAY00599,CMP017,SEL003,ORD00599,19511.4,INR,DemoPay,1.0,card,,,,,,,,,,,,,
PE002377,payment_authorized,2026-08-27 10:48:15,PAY00599,CMP017,SEL003,ORD00599,19511.4,INR,DemoPay,1.0,,GTX000599,,,,,,,,,,,,
PE002378,payment_captured,2026-08-27 10:49:29,PAY00599,CMP017,SEL003,ORD00599,19511.4,INR,DemoPay,1.0,,GTX000599,19511.4,,,,,,,,,,,
PE002379,revenue_recognized,2026-08-27 11:31:29,PAY00599,CMP017,SEL003,ORD00599,1560.91,INR,DemoPay,1.0,,,,REV00599,1560.91,platform_fee,,,,,,,,
PE002380,payment_initiated,2026-08-27 13:06:00,PAY00600,CMP022,SEL010,ORD00600,17607.93,INR,DemoGateway,1.0,netbanking,,,,,,,,,,,,,
PE002381,payment_authorized,2026-08-27 13:06:57,PAY00600,CMP022,SEL010,ORD00600,17607.93,INR,DemoGateway,1.0,,GTX000600,,,,,,,,,,,,
PE002382,payment_captured,2026-08-27 13:07:20,PAY00600,CMP022,SEL010,ORD00600,17607.93,INR,DemoGateway,1.0,,GTX000600,17607.93,,,,,,,,,,,
PE002383,revenue_recognized,2026-08-27 13:09:20,PAY00600,CMP022,SEL010,ORD00600,1408.63,INR,DemoGateway,1.0,,,,REV00600,1408.63,platform_fee,,,,,,,,
PE002384,payment_initiated,2026-08-27 10:06:00,PAY00601,CMP025,SEL016,ORD00601,9497.36,INR,DemoGateway,1.0,card,,,,,,,,,,,,,
PE002385,payment_authorized,2026-08-27 10:06:19,PAY00601,CMP025,SEL016,ORD00601,9497.36,INR,DemoGateway,1.0,,GTX000601,,,,,,,,,,,,
PE002386,payment_captured,2026-08-27 10:08:10,PAY00601,CMP025,SEL016,ORD00601,9497.36,INR,DemoGateway,1.0,,GTX000601,9497.36,,,,,,,,,,,
PE002387,revenue_recognized,2026-08-27 10:33:10,PAY00601,CMP025,SEL016,ORD00601,759.79,INR,DemoGateway,1.0,,,,REV00601,759.79,platform_fee,,,,,,,,
PE002388,payment_initiated,2026-08-27 09:07:00,PAY00602,CMP023,SEL017,ORD00602,11307.64,INR,DemoPay,1.0,card,,,,,,,,,,,,,
PE002389,payment_authorized,2026-08-27 09:07:35,PAY00602,CMP023,SEL017,ORD00602,11307.64,INR,DemoPay,1.0,,GTX000602,,,,,,,,,,,,
PE002390,payment_captured,2026-08-27 09:08:24,PAY00602,CMP023,SEL017,ORD00602,11307.64,INR,DemoPay,1.0,,GTX000602,11307.64,,,,,,,,,,,
PE002391,revenue_recognized,2026-08-27 09:48:24,PAY00602,CMP023,SEL017,ORD00602,904.61,INR,DemoPay,1.0,,,,REV00602,904.61,platform_fee,,,,,,,,
PE002392,payment_initiated,2026-08-27 12:01:00,PAY00603,CMP015,SEL020,ORD00603,5546.87,INR,DemoGateway,1.0,netbanking,,,,,,,,,,,,,
PE002393,payment_authorized,2026-08-27 12:01:19,PAY00603,CMP015,SEL020,ORD00603,5546.87,INR,DemoGateway,1.0,,GTX000603,,,,,,,,,,,,
PE002394,payment_captured,2026-08-27 12:01:40,PAY00603,CMP015,SEL020,ORD00603,5546.87,INR,DemoGateway,1.0,,GTX000603,5546.87,,,,,,,,,,,
PE002395,revenue_recognized,2026-08-27 13:51:40,PAY00603,CMP015,SEL020,ORD00603,443.75,INR,DemoGateway,1.0,,,,REV00603,443.75,platform_fee,,,,,,,,
PE002396,payment_initiated,2026-08-27 09:27:00,PAY00604,CMP010,SEL005,ORD00604,4560.13,INR,DemoPay,1.0,netbanking,,,,,,,,,,,,,
PE002397,payment_authorized,2026-08-27 09:27:12,PAY00604,CMP010,SEL005,ORD00604,4560.13,INR,DemoPay,1.0,,GTX000604,,,,,,,,,,,,
PE002398,payment_captured,2026-08-27 09:27:26,PAY00604,CMP010,SEL005,ORD00604,4560.13,INR,DemoPay,1.0,,GTX000604,4560.13,,,,,,,,,,,
PE002399,revenue_recognized,2026-08-27 09:30:26,PAY00604,CMP010,SEL005,ORD00604,364.81,INR,DemoPay,1.0,,,,REV00604,364.81,platform_fee,,,,,,,,
PE002400,payment_initiated,2026-08-27 18:32:00,PAY00605,CMP002,SEL007,ORD00605,2270.63,INR,DemoPay,1.0,netbanking,,,,,,,,,,,,,
PE002401,payment_failed,2026-08-27 18:32:25,PAY00605,CMP002,SEL007,ORD00605,2270.63,INR,DemoPay,1.0,,,,,,,,,,TIMEOUT,demo_failure,,,
PE002402,payment_initiated,2026-08-27 09:50:00,PAY00606,CMP002,SEL003,ORD00606,17188.28,INR,DemoGateway,1.0,card,,,,,,,,,,,,,
PE002403,payment_authorized,2026-08-27 09:50:18,PAY00606,CMP002,SEL003,ORD00606,17188.28,INR,DemoGateway,1.0,,GTX000606,,,,,,,,,,,,
PE002404,payment_captured,2026-08-27 09:51:38,PAY00606,CMP002,SEL003,ORD00606,17188.28,INR,DemoGateway,1.0,,GTX000606,17188.28,,,,,,,,,,,
PE002405,revenue_recognized,2026-08-27 11:47:38,PAY00606,CMP002,SEL003,ORD00606,1375.06,INR,DemoGateway,1.0,,,,REV00606,1375.06,platform_fee,,,,,,,,
PE002406,payment_initiated,2026-08-27 12:37:00,PAY00607,CMP001,SEL003,ORD00607,21377.75,INR,DemoPay,1.0,upi,,,,,,,,,,,,,
PE002407,payment_authorized,2026-08-27 12:37:59,PAY00607,CMP001,SEL003,ORD00607,21377.75,INR,DemoPay,1.0,,GTX000607,,,,,,,,,,,,
PE002408,payment_captured,2026-08-27 12:39:08,PAY00607,CMP001,SEL003,ORD00607,21377.75,INR,DemoPay,1.0,,GTX000607,21377.75,,,,,,,,,,,
PE002409,revenue_recognized,2026-08-27 14:19:08,PAY00607,CMP001,SEL003,ORD00607,1710.22,INR,DemoPay,1.0,,,,REV00607,1710.22,platform_fee,,,,,,,,
PE002410,payment_initiated,2026-08-27 08:33:00,PAY00608,CMP019,SEL003,ORD00608,20760.28,INR,DemoPay,1.0,card,,,,,,,,,,,,,
PE002411,payment_authorized,2026-08-27 08:33:23,PAY00608,CMP019,SEL003,ORD00608,20760.28,INR,DemoPay,1.0,,GTX000608,,,,,,,,,,,,
PE002412,payment_captured,2026-08-27 08:33:49,PAY00608,CMP019,SEL003,ORD00608,20760.28,INR,DemoPay,1.0,,GTX000608,20760.28,,,,,,,,,,,
PE002413,revenue_recognized,2026-08-27 10:29:49,PAY00608,CMP019,SEL003,ORD00608,1660.82,INR,DemoPay,1.0,,,,REV00608,1660.82,platform_fee,,,,,,,,
PE002414,payment_chargeback,2026-09-01 10:29:49,PAY00608,CMP019,SEL003,ORD00608,16483.91,INR,DemoPay,1.0,,,,,,,,,,,,CB00608,16483.91,duplicate_payment
PE002415,payment_initiated,2026-08-27 10:28:00,PAY00609,CMP028,SEL016,ORD00609,17906.12,INR,DemoGateway,1.0,netbanking,,,,,,,,,,,,,
PE002416,payment_authorized,2026-08-27 10:28:16,PAY00609,CMP028,SEL016,ORD00609,17906.12,INR,DemoGateway,1.0,,GTX000609,,,,,,,,,,,,
PE002417,payment_captured,2026-08-27 10:30:07,PAY00609,CMP028,SEL016,ORD00609,17906.12,INR,DemoGateway,1.0,,GTX000609,17906.12,,,,,,,,,,,
PE002418,revenue_recognized,2026-08-27 11:16:07,PAY00609,CMP028,SEL016,ORD00609,1432.49,INR,DemoGateway,1.0,,,,REV00609,1432.49,platform_fee,,,,,,,,
PE002419,payment_initiated,2026-08-27 13:07:00,PAY00610,CMP017,SEL008,ORD00610,4151.87,INR,DemoGateway,1.0,upi,,,,,,,,,,,,,
PE002420,payment_authorized,2026-08-27 13:07:13,PAY00610,CMP017,SEL008,ORD00610,4151.87,INR,DemoGateway,1.0,,GTX000610,,,,,,,,,,,,
PE002421,payment_captured,2026-08-27 13:08:21,PAY00610,CMP017,SEL008,ORD00610,4151.87,INR,DemoGateway,1.0,,GTX000610,4151.87,,,,,,,,,,,
PE002422,revenue_recognized,2026-08-27 14:46:21,PAY00610,CMP017,SEL008,ORD00610,332.15,INR,DemoGateway,1.0,,,,REV00610,332.15,platform_fee,,,,,,,,
PE002423,payment_initiated,2026-08-27 09:24:00,PAY00611,CMP024,SEL002,ORD00611,9210.71,INR,DemoPay,1.0,upi,,,,,,,,,,,,,
PE002424,payment_authorized,2026-08-27 09:24:52,PAY00611,CMP024,SEL002,ORD00611,9210.71,INR,DemoPay,1.0,,GTX000611,,,,,,,,,,,,
PE002425,payment_captured,2026-08-27 09:25:36,PAY00611,CMP024,SEL002,ORD00611,9210.71,INR,DemoPay,1.0,,GTX000611,9210.71,,,,,,,,,,,
PE002426,revenue_recognized,2026-08-27 10:53:36,PAY00611,CMP024,SEL002,ORD00611,736.86,INR,DemoPay,1.0,,,,REV00611,736.86,platform_fee,,,,,,,,
PE002427,payment_initiated,2026-08-27 14:12:00,PAY00612,CMP018,SEL014,ORD00612,24646.61,INR,DemoGateway,1.0,card,,,,,,,,,,,,,
PE002428,payment_authorized,2026-08-27 14:12:56,PAY00612,CMP018,SEL014,ORD00612,24646.61,INR,DemoGateway,1.0,,GTX000612,,,,,,,,,,,,
PE002429,payment_captured,2026-08-27 14:14:01,PAY00612,CMP018,SEL014,ORD00612,24646.61,INR,DemoGateway,1.0,,GTX000612,24646.61,,,,,,,,,,,
PE002430,revenue_recognized,2026-08-27 15:41:01,PAY00612,CMP018,SEL014,ORD00612,1971.73,INR,DemoGateway,1.0,,,,REV00612,1971.73,platform_fee,,,,,,,,
PE002431,payment_chargeback,2026-09-08 15:41:01,PAY00612,CMP018,SEL014,ORD00612,18623.45,INR,DemoGateway,1.0,,,,,,,,,,,,CB00612,18623.45,customer_dispute
PE002432,payment_initiated,2026-08-27 14:25:00,PAY00613,CMP013,SEL015,ORD00613,4301.62,INR,DemoPay,1.0,netbanking,,,,,,,,,,,,,
PE002433,payment_authorized,2026-08-27 14:25:11,PAY00613,CMP013,SEL015,ORD00613,4301.62,INR,DemoPay,1.0,,GTX000613,,,,,,,,,,,,
PE002434,payment_captured,2026-08-27 14:26:50,PAY00613,CMP013,SEL015,ORD00613,4301.62,INR,DemoPay,1.0,,GTX000613,4301.62,,,,,,,,,,,
PE002435,revenue_recognized,2026-08-27 16:25:50,PAY00613,CMP013,SEL015,ORD00613,344.13,INR,DemoPay,1.0,,,,REV00613,344.13,platform_fee,,,,,,,,
PE002436,payment_initiated,2026-08-27 14:07:00,PAY00614,CMP012,SEL007,ORD00614,6206.19,INR,DemoGateway,1.0,card,,,,,,,,,,,,,
PE002437,payment_authorized,2026-08-27 14:07:51,PAY00614,CMP012,SEL007,ORD00614,6206.19,INR,DemoGateway,1.0,,GTX000614,,,,,,,,,,,,
PE002438,payment_captured,2026-08-27 14:08:59,PAY00614,CMP012,SEL007,ORD00614,6206.19,INR,DemoGateway,1.0,,GTX000614,6206.19,,,,,,,,,,,
PE002439,revenue_recognized,2026-08-27 14:44:59,PAY00614,CMP012,SEL007,ORD00614,496.5,INR,DemoGateway,1.0,,,,REV00614,496.5,platform_fee,,,,,,,,
PE002440,payment_initiated,2026-08-27 18:38:00,PAY00615,CMP019,SEL009,ORD00615,9868.29,INR,DemoGateway,1.0,upi,,,,,,,,,,,,,
PE002441,payment_authorized,2026-08-27 18:38:37,PAY00615,CMP019,SEL009,ORD00615,9868.29,INR,DemoGateway,1.0,,GTX000615,,,,,,,,,,,,
PE002442,payment_captured,2026-08-27 18:39:17,PAY00615,CMP019,SEL009,ORD00615,9868.29,INR,DemoGateway,1.0,,GTX000615,9868.29,,,,,,,,,,,
PE002443,revenue_recognized,2026-08-27 18:58:17,PAY00615,CMP019,SEL009,ORD00615,789.46,INR,DemoGateway,1.0,,,,REV00615,789.46,platform_fee,,,,,,,,
PE002444,payment_initiated,2026-08-27 10:01:00,PAY00616,CMP009,SEL016,ORD00616,6924.31,INR,DemoGateway,1.0,card,,,,,,,,,,,,,
PE002445,payment_authorized,2026-08-27 10:01:58,PAY00616,CMP009,SEL016,ORD00616,6924.31,INR,DemoGateway,1.0,,GTX000616,,,,,,,,,,,,
PE002446,payment_captured,2026-08-27 10:02:11,PAY00616,CMP009,SEL016,ORD00616,6924.31,INR,DemoGateway,1.0,,GTX000616,6924.31,,,,,,,,,,,
PE002447,revenue_recognized,2026-08-27 11:06:11,PAY00616,CMP009,SEL016,ORD00616,553.94,INR,DemoGateway,1.0,,,,REV00616,553.94,platform_fee,,,,,,,,
PE002448,payment_initiated,2026-08-27 17:39:00,PAY00617,CMP013,SEL020,ORD00617,5089.31,INR,DemoGateway,1.0,card,,,,,,,,,,,,,
PE002449,payment_authorized,2026-08-27 17:39:47,PAY00617,CMP013,SEL020,ORD00617,5089.31,INR,DemoGateway,1.0,,GTX000617,,,,,,,,,,,,
PE002450,payment_captured,2026-08-27 17:41:28,PAY00617,CMP013,SEL020,ORD00617,5089.31,INR,DemoGateway,1.0,,GTX000617,5089.31,,,,,,,,,,,
PE002451,revenue_recognized,2026-08-27 18:48:28,PAY00617,CMP013,SEL020,ORD00617,407.14,INR,DemoGateway,1.0,,,,REV00617,407.14,platform_fee,,,,,,,,
PE002452,payment_initiated,2026-08-27 12:34:00,PAY00618,CMP007,SEL010,ORD00618,13020.88,INR,DemoGateway,1.0,upi,,,,,,,,,,,,,
PE002453,payment_authorized,2026-08-27 12:34:39,PAY00618,CMP007,SEL010,ORD00618,13020.88,INR,DemoGateway,1.0,,GTX000618,,,,,,,,,,,,
PE002454,payment_captured,2026-08-27 12:35:53,PAY00618,CMP007,SEL010,ORD00618,13020.88,INR,DemoGateway,1.0,,GTX000618,13020.88,,,,,,,,,,,
PE002455,revenue_recognized,2026-08-27 12:38:53,PAY00618,CMP007,SEL010,ORD00618,1041.67,INR,DemoGateway,1.0,,,,REV00618,1041.67,platform_fee,,,,,,,,
PE002456,payment_initiated,2026-08-27 14:28:00,PAY00619,CMP014,SEL004,ORD00619,12077.71,INR,DemoGateway,1.0,upi,,,,,,,,,,,,,
PE002457,payment_failed,2026-08-27 14:28:32,PAY00619,CMP014,SEL004,ORD00619,12077.71,INR,DemoGateway,1.0,,,,,,,,,,INSUFFICIENT_FUNDS,demo_failure,,,
PE002458,payment_initiated,2026-08-27 10:19:00,PAY00620,CMP022,SEL010,ORD00620,13049.77,INR,DemoPay,1.0,netbanking,,,,,,,,,,,,,
PE002459,payment_authorized,2026-08-27 10:19:53,PAY00620,CMP022,SEL010,ORD00620,13049.77,INR,DemoPay,1.0,,GTX000620,,,,,,,,,,,,
PE002460,payment_captured,2026-08-27 10:20:12,PAY00620,CMP022,SEL010,ORD00620,13049.77,INR,DemoPay,1.0,,GTX000620,13049.77,,,,,,,,,,,
PE002461,revenue_recognized,2026-08-27 11:33:12,PAY00620,CMP022,SEL010,ORD00620,1043.98,INR,DemoPay,1.0,,,,REV00620,1043.98,platform_fee,,,,,,,,
PE002462,payment_initiated,2026-08-27 10:32:00,PAY00621,CMP022,SEL018,ORD00621,12683.91,INR,DemoGateway,1.0,card,,,,,,,,,,,,,
PE002463,payment_authorized,2026-08-27 10:32:36,PAY00621,CMP022,SEL018,ORD00621,12683.91,INR,DemoGateway,1.0,,GTX000621,,,,,,,,,,,,
PE002464,payment_captured,2026-08-27 10:33:56,PAY00621,CMP022,SEL018,ORD00621,12683.91,INR,DemoGateway,1.0,,GTX000621,12683.91,,,,,,,,,,,
PE002465,revenue_recognized,2026-08-27 11:22:56,PAY00621,CMP022,SEL018,ORD00621,1014.71,INR,DemoGateway,1.0,,,,REV00621,1014.71,platform_fee,,,,,,,,
PE002466,payment_initiated,2026-08-27 08:08:00,PAY00622,CMP010,SEL011,ORD00622,2161.45,INR,DemoPay,1.0,upi,,,,,,,,,,,,,
PE002467,payment_authorized,2026-08-27 08:08:52,PAY00622,CMP010,SEL011,ORD00622,2161.45,INR,DemoPay,1.0,,GTX000622,,,,,,,,,,,,
PE002468,payment_captured,2026-08-27 08:10:11,PAY00622,CMP010,SEL011,ORD00622,2161.45,INR,DemoPay,1.0,,GTX000622,2161.45,,,,,,,,,,,
PE002469,revenue_recognized,2026-08-27 08:14:11,PAY00622,CMP010,SEL011,ORD00622,172.92,INR,DemoPay,1.0,,,,REV00622,172.92,platform_fee,,,,,,,,
PE002470,payment_initiated,2026-08-28 14:22:00,PAY00623,CMP004,SEL014,ORD00623,24810.72,INR,DemoGateway,1.0,card,,,,,,,,,,,,,
PE002471,payment_authorized,2026-08-28 14:22:20,PAY00623,CMP004,SEL014,ORD00623,24810.72,INR,DemoGateway,1.0,,GTX000623,,,,,,,,,,,,
PE002472,payment_captured,2026-08-28 14:22:55,PAY00623,CMP004,SEL014,ORD00623,24810.72,INR,DemoGateway,1.0,,GTX000623,24810.72,,,,,,,,,,,
PE002473,revenue_recognized,2026-08-28 15:45:55,PAY00623,CMP004,SEL014,ORD00623,1984.86,INR,DemoGateway,1.0,,,,REV00623,1984.86,platform_fee,,,,,,,,
PE002474,payment_initiated,2026-08-28 10:01:00,PAY00624,CMP023,SEL003,ORD00624,4190.08,INR,DemoGateway,1.0,netbanking,,,,,,,,,,,,,
PE002475,payment_authorized,2026-08-28 10:01:34,PAY00624,CMP023,SEL003,ORD00624,4190.08,INR,DemoGateway,1.0,,GTX000624,,,,,,,,,,,,
PE002476,payment_captured,2026-08-28 10:03:03,PAY00624,CMP023,SEL003,ORD00624,4190.08,INR,DemoGateway,1.0,,GTX000624,4190.08,,,,,,,,,,,
PE002477,revenue_recognized,2026-08-28 11:54:03,PAY00624,CMP023,SEL003,ORD00624,335.21,INR,DemoGateway,1.0,,,,REV00624,335.21,platform_fee,,,,,,,,
PE002478,payment_initiated,2026-08-28 17:01:00,PAY00625,CMP014,SEL009,ORD00625,17855.02,INR,DemoPay,1.0,upi,,,,,,,,,,,,,
PE002479,payment_authorized,2026-08-28 17:01:29,PAY00625,CMP014,SEL009,ORD00625,17855.02,INR,DemoPay,1.0,,GTX000625,,,,,,,,,,,,
PE002480,payment_captured,2026-08-28 17:02:15,PAY00625,CMP014,SEL009,ORD00625,17855.02,INR,DemoPay,1.0,,GTX000625,17855.02,,,,,,,,,,,
PE002481,revenue_recognized,2026-08-28 18:16:15,PAY00625,CMP014,SEL009,ORD00625,1428.4,INR,DemoPay,1.0,,,,REV00625,1428.4,platform_fee,,,,,,,,
PE002482,payment_refunded,2026-08-30 18:16:15,PAY00625,CMP014,SEL009,ORD00625,11003.49,INR,DemoPay,1.0,,,,,,,REF00625,11003.49,order_cancelled,,,,,
PE002483,payment_initiated,2026-08-28 13:27:00,PAY00626,CMP026,SEL011,ORD00626,15948.46,INR,DemoPay,1.0,card,,,,,,,,,,,,,
PE002484,payment_authorized,2026-08-28 13:27:59,PAY00626,CMP026,SEL011,ORD00626,15948.46,INR,DemoPay,1.0,,GTX000626,,,,,,,,,,,,
PE002485,payment_captured,2026-08-28 13:29:44,PAY00626,CMP026,SEL011,ORD00626,15948.46,INR,DemoPay,1.0,,GTX000626,15948.46,,,,,,,,,,,
PE002486,revenue_recognized,2026-08-28 13:39:44,PAY00626,CMP026,SEL011,ORD00626,1275.88,INR,DemoPay,1.0,,,,REV00626,1275.88,platform_fee,,,,,,,,
PE002487,payment_initiated,2026-08-28 17:25:00,PAY00627,CMP010,SEL009,ORD00627,8487.03,INR,DemoPay,1.0,card,,,,,,,,,,,,,
PE002488,payment_authorized,2026-08-28 17:25:10,PAY00627,CMP010,SEL009,ORD00627,8487.03,INR,DemoPay,1.0,,GTX000627,,,,,,,,,,,,
PE002489,payment_captured,2026-08-28 17:26:46,PAY00627,CMP010,SEL009,ORD00627,8487.03,INR,DemoPay,1.0,,GTX000627,8487.03,,,,,,,,,,,
PE002490,revenue_recognized,2026-08-28 19:15:46,PAY00627,CMP010,SEL009,ORD00627,678.96,INR,DemoPay,1.0,,,,REV00627,678.96,platform_fee,,,,,,,,
PE002491,payment_initiated,2026-08-28 13:50:00,PAY00628,CMP009,SEL003,ORD00628,11536.99,INR,DemoGateway,1.0,card,,,,,,,,,,,,,
PE002492,payment_authorized,2026-08-28 13:50:24,PAY00628,CMP009,SEL003,ORD00628,11536.99,INR,DemoGateway,1.0,,GTX000628,,,,,,,,,,,,
PE002493,payment_captured,2026-08-28 13:51:33,PAY00628,CMP009,SEL003,ORD00628,11536.99,INR,DemoGateway,1.0,,GTX000628,11536.99,,,,,,,,,,,
PE002494,revenue_recognized,2026-08-28 15:34:33,PAY00628,CMP009,SEL003,ORD00628,922.96,INR,DemoGateway,1.0,,,,REV00628,922.96,platform_fee,,,,,,,,
PE002495,payment_initiated,2026-08-28 17:32:00,PAY00629,CMP011,SEL007,ORD00629,10954.07,INR,DemoGateway,1.0,upi,,,,,,,,,,,,,
PE002496,payment_authorized,2026-08-28 17:32:40,PAY00629,CMP011,SEL007,ORD00629,10954.07,INR,DemoGateway,1.0,,GTX000629,,,,,,,,,,,,
PE002497,payment_captured,2026-08-28 17:33:08,PAY00629,CMP011,SEL007,ORD00629,10954.07,INR,DemoGateway,1.0,,GTX000629,10954.07,,,,,,,,,,,
PE002498,revenue_recognized,2026-08-28 19:26:08,PAY00629,CMP011,SEL007,ORD00629,876.33,INR,DemoGateway,1.0,,,,REV00629,876.33,platform_fee,,,,,,,,
PE002499,payment_refunded,2026-08-30 19:26:08,PAY00629,CMP011,SEL007,ORD00629,8516.78,INR,DemoGateway,1.0,,,,,,,REF00629,8516.78,service_issue,,,,,
PE002500,payment_initiated,2026-08-28 16:51:00,PAY00630,CMP022,SEL015,ORD00630,23523.33,INR,DemoGateway,1.0,netbanking,,,,,,,,,,,,,
PE002501,payment_authorized,2026-08-28 16:51:32,PAY00630,CMP022,SEL015,ORD00630,23523.33,INR,DemoGateway,1.0,,GTX000630,,,,,,,,,,,,
PE002502,payment_captured,2026-08-28 16:52:49,PAY00630,CMP022,SEL015,ORD00630,23523.33,INR,DemoGateway,1.0,,GTX000630,23523.33,,,,,,,,,,,
PE002503,revenue_recognized,2026-08-28 18:26:49,PAY00630,CMP022,SEL015,ORD00630,1881.87,INR,DemoGateway,1.0,,,,REV00630,1881.87,platform_fee,,,,,,,,
PE002504,payment_initiated,2026-08-28 18:48:00,PAY00631,CMP012,SEL015,ORD00631,7148.79,INR,DemoPay,1.0,upi,,,,,,,,,,,,,
PE002505,payment_authorized,2026-08-28 18:48:31,PAY00631,CMP012,SEL015,ORD00631,7148.79,INR,DemoPay,1.0,,GTX000631,,,,,,,,,,,,
PE002506,payment_captured,2026-08-28 18:49:16,PAY00631,CMP012,SEL015,ORD00631,7148.79,INR,DemoPay,1.0,,GTX000631,7148.79,,,,,,,,,,,
PE002507,revenue_recognized,2026-08-28 20:40:16,PAY00631,CMP012,SEL015,ORD00631,571.9,INR,DemoPay,1.0,,,,REV00631,571.9,platform_fee,,,,,,,,
PE002508,payment_initiated,2026-08-28 18:10:00,PAY00632,CMP007,SEL014,ORD00632,20857.2,INR,DemoGateway,1.0,upi,,,,,,,,,,,,,
PE002509,payment_authorized,2026-08-28 18:10:20,PAY00632,CMP007,SEL014,ORD00632,20857.2,INR,DemoGateway,1.0,,GTX000632,,,,,,,,,,,,
PE002510,payment_captured,2026-08-28 18:11:16,PAY00632,CMP007,SEL014,ORD00632,20857.2,INR,DemoGateway,1.0,,GTX000632,20857.2,,,,,,,,,,,
PE002511,revenue_recognized,2026-08-28 18:42:16,PAY00632,CMP007,SEL014,ORD00632,1668.58,INR,DemoGateway,1.0,,,,REV00632,1668.58,platform_fee,,,,,,,,
PE002512,payment_initiated,2026-08-28 14:27:00,PAY00633,CMP008,SEL010,ORD00633,12906.49,INR,DemoGateway,1.0,netbanking,,,,,,,,,,,,,
PE002513,payment_authorized,2026-08-28 14:27:17,PAY00633,CMP008,SEL010,ORD00633,12906.49,INR,DemoGateway,1.0,,GTX000633,,,,,,,,,,,,
PE002514,payment_captured,2026-08-28 14:27:42,PAY00633,CMP008,SEL010,ORD00633,12906.49,INR,DemoGateway,1.0,,GTX000633,12906.49,,,,,,,,,,,
PE002515,revenue_recognized,2026-08-28 15:02:42,PAY00633,CMP008,SEL010,ORD00633,1032.52,INR,DemoGateway,1.0,,,,REV00633,1032.52,platform_fee,,,,,,,,
PE002516,payment_initiated,2026-08-28 08:46:00,PAY00634,CMP026,SEL009,ORD00634,16640.9,INR,DemoPay,1.0,upi,,,,,,,,,,,,,
PE002517,payment_authorized,2026-08-28 08:46:08,PAY00634,CMP026,SEL009,ORD00634,16640.9,INR,DemoPay,1.0,,GTX000634,,,,,,,,,,,,
PE002518,payment_captured,2026-08-28 08:48:03,PAY00634,CMP026,SEL009,ORD00634,16640.9,INR,DemoPay,1.0,,GTX000634,16640.9,,,,,,,,,,,
PE002519,revenue_recognized,2026-08-28 10:43:03,PAY00634,CMP026,SEL009,ORD00634,1331.27,INR,DemoPay,1.0,,,,REV00634,1331.27,platform_fee,,,,,,,,
PE002520,payment_refunded,2026-08-29 10:43:03,PAY00634,CMP026,SEL009,ORD00634,11668.6,INR,DemoPay,1.0,,,,,,,REF00634,11668.6,order_cancelled,,,,,
PE002521,payment_initiated,2026-08-28 10:15:00,PAY00635,CMP022,SEL003,ORD00635,23664.31,INR,DemoGateway,1.0,card,,,,,,,,,,,,,
PE002522,payment_authorized,2026-08-28 10:15:37,PAY00635,CMP022,SEL003,ORD00635,23664.31,INR,DemoGateway,1.0,,GTX000635,,,,,,,,,,,,
PE002523,payment_captured,2026-08-28 10:15:57,PAY00635,CMP022,SEL003,ORD00635,23664.31,INR,DemoGateway,1.0,,GTX000635,23664.31,,,,,,,,,,,
PE002524,revenue_recognized,2026-08-28 11:22:57,PAY00635,CMP022,SEL003,ORD00635,1893.14,INR,DemoGateway,1.0,,,,REV00635,1893.14,platform_fee,,,,,,,,
PE002525,payment_initiated,2026-08-28 09:15:00,PAY00636,CMP025,SEL017,ORD00636,13166.6,INR,DemoGateway,1.0,netbanking,,,,,,,,,,,,,
PE002526,payment_authorized,2026-08-28 09:15:56,PAY00636,CMP025,SEL017,ORD00636,13166.6,INR,DemoGateway,1.0,,GTX000636,,,,,,,,,,,,
PE002527,payment_captured,2026-08-28 09:16:41,PAY00636,CMP025,SEL017,ORD00636,13166.6,INR,DemoGateway,1.0,,GTX000636,13166.6,,,,,,,,,,,
PE002528,revenue_recognized,2026-08-28 09:59:41,PAY00636,CMP025,SEL017,ORD00636,1053.33,INR,DemoGateway,1.0,,,,REV00636,1053.33,platform_fee,,,,,,,,
PE002529,payment_initiated,2026-08-28 09:11:00,PAY00637,CMP026,SEL008,ORD00637,6623.2,INR,DemoGateway,1.0,card,,,,,,,,,,,,,
PE002530,payment_authorized,2026-08-28 09:11:33,PAY00637,CMP026,SEL008,ORD00637,6623.2,INR,DemoGateway,1.0,,GTX000637,,,,,,,,,,,,
PE002531,payment_captured,2026-08-28 09:12:30,PAY00637,CMP026,SEL008,ORD00637,6623.2,INR,DemoGateway,1.0,,GTX000637,6623.2,,,,,,,,,,,
PE002532,revenue_recognized,2026-08-28 09:45:30,PAY00637,CMP026,SEL008,ORD00637,529.86,INR,DemoGateway,1.0,,,,REV00637,529.86,platform_fee,,,,,,,,
PE002533,payment_initiated,2026-08-28 14:30:00,PAY00638,CMP018,SEL012,ORD00638,8937.51,INR,DemoPay,1.0,netbanking,,,,,,,,,,,,,
PE002534,payment_authorized,2026-08-28 14:30:22,PAY00638,CMP018,SEL012,ORD00638,8937.51,INR,DemoPay,1.0,,GTX000638,,,,,,,,,,,,
PE002535,payment_captured,2026-08-28 14:32:19,PAY00638,CMP018,SEL012,ORD00638,8937.51,INR,DemoPay,1.0,,GTX000638,8937.51,,,,,,,,,,,
PE002536,revenue_recognized,2026-08-28 16:13:19,PAY00638,CMP018,SEL012,ORD00638,715.0,INR,DemoPay,1.0,,,,REV00638,715.0,platform_fee,,,,,,,,
PE002537,payment_initiated,2026-08-28 17:02:00,PAY00639,CMP023,SEL012,ORD00639,1995.24,INR,DemoGateway,1.0,netbanking,,,,,,,,,,,,,
PE002538,payment_authorized,2026-08-28 17:02:08,PAY00639,CMP023,SEL012,ORD00639,1995.24,INR,DemoGateway,1.0,,GTX000639,,,,,,,,,,,,
PE002539,payment_captured,2026-08-28 17:03:41,PAY00639,CMP023,SEL012,ORD00639,1995.24,INR,DemoGateway,1.0,,GTX000639,1995.24,,,,,,,,,,,
PE002540,revenue_recognized,2026-08-28 19:01:41,PAY00639,CMP023,SEL012,ORD00639,159.62,INR,DemoGateway,1.0,,,,REV00639,159.62,platform_fee,,,,,,,,
PE002541,payment_initiated,2026-08-28 13:57:00,PAY00640,CMP018,SEL013,ORD00640,16515.3,INR,DemoGateway,1.0,netbanking,,,,,,,,,,,,,
PE002542,payment_authorized,2026-08-28 13:58:00,PAY00640,CMP018,SEL013,ORD00640,16515.3,INR,DemoGateway,1.0,,GTX000640,,,,,,,,,,,,
PE002543,payment_captured,2026-08-28 13:58:35,PAY00640,CMP018,SEL013,ORD00640,16515.3,INR,DemoGateway,1.0,,GTX000640,16515.3,,,,,,,,,,,
PE002544,revenue_recognized,2026-08-28 15:48:35,PAY00640,CMP018,SEL013,ORD00640,1321.22,INR,DemoGateway,1.0,,,,REV00640,1321.22,platform_fee,,,,,,,,
PE002545,payment_chargeback,2026-09-03 15:48:35,PAY00640,CMP018,SEL013,ORD00640,16029.11,INR,DemoGateway,1.0,,,,,,,,,,,,CB00640,16029.11,fraud_claim
PE002546,payment_initiated,2026-08-28 10:58:00,PAY00641,CMP003,SEL008,ORD00641,6444.08,INR,DemoGateway,1.0,upi,,,,,,,,,,,,,
PE002547,payment_authorized,2026-08-28 10:58:56,PAY00641,CMP003,SEL008,ORD00641,6444.08,INR,DemoGateway,1.0,,GTX000641,,,,,,,,,,,,
PE002548,payment_captured,2026-08-28 11:00:39,PAY00641,CMP003,SEL008,ORD00641,6444.08,INR,DemoGateway,1.0,,GTX000641,6444.08,,,,,,,,,,,
PE002549,revenue_recognized,2026-08-28 12:23:39,PAY00641,CMP003,SEL008,ORD00641,515.53,INR,DemoGateway,1.0,,,,REV00641,515.53,platform_fee,,,,,,,,
PE002550,payment_initiated,2026-08-28 14:59:00,PAY00642,CMP028,SEL003,ORD00642,12570.65,INR,DemoGateway,1.0,upi,,,,,,,,,,,,,
PE002551,payment_authorized,2026-08-28 14:59:57,PAY00642,CMP028,SEL003,ORD00642,12570.65,INR,DemoGateway,1.0,,GTX000642,,,,,,,,,,,,
PE002552,payment_captured,2026-08-28 15:00:14,PAY00642,CMP028,SEL003,ORD00642,12570.65,INR,DemoGateway,1.0,,GTX000642,12570.65,,,,,,,,,,,
PE002553,revenue_recognized,2026-08-28 16:46:14,PAY00642,CMP028,SEL003,ORD00642,1005.65,INR,DemoGateway,1.0,,,,REV00642,1005.65,platform_fee,,,,,,,,
PE002554,payment_initiated,2026-08-28 16:47:00,PAY00643,CMP003,SEL012,ORD00643,15649.72,INR,DemoGateway,1.0,upi,,,,,,,,,,,,,
PE002555,payment_authorized,2026-08-28 16:47:06,PAY00643,CMP003,SEL012,ORD00643,15649.72,INR,DemoGateway,1.0,,GTX000643,,,,,,,,,,,,
PE002556,payment_captured,2026-08-28 16:48:48,PAY00643,CMP003,SEL012,ORD00643,15649.72,INR,DemoGateway,1.0,,GTX000643,15649.72,,,,,,,,,,,
PE002557,revenue_recognized,2026-08-28 16:55:48,PAY00643,CMP003,SEL012,ORD00643,1251.98,INR,DemoGateway,1.0,,,,REV00643,1251.98,platform_fee,,,,,,,,
PE002558,payment_initiated,2026-08-28 18:19:00,PAY00644,CMP015,SEL005,ORD00644,10915.55,INR,DemoPay,1.0,upi,,,,,,,,,,,,,
PE002559,payment_authorized,2026-08-28 18:19:12,PAY00644,CMP015,SEL005,ORD00644,10915.55,INR,DemoPay,1.0,,GTX000644,,,,,,,,,,,,
PE002560,payment_captured,2026-08-28 18:19:37,PAY00644,CMP015,SEL005,ORD00644,10915.55,INR,DemoPay,1.0,,GTX000644,10915.55,,,,,,,,,,,
PE002561,revenue_recognized,2026-08-28 18:51:37,PAY00644,CMP015,SEL005,ORD00644,873.24,INR,DemoPay,1.0,,,,REV00644,873.24,platform_fee,,,,,,,,
PE002562,payment_initiated,2026-08-28 13:28:00,PAY00645,CMP027,SEL005,ORD00645,20127.09,INR,DemoGateway,1.0,upi,,,,,,,,,,,,,
PE002563,payment_authorized,2026-08-28 13:28:13,PAY00645,CMP027,SEL005,ORD00645,20127.09,INR,DemoGateway,1.0,,GTX000645,,,,,,,,,,,,
PE002564,payment_captured,2026-08-28 13:28:51,PAY00645,CMP027,SEL005,ORD00645,20127.09,INR,DemoGateway,1.0,,GTX000645,20127.09,,,,,,,,,,,
PE002565,revenue_recognized,2026-08-28 13:51:51,PAY00645,CMP027,SEL005,ORD00645,1610.17,INR,DemoGateway,1.0,,,,REV00645,1610.17,platform_fee,,,,,,,,
PE002566,payment_initiated,2026-08-28 13:11:00,PAY00646,CMP026,SEL010,ORD00646,3483.38,INR,DemoPay,1.0,upi,,,,,,,,,,,,,
PE002567,payment_authorized,2026-08-28 13:11:58,PAY00646,CMP026,SEL010,ORD00646,3483.38,INR,DemoPay,1.0,,GTX000646,,,,,,,,,,,,
PE002568,payment_captured,2026-08-28 13:13:56,PAY00646,CMP026,SEL010,ORD00646,3483.38,INR,DemoPay,1.0,,GTX000646,3483.38,,,,,,,,,,,
PE002569,revenue_recognized,2026-08-28 14:27:56,PAY00646,CMP026,SEL010,ORD00646,278.67,INR,DemoPay,1.0,,,,REV00646,278.67,platform_fee,,,,,,,,
PE002570,payment_initiated,2026-08-28 15:12:00,PAY00647,CMP030,SEL018,ORD00647,22810.85,INR,DemoPay,1.0,upi,,,,,,,,,,,,,
PE002571,payment_authorized,2026-08-28 15:12:15,PAY00647,CMP030,SEL018,ORD00647,22810.85,INR,DemoPay,1.0,,GTX000647,,,,,,,,,,,,
PE002572,payment_captured,2026-08-28 15:12:26,PAY00647,CMP030,SEL018,ORD00647,22810.85,INR,DemoPay,1.0,,GTX000647,22810.85,,,,,,,,,,,
PE002573,revenue_recognized,2026-08-28 16:04:26,PAY00647,CMP030,SEL018,ORD00647,1824.87,INR,DemoPay,1.0,,,,REV00647,1824.87,platform_fee,,,,,,,,
PE002574,payment_initiated,2026-08-28 17:07:00,PAY00648,CMP005,SEL003,ORD00648,5497.89,INR,DemoGateway,1.0,card,,,,,,,,,,,,,
PE002575,payment_authorized,2026-08-28 17:07:32,PAY00648,CMP005,SEL003,ORD00648,5497.89,INR,DemoGateway,1.0,,GTX000648,,,,,,,,,,,,
PE002576,payment_captured,2026-08-28 17:09:15,PAY00648,CMP005,SEL003,ORD00648,5497.89,INR,DemoGateway,1.0,,GTX000648,5497.89,,,,,,,,,,,
PE002577,revenue_recognized,2026-08-28 19:07:15,PAY00648,CMP005,SEL003,ORD00648,439.83,INR,DemoGateway,1.0,,,,REV00648,439.83,platform_fee,,,,,,,,
PE002578,payment_initiated,2026-08-28 11:55:00,PAY00649,CMP016,SEL004,ORD00649,18268.75,INR,DemoPay,1.0,upi,,,,,,,,,,,,,
PE002579,payment_authorized,2026-08-28 11:55:36,PAY00649,CMP016,SEL004,ORD00649,18268.75,INR,DemoPay,1.0,,GTX000649,,,,,,,,,,,,
PE002580,payment_captured,2026-08-28 11:56:29,PAY00649,CMP016,SEL004,ORD00649,18268.75,INR,DemoPay,1.0,,GTX000649,18268.75,,,,,,,,,,,
PE002581,revenue_recognized,2026-08-28 12:13:29,PAY00649,CMP016,SEL004,ORD00649,1461.5,INR,DemoPay,1.0,,,,REV00649,1461.5,platform_fee,,,,,,,,
PE002582,payment_initiated,2026-08-28 14:50:00,PAY00650,CMP007,SEL010,ORD00650,11330.78,INR,DemoPay,1.0,card,,,,,,,,,,,,,
PE002583,payment_failed,2026-08-28 14:50:43,PAY00650,CMP007,SEL010,ORD00650,11330.78,INR,DemoPay,1.0,,,,,,,,,,DECLINED,demo_failure,,,
PE002584,payment_initiated,2026-08-29 18:29:00,PAY00651,CMP030,SEL008,ORD00651,15198.22,INR,DemoGateway,1.0,card,,,,,,,,,,,,,
PE002585,payment_failed,2026-08-29 18:29:27,PAY00651,CMP030,SEL008,ORD00651,15198.22,INR,DemoGateway,1.0,,,,,,,,,,TIMEOUT,demo_failure,,,
PE002586,payment_initiated,2026-08-29 14:47:00,PAY00652,CMP023,SEL013,ORD00652,18263.39,INR,DemoPay,1.0,netbanking,,,,,,,,,,,,,
PE002587,payment_authorized,2026-08-29 14:47:11,PAY00652,CMP023,SEL013,ORD00652,18263.39,INR,DemoPay,1.0,,GTX000652,,,,,,,,,,,,
PE002588,payment_captured,2026-08-29 14:48:27,PAY00652,CMP023,SEL013,ORD00652,18263.39,INR,DemoPay,1.0,,GTX000652,18263.39,,,,,,,,,,,
PE002589,revenue_recognized,2026-08-29 14:56:27,PAY00652,CMP023,SEL013,ORD00652,1461.07,INR,DemoPay,1.0,,,,REV00652,1461.07,platform_fee,,,,,,,,
PE002590,payment_refunded,2026-09-02 14:56:27,PAY00652,CMP023,SEL013,ORD00652,17319.14,INR,DemoPay,1.0,,,,,,,REF00652,17319.14,order_cancelled,,,,,
PE002591,payment_initiated,2026-08-29 16:39:00,PAY00653,CMP022,SEL020,ORD00653,1625.98,INR,DemoPay,1.0,upi,,,,,,,,,,,,,
PE002592,payment_authorized,2026-08-29 16:39:30,PAY00653,CMP022,SEL020,ORD00653,1625.98,INR,DemoPay,1.0,,GTX000653,,,,,,,,,,,,
PE002593,payment_captured,2026-08-29 16:41:00,PAY00653,CMP022,SEL020,ORD00653,1625.98,INR,DemoPay,1.0,,GTX000653,1625.98,,,,,,,,,,,
PE002594,revenue_recognized,2026-08-29 17:29:00,PAY00653,CMP022,SEL020,ORD00653,130.08,INR,DemoPay,1.0,,,,REV00653,130.08,platform_fee,,,,,,,,
PE002595,payment_initiated,2026-08-29 16:31:00,PAY00654,CMP002,SEL019,ORD00654,7616.85,INR,DemoPay,1.0,upi,,,,,,,,,,,,,
PE002596,payment_authorized,2026-08-29 16:31:13,PAY00654,CMP002,SEL019,ORD00654,7616.85,INR,DemoPay,1.0,,GTX000654,,,,,,,,,,,,
PE002597,payment_captured,2026-08-29 16:31:29,PAY00654,CMP002,SEL019,ORD00654,7616.85,INR,DemoPay,1.0,,GTX000654,7616.85,,,,,,,,,,,
PE002598,revenue_recognized,2026-08-29 17:12:29,PAY00654,CMP002,SEL019,ORD00654,609.35,INR,DemoPay,1.0,,,,REV00654,609.35,platform_fee,,,,,,,,
PE002599,payment_initiated,2026-08-29 10:31:00,PAY00655,CMP009,SEL004,ORD00655,2537.81,INR,DemoGateway,1.0,upi,,,,,,,,,,,,,
PE002600,payment_authorized,2026-08-29 10:31:32,PAY00655,CMP009,SEL004,ORD00655,2537.81,INR,DemoGateway,1.0,,GTX000655,,,,,,,,,,,,
PE002601,payment_captured,2026-08-29 10:32:13,PAY00655,CMP009,SEL004,ORD00655,2537.81,INR,DemoGateway,1.0,,GTX000655,2537.81,,,,,,,,,,,
PE002602,revenue_recognized,2026-08-29 12:28:13,PAY00655,CMP009,SEL004,ORD00655,203.02,INR,DemoGateway,1.0,,,,REV00655,203.02,platform_fee,,,,,,,,
PE002603,payment_initiated,2026-08-29 10:20:00,PAY00656,CMP025,SEL009,ORD00656,11740.72,INR,DemoGateway,1.0,netbanking,,,,,,,,,,,,,
PE002604,payment_authorized,2026-08-29 10:20:53,PAY00656,CMP025,SEL009,ORD00656,11740.72,INR,DemoGateway,1.0,,GTX000656,,,,,,,,,,,,
PE002605,payment_captured,2026-08-29 10:21:17,PAY00656,CMP025,SEL009,ORD00656,11740.72,INR,DemoGateway,1.0,,GTX000656,11740.72,,,,,,,,,,,
PE002606,revenue_recognized,2026-08-29 11:33:17,PAY00656,CMP025,SEL009,ORD00656,939.26,INR,DemoGateway,1.0,,,,REV00656,939.26,platform_fee,,,,,,,,
PE002607,payment_initiated,2026-08-29 08:14:00,PAY00657,CMP026,SEL015,ORD00657,5939.62,INR,DemoPay,1.0,card,,,,,,,,,,,,,
PE002608,payment_failed,2026-08-29 08:14:43,PAY00657,CMP026,SEL015,ORD00657,5939.62,INR,DemoPay,1.0,,,,,,,,,,DECLINED,demo_failure,,,
PE002609,payment_initiated,2026-08-29 15:02:00,PAY00658,CMP023,SEL015,ORD00658,4226.57,INR,DemoGateway,1.0,upi,,,,,,,,,,,,,
PE002610,payment_authorized,2026-08-29 15:02:50,PAY00658,CMP023,SEL015,ORD00658,4226.57,INR,DemoGateway,1.0,,GTX000658,,,,,,,,,,,,
PE002611,payment_captured,2026-08-29 15:04:06,PAY00658,CMP023,SEL015,ORD00658,4226.57,INR,DemoGateway,1.0,,GTX000658,4226.57,,,,,,,,,,,
PE002612,revenue_recognized,2026-08-29 16:07:06,PAY00658,CMP023,SEL015,ORD00658,338.13,INR,DemoGateway,1.0,,,,REV00658,338.13,platform_fee,,,,,,,,
PE002613,payment_initiated,2026-08-29 11:55:00,PAY00659,CMP024,SEL005,ORD00659,9715.7,INR,DemoPay,1.0,upi,,,,,,,,,,,,,
PE002614,payment_authorized,2026-08-29 11:55:15,PAY00659,CMP024,SEL005,ORD00659,9715.7,INR,DemoPay,1.0,,GTX000659,,,,,,,,,,,,
PE002615,payment_captured,2026-08-29 11:56:55,PAY00659,CMP024,SEL005,ORD00659,9715.7,INR,DemoPay,1.0,,GTX000659,9715.7,,,,,,,,,,,
PE002616,revenue_recognized,2026-08-29 13:02:55,PAY00659,CMP024,SEL005,ORD00659,777.26,INR,DemoPay,1.0,,,,REV00659,777.26,platform_fee,,,,,,,,
PE002617,payment_initiated,2026-08-29 08:33:00,PAY00660,CMP022,SEL019,ORD00660,15213.36,INR,DemoPay,1.0,netbanking,,,,,,,,,,,,,
PE002618,payment_authorized,2026-08-29 08:33:09,PAY00660,CMP022,SEL019,ORD00660,15213.36,INR,DemoPay,1.0,,GTX000660,,,,,,,,,,,,
PE002619,payment_captured,2026-08-29 08:33:45,PAY00660,CMP022,SEL019,ORD00660,15213.36,INR,DemoPay,1.0,,GTX000660,15213.36,,,,,,,,,,,
PE002620,revenue_recognized,2026-08-29 10:12:45,PAY00660,CMP022,SEL019,ORD00660,1217.07,INR,DemoPay,1.0,,,,REV00660,1217.07,platform_fee,,,,,,,,
PE002621,payment_initiated,2026-08-29 18:07:00,PAY00661,CMP011,SEL001,ORD00661,17510.84,INR,DemoGateway,1.0,upi,,,,,,,,,,,,,
PE002622,payment_authorized,2026-08-29 18:07:11,PAY00661,CMP011,SEL001,ORD00661,17510.84,INR,DemoGateway,1.0,,GTX000661,,,,,,,,,,,,
PE002623,payment_captured,2026-08-29 18:09:03,PAY00661,CMP011,SEL001,ORD00661,17510.84,INR,DemoGateway,1.0,,GTX000661,17510.84,,,,,,,,,,,
PE002624,revenue_recognized,2026-08-29 18:51:03,PAY00661,CMP011,SEL001,ORD00661,1400.87,INR,DemoGateway,1.0,,,,REV00661,1400.87,platform_fee,,,,,,,,
PE002625,payment_initiated,2026-08-29 12:38:00,PAY00662,CMP027,SEL016,ORD00662,16266.38,INR,DemoGateway,1.0,netbanking,,,,,,,,,,,,,
PE002626,payment_failed,2026-08-29 12:38:15,PAY00662,CMP027,SEL016,ORD00662,16266.38,INR,DemoGateway,1.0,,,,,,,,,,INSUFFICIENT_FUNDS,demo_failure,,,
PE002627,payment_initiated,2026-08-29 17:08:00,PAY00663,CMP020,SEL015,ORD00663,23764.33,INR,DemoGateway,1.0,card,,,,,,,,,,,,,
PE002628,payment_authorized,2026-08-29 17:08:56,PAY00663,CMP020,SEL015,ORD00663,23764.33,INR,DemoGateway,1.0,,GTX000663,,,,,,,,,,,,
PE002629,payment_captured,2026-08-29 17:10:23,PAY00663,CMP020,SEL015,ORD00663,23764.33,INR,DemoGateway,1.0,,GTX000663,23764.33,,,,,,,,,,,
PE002630,revenue_recognized,2026-08-29 17:47:23,PAY00663,CMP020,SEL015,ORD00663,1901.15,INR,DemoGateway,1.0,,,,REV00663,1901.15,platform_fee,,,,,,,,
PE002631,payment_initiated,2026-08-29 12:11:00,PAY00664,CMP003,SEL018,ORD00664,3674.95,INR,DemoGateway,1.0,card,,,,,,,,,,,,,
PE002632,payment_authorized,2026-08-29 12:12:00,PAY00664,CMP003,SEL018,ORD00664,3674.95,INR,DemoGateway,1.0,,GTX000664,,,,,,,,,,,,
PE002633,payment_captured,2026-08-29 12:12:56,PAY00664,CMP003,SEL018,ORD00664,3674.95,INR,DemoGateway,1.0,,GTX000664,3674.95,,,,,,,,,,,
PE002634,revenue_recognized,2026-08-29 12:24:56,PAY00664,CMP003,SEL018,ORD00664,294.0,INR,DemoGateway,1.0,,,,REV00664,294.0,platform_fee,,,,,,,,
PE002635,payment_refunded,2026-09-02 12:24:56,PAY00664,CMP003,SEL018,ORD00664,1492.64,INR,DemoGateway,1.0,,,,,,,REF00664,1492.64,order_cancelled,,,,,
PE002636,payment_initiated,2026-08-29 14:47:00,PAY00665,CMP025,SEL005,ORD00665,8515.85,INR,DemoPay,1.0,upi,,,,,,,,,,,,,
PE002637,payment_authorized,2026-08-29 14:47:43,PAY00665,CMP025,SEL005,ORD00665,8515.85,INR,DemoPay,1.0,,GTX000665,,,,,,,,,,,,
PE002638,payment_captured,2026-08-29 14:48:04,PAY00665,CMP025,SEL005,ORD00665,8515.85,INR,DemoPay,1.0,,GTX000665,8515.85,,,,,,,,,,,
PE002639,revenue_recognized,2026-08-29 15:34:04,PAY00665,CMP025,SEL005,ORD00665,681.27,INR,DemoPay,1.0,,,,REV00665,681.27,platform_fee,,,,,,,,
PE002640,payment_initiated,2026-08-29 14:30:00,PAY00666,CMP017,SEL007,ORD00666,11967.9,INR,DemoGateway,1.0,upi,,,,,,,,,,,,,
PE002641,payment_authorized,2026-08-29 14:30:32,PAY00666,CMP017,SEL007,ORD00666,11967.9,INR,DemoGateway,1.0,,GTX000666,,,,,,,,,,,,
PE002642,payment_captured,2026-08-29 14:30:48,PAY00666,CMP017,SEL007,ORD00666,11967.9,INR,DemoGateway,1.0,,GTX000666,11967.9,,,,,,,,,,,
PE002643,revenue_recognized,2026-08-29 16:07:48,PAY00666,CMP017,SEL007,ORD00666,957.43,INR,DemoGateway,1.0,,,,REV00666,957.43,platform_fee,,,,,,,,
PE002644,payment_initiated,2026-08-29 16:21:00,PAY00667,CMP006,SEL014,ORD00667,3684.27,INR,DemoGateway,1.0,upi,,,,,,,,,,,,,
PE002645,payment_authorized,2026-08-29 16:21:46,PAY00667,CMP006,SEL014,ORD00667,3684.27,INR,DemoGateway,1.0,,GTX000667,,,,,,,,,,,,
PE002646,payment_captured,2026-08-29 16:23:18,PAY00667,CMP006,SEL014,ORD00667,3684.27,INR,DemoGateway,1.0,,GTX000667,3684.27,,,,,,,,,,,
PE002647,revenue_recognized,2026-08-29 17:55:18,PAY00667,CMP006,SEL014,ORD00667,294.74,INR,DemoGateway,1.0,,,,REV00667,294.74,platform_fee,,,,,,,,
PE002648,payment_initiated,2026-08-29 14:05:00,PAY00668,CMP021,SEL017,ORD00668,8331.52,INR,DemoPay,1.0,upi,,,,,,,,,,,,,
PE002649,payment_authorized,2026-08-29 14:05:13,PAY00668,CMP021,SEL017,ORD00668,8331.52,INR,DemoPay,1.0,,GTX000668,,,,,,,,,,,,
PE002650,payment_captured,2026-08-29 14:06:45,PAY00668,CMP021,SEL017,ORD00668,8331.52,INR,DemoPay,1.0,,GTX000668,8331.52,,,,,,,,,,,
PE002651,revenue_recognized,2026-08-29 16:02:45,PAY00668,CMP021,SEL017,ORD00668,666.52,INR,DemoPay,1.0,,,,REV00668,666.52,platform_fee,,,,,,,,
PE002652,payment_initiated,2026-08-29 08:32:00,PAY00669,CMP014,SEL010,ORD00669,14448.37,INR,DemoPay,1.0,card,,,,,,,,,,,,,
PE002653,payment_authorized,2026-08-29 08:32:31,PAY00669,CMP014,SEL010,ORD00669,14448.37,INR,DemoPay,1.0,,GTX000669,,,,,,,,,,,,
PE002654,payment_captured,2026-08-29 08:32:48,PAY00669,CMP014,SEL010,ORD00669,14448.37,INR,DemoPay,1.0,,GTX000669,14448.37,,,,,,,,,,,
PE002655,revenue_recognized,2026-08-29 09:32:48,PAY00669,CMP014,SEL010,ORD00669,1155.87,INR,DemoPay,1.0,,,,REV00669,1155.87,platform_fee,,,,,,,,
PE002656,payment_initiated,2026-08-30 08:07:00,PAY00670,CMP012,SEL009,ORD00670,19563.2,INR,DemoPay,1.0,netbanking,,,,,,,,,,,,,
PE002657,payment_authorized,2026-08-30 08:07:16,PAY00670,CMP012,SEL009,ORD00670,19563.2,INR,DemoPay,1.0,,GTX000670,,,,,,,,,,,,
PE002658,payment_captured,2026-08-30 08:09:01,PAY00670,CMP012,SEL009,ORD00670,19563.2,INR,DemoPay,1.0,,GTX000670,19563.2,,,,,,,,,,,
PE002659,revenue_recognized,2026-08-30 08:33:01,PAY00670,CMP012,SEL009,ORD00670,1565.06,INR,DemoPay,1.0,,,,REV00670,1565.06,platform_fee,,,,,,,,
PE002660,payment_initiated,2026-08-30 15:48:00,PAY00671,CMP014,SEL010,ORD00671,15299.4,INR,DemoGateway,1.0,netbanking,,,,,,,,,,,,,
PE002661,payment_authorized,2026-08-30 15:48:56,PAY00671,CMP014,SEL010,ORD00671,15299.4,INR,DemoGateway,1.0,,GTX000671,,,,,,,,,,,,
PE002662,payment_captured,2026-08-30 15:49:34,PAY00671,CMP014,SEL010,ORD00671,15299.4,INR,DemoGateway,1.0,,GTX000671,15299.4,,,,,,,,,,,
PE002663,revenue_recognized,2026-08-30 16:33:34,PAY00671,CMP014,SEL010,ORD00671,1223.95,INR,DemoGateway,1.0,,,,REV00671,1223.95,platform_fee,,,,,,,,
PE002664,payment_initiated,2026-08-30 17:16:00,PAY00672,CMP006,SEL007,ORD00672,3338.18,INR,DemoPay,1.0,netbanking,,,,,,,,,,,,,
PE002665,payment_authorized,2026-08-30 17:16:39,PAY00672,CMP006,SEL007,ORD00672,3338.18,INR,DemoPay,1.0,,GTX000672,,,,,,,,,,,,
PE002666,payment_captured,2026-08-30 17:16:46,PAY00672,CMP006,SEL007,ORD00672,3338.18,INR,DemoPay,1.0,,GTX000672,3338.18,,,,,,,,,,,
PE002667,revenue_recognized,2026-08-30 17:17:46,PAY00672,CMP006,SEL007,ORD00672,267.05,INR,DemoPay,1.0,,,,REV00672,267.05,platform_fee,,,,,,,,
PE002668,payment_chargeback,2026-09-08 17:17:46,PAY00672,CMP006,SEL007,ORD00672,2476.43,INR,DemoPay,1.0,,,,,,,,,,,,CB00672,2476.43,duplicate_payment
PE002669,payment_initiated,2026-08-30 17:23:00,PAY00673,CMP013,SEL020,ORD00673,8615.8,INR,DemoGateway,1.0,netbanking,,,,,,,,,,,,,
PE002670,payment_authorized,2026-08-30 17:23:49,PAY00673,CMP013,SEL020,ORD00673,8615.8,INR,DemoGateway,1.0,,GTX000673,,,,,,,,,,,,
PE002671,payment_captured,2026-08-30 17:25:20,PAY00673,CMP013,SEL020,ORD00673,8615.8,INR,DemoGateway,1.0,,GTX000673,8615.8,,,,,,,,,,,
PE002672,revenue_recognized,2026-08-30 18:16:20,PAY00673,CMP013,SEL020,ORD00673,689.26,INR,DemoGateway,1.0,,,,REV00673,689.26,platform_fee,,,,,,,,
PE002673,payment_initiated,2026-08-30 08:44:00,PAY00674,CMP005,SEL001,ORD00674,4129.94,INR,DemoPay,1.0,card,,,,,,,,,,,,,
PE002674,payment_authorized,2026-08-30 08:44:18,PAY00674,CMP005,SEL001,ORD00674,4129.94,INR,DemoPay,1.0,,GTX000674,,,,,,,,,,,,
PE002675,payment_captured,2026-08-30 08:45:24,PAY00674,CMP005,SEL001,ORD00674,4129.94,INR,DemoPay,1.0,,GTX000674,4129.94,,,,,,,,,,,
PE002676,revenue_recognized,2026-08-30 10:09:24,PAY00674,CMP005,SEL001,ORD00674,330.4,INR,DemoPay,1.0,,,,REV00674,330.4,platform_fee,,,,,,,,
PE002677,payment_initiated,2026-08-30 15:09:00,PAY00675,CMP027,SEL018,ORD00675,3523.2,INR,DemoPay,1.0,upi,,,,,,,,,,,,,
PE002678,payment_authorized,2026-08-30 15:09:12,PAY00675,CMP027,SEL018,ORD00675,3523.2,INR,DemoPay,1.0,,GTX000675,,,,,,,,,,,,
PE002679,payment_captured,2026-08-30 15:09:38,PAY00675,CMP027,SEL018,ORD00675,3523.2,INR,DemoPay,1.0,,GTX000675,3523.2,,,,,,,,,,,
PE002680,revenue_recognized,2026-08-30 17:05:38,PAY00675,CMP027,SEL018,ORD00675,281.86,INR,DemoPay,1.0,,,,REV00675,281.86,platform_fee,,,,,,,,
PE002681,payment_initiated,2026-08-30 17:15:00,PAY00676,CMP016,SEL016,ORD00676,21705.22,INR,DemoPay,1.0,card,,,,,,,,,,,,,
PE002682,payment_authorized,2026-08-30 17:15:58,PAY00676,CMP016,SEL016,ORD00676,21705.22,INR,DemoPay,1.0,,GTX000676,,,,,,,,,,,,
PE002683,payment_captured,2026-08-30 17:17:49,PAY00676,CMP016,SEL016,ORD00676,21705.22,INR,DemoPay,1.0,,GTX000676,21705.22,,,,,,,,,,,
PE002684,revenue_recognized,2026-08-30 18:08:49,PAY00676,CMP016,SEL016,ORD00676,1736.42,INR,DemoPay,1.0,,,,REV00676,1736.42,platform_fee,,,,,,,,
PE002685,payment_refunded,2026-09-03 18:08:49,PAY00676,CMP016,SEL016,ORD00676,5554.49,INR,DemoPay,1.0,,,,,,,REF00676,5554.49,order_cancelled,,,,,
PE002686,payment_initiated,2026-08-30 14:31:00,PAY00677,CMP024,SEL019,ORD00677,2369.9,INR,DemoGateway,1.0,netbanking,,,,,,,,,,,,,
PE002687,payment_authorized,2026-08-30 14:31:44,PAY00677,CMP024,SEL019,ORD00677,2369.9,INR,DemoGateway,1.0,,GTX000677,,,,,,,,,,,,
PE002688,payment_captured,2026-08-30 14:33:15,PAY00677,CMP024,SEL019,ORD00677,2369.9,INR,DemoGateway,1.0,,GTX000677,2369.9,,,,,,,,,,,
PE002689,revenue_recognized,2026-08-30 16:29:15,PAY00677,CMP024,SEL019,ORD00677,189.59,INR,DemoGateway,1.0,,,,REV00677,189.59,platform_fee,,,,,,,,
PE002690,payment_initiated,2026-08-30 13:35:00,PAY00678,CMP023,SEL002,ORD00678,11417.11,INR,DemoPay,1.0,card,,,,,,,,,,,,,
PE002691,payment_authorized,2026-08-30 13:35:46,PAY00678,CMP023,SEL002,ORD00678,11417.11,INR,DemoPay,1.0,,GTX000678,,,,,,,,,,,,
PE002692,payment_captured,2026-08-30 13:36:44,PAY00678,CMP023,SEL002,ORD00678,11417.11,INR,DemoPay,1.0,,GTX000678,11417.11,,,,,,,,,,,
PE002693,revenue_recognized,2026-08-30 15:30:44,PAY00678,CMP023,SEL002,ORD00678,913.37,INR,DemoPay,1.0,,,,REV00678,913.37,platform_fee,,,,,,,,
PE002694,payment_initiated,2026-08-30 08:10:00,PAY00679,CMP021,SEL012,ORD00679,17891.59,INR,DemoGateway,1.0,upi,,,,,,,,,,,,,
PE002695,payment_authorized,2026-08-30 08:10:35,PAY00679,CMP021,SEL012,ORD00679,17891.59,INR,DemoGateway,1.0,,GTX000679,,,,,,,,,,,,
PE002696,payment_captured,2026-08-30 08:11:24,PAY00679,CMP021,SEL012,ORD00679,17891.59,INR,DemoGateway,1.0,,GTX000679,17891.59,,,,,,,,,,,
PE002697,revenue_recognized,2026-08-30 09:08:24,PAY00679,CMP021,SEL012,ORD00679,1431.33,INR,DemoGateway,1.0,,,,REV00679,1431.33,platform_fee,,,,,,,,
PE002698,payment_initiated,2026-08-30 12:46:00,PAY00680,CMP030,SEL011,ORD00680,4582.23,INR,DemoGateway,1.0,netbanking,,,,,,,,,,,,,
PE002699,payment_authorized,2026-08-30 12:46:31,PAY00680,CMP030,SEL011,ORD00680,4582.23,INR,DemoGateway,1.0,,GTX000680,,,,,,,,,,,,
PE002700,payment_captured,2026-08-30 12:48:22,PAY00680,CMP030,SEL011,ORD00680,4582.23,INR,DemoGateway,1.0,,GTX000680,4582.23,,,,,,,,,,,
PE002701,revenue_recognized,2026-08-30 14:15:22,PAY00680,CMP030,SEL011,ORD00680,366.58,INR,DemoGateway,1.0,,,,REV00680,366.58,platform_fee,,,,,,,,
PE002702,payment_initiated,2026-08-30 09:42:00,PAY00681,CMP016,SEL006,ORD00681,8137.74,INR,DemoPay,1.0,upi,,,,,,,,,,,,,
PE002703,payment_authorized,2026-08-30 09:42:17,PAY00681,CMP016,SEL006,ORD00681,8137.74,INR,DemoPay,1.0,,GTX000681,,,,,,,,,,,,
PE002704,payment_captured,2026-08-30 09:42:42,PAY00681,CMP016,SEL006,ORD00681,8137.74,INR,DemoPay,1.0,,GTX000681,8137.74,,,,,,,,,,,
PE002705,revenue_recognized,2026-08-30 11:00:42,PAY00681,CMP016,SEL006,ORD00681,651.02,INR,DemoPay,1.0,,,,REV00681,651.02,platform_fee,,,,,,,,
PE002706,payment_initiated,2026-08-30 08:01:00,PAY00682,CMP016,SEL010,ORD00682,6421.67,INR,DemoPay,1.0,upi,,,,,,,,,,,,,
PE002707,payment_authorized,2026-08-30 08:01:27,PAY00682,CMP016,SEL010,ORD00682,6421.67,INR,DemoPay,1.0,,GTX000682,,,,,,,,,,,,
PE002708,payment_captured,2026-08-30 08:02:58,PAY00682,CMP016,SEL010,ORD00682,6421.67,INR,DemoPay,1.0,,GTX000682,6421.67,,,,,,,,,,,
PE002709,revenue_recognized,2026-08-30 08:23:58,PAY00682,CMP016,SEL010,ORD00682,513.73,INR,DemoPay,1.0,,,,REV00682,513.73,platform_fee,,,,,,,,
PE002710,payment_initiated,2026-08-30 09:39:00,PAY00683,CMP017,SEL002,ORD00683,9436.77,INR,DemoPay,1.0,card,,,,,,,,,,,,,
PE002711,payment_authorized,2026-08-30 09:39:19,PAY00683,CMP017,SEL002,ORD00683,9436.77,INR,DemoPay,1.0,,GTX000683,,,,,,,,,,,,
PE002712,payment_captured,2026-08-30 09:40:26,PAY00683,CMP017,SEL002,ORD00683,9436.77,INR,DemoPay,1.0,,GTX000683,9436.77,,,,,,,,,,,
PE002713,revenue_recognized,2026-08-30 10:14:26,PAY00683,CMP017,SEL002,ORD00683,754.94,INR,DemoPay,1.0,,,,REV00683,754.94,platform_fee,,,,,,,,
PE002714,payment_initiated,2026-08-30 16:38:00,PAY00684,CMP025,SEL002,ORD00684,22563.47,INR,DemoGateway,1.0,netbanking,,,,,,,,,,,,,
PE002715,payment_authorized,2026-08-30 16:38:08,PAY00684,CMP025,SEL002,ORD00684,22563.47,INR,DemoGateway,1.0,,GTX000684,,,,,,,,,,,,
PE002716,payment_captured,2026-08-30 16:39:09,PAY00684,CMP025,SEL002,ORD00684,22563.47,INR,DemoGateway,1.0,,GTX000684,22563.47,,,,,,,,,,,
PE002717,revenue_recognized,2026-08-30 18:22:09,PAY00684,CMP025,SEL002,ORD00684,1805.08,INR,DemoGateway,1.0,,,,REV00684,1805.08,platform_fee,,,,,,,,
PE002718,payment_initiated,2026-08-30 08:32:00,PAY00685,CMP004,SEL004,ORD00685,20854.84,INR,DemoPay,1.0,card,,,,,,,,,,,,,
PE002719,payment_authorized,2026-08-30 08:32:12,PAY00685,CMP004,SEL004,ORD00685,20854.84,INR,DemoPay,1.0,,GTX000685,,,,,,,,,,,,
PE002720,payment_captured,2026-08-30 08:34:08,PAY00685,CMP004,SEL004,ORD00685,20854.84,INR,DemoPay,1.0,,GTX000685,20854.84,,,,,,,,,,,
PE002721,revenue_recognized,2026-08-30 09:01:08,PAY00685,CMP004,SEL004,ORD00685,1668.39,INR,DemoPay,1.0,,,,REV00685,1668.39,platform_fee,,,,,,,,
